2026-02-18T13:13:09.2966431Z     'Content-Type': 'application/json; charset=utf-8'
2026-02-18T13:13:09.2966455Z     'Server': 'Microsoft-HTTPAPI/2.0'
2026-02-18T13:13:09.2966480Z     'Strict-Transport-Security': 'REDACTED'
2026-02-18T13:13:09.2966503Z     'X-Content-Type-Options': 'REDACTED'
2026-02-18T13:13:09.2966529Z     'Date': 'Wed, 18 Feb 2026 13:13:08 GMT'
2026-02-18T13:13:09.2972708Z 2026-02-18 13:13:09,296 - azure.monitor.opentelemetry.exporter.export._base - INFO - Transmission succeeded: Item received: 3. Items accepted: 3
2026-02-18T13:13:10.3795488Z 2026-02-18 13:13:10,379 - azure.core.pipeline.policies.http_logging_policy - INFO - Request URL: 'https://westus2-2.in.applicationinsights.azure.com//v2.1/track'
2026-02-18T13:13:10.3795806Z Request method: 'POST'
2026-02-18T13:13:10.3795835Z Request headers:
2026-02-18T13:13:10.3795856Z     'Content-Type': 'application/json'
2026-02-18T13:13:10.3795875Z     'Content-Length': '3720'
2026-02-18T13:13:10.3795895Z     'Accept': 'application/json'
2026-02-18T13:13:10.3795917Z     'x-ms-client-request-id': '92ab4fc0-0ccb-11f1-b119-96dd9b170a45'
2026-02-18T13:13:10.3795945Z     'User-Agent': 'azsdk-python-azuremonitorclient/unknown Python/3.11.14 (Linux-6.6.119.3-1.azl3-x86_64-with-glibc2.31)'
2026-02-18T13:13:10.3795974Z A body is sent with the request
2026-02-18T13:13:10.5216039Z 2026-02-18 13:13:10,521 - azure.core.pipeline.policies.http_logging_policy - INFO - Response status: 200
2026-02-18T13:13:10.5216723Z Response headers:
2026-02-18T13:13:10.5216759Z     'Transfer-Encoding': 'chunked'
2026-02-18T13:13:10.5216780Z     'Content-Type': 'application/json; charset=utf-8'
2026-02-18T13:13:10.5216800Z     'Server': 'Microsoft-HTTPAPI/2.0'
2026-02-18T13:13:10.5216820Z     'Strict-Transport-Security': 'REDACTED'
2026-02-18T13:13:10.5216842Z     'X-Content-Type-Options': 'REDACTED'
2026-02-18T13:13:10.5216862Z     'Date': 'Wed, 18 Feb 2026 13:13:10 GMT'
2026-02-18T13:13:10.5222540Z 2026-02-18 13:13:10,521 - azure.monitor.opentelemetry.exporter.export._base - INFO - Transmission succeeded: Item received: 3. Items accepted: 3
2026-02-18T13:13:14.2991204Z 2026-02-18 13:13:14,298 - azure.core.pipeline.policies.http_logging_policy - INFO - Request URL: 'https://westus2-2.in.applicationinsights.azure.com//v2.1/track'
2026-02-18T13:13:14.2991597Z Request method: 'POST'
2026-02-18T13:13:14.2991696Z Request headers:
2026-02-18T13:13:14.2991723Z     'Content-Type': 'application/json'
2026-02-18T13:13:14.2991750Z     'Content-Length': '3720'
2026-02-18T13:13:14.2991778Z     'Accept': 'application/json'
2026-02-18T13:13:14.2991805Z     'x-ms-client-request-id': '950166f6-0ccb-11f1-9d9d-96dd9b170a45'
2026-02-18T13:13:14.2991834Z     'User-Agent': 'azsdk-python-azuremonitorclient/unknown Python/3.11.14 (Linux-6.6.119.3-1.azl3-x86_64-with-glibc2.31)'
2026-02-18T13:13:14.2991859Z A body is sent with the request
2026-02-18T13:13:14.3618282Z 2026-02-18 13:13:14,361 - azure.core.pipeline.policies.http_logging_policy - INFO - Response status: 200
2026-02-18T13:13:14.3618622Z Response headers:
2026-02-18T13:13:14.3618657Z     'Transfer-Encoding': 'chunked'
2026-02-18T13:13:14.3618682Z     'Content-Type': 'application/json; charset=utf-8'
2026-02-18T13:13:14.3618748Z     'Server': 'Microsoft-HTTPAPI/2.0'
2026-02-18T13:13:14.3618766Z     'Strict-Transport-Security': 'REDACTED'
2026-02-18T13:13:14.3618786Z     'X-Content-Type-Options': 'REDACTED'
2026-02-18T13:13:14.3618805Z     'Date': 'Wed, 18 Feb 2026 13:13:13 GMT'
2026-02-18T13:13:14.3621672Z 2026-02-18 13:13:14,362 - azure.monitor.opentelemetry.exporter.export._base - INFO - Transmission succeeded: Item received: 3. Items accepted: 3
2026-02-18T13:13:15.5237918Z 2026-02-18 13:13:15,523 - azure.core.pipeline.policies.http_logging_policy - INFO - Request URL: 'https://westus2-2.in.applicationinsights.azure.com//v2.1/track'
2026-02-18T13:13:15.5238545Z Request method: 'POST'
2026-02-18T13:13:15.5238579Z Request headers:
2026-02-18T13:13:15.5238602Z     'Content-Type': 'application/json'
2026-02-18T13:13:15.5238626Z     'Content-Length': '3720'
2026-02-18T13:13:15.5238720Z     'Accept': 'application/json'
2026-02-18T13:13:15.5238744Z     'x-ms-client-request-id': '95bc457a-0ccb-11f1-b119-96dd9b170a45'
2026-02-18T13:13:15.5238770Z     'User-Agent': 'azsdk-python-azuremonitorclient/unknown Python/3.11.14 (Linux-6.6.119.3-1.azl3-x86_64-with-glibc2.31)'
2026-02-18T13:13:15.5238791Z A body is sent with the request
2026-02-18T13:13:15.6315098Z 2026-02-18 13:13:15,631 - azure.core.pipeline.policies.http_logging_policy - INFO - Response status: 200
2026-02-18T13:13:15.6315635Z Response headers:
2026-02-18T13:13:15.6315664Z     'Transfer-Encoding': 'chunked'
2026-02-18T13:13:15.6315687Z     'Content-Type': 'application/json; charset=utf-8'
2026-02-18T13:13:15.6315708Z     'Server': 'Microsoft-HTTPAPI/2.0'
2026-02-18T13:13:15.6315728Z     'Strict-Transport-Security': 'REDACTED'
2026-02-18T13:13:15.6315785Z     'X-Content-Type-Options': 'REDACTED'
2026-02-18T13:13:15.6315808Z     'Date': 'Wed, 18 Feb 2026 13:13:15 GMT'
2026-02-18T13:13:15.6320672Z 2026-02-18 13:13:15,631 - azure.monitor.opentelemetry.exporter.export._base - INFO - Transmission succeeded: Item received: 3. Items accepted: 3
2026-02-18T13:13:19.3644506Z 2026-02-18 13:13:19,364 - azure.core.pipeline.policies.http_logging_policy - INFO - Request URL: 'https://westus2-2.in.applicationinsights.azure.com//v2.1/track'
2026-02-18T13:13:19.3645037Z Request method: 'POST'
2026-02-18T13:13:19.3645063Z Request headers:
2026-02-18T13:13:19.3645085Z     'Content-Type': 'application/json'
2026-02-18T13:13:19.3645105Z     'Content-Length': '3720'
2026-02-18T13:13:19.3645125Z     'Accept': 'application/json'
2026-02-18T13:13:19.3645148Z     'x-ms-client-request-id': '98064f42-0ccb-11f1-9d9d-96dd9b170a45'
2026-02-18T13:13:19.3645233Z     'User-Agent': 'azsdk-python-azuremonitorclient/unknown Python/3.11.14 (Linux-6.6.119.3-1.azl3-x86_64-with-glibc2.31)'
2026-02-18T13:13:19.3645258Z A body is sent with the request
2026-02-18T13:13:19.4246430Z 2026-02-18 13:13:19,424 - azure.core.pipeline.policies.http_logging_policy - INFO - Response status: 200
2026-02-18T13:13:19.4246733Z Response headers:
2026-02-18T13:13:19.4246758Z     'Transfer-Encoding': 'chunked'
2026-02-18T13:13:19.4246782Z     'Content-Type': 'application/json; charset=utf-8'
2026-02-18T13:13:19.4246805Z     'Server': 'Microsoft-HTTPAPI/2.0'
2026-02-18T13:13:19.4246826Z     'Strict-Transport-Security': 'REDACTED'
2026-02-18T13:13:19.4246844Z     'X-Content-Type-Options': 'REDACTED'
2026-02-18T13:13:19.4246862Z     'Date': 'Wed, 18 Feb 2026 13:13:18 GMT'
2026-02-18T13:13:19.4252326Z 2026-02-18 13:13:19,424 - azure.monitor.opentelemetry.exporter.export._base - INFO - Transmission succeeded: Item received: 3. Items accepted: 3
2026-02-18T13:13:20.6350863Z 2026-02-18 13:13:20,634 - azure.core.pipeline.policies.http_logging_policy - INFO - Request URL: 'https://westus2-2.in.applicationinsights.azure.com//v2.1/track'
2026-02-18T13:13:20.6351191Z Request method: 'POST'
2026-02-18T13:13:20.6351224Z Request headers:
2026-02-18T13:13:20.6351245Z     'Content-Type': 'application/json'
2026-02-18T13:13:20.6351267Z     'Content-Length': '3720'
2026-02-18T13:13:20.6351288Z     'Accept': 'application/json'
2026-02-18T13:13:20.6351309Z     'x-ms-client-request-id': '98c8324c-0ccb-11f1-b119-96dd9b170a45'
2026-02-18T13:13:20.6351333Z     'User-Agent': 'azsdk-python-azuremonitorclient/unknown Python/3.11.14 (Linux-6.6.119.3-1.azl3-x86_64-with-glibc2.31)'
2026-02-18T13:13:20.6351351Z A body is sent with the request
2026-02-18T13:13:20.7302849Z 2026-02-18 13:13:20,730 - azure.core.pipeline.policies.http_logging_policy - INFO - Response status: 200
2026-02-18T13:13:20.7303214Z Response headers:
2026-02-18T13:13:20.7303249Z     'Transfer-Encoding': 'chunked'
2026-02-18T13:13:20.7303278Z     'Content-Type': 'application/json; charset=utf-8'
2026-02-18T13:13:20.7303302Z     'Server': 'Microsoft-HTTPAPI/2.0'
2026-02-18T13:13:20.7303328Z     'Strict-Transport-Security': 'REDACTED'
2026-02-18T13:13:20.7303353Z     'X-Content-Type-Options': 'REDACTED'
2026-02-18T13:13:20.7303376Z     'Date': 'Wed, 18 Feb 2026 13:13:20 GMT'
2026-02-18T13:13:20.7309943Z 2026-02-18 13:13:20,730 - azure.monitor.opentelemetry.exporter.export._base - INFO - Transmission succeeded: Item received: 3. Items accepted: 3
2026-02-18T13:13:24.4267320Z 2026-02-18 13:13:24,426 - azure.core.pipeline.policies.http_logging_policy - INFO - Request URL: 'https://westus2-2.in.applicationinsights.azure.com//v2.1/track'
2026-02-18T13:13:24.4267600Z Request method: 'POST'
2026-02-18T13:13:24.4267623Z Request headers:
2026-02-18T13:13:24.4267642Z     'Content-Type': 'application/json'
2026-02-18T13:13:24.4267660Z     'Content-Length': '3719'
2026-02-18T13:13:24.4267680Z     'Accept': 'application/json'
2026-02-18T13:13:24.4267700Z     'x-ms-client-request-id': '9b0ac2f4-0ccb-11f1-9d9d-96dd9b170a45'
2026-02-18T13:13:24.4267725Z     'User-Agent': 'azsdk-python-azuremonitorclient/unknown Python/3.11.14 (Linux-6.6.119.3-1.azl3-x86_64-with-glibc2.31)'
2026-02-18T13:13:24.4267744Z A body is sent with the request
2026-02-18T13:13:24.5394290Z 2026-02-18 13:13:24,539 - azure.core.pipeline.policies.http_logging_policy - INFO - Response status: 200
2026-02-18T13:13:24.5394857Z Response headers:
2026-02-18T13:13:24.5394887Z     'Transfer-Encoding': 'chunked'
2026-02-18T13:13:24.5394959Z     'Content-Type': 'application/json; charset=utf-8'
2026-02-18T13:13:24.5394978Z     'Server': 'Microsoft-HTTPAPI/2.0'
2026-02-18T13:13:24.5394998Z     'Strict-Transport-Security': 'REDACTED'
2026-02-18T13:13:24.5395019Z     'X-Content-Type-Options': 'REDACTED'
2026-02-18T13:13:24.5395039Z     'Date': 'Wed, 18 Feb 2026 13:13:24 GMT'
2026-02-18T13:13:24.5400770Z 2026-02-18 13:13:24,539 - azure.monitor.opentelemetry.exporter.export._base - INFO - Transmission succeeded: Item received: 3. Items accepted: 3
2026-02-18T13:13:25.7323738Z 2026-02-18 13:13:25,732 - azure.core.pipeline.policies.http_logging_policy - INFO - Request URL: 'https://westus2-2.in.applicationinsights.azure.com//v2.1/track'
2026-02-18T13:13:25.7324086Z Request method: 'POST'
2026-02-18T13:13:25.7324114Z Request headers:
2026-02-18T13:13:25.7324199Z     'Content-Type': 'application/json'
2026-02-18T13:13:25.7324223Z     'Content-Length': '3720'
2026-02-18T13:13:25.7324242Z     'Accept': 'application/json'
2026-02-18T13:13:25.7324265Z     'x-ms-client-request-id': '9bd1fb12-0ccb-11f1-b119-96dd9b170a45'
2026-02-18T13:13:25.7324291Z     'User-Agent': 'azsdk-python-azuremonitorclient/unknown Python/3.11.14 (Linux-6.6.119.3-1.azl3-x86_64-with-glibc2.31)'
2026-02-18T13:13:25.7324312Z A body is sent with the request
2026-02-18T13:13:25.8003831Z 2026-02-18 13:13:25,800 - azure.core.pipeline.policies.http_logging_policy - INFO - Response status: 200
2026-02-18T13:13:25.8004184Z Response headers:
2026-02-18T13:13:25.8004217Z     'Transfer-Encoding': 'chunked'
2026-02-18T13:13:25.8004243Z     'Content-Type': 'application/json; charset=utf-8'
2026-02-18T13:13:25.8004275Z     'Server': 'Microsoft-HTTPAPI/2.0'
2026-02-18T13:13:25.8004344Z     'Strict-Transport-Security': 'REDACTED'
2026-02-18T13:13:25.8004369Z     'X-Content-Type-Options': 'REDACTED'
2026-02-18T13:13:25.8004392Z     'Date': 'Wed, 18 Feb 2026 13:13:25 GMT'
2026-02-18T13:13:25.8007698Z 2026-02-18 13:13:25,800 - azure.monitor.opentelemetry.exporter.export._base - INFO - Transmission succeeded: Item received: 3. Items accepted: 3
2026-02-18T13:13:29.5415783Z 2026-02-18 13:13:29,541 - azure.core.pipeline.policies.http_logging_policy - INFO - Request URL: 'https://westus2-2.in.applicationinsights.azure.com//v2.1/track'
2026-02-18T13:13:29.5416272Z Request method: 'POST'
2026-02-18T13:13:29.5416300Z Request headers:
2026-02-18T13:13:29.5416318Z     'Content-Type': 'application/json'
2026-02-18T13:13:29.5416336Z     'Content-Length': '3720'
2026-02-18T13:13:29.5416356Z     'Accept': 'application/json'
2026-02-18T13:13:29.5416440Z     'x-ms-client-request-id': '9e173a72-0ccb-11f1-9d9d-96dd9b170a45'
2026-02-18T13:13:29.5416463Z     'User-Agent': 'azsdk-python-azuremonitorclient/unknown Python/3.11.14 (Linux-6.6.119.3-1.azl3-x86_64-with-glibc2.31)'
2026-02-18T13:13:29.5416483Z A body is sent with the request
2026-02-18T13:13:29.6158755Z 2026-02-18 13:13:29,615 - azure.core.pipeline.policies.http_logging_policy - INFO - Response status: 200
2026-02-18T13:13:29.6159124Z Response headers:
2026-02-18T13:13:29.6159150Z     'Transfer-Encoding': 'chunked'
2026-02-18T13:13:29.6159172Z     'Content-Type': 'application/json; charset=utf-8'
2026-02-18T13:13:29.6159192Z     'Server': 'Microsoft-HTTPAPI/2.0'
2026-02-18T13:13:29.6159211Z     'Strict-Transport-Security': 'REDACTED'
2026-02-18T13:13:29.6159236Z     'X-Content-Type-Options': 'REDACTED'
2026-02-18T13:13:29.6159258Z     'Date': 'Wed, 18 Feb 2026 13:13:29 GMT'
2026-02-18T13:13:29.6168037Z 2026-02-18 13:13:29,616 - azure.monitor.opentelemetry.exporter.export._base - INFO - Transmission succeeded: Item received: 3. Items accepted: 3
2026-02-18T13:13:30.8023575Z 2026-02-18 13:13:30,802 - azure.core.pipeline.policies.http_logging_policy - INFO - Request URL: 'https://westus2-2.in.applicationinsights.azure.com//v2.1/track'
2026-02-18T13:13:30.8023907Z Request method: 'POST'
2026-02-18T13:13:30.8023935Z Request headers:
2026-02-18T13:13:30.8023956Z     'Content-Type': 'application/json'
2026-02-18T13:13:30.8023978Z     'Content-Length': '3719'
2026-02-18T13:13:30.8023995Z     'Accept': 'application/json'
2026-02-18T13:13:30.8024017Z     'x-ms-client-request-id': '9ed79b3c-0ccb-11f1-b119-96dd9b170a45'
2026-02-18T13:13:30.8024046Z     'User-Agent': 'azsdk-python-azuremonitorclient/unknown Python/3.11.14 (Linux-6.6.119.3-1.azl3-x86_64-with-glibc2.31)'
2026-02-18T13:13:30.8024112Z A body is sent with the request
2026-02-18T13:13:30.8827708Z 2026-02-18 13:13:30,882 - azure.core.pipeline.policies.http_logging_policy - INFO - Response status: 200
2026-02-18T13:13:30.8828047Z Response headers:
2026-02-18T13:13:30.8828081Z     'Transfer-Encoding': 'chunked'
2026-02-18T13:13:30.8828103Z     'Content-Type': 'application/json; charset=utf-8'
2026-02-18T13:13:30.8828122Z     'Server': 'Microsoft-HTTPAPI/2.0'
2026-02-18T13:13:30.8828140Z     'Strict-Transport-Security': 'REDACTED'
2026-02-18T13:13:30.8828161Z     'X-Content-Type-Options': 'REDACTED'
2026-02-18T13:13:30.8828180Z     'Date': 'Wed, 18 Feb 2026 13:13:30 GMT'
2026-02-18T13:13:30.8835058Z 2026-02-18 13:13:30,883 - azure.monitor.opentelemetry.exporter.export._base - INFO - Transmission succeeded: Item received: 3. Items accepted: 3
2026-02-18T13:13:34.6185293Z 2026-02-18 13:13:34,618 - azure.core.pipeline.policies.http_logging_policy - INFO - Request URL: 'https://westus2-2.in.applicationinsights.azure.com//v2.1/track'
2026-02-18T13:13:34.6185821Z Request method: 'POST'
2026-02-18T13:13:34.6185850Z Request headers:
2026-02-18T13:13:34.6185874Z     'Content-Type': 'application/json'
2026-02-18T13:13:34.6185891Z     'Content-Length': '3720'
2026-02-18T13:13:34.6185909Z     'Accept': 'application/json'
2026-02-18T13:13:34.6185931Z     'x-ms-client-request-id': 'a11de27a-0ccb-11f1-9d9d-96dd9b170a45'
2026-02-18T13:13:34.6185957Z     'User-Agent': 'azsdk-python-azuremonitorclient/unknown Python/3.11.14 (Linux-6.6.119.3-1.azl3-x86_64-with-glibc2.31)'
2026-02-18T13:13:34.6185983Z A body is sent with the request
2026-02-18T13:13:34.6874263Z 2026-02-18 13:13:34,687 - azure.core.pipeline.policies.http_logging_policy - INFO - Response status: 200
2026-02-18T13:13:34.6874923Z Response headers:
2026-02-18T13:13:34.6874955Z     'Transfer-Encoding': 'chunked'
2026-02-18T13:13:34.6874978Z     'Content-Type': 'application/json; charset=utf-8'
2026-02-18T13:13:34.6874999Z     'Server': 'Microsoft-HTTPAPI/2.0'
2026-02-18T13:13:34.6875018Z     'Strict-Transport-Security': 'REDACTED'
2026-02-18T13:13:34.6875037Z     'X-Content-Type-Options': 'REDACTED'
2026-02-18T13:13:34.6875056Z     'Date': 'Wed, 18 Feb 2026 13:13:34 GMT'
2026-02-18T13:13:34.6875074Z     'Connection': 'close'
2026-02-18T13:13:34.6894464Z 2026-02-18 13:13:34,688 - azure.monitor.opentelemetry.exporter.export._base - INFO - Transmission succeeded: Item received: 3. Items accepted: 3
2026-02-18T13:13:35.8848196Z 2026-02-18 13:13:35,884 - azure.core.pipeline.policies.http_logging_policy - INFO - Request URL: 'https://westus2-2.in.applicationinsights.azure.com//v2.1/track'
2026-02-18T13:13:35.8849009Z Request method: 'POST'
2026-02-18T13:13:35.8849037Z Request headers:
2026-02-18T13:13:35.8849057Z     'Content-Type': 'application/json'
2026-02-18T13:13:35.8849075Z     'Content-Length': '3720'
2026-02-18T13:13:35.8849094Z     'Accept': 'application/json'
2026-02-18T13:13:35.8849115Z     'x-ms-client-request-id': 'a1df1e72-0ccb-11f1-b119-96dd9b170a45'
2026-02-18T13:13:35.8849137Z     'User-Agent': 'azsdk-python-azuremonitorclient/unknown Python/3.11.14 (Linux-6.6.119.3-1.azl3-x86_64-with-glibc2.31)'
2026-02-18T13:13:35.8849155Z A body is sent with the request
2026-02-18T13:13:36.0056669Z 2026-02-18 13:13:36,005 - azure.core.pipeline.policies.http_logging_policy - INFO - Response status: 200
2026-02-18T13:13:36.0057040Z Response headers:
2026-02-18T13:13:36.0057068Z     'Transfer-Encoding': 'chunked'
2026-02-18T13:13:36.0057146Z     'Content-Type': 'application/json; charset=utf-8'
2026-02-18T13:13:36.0057165Z     'Server': 'Microsoft-HTTPAPI/2.0'
2026-02-18T13:13:36.0057185Z     'Strict-Transport-Security': 'REDACTED'
2026-02-18T13:13:36.0057205Z     'X-Content-Type-Options': 'REDACTED'
2026-02-18T13:13:36.0057223Z     'Date': 'Wed, 18 Feb 2026 13:13:35 GMT'
2026-02-18T13:13:36.0062711Z 2026-02-18 13:13:36,005 - azure.monitor.opentelemetry.exporter.export._base - INFO - Transmission succeeded: Item received: 3. Items accepted: 3
2026-02-18T13:13:39.6907369Z 2026-02-18 13:13:39,690 - azure.core.pipeline.policies.http_logging_policy - INFO - Request URL: 'https://westus2-2.in.applicationinsights.azure.com//v2.1/track'
2026-02-18T13:13:39.6907757Z Request method: 'POST'
2026-02-18T13:13:39.6907785Z Request headers:
2026-02-18T13:13:39.6907815Z     'Content-Type': 'application/json'
2026-02-18T13:13:39.6907898Z     'Content-Length': '3747'
2026-02-18T13:13:39.6907917Z     'Accept': 'application/json'
2026-02-18T13:13:39.6907937Z     'x-ms-client-request-id': 'a423dc5e-0ccb-11f1-9d9d-96dd9b170a45'
2026-02-18T13:13:39.6907960Z     'User-Agent': 'azsdk-python-azuremonitorclient/unknown Python/3.11.14 (Linux-6.6.119.3-1.azl3-x86_64-with-glibc2.31)'
2026-02-18T13:13:39.6907981Z A body is sent with the request
2026-02-18T13:13:39.8133894Z 2026-02-18 13:13:39,813 - azure.core.pipeline.policies.http_logging_policy - INFO - Response status: 200
2026-02-18T13:13:39.8134467Z Response headers:
2026-02-18T13:13:39.8134499Z     'Transfer-Encoding': 'chunked'
2026-02-18T13:13:39.8134526Z     'Content-Type': 'application/json; charset=utf-8'
2026-02-18T13:13:39.8134545Z     'Server': 'Microsoft-HTTPAPI/2.0'
2026-02-18T13:13:39.8134616Z     'Strict-Transport-Security': 'REDACTED'
2026-02-18T13:13:39.8134637Z     'X-Content-Type-Options': 'REDACTED'
2026-02-18T13:13:39.8134661Z     'Date': 'Wed, 18 Feb 2026 13:13:39 GMT'
2026-02-18T13:13:39.8141797Z 2026-02-18 13:13:39,813 - azure.monitor.opentelemetry.exporter.export._base - INFO - Transmission succeeded: Item received: 3. Items accepted: 3
2026-02-18T13:13:41.0096108Z 2026-02-18 13:13:41,008 - azure.core.pipeline.policies.http_logging_policy - INFO - Request URL: 'https://westus2-2.in.applicationinsights.azure.com//v2.1/track'
2026-02-18T13:13:41.0096673Z Request method: 'POST'
2026-02-18T13:13:41.0096704Z Request headers:
2026-02-18T13:13:41.0096732Z     'Content-Type': 'application/json'
2026-02-18T13:13:41.0096754Z     'Content-Length': '3720'
2026-02-18T13:13:41.0096773Z     'Accept': 'application/json'
2026-02-18T13:13:41.0096846Z     'x-ms-client-request-id': 'a4ecf2a6-0ccb-11f1-b119-96dd9b170a45'
2026-02-18T13:13:41.0096871Z     'User-Agent': 'azsdk-python-azuremonitorclient/unknown Python/3.11.14 (Linux-6.6.119.3-1.azl3-x86_64-with-glibc2.31)'
2026-02-18T13:13:41.0096891Z A body is sent with the request
2026-02-18T13:13:41.1558207Z 2026-02-18 13:13:41,155 - azure.core.pipeline.policies.http_logging_policy - INFO - Response status: 200
2026-02-18T13:13:41.1558558Z Response headers:
2026-02-18T13:13:41.1558589Z     'Transfer-Encoding': 'chunked'
2026-02-18T13:13:41.1558610Z     'Content-Type': 'application/json; charset=utf-8'
2026-02-18T13:13:41.1558630Z     'Server': 'Microsoft-HTTPAPI/2.0'
2026-02-18T13:13:41.1558655Z     'Strict-Transport-Security': 'REDACTED'
2026-02-18T13:13:41.1558673Z     'X-Content-Type-Options': 'REDACTED'
2026-02-18T13:13:41.1558695Z     'Date': 'Wed, 18 Feb 2026 13:13:40 GMT'
2026-02-18T13:13:41.1565143Z 2026-02-18 13:13:41,156 - azure.monitor.opentelemetry.exporter.export._base - INFO - Transmission succeeded: Item received: 3. Items accepted: 3
2026-02-18T13:13:44.8156370Z 2026-02-18 13:13:44,815 - azure.core.pipeline.policies.http_logging_policy - INFO - Request URL: 'https://westus2-2.in.applicationinsights.azure.com//v2.1/track'
2026-02-18T13:13:44.8157074Z Request method: 'POST'
2026-02-18T13:13:44.8157105Z Request headers:
2026-02-18T13:13:44.8157125Z     'Content-Type': 'application/json'
2026-02-18T13:13:44.8157144Z     'Content-Length': '3720'
2026-02-18T13:13:44.8157165Z     'Accept': 'application/json'
2026-02-18T13:13:44.8157191Z     'x-ms-client-request-id': 'a731da9a-0ccb-11f1-9d9d-96dd9b170a45'
2026-02-18T13:13:44.8157217Z     'User-Agent': 'azsdk-python-azuremonitorclient/unknown Python/3.11.14 (Linux-6.6.119.3-1.azl3-x86_64-with-glibc2.31)'
2026-02-18T13:13:44.8157237Z A body is sent with the request
2026-02-18T13:13:44.9541020Z 2026-02-18 13:13:44,953 - azure.core.pipeline.policies.http_logging_policy - INFO - Response status: 200
2026-02-18T13:13:44.9541785Z Response headers:
2026-02-18T13:13:44.9541823Z     'Transfer-Encoding': 'chunked'
2026-02-18T13:13:44.9541848Z     'Content-Type': 'application/json; charset=utf-8'
2026-02-18T13:13:44.9541872Z     'Server': 'Microsoft-HTTPAPI/2.0'
2026-02-18T13:13:44.9541895Z     'Strict-Transport-Security': 'REDACTED'
2026-02-18T13:13:44.9541922Z     'X-Content-Type-Options': 'REDACTED'
2026-02-18T13:13:44.9541951Z     'Date': 'Wed, 18 Feb 2026 13:13:44 GMT'
2026-02-18T13:13:44.9546751Z 2026-02-18 13:13:44,954 - azure.monitor.opentelemetry.exporter.export._base - INFO - Transmission succeeded: Item received: 3. Items accepted: 3
2026-02-18T13:13:46.1585978Z 2026-02-18 13:13:46,158 - azure.core.pipeline.policies.http_logging_policy - INFO - Request URL: 'https://westus2-2.in.applicationinsights.azure.com//v2.1/track'
2026-02-18T13:13:46.1586457Z Request method: 'POST'
2026-02-18T13:13:46.1586481Z Request headers:
2026-02-18T13:13:46.1586500Z     'Content-Type': 'application/json'
2026-02-18T13:13:46.1586520Z     'Content-Length': '3720'
2026-02-18T13:13:46.1586540Z     'Accept': 'application/json'
2026-02-18T13:13:46.1586561Z     'x-ms-client-request-id': 'a7fec9c4-0ccb-11f1-b119-96dd9b170a45'
2026-02-18T13:13:46.1586615Z     'User-Agent': 'azsdk-python-azuremonitorclient/unknown Python/3.11.14 (Linux-6.6.119.3-1.azl3-x86_64-with-glibc2.31)'
2026-02-18T13:13:46.1586632Z A body is sent with the request
2026-02-18T13:13:46.4882244Z 2026-02-18 13:13:46,488 - azure.core.pipeline.policies.http_logging_policy - INFO - Response status: 200
2026-02-18T13:13:46.4882909Z Response headers:
2026-02-18T13:13:46.4882946Z     'Transfer-Encoding': 'chunked'
2026-02-18T13:13:46.4882970Z     'Content-Type': 'application/json; charset=utf-8'
2026-02-18T13:13:46.4882990Z     'Server': 'Microsoft-HTTPAPI/2.0'
2026-02-18T13:13:46.4883011Z     'Strict-Transport-Security': 'REDACTED'
2026-02-18T13:13:46.4883031Z     'X-Content-Type-Options': 'REDACTED'
2026-02-18T13:13:46.4883052Z     'Date': 'Wed, 18 Feb 2026 13:13:45 GMT'
2026-02-18T13:13:46.4889196Z 2026-02-18 13:13:46,488 - azure.monitor.opentelemetry.exporter.export._base - INFO - Transmission succeeded: Item received: 3. Items accepted: 3
2026-02-18T13:13:49.9567107Z 2026-02-18 13:13:49,956 - azure.core.pipeline.policies.http_logging_policy - INFO - Request URL: 'https://westus2-2.in.applicationinsights.azure.com//v2.1/track'
2026-02-18T13:13:49.9567583Z Request method: 'POST'
2026-02-18T13:13:49.9567675Z Request headers:
2026-02-18T13:13:49.9567708Z     'Content-Type': 'application/json'
2026-02-18T13:13:49.9567731Z     'Content-Length': '3720'
2026-02-18T13:13:49.9567752Z     'Accept': 'application/json'
2026-02-18T13:13:49.9567775Z     'x-ms-client-request-id': 'aa4251f6-0ccb-11f1-9d9d-96dd9b170a45'
2026-02-18T13:13:49.9567799Z     'User-Agent': 'azsdk-python-azuremonitorclient/unknown Python/3.11.14 (Linux-6.6.119.3-1.azl3-x86_64-with-glibc2.31)'
2026-02-18T13:13:49.9567820Z A body is sent with the request
2026-02-18T13:13:50.0317130Z 2026-02-18 13:13:50,031 - azure.core.pipeline.policies.http_logging_policy - INFO - Response status: 200
2026-02-18T13:13:50.0318238Z Response headers:
2026-02-18T13:13:50.0318819Z     'Transfer-Encoding': 'chunked'
2026-02-18T13:13:50.0318857Z     'Content-Type': 'application/json; charset=utf-8'
2026-02-18T13:13:50.0318926Z     'Server': 'Microsoft-HTTPAPI/2.0'
2026-02-18T13:13:50.0318948Z     'Strict-Transport-Security': 'REDACTED'
2026-02-18T13:13:50.0318968Z     'X-Content-Type-Options': 'REDACTED'
2026-02-18T13:13:50.0318986Z     'Date': 'Wed, 18 Feb 2026 13:13:49 GMT'
2026-02-18T13:13:50.0324685Z 2026-02-18 13:13:50,032 - azure.monitor.opentelemetry.exporter.export._base - INFO - Transmission succeeded: Item received: 3. Items accepted: 3
2026-02-18T13:13:51.4904694Z 2026-02-18 13:13:51,490 - azure.core.pipeline.policies.http_logging_policy - INFO - Request URL: 'https://westus2-2.in.applicationinsights.azure.com//v2.1/track'
2026-02-18T13:13:51.4905032Z Request method: 'POST'
2026-02-18T13:13:51.4905061Z Request headers:
2026-02-18T13:13:51.4905087Z     'Content-Type': 'application/json'
2026-02-18T13:13:51.4905108Z     'Content-Length': '3718'
2026-02-18T13:13:51.4905176Z     'Accept': 'application/json'
2026-02-18T13:13:51.4905198Z     'x-ms-client-request-id': 'ab2c5c42-0ccb-11f1-b119-96dd9b170a45'
2026-02-18T13:13:51.4905222Z     'User-Agent': 'azsdk-python-azuremonitorclient/unknown Python/3.11.14 (Linux-6.6.119.3-1.azl3-x86_64-with-glibc2.31)'
2026-02-18T13:13:51.4905243Z A body is sent with the request
2026-02-18T13:13:51.5924832Z 2026-02-18 13:13:51,592 - azure.core.pipeline.policies.http_logging_policy - INFO - Response status: 200
2026-02-18T13:13:51.5925329Z Response headers:
2026-02-18T13:13:51.5925360Z     'Transfer-Encoding': 'chunked'
2026-02-18T13:13:51.5925385Z     'Content-Type': 'application/json; charset=utf-8'
2026-02-18T13:13:51.5925405Z     'Server': 'Microsoft-HTTPAPI/2.0'
2026-02-18T13:13:51.5925426Z     'Strict-Transport-Security': 'REDACTED'
2026-02-18T13:13:51.5925483Z     'X-Content-Type-Options': 'REDACTED'
2026-02-18T13:13:51.5925505Z     'Date': 'Wed, 18 Feb 2026 13:13:51 GMT'
2026-02-18T13:13:51.5929930Z 2026-02-18 13:13:51,592 - azure.monitor.opentelemetry.exporter.export._base - INFO - Transmission succeeded: Item received: 3. Items accepted: 3
2026-02-18T13:13:55.0342377Z 2026-02-18 13:13:55,034 - azure.core.pipeline.policies.http_logging_policy - INFO - Request URL: 'https://westus2-2.in.applicationinsights.azure.com//v2.1/track'
2026-02-18T13:13:55.0342745Z Request method: 'POST'
2026-02-18T13:13:55.0342774Z Request headers:
2026-02-18T13:13:55.0342792Z     'Content-Type': 'application/json'
2026-02-18T13:13:55.0342811Z     'Content-Length': '3720'
2026-02-18T13:13:55.0342834Z     'Accept': 'application/json'
2026-02-18T13:13:55.0342859Z     'x-ms-client-request-id': 'ad491786-0ccb-11f1-9d9d-96dd9b170a45'
2026-02-18T13:13:55.0342947Z     'User-Agent': 'azsdk-python-azuremonitorclient/unknown Python/3.11.14 (Linux-6.6.119.3-1.azl3-x86_64-with-glibc2.31)'
2026-02-18T13:13:55.0342968Z A body is sent with the request
2026-02-18T13:13:55.1253376Z 2026-02-18 13:13:55,125 - azure.core.pipeline.policies.http_logging_policy - INFO - Response status: 200
2026-02-18T13:13:55.1253757Z Response headers:
2026-02-18T13:13:55.1253785Z     'Transfer-Encoding': 'chunked'
2026-02-18T13:13:55.1254589Z     'Content-Type': 'application/json; charset=utf-8'
2026-02-18T13:13:55.1254623Z     'Server': 'Microsoft-HTTPAPI/2.0'
2026-02-18T13:13:55.1254643Z     'Strict-Transport-Security': 'REDACTED'
2026-02-18T13:13:55.1254661Z     'X-Content-Type-Options': 'REDACTED'
2026-02-18T13:13:55.1254679Z     'Date': 'Wed, 18 Feb 2026 13:13:54 GMT'
2026-02-18T13:13:55.1267186Z 2026-02-18 13:13:55,125 - azure.monitor.opentelemetry.exporter.export._base - INFO - Transmission succeeded: Item received: 3. Items accepted: 3
2026-02-18T13:13:56.5946887Z 2026-02-18 13:13:56,594 - azure.core.pipeline.policies.http_logging_policy - INFO - Request URL: 'https://westus2-2.in.applicationinsights.azure.com//v2.1/track'
2026-02-18T13:13:56.5947520Z Request method: 'POST'
2026-02-18T13:13:56.5947550Z Request headers:
2026-02-18T13:13:56.5947575Z     'Content-Type': 'application/json'
2026-02-18T13:13:56.5947594Z     'Content-Length': '3719'
2026-02-18T13:13:56.5947611Z     'Accept': 'application/json'
2026-02-18T13:13:56.5947629Z     'x-ms-client-request-id': 'ae3732ea-0ccb-11f1-b119-96dd9b170a45'
2026-02-18T13:13:56.5947650Z     'User-Agent': 'azsdk-python-azuremonitorclient/unknown Python/3.11.14 (Linux-6.6.119.3-1.azl3-x86_64-with-glibc2.31)'
2026-02-18T13:13:56.5947670Z A body is sent with the request
2026-02-18T13:13:56.6365015Z 2026-02-18 13:13:56,636 - azure.core.pipeline.policies.http_logging_policy - INFO - Response status: 200
2026-02-18T13:13:56.6365363Z Response headers:
2026-02-18T13:13:56.6365397Z     'Transfer-Encoding': 'chunked'
2026-02-18T13:13:56.6365419Z     'Content-Type': 'application/json; charset=utf-8'
2026-02-18T13:13:56.6365444Z     'Server': 'Microsoft-HTTPAPI/2.0'
2026-02-18T13:13:56.6365468Z     'Strict-Transport-Security': 'REDACTED'
2026-02-18T13:13:56.6365492Z     'X-Content-Type-Options': 'REDACTED'
2026-02-18T13:13:56.6365726Z     'Date': 'Wed, 18 Feb 2026 13:13:56 GMT'
2026-02-18T13:13:56.6371321Z 2026-02-18 13:13:56,636 - azure.monitor.opentelemetry.exporter.export._base - INFO - Transmission succeeded: Item received: 3. Items accepted: 3
2026-02-18T13:14:00.1279827Z 2026-02-18 13:14:00,127 - azure.core.pipeline.policies.http_logging_policy - INFO - Request URL: 'https://westus2-2.in.applicationinsights.azure.com//v2.1/track'
2026-02-18T13:14:00.1280298Z Request method: 'POST'
2026-02-18T13:14:00.1280325Z Request headers:
2026-02-18T13:14:00.1280347Z     'Content-Type': 'application/json'
2026-02-18T13:14:00.1280366Z     'Content-Length': '3719'
2026-02-18T13:14:00.1280386Z     'Accept': 'application/json'
2026-02-18T13:14:00.1280408Z     'x-ms-client-request-id': 'b0525578-0ccb-11f1-9d9d-96dd9b170a45'
2026-02-18T13:14:00.1280435Z     'User-Agent': 'azsdk-python-azuremonitorclient/unknown Python/3.11.14 (Linux-6.6.119.3-1.azl3-x86_64-with-glibc2.31)'
2026-02-18T13:14:00.1280454Z A body is sent with the request
2026-02-18T13:14:00.1910621Z 2026-02-18 13:14:00,190 - azure.core.pipeline.policies.http_logging_policy - INFO - Response status: 200
2026-02-18T13:14:00.1910979Z Response headers:
2026-02-18T13:14:00.1911007Z     'Transfer-Encoding': 'chunked'
2026-02-18T13:14:00.1911088Z     'Content-Type': 'application/json; charset=utf-8'
2026-02-18T13:14:00.1911108Z     'Server': 'Microsoft-HTTPAPI/2.0'
2026-02-18T13:14:00.1911128Z     'Strict-Transport-Security': 'REDACTED'
2026-02-18T13:14:00.1911148Z     'X-Content-Type-Options': 'REDACTED'
2026-02-18T13:14:00.1911167Z     'Date': 'Wed, 18 Feb 2026 13:13:59 GMT'
2026-02-18T13:14:00.1916650Z 2026-02-18 13:14:00,191 - azure.monitor.opentelemetry.exporter.export._base - INFO - Transmission succeeded: Item received: 3. Items accepted: 3
2026-02-18T13:14:01.6390385Z 2026-02-18 13:14:01,638 - azure.core.pipeline.policies.http_logging_policy - INFO - Request URL: 'https://westus2-2.in.applicationinsights.azure.com//v2.1/track'
2026-02-18T13:14:01.6390892Z Request method: 'POST'
2026-02-18T13:14:01.6390918Z Request headers:
2026-02-18T13:14:01.6390993Z     'Content-Type': 'application/json'
2026-02-18T13:14:01.6391017Z     'Content-Length': '3720'
2026-02-18T13:14:01.6391035Z     'Accept': 'application/json'
2026-02-18T13:14:01.6391053Z     'x-ms-client-request-id': 'b138e844-0ccb-11f1-b119-96dd9b170a45'
2026-02-18T13:14:01.6391076Z     'User-Agent': 'azsdk-python-azuremonitorclient/unknown Python/3.11.14 (Linux-6.6.119.3-1.azl3-x86_64-with-glibc2.31)'
2026-02-18T13:14:01.6391097Z A body is sent with the request
2026-02-18T13:14:01.7383777Z 2026-02-18 13:14:01,738 - azure.core.pipeline.policies.http_logging_policy - INFO - Response status: 200
2026-02-18T13:14:01.7384766Z Response headers:
2026-02-18T13:14:01.7384806Z     'Transfer-Encoding': 'chunked'
2026-02-18T13:14:01.7384827Z     'Content-Type': 'application/json; charset=utf-8'
2026-02-18T13:14:01.7384846Z     'Server': 'Microsoft-HTTPAPI/2.0'
2026-02-18T13:14:01.7384912Z     'Strict-Transport-Security': 'REDACTED'
2026-02-18T13:14:01.7384932Z     'X-Content-Type-Options': 'REDACTED'
2026-02-18T13:14:01.7386351Z     'Date': 'Wed, 18 Feb 2026 13:14:01 GMT'
2026-02-18T13:14:01.7399571Z 2026-02-18 13:14:01,739 - azure.monitor.opentelemetry.exporter.export._base - INFO - Transmission succeeded: Item received: 3. Items accepted: 3
2026-02-18T13:14:05.1931378Z 2026-02-18 13:14:05,192 - azure.core.pipeline.policies.http_logging_policy - INFO - Request URL: 'https://westus2-2.in.applicationinsights.azure.com//v2.1/track'
2026-02-18T13:14:05.1931864Z Request method: 'POST'
2026-02-18T13:14:05.1931896Z Request headers:
2026-02-18T13:14:05.1931922Z     'Content-Type': 'application/json'
2026-02-18T13:14:05.1931945Z     'Content-Length': '3719'
2026-02-18T13:14:05.1931964Z     'Accept': 'application/json'
2026-02-18T13:14:05.1932043Z     'x-ms-client-request-id': 'b357346e-0ccb-11f1-9d9d-96dd9b170a45'
2026-02-18T13:14:05.1932066Z     'User-Agent': 'azsdk-python-azuremonitorclient/unknown Python/3.11.14 (Linux-6.6.119.3-1.azl3-x86_64-with-glibc2.31)'
2026-02-18T13:14:05.1932085Z A body is sent with the request
2026-02-18T13:14:05.2687794Z 2026-02-18 13:14:05,268 - azure.core.pipeline.policies.http_logging_policy - INFO - Response status: 200
2026-02-18T13:14:05.2688103Z Response headers:
2026-02-18T13:14:05.2688131Z     'Transfer-Encoding': 'chunked'
2026-02-18T13:14:05.2688154Z     'Content-Type': 'application/json; charset=utf-8'
2026-02-18T13:14:05.2688176Z     'Server': 'Microsoft-HTTPAPI/2.0'
2026-02-18T13:14:05.2688201Z     'Strict-Transport-Security': 'REDACTED'
2026-02-18T13:14:05.2688224Z     'X-Content-Type-Options': 'REDACTED'
2026-02-18T13:14:05.2688248Z     'Date': 'Wed, 18 Feb 2026 13:14:04 GMT'
2026-02-18T13:14:05.2695896Z 2026-02-18 13:14:05,269 - azure.monitor.opentelemetry.exporter.export._base - INFO - Transmission succeeded: Item received: 3. Items accepted: 3
2026-02-18T13:14:06.7412829Z 2026-02-18 13:14:06,741 - azure.core.pipeline.policies.http_logging_policy - INFO - Request URL: 'https://westus2-2.in.applicationinsights.azure.com//v2.1/track'
2026-02-18T13:14:06.7413181Z Request method: 'POST'
2026-02-18T13:14:06.7413207Z Request headers:
2026-02-18T13:14:06.7413228Z     'Content-Type': 'application/json'
2026-02-18T13:14:06.7413248Z     'Content-Length': '3720'
2026-02-18T13:14:06.7413265Z     'Accept': 'application/json'
2026-02-18T13:14:06.7413287Z     'x-ms-client-request-id': 'b443737e-0ccb-11f1-b119-96dd9b170a45'
2026-02-18T13:14:06.7413313Z     'User-Agent': 'azsdk-python-azuremonitorclient/unknown Python/3.11.14 (Linux-6.6.119.3-1.azl3-x86_64-with-glibc2.31)'
2026-02-18T13:14:06.7413391Z A body is sent with the request
2026-02-18T13:14:06.8579644Z 2026-02-18 13:14:06,857 - azure.core.pipeline.policies.http_logging_policy - INFO - Response status: 200
2026-02-18T13:14:06.8579997Z Response headers:
2026-02-18T13:14:06.8580030Z     'Transfer-Encoding': 'chunked'
2026-02-18T13:14:06.8580056Z     'Content-Type': 'application/json; charset=utf-8'
2026-02-18T13:14:06.8580073Z     'Server': 'Microsoft-HTTPAPI/2.0'
2026-02-18T13:14:06.8580093Z     'Strict-Transport-Security': 'REDACTED'
2026-02-18T13:14:06.8580113Z     'X-Content-Type-Options': 'REDACTED'
2026-02-18T13:14:06.8580132Z     'Date': 'Wed, 18 Feb 2026 13:14:06 GMT'
2026-02-18T13:14:06.8583005Z 2026-02-18 13:14:06,858 - azure.monitor.opentelemetry.exporter.export._base - INFO - Transmission succeeded: Item received: 3. Items accepted: 3
2026-02-18T13:14:10.2709849Z 2026-02-18 13:14:10,270 - azure.core.pipeline.policies.http_logging_policy - INFO - Request URL: 'https://westus2-2.in.applicationinsights.azure.com//v2.1/track'
2026-02-18T13:14:10.2710273Z Request method: 'POST'
2026-02-18T13:14:10.2710310Z Request headers:
2026-02-18T13:14:10.2710337Z     'Content-Type': 'application/json'
2026-02-18T13:14:10.2710361Z     'Content-Length': '3720'
2026-02-18T13:14:10.2710387Z     'Accept': 'application/json'
2026-02-18T13:14:10.2710414Z     'x-ms-client-request-id': 'b65e039a-0ccb-11f1-9d9d-96dd9b170a45'
2026-02-18T13:14:10.2710446Z     'User-Agent': 'azsdk-python-azuremonitorclient/unknown Python/3.11.14 (Linux-6.6.119.3-1.azl3-x86_64-with-glibc2.31)'
2026-02-18T13:14:10.2710474Z A body is sent with the request
2026-02-18T13:14:10.3612581Z 2026-02-18 13:14:10,361 - azure.core.pipeline.policies.http_logging_policy - INFO - Response status: 200
2026-02-18T13:14:10.3613019Z Response headers:
2026-02-18T13:14:10.3613048Z     'Transfer-Encoding': 'chunked'
2026-02-18T13:14:10.3613068Z     'Content-Type': 'application/json; charset=utf-8'
2026-02-18T13:14:10.3613088Z     'Server': 'Microsoft-HTTPAPI/2.0'
2026-02-18T13:14:10.3613107Z     'Strict-Transport-Security': 'REDACTED'
2026-02-18T13:14:10.3613127Z     'X-Content-Type-Options': 'REDACTED'
2026-02-18T13:14:10.3613149Z     'Date': 'Wed, 18 Feb 2026 13:14:09 GMT'
2026-02-18T13:14:10.3619550Z 2026-02-18 13:14:10,361 - azure.monitor.opentelemetry.exporter.export._base - INFO - Transmission succeeded: Item received: 3. Items accepted: 3
2026-02-18T13:14:11.8600765Z 2026-02-18 13:14:11,859 - azure.core.pipeline.policies.http_logging_policy - INFO - Request URL: 'https://westus2-2.in.applicationinsights.azure.com//v2.1/track'
2026-02-18T13:14:11.8601180Z Request method: 'POST'
2026-02-18T13:14:11.8601275Z Request headers:
2026-02-18T13:14:11.8601305Z     'Content-Type': 'application/json'
2026-02-18T13:14:11.8601330Z     'Content-Length': '3720'
2026-02-18T13:14:11.8601355Z     'Accept': 'application/json'
2026-02-18T13:14:11.8601383Z     'x-ms-client-request-id': 'b750821e-0ccb-11f1-b119-96dd9b170a45'
2026-02-18T13:14:11.8601412Z     'User-Agent': 'azsdk-python-azuremonitorclient/unknown Python/3.11.14 (Linux-6.6.119.3-1.azl3-x86_64-with-glibc2.31)'
2026-02-18T13:14:11.8601439Z A body is sent with the request
2026-02-18T13:14:12.0232528Z 2026-02-18 13:14:12,023 - azure.core.pipeline.policies.http_logging_policy - INFO - Response status: 200
2026-02-18T13:14:12.0232867Z Response headers:
2026-02-18T13:14:12.0232894Z     'Transfer-Encoding': 'chunked'
2026-02-18T13:14:12.0232915Z     'Content-Type': 'application/json; charset=utf-8'
2026-02-18T13:14:12.0232985Z     'Server': 'Microsoft-HTTPAPI/2.0'
2026-02-18T13:14:12.0233007Z     'Strict-Transport-Security': 'REDACTED'
2026-02-18T13:14:12.0233026Z     'X-Content-Type-Options': 'REDACTED'
2026-02-18T13:14:12.0233043Z     'Date': 'Wed, 18 Feb 2026 13:14:11 GMT'
2026-02-18T13:14:12.0241129Z 2026-02-18 13:14:12,023 - azure.monitor.opentelemetry.exporter.export._base - INFO - Transmission succeeded: Item received: 3. Items accepted: 3
2026-02-18T13:14:15.3634434Z 2026-02-18 13:14:15,363 - azure.core.pipeline.policies.http_logging_policy - INFO - Request URL: 'https://westus2-2.in.applicationinsights.azure.com//v2.1/track'
2026-02-18T13:14:15.3634769Z Request method: 'POST'
2026-02-18T13:14:15.3634802Z Request headers:
2026-02-18T13:14:15.3634820Z     'Content-Type': 'application/json'
2026-02-18T13:14:15.3634840Z     'Content-Length': '3720'
2026-02-18T13:14:15.3634921Z     'Accept': 'application/json'
2026-02-18T13:14:15.3634945Z     'x-ms-client-request-id': 'b96711f8-0ccb-11f1-9d9d-96dd9b170a45'
2026-02-18T13:14:15.3634968Z     'User-Agent': 'azsdk-python-azuremonitorclient/unknown Python/3.11.14 (Linux-6.6.119.3-1.azl3-x86_64-with-glibc2.31)'
2026-02-18T13:14:15.3634989Z A body is sent with the request
2026-02-18T13:14:15.4452213Z 2026-02-18 13:14:15,445 - azure.core.pipeline.policies.http_logging_policy - INFO - Response status: 200
2026-02-18T13:14:15.4452568Z Response headers:
2026-02-18T13:14:15.4452595Z     'Transfer-Encoding': 'chunked'
2026-02-18T13:14:15.4452616Z     'Content-Type': 'application/json; charset=utf-8'
2026-02-18T13:14:15.4452635Z     'Server': 'Microsoft-HTTPAPI/2.0'
2026-02-18T13:14:15.4452656Z     'Strict-Transport-Security': 'REDACTED'
2026-02-18T13:14:15.4452727Z     'X-Content-Type-Options': 'REDACTED'
2026-02-18T13:14:15.4452746Z     'Date': 'Wed, 18 Feb 2026 13:14:14 GMT'
2026-02-18T13:14:15.4455734Z 2026-02-18 13:14:15,445 - azure.monitor.opentelemetry.exporter.export._base - INFO - Transmission succeeded: Item received: 3. Items accepted: 3
2026-02-18T13:14:17.0256118Z 2026-02-18 13:14:17,025 - azure.core.pipeline.policies.http_logging_policy - INFO - Request URL: 'https://westus2-2.in.applicationinsights.azure.com//v2.1/track'
2026-02-18T13:14:17.0256658Z Request method: 'POST'
2026-02-18T13:14:17.0256691Z Request headers:
2026-02-18T13:14:17.0256711Z     'Content-Type': 'application/json'
2026-02-18T13:14:17.0256729Z     'Content-Length': '3719'
2026-02-18T13:14:17.0256746Z     'Accept': 'application/json'
2026-02-18T13:14:17.0256765Z     'x-ms-client-request-id': 'ba64b6a0-0ccb-11f1-b119-96dd9b170a45'
2026-02-18T13:14:17.0256852Z     'User-Agent': 'azsdk-python-azuremonitorclient/unknown Python/3.11.14 (Linux-6.6.119.3-1.azl3-x86_64-with-glibc2.31)'
2026-02-18T13:14:17.0256872Z A body is sent with the request
2026-02-18T13:14:17.1447231Z 2026-02-18 13:14:17,144 - azure.core.pipeline.policies.http_logging_policy - INFO - Response status: 200
2026-02-18T13:14:17.1447497Z Response headers:
2026-02-18T13:14:17.1447527Z     'Transfer-Encoding': 'chunked'
2026-02-18T13:14:17.1447551Z     'Content-Type': 'application/json; charset=utf-8'
2026-02-18T13:14:17.1447570Z     'Server': 'Microsoft-HTTPAPI/2.0'
2026-02-18T13:14:17.1447590Z     'Strict-Transport-Security': 'REDACTED'
2026-02-18T13:14:17.1447612Z     'X-Content-Type-Options': 'REDACTED'
2026-02-18T13:14:17.1447632Z     'Date': 'Wed, 18 Feb 2026 13:14:16 GMT'
2026-02-18T13:14:17.1453154Z 2026-02-18 13:14:17,145 - azure.monitor.opentelemetry.exporter.export._base - INFO - Transmission succeeded: Item received: 3. Items accepted: 3
2026-02-18T13:14:20.4474646Z 2026-02-18 13:14:20,447 - azure.core.pipeline.policies.http_logging_policy - INFO - Request URL: 'https://westus2-2.in.applicationinsights.azure.com//v2.1/track'
2026-02-18T13:14:20.4475189Z Request method: 'POST'
2026-02-18T13:14:20.4475227Z Request headers:
2026-02-18T13:14:20.4475254Z     'Content-Type': 'application/json'
2026-02-18T13:14:20.4475278Z     'Content-Length': '3720'
2026-02-18T13:14:20.4475297Z     'Accept': 'application/json'
2026-02-18T13:14:20.4475322Z     'x-ms-client-request-id': 'bc6ed57a-0ccb-11f1-9d9d-96dd9b170a45'
2026-02-18T13:14:20.4475351Z     'User-Agent': 'azsdk-python-azuremonitorclient/unknown Python/3.11.14 (Linux-6.6.119.3-1.azl3-x86_64-with-glibc2.31)'
2026-02-18T13:14:20.4475370Z A body is sent with the request
2026-02-18T13:14:20.5037034Z 2026-02-18 13:14:20,503 - azure.core.pipeline.policies.http_logging_policy - INFO - Response status: 200
2026-02-18T13:14:20.5037593Z Response headers:
2026-02-18T13:14:20.5037630Z     'Transfer-Encoding': 'chunked'
2026-02-18T13:14:20.5037652Z     'Content-Type': 'application/json; charset=utf-8'
2026-02-18T13:14:20.5037671Z     'Server': 'Microsoft-HTTPAPI/2.0'
2026-02-18T13:14:20.5037690Z     'Strict-Transport-Security': 'REDACTED'
2026-02-18T13:14:20.5037710Z     'X-Content-Type-Options': 'REDACTED'
2026-02-18T13:14:20.5037730Z     'Date': 'Wed, 18 Feb 2026 13:14:19 GMT'
2026-02-18T13:14:20.5043444Z 2026-02-18 13:14:20,503 - azure.monitor.opentelemetry.exporter.export._base - INFO - Transmission succeeded: Item received: 3. Items accepted: 3
2026-02-18T13:14:22.1483859Z 2026-02-18 13:14:22,148 - azure.core.pipeline.policies.http_logging_policy - INFO - Request URL: 'https://westus2-2.in.applicationinsights.azure.com//v2.1/track'
2026-02-18T13:14:22.1484310Z Request method: 'POST'
2026-02-18T13:14:22.1484332Z Request headers:
2026-02-18T13:14:22.1484352Z     'Content-Type': 'application/json'
2026-02-18T13:14:22.1484374Z     'Content-Length': '3719'
2026-02-18T13:14:22.1484395Z     'Accept': 'application/json'
2026-02-18T13:14:22.1484416Z     'x-ms-client-request-id': 'bd7251d6-0ccb-11f1-b119-96dd9b170a45'
2026-02-18T13:14:22.1484440Z     'User-Agent': 'azsdk-python-azuremonitorclient/unknown Python/3.11.14 (Linux-6.6.119.3-1.azl3-x86_64-with-glibc2.31)'
2026-02-18T13:14:22.1484461Z A body is sent with the request
2026-02-18T13:14:22.1951890Z 2026-02-18 13:14:22,195 - azure.core.pipeline.policies.http_logging_policy - INFO - Response status: 200
2026-02-18T13:14:22.1952227Z Response headers:
2026-02-18T13:14:22.1952259Z     'Transfer-Encoding': 'chunked'
2026-02-18T13:14:22.1952328Z     'Content-Type': 'application/json; charset=utf-8'
2026-02-18T13:14:22.1952346Z     'Server': 'Microsoft-HTTPAPI/2.0'
2026-02-18T13:14:22.1952366Z     'Strict-Transport-Security': 'REDACTED'
2026-02-18T13:14:22.1952384Z     'X-Content-Type-Options': 'REDACTED'
2026-02-18T13:14:22.1952406Z     'Date': 'Wed, 18 Feb 2026 13:14:21 GMT'
2026-02-18T13:14:22.1957495Z 2026-02-18 13:14:22,195 - azure.monitor.opentelemetry.exporter.export._base - INFO - Transmission succeeded: Item received: 3. Items accepted: 3
2026-02-18T13:14:25.5058646Z 2026-02-18 13:14:25,505 - azure.core.pipeline.policies.http_logging_policy - INFO - Request URL: 'https://westus2-2.in.applicationinsights.azure.com//v2.1/track'
2026-02-18T13:14:25.5059041Z Request method: 'POST'
2026-02-18T13:14:25.5059070Z Request headers:
2026-02-18T13:14:25.5059147Z     'Content-Type': 'application/json'
2026-02-18T13:14:25.5059167Z     'Content-Length': '3719'
2026-02-18T13:14:25.5059186Z     'Accept': 'application/json'
2026-02-18T13:14:25.5059208Z     'x-ms-client-request-id': 'bf72b1d8-0ccb-11f1-9d9d-96dd9b170a45'
2026-02-18T13:14:25.5059230Z     'User-Agent': 'azsdk-python-azuremonitorclient/unknown Python/3.11.14 (Linux-6.6.119.3-1.azl3-x86_64-with-glibc2.31)'
2026-02-18T13:14:25.5059249Z A body is sent with the request
2026-02-18T13:14:25.6020175Z 2026-02-18 13:14:25,601 - azure.core.pipeline.policies.http_logging_policy - INFO - Response status: 200
2026-02-18T13:14:25.6020531Z Response headers:
2026-02-18T13:14:25.6020559Z     'Transfer-Encoding': 'chunked'
2026-02-18T13:14:25.6020587Z     'Content-Type': 'application/json; charset=utf-8'
2026-02-18T13:14:25.6020607Z     'Server': 'Microsoft-HTTPAPI/2.0'
2026-02-18T13:14:25.6020681Z     'Strict-Transport-Security': 'REDACTED'
2026-02-18T13:14:25.6020702Z     'X-Content-Type-Options': 'REDACTED'
2026-02-18T13:14:25.6020721Z     'Date': 'Wed, 18 Feb 2026 13:14:24 GMT'
2026-02-18T13:14:25.6035807Z 2026-02-18 13:14:25,602 - azure.monitor.opentelemetry.exporter.export._base - INFO - Transmission succeeded: Item received: 3. Items accepted: 3
2026-02-18T13:14:27.1974568Z 2026-02-18 13:14:27,197 - azure.core.pipeline.policies.http_logging_policy - INFO - Request URL: 'https://westus2-2.in.applicationinsights.azure.com//v2.1/track'
2026-02-18T13:14:27.1974943Z Request method: 'POST'
2026-02-18T13:14:27.1974968Z Request headers:
2026-02-18T13:14:27.1974992Z     'Content-Type': 'application/json'
2026-02-18T13:14:27.1975015Z     'Content-Length': '3719'
2026-02-18T13:14:27.1975037Z     'Accept': 'application/json'
2026-02-18T13:14:27.1975125Z     'x-ms-client-request-id': 'c074cb84-0ccb-11f1-b119-96dd9b170a45'
2026-02-18T13:14:27.1975152Z     'User-Agent': 'azsdk-python-azuremonitorclient/unknown Python/3.11.14 (Linux-6.6.119.3-1.azl3-x86_64-with-glibc2.31)'
2026-02-18T13:14:27.1975171Z A body is sent with the request
2026-02-18T13:14:27.3004280Z 2026-02-18 13:14:27,300 - azure.core.pipeline.policies.http_logging_policy - INFO - Response status: 200
2026-02-18T13:14:27.3004659Z Response headers:
2026-02-18T13:14:27.3004691Z     'Transfer-Encoding': 'chunked'
2026-02-18T13:14:27.3004712Z     'Content-Type': 'application/json; charset=utf-8'
2026-02-18T13:14:27.3004732Z     'Server': 'Microsoft-HTTPAPI/2.0'
2026-02-18T13:14:27.3004757Z     'Strict-Transport-Security': 'REDACTED'
2026-02-18T13:14:27.3004775Z     'X-Content-Type-Options': 'REDACTED'
2026-02-18T13:14:27.3004797Z     'Date': 'Wed, 18 Feb 2026 13:14:26 GMT'
2026-02-18T13:14:27.3010933Z 2026-02-18 13:14:27,300 - azure.monitor.opentelemetry.exporter.export._base - INFO - Transmission succeeded: Item received: 3. Items accepted: 3
2026-02-18T13:14:30.6046757Z 2026-02-18 13:14:30,604 - azure.core.pipeline.policies.http_logging_policy - INFO - Request URL: 'https://westus2-2.in.applicationinsights.azure.com//v2.1/track'
2026-02-18T13:14:30.6047251Z Request method: 'POST'
2026-02-18T13:14:30.6047284Z Request headers:
2026-02-18T13:14:30.6047304Z     'Content-Type': 'application/json'
2026-02-18T13:14:30.6047321Z     'Content-Length': '3719'
2026-02-18T13:14:30.6047338Z     'Accept': 'application/json'
2026-02-18T13:14:30.6047356Z     'x-ms-client-request-id': 'c27cac6c-0ccb-11f1-9d9d-96dd9b170a45'
2026-02-18T13:14:30.6047377Z     'User-Agent': 'azsdk-python-azuremonitorclient/unknown Python/3.11.14 (Linux-6.6.119.3-1.azl3-x86_64-with-glibc2.31)'
2026-02-18T13:14:30.6047466Z A body is sent with the request
2026-02-18T13:14:30.7264233Z 2026-02-18 13:14:30,726 - azure.core.pipeline.policies.http_logging_policy - INFO - Response status: 200
2026-02-18T13:14:30.7264878Z Response headers:
2026-02-18T13:14:30.7264910Z     'Transfer-Encoding': 'chunked'
2026-02-18T13:14:30.7264935Z     'Content-Type': 'application/json; charset=utf-8'
2026-02-18T13:14:30.7264961Z     'Server': 'Microsoft-HTTPAPI/2.0'
2026-02-18T13:14:30.7264986Z     'Strict-Transport-Security': 'REDACTED'
2026-02-18T13:14:30.7265008Z     'X-Content-Type-Options': 'REDACTED'
2026-02-18T13:14:30.7265031Z     'Date': 'Wed, 18 Feb 2026 13:14:29 GMT'
2026-02-18T13:14:30.7272446Z 2026-02-18 13:14:30,726 - azure.monitor.opentelemetry.exporter.export._base - INFO - Transmission succeeded: Item received: 3. Items accepted: 3
2026-02-18T13:14:32.3033890Z 2026-02-18 13:14:32,303 - azure.core.pipeline.policies.http_logging_policy - INFO - Request URL: 'https://westus2-2.in.applicationinsights.azure.com//v2.1/track'
2026-02-18T13:14:32.3034362Z Request method: 'POST'
2026-02-18T13:14:32.3034396Z Request headers:
2026-02-18T13:14:32.3034420Z     'Content-Type': 'application/json'
2026-02-18T13:14:32.3034442Z     'Content-Length': '3720'
2026-02-18T13:14:32.3034463Z     'Accept': 'application/json'
2026-02-18T13:14:32.3034487Z     'x-ms-client-request-id': 'c37fe30e-0ccb-11f1-b119-96dd9b170a45'
2026-02-18T13:14:32.3034512Z     'User-Agent': 'azsdk-python-azuremonitorclient/unknown Python/3.11.14 (Linux-6.6.119.3-1.azl3-x86_64-with-glibc2.31)'
2026-02-18T13:14:32.3034532Z A body is sent with the request
2026-02-18T13:14:32.3871229Z 2026-02-18 13:14:32,386 - azure.core.pipeline.policies.http_logging_policy - INFO - Response status: 200
2026-02-18T13:14:32.3871636Z Response headers:
2026-02-18T13:14:32.3871666Z     'Transfer-Encoding': 'chunked'
2026-02-18T13:14:32.3871689Z     'Content-Type': 'application/json; charset=utf-8'
2026-02-18T13:14:32.3871712Z     'Server': 'Microsoft-HTTPAPI/2.0'
2026-02-18T13:14:32.3871735Z     'Strict-Transport-Security': 'REDACTED'
2026-02-18T13:14:32.3871760Z     'X-Content-Type-Options': 'REDACTED'
2026-02-18T13:14:32.3871784Z     'Date': 'Wed, 18 Feb 2026 13:14:31 GMT'
2026-02-18T13:14:32.3871815Z 2026-02-18 13:14:32,386 - azure.monitor.opentelemetry.exporter.export._base - INFO - Transmission succeeded: Item received: 3. Items accepted: 3
2026-02-18T13:14:35.7290208Z 2026-02-18 13:14:35,728 - azure.core.pipeline.policies.http_logging_policy - INFO - Request URL: 'https://westus2-2.in.applicationinsights.azure.com//v2.1/track'
2026-02-18T13:14:35.7290586Z Request method: 'POST'
2026-02-18T13:14:35.7290613Z Request headers:
2026-02-18T13:14:35.7290696Z     'Content-Type': 'application/json'
2026-02-18T13:14:35.7290717Z     'Content-Length': '3720'
2026-02-18T13:14:35.7290736Z     'Accept': 'application/json'
2026-02-18T13:14:35.7290760Z     'x-ms-client-request-id': 'c58a9900-0ccb-11f1-9d9d-96dd9b170a45'
2026-02-18T13:14:35.7290785Z     'User-Agent': 'azsdk-python-azuremonitorclient/unknown Python/3.11.14 (Linux-6.6.119.3-1.azl3-x86_64-with-glibc2.31)'
2026-02-18T13:14:35.7290806Z A body is sent with the request
2026-02-18T13:14:35.8114634Z 2026-02-18 13:14:35,811 - azure.core.pipeline.policies.http_logging_policy - INFO - Response status: 200
2026-02-18T13:14:35.8114997Z Response headers:
2026-02-18T13:14:35.8115024Z     'Transfer-Encoding': 'chunked'
2026-02-18T13:14:35.8115050Z     'Content-Type': 'application/json; charset=utf-8'
2026-02-18T13:14:35.8115119Z     'Server': 'Microsoft-HTTPAPI/2.0'
2026-02-18T13:14:35.8115142Z     'Strict-Transport-Security': 'REDACTED'
2026-02-18T13:14:35.8115163Z     'X-Content-Type-Options': 'REDACTED'
2026-02-18T13:14:35.8115183Z     'Date': 'Wed, 18 Feb 2026 13:14:34 GMT'
2026-02-18T13:14:35.8120355Z 2026-02-18 13:14:35,811 - azure.monitor.opentelemetry.exporter.export._base - INFO - Transmission succeeded: Item received: 3. Items accepted: 3
2026-02-18T13:14:37.3885188Z 2026-02-18 13:14:37,388 - azure.core.pipeline.policies.http_logging_policy - INFO - Request URL: 'https://westus2-2.in.applicationinsights.azure.com//v2.1/track'
2026-02-18T13:14:37.3885595Z Request method: 'POST'
2026-02-18T13:14:37.3885626Z Request headers:
2026-02-18T13:14:37.3885648Z     'Content-Type': 'application/json'
2026-02-18T13:14:37.3885671Z     'Content-Length': '3720'
2026-02-18T13:14:37.3885750Z     'Accept': 'application/json'
2026-02-18T13:14:37.3885774Z     'x-ms-client-request-id': 'c687d3d6-0ccb-11f1-b119-96dd9b170a45'
2026-02-18T13:14:37.3885799Z     'User-Agent': 'azsdk-python-azuremonitorclient/unknown Python/3.11.14 (Linux-6.6.119.3-1.azl3-x86_64-with-glibc2.31)'
2026-02-18T13:14:37.3885820Z A body is sent with the request
2026-02-18T13:14:37.5765343Z 2026-02-18 13:14:37,576 - azure.core.pipeline.policies.http_logging_policy - INFO - Response status: 200
2026-02-18T13:14:37.5765681Z Response headers:
2026-02-18T13:14:37.5765709Z     'Transfer-Encoding': 'chunked'
2026-02-18T13:14:37.5765732Z     'Content-Type': 'application/json; charset=utf-8'
2026-02-18T13:14:37.5765753Z     'Server': 'Microsoft-HTTPAPI/2.0'
2026-02-18T13:14:37.5765772Z     'Strict-Transport-Security': 'REDACTED'
2026-02-18T13:14:37.5765790Z     'X-Content-Type-Options': 'REDACTED'
2026-02-18T13:14:37.5765861Z     'Date': 'Wed, 18 Feb 2026 13:14:36 GMT'
2026-02-18T13:14:37.5769427Z 2026-02-18 13:14:37,576 - azure.monitor.opentelemetry.exporter.export._base - INFO - Transmission succeeded: Item received: 3. Items accepted: 3
2026-02-18T13:14:40.8143163Z 2026-02-18 13:14:40,814 - azure.core.pipeline.policies.http_logging_policy - INFO - Request URL: 'https://westus2-2.in.applicationinsights.azure.com//v2.1/track'
2026-02-18T13:14:40.8143523Z Request method: 'POST'
2026-02-18T13:14:40.8143549Z Request headers:
2026-02-18T13:14:40.8143571Z     'Content-Type': 'application/json'
2026-02-18T13:14:40.8143596Z     'Content-Length': '3720'
2026-02-18T13:14:40.8143614Z     'Accept': 'application/json'
2026-02-18T13:14:40.8143635Z     'x-ms-client-request-id': 'c8929468-0ccb-11f1-9d9d-96dd9b170a45'
2026-02-18T13:14:40.8143702Z     'User-Agent': 'azsdk-python-azuremonitorclient/unknown Python/3.11.14 (Linux-6.6.119.3-1.azl3-x86_64-with-glibc2.31)'
2026-02-18T13:14:40.8143726Z A body is sent with the request
2026-02-18T13:14:40.9919512Z 2026-02-18 13:14:40,991 - azure.core.pipeline.policies.http_logging_policy - INFO - Response status: 200
2026-02-18T13:14:40.9919896Z Response headers:
2026-02-18T13:14:40.9919931Z     'Transfer-Encoding': 'chunked'
2026-02-18T13:14:40.9919954Z     'Content-Type': 'application/json; charset=utf-8'
2026-02-18T13:14:40.9919974Z     'Server': 'Microsoft-HTTPAPI/2.0'
2026-02-18T13:14:40.9919997Z     'Strict-Transport-Security': 'REDACTED'
2026-02-18T13:14:40.9920019Z     'X-Content-Type-Options': 'REDACTED'
2026-02-18T13:14:40.9920039Z     'Date': 'Wed, 18 Feb 2026 13:14:40 GMT'
2026-02-18T13:14:40.9925176Z 2026-02-18 13:14:40,992 - azure.monitor.opentelemetry.exporter.export._base - INFO - Transmission succeeded: Item received: 3. Items accepted: 3
2026-02-18T13:14:42.5787582Z 2026-02-18 13:14:42,578 - azure.core.pipeline.policies.http_logging_policy - INFO - Request URL: 'https://westus2-2.in.applicationinsights.azure.com//v2.1/track'
2026-02-18T13:14:42.5788349Z Request method: 'POST'
2026-02-18T13:14:42.5788377Z Request headers:
2026-02-18T13:14:42.5788405Z     'Content-Type': 'application/json'
2026-02-18T13:14:42.5788421Z     'Content-Length': '3720'
2026-02-18T13:14:42.5788440Z     'Accept': 'application/json'
2026-02-18T13:14:42.5788464Z     'x-ms-client-request-id': 'c99fced4-0ccb-11f1-b119-96dd9b170a45'
2026-02-18T13:14:42.5788488Z     'User-Agent': 'azsdk-python-azuremonitorclient/unknown Python/3.11.14 (Linux-6.6.119.3-1.azl3-x86_64-with-glibc2.31)'
2026-02-18T13:14:42.5788511Z A body is sent with the request
2026-02-18T13:14:42.6895187Z 2026-02-18 13:14:42,689 - azure.core.pipeline.policies.http_logging_policy - INFO - Response status: 200
2026-02-18T13:14:42.6895579Z Response headers:
2026-02-18T13:14:42.6895604Z     'Transfer-Encoding': 'chunked'
2026-02-18T13:14:42.6895627Z     'Content-Type': 'application/json; charset=utf-8'
2026-02-18T13:14:42.6895648Z     'Server': 'Microsoft-HTTPAPI/2.0'
2026-02-18T13:14:42.6895671Z     'Strict-Transport-Security': 'REDACTED'
2026-02-18T13:14:42.6895689Z     'X-Content-Type-Options': 'REDACTED'
2026-02-18T13:14:42.6895709Z     'Date': 'Wed, 18 Feb 2026 13:14:42 GMT'
2026-02-18T13:14:42.6901082Z 2026-02-18 13:14:42,689 - azure.monitor.opentelemetry.exporter.export._base - INFO - Transmission succeeded: Item received: 3. Items accepted: 3
2026-02-18T13:14:45.9961806Z 2026-02-18 13:14:45,995 - azure.core.pipeline.policies.http_logging_policy - INFO - Request URL: 'https://westus2-2.in.applicationinsights.azure.com//v2.1/track'
2026-02-18T13:14:45.9962271Z Request method: 'POST'
2026-02-18T13:14:45.9962297Z Request headers:
2026-02-18T13:14:45.9962317Z     'Content-Type': 'application/json'
2026-02-18T13:14:45.9962337Z     'Content-Length': '3719'
2026-02-18T13:14:45.9962358Z     'Accept': 'application/json'
2026-02-18T13:14:45.9962378Z     'x-ms-client-request-id': 'cba93256-0ccb-11f1-9d9d-96dd9b170a45'
2026-02-18T13:14:45.9963337Z     'User-Agent': 'azsdk-python-azuremonitorclient/unknown Python/3.11.14 (Linux-6.6.119.3-1.azl3-x86_64-with-glibc2.31)'
2026-02-18T13:14:45.9963358Z A body is sent with the request
2026-02-18T13:14:46.0291411Z 2026-02-18 13:14:46,028 - azure.core.pipeline.policies.http_logging_policy - INFO - Response status: 200
2026-02-18T13:14:46.0291771Z Response headers:
2026-02-18T13:14:46.0291801Z     'Transfer-Encoding': 'chunked'
2026-02-18T13:14:46.0291884Z     'Content-Type': 'application/json; charset=utf-8'
2026-02-18T13:14:46.0291904Z     'Server': 'Microsoft-HTTPAPI/2.0'
2026-02-18T13:14:46.0291927Z     'Strict-Transport-Security': 'REDACTED'
2026-02-18T13:14:46.0291947Z     'X-Content-Type-Options': 'REDACTED'
2026-02-18T13:14:46.0291968Z     'Date': 'Wed, 18 Feb 2026 13:14:45 GMT'
2026-02-18T13:14:46.0297227Z 2026-02-18 13:14:46,029 - azure.monitor.opentelemetry.exporter.export._base - INFO - Transmission succeeded: Item received: 3. Items accepted: 3
2026-02-18T13:14:47.6918377Z 2026-02-18 13:14:47,691 - azure.core.pipeline.policies.http_logging_policy - INFO - Request URL: 'https://westus2-2.in.applicationinsights.azure.com//v2.1/track'
2026-02-18T13:14:47.6918813Z Request method: 'POST'
2026-02-18T13:14:47.6918842Z Request headers:
2026-02-18T13:14:47.6918865Z     'Content-Type': 'application/json'
2026-02-18T13:14:47.6918953Z     'Content-Length': '3720'
2026-02-18T13:14:47.6918972Z     'Accept': 'application/json'
2026-02-18T13:14:47.6918996Z     'x-ms-client-request-id': 'ccabfd6e-0ccb-11f1-b119-96dd9b170a45'
2026-02-18T13:14:47.6919024Z     'User-Agent': 'azsdk-python-azuremonitorclient/unknown Python/3.11.14 (Linux-6.6.119.3-1.azl3-x86_64-with-glibc2.31)'
2026-02-18T13:14:47.6919045Z A body is sent with the request
2026-02-18T13:14:47.8653585Z 2026-02-18 13:14:47,865 - azure.core.pipeline.policies.http_logging_policy - INFO - Response status: 200
2026-02-18T13:14:47.8654000Z Response headers:
2026-02-18T13:14:47.8654031Z     'Transfer-Encoding': 'chunked'
2026-02-18T13:14:47.8654053Z     'Content-Type': 'application/json; charset=utf-8'
2026-02-18T13:14:47.8654071Z     'Server': 'Microsoft-HTTPAPI/2.0'
2026-02-18T13:14:47.8654147Z     'Strict-Transport-Security': 'REDACTED'
2026-02-18T13:14:47.8654168Z     'X-Content-Type-Options': 'REDACTED'
2026-02-18T13:14:47.8654187Z     'Date': 'Wed, 18 Feb 2026 13:14:47 GMT'
2026-02-18T13:14:47.8659247Z 2026-02-18 13:14:47,865 - azure.monitor.opentelemetry.exporter.export._base - INFO - Transmission succeeded: Item received: 3. Items accepted: 3
2026-02-18T13:14:51.0355499Z 2026-02-18 13:14:51,035 - azure.core.pipeline.policies.http_logging_policy - INFO - Request URL: 'https://westus2-2.in.applicationinsights.azure.com//v2.1/track'
2026-02-18T13:14:51.0355879Z Request method: 'POST'
2026-02-18T13:14:51.0355907Z Request headers:
2026-02-18T13:14:51.0355934Z     'Content-Type': 'application/json'
2026-02-18T13:14:51.0355958Z     'Content-Length': '3720'
2026-02-18T13:14:51.0355976Z     'Accept': 'application/json'
2026-02-18T13:14:51.0356038Z     'x-ms-client-request-id': 'ceaa370c-0ccb-11f1-9d9d-96dd9b170a45'
2026-02-18T13:14:51.0356063Z     'User-Agent': 'azsdk-python-azuremonitorclient/unknown Python/3.11.14 (Linux-6.6.119.3-1.azl3-x86_64-with-glibc2.31)'
2026-02-18T13:14:51.0356083Z A body is sent with the request
2026-02-18T13:14:51.2217902Z 2026-02-18 13:14:51,221 - azure.core.pipeline.policies.http_logging_policy - INFO - Response status: 200
2026-02-18T13:14:51.2218290Z Response headers:
2026-02-18T13:14:51.2218318Z     'Transfer-Encoding': 'chunked'
2026-02-18T13:14:51.2218338Z     'Content-Type': 'application/json; charset=utf-8'
2026-02-18T13:14:51.2218359Z     'Server': 'Microsoft-HTTPAPI/2.0'
2026-02-18T13:14:51.2218377Z     'Strict-Transport-Security': 'REDACTED'
2026-02-18T13:14:51.2218395Z     'X-Content-Type-Options': 'REDACTED'
2026-02-18T13:14:51.2218414Z     'Date': 'Wed, 18 Feb 2026 13:14:51 GMT'
2026-02-18T13:14:51.2224423Z 2026-02-18 13:14:51,222 - azure.monitor.opentelemetry.exporter.export._base - INFO - Transmission succeeded: Item received: 3. Items accepted: 3
2026-02-18T13:14:52.8675210Z 2026-02-18 13:14:52,867 - azure.core.pipeline.policies.http_logging_policy - INFO - Request URL: 'https://westus2-2.in.applicationinsights.azure.com//v2.1/track'
2026-02-18T13:14:52.8675902Z Request method: 'POST'
2026-02-18T13:14:52.8675928Z Request headers:
2026-02-18T13:14:52.8675947Z     'Content-Type': 'application/json'
2026-02-18T13:14:52.8676169Z     'Content-Length': '3720'
2026-02-18T13:14:52.8676191Z     'Accept': 'application/json'
2026-02-18T13:14:52.8676216Z     'x-ms-client-request-id': 'cfc1bf16-0ccb-11f1-b119-96dd9b170a45'
2026-02-18T13:14:52.8676238Z     'User-Agent': 'azsdk-python-azuremonitorclient/unknown Python/3.11.14 (Linux-6.6.119.3-1.azl3-x86_64-with-glibc2.31)'
2026-02-18T13:14:52.8676257Z A body is sent with the request
2026-02-18T13:14:52.9885763Z 2026-02-18 13:14:52,988 - azure.core.pipeline.policies.http_logging_policy - INFO - Response status: 200
2026-02-18T13:14:52.9886435Z Response headers:
2026-02-18T13:14:52.9886468Z     'Transfer-Encoding': 'chunked'
2026-02-18T13:14:52.9886492Z     'Content-Type': 'application/json; charset=utf-8'
2026-02-18T13:14:52.9886509Z     'Server': 'Microsoft-HTTPAPI/2.0'
2026-02-18T13:14:52.9886530Z     'Strict-Transport-Security': 'REDACTED'
2026-02-18T13:14:52.9886726Z     'X-Content-Type-Options': 'REDACTED'
2026-02-18T13:14:52.9886746Z     'Date': 'Wed, 18 Feb 2026 13:14:52 GMT'
2026-02-18T13:14:52.9893012Z 2026-02-18 13:14:52,988 - azure.monitor.opentelemetry.exporter.export._base - INFO - Transmission succeeded: Item received: 3. Items accepted: 3
2026-02-18T13:14:56.2256683Z 2026-02-18 13:14:56,225 - azure.core.pipeline.policies.http_logging_policy - INFO - Request URL: 'https://westus2-2.in.applicationinsights.azure.com//v2.1/track'
2026-02-18T13:14:56.2257184Z Request method: 'POST'
2026-02-18T13:14:56.2257219Z Request headers:
2026-02-18T13:14:56.2257241Z     'Content-Type': 'application/json'
2026-02-18T13:14:56.2257260Z     'Content-Length': '3720'
2026-02-18T13:14:56.2257278Z     'Accept': 'application/json'
2026-02-18T13:14:56.2257298Z     'x-ms-client-request-id': 'd1c22ab2-0ccb-11f1-9d9d-96dd9b170a45'
2026-02-18T13:14:56.2257528Z     'User-Agent': 'azsdk-python-azuremonitorclient/unknown Python/3.11.14 (Linux-6.6.119.3-1.azl3-x86_64-with-glibc2.31)'
2026-02-18T13:14:56.2257549Z A body is sent with the request
2026-02-18T13:14:56.3169158Z 2026-02-18 13:14:56,316 - azure.core.pipeline.policies.http_logging_policy - INFO - Response status: 200
2026-02-18T13:14:56.3169517Z Response headers:
2026-02-18T13:14:56.3169545Z     'Transfer-Encoding': 'chunked'
2026-02-18T13:14:56.3169571Z     'Content-Type': 'application/json; charset=utf-8'
2026-02-18T13:14:56.3169596Z     'Server': 'Microsoft-HTTPAPI/2.0'
2026-02-18T13:14:56.3169620Z     'Strict-Transport-Security': 'REDACTED'
2026-02-18T13:14:56.3169640Z     'X-Content-Type-Options': 'REDACTED'
2026-02-18T13:14:56.3169659Z     'Date': 'Wed, 18 Feb 2026 13:14:56 GMT'
2026-02-18T13:14:56.3182615Z 2026-02-18 13:14:56,317 - azure.monitor.opentelemetry.exporter.export._base - INFO - Transmission succeeded: Item received: 3. Items accepted: 3
2026-02-18T13:14:57.9907673Z 2026-02-18 13:14:57,990 - azure.core.pipeline.policies.http_logging_policy - INFO - Request URL: 'https://westus2-2.in.applicationinsights.azure.com//v2.1/track'
2026-02-18T13:14:57.9908048Z Request method: 'POST'
2026-02-18T13:14:57.9908073Z Request headers:
2026-02-18T13:14:57.9908092Z     'Content-Type': 'application/json'
2026-02-18T13:14:57.9908115Z     'Content-Length': '3720'
2026-02-18T13:14:57.9908133Z     'Accept': 'application/json'
2026-02-18T13:14:57.9908152Z     'x-ms-client-request-id': 'd2cf7fd6-0ccb-11f1-b119-96dd9b170a45'
2026-02-18T13:14:57.9908174Z     'User-Agent': 'azsdk-python-azuremonitorclient/unknown Python/3.11.14 (Linux-6.6.119.3-1.azl3-x86_64-with-glibc2.31)'
2026-02-18T13:14:57.9908193Z A body is sent with the request
2026-02-18T13:14:58.0767707Z 2026-02-18 13:14:58,076 - azure.core.pipeline.policies.http_logging_policy - INFO - Response status: 200
2026-02-18T13:14:58.0768059Z Response headers:
2026-02-18T13:14:58.0768087Z     'Transfer-Encoding': 'chunked'
2026-02-18T13:14:58.0768113Z     'Content-Type': 'application/json; charset=utf-8'
2026-02-18T13:14:58.0768134Z     'Server': 'Microsoft-HTTPAPI/2.0'
2026-02-18T13:14:58.0768158Z     'Strict-Transport-Security': 'REDACTED'
2026-02-18T13:14:58.0768179Z     'X-Content-Type-Options': 'REDACTED'
2026-02-18T13:14:58.0768199Z     'Date': 'Wed, 18 Feb 2026 13:14:57 GMT'
2026-02-18T13:14:58.0775336Z 2026-02-18 13:14:58,077 - azure.monitor.opentelemetry.exporter.export._base - INFO - Transmission succeeded: Item received: 3. Items accepted: 3
2026-02-18T13:15:01.3190815Z 2026-02-18 13:15:01,318 - azure.core.pipeline.policies.http_logging_policy - INFO - Request URL: 'https://westus2-2.in.applicationinsights.azure.com//v2.1/track'
2026-02-18T13:15:01.3191235Z Request method: 'POST'
2026-02-18T13:15:01.3191263Z Request headers:
2026-02-18T13:15:01.3191285Z     'Content-Type': 'application/json'
2026-02-18T13:15:01.3191308Z     'Content-Length': '3720'
2026-02-18T13:15:01.3191329Z     'Accept': 'application/json'
2026-02-18T13:15:01.3191351Z     'x-ms-client-request-id': 'd4cb5968-0ccb-11f1-9d9d-96dd9b170a45'
2026-02-18T13:15:01.3191376Z     'User-Agent': 'azsdk-python-azuremonitorclient/unknown Python/3.11.14 (Linux-6.6.119.3-1.azl3-x86_64-with-glibc2.31)'
2026-02-18T13:15:01.3191395Z A body is sent with the request
2026-02-18T13:15:01.3638565Z 2026-02-18 13:15:01,363 - azure.core.pipeline.policies.http_logging_policy - INFO - Response status: 200
2026-02-18T13:15:01.3638960Z Response headers:
2026-02-18T13:15:01.3639184Z     'Transfer-Encoding': 'chunked'
2026-02-18T13:15:01.3639208Z     'Content-Type': 'application/json; charset=utf-8'
2026-02-18T13:15:01.3639228Z     'Server': 'Microsoft-HTTPAPI/2.0'
2026-02-18T13:15:01.3639249Z     'Strict-Transport-Security': 'REDACTED'
2026-02-18T13:15:01.3639268Z     'X-Content-Type-Options': 'REDACTED'
2026-02-18T13:15:01.3639288Z     'Date': 'Wed, 18 Feb 2026 13:15:01 GMT'
2026-02-18T13:15:01.3647621Z 2026-02-18 13:15:01,364 - azure.monitor.opentelemetry.exporter.export._base - INFO - Transmission succeeded: Item received: 3. Items accepted: 3
2026-02-18T13:15:03.0822563Z 2026-02-18 13:15:03,082 - azure.core.pipeline.policies.http_logging_policy - INFO - Request URL: 'https://westus2-2.in.applicationinsights.azure.com//v2.1/track'
2026-02-18T13:15:03.0823088Z Request method: 'POST'
2026-02-18T13:15:03.0823118Z Request headers:
2026-02-18T13:15:03.0823546Z     'Content-Type': 'application/json'
2026-02-18T13:15:03.0823566Z     'Content-Length': '3719'
2026-02-18T13:15:03.0823583Z     'Accept': 'application/json'
2026-02-18T13:15:03.0826849Z     'x-ms-client-request-id': 'd5d85fa4-0ccb-11f1-b119-96dd9b170a45'
2026-02-18T13:15:03.0826911Z     'User-Agent': 'azsdk-python-azuremonitorclient/unknown Python/3.11.14 (Linux-6.6.119.3-1.azl3-x86_64-with-glibc2.31)'
2026-02-18T13:15:03.0826931Z A body is sent with the request
2026-02-18T13:15:03.1725715Z 2026-02-18 13:15:03,172 - azure.core.pipeline.policies.http_logging_policy - INFO - Response status: 200
2026-02-18T13:15:03.1726116Z Response headers:
2026-02-18T13:15:03.1726144Z     'Transfer-Encoding': 'chunked'
2026-02-18T13:15:03.1726163Z     'Content-Type': 'application/json; charset=utf-8'
2026-02-18T13:15:03.1726546Z     'Server': 'Microsoft-HTTPAPI/2.0'
2026-02-18T13:15:03.1726571Z     'Strict-Transport-Security': 'REDACTED'
2026-02-18T13:15:03.1726588Z     'X-Content-Type-Options': 'REDACTED'
2026-02-18T13:15:03.1726608Z     'Date': 'Wed, 18 Feb 2026 13:15:02 GMT'
2026-02-18T13:15:03.1731363Z 2026-02-18 13:15:03,172 - azure.monitor.opentelemetry.exporter.export._base - INFO - Transmission succeeded: Item received: 3. Items accepted: 3
2026-02-18T13:15:06.3666615Z 2026-02-18 13:15:06,366 - azure.core.pipeline.policies.http_logging_policy - INFO - Request URL: 'https://westus2-2.in.applicationinsights.azure.com//v2.1/track'
2026-02-18T13:15:06.3667157Z Request method: 'POST'
2026-02-18T13:15:06.3667191Z Request headers:
2026-02-18T13:15:06.3667214Z     'Content-Type': 'application/json'
2026-02-18T13:15:06.3667234Z     'Content-Length': '3720'
2026-02-18T13:15:06.3667473Z     'Accept': 'application/json'
2026-02-18T13:15:06.3667496Z     'x-ms-client-request-id': 'd7cd8c30-0ccb-11f1-9d9d-96dd9b170a45'
2026-02-18T13:15:06.3667517Z     'User-Agent': 'azsdk-python-azuremonitorclient/unknown Python/3.11.14 (Linux-6.6.119.3-1.azl3-x86_64-with-glibc2.31)'
2026-02-18T13:15:06.3667534Z A body is sent with the request
2026-02-18T13:15:06.4627298Z 2026-02-18 13:15:06,462 - azure.core.pipeline.policies.http_logging_policy - INFO - Response status: 200
2026-02-18T13:15:06.4627673Z Response headers:
2026-02-18T13:15:06.4627700Z     'Transfer-Encoding': 'chunked'
2026-02-18T13:15:06.4627723Z     'Content-Type': 'application/json; charset=utf-8'
2026-02-18T13:15:06.4627749Z     'Server': 'Microsoft-HTTPAPI/2.0'
2026-02-18T13:15:06.4627771Z     'Strict-Transport-Security': 'REDACTED'
2026-02-18T13:15:06.4627790Z     'X-Content-Type-Options': 'REDACTED'
2026-02-18T13:15:06.4627961Z     'Date': 'Wed, 18 Feb 2026 13:15:06 GMT'
2026-02-18T13:15:06.4633724Z 2026-02-18 13:15:06,462 - azure.monitor.opentelemetry.exporter.export._base - INFO - Transmission succeeded: Item received: 3. Items accepted: 3
2026-02-18T13:15:08.1762452Z 2026-02-18 13:15:08,174 - azure.core.pipeline.policies.http_logging_policy - INFO - Request URL: 'https://westus2-2.in.applicationinsights.azure.com//v2.1/track'
2026-02-18T13:15:08.1763392Z Request method: 'POST'
2026-02-18T13:15:08.1763427Z Request headers:
2026-02-18T13:15:08.1763447Z     'Content-Type': 'application/json'
2026-02-18T13:15:08.1763465Z     'Content-Length': '3720'
2026-02-18T13:15:08.1763482Z     'Accept': 'application/json'
2026-02-18T13:15:08.1763506Z     'x-ms-client-request-id': 'd8e169ca-0ccb-11f1-b119-96dd9b170a45'
2026-02-18T13:15:08.1763703Z     'User-Agent': 'azsdk-python-azuremonitorclient/unknown Python/3.11.14 (Linux-6.6.119.3-1.azl3-x86_64-with-glibc2.31)'
2026-02-18T13:15:08.1763723Z A body is sent with the request
2026-02-18T13:15:08.2450756Z 2026-02-18 13:15:08,244 - azure.core.pipeline.policies.http_logging_policy - INFO - Response status: 200
2026-02-18T13:15:08.2451637Z Response headers:
2026-02-18T13:15:08.2451670Z     'Transfer-Encoding': 'chunked'
2026-02-18T13:15:08.2451692Z     'Content-Type': 'application/json; charset=utf-8'
2026-02-18T13:15:08.2451715Z     'Server': 'Microsoft-HTTPAPI/2.0'
2026-02-18T13:15:08.2451735Z     'Strict-Transport-Security': 'REDACTED'
2026-02-18T13:15:08.2451757Z     'X-Content-Type-Options': 'REDACTED'
2026-02-18T13:15:08.2451777Z     'Date': 'Wed, 18 Feb 2026 13:15:07 GMT'
2026-02-18T13:15:08.2456414Z 2026-02-18 13:15:08,245 - azure.monitor.opentelemetry.exporter.export._base - INFO - Transmission succeeded: Item received: 3. Items accepted: 3
2026-02-18T13:15:11.4650938Z 2026-02-18 13:15:11,464 - azure.core.pipeline.policies.http_logging_policy - INFO - Request URL: 'https://westus2-2.in.applicationinsights.azure.com//v2.1/track'
2026-02-18T13:15:11.4651444Z Request method: 'POST'
2026-02-18T13:15:11.4651476Z Request headers:
2026-02-18T13:15:11.4651495Z     'Content-Type': 'application/json'
2026-02-18T13:15:11.4651515Z     'Content-Length': '3719'
2026-02-18T13:15:11.4651537Z     'Accept': 'application/json'
2026-02-18T13:15:11.4651559Z     'x-ms-client-request-id': 'dad782be-0ccb-11f1-9d9d-96dd9b170a45'
2026-02-18T13:15:11.4651580Z     'User-Agent': 'azsdk-python-azuremonitorclient/unknown Python/3.11.14 (Linux-6.6.119.3-1.azl3-x86_64-with-glibc2.31)'
2026-02-18T13:15:11.4651597Z A body is sent with the request
2026-02-18T13:15:11.5966927Z 2026-02-18 13:15:11,596 - azure.core.pipeline.policies.http_logging_policy - INFO - Response status: 200
2026-02-18T13:15:11.5967962Z Response headers:
2026-02-18T13:15:11.5967999Z     'Transfer-Encoding': 'chunked'
2026-02-18T13:15:11.5968020Z     'Content-Type': 'application/json; charset=utf-8'
2026-02-18T13:15:11.5968041Z     'Server': 'Microsoft-HTTPAPI/2.0'
2026-02-18T13:15:11.5968061Z     'Strict-Transport-Security': 'REDACTED'
2026-02-18T13:15:11.5968080Z     'X-Content-Type-Options': 'REDACTED'
2026-02-18T13:15:11.5968100Z     'Date': 'Wed, 18 Feb 2026 13:15:11 GMT'
2026-02-18T13:15:11.5975926Z 2026-02-18 13:15:11,596 - azure.monitor.opentelemetry.exporter.export._base - INFO - Transmission succeeded: Item received: 3. Items accepted: 3
2026-02-18T13:15:13.2490217Z 2026-02-18 13:15:13,248 - azure.core.pipeline.policies.http_logging_policy - INFO - Request URL: 'https://westus2-2.in.applicationinsights.azure.com//v2.1/track'
2026-02-18T13:15:13.2490860Z Request method: 'POST'
2026-02-18T13:15:13.2490888Z Request headers:
2026-02-18T13:15:13.2490910Z     'Content-Type': 'application/json'
2026-02-18T13:15:13.2490931Z     'Content-Length': '3719'
2026-02-18T13:15:13.2490952Z     'Accept': 'application/json'
2026-02-18T13:15:13.2490976Z     'x-ms-client-request-id': 'dbe7a062-0ccb-11f1-b119-96dd9b170a45'
2026-02-18T13:15:13.2491004Z     'User-Agent': 'azsdk-python-azuremonitorclient/unknown Python/3.11.14 (Linux-6.6.119.3-1.azl3-x86_64-with-glibc2.31)'
2026-02-18T13:15:13.2491029Z A body is sent with the request
2026-02-18T13:15:13.3333344Z 2026-02-18 13:15:13,333 - azure.core.pipeline.policies.http_logging_policy - INFO - Response status: 200
2026-02-18T13:15:13.3333722Z Response headers:
2026-02-18T13:15:13.3333748Z     'Transfer-Encoding': 'chunked'
2026-02-18T13:15:13.3333835Z     'Content-Type': 'application/json; charset=utf-8'
2026-02-18T13:15:13.3333854Z     'Server': 'Microsoft-HTTPAPI/2.0'
2026-02-18T13:15:13.3333874Z     'Strict-Transport-Security': 'REDACTED'
2026-02-18T13:15:13.3333893Z     'X-Content-Type-Options': 'REDACTED'
2026-02-18T13:15:13.3333914Z     'Date': 'Wed, 18 Feb 2026 13:15:12 GMT'
2026-02-18T13:15:13.3340327Z 2026-02-18 13:15:13,333 - azure.monitor.opentelemetry.exporter.export._base - INFO - Transmission succeeded: Item received: 3. Items accepted: 3
2026-02-18T13:15:16.5992313Z 2026-02-18 13:15:16,599 - azure.core.pipeline.policies.http_logging_policy - INFO - Request URL: 'https://westus2-2.in.applicationinsights.azure.com//v2.1/track'
2026-02-18T13:15:16.5992647Z Request method: 'POST'
2026-02-18T13:15:16.5992677Z Request headers:
2026-02-18T13:15:16.5992700Z     'Content-Type': 'application/json'
2026-02-18T13:15:16.5992785Z     'Content-Length': '3719'
2026-02-18T13:15:16.5992806Z     'Accept': 'application/json'
2026-02-18T13:15:16.5992829Z     'x-ms-client-request-id': 'dde6ec06-0ccb-11f1-9d9d-96dd9b170a45'
2026-02-18T13:15:16.5992854Z     'User-Agent': 'azsdk-python-azuremonitorclient/unknown Python/3.11.14 (Linux-6.6.119.3-1.azl3-x86_64-with-glibc2.31)'
2026-02-18T13:15:16.5992876Z A body is sent with the request
2026-02-18T13:15:16.7302716Z 2026-02-18 13:15:16,730 - azure.core.pipeline.policies.http_logging_policy - INFO - Response status: 200
2026-02-18T13:15:16.7303122Z Response headers:
2026-02-18T13:15:16.7303150Z     'Transfer-Encoding': 'chunked'
2026-02-18T13:15:16.7303170Z     'Content-Type': 'application/json; charset=utf-8'
2026-02-18T13:15:16.7303192Z     'Server': 'Microsoft-HTTPAPI/2.0'
2026-02-18T13:15:16.7303267Z     'Strict-Transport-Security': 'REDACTED'
2026-02-18T13:15:16.7303288Z     'X-Content-Type-Options': 'REDACTED'
2026-02-18T13:15:16.7303308Z     'Date': 'Wed, 18 Feb 2026 13:15:16 GMT'
2026-02-18T13:15:16.7309220Z 2026-02-18 13:15:16,730 - azure.monitor.opentelemetry.exporter.export._base - INFO - Transmission succeeded: Item received: 3. Items accepted: 3
2026-02-18T13:15:18.3364192Z 2026-02-18 13:15:18,335 - azure.core.pipeline.policies.http_logging_policy - INFO - Request URL: 'https://westus2-2.in.applicationinsights.azure.com//v2.1/track'
2026-02-18T13:15:18.3364732Z Request method: 'POST'
2026-02-18T13:15:18.3364765Z Request headers:
2026-02-18T13:15:18.3364783Z     'Content-Type': 'application/json'
2026-02-18T13:15:18.3364801Z     'Content-Length': '3720'
2026-02-18T13:15:18.3364823Z     'Accept': 'application/json'
2026-02-18T13:15:18.3364907Z     'x-ms-client-request-id': 'deeff2d2-0ccb-11f1-b119-96dd9b170a45'
2026-02-18T13:15:18.3364929Z     'User-Agent': 'azsdk-python-azuremonitorclient/unknown Python/3.11.14 (Linux-6.6.119.3-1.azl3-x86_64-with-glibc2.31)'
2026-02-18T13:15:18.3364949Z A body is sent with the request
2026-02-18T13:15:18.4957695Z 2026-02-18 13:15:18,495 - azure.core.pipeline.policies.http_logging_policy - INFO - Response status: 200
2026-02-18T13:15:18.4958073Z Response headers:
2026-02-18T13:15:18.4958100Z     'Transfer-Encoding': 'chunked'
2026-02-18T13:15:18.4958125Z     'Content-Type': 'application/json; charset=utf-8'
2026-02-18T13:15:18.4958142Z     'Server': 'Microsoft-HTTPAPI/2.0'
2026-02-18T13:15:18.4958164Z     'Strict-Transport-Security': 'REDACTED'
2026-02-18T13:15:18.4958187Z     'X-Content-Type-Options': 'REDACTED'
2026-02-18T13:15:18.4958206Z     'Date': 'Wed, 18 Feb 2026 13:15:17 GMT'
2026-02-18T13:15:18.4963730Z 2026-02-18 13:15:18,495 - azure.monitor.opentelemetry.exporter.export._base - INFO - Transmission succeeded: Item received: 3. Items accepted: 3
2026-02-18T13:15:21.7362218Z 2026-02-18 13:15:21,735 - azure.core.pipeline.policies.http_logging_policy - INFO - Request URL: 'https://westus2-2.in.applicationinsights.azure.com//v2.1/track'
2026-02-18T13:15:21.7362630Z Request method: 'POST'
2026-02-18T13:15:21.7362660Z Request headers:
2026-02-18T13:15:21.7362679Z     'Content-Type': 'application/json'
2026-02-18T13:15:21.7362699Z     'Content-Length': '3720'
2026-02-18T13:15:21.7362718Z     'Accept': 'application/json'
2026-02-18T13:15:21.7362741Z     'x-ms-client-request-id': 'e0f6acec-0ccb-11f1-9d9d-96dd9b170a45'
2026-02-18T13:15:21.7362763Z     'User-Agent': 'azsdk-python-azuremonitorclient/unknown Python/3.11.14 (Linux-6.6.119.3-1.azl3-x86_64-with-glibc2.31)'
2026-02-18T13:15:21.7362840Z A body is sent with the request
2026-02-18T13:15:21.9874539Z 2026-02-18 13:15:21,987 - azure.core.pipeline.policies.http_logging_policy - INFO - Response status: 200
2026-02-18T13:15:21.9874947Z Response headers:
2026-02-18T13:15:21.9874971Z     'Transfer-Encoding': 'chunked'
2026-02-18T13:15:21.9874992Z     'Content-Type': 'application/json; charset=utf-8'
2026-02-18T13:15:21.9875010Z     'Server': 'Microsoft-HTTPAPI/2.0'
2026-02-18T13:15:21.9875028Z     'Strict-Transport-Security': 'REDACTED'
2026-02-18T13:15:21.9875047Z     'X-Content-Type-Options': 'REDACTED'
2026-02-18T13:15:21.9875070Z     'Date': 'Wed, 18 Feb 2026 13:15:21 GMT'
2026-02-18T13:15:21.9879085Z 2026-02-18 13:15:21,987 - azure.monitor.opentelemetry.exporter.export._base - INFO - Transmission succeeded: Item received: 3. Items accepted: 3
2026-02-18T13:15:23.4987237Z 2026-02-18 13:15:23,497 - azure.core.pipeline.policies.http_logging_policy - INFO - Request URL: 'https://westus2-2.in.applicationinsights.azure.com//v2.1/track'
2026-02-18T13:15:23.4987606Z Request method: 'POST'
2026-02-18T13:15:23.4987634Z Request headers:
2026-02-18T13:15:23.4987656Z     'Content-Type': 'application/json'
2026-02-18T13:15:23.4987674Z     'Content-Length': '3720'
2026-02-18T13:15:23.4987695Z     'Accept': 'application/json'
2026-02-18T13:15:23.4987718Z     'x-ms-client-request-id': 'e2039140-0ccb-11f1-b119-96dd9b170a45'
2026-02-18T13:15:23.4987743Z     'User-Agent': 'azsdk-python-azuremonitorclient/unknown Python/3.11.14 (Linux-6.6.119.3-1.azl3-x86_64-with-glibc2.31)'
2026-02-18T13:15:23.4987771Z A body is sent with the request
2026-02-18T13:15:23.6358311Z 2026-02-18 13:15:23,635 - azure.core.pipeline.policies.http_logging_policy - INFO - Response status: 200
2026-02-18T13:15:23.6358712Z Response headers:
2026-02-18T13:15:23.6358738Z     'Transfer-Encoding': 'chunked'
2026-02-18T13:15:23.6358757Z     'Content-Type': 'application/json; charset=utf-8'
2026-02-18T13:15:23.6358777Z     'Server': 'Microsoft-HTTPAPI/2.0'
2026-02-18T13:15:23.6358798Z     'Strict-Transport-Security': 'REDACTED'
2026-02-18T13:15:23.6358817Z     'X-Content-Type-Options': 'REDACTED'
2026-02-18T13:15:23.6358837Z     'Date': 'Wed, 18 Feb 2026 13:15:22 GMT'
2026-02-18T13:15:23.6366192Z 2026-02-18 13:15:23,636 - azure.monitor.opentelemetry.exporter.export._base - INFO - Transmission succeeded: Item received: 3. Items accepted: 3
2026-02-18T13:15:26.9923390Z 2026-02-18 13:15:26,992 - azure.core.pipeline.policies.http_logging_policy - INFO - Request URL: 'https://westus2-2.in.applicationinsights.azure.com//v2.1/track'
2026-02-18T13:15:26.9925135Z Request method: 'POST'
2026-02-18T13:15:26.9925286Z Request headers:
2026-02-18T13:15:26.9925310Z     'Content-Type': 'application/json'
2026-02-18T13:15:26.9925331Z     'Content-Length': '3720'
2026-02-18T13:15:26.9925350Z     'Accept': 'application/json'
2026-02-18T13:15:26.9925373Z     'x-ms-client-request-id': 'e418c9be-0ccb-11f1-9d9d-96dd9b170a45'
2026-02-18T13:15:26.9925393Z     'User-Agent': 'azsdk-python-azuremonitorclient/unknown Python/3.11.14 (Linux-6.6.119.3-1.azl3-x86_64-with-glibc2.31)'
2026-02-18T13:15:26.9925411Z A body is sent with the request
2026-02-18T13:15:27.0339481Z 2026-02-18 13:15:27,033 - azure.core.pipeline.policies.http_logging_policy - INFO - Response status: 200
2026-02-18T13:15:27.0339856Z Response headers:
2026-02-18T13:15:27.0339881Z     'Transfer-Encoding': 'chunked'
2026-02-18T13:15:27.0339901Z     'Content-Type': 'application/json; charset=utf-8'
2026-02-18T13:15:27.0339986Z     'Server': 'Microsoft-HTTPAPI/2.0'
2026-02-18T13:15:27.0340008Z     'Strict-Transport-Security': 'REDACTED'
2026-02-18T13:15:27.0340027Z     'X-Content-Type-Options': 'REDACTED'
2026-02-18T13:15:27.0340045Z     'Date': 'Wed, 18 Feb 2026 13:15:26 GMT'
2026-02-18T13:15:27.0345164Z 2026-02-18 13:15:27,034 - azure.monitor.opentelemetry.exporter.export._base - INFO - Transmission succeeded: Item received: 3. Items accepted: 3
2026-02-18T13:15:28.6413925Z 2026-02-18 13:15:28,639 - azure.core.pipeline.policies.http_logging_policy - INFO - Request URL: 'https://westus2-2.in.applicationinsights.azure.com//v2.1/track'
2026-02-18T13:15:28.6417863Z Request method: 'POST'
2026-02-18T13:15:28.6417926Z Request headers:
2026-02-18T13:15:28.6417946Z     'Content-Type': 'application/json'
2026-02-18T13:15:28.6417965Z     'Content-Length': '3720'
2026-02-18T13:15:28.6418026Z     'Accept': 'application/json'
2026-02-18T13:15:28.6418046Z     'x-ms-client-request-id': 'e5142ca0-0ccb-11f1-b119-96dd9b170a45'
2026-02-18T13:15:28.6418069Z     'User-Agent': 'azsdk-python-azuremonitorclient/unknown Python/3.11.14 (Linux-6.6.119.3-1.azl3-x86_64-with-glibc2.31)'
2026-02-18T13:15:28.6418087Z A body is sent with the request
2026-02-18T13:15:28.7308839Z 2026-02-18 13:15:28,729 - azure.core.pipeline.policies.http_logging_policy - INFO - Response status: 200
2026-02-18T13:15:28.7309213Z Response headers:
2026-02-18T13:15:28.7309246Z     'Transfer-Encoding': 'chunked'
2026-02-18T13:15:28.7309270Z     'Content-Type': 'application/json; charset=utf-8'
2026-02-18T13:15:28.7309301Z     'Server': 'Microsoft-HTTPAPI/2.0'
2026-02-18T13:15:28.7309326Z     'Strict-Transport-Security': 'REDACTED'
2026-02-18T13:15:28.7309393Z     'X-Content-Type-Options': 'REDACTED'
2026-02-18T13:15:28.7309415Z     'Date': 'Wed, 18 Feb 2026 13:15:27 GMT'
2026-02-18T13:15:28.7309443Z 2026-02-18 13:15:28,730 - azure.monitor.opentelemetry.exporter.export._base - INFO - Transmission succeeded: Item received: 3. Items accepted: 3
2026-02-18T13:15:32.0371166Z 2026-02-18 13:15:32,036 - azure.core.pipeline.policies.http_logging_policy - INFO - Request URL: 'https://westus2-2.in.applicationinsights.azure.com//v2.1/track'
2026-02-18T13:15:32.0372252Z Request method: 'POST'
2026-02-18T13:15:32.0372291Z Request headers:
2026-02-18T13:15:32.0372316Z     'Content-Type': 'application/json'
2026-02-18T13:15:32.0372335Z     'Content-Length': '3719'
2026-02-18T13:15:32.0372358Z     'Accept': 'application/json'
2026-02-18T13:15:32.0372380Z     'x-ms-client-request-id': 'e71a80f8-0ccb-11f1-9d9d-96dd9b170a45'
2026-02-18T13:15:32.0372455Z     'User-Agent': 'azsdk-python-azuremonitorclient/unknown Python/3.11.14 (Linux-6.6.119.3-1.azl3-x86_64-with-glibc2.31)'
2026-02-18T13:15:32.0372476Z A body is sent with the request
2026-02-18T13:15:32.2409295Z 2026-02-18 13:15:32,240 - azure.core.pipeline.policies.http_logging_policy - INFO - Response status: 200
2026-02-18T13:15:32.2409648Z Response headers:
2026-02-18T13:15:32.2409676Z     'Transfer-Encoding': 'chunked'
2026-02-18T13:15:32.2409697Z     'Content-Type': 'application/json; charset=utf-8'
2026-02-18T13:15:32.2409714Z     'Server': 'Microsoft-HTTPAPI/2.0'
2026-02-18T13:15:32.2409732Z     'Strict-Transport-Security': 'REDACTED'
2026-02-18T13:15:32.2409750Z     'X-Content-Type-Options': 'REDACTED'
2026-02-18T13:15:32.2409769Z     'Date': 'Wed, 18 Feb 2026 13:15:31 GMT'
2026-02-18T13:15:32.2412716Z 2026-02-18 13:15:32,241 - azure.monitor.opentelemetry.exporter.export._base - INFO - Transmission succeeded: Item received: 3. Items accepted: 3
2026-02-18T13:15:33.7322322Z 2026-02-18 13:15:33,731 - azure.core.pipeline.policies.http_logging_policy - INFO - Request URL: 'https://westus2-2.in.applicationinsights.azure.com//v2.1/track'
2026-02-18T13:15:33.7323070Z Request method: 'POST'
2026-02-18T13:15:33.7323107Z Request headers:
2026-02-18T13:15:33.7323135Z     'Content-Type': 'application/json'
2026-02-18T13:15:33.7323153Z     'Content-Length': '3720'
2026-02-18T13:15:33.7323170Z     'Accept': 'application/json'
2026-02-18T13:15:33.7323191Z     'x-ms-client-request-id': 'e81d3522-0ccb-11f1-b119-96dd9b170a45'
2026-02-18T13:15:33.7323215Z     'User-Agent': 'azsdk-python-azuremonitorclient/unknown Python/3.11.14 (Linux-6.6.119.3-1.azl3-x86_64-with-glibc2.31)'
2026-02-18T13:15:33.7323240Z A body is sent with the request
2026-02-18T13:15:33.9335846Z 2026-02-18 13:15:33,933 - azure.core.pipeline.policies.http_logging_policy - INFO - Response status: 200
2026-02-18T13:15:33.9336149Z Response headers:
2026-02-18T13:15:33.9336174Z     'Transfer-Encoding': 'chunked'
2026-02-18T13:15:33.9336194Z     'Content-Type': 'application/json; charset=utf-8'
2026-02-18T13:15:33.9336213Z     'Server': 'Microsoft-HTTPAPI/2.0'
2026-02-18T13:15:33.9336233Z     'Strict-Transport-Security': 'REDACTED'
2026-02-18T13:15:33.9336251Z     'X-Content-Type-Options': 'REDACTED'
2026-02-18T13:15:33.9336268Z     'Date': 'Wed, 18 Feb 2026 13:15:33 GMT'
2026-02-18T13:15:33.9341656Z 2026-02-18 13:15:33,933 - azure.monitor.opentelemetry.exporter.export._base - INFO - Transmission succeeded: Item received: 3. Items accepted: 3
2026-02-18T13:15:37.2443796Z 2026-02-18 13:15:37,243 - azure.core.pipeline.policies.http_logging_policy - INFO - Request URL: 'https://westus2-2.in.applicationinsights.azure.com//v2.1/track'
2026-02-18T13:15:37.2444852Z Request method: 'POST'
2026-02-18T13:15:37.2444891Z Request headers:
2026-02-18T13:15:37.2444909Z     'Content-Type': 'application/json'
2026-02-18T13:15:37.2444927Z     'Content-Length': '3719'
2026-02-18T13:15:37.2444947Z     'Accept': 'application/json'
2026-02-18T13:15:37.2444970Z     'x-ms-client-request-id': 'ea35153c-0ccb-11f1-9d9d-96dd9b170a45'
2026-02-18T13:15:37.2444991Z     'User-Agent': 'azsdk-python-azuremonitorclient/unknown Python/3.11.14 (Linux-6.6.119.3-1.azl3-x86_64-with-glibc2.31)'
2026-02-18T13:15:37.2445008Z A body is sent with the request
2026-02-18T13:15:37.3064296Z 2026-02-18 13:15:37,306 - azure.core.pipeline.policies.http_logging_policy - INFO - Response status: 200
2026-02-18T13:15:37.3064901Z Response headers:
2026-02-18T13:15:37.3064929Z     'Transfer-Encoding': 'chunked'
2026-02-18T13:15:37.3065005Z     'Content-Type': 'application/json; charset=utf-8'
2026-02-18T13:15:37.3065024Z     'Server': 'Microsoft-HTTPAPI/2.0'
2026-02-18T13:15:37.3065045Z     'Strict-Transport-Security': 'REDACTED'
2026-02-18T13:15:37.3065064Z     'X-Content-Type-Options': 'REDACTED'
2026-02-18T13:15:37.3065084Z     'Date': 'Wed, 18 Feb 2026 13:15:36 GMT'
2026-02-18T13:15:37.3070849Z 2026-02-18 13:15:37,306 - azure.monitor.opentelemetry.exporter.export._base - INFO - Transmission succeeded: Item received: 3. Items accepted: 3
2026-02-18T13:15:38.9355898Z 2026-02-18 13:15:38,935 - azure.core.pipeline.policies.http_logging_policy - INFO - Request URL: 'https://westus2-2.in.applicationinsights.azure.com//v2.1/track'
2026-02-18T13:15:38.9356513Z Request method: 'POST'
2026-02-18T13:15:38.9356548Z Request headers:
2026-02-18T13:15:38.9356569Z     'Content-Type': 'application/json'
2026-02-18T13:15:38.9356653Z     'Content-Length': '3720'
2026-02-18T13:15:38.9356674Z     'Accept': 'application/json'
2026-02-18T13:15:38.9356700Z     'x-ms-client-request-id': 'eb372c36-0ccb-11f1-b119-96dd9b170a45'
2026-02-18T13:15:38.9356729Z     'User-Agent': 'azsdk-python-azuremonitorclient/unknown Python/3.11.14 (Linux-6.6.119.3-1.azl3-x86_64-with-glibc2.31)'
2026-02-18T13:15:38.9356755Z A body is sent with the request
2026-02-18T13:15:39.0300316Z 2026-02-18 13:15:39,029 - azure.core.pipeline.policies.http_logging_policy - INFO - Response status: 200
2026-02-18T13:15:39.0300712Z Response headers:
2026-02-18T13:15:39.0300741Z     'Transfer-Encoding': 'chunked'
2026-02-18T13:15:39.0300764Z     'Content-Type': 'application/json; charset=utf-8'
2026-02-18T13:15:39.0300788Z     'Server': 'Microsoft-HTTPAPI/2.0'
2026-02-18T13:15:39.0300860Z     'Strict-Transport-Security': 'REDACTED'
2026-02-18T13:15:39.0300880Z     'X-Content-Type-Options': 'REDACTED'
2026-02-18T13:15:39.0300897Z     'Date': 'Wed, 18 Feb 2026 13:15:38 GMT'
2026-02-18T13:15:39.0306970Z 2026-02-18 13:15:39,030 - azure.monitor.opentelemetry.exporter.export._base - INFO - Transmission succeeded: Item received: 3. Items accepted: 3
2026-02-18T13:15:42.3084127Z 2026-02-18 13:15:42,308 - azure.core.pipeline.policies.http_logging_policy - INFO - Request URL: 'https://westus2-2.in.applicationinsights.azure.com//v2.1/track'
2026-02-18T13:15:42.3084475Z Request method: 'POST'
2026-02-18T13:15:42.3084503Z Request headers:
2026-02-18T13:15:42.3084521Z     'Content-Type': 'application/json'
2026-02-18T13:15:42.3084539Z     'Content-Length': '3719'
2026-02-18T13:15:42.3084558Z     'Accept': 'application/json'
2026-02-18T13:15:42.3084641Z     'x-ms-client-request-id': 'ed39d5ce-0ccb-11f1-9d9d-96dd9b170a45'
2026-02-18T13:15:42.3084674Z     'User-Agent': 'azsdk-python-azuremonitorclient/unknown Python/3.11.14 (Linux-6.6.119.3-1.azl3-x86_64-with-glibc2.31)'
2026-02-18T13:15:42.3084695Z A body is sent with the request
2026-02-18T13:15:42.4158639Z 2026-02-18 13:15:42,415 - azure.core.pipeline.policies.http_logging_policy - INFO - Response status: 200
2026-02-18T13:15:42.4159030Z Response headers:
2026-02-18T13:15:42.4159062Z     'Transfer-Encoding': 'chunked'
2026-02-18T13:15:42.4159084Z     'Content-Type': 'application/json; charset=utf-8'
2026-02-18T13:15:42.4159105Z     'Server': 'Microsoft-HTTPAPI/2.0'
2026-02-18T13:15:42.4159124Z     'Strict-Transport-Security': 'REDACTED'
2026-02-18T13:15:42.4159143Z     'X-Content-Type-Options': 'REDACTED'
2026-02-18T13:15:42.4159163Z     'Date': 'Wed, 18 Feb 2026 13:15:41 GMT'
2026-02-18T13:15:42.4164283Z 2026-02-18 13:15:42,416 - azure.monitor.opentelemetry.exporter.export._base - INFO - Transmission succeeded: Item received: 3. Items accepted: 3
2026-02-18T13:15:44.0321169Z 2026-02-18 13:15:44,031 - azure.core.pipeline.policies.http_logging_policy - INFO - Request URL: 'https://westus2-2.in.applicationinsights.azure.com//v2.1/track'
2026-02-18T13:15:44.0321538Z Request method: 'POST'
2026-02-18T13:15:44.0321563Z Request headers:
2026-02-18T13:15:44.0321586Z     'Content-Type': 'application/json'
2026-02-18T13:15:44.0321612Z     'Content-Length': '3719'
2026-02-18T13:15:44.0321633Z     'Accept': 'application/json'
2026-02-18T13:15:44.0321655Z     'x-ms-client-request-id': 'ee40d9c2-0ccb-11f1-b119-96dd9b170a45'
2026-02-18T13:15:44.0321678Z     'User-Agent': 'azsdk-python-azuremonitorclient/unknown Python/3.11.14 (Linux-6.6.119.3-1.azl3-x86_64-with-glibc2.31)'
2026-02-18T13:15:44.0321753Z A body is sent with the request
2026-02-18T13:15:44.2342148Z 2026-02-18 13:15:44,233 - azure.core.pipeline.policies.http_logging_policy - INFO - Response status: 200
2026-02-18T13:15:44.2342548Z Response headers:
2026-02-18T13:15:44.2342586Z     'Transfer-Encoding': 'chunked'
2026-02-18T13:15:44.2342612Z     'Content-Type': 'application/json; charset=utf-8'
2026-02-18T13:15:44.2342637Z     'Server': 'Microsoft-HTTPAPI/2.0'
2026-02-18T13:15:44.2342658Z     'Strict-Transport-Security': 'REDACTED'
2026-02-18T13:15:44.2342679Z     'X-Content-Type-Options': 'REDACTED'
2026-02-18T13:15:44.2342700Z     'Date': 'Wed, 18 Feb 2026 13:15:43 GMT'
2026-02-18T13:15:44.2390692Z 2026-02-18 13:15:44,237 - azure.monitor.opentelemetry.exporter.export._base - INFO - Transmission succeeded: Item received: 3. Items accepted: 3
2026-02-18T13:15:47.4179810Z 2026-02-18 13:15:47,417 - azure.core.pipeline.policies.http_logging_policy - INFO - Request URL: 'https://westus2-2.in.applicationinsights.azure.com//v2.1/track'
2026-02-18T13:15:47.4180647Z Request method: 'POST'
2026-02-18T13:15:47.4180683Z Request headers:
2026-02-18T13:15:47.4180703Z     'Content-Type': 'application/json'
2026-02-18T13:15:47.4180729Z     'Content-Length': '3720'
2026-02-18T13:15:47.4180753Z     'Accept': 'application/json'
2026-02-18T13:15:47.4180774Z     'x-ms-client-request-id': 'f0457b60-0ccb-11f1-9d9d-96dd9b170a45'
2026-02-18T13:15:47.4180796Z     'User-Agent': 'azsdk-python-azuremonitorclient/unknown Python/3.11.14 (Linux-6.6.119.3-1.azl3-x86_64-with-glibc2.31)'
2026-02-18T13:15:47.4180817Z A body is sent with the request
2026-02-18T13:15:47.5030483Z 2026-02-18 13:15:47,502 - azure.core.pipeline.policies.http_logging_policy - INFO - Response status: 200
2026-02-18T13:15:47.5030938Z Response headers:
2026-02-18T13:15:47.5030966Z     'Transfer-Encoding': 'chunked'
2026-02-18T13:15:47.5030986Z     'Content-Type': 'application/json; charset=utf-8'
2026-02-18T13:15:47.5031005Z     'Server': 'Microsoft-HTTPAPI/2.0'
2026-02-18T13:15:47.5031024Z     'Strict-Transport-Security': 'REDACTED'
2026-02-18T13:15:47.5031042Z     'X-Content-Type-Options': 'REDACTED'
2026-02-18T13:15:47.5031061Z     'Date': 'Wed, 18 Feb 2026 13:15:46 GMT'
2026-02-18T13:15:47.5036444Z 2026-02-18 13:15:47,503 - azure.monitor.opentelemetry.exporter.export._base - INFO - Transmission succeeded: Item received: 3. Items accepted: 3
2026-02-18T13:15:49.2441386Z 2026-02-18 13:15:49,241 - azure.core.pipeline.policies.http_logging_policy - INFO - Request URL: 'https://westus2-2.in.applicationinsights.azure.com//v2.1/track'
2026-02-18T13:15:49.2441708Z Request method: 'POST'
2026-02-18T13:15:49.2441790Z Request headers:
2026-02-18T13:15:49.2441814Z     'Content-Type': 'application/json'
2026-02-18T13:15:49.2441837Z     'Content-Length': '3719'
2026-02-18T13:15:49.2441860Z     'Accept': 'application/json'
2026-02-18T13:15:49.2441885Z     'x-ms-client-request-id': 'f15bd26a-0ccb-11f1-b119-96dd9b170a45'
2026-02-18T13:15:49.2441912Z     'User-Agent': 'azsdk-python-azuremonitorclient/unknown Python/3.11.14 (Linux-6.6.119.3-1.azl3-x86_64-with-glibc2.31)'
2026-02-18T13:15:49.2441936Z A body is sent with the request
2026-02-18T13:15:49.2976173Z 2026-02-18 13:15:49,297 - azure.core.pipeline.policies.http_logging_policy - INFO - Response status: 200
2026-02-18T13:15:49.2976900Z Response headers:
2026-02-18T13:15:49.2976940Z     'Transfer-Encoding': 'chunked'
2026-02-18T13:15:49.2976965Z     'Content-Type': 'application/json; charset=utf-8'
2026-02-18T13:15:49.2977044Z     'Server': 'Microsoft-HTTPAPI/2.0'
2026-02-18T13:15:49.2977062Z     'Strict-Transport-Security': 'REDACTED'
2026-02-18T13:15:49.2977080Z     'X-Content-Type-Options': 'REDACTED'
2026-02-18T13:15:49.2977098Z     'Date': 'Wed, 18 Feb 2026 13:15:48 GMT'
2026-02-18T13:15:49.2982786Z 2026-02-18 13:15:49,297 - azure.monitor.opentelemetry.exporter.export._base - INFO - Transmission succeeded: Item received: 3. Items accepted: 3
2026-02-18T13:15:52.5054605Z 2026-02-18 13:15:52,505 - azure.core.pipeline.policies.http_logging_policy - INFO - Request URL: 'https://westus2-2.in.applicationinsights.azure.com//v2.1/track'
2026-02-18T13:15:52.5054996Z Request method: 'POST'
2026-02-18T13:15:52.5055028Z Request headers:
2026-02-18T13:15:52.5055051Z     'Content-Type': 'application/json'
2026-02-18T13:15:52.5055072Z     'Content-Length': '3720'
2026-02-18T13:15:52.5055163Z     'Accept': 'application/json'
2026-02-18T13:15:52.5055186Z     'x-ms-client-request-id': 'f34dc718-0ccb-11f1-9d9d-96dd9b170a45'
2026-02-18T13:15:52.5055210Z     'User-Agent': 'azsdk-python-azuremonitorclient/unknown Python/3.11.14 (Linux-6.6.119.3-1.azl3-x86_64-with-glibc2.31)'
2026-02-18T13:15:52.5055230Z A body is sent with the request
2026-02-18T13:15:52.5776434Z 2026-02-18 13:15:52,576 - azure.core.pipeline.policies.http_logging_policy - INFO - Response status: 200
2026-02-18T13:15:52.5776791Z Response headers:
2026-02-18T13:15:52.5776816Z     'Transfer-Encoding': 'chunked'
2026-02-18T13:15:52.5776836Z     'Content-Type': 'application/json; charset=utf-8'
2026-02-18T13:15:52.5776859Z     'Server': 'Microsoft-HTTPAPI/2.0'
2026-02-18T13:15:52.5776879Z     'Strict-Transport-Security': 'REDACTED'
2026-02-18T13:15:52.5776942Z     'X-Content-Type-Options': 'REDACTED'
2026-02-18T13:15:52.5776963Z     'Date': 'Wed, 18 Feb 2026 13:15:51 GMT'
2026-02-18T13:15:52.5817504Z 2026-02-18 13:15:52,579 - azure.monitor.opentelemetry.exporter.export._base - INFO - Transmission succeeded: Item received: 3. Items accepted: 3
2026-02-18T13:15:54.3003248Z 2026-02-18 13:15:54,299 - azure.core.pipeline.policies.http_logging_policy - INFO - Request URL: 'https://westus2-2.in.applicationinsights.azure.com//v2.1/track'
2026-02-18T13:15:54.3003806Z Request method: 'POST'
2026-02-18T13:15:54.3003838Z Request headers:
2026-02-18T13:15:54.3003858Z     'Content-Type': 'application/json'
2026-02-18T13:15:54.3003884Z     'Content-Length': '3718'
2026-02-18T13:15:54.3003909Z     'Accept': 'application/json'
2026-02-18T13:15:54.3003930Z     'x-ms-client-request-id': 'f45f8d58-0ccb-11f1-b119-96dd9b170a45'
2026-02-18T13:15:54.3005308Z     'User-Agent': 'azsdk-python-azuremonitorclient/unknown Python/3.11.14 (Linux-6.6.119.3-1.azl3-x86_64-with-glibc2.31)'
2026-02-18T13:15:54.3005359Z A body is sent with the request
2026-02-18T13:15:54.4265805Z 2026-02-18 13:15:54,426 - azure.core.pipeline.policies.http_logging_policy - INFO - Response status: 200
2026-02-18T13:15:54.4266149Z Response headers:
2026-02-18T13:15:54.4266175Z     'Transfer-Encoding': 'chunked'
2026-02-18T13:15:54.4266197Z     'Content-Type': 'application/json; charset=utf-8'
2026-02-18T13:15:54.4266215Z     'Server': 'Microsoft-HTTPAPI/2.0'
2026-02-18T13:15:54.4266241Z     'Strict-Transport-Security': 'REDACTED'
2026-02-18T13:15:54.4266260Z     'X-Content-Type-Options': 'REDACTED'
2026-02-18T13:15:54.4266280Z     'Date': 'Wed, 18 Feb 2026 13:15:53 GMT'
2026-02-18T13:15:54.4269474Z 2026-02-18 13:15:54,426 - azure.monitor.opentelemetry.exporter.export._base - INFO - Transmission succeeded: Item received: 3. Items accepted: 3
2026-02-18T13:15:57.5849655Z 2026-02-18 13:15:57,584 - azure.core.pipeline.policies.http_logging_policy - INFO - Request URL: 'https://westus2-2.in.applicationinsights.azure.com//v2.1/track'
2026-02-18T13:15:57.5850207Z Request method: 'POST'
2026-02-18T13:15:57.5850234Z Request headers:
2026-02-18T13:15:57.5850257Z     'Content-Type': 'application/json'
2026-02-18T13:15:57.5850275Z     'Content-Length': '3720'
2026-02-18T13:15:57.5850293Z     'Accept': 'application/json'
2026-02-18T13:15:57.5850317Z     'x-ms-client-request-id': 'f654d816-0ccb-11f1-9d9d-96dd9b170a45'
2026-02-18T13:15:57.5850339Z     'User-Agent': 'azsdk-python-azuremonitorclient/unknown Python/3.11.14 (Linux-6.6.119.3-1.azl3-x86_64-with-glibc2.31)'
2026-02-18T13:15:57.5850359Z A body is sent with the request
2026-02-18T13:15:57.6348843Z 2026-02-18 13:15:57,634 - azure.core.pipeline.policies.http_logging_policy - INFO - Response status: 200
2026-02-18T13:15:57.6349417Z Response headers:
2026-02-18T13:15:57.6349450Z     'Transfer-Encoding': 'chunked'
2026-02-18T13:15:57.6349476Z     'Content-Type': 'application/json; charset=utf-8'
2026-02-18T13:15:57.6349493Z     'Server': 'Microsoft-HTTPAPI/2.0'
2026-02-18T13:15:57.6349512Z     'Strict-Transport-Security': 'REDACTED'
2026-02-18T13:15:57.6349531Z     'X-Content-Type-Options': 'REDACTED'
2026-02-18T13:15:57.6349549Z     'Date': 'Wed, 18 Feb 2026 13:15:56 GMT'
2026-02-18T13:15:57.6353659Z 2026-02-18 13:15:57,635 - azure.monitor.opentelemetry.exporter.export._base - INFO - Transmission succeeded: Item received: 3. Items accepted: 3
2026-02-18T13:15:59.4285290Z 2026-02-18 13:15:59,428 - azure.core.pipeline.policies.http_logging_policy - INFO - Request URL: 'https://westus2-2.in.applicationinsights.azure.com//v2.1/track'
2026-02-18T13:15:59.4285741Z Request method: 'POST'
2026-02-18T13:15:59.4285769Z Request headers:
2026-02-18T13:15:59.4285792Z     'Content-Type': 'application/json'
2026-02-18T13:15:59.4285815Z     'Content-Length': '3720'
2026-02-18T13:15:59.4285836Z     'Accept': 'application/json'
2026-02-18T13:15:59.4285857Z     'x-ms-client-request-id': 'f76e263a-0ccb-11f1-b119-96dd9b170a45'
2026-02-18T13:15:59.4285881Z     'User-Agent': 'azsdk-python-azuremonitorclient/unknown Python/3.11.14 (Linux-6.6.119.3-1.azl3-x86_64-with-glibc2.31)'
2026-02-18T13:15:59.4285900Z A body is sent with the request
2026-02-18T13:15:59.5333718Z 2026-02-18 13:15:59,533 - azure.core.pipeline.policies.http_logging_policy - INFO - Response status: 200
2026-02-18T13:15:59.5334386Z Response headers:
2026-02-18T13:15:59.5334419Z     'Transfer-Encoding': 'chunked'
2026-02-18T13:15:59.5334511Z     'Content-Type': 'application/json; charset=utf-8'
2026-02-18T13:15:59.5334532Z     'Server': 'Microsoft-HTTPAPI/2.0'
2026-02-18T13:15:59.5334553Z     'Strict-Transport-Security': 'REDACTED'
2026-02-18T13:15:59.5334574Z     'X-Content-Type-Options': 'REDACTED'
2026-02-18T13:15:59.5334594Z     'Date': 'Wed, 18 Feb 2026 13:15:58 GMT'
2026-02-18T13:15:59.5342886Z 2026-02-18 13:15:59,533 - azure.monitor.opentelemetry.exporter.export._base - INFO - Transmission succeeded: Item received: 3. Items accepted: 3
2026-02-18T13:16:02.6379311Z 2026-02-18 13:16:02,637 - azure.core.pipeline.policies.http_logging_policy - INFO - Request URL: 'https://westus2-2.in.applicationinsights.azure.com//v2.1/track'
2026-02-18T13:16:02.6379878Z Request method: 'POST'
2026-02-18T13:16:02.6379912Z Request headers:
2026-02-18T13:16:02.6379995Z     'Content-Type': 'application/json'
2026-02-18T13:16:02.6380017Z     'Content-Length': '3719'
2026-02-18T13:16:02.6380037Z     'Accept': 'application/json'
2026-02-18T13:16:02.6380059Z     'x-ms-client-request-id': 'f957dfae-0ccb-11f1-9d9d-96dd9b170a45'
2026-02-18T13:16:02.6380086Z     'User-Agent': 'azsdk-python-azuremonitorclient/unknown Python/3.11.14 (Linux-6.6.119.3-1.azl3-x86_64-with-glibc2.31)'
2026-02-18T13:16:02.6380109Z A body is sent with the request
2026-02-18T13:16:02.7450661Z 2026-02-18 13:16:02,744 - azure.core.pipeline.policies.http_logging_policy - INFO - Response status: 200
2026-02-18T13:16:02.7451344Z Response headers:
2026-02-18T13:16:02.7451375Z     'Transfer-Encoding': 'chunked'
2026-02-18T13:16:02.7451402Z     'Content-Type': 'application/json; charset=utf-8'
2026-02-18T13:16:02.7451427Z     'Server': 'Microsoft-HTTPAPI/2.0'
2026-02-18T13:16:02.7451505Z     'Strict-Transport-Security': 'REDACTED'
2026-02-18T13:16:02.7451525Z     'X-Content-Type-Options': 'REDACTED'
2026-02-18T13:16:02.7451544Z     'Date': 'Wed, 18 Feb 2026 13:16:02 GMT'
2026-02-18T13:16:02.7455967Z 2026-02-18 13:16:02,745 - azure.monitor.opentelemetry.exporter.export._base - INFO - Transmission succeeded: Item received: 3. Items accepted: 3
2026-02-18T13:16:04.5399477Z 2026-02-18 13:16:04,539 - azure.core.pipeline.policies.http_logging_policy - INFO - Request URL: 'https://westus2-2.in.applicationinsights.azure.com//v2.1/track'
2026-02-18T13:16:04.5399893Z Request method: 'POST'
2026-02-18T13:16:04.5399920Z Request headers:
2026-02-18T13:16:04.5399941Z     'Content-Type': 'application/json'
2026-02-18T13:16:04.5399965Z     'Content-Length': '3719'
2026-02-18T13:16:04.5399987Z     'Accept': 'application/json'
2026-02-18T13:16:04.5400073Z     'x-ms-client-request-id': 'fa79f46c-0ccb-11f1-b119-96dd9b170a45'
2026-02-18T13:16:04.5400097Z     'User-Agent': 'azsdk-python-azuremonitorclient/unknown Python/3.11.14 (Linux-6.6.119.3-1.azl3-x86_64-with-glibc2.31)'
2026-02-18T13:16:04.5400116Z A body is sent with the request
2026-02-18T13:16:04.6080314Z 2026-02-18 13:16:04,607 - azure.core.pipeline.policies.http_logging_policy - INFO - Response status: 200
2026-02-18T13:16:04.6080841Z Response headers:
2026-02-18T13:16:04.6080869Z     'Transfer-Encoding': 'chunked'
2026-02-18T13:16:04.6080888Z     'Content-Type': 'application/json; charset=utf-8'
2026-02-18T13:16:04.6080906Z     'Server': 'Microsoft-HTTPAPI/2.0'
2026-02-18T13:16:04.6080931Z     'Strict-Transport-Security': 'REDACTED'
2026-02-18T13:16:04.6080949Z     'X-Content-Type-Options': 'REDACTED'
2026-02-18T13:16:04.6080968Z     'Date': 'Wed, 18 Feb 2026 13:16:03 GMT'
2026-02-18T13:16:04.6093663Z 2026-02-18 13:16:04,608 - azure.monitor.opentelemetry.exporter.export._base - INFO - Transmission succeeded: Item received: 3. Items accepted: 3
2026-02-18T13:16:07.7471652Z 2026-02-18 13:16:07,746 - azure.core.pipeline.policies.http_logging_policy - INFO - Request URL: 'https://westus2-2.in.applicationinsights.azure.com//v2.1/track'
2026-02-18T13:16:07.7472163Z Request method: 'POST'
2026-02-18T13:16:07.7472190Z Request headers:
2026-02-18T13:16:07.7472213Z     'Content-Type': 'application/json'
2026-02-18T13:16:07.7472236Z     'Content-Length': '3720'
2026-02-18T13:16:07.7472261Z     'Accept': 'application/json'
2026-02-18T13:16:07.7472285Z     'x-ms-client-request-id': 'fc637938-0ccb-11f1-9d9d-96dd9b170a45'
2026-02-18T13:16:07.7472310Z     'User-Agent': 'azsdk-python-azuremonitorclient/unknown Python/3.11.14 (Linux-6.6.119.3-1.azl3-x86_64-with-glibc2.31)'
2026-02-18T13:16:07.7472385Z A body is sent with the request
2026-02-18T13:16:07.8580139Z 2026-02-18 13:16:07,857 - azure.core.pipeline.policies.http_logging_policy - INFO - Response status: 200
2026-02-18T13:16:07.8580853Z Response headers:
2026-02-18T13:16:07.8580888Z     'Transfer-Encoding': 'chunked'
2026-02-18T13:16:07.8580909Z     'Content-Type': 'application/json; charset=utf-8'
2026-02-18T13:16:07.8580927Z     'Server': 'Microsoft-HTTPAPI/2.0'
2026-02-18T13:16:07.8580946Z     'Strict-Transport-Security': 'REDACTED'
2026-02-18T13:16:07.8580965Z     'X-Content-Type-Options': 'REDACTED'
2026-02-18T13:16:07.8580986Z     'Date': 'Wed, 18 Feb 2026 13:16:07 GMT'
2026-02-18T13:16:07.8584791Z 2026-02-18 13:16:07,858 - azure.monitor.opentelemetry.exporter.export._base - INFO - Transmission succeeded: Item received: 3. Items accepted: 3
2026-02-18T13:16:09.6111366Z 2026-02-18 13:16:09,610 - azure.core.pipeline.policies.http_logging_policy - INFO - Request URL: 'https://westus2-2.in.applicationinsights.azure.com//v2.1/track'
2026-02-18T13:16:09.6111760Z Request method: 'POST'
2026-02-18T13:16:09.6111799Z Request headers:
2026-02-18T13:16:09.6111821Z     'Content-Type': 'application/json'
2026-02-18T13:16:09.6111843Z     'Content-Length': '3720'
2026-02-18T13:16:09.6111865Z     'Accept': 'application/json'
2026-02-18T13:16:09.6111889Z     'x-ms-client-request-id': 'fd7fe5c2-0ccb-11f1-b119-96dd9b170a45'
2026-02-18T13:16:09.6111915Z     'User-Agent': 'azsdk-python-azuremonitorclient/unknown Python/3.11.14 (Linux-6.6.119.3-1.azl3-x86_64-with-glibc2.31)'
2026-02-18T13:16:09.6111939Z A body is sent with the request
2026-02-18T13:16:09.7279224Z 2026-02-18 13:16:09,727 - azure.core.pipeline.policies.http_logging_policy - INFO - Response status: 200
2026-02-18T13:16:09.7279868Z Response headers:
2026-02-18T13:16:09.7279899Z     'Transfer-Encoding': 'chunked'
2026-02-18T13:16:09.7279922Z     'Content-Type': 'application/json; charset=utf-8'
2026-02-18T13:16:09.7279943Z     'Server': 'Microsoft-HTTPAPI/2.0'
2026-02-18T13:16:09.7279963Z     'Strict-Transport-Security': 'REDACTED'
2026-02-18T13:16:09.7279985Z     'X-Content-Type-Options': 'REDACTED'
2026-02-18T13:16:09.7280006Z     'Date': 'Wed, 18 Feb 2026 13:16:08 GMT'
2026-02-18T13:16:09.7284633Z 2026-02-18 13:16:09,728 - azure.monitor.opentelemetry.exporter.export._base - INFO - Transmission succeeded: Item received: 3. Items accepted: 3
2026-02-18T13:16:12.8601067Z 2026-02-18 13:16:12,859 - azure.core.pipeline.policies.http_logging_policy - INFO - Request URL: 'https://westus2-2.in.applicationinsights.azure.com//v2.1/track'
2026-02-18T13:16:12.8601428Z Request method: 'POST'
2026-02-18T13:16:12.8601524Z Request headers:
2026-02-18T13:16:12.8601546Z     'Content-Type': 'application/json'
2026-02-18T13:16:12.8601568Z     'Content-Length': '3720'
2026-02-18T13:16:12.8601591Z     'Accept': 'application/json'
2026-02-18T13:16:12.8601614Z     'x-ms-client-request-id': 'ff6fa7f0-0ccb-11f1-9d9d-96dd9b170a45'
2026-02-18T13:16:12.8601637Z     'User-Agent': 'azsdk-python-azuremonitorclient/unknown Python/3.11.14 (Linux-6.6.119.3-1.azl3-x86_64-with-glibc2.31)'
2026-02-18T13:16:12.8601656Z A body is sent with the request
2026-02-18T13:16:12.9833507Z 2026-02-18 13:16:12,983 - azure.core.pipeline.policies.http_logging_policy - INFO - Response status: 200
2026-02-18T13:16:12.9833919Z Response headers:
2026-02-18T13:16:12.9833948Z     'Transfer-Encoding': 'chunked'
2026-02-18T13:16:12.9833974Z     'Content-Type': 'application/json; charset=utf-8'
2026-02-18T13:16:12.9834054Z     'Server': 'Microsoft-HTTPAPI/2.0'
2026-02-18T13:16:12.9834073Z     'Strict-Transport-Security': 'REDACTED'
2026-02-18T13:16:12.9834091Z     'X-Content-Type-Options': 'REDACTED'
2026-02-18T13:16:12.9834113Z     'Date': 'Wed, 18 Feb 2026 13:16:12 GMT'
2026-02-18T13:16:12.9841199Z 2026-02-18 13:16:12,983 - azure.monitor.opentelemetry.exporter.export._base - INFO - Transmission succeeded: Item received: 3. Items accepted: 3
2026-02-18T13:16:14.7302345Z 2026-02-18 13:16:14,730 - azure.core.pipeline.policies.http_logging_policy - INFO - Request URL: 'https://westus2-2.in.applicationinsights.azure.com//v2.1/track'
2026-02-18T13:16:14.7302875Z Request method: 'POST'
2026-02-18T13:16:14.7302906Z Request headers:
2026-02-18T13:16:14.7302928Z     'Content-Type': 'application/json'
2026-02-18T13:16:14.7302946Z     'Content-Length': '3720'
2026-02-18T13:16:14.7303021Z     'Accept': 'application/json'
2026-02-18T13:16:14.7303045Z     'x-ms-client-request-id': '008d0290-0ccc-11f1-b119-96dd9b170a45'
2026-02-18T13:16:14.7303069Z     'User-Agent': 'azsdk-python-azuremonitorclient/unknown Python/3.11.14 (Linux-6.6.119.3-1.azl3-x86_64-with-glibc2.31)'
2026-02-18T13:16:14.7303088Z A body is sent with the request
2026-02-18T13:16:14.8099623Z 2026-02-18 13:16:14,809 - azure.core.pipeline.policies.http_logging_policy - INFO - Response status: 200
2026-02-18T13:16:14.8100009Z Response headers:
2026-02-18T13:16:14.8100041Z     'Transfer-Encoding': 'chunked'
2026-02-18T13:16:14.8100063Z     'Content-Type': 'application/json; charset=utf-8'
2026-02-18T13:16:14.8100087Z     'Server': 'Microsoft-HTTPAPI/2.0'
2026-02-18T13:16:14.8100109Z     'Strict-Transport-Security': 'REDACTED'
2026-02-18T13:16:14.8100187Z     'X-Content-Type-Options': 'REDACTED'
2026-02-18T13:16:14.8100210Z     'Date': 'Wed, 18 Feb 2026 13:16:14 GMT'
2026-02-18T13:16:14.8105156Z 2026-02-18 13:16:14,810 - azure.monitor.opentelemetry.exporter.export._base - INFO - Transmission succeeded: Item received: 3. Items accepted: 3
2026-02-18T13:16:17.9883277Z 2026-02-18 13:16:17,987 - azure.core.pipeline.policies.http_logging_policy - INFO - Request URL: 'https://westus2-2.in.applicationinsights.azure.com//v2.1/track'
2026-02-18T13:16:17.9883631Z Request method: 'POST'
2026-02-18T13:16:17.9883660Z Request headers:
2026-02-18T13:16:17.9883682Z     'Content-Type': 'application/json'
2026-02-18T13:16:17.9883704Z     'Content-Length': '3720'
2026-02-18T13:16:17.9883724Z     'Accept': 'application/json'
2026-02-18T13:16:17.9883746Z     'x-ms-client-request-id': '027e06f8-0ccc-11f1-9d9d-96dd9b170a45'
2026-02-18T13:16:17.9883833Z     'User-Agent': 'azsdk-python-azuremonitorclient/unknown Python/3.11.14 (Linux-6.6.119.3-1.azl3-x86_64-with-glibc2.31)'
2026-02-18T13:16:17.9883856Z A body is sent with the request
2026-02-18T13:16:18.1779215Z 2026-02-18 13:16:18,177 - azure.core.pipeline.policies.http_logging_policy - INFO - Response status: 200
2026-02-18T13:16:18.1779924Z Response headers:
2026-02-18T13:16:18.1779957Z     'Transfer-Encoding': 'chunked'
2026-02-18T13:16:18.1779980Z     'Content-Type': 'application/json; charset=utf-8'
2026-02-18T13:16:18.1779998Z     'Server': 'Microsoft-HTTPAPI/2.0'
2026-02-18T13:16:18.1780017Z     'Strict-Transport-Security': 'REDACTED'
2026-02-18T13:16:18.1780037Z     'X-Content-Type-Options': 'REDACTED'
2026-02-18T13:16:18.1780055Z     'Date': 'Wed, 18 Feb 2026 13:16:17 GMT'
2026-02-18T13:16:18.1789543Z 2026-02-18 13:16:18,178 - azure.monitor.opentelemetry.exporter.export._base - INFO - Transmission succeeded: Item received: 3. Items accepted: 3
2026-02-18T13:16:19.8119311Z 2026-02-18 13:16:19,811 - azure.core.pipeline.policies.http_logging_policy - INFO - Request URL: 'https://westus2-2.in.applicationinsights.azure.com//v2.1/track'
2026-02-18T13:16:19.8119694Z Request method: 'POST'
2026-02-18T13:16:19.8119721Z Request headers:
2026-02-18T13:16:19.8119748Z     'Content-Type': 'application/json'
2026-02-18T13:16:19.8119767Z     'Content-Length': '3720'
2026-02-18T13:16:19.8119787Z     'Accept': 'application/json'
2026-02-18T13:16:19.8119810Z     'x-ms-client-request-id': '03946b68-0ccc-11f1-b119-96dd9b170a45'
2026-02-18T13:16:19.8119833Z     'User-Agent': 'azsdk-python-azuremonitorclient/unknown Python/3.11.14 (Linux-6.6.119.3-1.azl3-x86_64-with-glibc2.31)'
2026-02-18T13:16:19.8119854Z A body is sent with the request
2026-02-18T13:16:19.9426561Z 2026-02-18 13:16:19,942 - azure.core.pipeline.policies.http_logging_policy - INFO - Response status: 200
2026-02-18T13:16:19.9426967Z Response headers:
2026-02-18T13:16:19.9426993Z     'Transfer-Encoding': 'chunked'
2026-02-18T13:16:19.9427014Z     'Content-Type': 'application/json; charset=utf-8'
2026-02-18T13:16:19.9427036Z     'Server': 'Microsoft-HTTPAPI/2.0'
2026-02-18T13:16:19.9427057Z     'Strict-Transport-Security': 'REDACTED'
2026-02-18T13:16:19.9427078Z     'X-Content-Type-Options': 'REDACTED'
2026-02-18T13:16:19.9427101Z     'Date': 'Wed, 18 Feb 2026 13:16:19 GMT'
2026-02-18T13:16:19.9432944Z 2026-02-18 13:16:19,942 - azure.monitor.opentelemetry.exporter.export._base - INFO - Transmission succeeded: Item received: 3. Items accepted: 3
2026-02-18T13:16:23.1803366Z 2026-02-18 13:16:23,180 - azure.core.pipeline.policies.http_logging_policy - INFO - Request URL: 'https://westus2-2.in.applicationinsights.azure.com//v2.1/track'
2026-02-18T13:16:23.1804174Z Request method: 'POST'
2026-02-18T13:16:23.1804201Z Request headers:
2026-02-18T13:16:23.1804222Z     'Content-Type': 'application/json'
2026-02-18T13:16:23.1804242Z     'Content-Length': '3718'
2026-02-18T13:16:23.1804262Z     'Accept': 'application/json'
2026-02-18T13:16:23.1804285Z     'x-ms-client-request-id': '0596633a-0ccc-11f1-9d9d-96dd9b170a45'
2026-02-18T13:16:23.1804310Z     'User-Agent': 'azsdk-python-azuremonitorclient/unknown Python/3.11.14 (Linux-6.6.119.3-1.azl3-x86_64-with-glibc2.31)'
2026-02-18T13:16:23.1804329Z A body is sent with the request
2026-02-18T13:16:23.3108568Z 2026-02-18 13:16:23,310 - azure.core.pipeline.policies.http_logging_policy - INFO - Response status: 200
2026-02-18T13:16:23.3109378Z Response headers:
2026-02-18T13:16:23.3109410Z     'Transfer-Encoding': 'chunked'
2026-02-18T13:16:23.3109497Z     'Content-Type': 'application/json; charset=utf-8'
2026-02-18T13:16:23.3109520Z     'Server': 'Microsoft-HTTPAPI/2.0'
2026-02-18T13:16:23.3109541Z     'Strict-Transport-Security': 'REDACTED'
2026-02-18T13:16:23.3109558Z     'X-Content-Type-Options': 'REDACTED'
2026-02-18T13:16:23.3109577Z     'Date': 'Wed, 18 Feb 2026 13:16:22 GMT'
2026-02-18T13:16:23.3120537Z 2026-02-18 13:16:23,311 - azure.monitor.opentelemetry.exporter.export._base - INFO - Transmission succeeded: Item received: 3. Items accepted: 3
2026-02-18T13:16:24.9464184Z 2026-02-18 13:16:24,944 - azure.core.pipeline.policies.http_logging_policy - INFO - Request URL: 'https://westus2-2.in.applicationinsights.azure.com//v2.1/track'
2026-02-18T13:16:24.9464571Z Request method: 'POST'
2026-02-18T13:16:24.9464602Z Request headers:
2026-02-18T13:16:24.9464702Z     'Content-Type': 'application/json'
2026-02-18T13:16:24.9464726Z     'Content-Length': '3720'
2026-02-18T13:16:24.9464746Z     'Accept': 'application/json'
2026-02-18T13:16:24.9464766Z     'x-ms-client-request-id': '06a39c20-0ccc-11f1-b119-96dd9b170a45'
2026-02-18T13:16:24.9464790Z     'User-Agent': 'azsdk-python-azuremonitorclient/unknown Python/3.11.14 (Linux-6.6.119.3-1.azl3-x86_64-with-glibc2.31)'
2026-02-18T13:16:24.9464810Z A body is sent with the request
2026-02-18T13:16:25.0548579Z 2026-02-18 13:16:25,054 - azure.core.pipeline.policies.http_logging_policy - INFO - Response status: 200
2026-02-18T13:16:25.0548975Z Response headers:
2026-02-18T13:16:25.0549008Z     'Transfer-Encoding': 'chunked'
2026-02-18T13:16:25.0549034Z     'Content-Type': 'application/json; charset=utf-8'
2026-02-18T13:16:25.0549052Z     'Server': 'Microsoft-HTTPAPI/2.0'
2026-02-18T13:16:25.0549134Z     'Strict-Transport-Security': 'REDACTED'
2026-02-18T13:16:25.0549156Z     'X-Content-Type-Options': 'REDACTED'
2026-02-18T13:16:25.0549177Z     'Date': 'Wed, 18 Feb 2026 13:16:24 GMT'
2026-02-18T13:16:25.0554439Z 2026-02-18 13:16:25,055 - azure.monitor.opentelemetry.exporter.export._base - INFO - Transmission succeeded: Item received: 3. Items accepted: 3
2026-02-18T13:16:28.3154473Z 2026-02-18 13:16:28,313 - azure.core.pipeline.policies.http_logging_policy - INFO - Request URL: 'https://westus2-2.in.applicationinsights.azure.com//v2.1/track'
2026-02-18T13:16:28.3154834Z Request method: 'POST'
2026-02-18T13:16:28.3154858Z Request headers:
2026-02-18T13:16:28.3154884Z     'Content-Type': 'application/json'
2026-02-18T13:16:28.3154904Z     'Content-Length': '3720'
2026-02-18T13:16:28.3154924Z     'Accept': 'application/json'
2026-02-18T13:16:28.3154983Z     'x-ms-client-request-id': '08a5a680-0ccc-11f1-9d9d-96dd9b170a45'
2026-02-18T13:16:28.3155008Z     'User-Agent': 'azsdk-python-azuremonitorclient/unknown Python/3.11.14 (Linux-6.6.119.3-1.azl3-x86_64-with-glibc2.31)'
2026-02-18T13:16:28.3155028Z A body is sent with the request
2026-02-18T13:16:28.3971840Z 2026-02-18 13:16:28,396 - azure.core.pipeline.policies.http_logging_policy - INFO - Response status: 200
2026-02-18T13:16:28.3972574Z Response headers:
2026-02-18T13:16:28.3972605Z     'Transfer-Encoding': 'chunked'
2026-02-18T13:16:28.3972628Z     'Content-Type': 'application/json; charset=utf-8'
2026-02-18T13:16:28.3972655Z     'Server': 'Microsoft-HTTPAPI/2.0'
2026-02-18T13:16:28.3972676Z     'Strict-Transport-Security': 'REDACTED'
2026-02-18T13:16:28.3972696Z     'X-Content-Type-Options': 'REDACTED'
2026-02-18T13:16:28.3972715Z     'Date': 'Wed, 18 Feb 2026 13:16:27 GMT'
2026-02-18T13:16:28.3980967Z 2026-02-18 13:16:28,397 - azure.monitor.opentelemetry.exporter.export._base - INFO - Transmission succeeded: Item received: 3. Items accepted: 3
2026-02-18T13:16:30.0567952Z 2026-02-18 13:16:30,056 - azure.core.pipeline.policies.http_logging_policy - INFO - Request URL: 'https://westus2-2.in.applicationinsights.azure.com//v2.1/track'
2026-02-18T13:16:30.0568784Z Request method: 'POST'
2026-02-18T13:16:30.0568821Z Request headers:
2026-02-18T13:16:30.0568841Z     'Content-Type': 'application/json'
2026-02-18T13:16:30.0568861Z     'Content-Length': '3719'
2026-02-18T13:16:30.0568882Z     'Accept': 'application/json'
2026-02-18T13:16:30.0568901Z     'x-ms-client-request-id': '09afa8b4-0ccc-11f1-b119-96dd9b170a45'
2026-02-18T13:16:30.0568924Z     'User-Agent': 'azsdk-python-azuremonitorclient/unknown Python/3.11.14 (Linux-6.6.119.3-1.azl3-x86_64-with-glibc2.31)'
2026-02-18T13:16:30.0568993Z A body is sent with the request
2026-02-18T13:16:30.2217426Z 2026-02-18 13:16:30,221 - azure.core.pipeline.policies.http_logging_policy - INFO - Response status: 200
2026-02-18T13:16:30.2217796Z Response headers:
2026-02-18T13:16:30.2217824Z     'Transfer-Encoding': 'chunked'
2026-02-18T13:16:30.2217848Z     'Content-Type': 'application/json; charset=utf-8'
2026-02-18T13:16:30.2217868Z     'Server': 'Microsoft-HTTPAPI/2.0'
2026-02-18T13:16:30.2217893Z     'Strict-Transport-Security': 'REDACTED'
2026-02-18T13:16:30.2217916Z     'X-Content-Type-Options': 'REDACTED'
2026-02-18T13:16:30.2217934Z     'Date': 'Wed, 18 Feb 2026 13:16:29 GMT'
2026-02-18T13:16:30.2224572Z 2026-02-18 13:16:30,222 - azure.monitor.opentelemetry.exporter.export._base - INFO - Transmission succeeded: Item received: 3. Items accepted: 3
2026-02-18T13:16:33.3993154Z 2026-02-18 13:16:33,399 - azure.core.pipeline.policies.http_logging_policy - INFO - Request URL: 'https://westus2-2.in.applicationinsights.azure.com//v2.1/track'
2026-02-18T13:16:33.3993560Z Request method: 'POST'
2026-02-18T13:16:33.3993586Z Request headers:
2026-02-18T13:16:33.3993608Z     'Content-Type': 'application/json'
2026-02-18T13:16:33.3993630Z     'Content-Length': '3720'
2026-02-18T13:16:33.3993651Z     'Accept': 'application/json'
2026-02-18T13:16:33.3993676Z     'x-ms-client-request-id': '0badafc6-0ccc-11f1-9d9d-96dd9b170a45'
2026-02-18T13:16:33.3993701Z     'User-Agent': 'azsdk-python-azuremonitorclient/unknown Python/3.11.14 (Linux-6.6.119.3-1.azl3-x86_64-with-glibc2.31)'
2026-02-18T13:16:33.3993723Z A body is sent with the request
2026-02-18T13:16:33.5462073Z 2026-02-18 13:16:33,546 - azure.core.pipeline.policies.http_logging_policy - INFO - Response status: 200
2026-02-18T13:16:33.5462511Z Response headers:
2026-02-18T13:16:33.5462542Z     'Transfer-Encoding': 'chunked'
2026-02-18T13:16:33.5462563Z     'Content-Type': 'application/json; charset=utf-8'
2026-02-18T13:16:33.5462583Z     'Server': 'Microsoft-HTTPAPI/2.0'
2026-02-18T13:16:33.5462606Z     'Strict-Transport-Security': 'REDACTED'
2026-02-18T13:16:33.5462628Z     'X-Content-Type-Options': 'REDACTED'
2026-02-18T13:16:33.5462650Z     'Date': 'Wed, 18 Feb 2026 13:16:33 GMT'
2026-02-18T13:16:33.5469277Z 2026-02-18 13:16:33,546 - azure.monitor.opentelemetry.exporter.export._base - INFO - Transmission succeeded: Item received: 3. Items accepted: 3
2026-02-18T13:16:35.2240535Z 2026-02-18 13:16:35,223 - azure.core.pipeline.policies.http_logging_policy - INFO - Request URL: 'https://westus2-2.in.applicationinsights.azure.com//v2.1/track'
2026-02-18T13:16:35.2241142Z Request method: 'POST'
2026-02-18T13:16:35.2241238Z Request headers:
2026-02-18T13:16:35.2241263Z     'Content-Type': 'application/json'
2026-02-18T13:16:35.2241285Z     'Content-Length': '3720'
2026-02-18T13:16:35.2241308Z     'Accept': 'application/json'
2026-02-18T13:16:35.2241332Z     'x-ms-client-request-id': '0cc41ddc-0ccc-11f1-b119-96dd9b170a45'
2026-02-18T13:16:35.2241361Z     'User-Agent': 'azsdk-python-azuremonitorclient/unknown Python/3.11.14 (Linux-6.6.119.3-1.azl3-x86_64-with-glibc2.31)'
2026-02-18T13:16:35.2241385Z A body is sent with the request
2026-02-18T13:16:35.3030298Z 2026-02-18 13:16:35,302 - azure.core.pipeline.policies.http_logging_policy - INFO - Response status: 200
2026-02-18T13:16:35.3030681Z Response headers:
2026-02-18T13:16:35.3030712Z     'Transfer-Encoding': 'chunked'
2026-02-18T13:16:35.3030737Z     'Content-Type': 'application/json; charset=utf-8'
2026-02-18T13:16:35.3030819Z     'Server': 'Microsoft-HTTPAPI/2.0'
2026-02-18T13:16:35.3030841Z     'Strict-Transport-Security': 'REDACTED'
2026-02-18T13:16:35.3030861Z     'X-Content-Type-Options': 'REDACTED'
2026-02-18T13:16:35.3030883Z     'Date': 'Wed, 18 Feb 2026 13:16:34 GMT'
2026-02-18T13:16:35.3036250Z 2026-02-18 13:16:35,303 - azure.monitor.opentelemetry.exporter.export._base - INFO - Transmission succeeded: Item received: 3. Items accepted: 3
2026-02-18T13:16:38.5488940Z 2026-02-18 13:16:38,548 - azure.core.pipeline.policies.http_logging_policy - INFO - Request URL: 'https://westus2-2.in.applicationinsights.azure.com//v2.1/track'
2026-02-18T13:16:38.5489329Z Request method: 'POST'
2026-02-18T13:16:38.5489357Z Request headers:
2026-02-18T13:16:38.5489381Z     'Content-Type': 'application/json'
2026-02-18T13:16:38.5489401Z     'Content-Length': '3720'
2026-02-18T13:16:38.5489491Z     'Accept': 'application/json'
2026-02-18T13:16:38.5489520Z     'x-ms-client-request-id': '0ebf672c-0ccc-11f1-9d9d-96dd9b170a45'
2026-02-18T13:16:38.5489545Z     'User-Agent': 'azsdk-python-azuremonitorclient/unknown Python/3.11.14 (Linux-6.6.119.3-1.azl3-x86_64-with-glibc2.31)'
2026-02-18T13:16:38.5489566Z A body is sent with the request
2026-02-18T13:16:39.2401736Z 2026-02-18 13:16:39,239 - azure.core.pipeline.policies.http_logging_policy - INFO - Response status: 200
2026-02-18T13:16:39.2402125Z Response headers:
2026-02-18T13:16:39.2402153Z     'Transfer-Encoding': 'chunked'
2026-02-18T13:16:39.2402175Z     'Content-Type': 'application/json; charset=utf-8'
2026-02-18T13:16:39.2402195Z     'Server': 'Microsoft-HTTPAPI/2.0'
2026-02-18T13:16:39.2402214Z     'Strict-Transport-Security': 'REDACTED'
2026-02-18T13:16:39.2402296Z     'X-Content-Type-Options': 'REDACTED'
2026-02-18T13:16:39.2402316Z     'Date': 'Wed, 18 Feb 2026 13:16:39 GMT'
2026-02-18T13:16:39.2407340Z 2026-02-18 13:16:39,240 - azure.monitor.opentelemetry.exporter.export._base - INFO - Transmission succeeded: Item received: 3. Items accepted: 3
2026-02-18T13:16:40.3066516Z 2026-02-18 13:16:40,305 - azure.core.pipeline.policies.http_logging_policy - INFO - Request URL: 'https://westus2-2.in.applicationinsights.azure.com//v2.1/track'
2026-02-18T13:16:40.3067031Z Request method: 'POST'
2026-02-18T13:16:40.3067065Z Request headers:
2026-02-18T13:16:40.3067085Z     'Content-Type': 'application/json'
2026-02-18T13:16:40.3067103Z     'Content-Length': '3719'
2026-02-18T13:16:40.3067120Z     'Accept': 'application/json'
2026-02-18T13:16:40.3067140Z     'x-ms-client-request-id': '0fcb96e0-0ccc-11f1-b119-96dd9b170a45'
2026-02-18T13:16:40.3067219Z     'User-Agent': 'azsdk-python-azuremonitorclient/unknown Python/3.11.14 (Linux-6.6.119.3-1.azl3-x86_64-with-glibc2.31)'
2026-02-18T13:16:40.3067237Z A body is sent with the request
2026-02-18T13:16:40.5462905Z 2026-02-18 13:16:40,546 - azure.core.pipeline.policies.http_logging_policy - INFO - Response status: 200
2026-02-18T13:16:40.5463515Z Response headers:
2026-02-18T13:16:40.5463544Z     'Transfer-Encoding': 'chunked'
2026-02-18T13:16:40.5463568Z     'Content-Type': 'application/json; charset=utf-8'
2026-02-18T13:16:40.5463588Z     'Server': 'Microsoft-HTTPAPI/2.0'
2026-02-18T13:16:40.5463606Z     'Strict-Transport-Security': 'REDACTED'
2026-02-18T13:16:40.5463625Z     'X-Content-Type-Options': 'REDACTED'
2026-02-18T13:16:40.5463644Z     'Date': 'Wed, 18 Feb 2026 13:16:39 GMT'
2026-02-18T13:16:40.5470577Z 2026-02-18 13:16:40,546 - azure.monitor.opentelemetry.exporter.export._base - INFO - Transmission succeeded: Item received: 3. Items accepted: 3
2026-02-18T13:16:44.2422429Z 2026-02-18 13:16:44,242 - azure.core.pipeline.policies.http_logging_policy - INFO - Request URL: 'https://westus2-2.in.applicationinsights.azure.com//v2.1/track'
2026-02-18T13:16:44.2422828Z Request method: 'POST'
2026-02-18T13:16:44.2422857Z Request headers:
2026-02-18T13:16:44.2422878Z     'Content-Type': 'application/json'
2026-02-18T13:16:44.2422903Z     'Content-Length': '3720'
2026-02-18T13:16:44.2422924Z     'Accept': 'application/json'
2026-02-18T13:16:44.2422947Z     'x-ms-client-request-id': '12242fba-0ccc-11f1-9d9d-96dd9b170a45'
2026-02-18T13:16:44.2422974Z     'User-Agent': 'azsdk-python-azuremonitorclient/unknown Python/3.11.14 (Linux-6.6.119.3-1.azl3-x86_64-with-glibc2.31)'
2026-02-18T13:16:44.2422994Z A body is sent with the request
2026-02-18T13:16:44.2971821Z 2026-02-18 13:16:44,296 - azure.core.pipeline.policies.http_logging_policy - INFO - Response status: 200
2026-02-18T13:16:44.2972232Z Response headers:
2026-02-18T13:16:44.2972259Z     'Transfer-Encoding': 'chunked'
2026-02-18T13:16:44.2972280Z     'Content-Type': 'application/json; charset=utf-8'
2026-02-18T13:16:44.2972299Z     'Server': 'Microsoft-HTTPAPI/2.0'
2026-02-18T13:16:44.2972319Z     'Strict-Transport-Security': 'REDACTED'
2026-02-18T13:16:44.2972341Z     'X-Content-Type-Options': 'REDACTED'
2026-02-18T13:16:44.2972360Z     'Date': 'Wed, 18 Feb 2026 13:16:44 GMT'
2026-02-18T13:16:44.2977233Z 2026-02-18 13:16:44,297 - azure.monitor.opentelemetry.exporter.export._base - INFO - Transmission succeeded: Item received: 3. Items accepted: 3
2026-02-18T13:16:45.5492565Z 2026-02-18 13:16:45,549 - azure.core.pipeline.policies.http_logging_policy - INFO - Request URL: 'https://westus2-2.in.applicationinsights.azure.com//v2.1/track'
2026-02-18T13:16:45.5492968Z Request method: 'POST'
2026-02-18T13:16:45.5492995Z Request headers:
2026-02-18T13:16:45.5493017Z     'Content-Type': 'application/json'
2026-02-18T13:16:45.5493036Z     'Content-Length': '3719'
2026-02-18T13:16:45.5493054Z     'Accept': 'application/json'
2026-02-18T13:16:45.5493073Z     'x-ms-client-request-id': '12eb9a8c-0ccc-11f1-b119-96dd9b170a45'
2026-02-18T13:16:45.5493096Z     'User-Agent': 'azsdk-python-azuremonitorclient/unknown Python/3.11.14 (Linux-6.6.119.3-1.azl3-x86_64-with-glibc2.31)'
2026-02-18T13:16:45.5493116Z A body is sent with the request
2026-02-18T13:16:45.6154821Z 2026-02-18 13:16:45,615 - azure.core.pipeline.policies.http_logging_policy - INFO - Response status: 200
2026-02-18T13:16:45.6155167Z Response headers:
2026-02-18T13:16:45.6155200Z     'Transfer-Encoding': 'chunked'
2026-02-18T13:16:45.6155261Z     'Content-Type': 'application/json; charset=utf-8'
2026-02-18T13:16:45.6155278Z     'Server': 'Microsoft-HTTPAPI/2.0'
2026-02-18T13:16:45.6155297Z     'Strict-Transport-Security': 'REDACTED'
2026-02-18T13:16:45.6155317Z     'X-Content-Type-Options': 'REDACTED'
2026-02-18T13:16:45.6155337Z     'Date': 'Wed, 18 Feb 2026 13:16:44 GMT'
2026-02-18T13:16:45.6160481Z 2026-02-18 13:16:45,615 - azure.monitor.opentelemetry.exporter.export._base - INFO - Transmission succeeded: Item received: 3. Items accepted: 3
2026-02-18T13:16:49.3028140Z 2026-02-18 13:16:49,302 - azure.core.pipeline.policies.http_logging_policy - INFO - Request URL: 'https://westus2-2.in.applicationinsights.azure.com//v2.1/track'
2026-02-18T13:16:49.3028383Z Request method: 'POST'
2026-02-18T13:16:49.3028416Z Request headers:
2026-02-18T13:16:49.3028477Z     'Content-Type': 'application/json'
2026-02-18T13:16:49.3028499Z     'Content-Length': '3720'
2026-02-18T13:16:49.3028519Z     'Accept': 'application/json'
2026-02-18T13:16:49.3028540Z     'x-ms-client-request-id': '15283eae-0ccc-11f1-9d9d-96dd9b170a45'
2026-02-18T13:16:49.3028562Z     'User-Agent': 'azsdk-python-azuremonitorclient/unknown Python/3.11.14 (Linux-6.6.119.3-1.azl3-x86_64-with-glibc2.31)'
2026-02-18T13:16:49.3028580Z A body is sent with the request
2026-02-18T13:16:49.3602082Z 2026-02-18 13:16:49,359 - azure.core.pipeline.policies.http_logging_policy - INFO - Response status: 200
2026-02-18T13:16:49.3602365Z Response headers:
2026-02-18T13:16:49.3602393Z     'Transfer-Encoding': 'chunked'
2026-02-18T13:16:49.3602416Z     'Content-Type': 'application/json; charset=utf-8'
2026-02-18T13:16:49.3602435Z     'Server': 'Microsoft-HTTPAPI/2.0'
2026-02-18T13:16:49.3602485Z     'Strict-Transport-Security': 'REDACTED'
2026-02-18T13:16:49.3602504Z     'X-Content-Type-Options': 'REDACTED'
2026-02-18T13:16:49.3602525Z     'Date': 'Wed, 18 Feb 2026 13:16:49 GMT'
2026-02-18T13:16:49.3608117Z 2026-02-18 13:16:49,360 - azure.monitor.opentelemetry.exporter.export._base - INFO - Transmission succeeded: Item received: 3. Items accepted: 3
2026-02-18T13:16:50.6175299Z 2026-02-18 13:16:50,617 - azure.core.pipeline.policies.http_logging_policy - INFO - Request URL: 'https://westus2-2.in.applicationinsights.azure.com//v2.1/track'
2026-02-18T13:16:50.6175690Z Request method: 'POST'
2026-02-18T13:16:50.6175716Z Request headers:
2026-02-18T13:16:50.6175734Z     'Content-Type': 'application/json'
2026-02-18T13:16:50.6175756Z     'Content-Length': '3718'
2026-02-18T13:16:50.6175775Z     'Accept': 'application/json'
2026-02-18T13:16:50.6176016Z     'x-ms-client-request-id': '15f0fa24-0ccc-11f1-b119-96dd9b170a45'
2026-02-18T13:16:50.6176046Z     'User-Agent': 'azsdk-python-azuremonitorclient/unknown Python/3.11.14 (Linux-6.6.119.3-1.azl3-x86_64-with-glibc2.31)'
2026-02-18T13:16:50.6176067Z A body is sent with the request
2026-02-18T13:16:50.6867241Z 2026-02-18 13:16:50,686 - azure.core.pipeline.policies.http_logging_policy - INFO - Response status: 200
2026-02-18T13:16:50.6867593Z Response headers:
2026-02-18T13:16:50.6867619Z     'Transfer-Encoding': 'chunked'
2026-02-18T13:16:50.6867642Z     'Content-Type': 'application/json; charset=utf-8'
2026-02-18T13:16:50.6867661Z     'Server': 'Microsoft-HTTPAPI/2.0'
2026-02-18T13:16:50.6867680Z     'Strict-Transport-Security': 'REDACTED'
2026-02-18T13:16:50.6867697Z     'X-Content-Type-Options': 'REDACTED'
2026-02-18T13:16:50.6867723Z     'Date': 'Wed, 18 Feb 2026 13:16:49 GMT'
2026-02-18T13:16:50.6872985Z 2026-02-18 13:16:50,686 - azure.monitor.opentelemetry.exporter.export._base - INFO - Transmission succeeded: Item received: 3. Items accepted: 3
2026-02-18T13:16:54.3625166Z 2026-02-18 13:16:54,362 - azure.core.pipeline.policies.http_logging_policy - INFO - Request URL: 'https://westus2-2.in.applicationinsights.azure.com//v2.1/track'
2026-02-18T13:16:54.3625682Z Request method: 'POST'
2026-02-18T13:16:54.3625709Z Request headers:
2026-02-18T13:16:54.3625729Z     'Content-Type': 'application/json'
2026-02-18T13:16:54.3625747Z     'Content-Length': '3720'
2026-02-18T13:16:54.3625767Z     'Accept': 'application/json'
2026-02-18T13:16:54.3625788Z     'x-ms-client-request-id': '182c67b0-0ccc-11f1-9d9d-96dd9b170a45'
2026-02-18T13:16:54.3625814Z     'User-Agent': 'azsdk-python-azuremonitorclient/unknown Python/3.11.14 (Linux-6.6.119.3-1.azl3-x86_64-with-glibc2.31)'
2026-02-18T13:16:54.3625834Z A body is sent with the request
2026-02-18T13:16:54.5647752Z 2026-02-18 13:16:54,564 - azure.core.pipeline.policies.http_logging_policy - INFO - Response status: 200
2026-02-18T13:16:54.5648149Z Response headers:
2026-02-18T13:16:54.5648810Z     'Transfer-Encoding': 'chunked'
2026-02-18T13:16:54.5648834Z     'Content-Type': 'application/json; charset=utf-8'
2026-02-18T13:16:54.5648852Z     'Server': 'Microsoft-HTTPAPI/2.0'
2026-02-18T13:16:54.5648871Z     'Strict-Transport-Security': 'REDACTED'
2026-02-18T13:16:54.5648893Z     'X-Content-Type-Options': 'REDACTED'
2026-02-18T13:16:54.5648913Z     'Date': 'Wed, 18 Feb 2026 13:16:54 GMT'
2026-02-18T13:16:54.5659387Z 2026-02-18 13:16:54,565 - azure.monitor.opentelemetry.exporter.export._base - INFO - Transmission succeeded: Item received: 3. Items accepted: 3
2026-02-18T13:16:55.6896120Z 2026-02-18 13:16:55,689 - azure.core.pipeline.policies.http_logging_policy - INFO - Request URL: 'https://westus2-2.in.applicationinsights.azure.com//v2.1/track'
2026-02-18T13:16:55.6899303Z Request method: 'POST'
2026-02-18T13:16:55.6899397Z Request headers:
2026-02-18T13:16:55.6900484Z     'Content-Type': 'application/json'
2026-02-18T13:16:55.6900512Z     'Content-Length': '3719'
2026-02-18T13:16:55.6900532Z     'Accept': 'application/json'
2026-02-18T13:16:55.6900555Z     'x-ms-client-request-id': '18f6e0e4-0ccc-11f1-b119-96dd9b170a45'
2026-02-18T13:16:55.6900579Z     'User-Agent': 'azsdk-python-azuremonitorclient/unknown Python/3.11.14 (Linux-6.6.119.3-1.azl3-x86_64-with-glibc2.31)'
2026-02-18T13:16:55.6902820Z A body is sent with the request
2026-02-18T13:16:55.8073381Z 2026-02-18 13:16:55,807 - azure.core.pipeline.policies.http_logging_policy - INFO - Response status: 200
2026-02-18T13:16:55.8074028Z Response headers:
2026-02-18T13:16:55.8074056Z     'Transfer-Encoding': 'chunked'
2026-02-18T13:16:55.8074081Z     'Content-Type': 'application/json; charset=utf-8'
2026-02-18T13:16:55.8074291Z     'Server': 'Microsoft-HTTPAPI/2.0'
2026-02-18T13:16:55.8074313Z     'Strict-Transport-Security': 'REDACTED'
2026-02-18T13:16:55.8074331Z     'X-Content-Type-Options': 'REDACTED'
2026-02-18T13:16:55.8074348Z     'Date': 'Wed, 18 Feb 2026 13:16:54 GMT'
2026-02-18T13:16:55.8081153Z 2026-02-18 13:16:55,807 - azure.monitor.opentelemetry.exporter.export._base - INFO - Transmission succeeded: Item received: 3. Items accepted: 3
2026-02-18T13:16:59.5678242Z 2026-02-18 13:16:59,567 - azure.core.pipeline.policies.http_logging_policy - INFO - Request URL: 'https://westus2-2.in.applicationinsights.azure.com//v2.1/track'
2026-02-18T13:16:59.5678785Z Request method: 'POST'
2026-02-18T13:16:59.5678811Z Request headers:
2026-02-18T13:16:59.5678833Z     'Content-Type': 'application/json'
2026-02-18T13:16:59.5678853Z     'Content-Length': '3719'
2026-02-18T13:16:59.5679298Z     'Accept': 'application/json'
2026-02-18T13:16:59.5679325Z     'x-ms-client-request-id': '1b46ade8-0ccc-11f1-9d9d-96dd9b170a45'
2026-02-18T13:16:59.5679346Z     'User-Agent': 'azsdk-python-azuremonitorclient/unknown Python/3.11.14 (Linux-6.6.119.3-1.azl3-x86_64-with-glibc2.31)'
2026-02-18T13:16:59.5679364Z A body is sent with the request
2026-02-18T13:16:59.6547939Z 2026-02-18 13:16:59,654 - azure.core.pipeline.policies.http_logging_policy - INFO - Response status: 200
2026-02-18T13:16:59.6548291Z Response headers:
2026-02-18T13:16:59.6548319Z     'Transfer-Encoding': 'chunked'
2026-02-18T13:16:59.6548342Z     'Content-Type': 'application/json; charset=utf-8'
2026-02-18T13:16:59.6548360Z     'Server': 'Microsoft-HTTPAPI/2.0'
2026-02-18T13:16:59.6548378Z     'Strict-Transport-Security': 'REDACTED'
2026-02-18T13:16:59.6548396Z     'X-Content-Type-Options': 'REDACTED'
2026-02-18T13:16:59.6548845Z     'Date': 'Wed, 18 Feb 2026 13:16:59 GMT'
2026-02-18T13:16:59.6554511Z 2026-02-18 13:16:59,655 - azure.monitor.opentelemetry.exporter.export._base - INFO - Transmission succeeded: Item received: 3. Items accepted: 3
2026-02-18T13:17:00.8097509Z 2026-02-18 13:17:00,809 - azure.core.pipeline.policies.http_logging_policy - INFO - Request URL: 'https://westus2-2.in.applicationinsights.azure.com//v2.1/track'
2026-02-18T13:17:00.8098148Z Request method: 'POST'
2026-02-18T13:17:00.8098182Z Request headers:
2026-02-18T13:17:00.8098207Z     'Content-Type': 'application/json'
2026-02-18T13:17:00.8098226Z     'Content-Length': '3719'
2026-02-18T13:17:00.8098242Z     'Accept': 'application/json'
2026-02-18T13:17:00.8098260Z     'x-ms-client-request-id': '1c043142-0ccc-11f1-b119-96dd9b170a45'
2026-02-18T13:17:00.8098662Z     'User-Agent': 'azsdk-python-azuremonitorclient/unknown Python/3.11.14 (Linux-6.6.119.3-1.azl3-x86_64-with-glibc2.31)'
2026-02-18T13:17:00.8098687Z A body is sent with the request
2026-02-18T13:17:00.8565506Z 2026-02-18 13:17:00,856 - azure.core.pipeline.policies.http_logging_policy - INFO - Response status: 200
2026-02-18T13:17:00.8566047Z Response headers:
2026-02-18T13:17:00.8566079Z     'Transfer-Encoding': 'chunked'
2026-02-18T13:17:00.8566101Z     'Content-Type': 'application/json; charset=utf-8'
2026-02-18T13:17:00.8566125Z     'Server': 'Microsoft-HTTPAPI/2.0'
2026-02-18T13:17:00.8566146Z     'Strict-Transport-Security': 'REDACTED'
2026-02-18T13:17:00.8566167Z     'X-Content-Type-Options': 'REDACTED'
2026-02-18T13:17:00.8566186Z     'Date': 'Wed, 18 Feb 2026 13:17:00 GMT'
2026-02-18T13:17:00.8572020Z 2026-02-18 13:17:00,856 - azure.monitor.opentelemetry.exporter.export._base - INFO - Transmission succeeded: Item received: 3. Items accepted: 3
2026-02-18T13:17:04.6584130Z 2026-02-18 13:17:04,657 - azure.core.pipeline.policies.http_logging_policy - INFO - Request URL: 'https://westus2-2.in.applicationinsights.azure.com//v2.1/track'
2026-02-18T13:17:04.6584666Z Request method: 'POST'
2026-02-18T13:17:04.6584691Z Request headers:
2026-02-18T13:17:04.6584709Z     'Content-Type': 'application/json'
2026-02-18T13:17:04.6584727Z     'Content-Length': '3719'
2026-02-18T13:17:04.6584748Z     'Accept': 'application/json'
2026-02-18T13:17:04.6584768Z     'x-ms-client-request-id': '1e4f61ba-0ccc-11f1-9d9d-96dd9b170a45'
2026-02-18T13:17:04.6584792Z     'User-Agent': 'azsdk-python-azuremonitorclient/unknown Python/3.11.14 (Linux-6.6.119.3-1.azl3-x86_64-with-glibc2.31)'
2026-02-18T13:17:04.6584809Z A body is sent with the request
2026-02-18T13:17:04.8159346Z 2026-02-18 13:17:04,815 - azure.core.pipeline.policies.http_logging_policy - INFO - Response status: 200
2026-02-18T13:17:04.8159764Z Response headers:
2026-02-18T13:17:04.8159793Z     'Transfer-Encoding': 'chunked'
2026-02-18T13:17:04.8159815Z     'Content-Type': 'application/json; charset=utf-8'
2026-02-18T13:17:04.8159837Z     'Server': 'Microsoft-HTTPAPI/2.0'
2026-02-18T13:17:04.8159857Z     'Strict-Transport-Security': 'REDACTED'
2026-02-18T13:17:04.8159879Z     'X-Content-Type-Options': 'REDACTED'
2026-02-18T13:17:04.8159901Z     'Date': 'Wed, 18 Feb 2026 13:17:04 GMT'
2026-02-18T13:17:04.8167696Z 2026-02-18 13:17:04,816 - azure.monitor.opentelemetry.exporter.export._base - INFO - Transmission succeeded: Item received: 3. Items accepted: 3
2026-02-18T13:17:05.8586221Z 2026-02-18 13:17:05,858 - azure.core.pipeline.policies.http_logging_policy - INFO - Request URL: 'https://westus2-2.in.applicationinsights.azure.com//v2.1/track'
2026-02-18T13:17:05.8586982Z Request method: 'POST'
2026-02-18T13:17:05.8587015Z Request headers:
2026-02-18T13:17:05.8587039Z     'Content-Type': 'application/json'
2026-02-18T13:17:05.8587065Z     'Content-Length': '3720'
2026-02-18T13:17:05.8587304Z     'Accept': 'application/json'
2026-02-18T13:17:05.8587328Z     'x-ms-client-request-id': '1f0694ca-0ccc-11f1-b119-96dd9b170a45'
2026-02-18T13:17:05.8587349Z     'User-Agent': 'azsdk-python-azuremonitorclient/unknown Python/3.11.14 (Linux-6.6.119.3-1.azl3-x86_64-with-glibc2.31)'
2026-02-18T13:17:05.8587368Z A body is sent with the request
2026-02-18T13:17:06.0120492Z 2026-02-18 13:17:06,011 - azure.core.pipeline.policies.http_logging_policy - INFO - Response status: 200
2026-02-18T13:17:06.0120844Z Response headers:
2026-02-18T13:17:06.0120879Z     'Transfer-Encoding': 'chunked'
2026-02-18T13:17:06.0120902Z     'Content-Type': 'application/json; charset=utf-8'
2026-02-18T13:17:06.0120922Z     'Server': 'Microsoft-HTTPAPI/2.0'
2026-02-18T13:17:06.0120942Z     'Strict-Transport-Security': 'REDACTED'
2026-02-18T13:17:06.0121160Z     'X-Content-Type-Options': 'REDACTED'
2026-02-18T13:17:06.0121181Z     'Date': 'Wed, 18 Feb 2026 13:17:05 GMT'
2026-02-18T13:17:06.0149202Z 2026-02-18 13:17:06,012 - azure.monitor.opentelemetry.exporter.export._base - INFO - Transmission succeeded: Item received: 3. Items accepted: 3
2026-02-18T13:17:09.8298390Z 2026-02-18 13:17:09,829 - azure.core.pipeline.policies.http_logging_policy - INFO - Request URL: 'https://westus2-2.in.applicationinsights.azure.com//v2.1/track'
2026-02-18T13:17:09.8298775Z Request method: 'POST'
2026-02-18T13:17:09.8298800Z Request headers:
2026-02-18T13:17:09.8298821Z     'Content-Type': 'application/json'
2026-02-18T13:17:09.8298840Z     'Content-Length': '3720'
2026-02-18T13:17:09.8298859Z     'Accept': 'application/json'
2026-02-18T13:17:09.8298882Z     'x-ms-client-request-id': '21648998-0ccc-11f1-9d9d-96dd9b170a45'
2026-02-18T13:17:09.8299105Z     'User-Agent': 'azsdk-python-azuremonitorclient/unknown Python/3.11.14 (Linux-6.6.119.3-1.azl3-x86_64-with-glibc2.31)'
2026-02-18T13:17:09.8299131Z A body is sent with the request
2026-02-18T13:17:10.0879230Z 2026-02-18 13:17:10,086 - azure.core.pipeline.policies.http_logging_policy - INFO - Response status: 200
2026-02-18T13:17:10.0879757Z Response headers:
2026-02-18T13:17:10.0879789Z     'Transfer-Encoding': 'chunked'
2026-02-18T13:17:10.0879816Z     'Content-Type': 'application/json; charset=utf-8'
2026-02-18T13:17:10.0879839Z     'Server': 'Microsoft-HTTPAPI/2.0'
2026-02-18T13:17:10.0879859Z     'Strict-Transport-Security': 'REDACTED'
2026-02-18T13:17:10.0879878Z     'X-Content-Type-Options': 'REDACTED'
2026-02-18T13:17:10.0879897Z     'Date': 'Wed, 18 Feb 2026 13:17:09 GMT'
2026-02-18T13:17:10.0899436Z 2026-02-18 13:17:10,089 - azure.monitor.opentelemetry.exporter.export._base - INFO - Transmission succeeded: Item received: 3. Items accepted: 3
2026-02-18T13:17:11.0290294Z 2026-02-18 13:17:11,028 - azure.core.pipeline.policies.http_logging_policy - INFO - Request URL: 'https://westus2-2.in.applicationinsights.azure.com//v2.1/track'
2026-02-18T13:17:11.0291875Z Request method: 'POST'
2026-02-18T13:17:11.0291924Z Request headers:
2026-02-18T13:17:11.0291949Z     'Content-Type': 'application/json'
2026-02-18T13:17:11.0291974Z     'Content-Length': '3719'
2026-02-18T13:17:11.0291995Z     'Accept': 'application/json'
2026-02-18T13:17:11.0292015Z     'x-ms-client-request-id': '221b5808-0ccc-11f1-b119-96dd9b170a45'
2026-02-18T13:17:11.0292039Z     'User-Agent': 'azsdk-python-azuremonitorclient/unknown Python/3.11.14 (Linux-6.6.119.3-1.azl3-x86_64-with-glibc2.31)'
2026-02-18T13:17:11.0292060Z A body is sent with the request
2026-02-18T13:17:11.1467387Z 2026-02-18 13:17:11,146 - azure.core.pipeline.policies.http_logging_policy - INFO - Response status: 200
2026-02-18T13:17:11.1468080Z Response headers:
2026-02-18T13:17:11.1468111Z     'Transfer-Encoding': 'chunked'
2026-02-18T13:17:11.1468140Z     'Content-Type': 'application/json; charset=utf-8'
2026-02-18T13:17:11.1468160Z     'Server': 'Microsoft-HTTPAPI/2.0'
2026-02-18T13:17:11.1468181Z     'Strict-Transport-Security': 'REDACTED'
2026-02-18T13:17:11.1468205Z     'X-Content-Type-Options': 'REDACTED'
2026-02-18T13:17:11.1468223Z     'Date': 'Wed, 18 Feb 2026 13:17:10 GMT'
2026-02-18T13:17:11.1472371Z 2026-02-18 13:17:11,146 - azure.monitor.opentelemetry.exporter.export._base - INFO - Transmission succeeded: Item received: 3. Items accepted: 3
2026-02-18T13:17:15.0961576Z 2026-02-18 13:17:15,095 - azure.core.pipeline.policies.http_logging_policy - INFO - Request URL: 'https://westus2-2.in.applicationinsights.azure.com//v2.1/track'
2026-02-18T13:17:15.0962124Z Request method: 'POST'
2026-02-18T13:17:15.0962152Z Request headers:
2026-02-18T13:17:15.0962171Z     'Content-Type': 'application/json'
2026-02-18T13:17:15.0962189Z     'Content-Length': '3720'
2026-02-18T13:17:15.0962207Z     'Accept': 'application/json'
2026-02-18T13:17:15.0962229Z     'x-ms-client-request-id': '24881fea-0ccc-11f1-9d9d-96dd9b170a45'
2026-02-18T13:17:15.0962253Z     'User-Agent': 'azsdk-python-azuremonitorclient/unknown Python/3.11.14 (Linux-6.6.119.3-1.azl3-x86_64-with-glibc2.31)'
2026-02-18T13:17:15.0962271Z A body is sent with the request
2026-02-18T13:17:15.1785332Z 2026-02-18 13:17:15,178 - azure.core.pipeline.policies.http_logging_policy - INFO - Response status: 200
2026-02-18T13:17:15.1785971Z Response headers:
2026-02-18T13:17:15.1786006Z     'Transfer-Encoding': 'chunked'
2026-02-18T13:17:15.1786089Z     'Content-Type': 'application/json; charset=utf-8'
2026-02-18T13:17:15.1786112Z     'Server': 'Microsoft-HTTPAPI/2.0'
2026-02-18T13:17:15.1786135Z     'Strict-Transport-Security': 'REDACTED'
2026-02-18T13:17:15.1786159Z     'X-Content-Type-Options': 'REDACTED'
2026-02-18T13:17:15.1786183Z     'Date': 'Wed, 18 Feb 2026 13:17:14 GMT'
2026-02-18T13:17:15.1791481Z 2026-02-18 13:17:15,178 - azure.monitor.opentelemetry.exporter.export._base - INFO - Transmission succeeded: Item received: 3. Items accepted: 3
2026-02-18T13:17:16.1535764Z 2026-02-18 13:17:16,148 - azure.core.pipeline.policies.http_logging_policy - INFO - Request URL: 'https://westus2-2.in.applicationinsights.azure.com//v2.1/track'
2026-02-18T13:17:16.1536391Z Request method: 'POST'
2026-02-18T13:17:16.1536419Z Request headers:
2026-02-18T13:17:16.1536474Z     'Content-Type': 'application/json'
2026-02-18T13:17:16.1536493Z     'Content-Length': '3720'
2026-02-18T13:17:16.1536511Z     'Accept': 'application/json'
2026-02-18T13:17:16.1536531Z     'x-ms-client-request-id': '2528bf54-0ccc-11f1-b119-96dd9b170a45'
2026-02-18T13:17:16.1536552Z     'User-Agent': 'azsdk-python-azuremonitorclient/unknown Python/3.11.14 (Linux-6.6.119.3-1.azl3-x86_64-with-glibc2.31)'
2026-02-18T13:17:16.1536573Z A body is sent with the request
2026-02-18T13:17:16.4567783Z 2026-02-18 13:17:16,456 - azure.core.pipeline.policies.http_logging_policy - INFO - Response status: 200
2026-02-18T13:17:16.4568024Z Response headers:
2026-02-18T13:17:16.4568052Z     'Transfer-Encoding': 'chunked'
2026-02-18T13:17:16.4568073Z     'Content-Type': 'application/json; charset=utf-8'
2026-02-18T13:17:16.4568091Z     'Server': 'Microsoft-HTTPAPI/2.0'
2026-02-18T13:17:16.4568165Z     'Strict-Transport-Security': 'REDACTED'
2026-02-18T13:17:16.4568185Z     'X-Content-Type-Options': 'REDACTED'
2026-02-18T13:17:16.4568206Z     'Date': 'Wed, 18 Feb 2026 13:17:15 GMT'
2026-02-18T13:17:16.4671428Z 2026-02-18 13:17:16,461 - azure.monitor.opentelemetry.exporter.export._base - INFO - Transmission succeeded: Item received: 3. Items accepted: 3
2026-02-18T13:17:20.1826468Z 2026-02-18 13:17:20,182 - azure.core.pipeline.policies.http_logging_policy - INFO - Request URL: 'https://westus2-2.in.applicationinsights.azure.com//v2.1/track'
2026-02-18T13:17:20.1826859Z Request method: 'POST'
2026-02-18T13:17:20.1826884Z Request headers:
2026-02-18T13:17:20.1826908Z     'Content-Type': 'application/json'
2026-02-18T13:17:20.1826932Z     'Content-Length': '3720'
2026-02-18T13:17:20.1826951Z     'Accept': 'application/json'
2026-02-18T13:17:20.1827041Z     'x-ms-client-request-id': '27903cfe-0ccc-11f1-9d9d-96dd9b170a45'
2026-02-18T13:17:20.1827071Z     'User-Agent': 'azsdk-python-azuremonitorclient/unknown Python/3.11.14 (Linux-6.6.119.3-1.azl3-x86_64-with-glibc2.31)'
2026-02-18T13:17:20.1827092Z A body is sent with the request
2026-02-18T13:17:20.2872109Z 2026-02-18 13:17:20,287 - azure.core.pipeline.policies.http_logging_policy - INFO - Response status: 200
2026-02-18T13:17:20.2872518Z Response headers:
2026-02-18T13:17:20.2872549Z     'Transfer-Encoding': 'chunked'
2026-02-18T13:17:20.2872576Z     'Content-Type': 'application/json; charset=utf-8'
2026-02-18T13:17:20.2872601Z     'Server': 'Microsoft-HTTPAPI/2.0'
2026-02-18T13:17:20.2872624Z     'Strict-Transport-Security': 'REDACTED'
2026-02-18T13:17:20.2872645Z     'X-Content-Type-Options': 'REDACTED'
2026-02-18T13:17:20.2872667Z     'Date': 'Wed, 18 Feb 2026 13:17:19 GMT'
2026-02-18T13:17:20.2896421Z 2026-02-18 13:17:20,289 - azure.monitor.opentelemetry.exporter.export._base - INFO - Transmission succeeded: Item received: 3. Items accepted: 3
2026-02-18T13:17:21.4745278Z 2026-02-18 13:17:21,473 - azure.core.pipeline.policies.http_logging_policy - INFO - Request URL: 'https://westus2-2.in.applicationinsights.azure.com//v2.1/track'
2026-02-18T13:17:21.4745791Z Request method: 'POST'
2026-02-18T13:17:21.4745821Z Request headers:
2026-02-18T13:17:21.4745843Z     'Content-Type': 'application/json'
2026-02-18T13:17:21.4745868Z     'Content-Length': '3720'
2026-02-18T13:17:21.4745888Z     'Accept': 'application/json'
2026-02-18T13:17:21.4745911Z     'x-ms-client-request-id': '2855514c-0ccc-11f1-b119-96dd9b170a45'
2026-02-18T13:17:21.4745936Z     'User-Agent': 'azsdk-python-azuremonitorclient/unknown Python/3.11.14 (Linux-6.6.119.3-1.azl3-x86_64-with-glibc2.31)'
2026-02-18T13:17:21.4746007Z A body is sent with the request
2026-02-18T13:17:21.6038251Z 2026-02-18 13:17:21,603 - azure.core.pipeline.policies.http_logging_policy - INFO - Response status: 200
2026-02-18T13:17:21.6038603Z Response headers:
2026-02-18T13:17:21.6038636Z     'Transfer-Encoding': 'chunked'
2026-02-18T13:17:21.6038664Z     'Content-Type': 'application/json; charset=utf-8'
2026-02-18T13:17:21.6038687Z     'Server': 'Microsoft-HTTPAPI/2.0'
2026-02-18T13:17:21.6038713Z     'Strict-Transport-Security': 'REDACTED'
2026-02-18T13:17:21.6038736Z     'X-Content-Type-Options': 'REDACTED'
2026-02-18T13:17:21.6038757Z     'Date': 'Wed, 18 Feb 2026 13:17:20 GMT'
2026-02-18T13:17:21.6051983Z 2026-02-18 13:17:21,605 - azure.monitor.opentelemetry.exporter.export._base - INFO - Transmission succeeded: Item received: 3. Items accepted: 3
2026-02-18T13:17:25.2929588Z 2026-02-18 13:17:25,292 - azure.core.pipeline.policies.http_logging_policy - INFO - Request URL: 'https://westus2-2.in.applicationinsights.azure.com//v2.1/track'
2026-02-18T13:17:25.2929975Z Request method: 'POST'
2026-02-18T13:17:25.2930002Z Request headers:
2026-02-18T13:17:25.2930028Z     'Content-Type': 'application/json'
2026-02-18T13:17:25.2930050Z     'Content-Length': '3719'
2026-02-18T13:17:25.2930075Z     'Accept': 'application/json'
2026-02-18T13:17:25.2930101Z     'x-ms-client-request-id': '2a9c0496-0ccc-11f1-9d9d-96dd9b170a45'
2026-02-18T13:17:25.2930125Z     'User-Agent': 'azsdk-python-azuremonitorclient/unknown Python/3.11.14 (Linux-6.6.119.3-1.azl3-x86_64-with-glibc2.31)'
2026-02-18T13:17:25.2930149Z A body is sent with the request
2026-02-18T13:17:25.3934951Z 2026-02-18 13:17:25,391 - azure.core.pipeline.policies.http_logging_policy - INFO - Response status: 200
2026-02-18T13:17:25.3935369Z Response headers:
2026-02-18T13:17:25.3935404Z     'Transfer-Encoding': 'chunked'
2026-02-18T13:17:25.3935423Z     'Content-Type': 'application/json; charset=utf-8'
2026-02-18T13:17:25.3935443Z     'Server': 'Microsoft-HTTPAPI/2.0'
2026-02-18T13:17:25.3935464Z     'Strict-Transport-Security': 'REDACTED'
2026-02-18T13:17:25.3935484Z     'X-Content-Type-Options': 'REDACTED'
2026-02-18T13:17:25.3935504Z     'Date': 'Wed, 18 Feb 2026 13:17:24 GMT'
2026-02-18T13:17:25.3965747Z 2026-02-18 13:17:25,396 - azure.monitor.opentelemetry.exporter.export._base - INFO - Transmission succeeded: Item received: 3. Items accepted: 3
2026-02-18T13:17:26.6068994Z 2026-02-18 13:17:26,606 - azure.core.pipeline.policies.http_logging_policy - INFO - Request URL: 'https://westus2-2.in.applicationinsights.azure.com//v2.1/track'
2026-02-18T13:17:26.6069349Z Request method: 'POST'
2026-02-18T13:17:26.6069426Z Request headers:
2026-02-18T13:17:26.6069448Z     'Content-Type': 'application/json'
2026-02-18T13:17:26.6069469Z     'Content-Length': '3719'
2026-02-18T13:17:26.6069491Z     'Accept': 'application/json'
2026-02-18T13:17:26.6069517Z     'x-ms-client-request-id': '2b648524-0ccc-11f1-b119-96dd9b170a45'
2026-02-18T13:17:26.6069546Z     'User-Agent': 'azsdk-python-azuremonitorclient/unknown Python/3.11.14 (Linux-6.6.119.3-1.azl3-x86_64-with-glibc2.31)'
2026-02-18T13:17:26.6069568Z A body is sent with the request
2026-02-18T13:17:26.7195343Z 2026-02-18 13:17:26,719 - azure.core.pipeline.policies.http_logging_policy - INFO - Response status: 200
2026-02-18T13:17:26.7195952Z Response headers:
2026-02-18T13:17:26.7195986Z     'Transfer-Encoding': 'chunked'
2026-02-18T13:17:26.7196007Z     'Content-Type': 'application/json; charset=utf-8'
2026-02-18T13:17:26.7196074Z     'Server': 'Microsoft-HTTPAPI/2.0'
2026-02-18T13:17:26.7196096Z     'Strict-Transport-Security': 'REDACTED'
2026-02-18T13:17:26.7196116Z     'X-Content-Type-Options': 'REDACTED'
2026-02-18T13:17:26.7196137Z     'Date': 'Wed, 18 Feb 2026 13:17:25 GMT'
2026-02-18T13:17:26.7201101Z 2026-02-18 13:17:26,719 - azure.monitor.opentelemetry.exporter.export._base - INFO - Transmission succeeded: Item received: 3. Items accepted: 3
2026-02-18T13:17:30.4019980Z 2026-02-18 13:17:30,401 - azure.core.pipeline.policies.http_logging_policy - INFO - Request URL: 'https://westus2-2.in.applicationinsights.azure.com//v2.1/track'
2026-02-18T13:17:30.4020740Z Request method: 'POST'
2026-02-18T13:17:30.4020775Z Request headers:
2026-02-18T13:17:30.4020796Z     'Content-Type': 'application/json'
2026-02-18T13:17:30.4020814Z     'Content-Length': '3719'
2026-02-18T13:17:30.4020900Z     'Accept': 'application/json'
2026-02-18T13:17:30.4020921Z     'x-ms-client-request-id': '2da79a92-0ccc-11f1-9d9d-96dd9b170a45'
2026-02-18T13:17:30.4020942Z     'User-Agent': 'azsdk-python-azuremonitorclient/unknown Python/3.11.14 (Linux-6.6.119.3-1.azl3-x86_64-with-glibc2.31)'
2026-02-18T13:17:30.4020960Z A body is sent with the request
2026-02-18T13:17:30.4790822Z 2026-02-18 13:17:30,478 - azure.core.pipeline.policies.http_logging_policy - INFO - Response status: 200
2026-02-18T13:17:30.4791227Z Response headers:
2026-02-18T13:17:30.4791258Z     'Transfer-Encoding': 'chunked'
2026-02-18T13:17:30.4791277Z     'Content-Type': 'application/json; charset=utf-8'
2026-02-18T13:17:30.4791295Z     'Server': 'Microsoft-HTTPAPI/2.0'
2026-02-18T13:17:30.4791316Z     'Strict-Transport-Security': 'REDACTED'
2026-02-18T13:17:30.4791389Z     'X-Content-Type-Options': 'REDACTED'
2026-02-18T13:17:30.4791408Z     'Date': 'Wed, 18 Feb 2026 13:17:29 GMT'
2026-02-18T13:17:30.4795117Z 2026-02-18 13:17:30,479 - azure.monitor.opentelemetry.exporter.export._base - INFO - Transmission succeeded: Item received: 3. Items accepted: 3
2026-02-18T13:17:31.7216456Z 2026-02-18 13:17:31,721 - azure.core.pipeline.policies.http_logging_policy - INFO - Request URL: 'https://westus2-2.in.applicationinsights.azure.com//v2.1/track'
2026-02-18T13:17:31.7217061Z Request method: 'POST'
2026-02-18T13:17:31.7217095Z Request headers:
2026-02-18T13:17:31.7217118Z     'Content-Type': 'application/json'
2026-02-18T13:17:31.7217142Z     'Content-Length': '3719'
2026-02-18T13:17:31.7217163Z     'Accept': 'application/json'
2026-02-18T13:17:31.7217188Z     'x-ms-client-request-id': '2e70f766-0ccc-11f1-b119-96dd9b170a45'
2026-02-18T13:17:31.7217263Z     'User-Agent': 'azsdk-python-azuremonitorclient/unknown Python/3.11.14 (Linux-6.6.119.3-1.azl3-x86_64-with-glibc2.31)'
2026-02-18T13:17:31.7217286Z A body is sent with the request
2026-02-18T13:17:31.8344648Z 2026-02-18 13:17:31,834 - azure.core.pipeline.policies.http_logging_policy - INFO - Response status: 200
2026-02-18T13:17:31.8345046Z Response headers:
2026-02-18T13:17:31.8345071Z     'Transfer-Encoding': 'chunked'
2026-02-18T13:17:31.8345091Z     'Content-Type': 'application/json; charset=utf-8'
2026-02-18T13:17:31.8345110Z     'Server': 'Microsoft-HTTPAPI/2.0'
2026-02-18T13:17:31.8345134Z     'Strict-Transport-Security': 'REDACTED'
2026-02-18T13:17:31.8345155Z     'X-Content-Type-Options': 'REDACTED'
2026-02-18T13:17:31.8345174Z     'Date': 'Wed, 18 Feb 2026 13:17:30 GMT'
2026-02-18T13:17:31.8352466Z 2026-02-18 13:17:31,834 - azure.monitor.opentelemetry.exporter.export._base - INFO - Transmission succeeded: Item received: 3. Items accepted: 3
2026-02-18T13:17:35.4817210Z 2026-02-18 13:17:35,481 - azure.core.pipeline.policies.http_logging_policy - INFO - Request URL: 'https://westus2-2.in.applicationinsights.azure.com//v2.1/track'
2026-02-18T13:17:35.4817570Z Request method: 'POST'
2026-02-18T13:17:35.4817596Z Request headers:
2026-02-18T13:17:35.4817618Z     'Content-Type': 'application/json'
2026-02-18T13:17:35.4817638Z     'Content-Length': '3720'
2026-02-18T13:17:35.4817658Z     'Accept': 'application/json'
2026-02-18T13:17:35.4817682Z     'x-ms-client-request-id': '30aea604-0ccc-11f1-9d9d-96dd9b170a45'
2026-02-18T13:17:35.4817705Z     'User-Agent': 'azsdk-python-azuremonitorclient/unknown Python/3.11.14 (Linux-6.6.119.3-1.azl3-x86_64-with-glibc2.31)'
2026-02-18T13:17:35.4817726Z A body is sent with the request
2026-02-18T13:17:35.5347570Z 2026-02-18 13:17:35,534 - azure.core.pipeline.policies.http_logging_policy - INFO - Response status: 200
2026-02-18T13:17:35.5348132Z Response headers:
2026-02-18T13:17:35.5348167Z     'Transfer-Encoding': 'chunked'
2026-02-18T13:17:35.5348192Z     'Content-Type': 'application/json; charset=utf-8'
2026-02-18T13:17:35.5348212Z     'Server': 'Microsoft-HTTPAPI/2.0'
2026-02-18T13:17:35.5348232Z     'Strict-Transport-Security': 'REDACTED'
2026-02-18T13:17:35.5348255Z     'X-Content-Type-Options': 'REDACTED'
2026-02-18T13:17:35.5348274Z     'Date': 'Wed, 18 Feb 2026 13:17:34 GMT'
2026-02-18T13:17:35.5353180Z 2026-02-18 13:17:35,534 - azure.monitor.opentelemetry.exporter.export._base - INFO - Transmission succeeded: Item received: 3. Items accepted: 3
2026-02-18T13:17:36.8369730Z 2026-02-18 13:17:36,836 - azure.core.pipeline.policies.http_logging_policy - INFO - Request URL: 'https://westus2-2.in.applicationinsights.azure.com//v2.1/track'
2026-02-18T13:17:36.8370198Z Request method: 'POST'
2026-02-18T13:17:36.8370230Z Request headers:
2026-02-18T13:17:36.8370256Z     'Content-Type': 'application/json'
2026-02-18T13:17:36.8370280Z     'Content-Length': '3719'
2026-02-18T13:17:36.8370304Z     'Accept': 'application/json'
2026-02-18T13:17:36.8370331Z     'x-ms-client-request-id': '317d7eca-0ccc-11f1-b119-96dd9b170a45'
2026-02-18T13:17:36.8370361Z     'User-Agent': 'azsdk-python-azuremonitorclient/unknown Python/3.11.14 (Linux-6.6.119.3-1.azl3-x86_64-with-glibc2.31)'
2026-02-18T13:17:36.8370384Z A body is sent with the request
2026-02-18T13:17:36.9792140Z 2026-02-18 13:17:36,979 - azure.core.pipeline.policies.http_logging_policy - INFO - Response status: 200
2026-02-18T13:17:36.9792855Z Response headers:
2026-02-18T13:17:36.9792890Z     'Transfer-Encoding': 'chunked'
2026-02-18T13:17:36.9792972Z     'Content-Type': 'application/json; charset=utf-8'
2026-02-18T13:17:36.9792991Z     'Server': 'Microsoft-HTTPAPI/2.0'
2026-02-18T13:17:36.9793013Z     'Strict-Transport-Security': 'REDACTED'
2026-02-18T13:17:36.9793034Z     'X-Content-Type-Options': 'REDACTED'
2026-02-18T13:17:36.9793054Z     'Date': 'Wed, 18 Feb 2026 13:17:36 GMT'
2026-02-18T13:17:36.9797150Z 2026-02-18 13:17:36,979 - azure.monitor.opentelemetry.exporter.export._base - INFO - Transmission succeeded: Item received: 3. Items accepted: 3
2026-02-18T13:17:40.5371189Z 2026-02-18 13:17:40,536 - azure.core.pipeline.policies.http_logging_policy - INFO - Request URL: 'https://westus2-2.in.applicationinsights.azure.com//v2.1/track'
2026-02-18T13:17:40.5371834Z Request method: 'POST'
2026-02-18T13:17:40.5371875Z Request headers:
2026-02-18T13:17:40.5371966Z     'Content-Type': 'application/json'
2026-02-18T13:17:40.5371989Z     'Content-Length': '3720'
2026-02-18T13:17:40.5372009Z     'Accept': 'application/json'
2026-02-18T13:17:40.5372032Z     'x-ms-client-request-id': '33b216ec-0ccc-11f1-9d9d-96dd9b170a45'
2026-02-18T13:17:40.5372057Z     'User-Agent': 'azsdk-python-azuremonitorclient/unknown Python/3.11.14 (Linux-6.6.119.3-1.azl3-x86_64-with-glibc2.31)'
2026-02-18T13:17:40.5372078Z A body is sent with the request
2026-02-18T13:17:40.7794367Z 2026-02-18 13:17:40,779 - azure.core.pipeline.policies.http_logging_policy - INFO - Response status: 200
2026-02-18T13:17:40.7794718Z Response headers:
2026-02-18T13:17:40.7794743Z     'Transfer-Encoding': 'chunked'
2026-02-18T13:17:40.7794770Z     'Content-Type': 'application/json; charset=utf-8'
2026-02-18T13:17:40.7794791Z     'Server': 'Microsoft-HTTPAPI/2.0'
2026-02-18T13:17:40.7794871Z     'Strict-Transport-Security': 'REDACTED'
2026-02-18T13:17:40.7794892Z     'X-Content-Type-Options': 'REDACTED'
2026-02-18T13:17:40.7794910Z     'Date': 'Wed, 18 Feb 2026 13:17:39 GMT'
2026-02-18T13:17:40.7802296Z 2026-02-18 13:17:40,779 - azure.monitor.opentelemetry.exporter.export._base - INFO - Transmission succeeded: Item received: 3. Items accepted: 3
2026-02-18T13:17:41.9814477Z 2026-02-18 13:17:41,981 - azure.core.pipeline.policies.http_logging_policy - INFO - Request URL: 'https://westus2-2.in.applicationinsights.azure.com//v2.1/track'
2026-02-18T13:17:41.9814847Z Request method: 'POST'
2026-02-18T13:17:41.9814877Z Request headers:
2026-02-18T13:17:41.9814901Z     'Content-Type': 'application/json'
2026-02-18T13:17:41.9814922Z     'Content-Length': '3720'
2026-02-18T13:17:41.9814942Z     'Accept': 'application/json'
2026-02-18T13:17:41.9815025Z     'x-ms-client-request-id': '348e7d94-0ccc-11f1-b119-96dd9b170a45'
2026-02-18T13:17:41.9815050Z     'User-Agent': 'azsdk-python-azuremonitorclient/unknown Python/3.11.14 (Linux-6.6.119.3-1.azl3-x86_64-with-glibc2.31)'
2026-02-18T13:17:41.9815071Z A body is sent with the request
2026-02-18T13:17:42.0540269Z 2026-02-18 13:17:42,053 - azure.core.pipeline.policies.http_logging_policy - INFO - Response status: 200
2026-02-18T13:17:42.0540626Z Response headers:
2026-02-18T13:17:42.0540659Z     'Transfer-Encoding': 'chunked'
2026-02-18T13:17:42.0540681Z     'Content-Type': 'application/json; charset=utf-8'
2026-02-18T13:17:42.0540701Z     'Server': 'Microsoft-HTTPAPI/2.0'
2026-02-18T13:17:42.0540721Z     'Strict-Transport-Security': 'REDACTED'
2026-02-18T13:17:42.0540742Z     'X-Content-Type-Options': 'REDACTED'
2026-02-18T13:17:42.0540765Z     'Date': 'Wed, 18 Feb 2026 13:17:41 GMT'
2026-02-18T13:17:42.0545023Z 2026-02-18 13:17:42,054 - azure.monitor.opentelemetry.exporter.export._base - INFO - Transmission succeeded: Item received: 3. Items accepted: 3
2026-02-18T13:17:45.7816094Z 2026-02-18 13:17:45,781 - azure.core.pipeline.policies.http_logging_policy - INFO - Request URL: 'https://westus2-2.in.applicationinsights.azure.com//v2.1/track'
2026-02-18T13:17:45.7816463Z Request method: 'POST'
2026-02-18T13:17:45.7816492Z Request headers:
2026-02-18T13:17:45.7816518Z     'Content-Type': 'application/json'
2026-02-18T13:17:45.7816535Z     'Content-Length': '3720'
2026-02-18T13:17:45.7816555Z     'Accept': 'application/json'
2026-02-18T13:17:45.7816578Z     'x-ms-client-request-id': '36d258fa-0ccc-11f1-9d9d-96dd9b170a45'
2026-02-18T13:17:45.7816601Z     'User-Agent': 'azsdk-python-azuremonitorclient/unknown Python/3.11.14 (Linux-6.6.119.3-1.azl3-x86_64-with-glibc2.31)'
2026-02-18T13:17:45.7816839Z A body is sent with the request
2026-02-18T13:17:45.8299581Z 2026-02-18 13:17:45,829 - azure.core.pipeline.policies.http_logging_policy - INFO - Response status: 200
2026-02-18T13:17:45.8299934Z Response headers:
2026-02-18T13:17:45.8299959Z     'Transfer-Encoding': 'chunked'
2026-02-18T13:17:45.8299988Z     'Content-Type': 'application/json; charset=utf-8'
2026-02-18T13:17:45.8300007Z     'Server': 'Microsoft-HTTPAPI/2.0'
2026-02-18T13:17:45.8300026Z     'Strict-Transport-Security': 'REDACTED'
2026-02-18T13:17:45.8300046Z     'X-Content-Type-Options': 'REDACTED'
2026-02-18T13:17:45.8300064Z     'Date': 'Wed, 18 Feb 2026 13:17:44 GMT'
2026-02-18T13:17:45.8306307Z 2026-02-18 13:17:45,830 - azure.monitor.opentelemetry.exporter.export._base - INFO - Transmission succeeded: Item received: 3. Items accepted: 3
2026-02-18T13:17:47.0559963Z 2026-02-18 13:17:47,055 - azure.core.pipeline.policies.http_logging_policy - INFO - Request URL: 'https://westus2-2.in.applicationinsights.azure.com//v2.1/track'
2026-02-18T13:17:47.0560659Z Request method: 'POST'
2026-02-18T13:17:47.0560691Z Request headers:
2026-02-18T13:17:47.0560715Z     'Content-Type': 'application/json'
2026-02-18T13:17:47.0560736Z     'Content-Length': '3720'
2026-02-18T13:17:47.0560757Z     'Accept': 'application/json'
2026-02-18T13:17:47.0560780Z     'x-ms-client-request-id': '3794cd54-0ccc-11f1-b119-96dd9b170a45'
2026-02-18T13:17:47.0560801Z     'User-Agent': 'azsdk-python-azuremonitorclient/unknown Python/3.11.14 (Linux-6.6.119.3-1.azl3-x86_64-with-glibc2.31)'
2026-02-18T13:17:47.0560820Z A body is sent with the request
2026-02-18T13:17:47.4603175Z 2026-02-18 13:17:47,460 - azure.core.pipeline.policies.http_logging_policy - INFO - Response status: 200
2026-02-18T13:17:47.4603824Z Response headers:
2026-02-18T13:17:47.4603857Z     'Transfer-Encoding': 'chunked'
2026-02-18T13:17:47.4603881Z     'Content-Type': 'application/json; charset=utf-8'
2026-02-18T13:17:47.4603905Z     'Server': 'Microsoft-HTTPAPI/2.0'
2026-02-18T13:17:47.4603930Z     'Strict-Transport-Security': 'REDACTED'
2026-02-18T13:17:47.4603952Z     'X-Content-Type-Options': 'REDACTED'
2026-02-18T13:17:47.4603980Z     'Date': 'Wed, 18 Feb 2026 13:17:46 GMT'
2026-02-18T13:17:47.4608930Z 2026-02-18 13:17:47,460 - azure.monitor.opentelemetry.exporter.export._base - INFO - Transmission succeeded: Item received: 3. Items accepted: 3
2026-02-18T13:17:50.8318170Z 2026-02-18 13:17:50,831 - azure.core.pipeline.policies.http_logging_policy - INFO - Request URL: 'https://westus2-2.in.applicationinsights.azure.com//v2.1/track'
2026-02-18T13:17:50.8318539Z Request method: 'POST'
2026-02-18T13:17:50.8318607Z Request headers:
2026-02-18T13:17:50.8318629Z     'Content-Type': 'application/json'
2026-02-18T13:17:50.8318647Z     'Content-Length': '3720'
2026-02-18T13:17:50.8318665Z     'Accept': 'application/json'
2026-02-18T13:17:50.8318686Z     'x-ms-client-request-id': '39d4f40e-0ccc-11f1-9d9d-96dd9b170a45'
2026-02-18T13:17:50.8318708Z     'User-Agent': 'azsdk-python-azuremonitorclient/unknown Python/3.11.14 (Linux-6.6.119.3-1.azl3-x86_64-with-glibc2.31)'
2026-02-18T13:17:50.8318728Z A body is sent with the request
2026-02-18T13:17:50.9603394Z 2026-02-18 13:17:50,960 - azure.core.pipeline.policies.http_logging_policy - INFO - Response status: 200
2026-02-18T13:17:50.9604180Z Response headers:
2026-02-18T13:17:50.9604214Z     'Transfer-Encoding': 'chunked'
2026-02-18T13:17:50.9604235Z     'Content-Type': 'application/json; charset=utf-8'
2026-02-18T13:17:50.9604313Z     'Server': 'Microsoft-HTTPAPI/2.0'
2026-02-18T13:17:50.9604332Z     'Strict-Transport-Security': 'REDACTED'
2026-02-18T13:17:50.9604349Z     'X-Content-Type-Options': 'REDACTED'
2026-02-18T13:17:50.9604365Z     'Date': 'Wed, 18 Feb 2026 13:17:50 GMT'
2026-02-18T13:17:50.9610725Z 2026-02-18 13:17:50,960 - azure.monitor.opentelemetry.exporter.export._base - INFO - Transmission succeeded: Item received: 3. Items accepted: 3
2026-02-18T13:17:52.4623676Z 2026-02-18 13:17:52,462 - azure.core.pipeline.policies.http_logging_policy - INFO - Request URL: 'https://westus2-2.in.applicationinsights.azure.com//v2.1/track'
2026-02-18T13:17:52.4624233Z Request method: 'POST'
2026-02-18T13:17:52.4624271Z Request headers:
2026-02-18T13:17:52.4624297Z     'Content-Type': 'application/json'
2026-02-18T13:17:52.4624320Z     'Content-Length': '3719'
2026-02-18T13:17:52.4624586Z     'Accept': 'application/json'
2026-02-18T13:17:52.4624611Z     'x-ms-client-request-id': '3acdbe7c-0ccc-11f1-b119-96dd9b170a45'
2026-02-18T13:17:52.4624638Z     'User-Agent': 'azsdk-python-azuremonitorclient/unknown Python/3.11.14 (Linux-6.6.119.3-1.azl3-x86_64-with-glibc2.31)'
2026-02-18T13:17:52.4624660Z A body is sent with the request
2026-02-18T13:17:52.5356953Z 2026-02-18 13:17:52,535 - azure.core.pipeline.policies.http_logging_policy - INFO - Response status: 200
2026-02-18T13:17:52.5357266Z Response headers:
2026-02-18T13:17:52.5357295Z     'Transfer-Encoding': 'chunked'
2026-02-18T13:17:52.5357317Z     'Content-Type': 'application/json; charset=utf-8'
2026-02-18T13:17:52.5357337Z     'Server': 'Microsoft-HTTPAPI/2.0'
2026-02-18T13:17:52.5357358Z     'Strict-Transport-Security': 'REDACTED'
2026-02-18T13:17:52.5357416Z     'X-Content-Type-Options': 'REDACTED'
2026-02-18T13:17:52.5357438Z     'Date': 'Wed, 18 Feb 2026 13:17:51 GMT'
2026-02-18T13:17:52.5361128Z 2026-02-18 13:17:52,535 - azure.monitor.opentelemetry.exporter.export._base - INFO - Transmission succeeded: Item received: 3. Items accepted: 3
2026-02-18T13:17:55.9626691Z 2026-02-18 13:17:55,962 - azure.core.pipeline.policies.http_logging_policy - INFO - Request URL: 'https://westus2-2.in.applicationinsights.azure.com//v2.1/track'
2026-02-18T13:17:55.9627243Z Request method: 'POST'
2026-02-18T13:17:55.9627278Z Request headers:
2026-02-18T13:17:55.9627301Z     'Content-Type': 'application/json'
2026-02-18T13:17:55.9627321Z     'Content-Length': '3720'
2026-02-18T13:17:55.9627343Z     'Accept': 'application/json'
2026-02-18T13:17:55.9627494Z     'x-ms-client-request-id': '3ce3dc50-0ccc-11f1-9d9d-96dd9b170a45'
2026-02-18T13:17:55.9627567Z     'User-Agent': 'azsdk-python-azuremonitorclient/unknown Python/3.11.14 (Linux-6.6.119.3-1.azl3-x86_64-with-glibc2.31)'
2026-02-18T13:17:55.9627589Z A body is sent with the request
2026-02-18T13:17:56.0064793Z 2026-02-18 13:17:56,006 - azure.core.pipeline.policies.http_logging_policy - INFO - Response status: 200
2026-02-18T13:17:56.0065080Z Response headers:
2026-02-18T13:17:56.0065107Z     'Transfer-Encoding': 'chunked'
2026-02-18T13:17:56.0065132Z     'Content-Type': 'application/json; charset=utf-8'
2026-02-18T13:17:56.0065156Z     'Server': 'Microsoft-HTTPAPI/2.0'
2026-02-18T13:17:56.0065175Z     'Strict-Transport-Security': 'REDACTED'
2026-02-18T13:17:56.0065196Z     'X-Content-Type-Options': 'REDACTED'
2026-02-18T13:17:56.0065214Z     'Date': 'Wed, 18 Feb 2026 13:17:55 GMT'
2026-02-18T13:17:56.0087343Z 2026-02-18 13:17:56,006 - azure.monitor.opentelemetry.exporter.export._base - INFO - Transmission succeeded: Item received: 3. Items accepted: 3
2026-02-18T13:17:57.5390689Z 2026-02-18 13:17:57,537 - azure.core.pipeline.policies.http_logging_policy - INFO - Request URL: 'https://westus2-2.in.applicationinsights.azure.com//v2.1/track'
2026-02-18T13:17:57.5391199Z Request method: 'POST'
2026-02-18T13:17:57.5391225Z Request headers:
2026-02-18T13:17:57.5391255Z     'Content-Type': 'application/json'
2026-02-18T13:17:57.5391273Z     'Content-Length': '3719'
2026-02-18T13:17:57.5391293Z     'Accept': 'application/json'
2026-02-18T13:17:57.5391316Z     'x-ms-client-request-id': '3dd43588-0ccc-11f1-b119-96dd9b170a45'
2026-02-18T13:17:57.5391337Z     'User-Agent': 'azsdk-python-azuremonitorclient/unknown Python/3.11.14 (Linux-6.6.119.3-1.azl3-x86_64-with-glibc2.31)'
2026-02-18T13:17:57.5391358Z A body is sent with the request
2026-02-18T13:17:57.5833960Z 2026-02-18 13:17:57,583 - azure.core.pipeline.policies.http_logging_policy - INFO - Response status: 200
2026-02-18T13:17:57.5834232Z Response headers:
2026-02-18T13:17:57.5834263Z     'Transfer-Encoding': 'chunked'
2026-02-18T13:17:57.5834288Z     'Content-Type': 'application/json; charset=utf-8'
2026-02-18T13:17:57.5834308Z     'Server': 'Microsoft-HTTPAPI/2.0'
2026-02-18T13:17:57.5834330Z     'Strict-Transport-Security': 'REDACTED'
2026-02-18T13:17:57.5834350Z     'X-Content-Type-Options': 'REDACTED'
2026-02-18T13:17:57.5834372Z     'Date': 'Wed, 18 Feb 2026 13:17:56 GMT'
2026-02-18T13:17:57.5838805Z 2026-02-18 13:17:57,583 - azure.monitor.opentelemetry.exporter.export._base - INFO - Transmission succeeded: Item received: 3. Items accepted: 3
2026-02-18T13:18:01.0092774Z 2026-02-18 13:18:01,009 - azure.core.pipeline.policies.http_logging_policy - INFO - Request URL: 'https://westus2-2.in.applicationinsights.azure.com//v2.1/track'
2026-02-18T13:18:01.0093480Z Request method: 'POST'
2026-02-18T13:18:01.0093512Z Request headers:
2026-02-18T13:18:01.0093534Z     'Content-Type': 'application/json'
2026-02-18T13:18:01.0093557Z     'Content-Length': '3720'
2026-02-18T13:18:01.0093580Z     'Accept': 'application/json'
2026-02-18T13:18:01.0093606Z     'x-ms-client-request-id': '3fe5e790-0ccc-11f1-9d9d-96dd9b170a45'
2026-02-18T13:18:01.0093634Z     'User-Agent': 'azsdk-python-azuremonitorclient/unknown Python/3.11.14 (Linux-6.6.119.3-1.azl3-x86_64-with-glibc2.31)'
2026-02-18T13:18:01.0093658Z A body is sent with the request
2026-02-18T13:18:01.1447160Z 2026-02-18 13:18:01,144 - azure.core.pipeline.policies.http_logging_policy - INFO - Response status: 200
2026-02-18T13:18:01.1447549Z Response headers:
2026-02-18T13:18:01.1447575Z     'Transfer-Encoding': 'chunked'
2026-02-18T13:18:01.1447653Z     'Content-Type': 'application/json; charset=utf-8'
2026-02-18T13:18:01.1447673Z     'Server': 'Microsoft-HTTPAPI/2.0'
2026-02-18T13:18:01.1447694Z     'Strict-Transport-Security': 'REDACTED'
2026-02-18T13:18:01.1447713Z     'X-Content-Type-Options': 'REDACTED'
2026-02-18T13:18:01.1447734Z     'Date': 'Wed, 18 Feb 2026 13:18:01 GMT'
2026-02-18T13:18:01.1452812Z 2026-02-18 13:18:01,145 - azure.monitor.opentelemetry.exporter.export._base - INFO - Transmission succeeded: Item received: 3. Items accepted: 3
2026-02-18T13:18:02.5854509Z 2026-02-18 13:18:02,585 - azure.core.pipeline.policies.http_logging_policy - INFO - Request URL: 'https://westus2-2.in.applicationinsights.azure.com//v2.1/track'
2026-02-18T13:18:02.5854916Z Request method: 'POST'
2026-02-18T13:18:02.5854948Z Request headers:
2026-02-18T13:18:02.5855031Z     'Content-Type': 'application/json'
2026-02-18T13:18:02.5855056Z     'Content-Length': '3720'
2026-02-18T13:18:02.5855075Z     'Accept': 'application/json'
2026-02-18T13:18:02.5855095Z     'x-ms-client-request-id': '40d6686e-0ccc-11f1-b119-96dd9b170a45'
2026-02-18T13:18:02.5855121Z     'User-Agent': 'azsdk-python-azuremonitorclient/unknown Python/3.11.14 (Linux-6.6.119.3-1.azl3-x86_64-with-glibc2.31)'
2026-02-18T13:18:02.5855142Z A body is sent with the request
2026-02-18T13:18:02.7581109Z 2026-02-18 13:18:02,757 - azure.core.pipeline.policies.http_logging_policy - INFO - Response status: 200
2026-02-18T13:18:02.7581449Z Response headers:
2026-02-18T13:18:02.7581476Z     'Transfer-Encoding': 'chunked'
2026-02-18T13:18:02.7581498Z     'Content-Type': 'application/json; charset=utf-8'
2026-02-18T13:18:02.7581517Z     'Server': 'Microsoft-HTTPAPI/2.0'
2026-02-18T13:18:02.7581593Z     'Strict-Transport-Security': 'REDACTED'
2026-02-18T13:18:02.7581614Z     'X-Content-Type-Options': 'REDACTED'
2026-02-18T13:18:02.7581634Z     'Date': 'Wed, 18 Feb 2026 13:18:01 GMT'
2026-02-18T13:18:02.7587806Z 2026-02-18 13:18:02,758 - azure.monitor.opentelemetry.exporter.export._base - INFO - Transmission succeeded: Item received: 3. Items accepted: 3
2026-02-18T13:18:06.1468708Z 2026-02-18 13:18:06,146 - azure.core.pipeline.policies.http_logging_policy - INFO - Request URL: 'https://westus2-2.in.applicationinsights.azure.com//v2.1/track'
2026-02-18T13:18:06.1469129Z Request method: 'POST'
2026-02-18T13:18:06.1469157Z Request headers:
2026-02-18T13:18:06.1469180Z     'Content-Type': 'application/json'
2026-02-18T13:18:06.1469203Z     'Content-Length': '3720'
2026-02-18T13:18:06.1469226Z     'Accept': 'application/json'
2026-02-18T13:18:06.1469304Z     'x-ms-client-request-id': '42f5d576-0ccc-11f1-9d9d-96dd9b170a45'
2026-02-18T13:18:06.1469329Z     'User-Agent': 'azsdk-python-azuremonitorclient/unknown Python/3.11.14 (Linux-6.6.119.3-1.azl3-x86_64-with-glibc2.31)'
2026-02-18T13:18:06.1469350Z A body is sent with the request
2026-02-18T13:18:06.2583217Z 2026-02-18 13:18:06,258 - azure.core.pipeline.policies.http_logging_policy - INFO - Response status: 200
2026-02-18T13:18:06.2583591Z Response headers:
2026-02-18T13:18:06.2583626Z     'Transfer-Encoding': 'chunked'
2026-02-18T13:18:06.2583650Z     'Content-Type': 'application/json; charset=utf-8'
2026-02-18T13:18:06.2583675Z     'Server': 'Microsoft-HTTPAPI/2.0'
2026-02-18T13:18:06.2583709Z     'Strict-Transport-Security': 'REDACTED'
2026-02-18T13:18:06.2583734Z     'X-Content-Type-Options': 'REDACTED'
2026-02-18T13:18:06.2583757Z     'Date': 'Wed, 18 Feb 2026 13:18:06 GMT'
2026-02-18T13:18:06.2587427Z 2026-02-18 13:18:06,258 - azure.monitor.opentelemetry.exporter.export._base - INFO - Transmission succeeded: Item received: 3. Items accepted: 3
2026-02-18T13:18:07.7600313Z 2026-02-18 13:18:07,759 - azure.core.pipeline.policies.http_logging_policy - INFO - Request URL: 'https://westus2-2.in.applicationinsights.azure.com//v2.1/track'
2026-02-18T13:18:07.7600662Z Request method: 'POST'
2026-02-18T13:18:07.7600691Z Request headers:
2026-02-18T13:18:07.7600714Z     'Content-Type': 'application/json'
2026-02-18T13:18:07.7600735Z     'Content-Length': '3720'
2026-02-18T13:18:07.7600761Z     'Accept': 'application/json'
2026-02-18T13:18:07.7600785Z     'x-ms-client-request-id': '43ebfcd0-0ccc-11f1-b119-96dd9b170a45'
2026-02-18T13:18:07.7600809Z     'User-Agent': 'azsdk-python-azuremonitorclient/unknown Python/3.11.14 (Linux-6.6.119.3-1.azl3-x86_64-with-glibc2.31)'
2026-02-18T13:18:07.7600881Z A body is sent with the request
2026-02-18T13:18:07.8571466Z 2026-02-18 13:18:07,856 - azure.core.pipeline.policies.http_logging_policy - INFO - Response status: 200
2026-02-18T13:18:07.8571831Z Response headers:
2026-02-18T13:18:07.8571864Z     'Transfer-Encoding': 'chunked'
2026-02-18T13:18:07.8571888Z     'Content-Type': 'application/json; charset=utf-8'
2026-02-18T13:18:07.8571908Z     'Server': 'Microsoft-HTTPAPI/2.0'
2026-02-18T13:18:07.8571932Z     'Strict-Transport-Security': 'REDACTED'
2026-02-18T13:18:07.8571954Z     'X-Content-Type-Options': 'REDACTED'
2026-02-18T13:18:07.8571975Z     'Date': 'Wed, 18 Feb 2026 13:18:06 GMT'
2026-02-18T13:18:07.8576709Z 2026-02-18 13:18:07,857 - azure.monitor.opentelemetry.exporter.export._base - INFO - Transmission succeeded: Item received: 3. Items accepted: 3
2026-02-18T13:18:11.2615738Z 2026-02-18 13:18:11,261 - azure.core.pipeline.policies.http_logging_policy - INFO - Request URL: 'https://westus2-2.in.applicationinsights.azure.com//v2.1/track'
2026-02-18T13:18:11.2616139Z Request method: 'POST'
2026-02-18T13:18:11.2616164Z Request headers:
2026-02-18T13:18:11.2616187Z     'Content-Type': 'application/json'
2026-02-18T13:18:11.2616206Z     'Content-Length': '3720'
2026-02-18T13:18:11.2616227Z     'Accept': 'application/json'
2026-02-18T13:18:11.2616249Z     'x-ms-client-request-id': '460248bc-0ccc-11f1-9d9d-96dd9b170a45'
2026-02-18T13:18:11.2616272Z     'User-Agent': 'azsdk-python-azuremonitorclient/unknown Python/3.11.14 (Linux-6.6.119.3-1.azl3-x86_64-with-glibc2.31)'
2026-02-18T13:18:11.2616291Z A body is sent with the request
2026-02-18T13:18:11.3990768Z 2026-02-18 13:18:11,398 - azure.core.pipeline.policies.http_logging_policy - INFO - Response status: 200
2026-02-18T13:18:11.3991191Z Response headers:
2026-02-18T13:18:11.3991222Z     'Transfer-Encoding': 'chunked'
2026-02-18T13:18:11.3991244Z     'Content-Type': 'application/json; charset=utf-8'
2026-02-18T13:18:11.3991263Z     'Server': 'Microsoft-HTTPAPI/2.0'
2026-02-18T13:18:11.3991283Z     'Strict-Transport-Security': 'REDACTED'
2026-02-18T13:18:11.3991301Z     'X-Content-Type-Options': 'REDACTED'
2026-02-18T13:18:11.3991321Z     'Date': 'Wed, 18 Feb 2026 13:18:11 GMT'
2026-02-18T13:18:11.3996340Z 2026-02-18 13:18:11,399 - azure.monitor.opentelemetry.exporter.export._base - INFO - Transmission succeeded: Item received: 3. Items accepted: 3
2026-02-18T13:18:12.8591557Z 2026-02-18 13:18:12,858 - azure.core.pipeline.policies.http_logging_policy - INFO - Request URL: 'https://westus2-2.in.applicationinsights.azure.com//v2.1/track'
2026-02-18T13:18:12.8592027Z Request method: 'POST'
2026-02-18T13:18:12.8592119Z Request headers:
2026-02-18T13:18:12.8592142Z     'Content-Type': 'application/json'
2026-02-18T13:18:12.8592160Z     'Content-Length': '3720'
2026-02-18T13:18:12.8592177Z     'Accept': 'application/json'
2026-02-18T13:18:12.8592197Z     'x-ms-client-request-id': '46f60902-0ccc-11f1-b119-96dd9b170a45'
2026-02-18T13:18:12.8592219Z     'User-Agent': 'azsdk-python-azuremonitorclient/unknown Python/3.11.14 (Linux-6.6.119.3-1.azl3-x86_64-with-glibc2.31)'
2026-02-18T13:18:12.8592237Z A body is sent with the request
2026-02-18T13:18:12.9428872Z 2026-02-18 13:18:12,942 - azure.core.pipeline.policies.http_logging_policy - INFO - Response status: 200
2026-02-18T13:18:12.9429195Z Response headers:
2026-02-18T13:18:12.9429221Z     'Transfer-Encoding': 'chunked'
2026-02-18T13:18:12.9429244Z     'Content-Type': 'application/json; charset=utf-8'
2026-02-18T13:18:12.9429316Z     'Server': 'Microsoft-HTTPAPI/2.0'
2026-02-18T13:18:12.9429337Z     'Strict-Transport-Security': 'REDACTED'
2026-02-18T13:18:12.9429358Z     'X-Content-Type-Options': 'REDACTED'
2026-02-18T13:18:12.9429377Z     'Date': 'Wed, 18 Feb 2026 13:18:12 GMT'
2026-02-18T13:18:12.9434306Z 2026-02-18 13:18:12,942 - azure.monitor.opentelemetry.exporter.export._base - INFO - Transmission succeeded: Item received: 3. Items accepted: 3
2026-02-18T13:18:16.4010537Z 2026-02-18 13:18:16,400 - azure.core.pipeline.policies.http_logging_policy - INFO - Request URL: 'https://westus2-2.in.applicationinsights.azure.com//v2.1/track'
2026-02-18T13:18:16.4011203Z Request method: 'POST'
2026-02-18T13:18:16.4011240Z Request headers:
2026-02-18T13:18:16.4011263Z     'Content-Type': 'application/json'
2026-02-18T13:18:16.4011288Z     'Content-Length': '3719'
2026-02-18T13:18:16.4011366Z     'Accept': 'application/json'
2026-02-18T13:18:16.4011389Z     'x-ms-client-request-id': '49127f90-0ccc-11f1-9d9d-96dd9b170a45'
2026-02-18T13:18:16.4011415Z     'User-Agent': 'azsdk-python-azuremonitorclient/unknown Python/3.11.14 (Linux-6.6.119.3-1.azl3-x86_64-with-glibc2.31)'
2026-02-18T13:18:16.4011433Z A body is sent with the request
2026-02-18T13:18:16.5024267Z 2026-02-18 13:18:16,502 - azure.core.pipeline.policies.http_logging_policy - INFO - Response status: 200
2026-02-18T13:18:16.5024621Z Response headers:
2026-02-18T13:18:16.5024657Z     'Transfer-Encoding': 'chunked'
2026-02-18T13:18:16.5024685Z     'Content-Type': 'application/json; charset=utf-8'
2026-02-18T13:18:16.5024709Z     'Server': 'Microsoft-HTTPAPI/2.0'
2026-02-18T13:18:16.5024736Z     'Strict-Transport-Security': 'REDACTED'
2026-02-18T13:18:16.5024826Z     'X-Content-Type-Options': 'REDACTED'
2026-02-18T13:18:16.5025601Z     'Date': 'Wed, 18 Feb 2026 13:18:16 GMT'
2026-02-18T13:18:16.5030244Z 2026-02-18 13:18:16,502 - azure.monitor.opentelemetry.exporter.export._base - INFO - Transmission succeeded: Item received: 3. Items accepted: 3
2026-02-18T13:18:17.9447634Z 2026-02-18 13:18:17,944 - azure.core.pipeline.policies.http_logging_policy - INFO - Request URL: 'https://westus2-2.in.applicationinsights.azure.com//v2.1/track'
2026-02-18T13:18:17.9448004Z Request method: 'POST'
2026-02-18T13:18:17.9448031Z Request headers:
2026-02-18T13:18:17.9448061Z     'Content-Type': 'application/json'
2026-02-18T13:18:17.9448082Z     'Content-Length': '3718'
2026-02-18T13:18:17.9448105Z     'Accept': 'application/json'
2026-02-18T13:18:17.9448132Z     'x-ms-client-request-id': '49fe0e56-0ccc-11f1-b119-96dd9b170a45'
2026-02-18T13:18:17.9448216Z     'User-Agent': 'azsdk-python-azuremonitorclient/unknown Python/3.11.14 (Linux-6.6.119.3-1.azl3-x86_64-with-glibc2.31)'
2026-02-18T13:18:17.9448239Z A body is sent with the request
2026-02-18T13:18:18.0384834Z 2026-02-18 13:18:18,037 - azure.core.pipeline.policies.http_logging_policy - INFO - Response status: 200
2026-02-18T13:18:18.0385160Z Response headers:
2026-02-18T13:18:18.0385186Z     'Transfer-Encoding': 'chunked'
2026-02-18T13:18:18.0385207Z     'Content-Type': 'application/json; charset=utf-8'
2026-02-18T13:18:18.0385227Z     'Server': 'Microsoft-HTTPAPI/2.0'
2026-02-18T13:18:18.0385248Z     'Strict-Transport-Security': 'REDACTED'
2026-02-18T13:18:18.0385268Z     'X-Content-Type-Options': 'REDACTED'
2026-02-18T13:18:18.0385289Z     'Date': 'Wed, 18 Feb 2026 13:18:17 GMT'
2026-02-18T13:18:18.0385316Z 2026-02-18 13:18:18,038 - azure.monitor.opentelemetry.exporter.export._base - INFO - Transmission succeeded: Item received: 3. Items accepted: 3
2026-02-18T13:18:21.5049140Z 2026-02-18 13:18:21,504 - azure.core.pipeline.policies.http_logging_policy - INFO - Request URL: 'https://westus2-2.in.applicationinsights.azure.com//v2.1/track'
2026-02-18T13:18:21.5049525Z Request method: 'POST'
2026-02-18T13:18:21.5049597Z Request headers:
2026-02-18T13:18:21.5049618Z     'Content-Type': 'application/json'
2026-02-18T13:18:21.5049638Z     'Content-Length': '3719'
2026-02-18T13:18:21.5049659Z     'Accept': 'application/json'
2026-02-18T13:18:21.5049683Z     'x-ms-client-request-id': '4c1d421a-0ccc-11f1-9d9d-96dd9b170a45'
2026-02-18T13:18:21.5049711Z     'User-Agent': 'azsdk-python-azuremonitorclient/unknown Python/3.11.14 (Linux-6.6.119.3-1.azl3-x86_64-with-glibc2.31)'
2026-02-18T13:18:21.5049732Z A body is sent with the request
2026-02-18T13:18:21.6117655Z 2026-02-18 13:18:21,611 - azure.core.pipeline.policies.http_logging_policy - INFO - Response status: 200
2026-02-18T13:18:21.6117996Z Response headers:
2026-02-18T13:18:21.6118027Z     'Transfer-Encoding': 'chunked'
2026-02-18T13:18:21.6118113Z     'Content-Type': 'application/json; charset=utf-8'
2026-02-18T13:18:21.6118134Z     'Server': 'Microsoft-HTTPAPI/2.0'
2026-02-18T13:18:21.6118155Z     'Strict-Transport-Security': 'REDACTED'
2026-02-18T13:18:21.6118174Z     'X-Content-Type-Options': 'REDACTED'
2026-02-18T13:18:21.6118193Z     'Date': 'Wed, 18 Feb 2026 13:18:21 GMT'
2026-02-18T13:18:21.6123619Z 2026-02-18 13:18:21,611 - azure.monitor.opentelemetry.exporter.export._base - INFO - Transmission succeeded: Item received: 3. Items accepted: 3
2026-02-18T13:18:23.0401864Z 2026-02-18 13:18:23,039 - azure.core.pipeline.policies.http_logging_policy - INFO - Request URL: 'https://westus2-2.in.applicationinsights.azure.com//v2.1/track'
2026-02-18T13:18:23.0402250Z Request method: 'POST'
2026-02-18T13:18:23.0402276Z Request headers:
2026-02-18T13:18:23.0402300Z     'Content-Type': 'application/json'
2026-02-18T13:18:23.0402389Z     'Content-Length': '3720'
2026-02-18T13:18:23.0402413Z     'Accept': 'application/json'
2026-02-18T13:18:23.0402436Z     'x-ms-client-request-id': '4d078b22-0ccc-11f1-b119-96dd9b170a45'
2026-02-18T13:18:23.0402460Z     'User-Agent': 'azsdk-python-azuremonitorclient/unknown Python/3.11.14 (Linux-6.6.119.3-1.azl3-x86_64-with-glibc2.31)'
2026-02-18T13:18:23.0402482Z A body is sent with the request
2026-02-18T13:18:23.1211294Z 2026-02-18 13:18:23,120 - azure.core.pipeline.policies.http_logging_policy - INFO - Response status: 200
2026-02-18T13:18:23.1211640Z Response headers:
2026-02-18T13:18:23.1211672Z     'Transfer-Encoding': 'chunked'
2026-02-18T13:18:23.1211692Z     'Content-Type': 'application/json; charset=utf-8'
2026-02-18T13:18:23.1211710Z     'Server': 'Microsoft-HTTPAPI/2.0'
2026-02-18T13:18:23.1211728Z     'Strict-Transport-Security': 'REDACTED'
2026-02-18T13:18:23.1211803Z     'X-Content-Type-Options': 'REDACTED'
2026-02-18T13:18:23.1211821Z     'Date': 'Wed, 18 Feb 2026 13:18:22 GMT'
2026-02-18T13:18:23.1216204Z 2026-02-18 13:18:23,121 - azure.monitor.opentelemetry.exporter.export._base - INFO - Transmission succeeded: Item received: 3. Items accepted: 3
2026-02-18T13:18:26.6143421Z 2026-02-18 13:18:26,614 - azure.core.pipeline.policies.http_logging_policy - INFO - Request URL: 'https://westus2-2.in.applicationinsights.azure.com//v2.1/track'
2026-02-18T13:18:26.6143906Z Request method: 'POST'
2026-02-18T13:18:26.6143941Z Request headers:
2026-02-18T13:18:26.6143962Z     'Content-Type': 'application/json'
2026-02-18T13:18:26.6143978Z     'Content-Length': '3720'
2026-02-18T13:18:26.6143996Z     'Accept': 'application/json'
2026-02-18T13:18:26.6144016Z     'x-ms-client-request-id': '4f28eea0-0ccc-11f1-9d9d-96dd9b170a45'
2026-02-18T13:18:26.6144096Z     'User-Agent': 'azsdk-python-azuremonitorclient/unknown Python/3.11.14 (Linux-6.6.119.3-1.azl3-x86_64-with-glibc2.31)'
2026-02-18T13:18:26.6144113Z A body is sent with the request
2026-02-18T13:18:27.0472784Z 2026-02-18 13:18:27,047 - azure.core.pipeline.policies.http_logging_policy - INFO - Response status: 200
2026-02-18T13:18:27.0473115Z Response headers:
2026-02-18T13:18:27.0473139Z     'Transfer-Encoding': 'chunked'
2026-02-18T13:18:27.0473168Z     'Content-Type': 'application/json; charset=utf-8'
2026-02-18T13:18:27.0473188Z     'Server': 'Microsoft-HTTPAPI/2.0'
2026-02-18T13:18:27.0473208Z     'Strict-Transport-Security': 'REDACTED'
2026-02-18T13:18:27.0473231Z     'X-Content-Type-Options': 'REDACTED'
2026-02-18T13:18:27.0473252Z     'Date': 'Wed, 18 Feb 2026 13:18:26 GMT'
2026-02-18T13:18:27.0479899Z 2026-02-18 13:18:27,047 - azure.monitor.opentelemetry.exporter.export._base - INFO - Transmission succeeded: Item received: 3. Items accepted: 3
2026-02-18T13:18:28.1238292Z 2026-02-18 13:18:28,123 - azure.core.pipeline.policies.http_logging_policy - INFO - Request URL: 'https://westus2-2.in.applicationinsights.azure.com//v2.1/track'
2026-02-18T13:18:28.1238690Z Request method: 'POST'
2026-02-18T13:18:28.1238726Z Request headers:
2026-02-18T13:18:28.1238759Z     'Content-Type': 'application/json'
2026-02-18T13:18:28.1238791Z     'Content-Length': '3720'
2026-02-18T13:18:28.1238816Z     'Accept': 'application/json'
2026-02-18T13:18:28.1238845Z     'x-ms-client-request-id': '500f3f86-0ccc-11f1-b119-96dd9b170a45'
2026-02-18T13:18:28.1238874Z     'User-Agent': 'azsdk-python-azuremonitorclient/unknown Python/3.11.14 (Linux-6.6.119.3-1.azl3-x86_64-with-glibc2.31)'
2026-02-18T13:18:28.1238898Z A body is sent with the request
2026-02-18T13:18:28.2415162Z 2026-02-18 13:18:28,241 - azure.core.pipeline.policies.http_logging_policy - INFO - Response status: 200
2026-02-18T13:18:28.2415507Z Response headers:
2026-02-18T13:18:28.2415541Z     'Transfer-Encoding': 'chunked'
2026-02-18T13:18:28.2415567Z     'Content-Type': 'application/json; charset=utf-8'
2026-02-18T13:18:28.2415594Z     'Server': 'Microsoft-HTTPAPI/2.0'
2026-02-18T13:18:28.2415621Z     'Strict-Transport-Security': 'REDACTED'
2026-02-18T13:18:28.2415645Z     'X-Content-Type-Options': 'REDACTED'
2026-02-18T13:18:28.2415670Z     'Date': 'Wed, 18 Feb 2026 13:18:27 GMT'
2026-02-18T13:18:28.2423579Z 2026-02-18 13:18:28,241 - azure.monitor.opentelemetry.exporter.export._base - INFO - Transmission succeeded: Item received: 3. Items accepted: 3
2026-02-18T13:18:32.0502784Z 2026-02-18 13:18:32,050 - azure.core.pipeline.policies.http_logging_policy - INFO - Request URL: 'https://westus2-2.in.applicationinsights.azure.com//v2.1/track'
2026-02-18T13:18:32.0503188Z Request method: 'POST'
2026-02-18T13:18:32.0503219Z Request headers:
2026-02-18T13:18:32.0503248Z     'Content-Type': 'application/json'
2026-02-18T13:18:32.0503274Z     'Content-Length': '3720'
2026-02-18T13:18:32.0503301Z     'Accept': 'application/json'
2026-02-18T13:18:32.0503330Z     'x-ms-client-request-id': '526661a6-0ccc-11f1-9d9d-96dd9b170a45'
2026-02-18T13:18:32.0503361Z     'User-Agent': 'azsdk-python-azuremonitorclient/unknown Python/3.11.14 (Linux-6.6.119.3-1.azl3-x86_64-with-glibc2.31)'
2026-02-18T13:18:32.0503387Z A body is sent with the request
2026-02-18T13:18:32.2166081Z 2026-02-18 13:18:32,216 - azure.core.pipeline.policies.http_logging_policy - INFO - Response status: 200
2026-02-18T13:18:32.2166434Z Response headers:
2026-02-18T13:18:32.2166521Z     'Transfer-Encoding': 'chunked'
2026-02-18T13:18:32.2166542Z     'Content-Type': 'application/json; charset=utf-8'
2026-02-18T13:18:32.2166561Z     'Server': 'Microsoft-HTTPAPI/2.0'
2026-02-18T13:18:32.2166580Z     'Strict-Transport-Security': 'REDACTED'
2026-02-18T13:18:32.2166599Z     'X-Content-Type-Options': 'REDACTED'
2026-02-18T13:18:32.2166617Z     'Date': 'Wed, 18 Feb 2026 13:18:31 GMT'
2026-02-18T13:18:32.2171580Z 2026-02-18 13:18:32,216 - azure.monitor.opentelemetry.exporter.export._base - INFO - Transmission succeeded: Item received: 3. Items accepted: 3
2026-02-18T13:18:33.2437874Z 2026-02-18 13:18:33,243 - azure.core.pipeline.policies.http_logging_policy - INFO - Request URL: 'https://westus2-2.in.applicationinsights.azure.com//v2.1/track'
2026-02-18T13:18:33.2438236Z Request method: 'POST'
2026-02-18T13:18:33.2438262Z Request headers:
2026-02-18T13:18:33.2438341Z     'Content-Type': 'application/json'
2026-02-18T13:18:33.2438364Z     'Content-Length': '3719'
2026-02-18T13:18:33.2438385Z     'Accept': 'application/json'
2026-02-18T13:18:33.2438405Z     'x-ms-client-request-id': '531c8012-0ccc-11f1-b119-96dd9b170a45'
2026-02-18T13:18:33.2438427Z     'User-Agent': 'azsdk-python-azuremonitorclient/unknown Python/3.11.14 (Linux-6.6.119.3-1.azl3-x86_64-with-glibc2.31)'
2026-02-18T13:18:33.2438446Z A body is sent with the request
2026-02-18T13:18:33.3473243Z 2026-02-18 13:18:33,347 - azure.core.pipeline.policies.http_logging_policy - INFO - Response status: 200
2026-02-18T13:18:33.3473602Z Response headers:
2026-02-18T13:18:33.3473632Z     'Transfer-Encoding': 'chunked'
2026-02-18T13:18:33.3473656Z     'Content-Type': 'application/json; charset=utf-8'
2026-02-18T13:18:33.3473728Z     'Server': 'Microsoft-HTTPAPI/2.0'
2026-02-18T13:18:33.3473749Z     'Strict-Transport-Security': 'REDACTED'
2026-02-18T13:18:33.3473769Z     'X-Content-Type-Options': 'REDACTED'
2026-02-18T13:18:33.3473790Z     'Date': 'Wed, 18 Feb 2026 13:18:32 GMT'
2026-02-18T13:18:33.3495945Z 2026-02-18 13:18:33,349 - azure.monitor.opentelemetry.exporter.export._base - INFO - Transmission succeeded: Item received: 3. Items accepted: 3
2026-02-18T13:18:37.2185543Z 2026-02-18 13:18:37,218 - azure.core.pipeline.policies.http_logging_policy - INFO - Request URL: 'https://westus2-2.in.applicationinsights.azure.com//v2.1/track'
2026-02-18T13:18:37.2185863Z Request method: 'POST'
2026-02-18T13:18:37.2185889Z Request headers:
2026-02-18T13:18:37.2185915Z     'Content-Type': 'application/json'
2026-02-18T13:18:37.2185935Z     'Content-Length': '3719'
2026-02-18T13:18:37.2185997Z     'Accept': 'application/json'
2026-02-18T13:18:37.2186021Z     'x-ms-client-request-id': '557b004a-0ccc-11f1-9d9d-96dd9b170a45'
2026-02-18T13:18:37.2186044Z     'User-Agent': 'azsdk-python-azuremonitorclient/unknown Python/3.11.14 (Linux-6.6.119.3-1.azl3-x86_64-with-glibc2.31)'
2026-02-18T13:18:37.2186065Z A body is sent with the request
2026-02-18T13:18:37.2655816Z 2026-02-18 13:18:37,265 - azure.core.pipeline.policies.http_logging_policy - INFO - Response status: 200
2026-02-18T13:18:37.2656095Z Response headers:
2026-02-18T13:18:37.2656127Z     'Transfer-Encoding': 'chunked'
2026-02-18T13:18:37.2656150Z     'Content-Type': 'application/json; charset=utf-8'
2026-02-18T13:18:37.2656169Z     'Server': 'Microsoft-HTTPAPI/2.0'
2026-02-18T13:18:37.2656188Z     'Strict-Transport-Security': 'REDACTED'
2026-02-18T13:18:37.2656208Z     'X-Content-Type-Options': 'REDACTED'
2026-02-18T13:18:37.2656263Z     'Date': 'Wed, 18 Feb 2026 13:18:36 GMT'
2026-02-18T13:18:37.2662065Z 2026-02-18 13:18:37,265 - azure.monitor.opentelemetry.exporter.export._base - INFO - Transmission succeeded: Item received: 3. Items accepted: 3
2026-02-18T13:18:38.3515139Z 2026-02-18 13:18:38,351 - azure.core.pipeline.policies.http_logging_policy - INFO - Request URL: 'https://westus2-2.in.applicationinsights.azure.com//v2.1/track'
2026-02-18T13:18:38.3515508Z Request method: 'POST'
2026-02-18T13:18:38.3515538Z Request headers:
2026-02-18T13:18:38.3515564Z     'Content-Type': 'application/json'
2026-02-18T13:18:38.3515587Z     'Content-Length': '3719'
2026-02-18T13:18:38.3515609Z     'Accept': 'application/json'
2026-02-18T13:18:38.3515633Z     'x-ms-client-request-id': '5627deaa-0ccc-11f1-b119-96dd9b170a45'
2026-02-18T13:18:38.3515710Z     'User-Agent': 'azsdk-python-azuremonitorclient/unknown Python/3.11.14 (Linux-6.6.119.3-1.azl3-x86_64-with-glibc2.31)'
2026-02-18T13:18:38.3515733Z A body is sent with the request
2026-02-18T13:18:38.4293930Z 2026-02-18 13:18:38,429 - azure.core.pipeline.policies.http_logging_policy - INFO - Response status: 200
2026-02-18T13:18:38.4294307Z Response headers:
2026-02-18T13:18:38.4294332Z     'Transfer-Encoding': 'chunked'
2026-02-18T13:18:38.4294353Z     'Content-Type': 'application/json; charset=utf-8'
2026-02-18T13:18:38.4294374Z     'Server': 'Microsoft-HTTPAPI/2.0'
2026-02-18T13:18:38.4294393Z     'Strict-Transport-Security': 'REDACTED'
2026-02-18T13:18:38.4294410Z     'X-Content-Type-Options': 'REDACTED'
2026-02-18T13:18:38.4294431Z     'Date': 'Wed, 18 Feb 2026 13:18:37 GMT'
2026-02-18T13:18:38.4299048Z 2026-02-18 13:18:38,429 - azure.monitor.opentelemetry.exporter.export._base - INFO - Transmission succeeded: Item received: 3. Items accepted: 3
2026-02-18T13:18:42.2676774Z 2026-02-18 13:18:42,267 - azure.core.pipeline.policies.http_logging_policy - INFO - Request URL: 'https://westus2-2.in.applicationinsights.azure.com//v2.1/track'
2026-02-18T13:18:42.2677343Z Request method: 'POST'
2026-02-18T13:18:42.2677378Z Request headers:
2026-02-18T13:18:42.2677403Z     'Content-Type': 'application/json'
2026-02-18T13:18:42.2677429Z     'Content-Length': '3720'
2026-02-18T13:18:42.2677455Z     'Accept': 'application/json'
2026-02-18T13:18:42.2677480Z     'x-ms-client-request-id': '587d7084-0ccc-11f1-9d9d-96dd9b170a45'
2026-02-18T13:18:42.2677505Z     'User-Agent': 'azsdk-python-azuremonitorclient/unknown Python/3.11.14 (Linux-6.6.119.3-1.azl3-x86_64-with-glibc2.31)'
2026-02-18T13:18:42.2677527Z A body is sent with the request
2026-02-18T13:18:42.3838414Z 2026-02-18 13:18:42,383 - azure.core.pipeline.policies.http_logging_policy - INFO - Response status: 200
2026-02-18T13:18:42.3838958Z Response headers:
2026-02-18T13:18:42.3838988Z     'Transfer-Encoding': 'chunked'
2026-02-18T13:18:42.3839011Z     'Content-Type': 'application/json; charset=utf-8'
2026-02-18T13:18:42.3839030Z     'Server': 'Microsoft-HTTPAPI/2.0'
2026-02-18T13:18:42.3839050Z     'Strict-Transport-Security': 'REDACTED'
2026-02-18T13:18:42.3839070Z     'X-Content-Type-Options': 'REDACTED'
2026-02-18T13:18:42.3839090Z     'Date': 'Wed, 18 Feb 2026 13:18:41 GMT'
2026-02-18T13:18:42.3845014Z 2026-02-18 13:18:42,384 - azure.monitor.opentelemetry.exporter.export._base - INFO - Transmission succeeded: Item received: 3. Items accepted: 3
2026-02-18T13:18:43.4320395Z 2026-02-18 13:18:43,431 - azure.core.pipeline.policies.http_logging_policy - INFO - Request URL: 'https://westus2-2.in.applicationinsights.azure.com//v2.1/track'
2026-02-18T13:18:43.4320859Z Request method: 'POST'
2026-02-18T13:18:43.4320897Z Request headers:
2026-02-18T13:18:43.4320927Z     'Content-Type': 'application/json'
2026-02-18T13:18:43.4320954Z     'Content-Length': '3719'
2026-02-18T13:18:43.4320977Z     'Accept': 'application/json'
2026-02-18T13:18:43.4321006Z     'x-ms-client-request-id': '592f19e2-0ccc-11f1-b119-96dd9b170a45'
2026-02-18T13:18:43.4321038Z     'User-Agent': 'azsdk-python-azuremonitorclient/unknown Python/3.11.14 (Linux-6.6.119.3-1.azl3-x86_64-with-glibc2.31)'
2026-02-18T13:18:43.4321064Z A body is sent with the request
2026-02-18T13:18:43.7422441Z 2026-02-18 13:18:43,742 - azure.core.pipeline.policies.http_logging_policy - INFO - Response status: 200
2026-02-18T13:18:43.7422758Z Response headers:
2026-02-18T13:18:43.7422785Z     'Transfer-Encoding': 'chunked'
2026-02-18T13:18:43.7422877Z     'Content-Type': 'application/json; charset=utf-8'
2026-02-18T13:18:43.7422896Z     'Server': 'Microsoft-HTTPAPI/2.0'
2026-02-18T13:18:43.7422917Z     'Strict-Transport-Security': 'REDACTED'
2026-02-18T13:18:43.7422939Z     'X-Content-Type-Options': 'REDACTED'
2026-02-18T13:18:43.7422959Z     'Date': 'Wed, 18 Feb 2026 13:18:42 GMT'
2026-02-18T13:18:43.7428218Z 2026-02-18 13:18:43,742 - azure.monitor.opentelemetry.exporter.export._base - INFO - Transmission succeeded: Item received: 3. Items accepted: 3
2026-02-18T13:18:47.3859924Z 2026-02-18 13:18:47,385 - azure.core.pipeline.policies.http_logging_policy - INFO - Request URL: 'https://westus2-2.in.applicationinsights.azure.com//v2.1/track'
2026-02-18T13:18:47.3860559Z Request method: 'POST'
2026-02-18T13:18:47.3860594Z Request headers:
2026-02-18T13:18:47.3860625Z     'Content-Type': 'application/json'
2026-02-18T13:18:47.3860716Z     'Content-Length': '3720'
2026-02-18T13:18:47.3860739Z     'Accept': 'application/json'
2026-02-18T13:18:47.3860763Z     'x-ms-client-request-id': '5b8a6ea8-0ccc-11f1-9d9d-96dd9b170a45'
2026-02-18T13:18:47.3860787Z     'User-Agent': 'azsdk-python-azuremonitorclient/unknown Python/3.11.14 (Linux-6.6.119.3-1.azl3-x86_64-with-glibc2.31)'
2026-02-18T13:18:47.3860809Z A body is sent with the request
2026-02-18T13:18:47.4656336Z 2026-02-18 13:18:47,465 - azure.core.pipeline.policies.http_logging_policy - INFO - Response status: 200
2026-02-18T13:18:47.4656671Z Response headers:
2026-02-18T13:18:47.4656700Z     'Transfer-Encoding': 'chunked'
2026-02-18T13:18:47.4656723Z     'Content-Type': 'application/json; charset=utf-8'
2026-02-18T13:18:47.4656745Z     'Server': 'Microsoft-HTTPAPI/2.0'
2026-02-18T13:18:47.4656810Z     'Strict-Transport-Security': 'REDACTED'
2026-02-18T13:18:47.4656831Z     'X-Content-Type-Options': 'REDACTED'
2026-02-18T13:18:47.4656850Z     'Date': 'Wed, 18 Feb 2026 13:18:46 GMT'
2026-02-18T13:18:47.4661206Z 2026-02-18 13:18:47,465 - azure.monitor.opentelemetry.exporter.export._base - INFO - Transmission succeeded: Item received: 3. Items accepted: 3
2026-02-18T13:18:48.7456761Z 2026-02-18 13:18:48,745 - azure.core.pipeline.policies.http_logging_policy - INFO - Request URL: 'https://westus2-2.in.applicationinsights.azure.com//v2.1/track'
2026-02-18T13:18:48.7457118Z Request method: 'POST'
2026-02-18T13:18:48.7457141Z Request headers:
2026-02-18T13:18:48.7457162Z     'Content-Type': 'application/json'
2026-02-18T13:18:48.7457179Z     'Content-Length': '3719'
2026-02-18T13:18:48.7457202Z     'Accept': 'application/json'
2026-02-18T13:18:48.7457279Z     'x-ms-client-request-id': '5c59e868-0ccc-11f1-b119-96dd9b170a45'
2026-02-18T13:18:48.7457304Z     'User-Agent': 'azsdk-python-azuremonitorclient/unknown Python/3.11.14 (Linux-6.6.119.3-1.azl3-x86_64-with-glibc2.31)'
2026-02-18T13:18:48.7457324Z A body is sent with the request
2026-02-18T13:18:48.8441887Z 2026-02-18 13:18:48,843 - azure.core.pipeline.policies.http_logging_policy - INFO - Response status: 200
2026-02-18T13:18:48.8442668Z Response headers:
2026-02-18T13:18:48.8442708Z     'Transfer-Encoding': 'chunked'
2026-02-18T13:18:48.8442734Z     'Content-Type': 'application/json; charset=utf-8'
2026-02-18T13:18:48.8442760Z     'Server': 'Microsoft-HTTPAPI/2.0'
2026-02-18T13:18:48.8442787Z     'Strict-Transport-Security': 'REDACTED'
2026-02-18T13:18:48.8442811Z     'X-Content-Type-Options': 'REDACTED'
2026-02-18T13:18:48.8442842Z     'Date': 'Wed, 18 Feb 2026 13:18:48 GMT'
2026-02-18T13:18:48.8451384Z 2026-02-18 13:18:48,844 - azure.monitor.opentelemetry.exporter.export._base - INFO - Transmission succeeded: Item received: 3. Items accepted: 3
2026-02-18T13:18:52.4681928Z 2026-02-18 13:18:52,467 - azure.core.pipeline.policies.http_logging_policy - INFO - Request URL: 'https://westus2-2.in.applicationinsights.azure.com//v2.1/track'
2026-02-18T13:18:52.4682260Z Request method: 'POST'
2026-02-18T13:18:52.4682290Z Request headers:
2026-02-18T13:18:52.4682317Z     'Content-Type': 'application/json'
2026-02-18T13:18:52.4682340Z     'Content-Length': '3720'
2026-02-18T13:18:52.4682360Z     'Accept': 'application/json'
2026-02-18T13:18:52.4682382Z     'x-ms-client-request-id': '5e91e450-0ccc-11f1-9d9d-96dd9b170a45'
2026-02-18T13:18:52.4682414Z     'User-Agent': 'azsdk-python-azuremonitorclient/unknown Python/3.11.14 (Linux-6.6.119.3-1.azl3-x86_64-with-glibc2.31)'
2026-02-18T13:18:52.4682495Z A body is sent with the request
2026-02-18T13:18:52.5528278Z 2026-02-18 13:18:52,552 - azure.core.pipeline.policies.http_logging_policy - INFO - Response status: 200
2026-02-18T13:18:52.5528988Z Response headers:
2026-02-18T13:18:52.5529017Z     'Transfer-Encoding': 'chunked'
2026-02-18T13:18:52.5529037Z     'Content-Type': 'application/json; charset=utf-8'
2026-02-18T13:18:52.5529057Z     'Server': 'Microsoft-HTTPAPI/2.0'
2026-02-18T13:18:52.5529082Z     'Strict-Transport-Security': 'REDACTED'
2026-02-18T13:18:52.5529102Z     'X-Content-Type-Options': 'REDACTED'
2026-02-18T13:18:52.5529121Z     'Date': 'Wed, 18 Feb 2026 13:18:51 GMT'
2026-02-18T13:18:52.5533293Z 2026-02-18 13:18:52,553 - azure.monitor.opentelemetry.exporter.export._base - INFO - Transmission succeeded: Item received: 3. Items accepted: 3
2026-02-18T13:18:53.8468382Z 2026-02-18 13:18:53,846 - azure.core.pipeline.policies.http_logging_policy - INFO - Request URL: 'https://westus2-2.in.applicationinsights.azure.com//v2.1/track'
2026-02-18T13:18:53.8469041Z Request method: 'POST'
2026-02-18T13:18:53.8469075Z Request headers:
2026-02-18T13:18:53.8469094Z     'Content-Type': 'application/json'
2026-02-18T13:18:53.8469113Z     'Content-Length': '3720'
2026-02-18T13:18:53.8469136Z     'Accept': 'application/json'
2026-02-18T13:18:53.8469159Z     'x-ms-client-request-id': '5f6445f8-0ccc-11f1-b119-96dd9b170a45'
2026-02-18T13:18:53.8469183Z     'User-Agent': 'azsdk-python-azuremonitorclient/unknown Python/3.11.14 (Linux-6.6.119.3-1.azl3-x86_64-with-glibc2.31)'
2026-02-18T13:18:53.8469201Z A body is sent with the request
2026-02-18T13:18:53.8979780Z 2026-02-18 13:18:53,897 - azure.core.pipeline.policies.http_logging_policy - INFO - Response status: 200
2026-02-18T13:18:53.8980204Z Response headers:
2026-02-18T13:18:53.8980236Z     'Transfer-Encoding': 'chunked'
2026-02-18T13:18:53.8980263Z     'Content-Type': 'application/json; charset=utf-8'
2026-02-18T13:18:53.8980287Z     'Server': 'Microsoft-HTTPAPI/2.0'
2026-02-18T13:18:53.8980309Z     'Strict-Transport-Security': 'REDACTED'
2026-02-18T13:18:53.8980332Z     'X-Content-Type-Options': 'REDACTED'
2026-02-18T13:18:53.8980354Z     'Date': 'Wed, 18 Feb 2026 13:18:53 GMT'
2026-02-18T13:18:53.8988382Z 2026-02-18 13:18:53,898 - azure.monitor.opentelemetry.exporter.export._base - INFO - Transmission succeeded: Item received: 3. Items accepted: 3
2026-02-18T13:18:57.5548689Z 2026-02-18 13:18:57,554 - azure.core.pipeline.policies.http_logging_policy - INFO - Request URL: 'https://westus2-2.in.applicationinsights.azure.com//v2.1/track'
2026-02-18T13:18:57.5549175Z Request method: 'POST'
2026-02-18T13:18:57.5549266Z Request headers:
2026-02-18T13:18:57.5549287Z     'Content-Type': 'application/json'
2026-02-18T13:18:57.5549305Z     'Content-Length': '3719'
2026-02-18T13:18:57.5549322Z     'Accept': 'application/json'
2026-02-18T13:18:57.5549340Z     'x-ms-client-request-id': '619a114a-0ccc-11f1-9d9d-96dd9b170a45'
2026-02-18T13:18:57.5549361Z     'User-Agent': 'azsdk-python-azuremonitorclient/unknown Python/3.11.14 (Linux-6.6.119.3-1.azl3-x86_64-with-glibc2.31)'
2026-02-18T13:18:57.5549379Z A body is sent with the request
2026-02-18T13:18:57.6776893Z 2026-02-18 13:18:57,677 - azure.core.pipeline.policies.http_logging_policy - INFO - Response status: 200
2026-02-18T13:18:57.6777570Z Response headers:
2026-02-18T13:18:57.6777605Z     'Transfer-Encoding': 'chunked'
2026-02-18T13:18:57.6777628Z     'Content-Type': 'application/json; charset=utf-8'
2026-02-18T13:18:57.6777712Z     'Server': 'Microsoft-HTTPAPI/2.0'
2026-02-18T13:18:57.6777735Z     'Strict-Transport-Security': 'REDACTED'
2026-02-18T13:18:57.6777755Z     'X-Content-Type-Options': 'REDACTED'
2026-02-18T13:18:57.6777776Z     'Date': 'Wed, 18 Feb 2026 13:18:57 GMT'
2026-02-18T13:18:57.6783227Z 2026-02-18 13:18:57,677 - azure.monitor.opentelemetry.exporter.export._base - INFO - Transmission succeeded: Item received: 3. Items accepted: 3
2026-02-18T13:18:58.9002031Z 2026-02-18 13:18:58,899 - azure.core.pipeline.policies.http_logging_policy - INFO - Request URL: 'https://westus2-2.in.applicationinsights.azure.com//v2.1/track'
2026-02-18T13:18:58.9002729Z Request method: 'POST'
2026-02-18T13:18:58.9002758Z Request headers:
2026-02-18T13:18:58.9002779Z     'Content-Type': 'application/json'
2026-02-18T13:18:58.9002798Z     'Content-Length': '3720'
2026-02-18T13:18:58.9002873Z     'Accept': 'application/json'
2026-02-18T13:18:58.9002897Z     'x-ms-client-request-id': '62675bf0-0ccc-11f1-b119-96dd9b170a45'
2026-02-18T13:18:58.9002922Z     'User-Agent': 'azsdk-python-azuremonitorclient/unknown Python/3.11.14 (Linux-6.6.119.3-1.azl3-x86_64-with-glibc2.31)'
2026-02-18T13:18:58.9002941Z A body is sent with the request
2026-02-18T13:18:59.1299066Z 2026-02-18 13:18:59,129 - azure.core.pipeline.policies.http_logging_policy - INFO - Response status: 200
2026-02-18T13:18:59.1299438Z Response headers:
2026-02-18T13:18:59.1299472Z     'Transfer-Encoding': 'chunked'
2026-02-18T13:18:59.1299501Z     'Content-Type': 'application/json; charset=utf-8'
2026-02-18T13:18:59.1299523Z     'Server': 'Microsoft-HTTPAPI/2.0'
2026-02-18T13:18:59.1299547Z     'Strict-Transport-Security': 'REDACTED'
2026-02-18T13:18:59.1299634Z     'X-Content-Type-Options': 'REDACTED'
2026-02-18T13:18:59.1299659Z     'Date': 'Wed, 18 Feb 2026 13:18:59 GMT'
2026-02-18T13:18:59.1305287Z 2026-02-18 13:18:59,130 - azure.monitor.opentelemetry.exporter.export._base - INFO - Transmission succeeded: Item received: 3. Items accepted: 3
2026-02-18T13:19:02.6796103Z 2026-02-18 13:19:02,679 - azure.core.pipeline.policies.http_logging_policy - INFO - Request URL: 'https://westus2-2.in.applicationinsights.azure.com//v2.1/track'
2026-02-18T13:19:02.6796487Z Request method: 'POST'
2026-02-18T13:19:02.6796514Z Request headers:
2026-02-18T13:19:02.6796540Z     'Content-Type': 'application/json'
2026-02-18T13:19:02.6796560Z     'Content-Length': '3720'
2026-02-18T13:19:02.6796580Z     'Accept': 'application/json'
2026-02-18T13:19:02.6796601Z     'x-ms-client-request-id': '64a80d10-0ccc-11f1-9d9d-96dd9b170a45'
2026-02-18T13:19:02.6796687Z     'User-Agent': 'azsdk-python-azuremonitorclient/unknown Python/3.11.14 (Linux-6.6.119.3-1.azl3-x86_64-with-glibc2.31)'
2026-02-18T13:19:02.6796709Z A body is sent with the request
2026-02-18T13:19:02.8028657Z 2026-02-18 13:19:02,802 - azure.core.pipeline.policies.http_logging_policy - INFO - Response status: 200
2026-02-18T13:19:02.8029214Z Response headers:
2026-02-18T13:19:02.8029245Z     'Transfer-Encoding': 'chunked'
2026-02-18T13:19:02.8029268Z     'Content-Type': 'application/json; charset=utf-8'
2026-02-18T13:19:02.8029288Z     'Server': 'Microsoft-HTTPAPI/2.0'
2026-02-18T13:19:02.8029314Z     'Strict-Transport-Security': 'REDACTED'
2026-02-18T13:19:02.8029336Z     'X-Content-Type-Options': 'REDACTED'
2026-02-18T13:19:02.8029355Z     'Date': 'Wed, 18 Feb 2026 13:19:02 GMT'
2026-02-18T13:19:02.8034217Z 2026-02-18 13:19:02,803 - azure.monitor.opentelemetry.exporter.export._base - INFO - Transmission succeeded: Item received: 3. Items accepted: 3
2026-02-18T13:19:04.1319923Z 2026-02-18 13:19:04,131 - azure.core.pipeline.policies.http_logging_policy - INFO - Request URL: 'https://westus2-2.in.applicationinsights.azure.com//v2.1/track'
2026-02-18T13:19:04.1320674Z Request method: 'POST'
2026-02-18T13:19:04.1320703Z Request headers:
2026-02-18T13:19:04.1320727Z     'Content-Type': 'application/json'
2026-02-18T13:19:04.1320750Z     'Content-Length': '3720'
2026-02-18T13:19:04.1320773Z     'Accept': 'application/json'
2026-02-18T13:19:04.1320804Z     'x-ms-client-request-id': '6585a846-0ccc-11f1-b119-96dd9b170a45'
2026-02-18T13:19:04.1320829Z     'User-Agent': 'azsdk-python-azuremonitorclient/unknown Python/3.11.14 (Linux-6.6.119.3-1.azl3-x86_64-with-glibc2.31)'
2026-02-18T13:19:04.1320857Z A body is sent with the request
2026-02-18T13:19:04.2534866Z 2026-02-18 13:19:04,253 - azure.core.pipeline.policies.http_logging_policy - INFO - Response status: 200
2026-02-18T13:19:04.2535190Z Response headers:
2026-02-18T13:19:04.2535216Z     'Transfer-Encoding': 'chunked'
2026-02-18T13:19:04.2535239Z     'Content-Type': 'application/json; charset=utf-8'
2026-02-18T13:19:04.2535258Z     'Server': 'Microsoft-HTTPAPI/2.0'
2026-02-18T13:19:04.2535280Z     'Strict-Transport-Security': 'REDACTED'
2026-02-18T13:19:04.2535301Z     'X-Content-Type-Options': 'REDACTED'
2026-02-18T13:19:04.2535327Z     'Date': 'Wed, 18 Feb 2026 13:19:04 GMT'
2026-02-18T13:19:04.2540682Z 2026-02-18 13:19:04,253 - azure.monitor.opentelemetry.exporter.export._base - INFO - Transmission succeeded: Item received: 3. Items accepted: 3
2026-02-18T13:19:07.8050109Z 2026-02-18 13:19:07,804 - azure.core.pipeline.policies.http_logging_policy - INFO - Request URL: 'https://westus2-2.in.applicationinsights.azure.com//v2.1/track'
2026-02-18T13:19:07.8050527Z Request method: 'POST'
2026-02-18T13:19:07.8050555Z Request headers:
2026-02-18T13:19:07.8050578Z     'Content-Type': 'application/json'
2026-02-18T13:19:07.8050598Z     'Content-Length': '3720'
2026-02-18T13:19:07.8050620Z     'Accept': 'application/json'
2026-02-18T13:19:07.8050643Z     'x-ms-client-request-id': '67b61a10-0ccc-11f1-9d9d-96dd9b170a45'
2026-02-18T13:19:07.8050672Z     'User-Agent': 'azsdk-python-azuremonitorclient/unknown Python/3.11.14 (Linux-6.6.119.3-1.azl3-x86_64-with-glibc2.31)'
2026-02-18T13:19:07.8050697Z A body is sent with the request
2026-02-18T13:19:07.8831681Z 2026-02-18 13:19:07,882 - azure.core.pipeline.policies.http_logging_policy - INFO - Response status: 200
2026-02-18T13:19:07.8832035Z Response headers:
2026-02-18T13:19:07.8832127Z     'Transfer-Encoding': 'chunked'
2026-02-18T13:19:07.8832152Z     'Content-Type': 'application/json; charset=utf-8'
2026-02-18T13:19:07.8832178Z     'Server': 'Microsoft-HTTPAPI/2.0'
2026-02-18T13:19:07.8832201Z     'Strict-Transport-Security': 'REDACTED'
2026-02-18T13:19:07.8832224Z     'X-Content-Type-Options': 'REDACTED'
2026-02-18T13:19:07.8832247Z     'Date': 'Wed, 18 Feb 2026 13:19:07 GMT'
2026-02-18T13:19:07.8838136Z 2026-02-18 13:19:07,883 - azure.monitor.opentelemetry.exporter.export._base - INFO - Transmission succeeded: Item received: 3. Items accepted: 3
2026-02-18T13:19:09.2553178Z 2026-02-18 13:19:09,255 - azure.core.pipeline.policies.http_logging_policy - INFO - Request URL: 'https://westus2-2.in.applicationinsights.azure.com//v2.1/track'
2026-02-18T13:19:09.2553577Z Request method: 'POST'
2026-02-18T13:19:09.2553601Z Request headers:
2026-02-18T13:19:09.2553698Z     'Content-Type': 'application/json'
2026-02-18T13:19:09.2553720Z     'Content-Length': '3719'
2026-02-18T13:19:09.2553741Z     'Accept': 'application/json'
2026-02-18T13:19:09.2553762Z     'x-ms-client-request-id': '68936de8-0ccc-11f1-b119-96dd9b170a45'
2026-02-18T13:19:09.2553786Z     'User-Agent': 'azsdk-python-azuremonitorclient/unknown Python/3.11.14 (Linux-6.6.119.3-1.azl3-x86_64-with-glibc2.31)'
2026-02-18T13:19:09.2553806Z A body is sent with the request
2026-02-18T13:19:09.7067102Z 2026-02-18 13:19:09,706 - azure.core.pipeline.policies.http_logging_policy - INFO - Response status: 200
2026-02-18T13:19:09.7067468Z Response headers:
2026-02-18T13:19:09.7067494Z     'Transfer-Encoding': 'chunked'
2026-02-18T13:19:09.7067515Z     'Content-Type': 'application/json; charset=utf-8'
2026-02-18T13:19:09.7067590Z     'Server': 'Microsoft-HTTPAPI/2.0'
2026-02-18T13:19:09.7067612Z     'Strict-Transport-Security': 'REDACTED'
2026-02-18T13:19:09.7067630Z     'X-Content-Type-Options': 'REDACTED'
2026-02-18T13:19:09.7067647Z     'Date': 'Wed, 18 Feb 2026 13:19:09 GMT'
2026-02-18T13:19:09.7073886Z 2026-02-18 13:19:09,706 - azure.monitor.opentelemetry.exporter.export._base - INFO - Transmission succeeded: Item received: 3. Items accepted: 3
2026-02-18T13:19:12.8858513Z 2026-02-18 13:19:12,885 - azure.core.pipeline.policies.http_logging_policy - INFO - Request URL: 'https://westus2-2.in.applicationinsights.azure.com//v2.1/track'
2026-02-18T13:19:12.8858984Z Request method: 'POST'
2026-02-18T13:19:12.8859008Z Request headers:
2026-02-18T13:19:12.8859035Z     'Content-Type': 'application/json'
2026-02-18T13:19:12.8859056Z     'Content-Length': '3720'
2026-02-18T13:19:12.8859138Z     'Accept': 'application/json'
2026-02-18T13:19:12.8859161Z     'x-ms-client-request-id': '6abd6664-0ccc-11f1-9d9d-96dd9b170a45'
2026-02-18T13:19:12.8859184Z     'User-Agent': 'azsdk-python-azuremonitorclient/unknown Python/3.11.14 (Linux-6.6.119.3-1.azl3-x86_64-with-glibc2.31)'
2026-02-18T13:19:12.8859203Z A body is sent with the request
2026-02-18T13:19:13.0495928Z 2026-02-18 13:19:13,049 - azure.core.pipeline.policies.http_logging_policy - INFO - Response status: 200
2026-02-18T13:19:13.0496562Z Response headers:
2026-02-18T13:19:13.0497264Z     'Transfer-Encoding': 'chunked'
2026-02-18T13:19:13.0497313Z     'Content-Type': 'application/json; charset=utf-8'
2026-02-18T13:19:13.0497338Z     'Server': 'Microsoft-HTTPAPI/2.0'
2026-02-18T13:19:13.0497365Z     'Strict-Transport-Security': 'REDACTED'
2026-02-18T13:19:13.0497387Z     'X-Content-Type-Options': 'REDACTED'
2026-02-18T13:19:13.0497467Z     'Date': 'Wed, 18 Feb 2026 13:19:12 GMT'
2026-02-18T13:19:13.0503794Z 2026-02-18 13:19:13,049 - azure.monitor.opentelemetry.exporter.export._base - INFO - Transmission succeeded: Item received: 3. Items accepted: 3
2026-02-18T13:19:14.7093547Z 2026-02-18 13:19:14,709 - azure.core.pipeline.policies.http_logging_policy - INFO - Request URL: 'https://westus2-2.in.applicationinsights.azure.com//v2.1/track'
2026-02-18T13:19:14.7093909Z Request method: 'POST'
2026-02-18T13:19:14.7093937Z Request headers:
2026-02-18T13:19:14.7093957Z     'Content-Type': 'application/json'
2026-02-18T13:19:14.7093978Z     'Content-Length': '3719'
2026-02-18T13:19:14.7094004Z     'Accept': 'application/json'
2026-02-18T13:19:14.7094024Z     'x-ms-client-request-id': '6bd3a1b2-0ccc-11f1-b119-96dd9b170a45'
2026-02-18T13:19:14.7094103Z     'User-Agent': 'azsdk-python-azuremonitorclient/unknown Python/3.11.14 (Linux-6.6.119.3-1.azl3-x86_64-with-glibc2.31)'
2026-02-18T13:19:14.7094122Z A body is sent with the request
2026-02-18T13:19:14.7939892Z 2026-02-18 13:19:14,793 - azure.core.pipeline.policies.http_logging_policy - INFO - Response status: 200
2026-02-18T13:19:14.7940390Z Response headers:
2026-02-18T13:19:14.7940430Z     'Transfer-Encoding': 'chunked'
2026-02-18T13:19:14.7940456Z     'Content-Type': 'application/json; charset=utf-8'
2026-02-18T13:19:14.7940482Z     'Server': 'Microsoft-HTTPAPI/2.0'
2026-02-18T13:19:14.7940506Z     'Strict-Transport-Security': 'REDACTED'
2026-02-18T13:19:14.7940537Z     'X-Content-Type-Options': 'REDACTED'
2026-02-18T13:19:14.7940562Z     'Date': 'Wed, 18 Feb 2026 13:19:14 GMT'
2026-02-18T13:19:14.7946945Z 2026-02-18 13:19:14,794 - azure.monitor.opentelemetry.exporter.export._base - INFO - Transmission succeeded: Item received: 3. Items accepted: 3
2026-02-18T13:19:18.0517812Z 2026-02-18 13:19:18,051 - azure.core.pipeline.policies.http_logging_policy - INFO - Request URL: 'https://westus2-2.in.applicationinsights.azure.com//v2.1/track'
2026-02-18T13:19:18.0518186Z Request method: 'POST'
2026-02-18T13:19:18.0518215Z Request headers:
2026-02-18T13:19:18.0518234Z     'Content-Type': 'application/json'
2026-02-18T13:19:18.0518252Z     'Content-Length': '3720'
2026-02-18T13:19:18.0518271Z     'Accept': 'application/json'
2026-02-18T13:19:18.0518292Z     'x-ms-client-request-id': '6dd1a946-0ccc-11f1-9d9d-96dd9b170a45'
2026-02-18T13:19:18.0518319Z     'User-Agent': 'azsdk-python-azuremonitorclient/unknown Python/3.11.14 (Linux-6.6.119.3-1.azl3-x86_64-with-glibc2.31)'
2026-02-18T13:19:18.0518343Z A body is sent with the request
2026-02-18T13:19:18.1644945Z 2026-02-18 13:19:18,164 - azure.core.pipeline.policies.http_logging_policy - INFO - Response status: 200
2026-02-18T13:19:18.1645351Z Response headers:
2026-02-18T13:19:18.1645382Z     'Transfer-Encoding': 'chunked'
2026-02-18T13:19:18.1645408Z     'Content-Type': 'application/json; charset=utf-8'
2026-02-18T13:19:18.1645435Z     'Server': 'Microsoft-HTTPAPI/2.0'
2026-02-18T13:19:18.1645462Z     'Strict-Transport-Security': 'REDACTED'
2026-02-18T13:19:18.1645486Z     'X-Content-Type-Options': 'REDACTED'
2026-02-18T13:19:18.1645511Z     'Date': 'Wed, 18 Feb 2026 13:19:17 GMT'
2026-02-18T13:19:18.1651269Z 2026-02-18 13:19:18,164 - azure.monitor.opentelemetry.exporter.export._base - INFO - Transmission succeeded: Item received: 3. Items accepted: 3
2026-02-18T13:19:19.7962480Z 2026-02-18 13:19:19,796 - azure.core.pipeline.policies.http_logging_policy - INFO - Request URL: 'https://westus2-2.in.applicationinsights.azure.com//v2.1/track'
2026-02-18T13:19:19.7962908Z Request method: 'POST'
2026-02-18T13:19:19.7962937Z Request headers:
2026-02-18T13:19:19.7962959Z     'Content-Type': 'application/json'
2026-02-18T13:19:19.7962979Z     'Content-Length': '3720'
2026-02-18T13:19:19.7962999Z     'Accept': 'application/json'
2026-02-18T13:19:19.7963019Z     'x-ms-client-request-id': '6edbd8ac-0ccc-11f1-b119-96dd9b170a45'
2026-02-18T13:19:19.7963043Z     'User-Agent': 'azsdk-python-azuremonitorclient/unknown Python/3.11.14 (Linux-6.6.119.3-1.azl3-x86_64-with-glibc2.31)'
2026-02-18T13:19:19.7963063Z A body is sent with the request
2026-02-18T13:19:19.9116084Z 2026-02-18 13:19:19,911 - azure.core.pipeline.policies.http_logging_policy - INFO - Response status: 200
2026-02-18T13:19:19.9116767Z Response headers:
2026-02-18T13:19:19.9116804Z     'Transfer-Encoding': 'chunked'
2026-02-18T13:19:19.9116892Z     'Content-Type': 'application/json; charset=utf-8'
2026-02-18T13:19:19.9116919Z     'Server': 'Microsoft-HTTPAPI/2.0'
2026-02-18T13:19:19.9116948Z     'Strict-Transport-Security': 'REDACTED'
2026-02-18T13:19:19.9116977Z     'X-Content-Type-Options': 'REDACTED'
2026-02-18T13:19:19.9117004Z     'Date': 'Wed, 18 Feb 2026 13:19:19 GMT'
2026-02-18T13:19:19.9121180Z 2026-02-18 13:19:19,911 - azure.monitor.opentelemetry.exporter.export._base - INFO - Transmission succeeded: Item received: 3. Items accepted: 3
2026-02-18T13:19:23.1666980Z 2026-02-18 13:19:23,166 - azure.core.pipeline.policies.http_logging_policy - INFO - Request URL: 'https://westus2-2.in.applicationinsights.azure.com//v2.1/track'
2026-02-18T13:19:23.1667476Z Request method: 'POST'
2026-02-18T13:19:23.1667501Z Request headers:
2026-02-18T13:19:23.1667523Z     'Content-Type': 'application/json'
2026-02-18T13:19:23.1667612Z     'Content-Length': '3719'
2026-02-18T13:19:23.1667638Z     'Accept': 'application/json'
2026-02-18T13:19:23.1667659Z     'x-ms-client-request-id': '70de1fb6-0ccc-11f1-9d9d-96dd9b170a45'
2026-02-18T13:19:23.1667680Z     'User-Agent': 'azsdk-python-azuremonitorclient/unknown Python/3.11.14 (Linux-6.6.119.3-1.azl3-x86_64-with-glibc2.31)'
2026-02-18T13:19:23.1667697Z A body is sent with the request
2026-02-18T13:19:23.3239223Z 2026-02-18 13:19:23,323 - azure.core.pipeline.policies.http_logging_policy - INFO - Response status: 200
2026-02-18T13:19:23.3239617Z Response headers:
2026-02-18T13:19:23.3239645Z     'Transfer-Encoding': 'chunked'
2026-02-18T13:19:23.3239671Z     'Content-Type': 'application/json; charset=utf-8'
2026-02-18T13:19:23.3239693Z     'Server': 'Microsoft-HTTPAPI/2.0'
2026-02-18T13:19:23.3239765Z     'Strict-Transport-Security': 'REDACTED'
2026-02-18T13:19:23.3239788Z     'X-Content-Type-Options': 'REDACTED'
2026-02-18T13:19:23.3239809Z     'Date': 'Wed, 18 Feb 2026 13:19:22 GMT'
2026-02-18T13:19:23.3243305Z 2026-02-18 13:19:23,324 - azure.monitor.opentelemetry.exporter.export._base - INFO - Transmission succeeded: Item received: 3. Items accepted: 3
2026-02-18T13:19:24.9138988Z 2026-02-18 13:19:24,913 - azure.core.pipeline.policies.http_logging_policy - INFO - Request URL: 'https://westus2-2.in.applicationinsights.azure.com//v2.1/track'
2026-02-18T13:19:24.9139483Z Request method: 'POST'
2026-02-18T13:19:24.9139512Z Request headers:
2026-02-18T13:19:24.9139534Z     'Content-Type': 'application/json'
2026-02-18T13:19:24.9139556Z     'Content-Length': '3720'
2026-02-18T13:19:24.9139577Z     'Accept': 'application/json'
2026-02-18T13:19:24.9139656Z     'x-ms-client-request-id': '71e8bd44-0ccc-11f1-b119-96dd9b170a45'
2026-02-18T13:19:24.9139683Z     'User-Agent': 'azsdk-python-azuremonitorclient/unknown Python/3.11.14 (Linux-6.6.119.3-1.azl3-x86_64-with-glibc2.31)'
2026-02-18T13:19:24.9139699Z A body is sent with the request
2026-02-18T13:19:25.0089864Z 2026-02-18 13:19:25,008 - azure.core.pipeline.policies.http_logging_policy - INFO - Response status: 200
2026-02-18T13:19:25.0090351Z Response headers:
2026-02-18T13:19:25.0090378Z     'Transfer-Encoding': 'chunked'
2026-02-18T13:19:25.0090399Z     'Content-Type': 'application/json; charset=utf-8'
2026-02-18T13:19:25.0090419Z     'Server': 'Microsoft-HTTPAPI/2.0'
2026-02-18T13:19:25.0090444Z     'Strict-Transport-Security': 'REDACTED'
2026-02-18T13:19:25.0090466Z     'X-Content-Type-Options': 'REDACTED'
2026-02-18T13:19:25.0090487Z     'Date': 'Wed, 18 Feb 2026 13:19:24 GMT'
2026-02-18T13:19:25.0090555Z 2026-02-18 13:19:25,008 - azure.monitor.opentelemetry.exporter.export._base - INFO - Transmission succeeded: Item received: 3. Items accepted: 3
2026-02-18T13:19:28.3262744Z 2026-02-18 13:19:28,326 - azure.core.pipeline.policies.http_logging_policy - INFO - Request URL: 'https://westus2-2.in.applicationinsights.azure.com//v2.1/track'
2026-02-18T13:19:28.3263109Z Request method: 'POST'
2026-02-18T13:19:28.3263137Z Request headers:
2026-02-18T13:19:28.3263160Z     'Content-Type': 'application/json'
2026-02-18T13:19:28.3263182Z     'Content-Length': '3720'
2026-02-18T13:19:28.3263202Z     'Accept': 'application/json'
2026-02-18T13:19:28.3263227Z     'x-ms-client-request-id': '73f16b0e-0ccc-11f1-9d9d-96dd9b170a45'
2026-02-18T13:19:28.3263252Z     'User-Agent': 'azsdk-python-azuremonitorclient/unknown Python/3.11.14 (Linux-6.6.119.3-1.azl3-x86_64-with-glibc2.31)'
2026-02-18T13:19:28.3263273Z A body is sent with the request
2026-02-18T13:19:28.4283631Z 2026-02-18 13:19:28,428 - azure.core.pipeline.policies.http_logging_policy - INFO - Response status: 200
2026-02-18T13:19:28.4284009Z Response headers:
2026-02-18T13:19:28.4284046Z     'Transfer-Encoding': 'chunked'
2026-02-18T13:19:28.4284078Z     'Content-Type': 'application/json; charset=utf-8'
2026-02-18T13:19:28.4284101Z     'Server': 'Microsoft-HTTPAPI/2.0'
2026-02-18T13:19:28.4284124Z     'Strict-Transport-Security': 'REDACTED'
2026-02-18T13:19:28.4284146Z     'X-Content-Type-Options': 'REDACTED'
2026-02-18T13:19:28.4284175Z     'Date': 'Wed, 18 Feb 2026 13:19:28 GMT'
2026-02-18T13:19:28.4288843Z 2026-02-18 13:19:28,428 - azure.monitor.opentelemetry.exporter.export._base - INFO - Transmission succeeded: Item received: 3. Items accepted: 3
2026-02-18T13:19:30.0127658Z 2026-02-18 13:19:30,011 - azure.core.pipeline.policies.http_logging_policy - INFO - Request URL: 'https://westus2-2.in.applicationinsights.azure.com//v2.1/track'
2026-02-18T13:19:30.0128025Z Request method: 'POST'
2026-02-18T13:19:30.0128051Z Request headers:
2026-02-18T13:19:30.0128071Z     'Content-Type': 'application/json'
2026-02-18T13:19:30.0128091Z     'Content-Length': '3720'
2026-02-18T13:19:30.0128109Z     'Accept': 'application/json'
2026-02-18T13:19:30.0128129Z     'x-ms-client-request-id': '74f295c8-0ccc-11f1-b119-96dd9b170a45'
2026-02-18T13:19:30.0128152Z     'User-Agent': 'azsdk-python-azuremonitorclient/unknown Python/3.11.14 (Linux-6.6.119.3-1.azl3-x86_64-with-glibc2.31)'
2026-02-18T13:19:30.0128172Z A body is sent with the request
2026-02-18T13:19:30.0959496Z 2026-02-18 13:19:30,095 - azure.core.pipeline.policies.http_logging_policy - INFO - Response status: 200
2026-02-18T13:19:30.0959839Z Response headers:
2026-02-18T13:19:30.0959904Z     'Transfer-Encoding': 'chunked'
2026-02-18T13:19:30.0959928Z     'Content-Type': 'application/json; charset=utf-8'
2026-02-18T13:19:30.0959945Z     'Server': 'Microsoft-HTTPAPI/2.0'
2026-02-18T13:19:30.0959967Z     'Strict-Transport-Security': 'REDACTED'
2026-02-18T13:19:30.0959988Z     'X-Content-Type-Options': 'REDACTED'
2026-02-18T13:19:30.0960010Z     'Date': 'Wed, 18 Feb 2026 13:19:29 GMT'
2026-02-18T13:19:30.0963311Z 2026-02-18 13:19:30,096 - azure.monitor.opentelemetry.exporter.export._base - INFO - Transmission succeeded: Item received: 3. Items accepted: 3
2026-02-18T13:19:33.4303886Z 2026-02-18 13:19:33,430 - azure.core.pipeline.policies.http_logging_policy - INFO - Request URL: 'https://westus2-2.in.applicationinsights.azure.com//v2.1/track'
2026-02-18T13:19:33.4304264Z Request method: 'POST'
2026-02-18T13:19:33.4304289Z Request headers:
2026-02-18T13:19:33.4304373Z     'Content-Type': 'application/json'
2026-02-18T13:19:33.4304394Z     'Content-Length': '3720'
2026-02-18T13:19:33.4304413Z     'Accept': 'application/json'
2026-02-18T13:19:33.4304435Z     'x-ms-client-request-id': '76fc3d74-0ccc-11f1-9d9d-96dd9b170a45'
2026-02-18T13:19:33.4304462Z     'User-Agent': 'azsdk-python-azuremonitorclient/unknown Python/3.11.14 (Linux-6.6.119.3-1.azl3-x86_64-with-glibc2.31)'
2026-02-18T13:19:33.4304481Z A body is sent with the request
2026-02-18T13:19:33.5082928Z 2026-02-18 13:19:33,508 - azure.core.pipeline.policies.http_logging_policy - INFO - Response status: 200
2026-02-18T13:19:33.5083345Z Response headers:
2026-02-18T13:19:33.5083376Z     'Transfer-Encoding': 'chunked'
2026-02-18T13:19:33.5083400Z     'Content-Type': 'application/json; charset=utf-8'
2026-02-18T13:19:33.5083492Z     'Server': 'Microsoft-HTTPAPI/2.0'
2026-02-18T13:19:33.5083520Z     'Strict-Transport-Security': 'REDACTED'
2026-02-18T13:19:33.5083542Z     'X-Content-Type-Options': 'REDACTED'
2026-02-18T13:19:33.5083564Z     'Date': 'Wed, 18 Feb 2026 13:19:33 GMT'
2026-02-18T13:19:33.5091832Z 2026-02-18 13:19:33,508 - azure.monitor.opentelemetry.exporter.export._base - INFO - Transmission succeeded: Item received: 3. Items accepted: 3
2026-02-18T13:19:35.0981467Z 2026-02-18 13:19:35,097 - azure.core.pipeline.policies.http_logging_policy - INFO - Request URL: 'https://westus2-2.in.applicationinsights.azure.com//v2.1/track'
2026-02-18T13:19:35.0981981Z Request method: 'POST'
2026-02-18T13:19:35.0982011Z Request headers:
2026-02-18T13:19:35.0982032Z     'Content-Type': 'application/json'
2026-02-18T13:19:35.0982050Z     'Content-Length': '3720'
2026-02-18T13:19:35.0982115Z     'Accept': 'application/json'
2026-02-18T13:19:35.0982136Z     'x-ms-client-request-id': '77fab7aa-0ccc-11f1-b119-96dd9b170a45'
2026-02-18T13:19:35.0982161Z     'User-Agent': 'azsdk-python-azuremonitorclient/unknown Python/3.11.14 (Linux-6.6.119.3-1.azl3-x86_64-with-glibc2.31)'
2026-02-18T13:19:35.0982181Z A body is sent with the request
2026-02-18T13:19:35.2092827Z 2026-02-18 13:19:35,209 - azure.core.pipeline.policies.http_logging_policy - INFO - Response status: 200
2026-02-18T13:19:35.2093161Z Response headers:
2026-02-18T13:19:35.2093192Z     'Transfer-Encoding': 'chunked'
2026-02-18T13:19:35.2093212Z     'Content-Type': 'application/json; charset=utf-8'
2026-02-18T13:19:35.2093232Z     'Server': 'Microsoft-HTTPAPI/2.0'
2026-02-18T13:19:35.2093256Z     'Strict-Transport-Security': 'REDACTED'
2026-02-18T13:19:35.2093284Z     'X-Content-Type-Options': 'REDACTED'
2026-02-18T13:19:35.2093359Z     'Date': 'Wed, 18 Feb 2026 13:19:34 GMT'
2026-02-18T13:19:35.2098194Z 2026-02-18 13:19:35,209 - azure.monitor.opentelemetry.exporter.export._base - INFO - Transmission succeeded: Item received: 3. Items accepted: 3
2026-02-18T13:19:38.5108440Z 2026-02-18 13:19:38,510 - azure.core.pipeline.policies.http_logging_policy - INFO - Request URL: 'https://westus2-2.in.applicationinsights.azure.com//v2.1/track'
2026-02-18T13:19:38.5108972Z Request method: 'POST'
2026-02-18T13:19:38.5108999Z Request headers:
2026-02-18T13:19:38.5109018Z     'Content-Type': 'application/json'
2026-02-18T13:19:38.5109036Z     'Content-Length': '3720'
2026-02-18T13:19:38.5109057Z     'Accept': 'application/json'
2026-02-18T13:19:38.5109076Z     'x-ms-client-request-id': '7a03701e-0ccc-11f1-9d9d-96dd9b170a45'
2026-02-18T13:19:38.5109155Z     'User-Agent': 'azsdk-python-azuremonitorclient/unknown Python/3.11.14 (Linux-6.6.119.3-1.azl3-x86_64-with-glibc2.31)'
2026-02-18T13:19:38.5109177Z A body is sent with the request
2026-02-18T13:19:38.9551244Z 2026-02-18 13:19:38,954 - azure.core.pipeline.policies.http_logging_policy - INFO - Response status: 200
2026-02-18T13:19:38.9551573Z Response headers:
2026-02-18T13:19:38.9551601Z     'Transfer-Encoding': 'chunked'
2026-02-18T13:19:38.9551624Z     'Content-Type': 'application/json; charset=utf-8'
2026-02-18T13:19:38.9551642Z     'Server': 'Microsoft-HTTPAPI/2.0'
2026-02-18T13:19:38.9551664Z     'Strict-Transport-Security': 'REDACTED'
2026-02-18T13:19:38.9551692Z     'X-Content-Type-Options': 'REDACTED'
2026-02-18T13:19:38.9551713Z     'Date': 'Wed, 18 Feb 2026 13:19:38 GMT'
2026-02-18T13:19:38.9556068Z 2026-02-18 13:19:38,955 - azure.monitor.opentelemetry.exporter.export._base - INFO - Transmission succeeded: Item received: 3. Items accepted: 3
2026-02-18T13:19:40.2116735Z 2026-02-18 13:19:40,211 - azure.core.pipeline.policies.http_logging_policy - INFO - Request URL: 'https://westus2-2.in.applicationinsights.azure.com//v2.1/track'
2026-02-18T13:19:40.2117109Z Request method: 'POST'
2026-02-18T13:19:40.2117135Z Request headers:
2026-02-18T13:19:40.2117155Z     'Content-Type': 'application/json'
2026-02-18T13:19:40.2117175Z     'Content-Length': '3720'
2026-02-18T13:19:40.2117192Z     'Accept': 'application/json'
2026-02-18T13:19:40.2117212Z     'x-ms-client-request-id': '7b06fc88-0ccc-11f1-b119-96dd9b170a45'
2026-02-18T13:19:40.2117236Z     'User-Agent': 'azsdk-python-azuremonitorclient/unknown Python/3.11.14 (Linux-6.6.119.3-1.azl3-x86_64-with-glibc2.31)'
2026-02-18T13:19:40.2117254Z A body is sent with the request
2026-02-18T13:19:40.3533459Z 2026-02-18 13:19:40,353 - azure.core.pipeline.policies.http_logging_policy - INFO - Response status: 200
2026-02-18T13:19:40.3534168Z Response headers:
2026-02-18T13:19:40.3534199Z     'Transfer-Encoding': 'chunked'
2026-02-18T13:19:40.3534219Z     'Content-Type': 'application/json; charset=utf-8'
2026-02-18T13:19:40.3534238Z     'Server': 'Microsoft-HTTPAPI/2.0'
2026-02-18T13:19:40.3534260Z     'Strict-Transport-Security': 'REDACTED'
2026-02-18T13:19:40.3534279Z     'X-Content-Type-Options': 'REDACTED'
2026-02-18T13:19:40.3534298Z     'Date': 'Wed, 18 Feb 2026 13:19:40 GMT'
2026-02-18T13:19:40.3539695Z 2026-02-18 13:19:40,353 - azure.monitor.opentelemetry.exporter.export._base - INFO - Transmission succeeded: Item received: 3. Items accepted: 3
2026-02-18T13:19:43.9571490Z 2026-02-18 13:19:43,956 - azure.core.pipeline.policies.http_logging_policy - INFO - Request URL: 'https://westus2-2.in.applicationinsights.azure.com//v2.1/track'
2026-02-18T13:19:43.9571837Z Request method: 'POST'
2026-02-18T13:19:43.9571863Z Request headers:
2026-02-18T13:19:43.9571884Z     'Content-Type': 'application/json'
2026-02-18T13:19:43.9571902Z     'Content-Length': '3720'
2026-02-18T13:19:43.9571922Z     'Accept': 'application/json'
2026-02-18T13:19:43.9571943Z     'x-ms-client-request-id': '7d427ea0-0ccc-11f1-9d9d-96dd9b170a45'
2026-02-18T13:19:43.9571966Z     'User-Agent': 'azsdk-python-azuremonitorclient/unknown Python/3.11.14 (Linux-6.6.119.3-1.azl3-x86_64-with-glibc2.31)'
2026-02-18T13:19:43.9571983Z A body is sent with the request
2026-02-18T13:19:44.0453666Z 2026-02-18 13:19:44,045 - azure.core.pipeline.policies.http_logging_policy - INFO - Response status: 200
2026-02-18T13:19:44.0454309Z Response headers:
2026-02-18T13:19:44.0454346Z     'Transfer-Encoding': 'chunked'
2026-02-18T13:19:44.0454426Z     'Content-Type': 'application/json; charset=utf-8'
2026-02-18T13:19:44.0454454Z     'Server': 'Microsoft-HTTPAPI/2.0'
2026-02-18T13:19:44.0454481Z     'Strict-Transport-Security': 'REDACTED'
2026-02-18T13:19:44.0454506Z     'X-Content-Type-Options': 'REDACTED'
2026-02-18T13:19:44.0454532Z     'Date': 'Wed, 18 Feb 2026 13:19:43 GMT'
2026-02-18T13:19:44.0459572Z 2026-02-18 13:19:44,045 - azure.monitor.opentelemetry.exporter.export._base - INFO - Transmission succeeded: Item received: 3. Items accepted: 3
2026-02-18T13:19:45.3554243Z 2026-02-18 13:19:45,355 - azure.core.pipeline.policies.http_logging_policy - INFO - Request URL: 'https://westus2-2.in.applicationinsights.azure.com//v2.1/track'
2026-02-18T13:19:45.3554587Z Request method: 'POST'
2026-02-18T13:19:45.3554618Z Request headers:
2026-02-18T13:19:45.3554639Z     'Content-Type': 'application/json'
2026-02-18T13:19:45.3554712Z     'Content-Length': '3720'
2026-02-18T13:19:45.3554737Z     'Accept': 'application/json'
2026-02-18T13:19:45.3554757Z     'x-ms-client-request-id': '7e17ddfc-0ccc-11f1-b119-96dd9b170a45'
2026-02-18T13:19:45.3554783Z     'User-Agent': 'azsdk-python-azuremonitorclient/unknown Python/3.11.14 (Linux-6.6.119.3-1.azl3-x86_64-with-glibc2.31)'
2026-02-18T13:19:45.3554805Z A body is sent with the request
2026-02-18T13:19:45.4660755Z 2026-02-18 13:19:45,465 - azure.core.pipeline.policies.http_logging_policy - INFO - Response status: 200
2026-02-18T13:19:45.4661155Z Response headers:
2026-02-18T13:19:45.4661187Z     'Transfer-Encoding': 'chunked'
2026-02-18T13:19:45.4661205Z     'Content-Type': 'application/json; charset=utf-8'
2026-02-18T13:19:45.4661223Z     'Server': 'Microsoft-HTTPAPI/2.0'
2026-02-18T13:19:45.4661300Z     'Strict-Transport-Security': 'REDACTED'
2026-02-18T13:19:45.4661320Z     'X-Content-Type-Options': 'REDACTED'
2026-02-18T13:19:45.4661337Z     'Date': 'Wed, 18 Feb 2026 13:19:45 GMT'
2026-02-18T13:19:45.4672564Z 2026-02-18 13:19:45,466 - azure.monitor.opentelemetry.exporter.export._base - INFO - Transmission succeeded: Item received: 3. Items accepted: 3
2026-02-18T13:19:49.0475659Z 2026-02-18 13:19:49,047 - azure.core.pipeline.policies.http_logging_policy - INFO - Request URL: 'https://westus2-2.in.applicationinsights.azure.com//v2.1/track'
2026-02-18T13:19:49.0476014Z Request method: 'POST'
2026-02-18T13:19:49.0476042Z Request headers:
2026-02-18T13:19:49.0476063Z     'Content-Type': 'application/json'
2026-02-18T13:19:49.0476083Z     'Content-Length': '3720'
2026-02-18T13:19:49.0476102Z     'Accept': 'application/json'
2026-02-18T13:19:49.0476169Z     'x-ms-client-request-id': '804b3e3e-0ccc-11f1-9d9d-96dd9b170a45'
2026-02-18T13:19:49.0476198Z     'User-Agent': 'azsdk-python-azuremonitorclient/unknown Python/3.11.14 (Linux-6.6.119.3-1.azl3-x86_64-with-glibc2.31)'
2026-02-18T13:19:49.0476217Z A body is sent with the request
2026-02-18T13:19:49.1764412Z 2026-02-18 13:19:49,176 - azure.core.pipeline.policies.http_logging_policy - INFO - Response status: 200
2026-02-18T13:19:49.1764763Z Response headers:
2026-02-18T13:19:49.1764799Z     'Transfer-Encoding': 'chunked'
2026-02-18T13:19:49.1764820Z     'Content-Type': 'application/json; charset=utf-8'
2026-02-18T13:19:49.1764840Z     'Server': 'Microsoft-HTTPAPI/2.0'
2026-02-18T13:19:49.1764859Z     'Strict-Transport-Security': 'REDACTED'
2026-02-18T13:19:49.1764879Z     'X-Content-Type-Options': 'REDACTED'
2026-02-18T13:19:49.1764901Z     'Date': 'Wed, 18 Feb 2026 13:19:48 GMT'
2026-02-18T13:19:49.1775628Z 2026-02-18 13:19:49,176 - azure.monitor.opentelemetry.exporter.export._base - INFO - Transmission succeeded: Item received: 3. Items accepted: 3
2026-02-18T13:19:50.4686184Z 2026-02-18 13:19:50,468 - azure.core.pipeline.policies.http_logging_policy - INFO - Request URL: 'https://westus2-2.in.applicationinsights.azure.com//v2.1/track'
2026-02-18T13:19:50.4686510Z Request method: 'POST'
2026-02-18T13:19:50.4686542Z Request headers:
2026-02-18T13:19:50.4686564Z     'Content-Type': 'application/json'
2026-02-18T13:19:50.4686580Z     'Content-Length': '3719'
2026-02-18T13:19:50.4686599Z     'Accept': 'application/json'
2026-02-18T13:19:50.4686620Z     'x-ms-client-request-id': '8124142a-0ccc-11f1-b119-96dd9b170a45'
2026-02-18T13:19:50.4686645Z     'User-Agent': 'azsdk-python-azuremonitorclient/unknown Python/3.11.14 (Linux-6.6.119.3-1.azl3-x86_64-with-glibc2.31)'
2026-02-18T13:19:50.4686722Z A body is sent with the request
2026-02-18T13:19:50.5644457Z 2026-02-18 13:19:50,564 - azure.core.pipeline.policies.http_logging_policy - INFO - Response status: 200
2026-02-18T13:19:50.5645239Z Response headers:
2026-02-18T13:19:50.5645273Z     'Transfer-Encoding': 'chunked'
2026-02-18T13:19:50.5645296Z     'Content-Type': 'application/json; charset=utf-8'
2026-02-18T13:19:50.5645320Z     'Server': 'Microsoft-HTTPAPI/2.0'
2026-02-18T13:19:50.5645339Z     'Strict-Transport-Security': 'REDACTED'
2026-02-18T13:19:50.5645361Z     'X-Content-Type-Options': 'REDACTED'
2026-02-18T13:19:50.5645382Z     'Date': 'Wed, 18 Feb 2026 13:19:50 GMT'
2026-02-18T13:19:50.5650702Z 2026-02-18 13:19:50,564 - azure.monitor.opentelemetry.exporter.export._base - INFO - Transmission succeeded: Item received: 3. Items accepted: 3
2026-02-18T13:19:54.1791464Z 2026-02-18 13:19:54,178 - azure.core.pipeline.policies.http_logging_policy - INFO - Request URL: 'https://westus2-2.in.applicationinsights.azure.com//v2.1/track'
2026-02-18T13:19:54.1791881Z Request method: 'POST'
2026-02-18T13:19:54.1791916Z Request headers:
2026-02-18T13:19:54.1791937Z     'Content-Type': 'application/json'
2026-02-18T13:19:54.1791961Z     'Content-Length': '3720'
2026-02-18T13:19:54.1791980Z     'Accept': 'application/json'
2026-02-18T13:19:54.1792001Z     'x-ms-client-request-id': '835a41c4-0ccc-11f1-9d9d-96dd9b170a45'
2026-02-18T13:19:54.1792024Z     'User-Agent': 'azsdk-python-azuremonitorclient/unknown Python/3.11.14 (Linux-6.6.119.3-1.azl3-x86_64-with-glibc2.31)'
2026-02-18T13:19:54.1792043Z A body is sent with the request
2026-02-18T13:19:54.2268622Z 2026-02-18 13:19:54,226 - azure.core.pipeline.policies.http_logging_policy - INFO - Response status: 200
2026-02-18T13:19:54.2269000Z Response headers:
2026-02-18T13:19:54.2269031Z     'Transfer-Encoding': 'chunked'
2026-02-18T13:19:54.2269054Z     'Content-Type': 'application/json; charset=utf-8'
2026-02-18T13:19:54.2269073Z     'Server': 'Microsoft-HTTPAPI/2.0'
2026-02-18T13:19:54.2269092Z     'Strict-Transport-Security': 'REDACTED'
2026-02-18T13:19:54.2269109Z     'X-Content-Type-Options': 'REDACTED'
2026-02-18T13:19:54.2269127Z     'Date': 'Wed, 18 Feb 2026 13:19:53 GMT'
2026-02-18T13:19:54.2274261Z 2026-02-18 13:19:54,227 - azure.monitor.opentelemetry.exporter.export._base - INFO - Transmission succeeded: Item received: 3. Items accepted: 3
2026-02-18T13:19:55.5666463Z 2026-02-18 13:19:55,566 - azure.core.pipeline.policies.http_logging_policy - INFO - Request URL: 'https://westus2-2.in.applicationinsights.azure.com//v2.1/track'
2026-02-18T13:19:55.5666819Z Request method: 'POST'
2026-02-18T13:19:55.5666900Z Request headers:
2026-02-18T13:19:55.5666922Z     'Content-Type': 'application/json'
2026-02-18T13:19:55.5666942Z     'Content-Length': '3719'
2026-02-18T13:19:55.5666961Z     'Accept': 'application/json'
2026-02-18T13:19:55.5666983Z     'x-ms-client-request-id': '842df992-0ccc-11f1-b119-96dd9b170a45'
2026-02-18T13:19:55.5667008Z     'User-Agent': 'azsdk-python-azuremonitorclient/unknown Python/3.11.14 (Linux-6.6.119.3-1.azl3-x86_64-with-glibc2.31)'
2026-02-18T13:19:55.5667027Z A body is sent with the request
2026-02-18T13:19:55.6657303Z 2026-02-18 13:19:55,665 - azure.core.pipeline.policies.http_logging_policy - INFO - Response status: 200
2026-02-18T13:19:55.6657697Z Response headers:
2026-02-18T13:19:55.6657723Z     'Transfer-Encoding': 'chunked'
2026-02-18T13:19:55.6657744Z     'Content-Type': 'application/json; charset=utf-8'
2026-02-18T13:19:55.6657820Z     'Server': 'Microsoft-HTTPAPI/2.0'
2026-02-18T13:19:55.6657841Z     'Strict-Transport-Security': 'REDACTED'
2026-02-18T13:19:55.6657863Z     'X-Content-Type-Options': 'REDACTED'
2026-02-18T13:19:55.6657880Z     'Date': 'Wed, 18 Feb 2026 13:19:55 GMT'
2026-02-18T13:19:55.6662582Z 2026-02-18 13:19:55,665 - azure.monitor.opentelemetry.exporter.export._base - INFO - Transmission succeeded: Item received: 3. Items accepted: 3
2026-02-18T13:19:59.2296158Z 2026-02-18 13:19:59,229 - azure.core.pipeline.policies.http_logging_policy - INFO - Request URL: 'https://westus2-2.in.applicationinsights.azure.com//v2.1/track'
2026-02-18T13:19:59.2296544Z Request method: 'POST'
2026-02-18T13:19:59.2296570Z Request headers:
2026-02-18T13:19:59.2296592Z     'Content-Type': 'application/json'
2026-02-18T13:19:59.2296613Z     'Content-Length': '3720'
2026-02-18T13:19:59.2296700Z     'Accept': 'application/json'
2026-02-18T13:19:59.2296722Z     'x-ms-client-request-id': '865cd120-0ccc-11f1-9d9d-96dd9b170a45'
2026-02-18T13:19:59.2296745Z     'User-Agent': 'azsdk-python-azuremonitorclient/unknown Python/3.11.14 (Linux-6.6.119.3-1.azl3-x86_64-with-glibc2.31)'
2026-02-18T13:19:59.2296766Z A body is sent with the request
2026-02-18T13:19:59.4077984Z 2026-02-18 13:19:59,407 - azure.core.pipeline.policies.http_logging_policy - INFO - Response status: 200
2026-02-18T13:19:59.4078348Z Response headers:
2026-02-18T13:19:59.4078375Z     'Transfer-Encoding': 'chunked'
2026-02-18T13:19:59.4078396Z     'Content-Type': 'application/json; charset=utf-8'
2026-02-18T13:19:59.4078417Z     'Server': 'Microsoft-HTTPAPI/2.0'
2026-02-18T13:19:59.4078437Z     'Strict-Transport-Security': 'REDACTED'
2026-02-18T13:19:59.4078504Z     'X-Content-Type-Options': 'REDACTED'
2026-02-18T13:19:59.4078525Z     'Date': 'Wed, 18 Feb 2026 13:19:58 GMT'
2026-02-18T13:19:59.4085989Z 2026-02-18 13:19:59,408 - azure.monitor.opentelemetry.exporter.export._base - INFO - Transmission succeeded: Item received: 3. Items accepted: 3
2026-02-18T13:20:00.6684800Z 2026-02-18 13:20:00,668 - azure.core.pipeline.policies.http_logging_policy - INFO - Request URL: 'https://westus2-2.in.applicationinsights.azure.com//v2.1/track'
2026-02-18T13:20:00.6685337Z Request method: 'POST'
2026-02-18T13:20:00.6685368Z Request headers:
2026-02-18T13:20:00.6685390Z     'Content-Type': 'application/json'
2026-02-18T13:20:00.6685410Z     'Content-Length': '3720'
2026-02-18T13:20:00.6685429Z     'Accept': 'application/json'
2026-02-18T13:20:00.6685448Z     'x-ms-client-request-id': '8738739c-0ccc-11f1-b119-96dd9b170a45'
2026-02-18T13:20:00.6685533Z     'User-Agent': 'azsdk-python-azuremonitorclient/unknown Python/3.11.14 (Linux-6.6.119.3-1.azl3-x86_64-with-glibc2.31)'
2026-02-18T13:20:00.6685554Z A body is sent with the request
2026-02-18T13:20:00.7698576Z 2026-02-18 13:20:00,769 - azure.core.pipeline.policies.http_logging_policy - INFO - Response status: 200
2026-02-18T13:20:00.7698958Z Response headers:
2026-02-18T13:20:00.7698988Z     'Transfer-Encoding': 'chunked'
2026-02-18T13:20:00.7699018Z     'Content-Type': 'application/json; charset=utf-8'
2026-02-18T13:20:00.7699036Z     'Server': 'Microsoft-HTTPAPI/2.0'
2026-02-18T13:20:00.7699055Z     'Strict-Transport-Security': 'REDACTED'
2026-02-18T13:20:00.7699073Z     'X-Content-Type-Options': 'REDACTED'
2026-02-18T13:20:00.7699092Z     'Date': 'Wed, 18 Feb 2026 13:20:00 GMT'
2026-02-18T13:20:00.7704522Z 2026-02-18 13:20:00,770 - azure.monitor.opentelemetry.exporter.export._base - INFO - Transmission succeeded: Item received: 3. Items accepted: 3
2026-02-18T13:20:04.4103086Z 2026-02-18 13:20:04,410 - azure.core.pipeline.policies.http_logging_policy - INFO - Request URL: 'https://westus2-2.in.applicationinsights.azure.com//v2.1/track'
2026-02-18T13:20:04.4105228Z Request method: 'POST'
2026-02-18T13:20:04.4105278Z Request headers:
2026-02-18T13:20:04.4105305Z     'Content-Type': 'application/json'
2026-02-18T13:20:04.4105326Z     'Content-Length': '3719'
2026-02-18T13:20:04.4105347Z     'Accept': 'application/json'
2026-02-18T13:20:04.4105493Z     'x-ms-client-request-id': '897365d6-0ccc-11f1-9d9d-96dd9b170a45'
2026-02-18T13:20:04.4105518Z     'User-Agent': 'azsdk-python-azuremonitorclient/unknown Python/3.11.14 (Linux-6.6.119.3-1.azl3-x86_64-with-glibc2.31)'
2026-02-18T13:20:04.4105546Z A body is sent with the request
2026-02-18T13:20:04.5176366Z 2026-02-18 13:20:04,517 - azure.core.pipeline.policies.http_logging_policy - INFO - Response status: 200
2026-02-18T13:20:04.5176719Z Response headers:
2026-02-18T13:20:04.5176744Z     'Transfer-Encoding': 'chunked'
2026-02-18T13:20:04.5176769Z     'Content-Type': 'application/json; charset=utf-8'
2026-02-18T13:20:04.5176789Z     'Server': 'Microsoft-HTTPAPI/2.0'
2026-02-18T13:20:04.5176813Z     'Strict-Transport-Security': 'REDACTED'
2026-02-18T13:20:04.5176834Z     'X-Content-Type-Options': 'REDACTED'
2026-02-18T13:20:04.5176854Z     'Date': 'Wed, 18 Feb 2026 13:20:04 GMT'
2026-02-18T13:20:04.5185160Z 2026-02-18 13:20:04,517 - azure.monitor.opentelemetry.exporter.export._base - INFO - Transmission succeeded: Item received: 3. Items accepted: 3
2026-02-18T13:20:05.7717429Z 2026-02-18 13:20:05,771 - azure.core.pipeline.policies.http_logging_policy - INFO - Request URL: 'https://westus2-2.in.applicationinsights.azure.com//v2.1/track'
2026-02-18T13:20:05.7717906Z Request method: 'POST'
2026-02-18T13:20:05.7717933Z Request headers:
2026-02-18T13:20:05.7717957Z     'Content-Type': 'application/json'
2026-02-18T13:20:05.7717981Z     'Content-Length': '3719'
2026-02-18T13:20:05.7718003Z     'Accept': 'application/json'
2026-02-18T13:20:05.7718028Z     'x-ms-client-request-id': '8a43244c-0ccc-11f1-b119-96dd9b170a45'
2026-02-18T13:20:05.7718053Z     'User-Agent': 'azsdk-python-azuremonitorclient/unknown Python/3.11.14 (Linux-6.6.119.3-1.azl3-x86_64-with-glibc2.31)'
2026-02-18T13:20:05.7718075Z A body is sent with the request
2026-02-18T13:20:05.8712535Z 2026-02-18 13:20:05,870 - azure.core.pipeline.policies.http_logging_policy - INFO - Response status: 200
2026-02-18T13:20:05.8712891Z Response headers:
2026-02-18T13:20:05.8712919Z     'Transfer-Encoding': 'chunked'
2026-02-18T13:20:05.8712987Z     'Content-Type': 'application/json; charset=utf-8'
2026-02-18T13:20:05.8713006Z     'Server': 'Microsoft-HTTPAPI/2.0'
2026-02-18T13:20:05.8713026Z     'Strict-Transport-Security': 'REDACTED'
2026-02-18T13:20:05.8713045Z     'X-Content-Type-Options': 'REDACTED'
2026-02-18T13:20:05.8713064Z     'Date': 'Wed, 18 Feb 2026 13:20:05 GMT'
2026-02-18T13:20:05.8718482Z 2026-02-18 13:20:05,871 - azure.monitor.opentelemetry.exporter.export._base - INFO - Transmission succeeded: Item received: 3. Items accepted: 3
2026-02-18T13:20:09.5201816Z 2026-02-18 13:20:09,519 - azure.core.pipeline.policies.http_logging_policy - INFO - Request URL: 'https://westus2-2.in.applicationinsights.azure.com//v2.1/track'
2026-02-18T13:20:09.5202237Z Request method: 'POST'
2026-02-18T13:20:09.5202271Z Request headers:
2026-02-18T13:20:09.5202356Z     'Content-Type': 'application/json'
2026-02-18T13:20:09.5202384Z     'Content-Length': '3720'
2026-02-18T13:20:09.5202409Z     'Accept': 'application/json'
2026-02-18T13:20:09.5202437Z     'x-ms-client-request-id': '8c7f1b1c-0ccc-11f1-9d9d-96dd9b170a45'
2026-02-18T13:20:09.5202467Z     'User-Agent': 'azsdk-python-azuremonitorclient/unknown Python/3.11.14 (Linux-6.6.119.3-1.azl3-x86_64-with-glibc2.31)'
2026-02-18T13:20:09.5202495Z A body is sent with the request
2026-02-18T13:20:09.6512774Z 2026-02-18 13:20:09,651 - azure.core.pipeline.policies.http_logging_policy - INFO - Response status: 200
2026-02-18T13:20:09.6513134Z Response headers:
2026-02-18T13:20:09.6513162Z     'Transfer-Encoding': 'chunked'
2026-02-18T13:20:09.6513182Z     'Content-Type': 'application/json; charset=utf-8'
2026-02-18T13:20:09.6513203Z     'Server': 'Microsoft-HTTPAPI/2.0'
2026-02-18T13:20:09.6513282Z     'Strict-Transport-Security': 'REDACTED'
2026-02-18T13:20:09.6513303Z     'X-Content-Type-Options': 'REDACTED'
2026-02-18T13:20:09.6513322Z     'Date': 'Wed, 18 Feb 2026 13:20:09 GMT'
2026-02-18T13:20:09.6518121Z 2026-02-18 13:20:09,651 - azure.monitor.opentelemetry.exporter.export._base - INFO - Transmission succeeded: Item received: 3. Items accepted: 3
2026-02-18T13:20:10.8739723Z 2026-02-18 13:20:10,873 - azure.core.pipeline.policies.http_logging_policy - INFO - Request URL: 'https://westus2-2.in.applicationinsights.azure.com//v2.1/track'
2026-02-18T13:20:10.8740262Z Request method: 'POST'
2026-02-18T13:20:10.8740297Z Request headers:
2026-02-18T13:20:10.8740322Z     'Content-Type': 'application/json'
2026-02-18T13:20:10.8740343Z     'Content-Length': '3719'
2026-02-18T13:20:10.8740363Z     'Accept': 'application/json'
2026-02-18T13:20:10.8740450Z     'x-ms-client-request-id': '8d4dafe0-0ccc-11f1-b119-96dd9b170a45'
2026-02-18T13:20:10.8740477Z     'User-Agent': 'azsdk-python-azuremonitorclient/unknown Python/3.11.14 (Linux-6.6.119.3-1.azl3-x86_64-with-glibc2.31)'
2026-02-18T13:20:10.8740498Z A body is sent with the request
2026-02-18T13:20:11.0379763Z 2026-02-18 13:20:11,037 - azure.core.pipeline.policies.http_logging_policy - INFO - Response status: 200
2026-02-18T13:20:11.0381204Z Response headers:
2026-02-18T13:20:11.0381258Z     'Transfer-Encoding': 'chunked'
2026-02-18T13:20:11.0381280Z     'Content-Type': 'application/json; charset=utf-8'
2026-02-18T13:20:11.0381304Z     'Server': 'Microsoft-HTTPAPI/2.0'
2026-02-18T13:20:11.0381326Z     'Strict-Transport-Security': 'REDACTED'
2026-02-18T13:20:11.0381345Z     'X-Content-Type-Options': 'REDACTED'
2026-02-18T13:20:11.0381367Z     'Date': 'Wed, 18 Feb 2026 13:20:10 GMT'
2026-02-18T13:20:11.0389284Z 2026-02-18 13:20:11,038 - azure.monitor.opentelemetry.exporter.export._base - INFO - Transmission succeeded: Item received: 3. Items accepted: 3
2026-02-18T13:20:14.6539652Z 2026-02-18 13:20:14,653 - azure.core.pipeline.policies.http_logging_policy - INFO - Request URL: 'https://westus2-2.in.applicationinsights.azure.com//v2.1/track'
2026-02-18T13:20:14.6540178Z Request method: 'POST'
2026-02-18T13:20:14.6540206Z Request headers:
2026-02-18T13:20:14.6540224Z     'Content-Type': 'application/json'
2026-02-18T13:20:14.6540244Z     'Content-Length': '3718'
2026-02-18T13:20:14.6540264Z     'Accept': 'application/json'
2026-02-18T13:20:14.6540284Z     'x-ms-client-request-id': '8f8e5cd2-0ccc-11f1-9d9d-96dd9b170a45'
2026-02-18T13:20:14.6540307Z     'User-Agent': 'azsdk-python-azuremonitorclient/unknown Python/3.11.14 (Linux-6.6.119.3-1.azl3-x86_64-with-glibc2.31)'
2026-02-18T13:20:14.6540385Z A body is sent with the request
2026-02-18T13:20:14.7537184Z 2026-02-18 13:20:14,753 - azure.core.pipeline.policies.http_logging_policy - INFO - Response status: 200
2026-02-18T13:20:14.7537508Z Response headers:
2026-02-18T13:20:14.7537535Z     'Transfer-Encoding': 'chunked'
2026-02-18T13:20:14.7537555Z     'Content-Type': 'application/json; charset=utf-8'
2026-02-18T13:20:14.7537577Z     'Server': 'Microsoft-HTTPAPI/2.0'
2026-02-18T13:20:14.7537598Z     'Strict-Transport-Security': 'REDACTED'
2026-02-18T13:20:14.7537618Z     'X-Content-Type-Options': 'REDACTED'
2026-02-18T13:20:14.7537638Z     'Date': 'Wed, 18 Feb 2026 13:20:14 GMT'
2026-02-18T13:20:14.7541769Z 2026-02-18 13:20:14,753 - azure.monitor.opentelemetry.exporter.export._base - INFO - Transmission succeeded: Item received: 3. Items accepted: 3
2026-02-18T13:20:16.0400360Z 2026-02-18 13:20:16,039 - azure.core.pipeline.policies.http_logging_policy - INFO - Request URL: 'https://westus2-2.in.applicationinsights.azure.com//v2.1/track'
2026-02-18T13:20:16.0400709Z Request method: 'POST'
2026-02-18T13:20:16.0400735Z Request headers:
2026-02-18T13:20:16.0400755Z     'Content-Type': 'application/json'
2026-02-18T13:20:16.0400774Z     'Content-Length': '3720'
2026-02-18T13:20:16.0400795Z     'Accept': 'application/json'
2026-02-18T13:20:16.0400816Z     'x-ms-client-request-id': '9061f7a4-0ccc-11f1-b119-96dd9b170a45'
2026-02-18T13:20:16.0400842Z     'User-Agent': 'azsdk-python-azuremonitorclient/unknown Python/3.11.14 (Linux-6.6.119.3-1.azl3-x86_64-with-glibc2.31)'
2026-02-18T13:20:16.0400863Z A body is sent with the request
2026-02-18T13:20:16.2347714Z 2026-02-18 13:20:16,234 - azure.core.pipeline.policies.http_logging_policy - INFO - Response status: 200
2026-02-18T13:20:16.2348145Z Response headers:
2026-02-18T13:20:16.2348171Z     'Transfer-Encoding': 'chunked'
2026-02-18T13:20:16.2348194Z     'Content-Type': 'application/json; charset=utf-8'
2026-02-18T13:20:16.2348214Z     'Server': 'Microsoft-HTTPAPI/2.0'
2026-02-18T13:20:16.2348233Z     'Strict-Transport-Security': 'REDACTED'
2026-02-18T13:20:16.2348252Z     'X-Content-Type-Options': 'REDACTED'
2026-02-18T13:20:16.2348270Z     'Date': 'Wed, 18 Feb 2026 13:20:15 GMT'
2026-02-18T13:20:16.2353446Z 2026-02-18 13:20:16,234 - azure.monitor.opentelemetry.exporter.export._base - INFO - Transmission succeeded: Item received: 3. Items accepted: 3
2026-02-18T13:20:19.7569702Z 2026-02-18 13:20:19,756 - azure.core.pipeline.policies.http_logging_policy - INFO - Request URL: 'https://westus2-2.in.applicationinsights.azure.com//v2.1/track'
2026-02-18T13:20:19.7570077Z Request method: 'POST'
2026-02-18T13:20:19.7570183Z Request headers:
2026-02-18T13:20:19.7570215Z     'Content-Type': 'application/json'
2026-02-18T13:20:19.7570240Z     'Content-Length': '3720'
2026-02-18T13:20:19.7570267Z     'Accept': 'application/json'
2026-02-18T13:20:19.7570294Z     'x-ms-client-request-id': '929919c6-0ccc-11f1-9d9d-96dd9b170a45'
2026-02-18T13:20:19.7570328Z     'User-Agent': 'azsdk-python-azuremonitorclient/unknown Python/3.11.14 (Linux-6.6.119.3-1.azl3-x86_64-with-glibc2.31)'
2026-02-18T13:20:19.7570353Z A body is sent with the request
2026-02-18T13:20:19.8634876Z 2026-02-18 13:20:19,863 - azure.core.pipeline.policies.http_logging_policy - INFO - Response status: 200
2026-02-18T13:20:19.8635267Z Response headers:
2026-02-18T13:20:19.8635298Z     'Transfer-Encoding': 'chunked'
2026-02-18T13:20:19.8635319Z     'Content-Type': 'application/json; charset=utf-8'
2026-02-18T13:20:19.8635398Z     'Server': 'Microsoft-HTTPAPI/2.0'
2026-02-18T13:20:19.8635421Z     'Strict-Transport-Security': 'REDACTED'
2026-02-18T13:20:19.8635441Z     'X-Content-Type-Options': 'REDACTED'
2026-02-18T13:20:19.8635461Z     'Date': 'Wed, 18 Feb 2026 13:20:19 GMT'
2026-02-18T13:20:19.8642276Z 2026-02-18 13:20:19,863 - azure.monitor.opentelemetry.exporter.export._base - INFO - Transmission succeeded: Item received: 3. Items accepted: 3
2026-02-18T13:20:21.2368158Z 2026-02-18 13:20:21,236 - azure.core.pipeline.policies.http_logging_policy - INFO - Request URL: 'https://westus2-2.in.applicationinsights.azure.com//v2.1/track'
2026-02-18T13:20:21.2369147Z Request method: 'POST'
2026-02-18T13:20:21.2369181Z Request headers:
2026-02-18T13:20:21.2369202Z     'Content-Type': 'application/json'
2026-02-18T13:20:21.2369219Z     'Content-Length': '3720'
2026-02-18T13:20:21.2369302Z     'Accept': 'application/json'
2026-02-18T13:20:21.2369324Z     'x-ms-client-request-id': '937aee1e-0ccc-11f1-b119-96dd9b170a45'
2026-02-18T13:20:21.2369346Z     'User-Agent': 'azsdk-python-azuremonitorclient/unknown Python/3.11.14 (Linux-6.6.119.3-1.azl3-x86_64-with-glibc2.31)'
2026-02-18T13:20:21.2369366Z A body is sent with the request
2026-02-18T13:20:21.3647784Z 2026-02-18 13:20:21,364 - azure.core.pipeline.policies.http_logging_policy - INFO - Response status: 200
2026-02-18T13:20:21.3648159Z Response headers:
2026-02-18T13:20:21.3648190Z     'Transfer-Encoding': 'chunked'
2026-02-18T13:20:21.3648217Z     'Content-Type': 'application/json; charset=utf-8'
2026-02-18T13:20:21.3648236Z     'Server': 'Microsoft-HTTPAPI/2.0'
2026-02-18T13:20:21.3648257Z     'Strict-Transport-Security': 'REDACTED'
2026-02-18T13:20:21.3648800Z     'X-Content-Type-Options': 'REDACTED'
2026-02-18T13:20:21.3648833Z     'Date': 'Wed, 18 Feb 2026 13:20:20 GMT'
2026-02-18T13:20:21.3655792Z 2026-02-18 13:20:21,365 - azure.monitor.opentelemetry.exporter.export._base - INFO - Transmission succeeded: Item received: 3. Items accepted: 3
2026-02-18T13:20:24.8658047Z 2026-02-18 13:20:24,865 - azure.core.pipeline.policies.http_logging_policy - INFO - Request URL: 'https://westus2-2.in.applicationinsights.azure.com//v2.1/track'
2026-02-18T13:20:24.8658481Z Request method: 'POST'
2026-02-18T13:20:24.8658517Z Request headers:
2026-02-18T13:20:24.8658552Z     'Content-Type': 'application/json'
2026-02-18T13:20:24.8658581Z     'Content-Length': '3720'
2026-02-18T13:20:24.8658605Z     'Accept': 'application/json'
2026-02-18T13:20:24.8658635Z     'x-ms-client-request-id': '95a4aa22-0ccc-11f1-9d9d-96dd9b170a45'
2026-02-18T13:20:24.8658730Z     'User-Agent': 'azsdk-python-azuremonitorclient/unknown Python/3.11.14 (Linux-6.6.119.3-1.azl3-x86_64-with-glibc2.31)'
2026-02-18T13:20:24.8658757Z A body is sent with the request
2026-02-18T13:20:24.9783933Z 2026-02-18 13:20:24,978 - azure.core.pipeline.policies.http_logging_policy - INFO - Response status: 200
2026-02-18T13:20:24.9784559Z Response headers:
2026-02-18T13:20:24.9784589Z     'Transfer-Encoding': 'chunked'
2026-02-18T13:20:24.9784608Z     'Content-Type': 'application/json; charset=utf-8'
2026-02-18T13:20:24.9784629Z     'Server': 'Microsoft-HTTPAPI/2.0'
2026-02-18T13:20:24.9784650Z     'Strict-Transport-Security': 'REDACTED'
2026-02-18T13:20:24.9784671Z     'X-Content-Type-Options': 'REDACTED'
2026-02-18T13:20:24.9784695Z     'Date': 'Wed, 18 Feb 2026 13:20:24 GMT'
2026-02-18T13:20:24.9791533Z 2026-02-18 13:20:24,978 - azure.monitor.opentelemetry.exporter.export._base - INFO - Transmission succeeded: Item received: 3. Items accepted: 3
2026-02-18T13:20:26.3670125Z 2026-02-18 13:20:26,366 - azure.core.pipeline.policies.http_logging_policy - INFO - Request URL: 'https://westus2-2.in.applicationinsights.azure.com//v2.1/track'
2026-02-18T13:20:26.3670529Z Request method: 'POST'
2026-02-18T13:20:26.3670557Z Request headers:
2026-02-18T13:20:26.3670576Z     'Content-Type': 'application/json'
2026-02-18T13:20:26.3670595Z     'Content-Length': '3720'
2026-02-18T13:20:26.3670615Z     'Accept': 'application/json'
2026-02-18T13:20:26.3670638Z     'x-ms-client-request-id': '9689bc7a-0ccc-11f1-b119-96dd9b170a45'
2026-02-18T13:20:26.3670666Z     'User-Agent': 'azsdk-python-azuremonitorclient/unknown Python/3.11.14 (Linux-6.6.119.3-1.azl3-x86_64-with-glibc2.31)'
2026-02-18T13:20:26.3670692Z A body is sent with the request
2026-02-18T13:20:26.4470017Z 2026-02-18 13:20:26,446 - azure.core.pipeline.policies.http_logging_policy - INFO - Response status: 200
2026-02-18T13:20:26.4470368Z Response headers:
2026-02-18T13:20:26.4470396Z     'Transfer-Encoding': 'chunked'
2026-02-18T13:20:26.4470420Z     'Content-Type': 'application/json; charset=utf-8'
2026-02-18T13:20:26.4470438Z     'Server': 'Microsoft-HTTPAPI/2.0'
2026-02-18T13:20:26.4470456Z     'Strict-Transport-Security': 'REDACTED'
2026-02-18T13:20:26.4470474Z     'X-Content-Type-Options': 'REDACTED'
2026-02-18T13:20:26.4470491Z     'Date': 'Wed, 18 Feb 2026 13:20:26 GMT'
2026-02-18T13:20:26.4476534Z 2026-02-18 13:20:26,447 - azure.monitor.opentelemetry.exporter.export._base - INFO - Transmission succeeded: Item received: 3. Items accepted: 3
2026-02-18T13:20:29.9807611Z 2026-02-18 13:20:29,980 - azure.core.pipeline.policies.http_logging_policy - INFO - Request URL: 'https://westus2-2.in.applicationinsights.azure.com//v2.1/track'
2026-02-18T13:20:29.9808133Z Request method: 'POST'
2026-02-18T13:20:29.9808162Z Request headers:
2026-02-18T13:20:29.9808185Z     'Content-Type': 'application/json'
2026-02-18T13:20:29.9808208Z     'Content-Length': '3719'
2026-02-18T13:20:29.9808229Z     'Accept': 'application/json'
2026-02-18T13:20:29.9808248Z     'x-ms-client-request-id': '98b122f4-0ccc-11f1-9d9d-96dd9b170a45'
2026-02-18T13:20:29.9808269Z     'User-Agent': 'azsdk-python-azuremonitorclient/unknown Python/3.11.14 (Linux-6.6.119.3-1.azl3-x86_64-with-glibc2.31)'
2026-02-18T13:20:29.9808287Z A body is sent with the request
2026-02-18T13:20:30.1299681Z 2026-02-18 13:20:30,129 - azure.core.pipeline.policies.http_logging_policy - INFO - Response status: 200
2026-02-18T13:20:30.1300085Z Response headers:
2026-02-18T13:20:30.1300111Z     'Transfer-Encoding': 'chunked'
2026-02-18T13:20:30.1300198Z     'Content-Type': 'application/json; charset=utf-8'
2026-02-18T13:20:30.1300218Z     'Server': 'Microsoft-HTTPAPI/2.0'
2026-02-18T13:20:30.1300238Z     'Strict-Transport-Security': 'REDACTED'
2026-02-18T13:20:30.1300255Z     'X-Content-Type-Options': 'REDACTED'
2026-02-18T13:20:30.1300273Z     'Date': 'Wed, 18 Feb 2026 13:20:29 GMT'
2026-02-18T13:20:30.1306615Z 2026-02-18 13:20:30,130 - azure.monitor.opentelemetry.exporter.export._base - INFO - Transmission succeeded: Item received: 3. Items accepted: 3
2026-02-18T13:20:31.4501376Z 2026-02-18 13:20:31,449 - azure.core.pipeline.policies.http_logging_policy - INFO - Request URL: 'https://westus2-2.in.applicationinsights.azure.com//v2.1/track'
2026-02-18T13:20:31.4503786Z Request method: 'POST'
2026-02-18T13:20:31.4503846Z Request headers:
2026-02-18T13:20:31.4503910Z     'Content-Type': 'application/json'
2026-02-18T13:20:31.4503931Z     'Content-Length': '3719'
2026-02-18T13:20:31.4503947Z     'Accept': 'application/json'
2026-02-18T13:20:31.4503968Z     'x-ms-client-request-id': '999158e2-0ccc-11f1-b119-96dd9b170a45'
2026-02-18T13:20:31.4503989Z     'User-Agent': 'azsdk-python-azuremonitorclient/unknown Python/3.11.14 (Linux-6.6.119.3-1.azl3-x86_64-with-glibc2.31)'
2026-02-18T13:20:31.4504006Z A body is sent with the request
2026-02-18T13:20:31.6638992Z 2026-02-18 13:20:31,663 - azure.core.pipeline.policies.http_logging_policy - INFO - Response status: 200
2026-02-18T13:20:31.6639366Z Response headers:
2026-02-18T13:20:31.6639400Z     'Transfer-Encoding': 'chunked'
2026-02-18T13:20:31.6639432Z     'Content-Type': 'application/json; charset=utf-8'
2026-02-18T13:20:31.6639456Z     'Server': 'Microsoft-HTTPAPI/2.0'
2026-02-18T13:20:31.6639545Z     'Strict-Transport-Security': 'REDACTED'
2026-02-18T13:20:31.6639572Z     'X-Content-Type-Options': 'REDACTED'
2026-02-18T13:20:31.6639597Z     'Date': 'Wed, 18 Feb 2026 13:20:31 GMT'
2026-02-18T13:20:31.6644383Z 2026-02-18 13:20:31,664 - azure.monitor.opentelemetry.exporter.export._base - INFO - Transmission succeeded: Item received: 3. Items accepted: 3
2026-02-18T13:20:35.1319924Z 2026-02-18 13:20:35,131 - azure.core.pipeline.policies.http_logging_policy - INFO - Request URL: 'https://westus2-2.in.applicationinsights.azure.com//v2.1/track'
2026-02-18T13:20:35.1320321Z Request method: 'POST'
2026-02-18T13:20:35.1320348Z Request headers:
2026-02-18T13:20:35.1320370Z     'Content-Type': 'application/json'
2026-02-18T13:20:35.1320388Z     'Content-Length': '3720'
2026-02-18T13:20:35.1320406Z     'Accept': 'application/json'
2026-02-18T13:20:35.1320483Z     'x-ms-client-request-id': '9bc32a46-0ccc-11f1-9d9d-96dd9b170a45'
2026-02-18T13:20:35.1320509Z     'User-Agent': 'azsdk-python-azuremonitorclient/unknown Python/3.11.14 (Linux-6.6.119.3-1.azl3-x86_64-with-glibc2.31)'
2026-02-18T13:20:35.1320529Z A body is sent with the request
2026-02-18T13:20:35.1775913Z 2026-02-18 13:20:35,177 - azure.core.pipeline.policies.http_logging_policy - INFO - Response status: 200
2026-02-18T13:20:35.1776244Z Response headers:
2026-02-18T13:20:35.1776270Z     'Transfer-Encoding': 'chunked'
2026-02-18T13:20:35.1776296Z     'Content-Type': 'application/json; charset=utf-8'
2026-02-18T13:20:35.1776315Z     'Server': 'Microsoft-HTTPAPI/2.0'
2026-02-18T13:20:35.1776337Z     'Strict-Transport-Security': 'REDACTED'
2026-02-18T13:20:35.1776359Z     'X-Content-Type-Options': 'REDACTED'
2026-02-18T13:20:35.1776383Z     'Date': 'Wed, 18 Feb 2026 13:20:34 GMT'
2026-02-18T13:20:35.1781241Z 2026-02-18 13:20:35,177 - azure.monitor.opentelemetry.exporter.export._base - INFO - Transmission succeeded: Item received: 3. Items accepted: 3
2026-02-18T13:20:36.6659249Z 2026-02-18 13:20:36,665 - azure.core.pipeline.policies.http_logging_policy - INFO - Request URL: 'https://westus2-2.in.applicationinsights.azure.com//v2.1/track'
2026-02-18T13:20:36.6659879Z Request method: 'POST'
2026-02-18T13:20:36.6659912Z Request headers:
2026-02-18T13:20:36.6659936Z     'Content-Type': 'application/json'
2026-02-18T13:20:36.6659955Z     'Content-Length': '3719'
2026-02-18T13:20:36.6659974Z     'Accept': 'application/json'
2026-02-18T13:20:36.6659997Z     'x-ms-client-request-id': '9cad38f2-0ccc-11f1-b119-96dd9b170a45'
2026-02-18T13:20:36.6660029Z     'User-Agent': 'azsdk-python-azuremonitorclient/unknown Python/3.11.14 (Linux-6.6.119.3-1.azl3-x86_64-with-glibc2.31)'
2026-02-18T13:20:36.6660107Z A body is sent with the request
2026-02-18T13:20:36.7363748Z 2026-02-18 13:20:36,736 - azure.core.pipeline.policies.http_logging_policy - INFO - Response status: 200
2026-02-18T13:20:36.7365265Z Response headers:
2026-02-18T13:20:36.7365309Z     'Transfer-Encoding': 'chunked'
2026-02-18T13:20:36.7365337Z     'Content-Type': 'application/json; charset=utf-8'
2026-02-18T13:20:36.7365359Z     'Server': 'Microsoft-HTTPAPI/2.0'
2026-02-18T13:20:36.7365381Z     'Strict-Transport-Security': 'REDACTED'
2026-02-18T13:20:36.7365404Z     'X-Content-Type-Options': 'REDACTED'
2026-02-18T13:20:36.7365425Z     'Date': 'Wed, 18 Feb 2026 13:20:36 GMT'
2026-02-18T13:20:36.7370712Z 2026-02-18 13:20:36,736 - azure.monitor.opentelemetry.exporter.export._base - INFO - Transmission succeeded: Item received: 3. Items accepted: 3
2026-02-18T13:20:40.1796107Z 2026-02-18 13:20:40,179 - azure.core.pipeline.policies.http_logging_policy - INFO - Request URL: 'https://westus2-2.in.applicationinsights.azure.com//v2.1/track'
2026-02-18T13:20:40.1796687Z Request method: 'POST'
2026-02-18T13:20:40.1796722Z Request headers:
2026-02-18T13:20:40.1796752Z     'Content-Type': 'application/json'
2026-02-18T13:20:40.1796772Z     'Content-Length': '3720'
2026-02-18T13:20:40.1796793Z     'Accept': 'application/json'
2026-02-18T13:20:40.1796818Z     'x-ms-client-request-id': '9ec55e30-0ccc-11f1-9d9d-96dd9b170a45'
2026-02-18T13:20:40.1796850Z     'User-Agent': 'azsdk-python-azuremonitorclient/unknown Python/3.11.14 (Linux-6.6.119.3-1.azl3-x86_64-with-glibc2.31)'
2026-02-18T13:20:40.1796877Z A body is sent with the request
2026-02-18T13:20:40.3382727Z 2026-02-18 13:20:40,338 - azure.core.pipeline.policies.http_logging_policy - INFO - Response status: 200
2026-02-18T13:20:40.3383156Z Response headers:
2026-02-18T13:20:40.3383188Z     'Transfer-Encoding': 'chunked'
2026-02-18T13:20:40.3383208Z     'Content-Type': 'application/json; charset=utf-8'
2026-02-18T13:20:40.3383227Z     'Server': 'Microsoft-HTTPAPI/2.0'
2026-02-18T13:20:40.3383246Z     'Strict-Transport-Security': 'REDACTED'
2026-02-18T13:20:40.3383264Z     'X-Content-Type-Options': 'REDACTED'
2026-02-18T13:20:40.3383285Z     'Date': 'Wed, 18 Feb 2026 13:20:39 GMT'
2026-02-18T13:20:40.3388350Z 2026-02-18 13:20:40,338 - azure.monitor.opentelemetry.exporter.export._base - INFO - Transmission succeeded: Item received: 3. Items accepted: 3
2026-02-18T13:20:41.7391643Z 2026-02-18 13:20:41,738 - azure.core.pipeline.policies.http_logging_policy - INFO - Request URL: 'https://westus2-2.in.applicationinsights.azure.com//v2.1/track'
2026-02-18T13:20:41.7392934Z Request method: 'POST'
2026-02-18T13:20:41.7393042Z Request headers:
2026-02-18T13:20:41.7393062Z     'Content-Type': 'application/json'
2026-02-18T13:20:41.7393079Z     'Content-Length': '3720'
2026-02-18T13:20:41.7393095Z     'Accept': 'application/json'
2026-02-18T13:20:41.7393114Z     'x-ms-client-request-id': '9fb34e4c-0ccc-11f1-b119-96dd9b170a45'
2026-02-18T13:20:41.7393135Z     'User-Agent': 'azsdk-python-azuremonitorclient/unknown Python/3.11.14 (Linux-6.6.119.3-1.azl3-x86_64-with-glibc2.31)'
2026-02-18T13:20:41.7393154Z A body is sent with the request
2026-02-18T13:20:41.8486065Z 2026-02-18 13:20:41,848 - azure.core.pipeline.policies.http_logging_policy - INFO - Response status: 200
2026-02-18T13:20:41.8486458Z Response headers:
2026-02-18T13:20:41.8486489Z     'Transfer-Encoding': 'chunked'
2026-02-18T13:20:41.8486514Z     'Content-Type': 'application/json; charset=utf-8'
2026-02-18T13:20:41.8486597Z     'Server': 'Microsoft-HTTPAPI/2.0'
2026-02-18T13:20:41.8486618Z     'Strict-Transport-Security': 'REDACTED'
2026-02-18T13:20:41.8486638Z     'X-Content-Type-Options': 'REDACTED'
2026-02-18T13:20:41.8486657Z     'Date': 'Wed, 18 Feb 2026 13:20:41 GMT'
2026-02-18T13:20:41.8494488Z 2026-02-18 13:20:41,848 - azure.monitor.opentelemetry.exporter.export._base - INFO - Transmission succeeded: Item received: 3. Items accepted: 3
2026-02-18T13:20:45.3404564Z 2026-02-18 13:20:45,340 - azure.core.pipeline.policies.http_logging_policy - INFO - Request URL: 'https://westus2-2.in.applicationinsights.azure.com//v2.1/track'
2026-02-18T13:20:45.3404961Z Request method: 'POST'
2026-02-18T13:20:45.3404992Z Request headers:
2026-02-18T13:20:45.3405021Z     'Content-Type': 'application/json'
2026-02-18T13:20:45.3405043Z     'Content-Length': '3720'
2026-02-18T13:20:45.3405124Z     'Accept': 'application/json'
2026-02-18T13:20:45.3405147Z     'x-ms-client-request-id': 'a1d8d0e8-0ccc-11f1-9d9d-96dd9b170a45'
2026-02-18T13:20:45.3405173Z     'User-Agent': 'azsdk-python-azuremonitorclient/unknown Python/3.11.14 (Linux-6.6.119.3-1.azl3-x86_64-with-glibc2.31)'
2026-02-18T13:20:45.3405193Z A body is sent with the request
2026-02-18T13:20:45.6593391Z 2026-02-18 13:20:45,659 - azure.core.pipeline.policies.http_logging_policy - INFO - Response status: 200
2026-02-18T13:20:45.6593786Z Response headers:
2026-02-18T13:20:45.6593816Z     'Transfer-Encoding': 'chunked'
2026-02-18T13:20:45.6593843Z     'Content-Type': 'application/json; charset=utf-8'
2026-02-18T13:20:45.6593867Z     'Server': 'Microsoft-HTTPAPI/2.0'
2026-02-18T13:20:45.6593890Z     'Strict-Transport-Security': 'REDACTED'
2026-02-18T13:20:45.6593968Z     'X-Content-Type-Options': 'REDACTED'
2026-02-18T13:20:45.6593991Z     'Date': 'Wed, 18 Feb 2026 13:20:44 GMT'
2026-02-18T13:20:45.6597013Z 2026-02-18 13:20:45,659 - azure.monitor.opentelemetry.exporter.export._base - INFO - Transmission succeeded: Item received: 3. Items accepted: 3
2026-02-18T13:20:46.8507700Z 2026-02-18 13:20:46,850 - azure.core.pipeline.policies.http_logging_policy - INFO - Request URL: 'https://westus2-2.in.applicationinsights.azure.com//v2.1/track'
2026-02-18T13:20:46.8508111Z Request method: 'POST'
2026-02-18T13:20:46.8508143Z Request headers:
2026-02-18T13:20:46.8508169Z     'Content-Type': 'application/json'
2026-02-18T13:20:46.8508198Z     'Content-Length': '3720'
2026-02-18T13:20:46.8508221Z     'Accept': 'application/json'
2026-02-18T13:20:46.8508246Z     'x-ms-client-request-id': 'a2bf4d2a-0ccc-11f1-b119-96dd9b170a45'
2026-02-18T13:20:46.8508348Z     'User-Agent': 'azsdk-python-azuremonitorclient/unknown Python/3.11.14 (Linux-6.6.119.3-1.azl3-x86_64-with-glibc2.31)'
2026-02-18T13:20:46.8508373Z A body is sent with the request
2026-02-18T13:20:47.1423300Z 2026-02-18 13:20:47,142 - azure.core.pipeline.policies.http_logging_policy - INFO - Response status: 200
2026-02-18T13:20:47.1423571Z Response headers:
2026-02-18T13:20:47.1423606Z     'Transfer-Encoding': 'chunked'
2026-02-18T13:20:47.1423627Z     'Content-Type': 'application/json; charset=utf-8'
2026-02-18T13:20:47.1423647Z     'Server': 'Microsoft-HTTPAPI/2.0'
2026-02-18T13:20:47.1423835Z     'Strict-Transport-Security': 'REDACTED'
2026-02-18T13:20:47.1423856Z     'X-Content-Type-Options': 'REDACTED'
2026-02-18T13:20:47.1423875Z     'Date': 'Wed, 18 Feb 2026 13:20:46 GMT'
2026-02-18T13:20:47.1427892Z 2026-02-18 13:20:47,142 - azure.monitor.opentelemetry.exporter.export._base - INFO - Transmission succeeded: Item received: 3. Items accepted: 3
2026-02-18T13:20:50.6617697Z 2026-02-18 13:20:50,661 - azure.core.pipeline.policies.http_logging_policy - INFO - Request URL: 'https://westus2-2.in.applicationinsights.azure.com//v2.1/track'
2026-02-18T13:20:50.6618118Z Request method: 'POST'
2026-02-18T13:20:50.6618150Z Request headers:
2026-02-18T13:20:50.6618172Z     'Content-Type': 'application/json'
2026-02-18T13:20:50.6618192Z     'Content-Length': '3717'
2026-02-18T13:20:50.6618214Z     'Accept': 'application/json'
2026-02-18T13:20:50.6618240Z     'x-ms-client-request-id': 'a504d24e-0ccc-11f1-9d9d-96dd9b170a45'
2026-02-18T13:20:50.6618265Z     'User-Agent': 'azsdk-python-azuremonitorclient/unknown Python/3.11.14 (Linux-6.6.119.3-1.azl3-x86_64-with-glibc2.31)'
2026-02-18T13:20:50.6618283Z A body is sent with the request
2026-02-18T13:20:50.7503337Z 2026-02-18 13:20:50,750 - azure.core.pipeline.policies.http_logging_policy - INFO - Response status: 200
2026-02-18T13:20:50.7503702Z Response headers:
2026-02-18T13:20:50.7503729Z     'Transfer-Encoding': 'chunked'
2026-02-18T13:20:50.7503747Z     'Content-Type': 'application/json; charset=utf-8'
2026-02-18T13:20:50.7503768Z     'Server': 'Microsoft-HTTPAPI/2.0'
2026-02-18T13:20:50.7503789Z     'Strict-Transport-Security': 'REDACTED'
2026-02-18T13:20:50.7503808Z     'X-Content-Type-Options': 'REDACTED'
2026-02-18T13:20:50.7503831Z     'Date': 'Wed, 18 Feb 2026 13:20:49 GMT'
2026-02-18T13:20:50.7510197Z 2026-02-18 13:20:50,750 - azure.monitor.opentelemetry.exporter.export._base - INFO - Transmission succeeded: Item received: 3. Items accepted: 3
2026-02-18T13:20:52.1451045Z 2026-02-18 13:20:52,144 - azure.core.pipeline.policies.http_logging_policy - INFO - Request URL: 'https://westus2-2.in.applicationinsights.azure.com//v2.1/track'
2026-02-18T13:20:52.1451359Z Request method: 'POST'
2026-02-18T13:20:52.1451384Z Request headers:
2026-02-18T13:20:52.1451407Z     'Content-Type': 'application/json'
2026-02-18T13:20:52.1451428Z     'Content-Length': '3719'
2026-02-18T13:20:52.1451448Z     'Accept': 'application/json'
2026-02-18T13:20:52.1451469Z     'x-ms-client-request-id': 'a5e72874-0ccc-11f1-b119-96dd9b170a45'
2026-02-18T13:20:52.1451495Z     'User-Agent': 'azsdk-python-azuremonitorclient/unknown Python/3.11.14 (Linux-6.6.119.3-1.azl3-x86_64-with-glibc2.31)'
2026-02-18T13:20:52.1451518Z A body is sent with the request
2026-02-18T13:20:52.3219843Z 2026-02-18 13:20:52,321 - azure.core.pipeline.policies.http_logging_policy - INFO - Response status: 200
2026-02-18T13:20:52.3220186Z Response headers:
2026-02-18T13:20:52.3220215Z     'Transfer-Encoding': 'chunked'
2026-02-18T13:20:52.3220274Z     'Content-Type': 'application/json; charset=utf-8'
2026-02-18T13:20:52.3220294Z     'Server': 'Microsoft-HTTPAPI/2.0'
2026-02-18T13:20:52.3220315Z     'Strict-Transport-Security': 'REDACTED'
2026-02-18T13:20:52.3220335Z     'X-Content-Type-Options': 'REDACTED'
2026-02-18T13:20:52.3220356Z     'Date': 'Wed, 18 Feb 2026 13:20:51 GMT'
2026-02-18T13:20:52.3226244Z 2026-02-18 13:20:52,322 - azure.monitor.opentelemetry.exporter.export._base - INFO - Transmission succeeded: Item received: 3. Items accepted: 3
2026-02-18T13:20:55.7522834Z 2026-02-18 13:20:55,752 - azure.core.pipeline.policies.http_logging_policy - INFO - Request URL: 'https://westus2-2.in.applicationinsights.azure.com//v2.1/track'
2026-02-18T13:20:55.7523568Z Request method: 'POST'
2026-02-18T13:20:55.7523597Z Request headers:
2026-02-18T13:20:55.7523680Z     'Content-Type': 'application/json'
2026-02-18T13:20:55.7523702Z     'Content-Length': '3719'
2026-02-18T13:20:55.7523721Z     'Accept': 'application/json'
2026-02-18T13:20:55.7523744Z     'x-ms-client-request-id': 'a80d91c4-0ccc-11f1-9d9d-96dd9b170a45'
2026-02-18T13:20:55.7523765Z     'User-Agent': 'azsdk-python-azuremonitorclient/unknown Python/3.11.14 (Linux-6.6.119.3-1.azl3-x86_64-with-glibc2.31)'
2026-02-18T13:20:55.7523782Z A body is sent with the request
2026-02-18T13:20:56.1395163Z 2026-02-18 13:20:56,139 - azure.core.pipeline.policies.http_logging_policy - INFO - Response status: 200
2026-02-18T13:20:56.1395573Z Response headers:
2026-02-18T13:20:56.1395602Z     'Transfer-Encoding': 'chunked'
2026-02-18T13:20:56.1395623Z     'Content-Type': 'application/json; charset=utf-8'
2026-02-18T13:20:56.1395641Z     'Server': 'Microsoft-HTTPAPI/2.0'
2026-02-18T13:20:56.1395723Z     'Strict-Transport-Security': 'REDACTED'
2026-02-18T13:20:56.1395744Z     'X-Content-Type-Options': 'REDACTED'
2026-02-18T13:20:56.1395762Z     'Date': 'Wed, 18 Feb 2026 13:20:56 GMT'
2026-02-18T13:20:56.1402400Z 2026-02-18 13:20:56,139 - azure.monitor.opentelemetry.exporter.export._base - INFO - Transmission succeeded: Item received: 3. Items accepted: 3
2026-02-18T13:20:57.3245813Z 2026-02-18 13:20:57,324 - azure.core.pipeline.policies.http_logging_policy - INFO - Request URL: 'https://westus2-2.in.applicationinsights.azure.com//v2.1/track'
2026-02-18T13:20:57.3246168Z Request method: 'POST'
2026-02-18T13:20:57.3246194Z Request headers:
2026-02-18T13:20:57.3246214Z     'Content-Type': 'application/json'
2026-02-18T13:20:57.3246234Z     'Content-Length': '3720'
2026-02-18T13:20:57.3246254Z     'Accept': 'application/json'
2026-02-18T13:20:57.3246339Z     'x-ms-client-request-id': 'a8fd7982-0ccc-11f1-b119-96dd9b170a45'
2026-02-18T13:20:57.3246369Z     'User-Agent': 'azsdk-python-azuremonitorclient/unknown Python/3.11.14 (Linux-6.6.119.3-1.azl3-x86_64-with-glibc2.31)'
2026-02-18T13:20:57.3246392Z A body is sent with the request
2026-02-18T13:20:57.4758221Z 2026-02-18 13:20:57,475 - azure.core.pipeline.policies.http_logging_policy - INFO - Response status: 200
2026-02-18T13:20:57.4758960Z Response headers:
2026-02-18T13:20:57.4758999Z     'Transfer-Encoding': 'chunked'
2026-02-18T13:20:57.4759022Z     'Content-Type': 'application/json; charset=utf-8'
2026-02-18T13:20:57.4759044Z     'Server': 'Microsoft-HTTPAPI/2.0'
2026-02-18T13:20:57.4759069Z     'Strict-Transport-Security': 'REDACTED'
2026-02-18T13:20:57.4759096Z     'X-Content-Type-Options': 'REDACTED'
2026-02-18T13:20:57.4759122Z     'Date': 'Wed, 18 Feb 2026 13:20:56 GMT'
2026-02-18T13:20:57.4766598Z 2026-02-18 13:20:57,476 - azure.monitor.opentelemetry.exporter.export._base - INFO - Transmission succeeded: Item received: 3. Items accepted: 3
2026-02-18T13:21:01.1416898Z 2026-02-18 13:21:01,141 - azure.core.pipeline.policies.http_logging_policy - INFO - Request URL: 'https://westus2-2.in.applicationinsights.azure.com//v2.1/track'
2026-02-18T13:21:01.1417242Z Request method: 'POST'
2026-02-18T13:21:01.1417267Z Request headers:
2026-02-18T13:21:01.1417292Z     'Content-Type': 'application/json'
2026-02-18T13:21:01.1417311Z     'Content-Length': '3720'
2026-02-18T13:21:01.1417331Z     'Accept': 'application/json'
2026-02-18T13:21:01.1417353Z     'x-ms-client-request-id': 'ab43eec4-0ccc-11f1-9d9d-96dd9b170a45'
2026-02-18T13:21:01.1417386Z     'User-Agent': 'azsdk-python-azuremonitorclient/unknown Python/3.11.14 (Linux-6.6.119.3-1.azl3-x86_64-with-glibc2.31)'
2026-02-18T13:21:01.1417461Z A body is sent with the request
2026-02-18T13:21:01.2473437Z 2026-02-18 13:21:01,247 - azure.core.pipeline.policies.http_logging_policy - INFO - Response status: 200
2026-02-18T13:21:01.2474128Z Response headers:
2026-02-18T13:21:01.2474160Z     'Transfer-Encoding': 'chunked'
2026-02-18T13:21:01.2474182Z     'Content-Type': 'application/json; charset=utf-8'
2026-02-18T13:21:01.2474201Z     'Server': 'Microsoft-HTTPAPI/2.0'
2026-02-18T13:21:01.2474221Z     'Strict-Transport-Security': 'REDACTED'
2026-02-18T13:21:01.2474243Z     'X-Content-Type-Options': 'REDACTED'
2026-02-18T13:21:01.2474264Z     'Date': 'Wed, 18 Feb 2026 13:21:01 GMT'
2026-02-18T13:21:01.2480017Z 2026-02-18 13:21:01,247 - azure.monitor.opentelemetry.exporter.export._base - INFO - Transmission succeeded: Item received: 3. Items accepted: 3
2026-02-18T13:21:02.4793649Z 2026-02-18 13:21:02,478 - azure.core.pipeline.policies.http_logging_policy - INFO - Request URL: 'https://westus2-2.in.applicationinsights.azure.com//v2.1/track'
2026-02-18T13:21:02.4796021Z Request method: 'POST'
2026-02-18T13:21:02.4796090Z Request headers:
2026-02-18T13:21:02.4796117Z     'Content-Type': 'application/json'
2026-02-18T13:21:02.4796136Z     'Content-Length': '3719'
2026-02-18T13:21:02.4796156Z     'Accept': 'application/json'
2026-02-18T13:21:02.4796182Z     'x-ms-client-request-id': 'ac0fe114-0ccc-11f1-b119-96dd9b170a45'
2026-02-18T13:21:02.4796206Z     'User-Agent': 'azsdk-python-azuremonitorclient/unknown Python/3.11.14 (Linux-6.6.119.3-1.azl3-x86_64-with-glibc2.31)'
2026-02-18T13:21:02.4796291Z A body is sent with the request
2026-02-18T13:21:02.5674125Z 2026-02-18 13:21:02,567 - azure.core.pipeline.policies.http_logging_policy - INFO - Response status: 200
2026-02-18T13:21:02.5674527Z Response headers:
2026-02-18T13:21:02.5674556Z     'Transfer-Encoding': 'chunked'
2026-02-18T13:21:02.5674579Z     'Content-Type': 'application/json; charset=utf-8'
2026-02-18T13:21:02.5674599Z     'Server': 'Microsoft-HTTPAPI/2.0'
2026-02-18T13:21:02.5674620Z     'Strict-Transport-Security': 'REDACTED'
2026-02-18T13:21:02.5674644Z     'X-Content-Type-Options': 'REDACTED'
2026-02-18T13:21:02.5674668Z     'Date': 'Wed, 18 Feb 2026 13:21:02 GMT'
2026-02-18T13:21:02.5682038Z 2026-02-18 13:21:02,567 - azure.monitor.opentelemetry.exporter.export._base - INFO - Transmission succeeded: Item received: 3. Items accepted: 3
2026-02-18T13:21:06.2498732Z 2026-02-18 13:21:06,249 - azure.core.pipeline.policies.http_logging_policy - INFO - Request URL: 'https://westus2-2.in.applicationinsights.azure.com//v2.1/track'
2026-02-18T13:21:06.2499107Z Request method: 'POST'
2026-02-18T13:21:06.2499134Z Request headers:
2026-02-18T13:21:06.2499156Z     'Content-Type': 'application/json'
2026-02-18T13:21:06.2499175Z     'Content-Length': '3720'
2026-02-18T13:21:06.2499196Z     'Accept': 'application/json'
2026-02-18T13:21:06.2499218Z     'x-ms-client-request-id': 'ae4f5e50-0ccc-11f1-9d9d-96dd9b170a45'
2026-02-18T13:21:06.2499245Z     'User-Agent': 'azsdk-python-azuremonitorclient/unknown Python/3.11.14 (Linux-6.6.119.3-1.azl3-x86_64-with-glibc2.31)'
2026-02-18T13:21:06.2499265Z A body is sent with the request
2026-02-18T13:21:06.3536286Z 2026-02-18 13:21:06,353 - azure.core.pipeline.policies.http_logging_policy - INFO - Response status: 200
2026-02-18T13:21:06.3536808Z Response headers:
2026-02-18T13:21:06.3536843Z     'Transfer-Encoding': 'chunked'
2026-02-18T13:21:06.3536863Z     'Content-Type': 'application/json; charset=utf-8'
2026-02-18T13:21:06.3536883Z     'Server': 'Microsoft-HTTPAPI/2.0'
2026-02-18T13:21:06.3536902Z     'Strict-Transport-Security': 'REDACTED'
2026-02-18T13:21:06.3536921Z     'X-Content-Type-Options': 'REDACTED'
2026-02-18T13:21:06.3536940Z     'Date': 'Wed, 18 Feb 2026 13:21:06 GMT'
2026-02-18T13:21:06.3541957Z 2026-02-18 13:21:06,353 - azure.monitor.opentelemetry.exporter.export._base - INFO - Transmission succeeded: Item received: 3. Items accepted: 3
2026-02-18T13:21:07.5701561Z 2026-02-18 13:21:07,569 - azure.core.pipeline.policies.http_logging_policy - INFO - Request URL: 'https://westus2-2.in.applicationinsights.azure.com//v2.1/track'
2026-02-18T13:21:07.5701995Z Request method: 'POST'
2026-02-18T13:21:07.5702093Z Request headers:
2026-02-18T13:21:07.5702125Z     'Content-Type': 'application/json'
2026-02-18T13:21:07.5702151Z     'Content-Length': '3720'
2026-02-18T13:21:07.5702175Z     'Accept': 'application/json'
2026-02-18T13:21:07.5702200Z     'x-ms-client-request-id': 'af18d4d8-0ccc-11f1-b119-96dd9b170a45'
2026-02-18T13:21:07.5702227Z     'User-Agent': 'azsdk-python-azuremonitorclient/unknown Python/3.11.14 (Linux-6.6.119.3-1.azl3-x86_64-with-glibc2.31)'
2026-02-18T13:21:07.5702252Z A body is sent with the request
2026-02-18T13:21:07.7670425Z 2026-02-18 13:21:07,766 - azure.core.pipeline.policies.http_logging_policy - INFO - Response status: 200
2026-02-18T13:21:07.7670833Z Response headers:
2026-02-18T13:21:07.7670861Z     'Transfer-Encoding': 'chunked'
2026-02-18T13:21:07.7670882Z     'Content-Type': 'application/json; charset=utf-8'
2026-02-18T13:21:07.7670969Z     'Server': 'Microsoft-HTTPAPI/2.0'
2026-02-18T13:21:07.7670988Z     'Strict-Transport-Security': 'REDACTED'
2026-02-18T13:21:07.7671007Z     'X-Content-Type-Options': 'REDACTED'
2026-02-18T13:21:07.7671025Z     'Date': 'Wed, 18 Feb 2026 13:21:07 GMT'
2026-02-18T13:21:07.7673782Z 2026-02-18 13:21:07,767 - azure.monitor.opentelemetry.exporter.export._base - INFO - Transmission succeeded: Item received: 3. Items accepted: 3
2026-02-18T13:21:11.3559097Z 2026-02-18 13:21:11,355 - azure.core.pipeline.policies.http_logging_policy - INFO - Request URL: 'https://westus2-2.in.applicationinsights.azure.com//v2.1/track'
2026-02-18T13:21:11.3559500Z Request method: 'POST'
2026-02-18T13:21:11.3559533Z Request headers:
2026-02-18T13:21:11.3559557Z     'Content-Type': 'application/json'
2026-02-18T13:21:11.3559582Z     'Content-Length': '3720'
2026-02-18T13:21:11.3559659Z     'Accept': 'application/json'
2026-02-18T13:21:11.3559681Z     'x-ms-client-request-id': 'b15a7bc0-0ccc-11f1-9d9d-96dd9b170a45'
2026-02-18T13:21:11.3559704Z     'User-Agent': 'azsdk-python-azuremonitorclient/unknown Python/3.11.14 (Linux-6.6.119.3-1.azl3-x86_64-with-glibc2.31)'
2026-02-18T13:21:11.3559725Z A body is sent with the request
2026-02-18T13:21:11.4409453Z 2026-02-18 13:21:11,440 - azure.core.pipeline.policies.http_logging_policy - INFO - Response status: 200
2026-02-18T13:21:11.4409810Z Response headers:
2026-02-18T13:21:11.4409835Z     'Transfer-Encoding': 'chunked'
2026-02-18T13:21:11.4409860Z     'Content-Type': 'application/json; charset=utf-8'
2026-02-18T13:21:11.4409881Z     'Server': 'Microsoft-HTTPAPI/2.0'
2026-02-18T13:21:11.4409903Z     'Strict-Transport-Security': 'REDACTED'
2026-02-18T13:21:11.4409966Z     'X-Content-Type-Options': 'REDACTED'
2026-02-18T13:21:11.4409991Z     'Date': 'Wed, 18 Feb 2026 13:21:11 GMT'
2026-02-18T13:21:11.4414358Z 2026-02-18 13:21:11,441 - azure.monitor.opentelemetry.exporter.export._base - INFO - Transmission succeeded: Item received: 3. Items accepted: 3
2026-02-18T13:21:12.7693104Z 2026-02-18 13:21:12,769 - azure.core.pipeline.policies.http_logging_policy - INFO - Request URL: 'https://westus2-2.in.applicationinsights.azure.com//v2.1/track'
2026-02-18T13:21:12.7693488Z Request method: 'POST'
2026-02-18T13:21:12.7693518Z Request headers:
2026-02-18T13:21:12.7693542Z     'Content-Type': 'application/json'
2026-02-18T13:21:12.7693565Z     'Content-Length': '3719'
2026-02-18T13:21:12.7693587Z     'Accept': 'application/json'
2026-02-18T13:21:12.7693615Z     'x-ms-client-request-id': 'b2322a48-0ccc-11f1-b119-96dd9b170a45'
2026-02-18T13:21:12.7693703Z     'User-Agent': 'azsdk-python-azuremonitorclient/unknown Python/3.11.14 (Linux-6.6.119.3-1.azl3-x86_64-with-glibc2.31)'
2026-02-18T13:21:12.7693725Z A body is sent with the request
2026-02-18T13:21:12.8660699Z 2026-02-18 13:21:12,865 - azure.core.pipeline.policies.http_logging_policy - INFO - Response status: 200
2026-02-18T13:21:12.8661127Z Response headers:
2026-02-18T13:21:12.8661161Z     'Transfer-Encoding': 'chunked'
2026-02-18T13:21:12.8661191Z     'Content-Type': 'application/json; charset=utf-8'
2026-02-18T13:21:12.8661215Z     'Server': 'Microsoft-HTTPAPI/2.0'
2026-02-18T13:21:12.8661241Z     'Strict-Transport-Security': 'REDACTED'
2026-02-18T13:21:12.8661265Z     'X-Content-Type-Options': 'REDACTED'
2026-02-18T13:21:12.8661289Z     'Date': 'Wed, 18 Feb 2026 13:21:12 GMT'
2026-02-18T13:21:12.8667141Z 2026-02-18 13:21:12,866 - azure.monitor.opentelemetry.exporter.export._base - INFO - Transmission succeeded: Item received: 3. Items accepted: 3
2026-02-18T13:21:16.4429562Z 2026-02-18 13:21:16,442 - azure.core.pipeline.policies.http_logging_policy - INFO - Request URL: 'https://westus2-2.in.applicationinsights.azure.com//v2.1/track'
2026-02-18T13:21:16.4429918Z Request method: 'POST'
2026-02-18T13:21:16.4429943Z Request headers:
2026-02-18T13:21:16.4429963Z     'Content-Type': 'application/json'
2026-02-18T13:21:16.4429982Z     'Content-Length': '3720'
2026-02-18T13:21:16.4430003Z     'Accept': 'application/json'
2026-02-18T13:21:16.4430028Z     'x-ms-client-request-id': 'b462b63e-0ccc-11f1-9d9d-96dd9b170a45'
2026-02-18T13:21:16.4430054Z     'User-Agent': 'azsdk-python-azuremonitorclient/unknown Python/3.11.14 (Linux-6.6.119.3-1.azl3-x86_64-with-glibc2.31)'
2026-02-18T13:21:16.4430076Z A body is sent with the request
2026-02-18T13:21:16.5729929Z 2026-02-18 13:21:16,572 - azure.core.pipeline.policies.http_logging_policy - INFO - Response status: 200
2026-02-18T13:21:16.5730316Z Response headers:
2026-02-18T13:21:16.5730349Z     'Transfer-Encoding': 'chunked'
2026-02-18T13:21:16.5730371Z     'Content-Type': 'application/json; charset=utf-8'
2026-02-18T13:21:16.5730392Z     'Server': 'Microsoft-HTTPAPI/2.0'
2026-02-18T13:21:16.5730413Z     'Strict-Transport-Security': 'REDACTED'
2026-02-18T13:21:16.5730433Z     'X-Content-Type-Options': 'REDACTED'
2026-02-18T13:21:16.5730454Z     'Date': 'Wed, 18 Feb 2026 13:21:16 GMT'
2026-02-18T13:21:16.5736957Z 2026-02-18 13:21:16,573 - azure.monitor.opentelemetry.exporter.export._base - INFO - Transmission succeeded: Item received: 3. Items accepted: 3
2026-02-18T13:21:17.8681632Z 2026-02-18 13:21:17,867 - azure.core.pipeline.policies.http_logging_policy - INFO - Request URL: 'https://westus2-2.in.applicationinsights.azure.com//v2.1/track'
2026-02-18T13:21:17.8682086Z Request method: 'POST'
2026-02-18T13:21:17.8682113Z Request headers:
2026-02-18T13:21:17.8682134Z     'Content-Type': 'application/json'
2026-02-18T13:21:17.8682153Z     'Content-Length': '3720'
2026-02-18T13:21:17.8682173Z     'Accept': 'application/json'
2026-02-18T13:21:17.8682194Z     'x-ms-client-request-id': 'b53c304e-0ccc-11f1-b119-96dd9b170a45'
2026-02-18T13:21:17.8682219Z     'User-Agent': 'azsdk-python-azuremonitorclient/unknown Python/3.11.14 (Linux-6.6.119.3-1.azl3-x86_64-with-glibc2.31)'
2026-02-18T13:21:17.8682239Z A body is sent with the request
2026-02-18T13:21:17.9811640Z 2026-02-18 13:21:17,980 - azure.core.pipeline.policies.http_logging_policy - INFO - Response status: 200
2026-02-18T13:21:17.9812063Z Response headers:
2026-02-18T13:21:17.9812097Z     'Transfer-Encoding': 'chunked'
2026-02-18T13:21:17.9812186Z     'Content-Type': 'application/json; charset=utf-8'
2026-02-18T13:21:17.9812207Z     'Server': 'Microsoft-HTTPAPI/2.0'
2026-02-18T13:21:17.9812227Z     'Strict-Transport-Security': 'REDACTED'
2026-02-18T13:21:17.9812248Z     'X-Content-Type-Options': 'REDACTED'
2026-02-18T13:21:17.9812269Z     'Date': 'Wed, 18 Feb 2026 13:21:17 GMT'
2026-02-18T13:21:17.9812296Z 2026-02-18 13:21:17,980 - azure.monitor.opentelemetry.exporter.export._base - INFO - Transmission succeeded: Item received: 3. Items accepted: 3
2026-02-18T13:21:21.5754175Z 2026-02-18 13:21:21,575 - azure.core.pipeline.policies.http_logging_policy - INFO - Request URL: 'https://westus2-2.in.applicationinsights.azure.com//v2.1/track'
2026-02-18T13:21:21.5754560Z Request method: 'POST'
2026-02-18T13:21:21.5754587Z Request headers:
2026-02-18T13:21:21.5754608Z     'Content-Type': 'application/json'
2026-02-18T13:21:21.5754682Z     'Content-Length': '3719'
2026-02-18T13:21:21.5754704Z     'Accept': 'application/json'
2026-02-18T13:21:21.5754726Z     'x-ms-client-request-id': 'b771de04-0ccc-11f1-9d9d-96dd9b170a45'
2026-02-18T13:21:21.5754750Z     'User-Agent': 'azsdk-python-azuremonitorclient/unknown Python/3.11.14 (Linux-6.6.119.3-1.azl3-x86_64-with-glibc2.31)'
2026-02-18T13:21:21.5754773Z A body is sent with the request
2026-02-18T13:21:21.6590804Z 2026-02-18 13:21:21,658 - azure.core.pipeline.policies.http_logging_policy - INFO - Response status: 200
2026-02-18T13:21:21.6591146Z Response headers:
2026-02-18T13:21:21.6591176Z     'Transfer-Encoding': 'chunked'
2026-02-18T13:21:21.6591197Z     'Content-Type': 'application/json; charset=utf-8'
2026-02-18T13:21:21.6591216Z     'Server': 'Microsoft-HTTPAPI/2.0'
2026-02-18T13:21:21.6591301Z     'Strict-Transport-Security': 'REDACTED'
2026-02-18T13:21:21.6591322Z     'X-Content-Type-Options': 'REDACTED'
2026-02-18T13:21:21.6591341Z     'Date': 'Wed, 18 Feb 2026 13:21:21 GMT'
2026-02-18T13:21:21.6597043Z 2026-02-18 13:21:21,659 - azure.monitor.opentelemetry.exporter.export._base - INFO - Transmission succeeded: Item received: 3. Items accepted: 3
2026-02-18T13:21:22.9829256Z 2026-02-18 13:21:22,982 - azure.core.pipeline.policies.http_logging_policy - INFO - Request URL: 'https://westus2-2.in.applicationinsights.azure.com//v2.1/track'
2026-02-18T13:21:22.9829758Z Request method: 'POST'
2026-02-18T13:21:22.9829786Z Request headers:
2026-02-18T13:21:22.9829808Z     'Content-Type': 'application/json'
2026-02-18T13:21:22.9829830Z     'Content-Length': '3720'
2026-02-18T13:21:22.9829847Z     'Accept': 'application/json'
2026-02-18T13:21:22.9829934Z     'x-ms-client-request-id': 'b848a164-0ccc-11f1-b119-96dd9b170a45'
2026-02-18T13:21:22.9829958Z     'User-Agent': 'azsdk-python-azuremonitorclient/unknown Python/3.11.14 (Linux-6.6.119.3-1.azl3-x86_64-with-glibc2.31)'
2026-02-18T13:21:22.9829976Z A body is sent with the request
2026-02-18T13:21:23.1037213Z 2026-02-18 13:21:23,103 - azure.core.pipeline.policies.http_logging_policy - INFO - Response status: 200
2026-02-18T13:21:23.1037670Z Response headers:
2026-02-18T13:21:23.1037702Z     'Transfer-Encoding': 'chunked'
2026-02-18T13:21:23.1037729Z     'Content-Type': 'application/json; charset=utf-8'
2026-02-18T13:21:23.1037756Z     'Server': 'Microsoft-HTTPAPI/2.0'
2026-02-18T13:21:23.1037787Z     'Strict-Transport-Security': 'REDACTED'
2026-02-18T13:21:23.1037818Z     'X-Content-Type-Options': 'REDACTED'
2026-02-18T13:21:23.1037842Z     'Date': 'Wed, 18 Feb 2026 13:21:22 GMT'
2026-02-18T13:21:23.1045758Z 2026-02-18 13:21:23,103 - azure.monitor.opentelemetry.exporter.export._base - INFO - Transmission succeeded: Item received: 3. Items accepted: 3
2026-02-18T13:21:26.6613646Z 2026-02-18 13:21:26,661 - azure.core.pipeline.policies.http_logging_policy - INFO - Request URL: 'https://westus2-2.in.applicationinsights.azure.com//v2.1/track'
2026-02-18T13:21:26.6614157Z Request method: 'POST'
2026-02-18T13:21:26.6614190Z Request headers:
2026-02-18T13:21:26.6614211Z     'Content-Type': 'application/json'
2026-02-18T13:21:26.6614235Z     'Content-Length': '3720'
2026-02-18T13:21:26.6614259Z     'Accept': 'application/json'
2026-02-18T13:21:26.6614282Z     'x-ms-client-request-id': 'ba79ee0c-0ccc-11f1-9d9d-96dd9b170a45'
2026-02-18T13:21:26.6614312Z     'User-Agent': 'azsdk-python-azuremonitorclient/unknown Python/3.11.14 (Linux-6.6.119.3-1.azl3-x86_64-with-glibc2.31)'
2026-02-18T13:21:26.6614331Z A body is sent with the request
2026-02-18T13:21:26.7748411Z 2026-02-18 13:21:26,774 - azure.core.pipeline.policies.http_logging_policy - INFO - Response status: 200
2026-02-18T13:21:26.7748805Z Response headers:
2026-02-18T13:21:26.7748833Z     'Transfer-Encoding': 'chunked'
2026-02-18T13:21:26.7748854Z     'Content-Type': 'application/json; charset=utf-8'
2026-02-18T13:21:26.7748872Z     'Server': 'Microsoft-HTTPAPI/2.0'
2026-02-18T13:21:26.7748889Z     'Strict-Transport-Security': 'REDACTED'
2026-02-18T13:21:26.7748908Z     'X-Content-Type-Options': 'REDACTED'
2026-02-18T13:21:26.7748929Z     'Date': 'Wed, 18 Feb 2026 13:21:26 GMT'
2026-02-18T13:21:26.7756198Z 2026-02-18 13:21:26,775 - azure.monitor.opentelemetry.exporter.export._base - INFO - Transmission succeeded: Item received: 3. Items accepted: 3
2026-02-18T13:21:28.1060657Z 2026-02-18 13:21:28,105 - azure.core.pipeline.policies.http_logging_policy - INFO - Request URL: 'https://westus2-2.in.applicationinsights.azure.com//v2.1/track'
2026-02-18T13:21:28.1061057Z Request method: 'POST'
2026-02-18T13:21:28.1061083Z Request headers:
2026-02-18T13:21:28.1061103Z     'Content-Type': 'application/json'
2026-02-18T13:21:28.1061123Z     'Content-Length': '3720'
2026-02-18T13:21:28.1061141Z     'Accept': 'application/json'
2026-02-18T13:21:28.1061161Z     'x-ms-client-request-id': 'bb565e64-0ccc-11f1-b119-96dd9b170a45'
2026-02-18T13:21:28.1061183Z     'User-Agent': 'azsdk-python-azuremonitorclient/unknown Python/3.11.14 (Linux-6.6.119.3-1.azl3-x86_64-with-glibc2.31)'
2026-02-18T13:21:28.1061205Z A body is sent with the request
2026-02-18T13:21:28.2382193Z 2026-02-18 13:21:28,238 - azure.core.pipeline.policies.http_logging_policy - INFO - Response status: 200
2026-02-18T13:21:28.2382948Z Response headers:
2026-02-18T13:21:28.2382980Z     'Transfer-Encoding': 'chunked'
2026-02-18T13:21:28.2383002Z     'Content-Type': 'application/json; charset=utf-8'
2026-02-18T13:21:28.2383023Z     'Server': 'Microsoft-HTTPAPI/2.0'
2026-02-18T13:21:28.2383046Z     'Strict-Transport-Security': 'REDACTED'
2026-02-18T13:21:28.2383069Z     'X-Content-Type-Options': 'REDACTED'
2026-02-18T13:21:28.2383090Z     'Date': 'Wed, 18 Feb 2026 13:21:27 GMT'
2026-02-18T13:21:28.2388529Z 2026-02-18 13:21:28,238 - azure.monitor.opentelemetry.exporter.export._base - INFO - Transmission succeeded: Item received: 3. Items accepted: 3
2026-02-18T13:21:31.7767903Z 2026-02-18 13:21:31,776 - azure.core.pipeline.policies.http_logging_policy - INFO - Request URL: 'https://westus2-2.in.applicationinsights.azure.com//v2.1/track'
2026-02-18T13:21:31.7769257Z Request method: 'POST'
2026-02-18T13:21:31.7769345Z Request headers:
2026-02-18T13:21:31.7769370Z     'Content-Type': 'application/json'
2026-02-18T13:21:31.7769391Z     'Content-Length': '3720'
2026-02-18T13:21:31.7769411Z     'Accept': 'application/json'
2026-02-18T13:21:31.7769435Z     'x-ms-client-request-id': 'bd867926-0ccc-11f1-9d9d-96dd9b170a45'
2026-02-18T13:21:31.7769462Z     'User-Agent': 'azsdk-python-azuremonitorclient/unknown Python/3.11.14 (Linux-6.6.119.3-1.azl3-x86_64-with-glibc2.31)'
2026-02-18T13:21:31.7769484Z A body is sent with the request
2026-02-18T13:21:31.8695646Z 2026-02-18 13:21:31,869 - azure.core.pipeline.policies.http_logging_policy - INFO - Response status: 200
2026-02-18T13:21:31.8696025Z Response headers:
2026-02-18T13:21:31.8696057Z     'Transfer-Encoding': 'chunked'
2026-02-18T13:21:31.8696076Z     'Content-Type': 'application/json; charset=utf-8'
2026-02-18T13:21:31.8696161Z     'Server': 'Microsoft-HTTPAPI/2.0'
2026-02-18T13:21:31.8696180Z     'Strict-Transport-Security': 'REDACTED'
2026-02-18T13:21:31.8696198Z     'X-Content-Type-Options': 'REDACTED'
2026-02-18T13:21:31.8696218Z     'Date': 'Wed, 18 Feb 2026 13:21:31 GMT'
2026-02-18T13:21:31.8701231Z 2026-02-18 13:21:31,869 - azure.monitor.opentelemetry.exporter.export._base - INFO - Transmission succeeded: Item received: 3. Items accepted: 3
2026-02-18T13:21:33.2403416Z 2026-02-18 13:21:33,240 - azure.core.pipeline.policies.http_logging_policy - INFO - Request URL: 'https://westus2-2.in.applicationinsights.azure.com//v2.1/track'
2026-02-18T13:21:33.2403797Z Request method: 'POST'
2026-02-18T13:21:33.2403822Z Request headers:
2026-02-18T13:21:33.2403841Z     'Content-Type': 'application/json'
2026-02-18T13:21:33.2403862Z     'Content-Length': '3719'
2026-02-18T13:21:33.2403883Z     'Accept': 'application/json'
2026-02-18T13:21:33.2403906Z     'x-ms-client-request-id': 'be65cb3a-0ccc-11f1-b119-96dd9b170a45'
2026-02-18T13:21:33.2403936Z     'User-Agent': 'azsdk-python-azuremonitorclient/unknown Python/3.11.14 (Linux-6.6.119.3-1.azl3-x86_64-with-glibc2.31)'
2026-02-18T13:21:33.2403960Z A body is sent with the request
2026-02-18T13:21:33.4059932Z 2026-02-18 13:21:33,405 - azure.core.pipeline.policies.http_logging_policy - INFO - Response status: 200
2026-02-18T13:21:33.4060310Z Response headers:
2026-02-18T13:21:33.4060404Z     'Transfer-Encoding': 'chunked'
2026-02-18T13:21:33.4060428Z     'Content-Type': 'application/json; charset=utf-8'
2026-02-18T13:21:33.4060446Z     'Server': 'Microsoft-HTTPAPI/2.0'
2026-02-18T13:21:33.4060466Z     'Strict-Transport-Security': 'REDACTED'
2026-02-18T13:21:33.4060484Z     'X-Content-Type-Options': 'REDACTED'
2026-02-18T13:21:33.4060504Z     'Date': 'Wed, 18 Feb 2026 13:21:32 GMT'
2026-02-18T13:21:33.4065148Z 2026-02-18 13:21:33,406 - azure.monitor.opentelemetry.exporter.export._base - INFO - Transmission succeeded: Item received: 3. Items accepted: 3
2026-02-18T13:21:36.8716301Z 2026-02-18 13:21:36,871 - azure.core.pipeline.policies.http_logging_policy - INFO - Request URL: 'https://westus2-2.in.applicationinsights.azure.com//v2.1/track'
2026-02-18T13:21:36.8716860Z Request method: 'POST'
2026-02-18T13:21:36.8716889Z Request headers:
2026-02-18T13:21:36.8716975Z     'Content-Type': 'application/json'
2026-02-18T13:21:36.8716992Z     'Content-Length': '3720'
2026-02-18T13:21:36.8717009Z     'Accept': 'application/json'
2026-02-18T13:21:36.8717027Z     'x-ms-client-request-id': 'c08fdc3e-0ccc-11f1-9d9d-96dd9b170a45'
2026-02-18T13:21:36.8717048Z     'User-Agent': 'azsdk-python-azuremonitorclient/unknown Python/3.11.14 (Linux-6.6.119.3-1.azl3-x86_64-with-glibc2.31)'
2026-02-18T13:21:36.8717068Z A body is sent with the request
2026-02-18T13:21:36.9625161Z 2026-02-18 13:21:36,962 - azure.core.pipeline.policies.http_logging_policy - INFO - Response status: 200
2026-02-18T13:21:36.9625544Z Response headers:
2026-02-18T13:21:36.9625572Z     'Transfer-Encoding': 'chunked'
2026-02-18T13:21:36.9625594Z     'Content-Type': 'application/json; charset=utf-8'
2026-02-18T13:21:36.9625668Z     'Server': 'Microsoft-HTTPAPI/2.0'
2026-02-18T13:21:36.9625691Z     'Strict-Transport-Security': 'REDACTED'
2026-02-18T13:21:36.9625710Z     'X-Content-Type-Options': 'REDACTED'
2026-02-18T13:21:36.9625728Z     'Date': 'Wed, 18 Feb 2026 13:21:36 GMT'
2026-02-18T13:21:36.9631453Z 2026-02-18 13:21:36,962 - azure.monitor.opentelemetry.exporter.export._base - INFO - Transmission succeeded: Item received: 3. Items accepted: 3
2026-02-18T13:21:38.4087097Z 2026-02-18 13:21:38,407 - azure.core.pipeline.policies.http_logging_policy - INFO - Request URL: 'https://westus2-2.in.applicationinsights.azure.com//v2.1/track'
2026-02-18T13:21:38.4087457Z Request method: 'POST'
2026-02-18T13:21:38.4087481Z Request headers:
2026-02-18T13:21:38.4087506Z     'Content-Type': 'application/json'
2026-02-18T13:21:38.4087526Z     'Content-Length': '3720'
2026-02-18T13:21:38.4087614Z     'Accept': 'application/json'
2026-02-18T13:21:38.4087636Z     'x-ms-client-request-id': 'c17a517e-0ccc-11f1-b119-96dd9b170a45'
2026-02-18T13:21:38.4087658Z     'User-Agent': 'azsdk-python-azuremonitorclient/unknown Python/3.11.14 (Linux-6.6.119.3-1.azl3-x86_64-with-glibc2.31)'
2026-02-18T13:21:38.4087676Z A body is sent with the request
2026-02-18T13:21:38.4630571Z 2026-02-18 13:21:38,462 - azure.core.pipeline.policies.http_logging_policy - INFO - Response status: 200
2026-02-18T13:21:38.4630972Z Response headers:
2026-02-18T13:21:38.4631004Z     'Transfer-Encoding': 'chunked'
2026-02-18T13:21:38.4631030Z     'Content-Type': 'application/json; charset=utf-8'
2026-02-18T13:21:38.4631055Z     'Server': 'Microsoft-HTTPAPI/2.0'
2026-02-18T13:21:38.4631078Z     'Strict-Transport-Security': 'REDACTED'
2026-02-18T13:21:38.4631103Z     'X-Content-Type-Options': 'REDACTED'
2026-02-18T13:21:38.4631196Z     'Date': 'Wed, 18 Feb 2026 13:21:37 GMT'
2026-02-18T13:21:38.4637483Z 2026-02-18 13:21:38,463 - azure.monitor.opentelemetry.exporter.export._base - INFO - Transmission succeeded: Item received: 3. Items accepted: 3
2026-02-18T13:21:41.9649084Z 2026-02-18 13:21:41,964 - azure.core.pipeline.policies.http_logging_policy - INFO - Request URL: 'https://westus2-2.in.applicationinsights.azure.com//v2.1/track'
2026-02-18T13:21:41.9649444Z Request method: 'POST'
2026-02-18T13:21:41.9649478Z Request headers:
2026-02-18T13:21:41.9649510Z     'Content-Type': 'application/json'
2026-02-18T13:21:41.9649532Z     'Content-Length': '3720'
2026-02-18T13:21:41.9649556Z     'Accept': 'application/json'
2026-02-18T13:21:41.9649580Z     'x-ms-client-request-id': 'c3990c5c-0ccc-11f1-9d9d-96dd9b170a45'
2026-02-18T13:21:41.9649645Z     'User-Agent': 'azsdk-python-azuremonitorclient/unknown Python/3.11.14 (Linux-6.6.119.3-1.azl3-x86_64-with-glibc2.31)'
2026-02-18T13:21:41.9649669Z A body is sent with the request
2026-02-18T13:21:42.0931326Z 2026-02-18 13:21:42,092 - azure.core.pipeline.policies.http_logging_policy - INFO - Response status: 200
2026-02-18T13:21:42.0931943Z Response headers:
2026-02-18T13:21:42.0931972Z     'Transfer-Encoding': 'chunked'
2026-02-18T13:21:42.0931994Z     'Content-Type': 'application/json; charset=utf-8'
2026-02-18T13:21:42.0932018Z     'Server': 'Microsoft-HTTPAPI/2.0'
2026-02-18T13:21:42.0932040Z     'Strict-Transport-Security': 'REDACTED'
2026-02-18T13:21:42.0932062Z     'X-Content-Type-Options': 'REDACTED'
2026-02-18T13:21:42.0932083Z     'Date': 'Wed, 18 Feb 2026 13:21:41 GMT'
2026-02-18T13:21:42.0939267Z 2026-02-18 13:21:42,093 - azure.monitor.opentelemetry.exporter.export._base - INFO - Transmission succeeded: Item received: 3. Items accepted: 3
2026-02-18T13:21:43.4651316Z 2026-02-18 13:21:43,464 - azure.core.pipeline.policies.http_logging_policy - INFO - Request URL: 'https://westus2-2.in.applicationinsights.azure.com//v2.1/track'
2026-02-18T13:21:43.4651816Z Request method: 'POST'
2026-02-18T13:21:43.4651842Z Request headers:
2026-02-18T13:21:43.4651864Z     'Content-Type': 'application/json'
2026-02-18T13:21:43.4651890Z     'Content-Length': '3720'
2026-02-18T13:21:43.4651910Z     'Accept': 'application/json'
2026-02-18T13:21:43.4651933Z     'x-ms-client-request-id': 'c47df574-0ccc-11f1-b119-96dd9b170a45'
2026-02-18T13:21:43.4651956Z     'User-Agent': 'azsdk-python-azuremonitorclient/unknown Python/3.11.14 (Linux-6.6.119.3-1.azl3-x86_64-with-glibc2.31)'
2026-02-18T13:21:43.4651976Z A body is sent with the request
2026-02-18T13:21:43.5488833Z 2026-02-18 13:21:43,547 - azure.core.pipeline.policies.http_logging_policy - INFO - Response status: 200
2026-02-18T13:21:43.5489221Z Response headers:
2026-02-18T13:21:43.5489248Z     'Transfer-Encoding': 'chunked'
2026-02-18T13:21:43.5489270Z     'Content-Type': 'application/json; charset=utf-8'
2026-02-18T13:21:43.5489289Z     'Server': 'Microsoft-HTTPAPI/2.0'
2026-02-18T13:21:43.5489310Z     'Strict-Transport-Security': 'REDACTED'
2026-02-18T13:21:43.5489332Z     'X-Content-Type-Options': 'REDACTED'
2026-02-18T13:21:43.5489352Z     'Date': 'Wed, 18 Feb 2026 13:21:42 GMT'
2026-02-18T13:21:43.5489378Z 2026-02-18 13:21:43,547 - azure.monitor.opentelemetry.exporter.export._base - INFO - Transmission succeeded: Item received: 3. Items accepted: 3
2026-02-18T13:21:47.0955278Z 2026-02-18 13:21:47,095 - azure.core.pipeline.policies.http_logging_policy - INFO - Request URL: 'https://westus2-2.in.applicationinsights.azure.com//v2.1/track'
2026-02-18T13:21:47.0955674Z Request method: 'POST'
2026-02-18T13:21:47.0955761Z Request headers:
2026-02-18T13:21:47.0955782Z     'Content-Type': 'application/json'
2026-02-18T13:21:47.0955801Z     'Content-Length': '3720'
2026-02-18T13:21:47.0955819Z     'Accept': 'application/json'
2026-02-18T13:21:47.0955843Z     'x-ms-client-request-id': 'c6a7ec92-0ccc-11f1-9d9d-96dd9b170a45'
2026-02-18T13:21:47.0955868Z     'User-Agent': 'azsdk-python-azuremonitorclient/unknown Python/3.11.14 (Linux-6.6.119.3-1.azl3-x86_64-with-glibc2.31)'
2026-02-18T13:21:47.0955888Z A body is sent with the request
2026-02-18T13:21:47.1503920Z 2026-02-18 13:21:47,150 - azure.core.pipeline.policies.http_logging_policy - INFO - Response status: 200
2026-02-18T13:21:47.1505737Z Response headers:
2026-02-18T13:21:47.1505802Z     'Transfer-Encoding': 'chunked'
2026-02-18T13:21:47.1505858Z     'Content-Type': 'application/json; charset=utf-8'
2026-02-18T13:21:47.1505880Z     'Server': 'Microsoft-HTTPAPI/2.0'
2026-02-18T13:21:47.1505901Z     'Strict-Transport-Security': 'REDACTED'
2026-02-18T13:21:47.1505920Z     'X-Content-Type-Options': 'REDACTED'
2026-02-18T13:21:47.1505936Z     'Date': 'Wed, 18 Feb 2026 13:21:46 GMT'
2026-02-18T13:21:47.1511321Z 2026-02-18 13:21:47,150 - azure.monitor.opentelemetry.exporter.export._base - INFO - Transmission succeeded: Item received: 3. Items accepted: 3
2026-02-18T13:21:48.5506319Z 2026-02-18 13:21:48,550 - azure.core.pipeline.policies.http_logging_policy - INFO - Request URL: 'https://westus2-2.in.applicationinsights.azure.com//v2.1/track'
2026-02-18T13:21:48.5506878Z Request method: 'POST'
2026-02-18T13:21:48.5506907Z Request headers:
2026-02-18T13:21:48.5506925Z     'Content-Type': 'application/json'
2026-02-18T13:21:48.5507011Z     'Content-Length': '3720'
2026-02-18T13:21:48.5507032Z     'Accept': 'application/json'
2026-02-18T13:21:48.5507054Z     'x-ms-client-request-id': 'c785f258-0ccc-11f1-b119-96dd9b170a45'
2026-02-18T13:21:48.5507078Z     'User-Agent': 'azsdk-python-azuremonitorclient/unknown Python/3.11.14 (Linux-6.6.119.3-1.azl3-x86_64-with-glibc2.31)'
2026-02-18T13:21:48.5507095Z A body is sent with the request
2026-02-18T13:21:48.6535070Z 2026-02-18 13:21:48,653 - azure.core.pipeline.policies.http_logging_policy - INFO - Response status: 200
2026-02-18T13:21:48.6535482Z Response headers:
2026-02-18T13:21:48.6535512Z     'Transfer-Encoding': 'chunked'
2026-02-18T13:21:48.6535534Z     'Content-Type': 'application/json; charset=utf-8'
2026-02-18T13:21:48.6535553Z     'Server': 'Microsoft-HTTPAPI/2.0'
2026-02-18T13:21:48.6535575Z     'Strict-Transport-Security': 'REDACTED'
2026-02-18T13:21:48.6535650Z     'X-Content-Type-Options': 'REDACTED'
2026-02-18T13:21:48.6535670Z     'Date': 'Wed, 18 Feb 2026 13:21:47 GMT'
2026-02-18T13:21:48.6540421Z 2026-02-18 13:21:48,653 - azure.monitor.opentelemetry.exporter.export._base - INFO - Transmission succeeded: Item received: 3. Items accepted: 3
2026-02-18T13:21:52.1526687Z 2026-02-18 13:21:52,152 - azure.core.pipeline.policies.http_logging_policy - INFO - Request URL: 'https://westus2-2.in.applicationinsights.azure.com//v2.1/track'
2026-02-18T13:21:52.1526994Z Request method: 'POST'
2026-02-18T13:21:52.1527021Z Request headers:
2026-02-18T13:21:52.1527042Z     'Content-Type': 'application/json'
2026-02-18T13:21:52.1527061Z     'Content-Length': '3719'
2026-02-18T13:21:52.1527080Z     'Accept': 'application/json'
2026-02-18T13:21:52.1527105Z     'x-ms-client-request-id': 'c9ab981c-0ccc-11f1-9d9d-96dd9b170a45'
2026-02-18T13:21:52.1527163Z     'User-Agent': 'azsdk-python-azuremonitorclient/unknown Python/3.11.14 (Linux-6.6.119.3-1.azl3-x86_64-with-glibc2.31)'
2026-02-18T13:21:52.1527182Z A body is sent with the request
2026-02-18T13:21:52.2485381Z 2026-02-18 13:21:52,248 - azure.core.pipeline.policies.http_logging_policy - INFO - Response status: 200
2026-02-18T13:21:52.2485767Z Response headers:
2026-02-18T13:21:52.2485795Z     'Transfer-Encoding': 'chunked'
2026-02-18T13:21:52.2485815Z     'Content-Type': 'application/json; charset=utf-8'
2026-02-18T13:21:52.2485838Z     'Server': 'Microsoft-HTTPAPI/2.0'
2026-02-18T13:21:52.2485857Z     'Strict-Transport-Security': 'REDACTED'
2026-02-18T13:21:52.2485875Z     'X-Content-Type-Options': 'REDACTED'
2026-02-18T13:21:52.2485893Z     'Date': 'Wed, 18 Feb 2026 13:21:51 GMT'
2026-02-18T13:21:52.2493342Z 2026-02-18 13:21:52,248 - azure.monitor.opentelemetry.exporter.export._base - INFO - Transmission succeeded: Item received: 3. Items accepted: 3
2026-02-18T13:21:53.6554890Z 2026-02-18 13:21:53,655 - azure.core.pipeline.policies.http_logging_policy - INFO - Request URL: 'https://westus2-2.in.applicationinsights.azure.com//v2.1/track'
2026-02-18T13:21:53.6555658Z Request method: 'POST'
2026-02-18T13:21:53.6555691Z Request headers:
2026-02-18T13:21:53.6555711Z     'Content-Type': 'application/json'
2026-02-18T13:21:53.6555733Z     'Content-Length': '3719'
2026-02-18T13:21:53.6555755Z     'Accept': 'application/json'
2026-02-18T13:21:53.6555781Z     'x-ms-client-request-id': 'ca90e5ac-0ccc-11f1-b119-96dd9b170a45'
2026-02-18T13:21:53.6555805Z     'User-Agent': 'azsdk-python-azuremonitorclient/unknown Python/3.11.14 (Linux-6.6.119.3-1.azl3-x86_64-with-glibc2.31)'
2026-02-18T13:21:53.6555823Z A body is sent with the request
2026-02-18T13:21:53.7445671Z 2026-02-18 13:21:53,744 - azure.core.pipeline.policies.http_logging_policy - INFO - Response status: 200
2026-02-18T13:21:53.7446089Z Response headers:
2026-02-18T13:21:53.7446117Z     'Transfer-Encoding': 'chunked'
2026-02-18T13:21:53.7446142Z     'Content-Type': 'application/json; charset=utf-8'
2026-02-18T13:21:53.7446163Z     'Server': 'Microsoft-HTTPAPI/2.0'
2026-02-18T13:21:53.7446185Z     'Strict-Transport-Security': 'REDACTED'
2026-02-18T13:21:53.7446207Z     'X-Content-Type-Options': 'REDACTED'
2026-02-18T13:21:53.7446229Z     'Date': 'Wed, 18 Feb 2026 13:21:53 GMT'
2026-02-18T13:21:53.7454397Z 2026-02-18 13:21:53,744 - azure.monitor.opentelemetry.exporter.export._base - INFO - Transmission succeeded: Item received: 3. Items accepted: 3
2026-02-18T13:21:57.2505137Z 2026-02-18 13:21:57,250 - azure.core.pipeline.policies.http_logging_policy - INFO - Request URL: 'https://westus2-2.in.applicationinsights.azure.com//v2.1/track'
2026-02-18T13:21:57.2505513Z Request method: 'POST'
2026-02-18T13:21:57.2505541Z Request headers:
2026-02-18T13:21:57.2505564Z     'Content-Type': 'application/json'
2026-02-18T13:21:57.2505586Z     'Content-Length': '3720'
2026-02-18T13:21:57.2505608Z     'Accept': 'application/json'
2026-02-18T13:21:57.2505631Z     'x-ms-client-request-id': 'ccb57596-0ccc-11f1-9d9d-96dd9b170a45'
2026-02-18T13:21:57.2505655Z     'User-Agent': 'azsdk-python-azuremonitorclient/unknown Python/3.11.14 (Linux-6.6.119.3-1.azl3-x86_64-with-glibc2.31)'
2026-02-18T13:21:57.2505675Z A body is sent with the request
2026-02-18T13:21:57.6432798Z 2026-02-18 13:21:57,643 - azure.core.pipeline.policies.http_logging_policy - INFO - Response status: 200
2026-02-18T13:21:57.6433209Z Response headers:
2026-02-18T13:21:57.6433302Z     'Transfer-Encoding': 'chunked'
2026-02-18T13:21:57.6433323Z     'Content-Type': 'application/json; charset=utf-8'
2026-02-18T13:21:57.6433342Z     'Server': 'Microsoft-HTTPAPI/2.0'
2026-02-18T13:21:57.6433362Z     'Strict-Transport-Security': 'REDACTED'
2026-02-18T13:21:57.6433382Z     'X-Content-Type-Options': 'REDACTED'
2026-02-18T13:21:57.6433401Z     'Date': 'Wed, 18 Feb 2026 13:21:56 GMT'
2026-02-18T13:21:57.6436367Z 2026-02-18 13:21:57,643 - azure.monitor.opentelemetry.exporter.export._base - INFO - Transmission succeeded: Item received: 3. Items accepted: 3
2026-02-18T13:21:58.7470688Z 2026-02-18 13:21:58,746 - azure.core.pipeline.policies.http_logging_policy - INFO - Request URL: 'https://westus2-2.in.applicationinsights.azure.com//v2.1/track'
2026-02-18T13:21:58.7471094Z Request method: 'POST'
2026-02-18T13:21:58.7471120Z Request headers:
2026-02-18T13:21:58.7471210Z     'Content-Type': 'application/json'
2026-02-18T13:21:58.7471229Z     'Content-Length': '3720'
2026-02-18T13:21:58.7471247Z     'Accept': 'application/json'
2026-02-18T13:21:58.7471270Z     'x-ms-client-request-id': 'cd99cf52-0ccc-11f1-b119-96dd9b170a45'
2026-02-18T13:21:58.7471297Z     'User-Agent': 'azsdk-python-azuremonitorclient/unknown Python/3.11.14 (Linux-6.6.119.3-1.azl3-x86_64-with-glibc2.31)'
2026-02-18T13:21:58.7471317Z A body is sent with the request
2026-02-18T13:21:58.8803470Z 2026-02-18 13:21:58,880 - azure.core.pipeline.policies.http_logging_policy - INFO - Response status: 200
2026-02-18T13:21:58.8803910Z Response headers:
2026-02-18T13:21:58.8803945Z     'Transfer-Encoding': 'chunked'
2026-02-18T13:21:58.8803976Z     'Content-Type': 'application/json; charset=utf-8'
2026-02-18T13:21:58.8804071Z     'Server': 'Microsoft-HTTPAPI/2.0'
2026-02-18T13:21:58.8804096Z     'Strict-Transport-Security': 'REDACTED'
2026-02-18T13:21:58.8804122Z     'X-Content-Type-Options': 'REDACTED'
2026-02-18T13:21:58.8804145Z     'Date': 'Wed, 18 Feb 2026 13:21:58 GMT'
2026-02-18T13:21:58.8806981Z 2026-02-18 13:21:58,880 - azure.monitor.opentelemetry.exporter.export._base - INFO - Transmission succeeded: Item received: 3. Items accepted: 3
2026-02-18T13:22:02.6457782Z 2026-02-18 13:22:02,645 - azure.core.pipeline.policies.http_logging_policy - INFO - Request URL: 'https://westus2-2.in.applicationinsights.azure.com//v2.1/track'
2026-02-18T13:22:02.6458768Z Request method: 'POST'
2026-02-18T13:22:02.6458802Z Request headers:
2026-02-18T13:22:02.6458831Z     'Content-Type': 'application/json'
2026-02-18T13:22:02.6458856Z     'Content-Length': '3720'
2026-02-18T13:22:02.6458941Z     'Accept': 'application/json'
2026-02-18T13:22:02.6458967Z     'x-ms-client-request-id': 'cfecb440-0ccc-11f1-9d9d-96dd9b170a45'
2026-02-18T13:22:02.6458993Z     'User-Agent': 'azsdk-python-azuremonitorclient/unknown Python/3.11.14 (Linux-6.6.119.3-1.azl3-x86_64-with-glibc2.31)'
2026-02-18T13:22:02.6459015Z A body is sent with the request
2026-02-18T13:22:02.7311586Z 2026-02-18 13:22:02,730 - azure.core.pipeline.policies.http_logging_policy - INFO - Response status: 200
2026-02-18T13:22:02.7311960Z Response headers:
2026-02-18T13:22:02.7311988Z     'Transfer-Encoding': 'chunked'
2026-02-18T13:22:02.7312011Z     'Content-Type': 'application/json; charset=utf-8'
2026-02-18T13:22:02.7312036Z     'Server': 'Microsoft-HTTPAPI/2.0'
2026-02-18T13:22:02.7312057Z     'Strict-Transport-Security': 'REDACTED'
2026-02-18T13:22:02.7312077Z     'X-Content-Type-Options': 'REDACTED'
2026-02-18T13:22:02.7312153Z     'Date': 'Wed, 18 Feb 2026 13:22:01 GMT'
2026-02-18T13:22:02.7318622Z 2026-02-18 13:22:02,731 - azure.monitor.opentelemetry.exporter.export._base - INFO - Transmission succeeded: Item received: 3. Items accepted: 3
2026-02-18T13:22:03.8849851Z 2026-02-18 13:22:03,883 - azure.core.pipeline.policies.http_logging_policy - INFO - Request URL: 'https://westus2-2.in.applicationinsights.azure.com//v2.1/track'
2026-02-18T13:22:03.8850276Z Request method: 'POST'
2026-02-18T13:22:03.8850304Z Request headers:
2026-02-18T13:22:03.8850906Z     'Content-Type': 'application/json'
2026-02-18T13:22:03.8850937Z     'Content-Length': '3719'
2026-02-18T13:22:03.8850961Z     'Accept': 'application/json'
2026-02-18T13:22:03.8852092Z     'x-ms-client-request-id': 'd0a987c8-0ccc-11f1-b119-96dd9b170a45'
2026-02-18T13:22:03.8852211Z     'User-Agent': 'azsdk-python-azuremonitorclient/unknown Python/3.11.14 (Linux-6.6.119.3-1.azl3-x86_64-with-glibc2.31)'
2026-02-18T13:22:03.8852237Z A body is sent with the request
2026-02-18T13:22:03.9536535Z 2026-02-18 13:22:03,953 - azure.core.pipeline.policies.http_logging_policy - INFO - Response status: 200
2026-02-18T13:22:03.9536942Z Response headers:
2026-02-18T13:22:03.9536971Z     'Transfer-Encoding': 'chunked'
2026-02-18T13:22:03.9536992Z     'Content-Type': 'application/json; charset=utf-8'
2026-02-18T13:22:03.9537009Z     'Server': 'Microsoft-HTTPAPI/2.0'
2026-02-18T13:22:03.9537028Z     'Strict-Transport-Security': 'REDACTED'
2026-02-18T13:22:03.9537049Z     'X-Content-Type-Options': 'REDACTED'
2026-02-18T13:22:03.9537069Z     'Date': 'Wed, 18 Feb 2026 13:22:03 GMT'
2026-02-18T13:22:03.9577947Z 2026-02-18 13:22:03,957 - azure.monitor.opentelemetry.exporter.export._base - INFO - Transmission succeeded: Item received: 3. Items accepted: 3
2026-02-18T13:22:07.7332961Z 2026-02-18 13:22:07,733 - azure.core.pipeline.policies.http_logging_policy - INFO - Request URL: 'https://westus2-2.in.applicationinsights.azure.com//v2.1/track'
2026-02-18T13:22:07.7333322Z Request method: 'POST'
2026-02-18T13:22:07.7333351Z Request headers:
2026-02-18T13:22:07.7333370Z     'Content-Type': 'application/json'
2026-02-18T13:22:07.7333390Z     'Content-Length': '3717'
2026-02-18T13:22:07.7333410Z     'Accept': 'application/json'
2026-02-18T13:22:07.7333435Z     'x-ms-client-request-id': 'd2f50138-0ccc-11f1-9d9d-96dd9b170a45'
2026-02-18T13:22:07.7333461Z     'User-Agent': 'azsdk-python-azuremonitorclient/unknown Python/3.11.14 (Linux-6.6.119.3-1.azl3-x86_64-with-glibc2.31)'
2026-02-18T13:22:07.7333479Z A body is sent with the request
2026-02-18T13:22:07.8471605Z 2026-02-18 13:22:07,846 - azure.core.pipeline.policies.http_logging_policy - INFO - Response status: 200
2026-02-18T13:22:07.8472001Z Response headers:
2026-02-18T13:22:07.8472026Z     'Transfer-Encoding': 'chunked'
2026-02-18T13:22:07.8472048Z     'Content-Type': 'application/json; charset=utf-8'
2026-02-18T13:22:07.8472066Z     'Server': 'Microsoft-HTTPAPI/2.0'
2026-02-18T13:22:07.8472085Z     'Strict-Transport-Security': 'REDACTED'
2026-02-18T13:22:07.8472103Z     'X-Content-Type-Options': 'REDACTED'
2026-02-18T13:22:07.8472121Z     'Date': 'Wed, 18 Feb 2026 13:22:06 GMT'
2026-02-18T13:22:07.8478984Z 2026-02-18 13:22:07,847 - azure.monitor.opentelemetry.exporter.export._base - INFO - Transmission succeeded: Item received: 3. Items accepted: 3
2026-02-18T13:22:08.9681916Z 2026-02-18 13:22:08,964 - azure.core.pipeline.policies.http_logging_policy - INFO - Request URL: 'https://westus2-2.in.applicationinsights.azure.com//v2.1/track'
2026-02-18T13:22:08.9682512Z Request method: 'POST'
2026-02-18T13:22:08.9682540Z Request headers:
2026-02-18T13:22:08.9682560Z     'Content-Type': 'application/json'
2026-02-18T13:22:08.9682579Z     'Content-Length': '3720'
2026-02-18T13:22:08.9682597Z     'Accept': 'application/json'
2026-02-18T13:22:08.9682615Z     'x-ms-client-request-id': 'd3b0e240-0ccc-11f1-b119-96dd9b170a45'
2026-02-18T13:22:08.9682636Z     'User-Agent': 'azsdk-python-azuremonitorclient/unknown Python/3.11.14 (Linux-6.6.119.3-1.azl3-x86_64-with-glibc2.31)'
2026-02-18T13:22:08.9682653Z A body is sent with the request
2026-02-18T13:22:09.0969292Z 2026-02-18 13:22:09,096 - azure.core.pipeline.policies.http_logging_policy - INFO - Response status: 200
2026-02-18T13:22:09.0969699Z Response headers:
2026-02-18T13:22:09.0969730Z     'Transfer-Encoding': 'chunked'
2026-02-18T13:22:09.0969820Z     'Content-Type': 'application/json; charset=utf-8'
2026-02-18T13:22:09.0969840Z     'Server': 'Microsoft-HTTPAPI/2.0'
2026-02-18T13:22:09.0969861Z     'Strict-Transport-Security': 'REDACTED'
2026-02-18T13:22:09.0969884Z     'X-Content-Type-Options': 'REDACTED'
2026-02-18T13:22:09.0969904Z     'Date': 'Wed, 18 Feb 2026 13:22:08 GMT'
2026-02-18T13:22:09.0976004Z 2026-02-18 13:22:09,097 - azure.monitor.opentelemetry.exporter.export._base - INFO - Transmission succeeded: Item received: 3. Items accepted: 3
2026-02-18T13:22:12.8576075Z 2026-02-18 13:22:12,852 - azure.core.pipeline.policies.http_logging_policy - INFO - Request URL: 'https://westus2-2.in.applicationinsights.azure.com//v2.1/track'
2026-02-18T13:22:12.8584424Z Request method: 'POST'
2026-02-18T13:22:12.8584492Z Request headers:
2026-02-18T13:22:12.8584514Z     'Content-Type': 'application/json'
2026-02-18T13:22:12.8584592Z     'Content-Length': '3719'
2026-02-18T13:22:12.8584616Z     'Accept': 'application/json'
2026-02-18T13:22:12.8584641Z     'x-ms-client-request-id': 'd6021780-0ccc-11f1-9d9d-96dd9b170a45'
2026-02-18T13:22:12.8584671Z     'User-Agent': 'azsdk-python-azuremonitorclient/unknown Python/3.11.14 (Linux-6.6.119.3-1.azl3-x86_64-with-glibc2.31)'
2026-02-18T13:22:12.8584695Z A body is sent with the request
2026-02-18T13:22:12.9902867Z 2026-02-18 13:22:12,990 - azure.core.pipeline.policies.http_logging_policy - INFO - Response status: 200
2026-02-18T13:22:12.9903589Z Response headers:
2026-02-18T13:22:12.9903618Z     'Transfer-Encoding': 'chunked'
2026-02-18T13:22:12.9903642Z     'Content-Type': 'application/json; charset=utf-8'
2026-02-18T13:22:12.9903660Z     'Server': 'Microsoft-HTTPAPI/2.0'
2026-02-18T13:22:12.9903733Z     'Strict-Transport-Security': 'REDACTED'
2026-02-18T13:22:12.9903756Z     'X-Content-Type-Options': 'REDACTED'
2026-02-18T13:22:12.9903775Z     'Date': 'Wed, 18 Feb 2026 13:22:12 GMT'
2026-02-18T13:22:12.9965213Z 2026-02-18 13:22:12,996 - azure.monitor.opentelemetry.exporter.export._base - INFO - Transmission succeeded: Item received: 3. Items accepted: 3
2026-02-18T13:22:14.1188557Z 2026-02-18 13:22:14,115 - azure.core.pipeline.policies.http_logging_policy - INFO - Request URL: 'https://westus2-2.in.applicationinsights.azure.com//v2.1/track'
2026-02-18T13:22:14.1189268Z Request method: 'POST'
2026-02-18T13:22:14.1189299Z Request headers:
2026-02-18T13:22:14.1189326Z     'Content-Type': 'application/json'
2026-02-18T13:22:14.1189348Z     'Content-Length': '3720'
2026-02-18T13:22:14.1189370Z     'Accept': 'application/json'
2026-02-18T13:22:14.1189458Z     'x-ms-client-request-id': 'd6c23ae2-0ccc-11f1-b119-96dd9b170a45'
2026-02-18T13:22:14.1189487Z     'User-Agent': 'azsdk-python-azuremonitorclient/unknown Python/3.11.14 (Linux-6.6.119.3-1.azl3-x86_64-with-glibc2.31)'
2026-02-18T13:22:14.1189509Z A body is sent with the request
2026-02-18T13:22:14.2382834Z 2026-02-18 13:22:14,229 - azure.core.pipeline.policies.http_logging_policy - INFO - Response status: 200
2026-02-18T13:22:14.2383434Z Response headers:
2026-02-18T13:22:14.2383468Z     'Transfer-Encoding': 'chunked'
2026-02-18T13:22:14.2383495Z     'Content-Type': 'application/json; charset=utf-8'
2026-02-18T13:22:14.2383523Z     'Server': 'Microsoft-HTTPAPI/2.0'
2026-02-18T13:22:14.2383548Z     'Strict-Transport-Security': 'REDACTED'
2026-02-18T13:22:14.2383571Z     'X-Content-Type-Options': 'REDACTED'
2026-02-18T13:22:14.2383593Z     'Date': 'Wed, 18 Feb 2026 13:22:13 GMT'
2026-02-18T13:22:14.2383685Z 2026-02-18 13:22:14,229 - azure.monitor.opentelemetry.exporter.export._base - INFO - Transmission succeeded: Item received: 3. Items accepted: 3
2026-02-18T13:22:18.0081182Z 2026-02-18 13:22:18,006 - azure.core.pipeline.policies.http_logging_policy - INFO - Request URL: 'https://westus2-2.in.applicationinsights.azure.com//v2.1/track'
2026-02-18T13:22:18.0149724Z Request method: 'POST'
2026-02-18T13:22:18.0149784Z Request headers:
2026-02-18T13:22:18.0149806Z     'Content-Type': 'application/json'
2026-02-18T13:22:18.0149824Z     'Content-Length': '3720'
2026-02-18T13:22:18.0149844Z     'Accept': 'application/json'
2026-02-18T13:22:18.0149864Z     'x-ms-client-request-id': 'd914a5a0-0ccc-11f1-9d9d-96dd9b170a45'
2026-02-18T13:22:18.0149886Z     'User-Agent': 'azsdk-python-azuremonitorclient/unknown Python/3.11.14 (Linux-6.6.119.3-1.azl3-x86_64-with-glibc2.31)'
2026-02-18T13:22:18.0149904Z A body is sent with the request
2026-02-18T13:22:18.0943626Z 2026-02-18 13:22:18,091 - azure.core.pipeline.policies.http_logging_policy - INFO - Response status: 200
2026-02-18T13:22:18.0944025Z Response headers:
2026-02-18T13:22:18.0944054Z     'Transfer-Encoding': 'chunked'
2026-02-18T13:22:18.0944076Z     'Content-Type': 'application/json; charset=utf-8'
2026-02-18T13:22:18.0944097Z     'Server': 'Microsoft-HTTPAPI/2.0'
2026-02-18T13:22:18.0944119Z     'Strict-Transport-Security': 'REDACTED'
2026-02-18T13:22:18.0944143Z     'X-Content-Type-Options': 'REDACTED'
2026-02-18T13:22:18.0944163Z     'Date': 'Wed, 18 Feb 2026 13:22:17 GMT'
2026-02-18T13:22:18.0946617Z 2026-02-18 13:22:18,094 - azure.monitor.opentelemetry.exporter.export._base - INFO - Transmission succeeded: Item received: 3. Items accepted: 3
2026-02-18T13:22:19.2402029Z 2026-02-18 13:22:19,239 - azure.core.pipeline.policies.http_logging_policy - INFO - Request URL: 'https://westus2-2.in.applicationinsights.azure.com//v2.1/track'
2026-02-18T13:22:19.2402573Z Request method: 'POST'
2026-02-18T13:22:19.2402599Z Request headers:
2026-02-18T13:22:19.2402620Z     'Content-Type': 'application/json'
2026-02-18T13:22:19.2402644Z     'Content-Length': '3720'
2026-02-18T13:22:19.2402664Z     'Accept': 'application/json'
2026-02-18T13:22:19.2402683Z     'x-ms-client-request-id': 'd9d0d1c6-0ccc-11f1-b119-96dd9b170a45'
2026-02-18T13:22:19.2402705Z     'User-Agent': 'azsdk-python-azuremonitorclient/unknown Python/3.11.14 (Linux-6.6.119.3-1.azl3-x86_64-with-glibc2.31)'
2026-02-18T13:22:19.2402724Z A body is sent with the request
2026-02-18T13:22:19.3696686Z 2026-02-18 13:22:19,369 - azure.core.pipeline.policies.http_logging_policy - INFO - Response status: 200
2026-02-18T13:22:19.3697106Z Response headers:
2026-02-18T13:22:19.3697200Z     'Transfer-Encoding': 'chunked'
2026-02-18T13:22:19.3697226Z     'Content-Type': 'application/json; charset=utf-8'
2026-02-18T13:22:19.3697249Z     'Server': 'Microsoft-HTTPAPI/2.0'
2026-02-18T13:22:19.3697274Z     'Strict-Transport-Security': 'REDACTED'
2026-02-18T13:22:19.3697299Z     'X-Content-Type-Options': 'REDACTED'
2026-02-18T13:22:19.3697323Z     'Date': 'Wed, 18 Feb 2026 13:22:18 GMT'
2026-02-18T13:22:19.3703686Z 2026-02-18 13:22:19,370 - azure.monitor.opentelemetry.exporter.export._base - INFO - Transmission succeeded: Item received: 3. Items accepted: 3
2026-02-18T13:22:23.0970945Z 2026-02-18 13:22:23,096 - azure.core.pipeline.policies.http_logging_policy - INFO - Request URL: 'https://westus2-2.in.applicationinsights.azure.com//v2.1/track'
2026-02-18T13:22:23.0971351Z Request method: 'POST'
2026-02-18T13:22:23.0971379Z Request headers:
2026-02-18T13:22:23.0971461Z     'Content-Type': 'application/json'
2026-02-18T13:22:23.0971482Z     'Content-Length': '3719'
2026-02-18T13:22:23.0971503Z     'Accept': 'application/json'
2026-02-18T13:22:23.0971527Z     'x-ms-client-request-id': 'dc1d5396-0ccc-11f1-9d9d-96dd9b170a45'
2026-02-18T13:22:23.0971553Z     'User-Agent': 'azsdk-python-azuremonitorclient/unknown Python/3.11.14 (Linux-6.6.119.3-1.azl3-x86_64-with-glibc2.31)'
2026-02-18T13:22:23.0971572Z A body is sent with the request
2026-02-18T13:22:23.1794829Z 2026-02-18 13:22:23,179 - azure.core.pipeline.policies.http_logging_policy - INFO - Response status: 200
2026-02-18T13:22:23.1795182Z Response headers:
2026-02-18T13:22:23.1795214Z     'Transfer-Encoding': 'chunked'
2026-02-18T13:22:23.1795238Z     'Content-Type': 'application/json; charset=utf-8'
2026-02-18T13:22:23.1795323Z     'Server': 'Microsoft-HTTPAPI/2.0'
2026-02-18T13:22:23.1795347Z     'Strict-Transport-Security': 'REDACTED'
2026-02-18T13:22:23.1795368Z     'X-Content-Type-Options': 'REDACTED'
2026-02-18T13:22:23.1795388Z     'Date': 'Wed, 18 Feb 2026 13:22:23 GMT'
2026-02-18T13:22:23.1800345Z 2026-02-18 13:22:23,179 - azure.monitor.opentelemetry.exporter.export._base - INFO - Transmission succeeded: Item received: 3. Items accepted: 3
2026-02-18T13:22:24.3883717Z 2026-02-18 13:22:24,387 - azure.core.pipeline.policies.http_logging_policy - INFO - Request URL: 'https://westus2-2.in.applicationinsights.azure.com//v2.1/track'
2026-02-18T13:22:24.3884386Z Request method: 'POST'
2026-02-18T13:22:24.3884416Z Request headers:
2026-02-18T13:22:24.3884439Z     'Content-Type': 'application/json'
2026-02-18T13:22:24.3884461Z     'Content-Length': '3720'
2026-02-18T13:22:24.3884537Z     'Accept': 'application/json'
2026-02-18T13:22:24.3884565Z     'x-ms-client-request-id': 'dce2554c-0ccc-11f1-b119-96dd9b170a45'
2026-02-18T13:22:24.3884585Z     'User-Agent': 'azsdk-python-azuremonitorclient/unknown Python/3.11.14 (Linux-6.6.119.3-1.azl3-x86_64-with-glibc2.31)'
2026-02-18T13:22:24.3884606Z A body is sent with the request
2026-02-18T13:22:24.5308779Z 2026-02-18 13:22:24,528 - azure.core.pipeline.policies.http_logging_policy - INFO - Response status: 200
2026-02-18T13:22:24.5313242Z Response headers:
2026-02-18T13:22:24.5313299Z     'Transfer-Encoding': 'chunked'
2026-02-18T13:22:24.5313324Z     'Content-Type': 'application/json; charset=utf-8'
2026-02-18T13:22:24.5313345Z     'Server': 'Microsoft-HTTPAPI/2.0'
2026-02-18T13:22:24.5313367Z     'Strict-Transport-Security': 'REDACTED'
2026-02-18T13:22:24.5313391Z     'X-Content-Type-Options': 'REDACTED'
2026-02-18T13:22:24.5313469Z     'Date': 'Wed, 18 Feb 2026 13:22:23 GMT'
2026-02-18T13:22:24.5313782Z 2026-02-18 13:22:24,531 - azure.monitor.opentelemetry.exporter.export._base - INFO - Transmission succeeded: Item received: 3. Items accepted: 3
2026-02-18T13:22:28.1871737Z 2026-02-18 13:22:28,187 - azure.core.pipeline.policies.http_logging_policy - INFO - Request URL: 'https://westus2-2.in.applicationinsights.azure.com//v2.1/track'
2026-02-18T13:22:28.1872107Z Request method: 'POST'
2026-02-18T13:22:28.1872134Z Request headers:
2026-02-18T13:22:28.1872158Z     'Content-Type': 'application/json'
2026-02-18T13:22:28.1872182Z     'Content-Length': '3719'
2026-02-18T13:22:28.1872206Z     'Accept': 'application/json'
2026-02-18T13:22:28.1872235Z     'x-ms-client-request-id': 'df260470-0ccc-11f1-9d9d-96dd9b170a45'
2026-02-18T13:22:28.1872317Z     'User-Agent': 'azsdk-python-azuremonitorclient/unknown Python/3.11.14 (Linux-6.6.119.3-1.azl3-x86_64-with-glibc2.31)'
2026-02-18T13:22:28.1872338Z A body is sent with the request
2026-02-18T13:22:28.3135745Z 2026-02-18 13:22:28,312 - azure.core.pipeline.policies.http_logging_policy - INFO - Response status: 200
2026-02-18T13:22:28.3136336Z Response headers:
2026-02-18T13:22:28.3136370Z     'Transfer-Encoding': 'chunked'
2026-02-18T13:22:28.3136396Z     'Content-Type': 'application/json; charset=utf-8'
2026-02-18T13:22:28.3136421Z     'Server': 'Microsoft-HTTPAPI/2.0'
2026-02-18T13:22:28.3136444Z     'Strict-Transport-Security': 'REDACTED'
2026-02-18T13:22:28.3136464Z     'X-Content-Type-Options': 'REDACTED'
2026-02-18T13:22:28.3136486Z     'Date': 'Wed, 18 Feb 2026 13:22:28 GMT'
2026-02-18T13:22:28.3173607Z 2026-02-18 13:22:28,317 - azure.monitor.opentelemetry.exporter.export._base - INFO - Transmission succeeded: Item received: 3. Items accepted: 3
2026-02-18T13:22:29.5354718Z 2026-02-18 13:22:29,534 - azure.core.pipeline.policies.http_logging_policy - INFO - Request URL: 'https://westus2-2.in.applicationinsights.azure.com//v2.1/track'
2026-02-18T13:22:29.5355286Z Request method: 'POST'
2026-02-18T13:22:29.5355314Z Request headers:
2026-02-18T13:22:29.5355334Z     'Content-Type': 'application/json'
2026-02-18T13:22:29.5355355Z     'Content-Length': '3720'
2026-02-18T13:22:29.5355371Z     'Accept': 'application/json'
2026-02-18T13:22:29.5355391Z     'x-ms-client-request-id': 'dff3ab28-0ccc-11f1-b119-96dd9b170a45'
2026-02-18T13:22:29.5355416Z     'User-Agent': 'azsdk-python-azuremonitorclient/unknown Python/3.11.14 (Linux-6.6.119.3-1.azl3-x86_64-with-glibc2.31)'
2026-02-18T13:22:29.5355436Z A body is sent with the request
2026-02-18T13:22:29.6427028Z 2026-02-18 13:22:29,642 - azure.core.pipeline.policies.http_logging_policy - INFO - Response status: 200
2026-02-18T13:22:29.6427421Z Response headers:
2026-02-18T13:22:29.6427447Z     'Transfer-Encoding': 'chunked'
2026-02-18T13:22:29.6427468Z     'Content-Type': 'application/json; charset=utf-8'
2026-02-18T13:22:29.6427486Z     'Server': 'Microsoft-HTTPAPI/2.0'
2026-02-18T13:22:29.6427504Z     'Strict-Transport-Security': 'REDACTED'
2026-02-18T13:22:29.6427523Z     'X-Content-Type-Options': 'REDACTED'
2026-02-18T13:22:29.6427542Z     'Date': 'Wed, 18 Feb 2026 13:22:28 GMT'
2026-02-18T13:22:29.6433361Z 2026-02-18 13:22:29,642 - azure.monitor.opentelemetry.exporter.export._base - INFO - Transmission succeeded: Item received: 3. Items accepted: 3
2026-02-18T13:22:33.3189532Z 2026-02-18 13:22:33,318 - azure.core.pipeline.policies.http_logging_policy - INFO - Request URL: 'https://westus2-2.in.applicationinsights.azure.com//v2.1/track'
2026-02-18T13:22:33.3189968Z Request method: 'POST'
2026-02-18T13:22:33.3189994Z Request headers:
2026-02-18T13:22:33.3190014Z     'Content-Type': 'application/json'
2026-02-18T13:22:33.3190032Z     'Content-Length': '3717'
2026-02-18T13:22:33.3190053Z     'Accept': 'application/json'
2026-02-18T13:22:33.3190075Z     'x-ms-client-request-id': 'e23511b0-0ccc-11f1-9d9d-96dd9b170a45'
2026-02-18T13:22:33.3190098Z     'User-Agent': 'azsdk-python-azuremonitorclient/unknown Python/3.11.14 (Linux-6.6.119.3-1.azl3-x86_64-with-glibc2.31)'
2026-02-18T13:22:33.3190116Z A body is sent with the request
2026-02-18T13:22:33.4941676Z 2026-02-18 13:22:33,493 - azure.core.pipeline.policies.http_logging_policy - INFO - Response status: 200
2026-02-18T13:22:33.4942046Z Response headers:
2026-02-18T13:22:33.4942075Z     'Transfer-Encoding': 'chunked'
2026-02-18T13:22:33.4942160Z     'Content-Type': 'application/json; charset=utf-8'
2026-02-18T13:22:33.4942181Z     'Server': 'Microsoft-HTTPAPI/2.0'
2026-02-18T13:22:33.4942201Z     'Strict-Transport-Security': 'REDACTED'
2026-02-18T13:22:33.4942221Z     'X-Content-Type-Options': 'REDACTED'
2026-02-18T13:22:33.4942241Z     'Date': 'Wed, 18 Feb 2026 13:22:33 GMT'
2026-02-18T13:22:33.4949533Z 2026-02-18 13:22:33,494 - azure.monitor.opentelemetry.exporter.export._base - INFO - Transmission succeeded: Item received: 3. Items accepted: 3
2026-02-18T13:22:34.6445176Z 2026-02-18 13:22:34,644 - azure.core.pipeline.policies.http_logging_policy - INFO - Request URL: 'https://westus2-2.in.applicationinsights.azure.com//v2.1/track'
2026-02-18T13:22:34.6445533Z Request method: 'POST'
2026-02-18T13:22:34.6445560Z Request headers:
2026-02-18T13:22:34.6445581Z     'Content-Type': 'application/json'
2026-02-18T13:22:34.6445662Z     'Content-Length': '3720'
2026-02-18T13:22:34.6445680Z     'Accept': 'application/json'
2026-02-18T13:22:34.6445699Z     'x-ms-client-request-id': 'e2ff5506-0ccc-11f1-b119-96dd9b170a45'
2026-02-18T13:22:34.6445719Z     'User-Agent': 'azsdk-python-azuremonitorclient/unknown Python/3.11.14 (Linux-6.6.119.3-1.azl3-x86_64-with-glibc2.31)'
2026-02-18T13:22:34.6445737Z A body is sent with the request
2026-02-18T13:22:34.7182210Z 2026-02-18 13:22:34,718 - azure.core.pipeline.policies.http_logging_policy - INFO - Response status: 200
2026-02-18T13:22:34.7182553Z Response headers:
2026-02-18T13:22:34.7182585Z     'Transfer-Encoding': 'chunked'
2026-02-18T13:22:34.7182609Z     'Content-Type': 'application/json; charset=utf-8'
2026-02-18T13:22:34.7182627Z     'Server': 'Microsoft-HTTPAPI/2.0'
2026-02-18T13:22:34.7182706Z     'Strict-Transport-Security': 'REDACTED'
2026-02-18T13:22:34.7182729Z     'X-Content-Type-Options': 'REDACTED'
2026-02-18T13:22:34.7182750Z     'Date': 'Wed, 18 Feb 2026 13:22:33 GMT'
2026-02-18T13:22:34.7191439Z 2026-02-18 13:22:34,718 - azure.monitor.opentelemetry.exporter.export._base - INFO - Transmission succeeded: Item received: 3. Items accepted: 3
2026-02-18T13:22:38.4962462Z 2026-02-18 13:22:38,496 - azure.core.pipeline.policies.http_logging_policy - INFO - Request URL: 'https://westus2-2.in.applicationinsights.azure.com//v2.1/track'
2026-02-18T13:22:38.4962853Z Request method: 'POST'
2026-02-18T13:22:38.4962882Z Request headers:
2026-02-18T13:22:38.4962903Z     'Content-Type': 'application/json'
2026-02-18T13:22:38.4962922Z     'Content-Length': '3719'
2026-02-18T13:22:38.4962943Z     'Accept': 'application/json'
2026-02-18T13:22:38.4963022Z     'x-ms-client-request-id': 'e54b0eae-0ccc-11f1-9d9d-96dd9b170a45'
2026-02-18T13:22:38.4963049Z     'User-Agent': 'azsdk-python-azuremonitorclient/unknown Python/3.11.14 (Linux-6.6.119.3-1.azl3-x86_64-with-glibc2.31)'
2026-02-18T13:22:38.4963070Z A body is sent with the request
2026-02-18T13:22:38.6776974Z 2026-02-18 13:22:38,677 - azure.core.pipeline.policies.http_logging_policy - INFO - Response status: 200
2026-02-18T13:22:38.6777241Z Response headers:
2026-02-18T13:22:38.6777276Z     'Transfer-Encoding': 'chunked'
2026-02-18T13:22:38.6777303Z     'Content-Type': 'application/json; charset=utf-8'
2026-02-18T13:22:38.6777327Z     'Server': 'Microsoft-HTTPAPI/2.0'
2026-02-18T13:22:38.6777351Z     'Strict-Transport-Security': 'REDACTED'
2026-02-18T13:22:38.6777380Z     'X-Content-Type-Options': 'REDACTED'
2026-02-18T13:22:38.6777405Z     'Date': 'Wed, 18 Feb 2026 13:22:38 GMT'
2026-02-18T13:22:38.6787660Z 2026-02-18 13:22:38,678 - azure.monitor.opentelemetry.exporter.export._base - INFO - Transmission succeeded: Item received: 3. Items accepted: 3
2026-02-18T13:22:39.7204459Z 2026-02-18 13:22:39,720 - azure.core.pipeline.policies.http_logging_policy - INFO - Request URL: 'https://westus2-2.in.applicationinsights.azure.com//v2.1/track'
2026-02-18T13:22:39.7204815Z Request method: 'POST'
2026-02-18T13:22:39.7204841Z Request headers:
2026-02-18T13:22:39.7204861Z     'Content-Type': 'application/json'
2026-02-18T13:22:39.7204882Z     'Content-Length': '3719'
2026-02-18T13:22:39.7204902Z     'Accept': 'application/json'
2026-02-18T13:22:39.7204924Z     'x-ms-client-request-id': 'e605dbf8-0ccc-11f1-b119-96dd9b170a45'
2026-02-18T13:22:39.7204952Z     'User-Agent': 'azsdk-python-azuremonitorclient/unknown Python/3.11.14 (Linux-6.6.119.3-1.azl3-x86_64-with-glibc2.31)'
2026-02-18T13:22:39.7205033Z A body is sent with the request
2026-02-18T13:22:39.7491679Z 2026-02-18 13:22:39,748 - azure.core.pipeline.policies.http_logging_policy - INFO - Response status: 200
2026-02-18T13:22:39.7492043Z Response headers:
2026-02-18T13:22:39.7492076Z     'Transfer-Encoding': 'chunked'
2026-02-18T13:22:39.7492106Z     'Content-Type': 'application/json; charset=utf-8'
2026-02-18T13:22:39.7492131Z     'Server': 'Microsoft-HTTPAPI/2.0'
2026-02-18T13:22:39.7492158Z     'Strict-Transport-Security': 'REDACTED'
2026-02-18T13:22:39.7492182Z     'X-Content-Type-Options': 'REDACTED'
2026-02-18T13:22:39.7492203Z     'Date': 'Wed, 18 Feb 2026 13:22:38 GMT'
2026-02-18T13:22:39.7497231Z 2026-02-18 13:22:39,749 - azure.monitor.opentelemetry.exporter.export._base - INFO - Transmission succeeded: Item received: 3. Items accepted: 3
2026-02-18T13:22:43.6801820Z 2026-02-18 13:22:43,679 - azure.core.pipeline.policies.http_logging_policy - INFO - Request URL: 'https://westus2-2.in.applicationinsights.azure.com//v2.1/track'
2026-02-18T13:22:43.6802180Z Request method: 'POST'
2026-02-18T13:22:43.6802208Z Request headers:
2026-02-18T13:22:43.6802235Z     'Content-Type': 'application/json'
2026-02-18T13:22:43.6802254Z     'Content-Length': '3720'
2026-02-18T13:22:43.6802278Z     'Accept': 'application/json'
2026-02-18T13:22:43.6802300Z     'x-ms-client-request-id': 'e862109c-0ccc-11f1-9d9d-96dd9b170a45'
2026-02-18T13:22:43.6802323Z     'User-Agent': 'azsdk-python-azuremonitorclient/unknown Python/3.11.14 (Linux-6.6.119.3-1.azl3-x86_64-with-glibc2.31)'
2026-02-18T13:22:43.6802348Z A body is sent with the request
2026-02-18T13:22:43.8077491Z 2026-02-18 13:22:43,807 - azure.core.pipeline.policies.http_logging_policy - INFO - Response status: 200
2026-02-18T13:22:43.8077911Z Response headers:
2026-02-18T13:22:43.8077942Z     'Transfer-Encoding': 'chunked'
2026-02-18T13:22:43.8077963Z     'Content-Type': 'application/json; charset=utf-8'
2026-02-18T13:22:43.8077984Z     'Server': 'Microsoft-HTTPAPI/2.0'
2026-02-18T13:22:43.8078004Z     'Strict-Transport-Security': 'REDACTED'
2026-02-18T13:22:43.8078023Z     'X-Content-Type-Options': 'REDACTED'
2026-02-18T13:22:43.8078043Z     'Date': 'Wed, 18 Feb 2026 13:22:43 GMT'
2026-02-18T13:22:43.8085732Z 2026-02-18 13:22:43,808 - azure.monitor.opentelemetry.exporter.export._base - INFO - Transmission succeeded: Item received: 3. Items accepted: 3
2026-02-18T13:22:44.7515171Z 2026-02-18 13:22:44,751 - azure.core.pipeline.policies.http_logging_policy - INFO - Request URL: 'https://westus2-2.in.applicationinsights.azure.com//v2.1/track'
2026-02-18T13:22:44.7515572Z Request method: 'POST'
2026-02-18T13:22:44.7515662Z Request headers:
2026-02-18T13:22:44.7515684Z     'Content-Type': 'application/json'
2026-02-18T13:22:44.7515703Z     'Content-Length': '3720'
2026-02-18T13:22:44.7515722Z     'Accept': 'application/json'
2026-02-18T13:22:44.7515745Z     'x-ms-client-request-id': 'e90587e0-0ccc-11f1-b119-96dd9b170a45'
2026-02-18T13:22:44.7515771Z     'User-Agent': 'azsdk-python-azuremonitorclient/unknown Python/3.11.14 (Linux-6.6.119.3-1.azl3-x86_64-with-glibc2.31)'
2026-02-18T13:22:44.7515794Z A body is sent with the request
2026-02-18T13:22:44.8645811Z 2026-02-18 13:22:44,864 - azure.core.pipeline.policies.http_logging_policy - INFO - Response status: 200
2026-02-18T13:22:44.8646182Z Response headers:
2026-02-18T13:22:44.8646217Z     'Transfer-Encoding': 'chunked'
2026-02-18T13:22:44.8646240Z     'Content-Type': 'application/json; charset=utf-8'
2026-02-18T13:22:44.8646327Z     'Server': 'Microsoft-HTTPAPI/2.0'
2026-02-18T13:22:44.8646347Z     'Strict-Transport-Security': 'REDACTED'
2026-02-18T13:22:44.8646367Z     'X-Content-Type-Options': 'REDACTED'
2026-02-18T13:22:44.8646390Z     'Date': 'Wed, 18 Feb 2026 13:22:44 GMT'
2026-02-18T13:22:44.8653089Z 2026-02-18 13:22:44,864 - azure.monitor.opentelemetry.exporter.export._base - INFO - Transmission succeeded: Item received: 3. Items accepted: 3
2026-02-18T13:22:48.8101236Z 2026-02-18 13:22:48,809 - azure.core.pipeline.policies.http_logging_policy - INFO - Request URL: 'https://westus2-2.in.applicationinsights.azure.com//v2.1/track'
2026-02-18T13:22:48.8101773Z Request method: 'POST'
2026-02-18T13:22:48.8101805Z Request headers:
2026-02-18T13:22:48.8101824Z     'Content-Type': 'application/json'
2026-02-18T13:22:48.8101849Z     'Content-Length': '3719'
2026-02-18T13:22:48.8101929Z     'Accept': 'application/json'
2026-02-18T13:22:48.8101953Z     'x-ms-client-request-id': 'eb70d430-0ccc-11f1-9d9d-96dd9b170a45'
2026-02-18T13:22:48.8101975Z     'User-Agent': 'azsdk-python-azuremonitorclient/unknown Python/3.11.14 (Linux-6.6.119.3-1.azl3-x86_64-with-glibc2.31)'
2026-02-18T13:22:48.8101993Z A body is sent with the request
2026-02-18T13:22:48.9023687Z 2026-02-18 13:22:48,902 - azure.core.pipeline.policies.http_logging_policy - INFO - Response status: 200
2026-02-18T13:22:48.9024046Z Response headers:
2026-02-18T13:22:48.9024071Z     'Transfer-Encoding': 'chunked'
2026-02-18T13:22:48.9024101Z     'Content-Type': 'application/json; charset=utf-8'
2026-02-18T13:22:48.9024122Z     'Server': 'Microsoft-HTTPAPI/2.0'
2026-02-18T13:22:48.9024146Z     'Strict-Transport-Security': 'REDACTED'
2026-02-18T13:22:48.9024231Z     'X-Content-Type-Options': 'REDACTED'
2026-02-18T13:22:48.9024249Z     'Date': 'Wed, 18 Feb 2026 13:22:48 GMT'
2026-02-18T13:22:48.9030146Z 2026-02-18 13:22:48,902 - azure.monitor.opentelemetry.exporter.export._base - INFO - Transmission succeeded: Item received: 3. Items accepted: 3
2026-02-18T13:22:49.8671680Z 2026-02-18 13:22:49,866 - azure.core.pipeline.policies.http_logging_policy - INFO - Request URL: 'https://westus2-2.in.applicationinsights.azure.com//v2.1/track'
2026-02-18T13:22:49.8672058Z Request method: 'POST'
2026-02-18T13:22:49.8672088Z Request headers:
2026-02-18T13:22:49.8672107Z     'Content-Type': 'application/json'
2026-02-18T13:22:49.8672130Z     'Content-Length': '3720'
2026-02-18T13:22:49.8672151Z     'Accept': 'application/json'
2026-02-18T13:22:49.8672180Z     'x-ms-client-request-id': 'ec122010-0ccc-11f1-b119-96dd9b170a45'
2026-02-18T13:22:49.8672266Z     'User-Agent': 'azsdk-python-azuremonitorclient/unknown Python/3.11.14 (Linux-6.6.119.3-1.azl3-x86_64-with-glibc2.31)'
2026-02-18T13:22:49.8672289Z A body is sent with the request
2026-02-18T13:22:49.9225486Z 2026-02-18 13:22:49,921 - azure.core.pipeline.policies.http_logging_policy - INFO - Response status: 200
2026-02-18T13:22:49.9226002Z Response headers:
2026-02-18T13:22:49.9226033Z     'Transfer-Encoding': 'chunked'
2026-02-18T13:22:49.9226057Z     'Content-Type': 'application/json; charset=utf-8'
2026-02-18T13:22:49.9226075Z     'Server': 'Microsoft-HTTPAPI/2.0'
2026-02-18T13:22:49.9226095Z     'Strict-Transport-Security': 'REDACTED'
2026-02-18T13:22:49.9226115Z     'X-Content-Type-Options': 'REDACTED'
2026-02-18T13:22:49.9226136Z     'Date': 'Wed, 18 Feb 2026 13:22:49 GMT'
2026-02-18T13:22:49.9231957Z 2026-02-18 13:22:49,922 - azure.monitor.opentelemetry.exporter.export._base - INFO - Transmission succeeded: Item received: 3. Items accepted: 3
2026-02-18T13:22:53.9045729Z 2026-02-18 13:22:53,904 - azure.core.pipeline.policies.http_logging_policy - INFO - Request URL: 'https://westus2-2.in.applicationinsights.azure.com//v2.1/track'
2026-02-18T13:22:53.9046101Z Request method: 'POST'
2026-02-18T13:22:53.9046136Z Request headers:
2026-02-18T13:22:53.9046159Z     'Content-Type': 'application/json'
2026-02-18T13:22:53.9046180Z     'Content-Length': '3720'
2026-02-18T13:22:53.9046203Z     'Accept': 'application/json'
2026-02-18T13:22:53.9046226Z     'x-ms-client-request-id': 'ee7a282a-0ccc-11f1-9d9d-96dd9b170a45'
2026-02-18T13:22:53.9046254Z     'User-Agent': 'azsdk-python-azuremonitorclient/unknown Python/3.11.14 (Linux-6.6.119.3-1.azl3-x86_64-with-glibc2.31)'
2026-02-18T13:22:53.9046276Z A body is sent with the request
2026-02-18T13:22:53.9883262Z 2026-02-18 13:22:53,988 - azure.core.pipeline.policies.http_logging_policy - INFO - Response status: 200
2026-02-18T13:22:53.9883602Z Response headers:
2026-02-18T13:22:53.9883638Z     'Transfer-Encoding': 'chunked'
2026-02-18T13:22:53.9883658Z     'Content-Type': 'application/json; charset=utf-8'
2026-02-18T13:22:53.9883677Z     'Server': 'Microsoft-HTTPAPI/2.0'
2026-02-18T13:22:53.9883698Z     'Strict-Transport-Security': 'REDACTED'
2026-02-18T13:22:53.9883717Z     'X-Content-Type-Options': 'REDACTED'
2026-02-18T13:22:53.9883742Z     'Date': 'Wed, 18 Feb 2026 13:22:53 GMT'
2026-02-18T13:22:53.9888983Z 2026-02-18 13:22:53,988 - azure.monitor.opentelemetry.exporter.export._base - INFO - Transmission succeeded: Item received: 3. Items accepted: 3
2026-02-18T13:22:54.9244911Z 2026-02-18 13:22:54,924 - azure.core.pipeline.policies.http_logging_policy - INFO - Request URL: 'https://westus2-2.in.applicationinsights.azure.com//v2.1/track'
2026-02-18T13:22:54.9245373Z Request method: 'POST'
2026-02-18T13:22:54.9245399Z Request headers:
2026-02-18T13:22:54.9245419Z     'Content-Type': 'application/json'
2026-02-18T13:22:54.9245437Z     'Content-Length': '3720'
2026-02-18T13:22:54.9245456Z     'Accept': 'application/json'
2026-02-18T13:22:54.9245477Z     'x-ms-client-request-id': 'ef15cee2-0ccc-11f1-b119-96dd9b170a45'
2026-02-18T13:22:54.9245499Z     'User-Agent': 'azsdk-python-azuremonitorclient/unknown Python/3.11.14 (Linux-6.6.119.3-1.azl3-x86_64-with-glibc2.31)'
2026-02-18T13:22:54.9245519Z A body is sent with the request
2026-02-18T13:22:54.9914574Z 2026-02-18 13:22:54,991 - azure.core.pipeline.policies.http_logging_policy - INFO - Response status: 200
2026-02-18T13:22:54.9914940Z Response headers:
2026-02-18T13:22:54.9914966Z     'Transfer-Encoding': 'chunked'
2026-02-18T13:22:54.9915054Z     'Content-Type': 'application/json; charset=utf-8'
2026-02-18T13:22:54.9915073Z     'Server': 'Microsoft-HTTPAPI/2.0'
2026-02-18T13:22:54.9915093Z     'Strict-Transport-Security': 'REDACTED'
2026-02-18T13:22:54.9915112Z     'X-Content-Type-Options': 'REDACTED'
2026-02-18T13:22:54.9915129Z     'Date': 'Wed, 18 Feb 2026 13:22:54 GMT'
2026-02-18T13:22:54.9919120Z 2026-02-18 13:22:54,991 - azure.monitor.opentelemetry.exporter.export._base - INFO - Transmission succeeded: Item received: 3. Items accepted: 3
2026-02-18T13:22:58.9918047Z 2026-02-18 13:22:58,990 - azure.core.pipeline.policies.http_logging_policy - INFO - Request URL: 'https://westus2-2.in.applicationinsights.azure.com//v2.1/track'
2026-02-18T13:22:58.9918442Z Request method: 'POST'
2026-02-18T13:22:58.9918474Z Request headers:
2026-02-18T13:22:58.9918564Z     'Content-Type': 'application/json'
2026-02-18T13:22:58.9918588Z     'Content-Length': '3720'
2026-02-18T13:22:58.9918609Z     'Accept': 'application/json'
2026-02-18T13:22:58.9918632Z     'x-ms-client-request-id': 'f182557e-0ccc-11f1-9d9d-96dd9b170a45'
2026-02-18T13:22:58.9918661Z     'User-Agent': 'azsdk-python-azuremonitorclient/unknown Python/3.11.14 (Linux-6.6.119.3-1.azl3-x86_64-with-glibc2.31)'
2026-02-18T13:22:58.9918685Z A body is sent with the request
2026-02-18T13:22:59.1064769Z 2026-02-18 13:22:59,106 - azure.core.pipeline.policies.http_logging_policy - INFO - Response status: 200
2026-02-18T13:22:59.1065208Z Response headers:
2026-02-18T13:22:59.1065237Z     'Transfer-Encoding': 'chunked'
2026-02-18T13:22:59.1065260Z     'Content-Type': 'application/json; charset=utf-8'
2026-02-18T13:22:59.1065279Z     'Server': 'Microsoft-HTTPAPI/2.0'
2026-02-18T13:22:59.1065359Z     'Strict-Transport-Security': 'REDACTED'
2026-02-18T13:22:59.1065379Z     'X-Content-Type-Options': 'REDACTED'
2026-02-18T13:22:59.1065920Z     'Date': 'Wed, 18 Feb 2026 13:22:58 GMT'
2026-02-18T13:22:59.1073040Z 2026-02-18 13:22:59,106 - azure.monitor.opentelemetry.exporter.export._base - INFO - Transmission succeeded: Item received: 3. Items accepted: 3
2026-02-18T13:22:59.9935559Z 2026-02-18 13:22:59,993 - azure.core.pipeline.policies.http_logging_policy - INFO - Request URL: 'https://westus2-2.in.applicationinsights.azure.com//v2.1/track'
2026-02-18T13:22:59.9936085Z Request method: 'POST'
2026-02-18T13:22:59.9936121Z Request headers:
2026-02-18T13:22:59.9936141Z     'Content-Type': 'application/json'
2026-02-18T13:22:59.9936161Z     'Content-Length': '3719'
2026-02-18T13:22:59.9936181Z     'Accept': 'application/json'
2026-02-18T13:22:59.9936257Z     'x-ms-client-request-id': 'f21b49fa-0ccc-11f1-b119-96dd9b170a45'
2026-02-18T13:22:59.9936285Z     'User-Agent': 'azsdk-python-azuremonitorclient/unknown Python/3.11.14 (Linux-6.6.119.3-1.azl3-x86_64-with-glibc2.31)'
2026-02-18T13:22:59.9936304Z A body is sent with the request
2026-02-18T13:23:00.0641105Z 2026-02-18 13:23:00,063 - azure.core.pipeline.policies.http_logging_policy - INFO - Response status: 200
2026-02-18T13:23:00.0642194Z Response headers:
2026-02-18T13:23:00.0642230Z     'Transfer-Encoding': 'chunked'
2026-02-18T13:23:00.0642263Z     'Content-Type': 'application/json; charset=utf-8'
2026-02-18T13:23:00.0642282Z     'Server': 'Microsoft-HTTPAPI/2.0'
2026-02-18T13:23:00.0642301Z     'Strict-Transport-Security': 'REDACTED'
2026-02-18T13:23:00.0642320Z     'X-Content-Type-Options': 'REDACTED'
2026-02-18T13:23:00.0642341Z     'Date': 'Wed, 18 Feb 2026 13:22:59 GMT'
2026-02-18T13:23:00.0649568Z 2026-02-18 13:23:00,064 - azure.monitor.opentelemetry.exporter.export._base - INFO - Transmission succeeded: Item received: 3. Items accepted: 3
2026-02-18T13:23:04.1102839Z 2026-02-18 13:23:04,109 - azure.core.pipeline.policies.http_logging_policy - INFO - Request URL: 'https://westus2-2.in.applicationinsights.azure.com//v2.1/track'
2026-02-18T13:23:04.1103207Z Request method: 'POST'
2026-02-18T13:23:04.1103236Z Request headers:
2026-02-18T13:23:04.1103263Z     'Content-Type': 'application/json'
2026-02-18T13:23:04.1103293Z     'Content-Length': '3719'
2026-02-18T13:23:04.1103317Z     'Accept': 'application/json'
2026-02-18T13:23:04.1103344Z     'x-ms-client-request-id': 'f48f4b28-0ccc-11f1-9d9d-96dd9b170a45'
2026-02-18T13:23:04.1103375Z     'User-Agent': 'azsdk-python-azuremonitorclient/unknown Python/3.11.14 (Linux-6.6.119.3-1.azl3-x86_64-with-glibc2.31)'
2026-02-18T13:23:04.1103470Z A body is sent with the request
2026-02-18T13:23:04.1816061Z 2026-02-18 13:23:04,181 - azure.core.pipeline.policies.http_logging_policy - INFO - Response status: 200
2026-02-18T13:23:04.1816668Z Response headers:
2026-02-18T13:23:04.1816716Z     'Transfer-Encoding': 'chunked'
2026-02-18T13:23:04.1816741Z     'Content-Type': 'application/json; charset=utf-8'
2026-02-18T13:23:04.1816764Z     'Server': 'Microsoft-HTTPAPI/2.0'
2026-02-18T13:23:04.1816788Z     'Strict-Transport-Security': 'REDACTED'
2026-02-18T13:23:04.1816812Z     'X-Content-Type-Options': 'REDACTED'
2026-02-18T13:23:04.1816835Z     'Date': 'Wed, 18 Feb 2026 13:23:03 GMT'
2026-02-18T13:23:04.1821471Z 2026-02-18 13:23:04,181 - azure.monitor.opentelemetry.exporter.export._base - INFO - Transmission succeeded: Item received: 3. Items accepted: 3
2026-02-18T13:23:05.0671754Z 2026-02-18 13:23:05,066 - azure.core.pipeline.policies.http_logging_policy - INFO - Request URL: 'https://westus2-2.in.applicationinsights.azure.com//v2.1/track'
2026-02-18T13:23:05.0672147Z Request method: 'POST'
2026-02-18T13:23:05.0672176Z Request headers:
2026-02-18T13:23:05.0672201Z     'Content-Type': 'application/json'
2026-02-18T13:23:05.0672221Z     'Content-Length': '3720'
2026-02-18T13:23:05.0672242Z     'Accept': 'application/json'
2026-02-18T13:23:05.0672264Z     'x-ms-client-request-id': 'f521753e-0ccc-11f1-b119-96dd9b170a45'
2026-02-18T13:23:05.0672288Z     'User-Agent': 'azsdk-python-azuremonitorclient/unknown Python/3.11.14 (Linux-6.6.119.3-1.azl3-x86_64-with-glibc2.31)'
2026-02-18T13:23:05.0672312Z A body is sent with the request
2026-02-18T13:23:05.1906381Z 2026-02-18 13:23:05,190 - azure.core.pipeline.policies.http_logging_policy - INFO - Response status: 200
2026-02-18T13:23:05.1906682Z Response headers:
2026-02-18T13:23:05.1906708Z     'Transfer-Encoding': 'chunked'
2026-02-18T13:23:05.1906727Z     'Content-Type': 'application/json; charset=utf-8'
2026-02-18T13:23:05.1906745Z     'Server': 'Microsoft-HTTPAPI/2.0'
2026-02-18T13:23:05.1906763Z     'Strict-Transport-Security': 'REDACTED'
2026-02-18T13:23:05.1906781Z     'X-Content-Type-Options': 'REDACTED'
2026-02-18T13:23:05.1906799Z     'Date': 'Wed, 18 Feb 2026 13:23:04 GMT'
2026-02-18T13:23:05.1915841Z 2026-02-18 13:23:05,191 - azure.monitor.opentelemetry.exporter.export._base - INFO - Transmission succeeded: Item received: 3. Items accepted: 3
2026-02-18T13:23:09.1852950Z 2026-02-18 13:23:09,183 - azure.core.pipeline.policies.http_logging_policy - INFO - Request URL: 'https://westus2-2.in.applicationinsights.azure.com//v2.1/track'
2026-02-18T13:23:09.1853535Z Request method: 'POST'
2026-02-18T13:23:09.1853564Z Request headers:
2026-02-18T13:23:09.1853590Z     'Content-Type': 'application/json'
2026-02-18T13:23:09.1853617Z     'Content-Length': '3720'
2026-02-18T13:23:09.1853643Z     'Accept': 'application/json'
2026-02-18T13:23:09.1853672Z     'x-ms-client-request-id': 'f795aaec-0ccc-11f1-9d9d-96dd9b170a45'
2026-02-18T13:23:09.1853701Z     'User-Agent': 'azsdk-python-azuremonitorclient/unknown Python/3.11.14 (Linux-6.6.119.3-1.azl3-x86_64-with-glibc2.31)'
2026-02-18T13:23:09.1853725Z A body is sent with the request
2026-02-18T13:23:09.2939203Z 2026-02-18 13:23:09,293 - azure.core.pipeline.policies.http_logging_policy - INFO - Response status: 200
2026-02-18T13:23:09.2939572Z Response headers:
2026-02-18T13:23:09.2939661Z     'Transfer-Encoding': 'chunked'
2026-02-18T13:23:09.2939683Z     'Content-Type': 'application/json; charset=utf-8'
2026-02-18T13:23:09.2939702Z     'Server': 'Microsoft-HTTPAPI/2.0'
2026-02-18T13:23:09.2939721Z     'Strict-Transport-Security': 'REDACTED'
2026-02-18T13:23:09.2939741Z     'X-Content-Type-Options': 'REDACTED'
2026-02-18T13:23:09.2939760Z     'Date': 'Wed, 18 Feb 2026 13:23:08 GMT'
2026-02-18T13:23:09.2943170Z 2026-02-18 13:23:09,294 - azure.monitor.opentelemetry.exporter.export._base - INFO - Transmission succeeded: Item received: 3. Items accepted: 3
2026-02-18T13:23:10.1933147Z 2026-02-18 13:23:10,193 - azure.core.pipeline.policies.http_logging_policy - INFO - Request URL: 'https://westus2-2.in.applicationinsights.azure.com//v2.1/track'
2026-02-18T13:23:10.1933503Z Request method: 'POST'
2026-02-18T13:23:10.1933530Z Request headers:
2026-02-18T13:23:10.1933604Z     'Content-Type': 'application/json'
2026-02-18T13:23:10.1933628Z     'Content-Length': '3719'
2026-02-18T13:23:10.1933647Z     'Accept': 'application/json'
2026-02-18T13:23:10.1933666Z     'x-ms-client-request-id': 'f82fa610-0ccc-11f1-b119-96dd9b170a45'
2026-02-18T13:23:10.1933691Z     'User-Agent': 'azsdk-python-azuremonitorclient/unknown Python/3.11.14 (Linux-6.6.119.3-1.azl3-x86_64-with-glibc2.31)'
2026-02-18T13:23:10.1933709Z A body is sent with the request
2026-02-18T13:23:10.2087799Z 2026-02-18 13:23:10,208 - azure.core.pipeline.policies.http_logging_policy - INFO - Request URL: 'https://westus2-2.in.applicationinsights.azure.com//v2.1/track'
2026-02-18T13:23:10.2088299Z Request method: 'POST'
2026-02-18T13:23:10.2088762Z Request headers:
2026-02-18T13:23:10.2088786Z     'Content-Type': 'application/json'
2026-02-18T13:23:10.2088847Z     'Content-Length': '2454'
2026-02-18T13:23:10.2088867Z     'Accept': 'application/json'
2026-02-18T13:23:10.2088888Z     'x-ms-client-request-id': 'f8320220-0ccc-11f1-bacf-96dd9b170a45'
2026-02-18T13:23:10.2088910Z     'User-Agent': 'azsdk-python-azuremonitorclient/unknown Python/3.11.14 (Linux-6.6.119.3-1.azl3-x86_64-with-glibc2.31)'
2026-02-18T13:23:10.2088928Z A body is sent with the request
2026-02-18T13:23:10.3139315Z 2026-02-18 13:23:10,313 - azure.core.pipeline.policies.http_logging_policy - INFO - Response status: 200
2026-02-18T13:23:10.3139661Z Response headers:
2026-02-18T13:23:10.3139696Z     'Transfer-Encoding': 'chunked'
2026-02-18T13:23:10.3139722Z     'Content-Type': 'application/json; charset=utf-8'
2026-02-18T13:23:10.3139745Z     'Server': 'Microsoft-HTTPAPI/2.0'
2026-02-18T13:23:10.3139772Z     'Strict-Transport-Security': 'REDACTED'
2026-02-18T13:23:10.3139856Z     'X-Content-Type-Options': 'REDACTED'
2026-02-18T13:23:10.3139880Z     'Date': 'Wed, 18 Feb 2026 13:23:09 GMT'
2026-02-18T13:23:10.3143541Z 2026-02-18 13:23:10,314 - azure.monitor.opentelemetry.exporter.export._base - INFO - Transmission succeeded: Item received: 3. Items accepted: 3
2026-02-18T13:23:10.3845596Z 2026-02-18 13:23:10,384 - azure.core.pipeline.policies.http_logging_policy - INFO - Response status: 200
2026-02-18T13:23:10.3845980Z Response headers:
2026-02-18T13:23:10.3846005Z     'Transfer-Encoding': 'chunked'
2026-02-18T13:23:10.3846025Z     'Content-Type': 'application/json; charset=utf-8'
2026-02-18T13:23:10.3846046Z     'Server': 'Microsoft-HTTPAPI/2.0'
2026-02-18T13:23:10.3846066Z     'Strict-Transport-Security': 'REDACTED'
2026-02-18T13:23:10.3846087Z     'X-Content-Type-Options': 'REDACTED'
2026-02-18T13:23:10.3846160Z     'Date': 'Wed, 18 Feb 2026 13:23:10 GMT'
2026-02-18T13:23:10.3851680Z 2026-02-18 13:23:10,384 - azure.monitor.opentelemetry.exporter.export._base - INFO - Transmission succeeded: Item received: 3. Items accepted: 3
2026-02-18T13:23:10.4024155Z 2026-02-18 13:23:10,402 - azure.core.pipeline.policies.http_logging_policy - INFO - Request URL: 'https://westus2-2.in.applicationinsights.azure.com//v2.1/track'
2026-02-18T13:23:10.4024427Z Request method: 'POST'
2026-02-18T13:23:10.4024451Z Request headers:
2026-02-18T13:23:10.4024476Z     'Content-Type': 'application/json'
2026-02-18T13:23:10.4024498Z     'Content-Length': '2454'
2026-02-18T13:23:10.4024522Z     'Accept': 'application/json'
2026-02-18T13:23:10.4024545Z     'x-ms-client-request-id': 'f84f8da4-0ccc-11f1-b3bc-96dd9b170a45'
2026-02-18T13:23:10.4024571Z     'User-Agent': 'azsdk-python-azuremonitorclient/unknown Python/3.11.14 (Linux-6.6.119.3-1.azl3-x86_64-with-glibc2.31)'
2026-02-18T13:23:10.4024597Z A body is sent with the request
2026-02-18T13:23:10.4315219Z 2026-02-18 13:23:10,431 - azure.core.pipeline.policies.http_logging_policy - INFO - Request URL: 'https://westus-0.in.applicationinsights.azure.com//v2.1/track'
2026-02-18T13:23:10.4315565Z Request method: 'POST'
2026-02-18T13:23:10.4315593Z Request headers:
2026-02-18T13:23:10.4315615Z     'Content-Type': 'application/json'
2026-02-18T13:23:10.4315636Z     'Content-Length': '1431'
2026-02-18T13:23:10.4315656Z     'Accept': 'application/json'
2026-02-18T13:23:10.4315680Z     'x-ms-client-request-id': 'f853fff6-0ccc-11f1-b1fc-96dd9b170a45'
2026-02-18T13:23:10.4315708Z     'User-Agent': 'azsdk-python-azuremonitorclient/unknown Python/3.11.14 (Linux-6.6.119.3-1.azl3-x86_64-with-glibc2.31)'
2026-02-18T13:23:10.4315730Z A body is sent with the request
2026-02-18T13:23:10.4693082Z 2026-02-18 13:23:10,469 - azure.core.pipeline.policies.http_logging_policy - INFO - Response status: 200
2026-02-18T13:23:10.4693437Z Response headers:
2026-02-18T13:23:10.4693469Z     'Transfer-Encoding': 'chunked'
2026-02-18T13:23:10.4693545Z     'Content-Type': 'application/json; charset=utf-8'
2026-02-18T13:23:10.4693565Z     'Server': 'Microsoft-HTTPAPI/2.0'
2026-02-18T13:23:10.4693587Z     'Strict-Transport-Security': 'REDACTED'
2026-02-18T13:23:10.4693610Z     'X-Content-Type-Options': 'REDACTED'
2026-02-18T13:23:10.4693628Z     'Date': 'Wed, 18 Feb 2026 13:23:09 GMT'
2026-02-18T13:23:10.4699030Z 2026-02-18 13:23:10,469 - azure.monitor.opentelemetry.exporter.export._base - INFO - Transmission succeeded: Item received: 3. Items accepted: 3
2026-02-18T13:23:10.5806699Z 2026-02-18 13:23:10,580 - azure.core.pipeline.policies.http_logging_policy - INFO - Response status: 200
2026-02-18T13:23:10.5807117Z Response headers:
2026-02-18T13:23:10.5807150Z     'Transfer-Encoding': 'chunked'
2026-02-18T13:23:10.5807178Z     'Content-Type': 'application/json; charset=utf-8'
2026-02-18T13:23:10.5807257Z     'Server': 'Microsoft-HTTPAPI/2.0'
2026-02-18T13:23:10.5807280Z     'Strict-Transport-Security': 'REDACTED'
2026-02-18T13:23:10.5807301Z     'X-Content-Type-Options': 'REDACTED'
2026-02-18T13:23:10.5807323Z     'Date': 'Wed, 18 Feb 2026 13:23:09 GMT'
2026-02-18T13:23:10.9914863Z 2026-02-18 13:23:10,991 - azure.core.pipeline.policies.http_logging_policy - INFO - Request URL: 'https://westus-0.in.applicationinsights.azure.com//v2.1/track'
2026-02-18T13:23:10.9915216Z Request method: 'POST'
2026-02-18T13:23:10.9915243Z Request headers:
2026-02-18T13:23:10.9915269Z     'Content-Type': 'application/json'
2026-02-18T13:23:10.9915291Z     'Content-Length': '1425'
2026-02-18T13:23:10.9915312Z     'Accept': 'application/json'
2026-02-18T13:23:10.9915385Z     'x-ms-client-request-id': 'f8a96ffe-0ccc-11f1-b869-96dd9b170a45'
2026-02-18T13:23:10.9915411Z     'User-Agent': 'azsdk-python-azuremonitorclient/unknown Python/3.11.14 (Linux-6.6.119.3-1.azl3-x86_64-with-glibc2.31)'
2026-02-18T13:23:10.9915434Z A body is sent with the request
2026-02-18T13:23:11.2059641Z 2026-02-18 13:23:11,205 - azure.core.pipeline.policies.http_logging_policy - INFO - Response status: 200
2026-02-18T13:23:11.2060202Z Response headers:
2026-02-18T13:23:11.2060234Z     'Transfer-Encoding': 'chunked'
2026-02-18T13:23:11.2060254Z     'Content-Type': 'application/json; charset=utf-8'
2026-02-18T13:23:11.2060280Z     'Server': 'Microsoft-HTTPAPI/2.0'
2026-02-18T13:23:11.2060302Z     'Strict-Transport-Security': 'REDACTED'
2026-02-18T13:23:11.2060322Z     'X-Content-Type-Options': 'REDACTED'
2026-02-18T13:23:11.2060340Z     'Date': 'Wed, 18 Feb 2026 13:23:10 GMT'
2026-02-18T13:23:14.2969640Z 2026-02-18 13:23:14,296 - azure.core.pipeline.policies.http_logging_policy - INFO - Request URL: 'https://westus2-2.in.applicationinsights.azure.com//v2.1/track'
2026-02-18T13:23:14.2970023Z Request method: 'POST'
2026-02-18T13:23:14.2970050Z Request headers:
2026-02-18T13:23:14.2970068Z     'Content-Type': 'application/json'
2026-02-18T13:23:14.2970086Z     'Content-Length': '10123'
2026-02-18T13:23:14.2970104Z     'Accept': 'application/json'
2026-02-18T13:23:14.2970124Z     'x-ms-client-request-id': 'faa1cf72-0ccc-11f1-9d9d-96dd9b170a45'
2026-02-18T13:23:14.2970157Z     'User-Agent': 'azsdk-python-azuremonitorclient/unknown Python/3.11.14 (Linux-6.6.119.3-1.azl3-x86_64-with-glibc2.31)'
2026-02-18T13:23:14.2970179Z A body is sent with the request
2026-02-18T13:23:14.4040070Z 2026-02-18 13:23:14,403 - azure.core.pipeline.policies.http_logging_policy - INFO - Response status: 200
2026-02-18T13:23:14.4040850Z Response headers:
2026-02-18T13:23:14.4040884Z     'Transfer-Encoding': 'chunked'
2026-02-18T13:23:14.4040907Z     'Content-Type': 'application/json; charset=utf-8'
2026-02-18T13:23:14.4040928Z     'Server': 'Microsoft-HTTPAPI/2.0'
2026-02-18T13:23:14.4040949Z     'Strict-Transport-Security': 'REDACTED'
2026-02-18T13:23:14.4040969Z     'X-Content-Type-Options': 'REDACTED'
2026-02-18T13:23:14.4040989Z     'Date': 'Wed, 18 Feb 2026 13:23:13 GMT'
2026-02-18T13:23:14.4042594Z 2026-02-18 13:23:14,404 - azure.monitor.opentelemetry.exporter.export._base - INFO - Transmission succeeded: Item received: 8. Items accepted: 8
2026-02-18T13:23:14.5786709Z 2026-02-18 13:23:14,578 - azure.identity._credentials.environment - INFO - Incomplete environment configuration for EnvironmentCredential. These variables are set: AZURE_CLIENT_ID
2026-02-18T13:23:14.5797283Z 2026-02-18 13:23:14,578 - azure.identity._credentials.managed_identity - INFO - ManagedIdentityCredential will use App Service managed identity
2026-02-18T13:23:14.5834841Z 2026-02-18 13:23:14,582 - azure.core.pipeline.policies.http_logging_policy - INFO - Request URL: 'http://169.254.129.3:8081/msi/token?api-version=REDACTED&resource=REDACTED&client_id=REDACTED'
2026-02-18T13:23:14.5835035Z Request method: 'GET'
2026-02-18T13:23:14.5835056Z Request headers:
2026-02-18T13:23:14.5835076Z     'X-IDENTITY-HEADER': 'REDACTED'
2026-02-18T13:23:14.5835097Z     'User-Agent': 'azsdk-python-identity/1.17.1 Python/3.11.14 (Linux-6.6.119.3-1.azl3-x86_64-with-glibc2.31)'
2026-02-18T13:23:14.5835121Z     'traceparent': '00-3c1c1cc6ca18fa8a8bb868c8d8a21da4-ea2fcb7e7f7bbc09-01'
2026-02-18T13:23:14.5835139Z No body was attached to the request
2026-02-18T13:23:14.5840989Z 2026-02-18 13:23:14,583 - azure.identity._credentials.environment - INFO - Incomplete environment configuration for EnvironmentCredential. These variables are set: AZURE_CLIENT_ID
2026-02-18T13:23:14.5842051Z 2026-02-18 13:23:14,584 - azure.identity._credentials.managed_identity - INFO - ManagedIdentityCredential will use App Service managed identity
2026-02-18T13:23:14.5861202Z 2026-02-18 13:23:14,584 - azure.core.pipeline.policies.http_logging_policy - INFO - Request URL: 'http://169.254.129.3:8081/msi/token?api-version=REDACTED&resource=REDACTED&client_id=REDACTED'
2026-02-18T13:23:14.5861301Z Request method: 'GET'
2026-02-18T13:23:14.5861322Z Request headers:
2026-02-18T13:23:14.5861343Z     'X-IDENTITY-HEADER': 'REDACTED'
2026-02-18T13:23:14.5861367Z     'User-Agent': 'azsdk-python-identity/1.17.1 Python/3.11.14 (Linux-6.6.119.3-1.azl3-x86_64-with-glibc2.31)'
2026-02-18T13:23:14.5861390Z     'traceparent': '00-18e3a9466cf54a45282303625278d3c8-65bd23f1a10f3448-01'
2026-02-18T13:23:14.5861410Z No body was attached to the request
2026-02-18T13:23:14.6985253Z 2026-02-18 13:23:14,697 - azure.core.pipeline.policies.http_logging_policy - INFO - Response status: 200
2026-02-18T13:23:14.6985568Z Response headers:
2026-02-18T13:23:14.6985597Z     'Content-Type': 'application/json; charset=utf-8'
2026-02-18T13:23:14.6985618Z     'Date': 'Wed, 18 Feb 2026 13:23:14 GMT'
2026-02-18T13:23:14.6985638Z     'Server': 'Kestrel'
2026-02-18T13:23:14.6985658Z     'Transfer-Encoding': 'chunked'
2026-02-18T13:23:14.6985680Z     'X-CORRELATION-ID': 'REDACTED'
2026-02-18T13:23:14.6985706Z 2026-02-18 13:23:14,698 - azure.identity._credentials.chained - INFO - DefaultAzureCredential acquired a token from ManagedIdentityCredential
2026-02-18T13:23:14.6998641Z 2026-02-18 13:23:14,698 - azure.core.pipeline.policies.http_logging_policy - INFO - Response status: 200
2026-02-18T13:23:14.6998808Z Response headers:
2026-02-18T13:23:14.6999412Z     'Content-Type': 'application/json; charset=utf-8'
2026-02-18T13:23:14.6999436Z     'Date': 'Wed, 18 Feb 2026 13:23:14 GMT'
2026-02-18T13:23:14.6999483Z     'Server': 'Kestrel'
2026-02-18T13:23:14.6999505Z     'Transfer-Encoding': 'chunked'
2026-02-18T13:23:14.6999526Z     'X-CORRELATION-ID': 'REDACTED'
2026-02-18T13:23:14.6999655Z 2026-02-18 13:23:14,699 - azure.identity._credentials.chained - INFO - DefaultAzureCredential acquired a token from ManagedIdentityCredential
2026-02-18T13:23:14.7927465Z 2026-02-18 13:23:14,792 - azure.identity._credentials.environment - INFO - Incomplete environment configuration for EnvironmentCredential. These variables are set: AZURE_CLIENT_ID
2026-02-18T13:23:14.7927883Z 2026-02-18 13:23:14,792 - azure.identity._credentials.environment - INFO - Incomplete environment configuration for EnvironmentCredential. These variables are set: AZURE_CLIENT_ID
2026-02-18T13:23:14.7976411Z 2026-02-18 13:23:14,793 - azure.identity._credentials.managed_identity - INFO - ManagedIdentityCredential will use App Service managed identity
2026-02-18T13:23:14.7976620Z 2026-02-18 13:23:14,793 - azure.identity._credentials.managed_identity - INFO - ManagedIdentityCredential will use App Service managed identity
2026-02-18T13:23:14.7976689Z 2026-02-18 13:23:14,794 - azure.core.pipeline.policies.http_logging_policy - INFO - Request URL: 'http://169.254.129.3:8081/msi/token?api-version=REDACTED&resource=REDACTED&client_id=REDACTED'
2026-02-18T13:23:14.7976713Z Request method: 'GET'
2026-02-18T13:23:14.7976735Z Request headers:
2026-02-18T13:23:14.7976756Z     'X-IDENTITY-HEADER': 'REDACTED'
2026-02-18T13:23:14.7976781Z     'User-Agent': 'azsdk-python-identity/1.17.1 Python/3.11.14 (Linux-6.6.119.3-1.azl3-x86_64-with-glibc2.31)'
2026-02-18T13:23:14.7976805Z     'traceparent': '00-1f78c4c825d15fe1e65c2ddea08c95fe-3648e37ee1bf87b6-01'
2026-02-18T13:23:14.7976825Z No body was attached to the request
2026-02-18T13:23:14.7976855Z 2026-02-18 13:23:14,794 - azure.core.pipeline.policies.http_logging_policy - INFO - Request URL: 'http://169.254.129.3:8081/msi/token?api-version=REDACTED&resource=REDACTED&client_id=REDACTED'
2026-02-18T13:23:14.7976875Z Request method: 'GET'
2026-02-18T13:23:14.7976896Z Request headers:
2026-02-18T13:23:14.7976917Z     'X-IDENTITY-HEADER': 'REDACTED'
2026-02-18T13:23:14.7976959Z     'User-Agent': 'azsdk-python-identity/1.17.1 Python/3.11.14 (Linux-6.6.119.3-1.azl3-x86_64-with-glibc2.31)'
2026-02-18T13:23:14.7976983Z     'traceparent': '00-4f408715e2ce0ef406a2dc17b17e1950-c974fc0a7ac88079-01'
2026-02-18T13:23:14.7977006Z No body was attached to the request
2026-02-18T13:23:14.8111584Z 2026-02-18 13:23:14,809 - azure.core.pipeline.policies.http_logging_policy - INFO - Response status: 200
2026-02-18T13:23:14.8113963Z Response headers:
2026-02-18T13:23:14.8114001Z     'Content-Type': 'application/json; charset=utf-8'
2026-02-18T13:23:14.8114015Z     'Date': 'Wed, 18 Feb 2026 13:23:14 GMT'
2026-02-18T13:23:14.8114029Z     'Server': 'Kestrel'
2026-02-18T13:23:14.8114042Z     'Transfer-Encoding': 'chunked'
2026-02-18T13:23:14.8114054Z     'X-CORRELATION-ID': 'REDACTED'
2026-02-18T13:23:14.8114110Z 2026-02-18 13:23:14,810 - azure.identity._credentials.chained - INFO - DefaultAzureCredential acquired a token from ManagedIdentityCredential
2026-02-18T13:23:14.8457961Z 2026-02-18 13:23:14,845 - azure.core.pipeline.policies.http_logging_policy - INFO - Response status: 200
2026-02-18T13:23:14.8458422Z Response headers:
2026-02-18T13:23:14.8458452Z     'Content-Type': 'application/json; charset=utf-8'
2026-02-18T13:23:14.8458478Z     'Date': 'Wed, 18 Feb 2026 13:23:14 GMT'
2026-02-18T13:23:14.8458499Z     'Server': 'Kestrel'
2026-02-18T13:23:14.8458517Z     'Transfer-Encoding': 'chunked'
2026-02-18T13:23:14.8458534Z     'X-CORRELATION-ID': 'REDACTED'
2026-02-18T13:23:14.8476694Z 2026-02-18 13:23:14,846 - azure.identity._credentials.chained - INFO - DefaultAzureCredential acquired a token from ManagedIdentityCredential
2026-02-18T13:23:14.9747961Z 2026-02-18 13:23:14,973 - app.main - INFO - Background scan completed: 40 results
2026-02-18T13:23:15.0020965Z 2026-02-18 13:23:15,001 - app.main - INFO - Background scan completed: 40 results
2026-02-18T13:23:15.3182906Z 2026-02-18 13:23:15,318 - azure.core.pipeline.policies.http_logging_policy - INFO - Request URL: 'https://westus2-2.in.applicationinsights.azure.com//v2.1/track'
2026-02-18T13:23:15.3183434Z Request method: 'POST'
2026-02-18T13:23:15.3183461Z Request headers:
2026-02-18T13:23:15.3183480Z     'Content-Type': 'application/json'
2026-02-18T13:23:15.3183498Z     'Content-Length': '22489'
2026-02-18T13:23:15.3183514Z     'Accept': 'application/json'
2026-02-18T13:23:15.3183531Z     'x-ms-client-request-id': 'fb3da8c0-0ccc-11f1-b119-96dd9b170a45'
2026-02-18T13:23:15.3183554Z     'User-Agent': 'azsdk-python-azuremonitorclient/unknown Python/3.11.14 (Linux-6.6.119.3-1.azl3-x86_64-with-glibc2.31)'
2026-02-18T13:23:15.3183574Z A body is sent with the request
2026-02-18T13:23:15.4436533Z 2026-02-18 13:23:15,443 - azure.core.pipeline.policies.http_logging_policy - INFO - Response status: 200
2026-02-18T13:23:15.4436931Z Response headers:
2026-02-18T13:23:15.4436965Z     'Transfer-Encoding': 'chunked'
2026-02-18T13:23:15.4436996Z     'Content-Type': 'application/json; charset=utf-8'
2026-02-18T13:23:15.4437021Z     'Server': 'Microsoft-HTTPAPI/2.0'
2026-02-18T13:23:15.4437048Z     'Strict-Transport-Security': 'REDACTED'
2026-02-18T13:23:15.4437076Z     'X-Content-Type-Options': 'REDACTED'
2026-02-18T13:23:15.4437100Z     'Date': 'Wed, 18 Feb 2026 13:23:14 GMT'
2026-02-18T13:23:15.4441725Z 2026-02-18 13:23:15,443 - azure.monitor.opentelemetry.exporter.export._base - INFO - Transmission succeeded: Item received: 19. Items accepted: 19
2026-02-18T13:23:15.8902054Z 2026-02-18 13:23:15,889 - azure.core.pipeline.policies.http_logging_policy - INFO - Request URL: 'https://westus2-2.in.applicationinsights.azure.com//v2.1/track'
2026-02-18T13:23:15.8902461Z Request method: 'POST'
2026-02-18T13:23:15.8902491Z Request headers:
2026-02-18T13:23:15.8902514Z     'Content-Type': 'application/json'
2026-02-18T13:23:15.8902538Z     'Content-Length': '6308'
2026-02-18T13:23:15.8902557Z     'Accept': 'application/json'
2026-02-18T13:23:15.8902579Z     'x-ms-client-request-id': 'fb94ec8e-0ccc-11f1-8b71-96dd9b170a45'
2026-02-18T13:23:15.8902603Z     'User-Agent': 'azsdk-python-azuremonitorclient/unknown Python/3.11.14 (Linux-6.6.119.3-1.azl3-x86_64-with-glibc2.31)'
2026-02-18T13:23:15.8902624Z A body is sent with the request
2026-02-18T13:23:15.9136562Z 2026-02-18 13:23:15,913 - azure.core.pipeline.policies.http_logging_policy - INFO - Request URL: 'https://westus2-2.in.applicationinsights.azure.com//v2.1/track'
2026-02-18T13:23:15.9136947Z Request method: 'POST'
2026-02-18T13:23:15.9136974Z Request headers:
2026-02-18T13:23:15.9136996Z     'Content-Type': 'application/json'
2026-02-18T13:23:15.9137019Z     'Content-Length': '6308'
2026-02-18T13:23:15.9137042Z     'Accept': 'application/json'
2026-02-18T13:23:15.9137067Z     'x-ms-client-request-id': 'fb988150-0ccc-11f1-bfbe-96dd9b170a45'
2026-02-18T13:23:15.9137094Z     'User-Agent': 'azsdk-python-azuremonitorclient/unknown Python/3.11.14 (Linux-6.6.119.3-1.azl3-x86_64-with-glibc2.31)'
2026-02-18T13:23:15.9137117Z A body is sent with the request
2026-02-18T13:23:16.0081706Z 2026-02-18 13:23:16,007 - azure.core.pipeline.policies.http_logging_policy - INFO - Response status: 200
2026-02-18T13:23:16.0082234Z Response headers:
2026-02-18T13:23:16.0082262Z     'Transfer-Encoding': 'chunked'
2026-02-18T13:23:16.0082334Z     'Content-Type': 'application/json; charset=utf-8'
2026-02-18T13:23:16.0082354Z     'Server': 'Microsoft-HTTPAPI/2.0'
2026-02-18T13:23:16.0082374Z     'Strict-Transport-Security': 'REDACTED'
2026-02-18T13:23:16.0082395Z     'X-Content-Type-Options': 'REDACTED'
2026-02-18T13:23:16.0082416Z     'Date': 'Wed, 18 Feb 2026 13:23:15 GMT'
2026-02-18T13:23:16.0083473Z 2026-02-18 13:23:16,007 - azure.monitor.opentelemetry.exporter.export._base - INFO - Transmission succeeded: Item received: 5. Items accepted: 5
2026-02-18T13:23:16.0382540Z 2026-02-18 13:23:16,038 - azure.core.pipeline.policies.http_logging_policy - INFO - Response status: 200
2026-02-18T13:23:16.0382916Z Response headers:
2026-02-18T13:23:16.0382947Z     'Transfer-Encoding': 'chunked'
2026-02-18T13:23:16.0382968Z     'Content-Type': 'application/json; charset=utf-8'
2026-02-18T13:23:16.0383045Z     'Server': 'Microsoft-HTTPAPI/2.0'
2026-02-18T13:23:16.0383067Z     'Strict-Transport-Security': 'REDACTED'
2026-02-18T13:23:16.0383090Z     'X-Content-Type-Options': 'REDACTED'
2026-02-18T13:23:16.0383111Z     'Date': 'Wed, 18 Feb 2026 13:23:15 GMT'
2026-02-18T13:23:16.0388890Z 2026-02-18 13:23:16,038 - azure.monitor.opentelemetry.exporter.export._base - INFO - Transmission succeeded: Item received: 5. Items accepted: 5
2026-02-18T13:23:19.4083657Z 2026-02-18 13:23:19,408 - azure.core.pipeline.policies.http_logging_policy - INFO - Request URL: 'https://westus2-2.in.applicationinsights.azure.com//v2.1/track'
2026-02-18T13:23:19.4084028Z Request method: 'POST'
2026-02-18T13:23:19.4084056Z Request headers:
2026-02-18T13:23:19.4084077Z     'Content-Type': 'application/json'
2026-02-18T13:23:19.4084100Z     'Content-Length': '19808'
2026-02-18T13:23:19.4084186Z     'Accept': 'application/json'
2026-02-18T13:23:19.4084208Z     'x-ms-client-request-id': 'fdadc09a-0ccc-11f1-9d9d-96dd9b170a45'
2026-02-18T13:23:19.4084234Z     'User-Agent': 'azsdk-python-azuremonitorclient/unknown Python/3.11.14 (Linux-6.6.119.3-1.azl3-x86_64-with-glibc2.31)'
2026-02-18T13:23:19.4084254Z A body is sent with the request
2026-02-18T13:23:19.5199157Z 2026-02-18 13:23:19,519 - azure.core.pipeline.policies.http_logging_policy - INFO - Response status: 200
2026-02-18T13:23:19.5199743Z Response headers:
2026-02-18T13:23:19.5199774Z     'Transfer-Encoding': 'chunked'
2026-02-18T13:23:19.5199795Z     'Content-Type': 'application/json; charset=utf-8'
2026-02-18T13:23:19.5199814Z     'Server': 'Microsoft-HTTPAPI/2.0'
2026-02-18T13:23:19.5199842Z     'Strict-Transport-Security': 'REDACTED'
2026-02-18T13:23:19.5199918Z     'X-Content-Type-Options': 'REDACTED'
2026-02-18T13:23:19.5199941Z     'Date': 'Wed, 18 Feb 2026 13:23:18 GMT'
2026-02-18T13:23:19.5206689Z 2026-02-18 13:23:19,520 - azure.monitor.opentelemetry.exporter.export._base - INFO - Transmission succeeded: Item received: 17. Items accepted: 17
2026-02-18T13:23:20.4471740Z 2026-02-18 13:23:20,446 - azure.core.pipeline.policies.http_logging_policy - INFO - Request URL: 'https://westus2-2.in.applicationinsights.azure.com//v2.1/track'
2026-02-18T13:23:20.4473449Z Request method: 'POST'
2026-02-18T13:23:20.4473496Z Request headers:
2026-02-18T13:23:20.4473518Z     'Content-Type': 'application/json'
2026-02-18T13:23:20.4473541Z     'Content-Length': '7443'
2026-02-18T13:23:20.4473567Z     'Accept': 'application/json'
2026-02-18T13:23:20.4473594Z     'x-ms-client-request-id': 'fe4c35ae-0ccc-11f1-b119-96dd9b170a45'
2026-02-18T13:23:20.4473675Z     'User-Agent': 'azsdk-python-azuremonitorclient/unknown Python/3.11.14 (Linux-6.6.119.3-1.azl3-x86_64-with-glibc2.31)'
2026-02-18T13:23:20.4473697Z A body is sent with the request
2026-02-18T13:23:20.4999103Z 2026-02-18 13:23:20,499 - azure.core.pipeline.policies.http_logging_policy - INFO - Response status: 200
2026-02-18T13:23:20.4999471Z Response headers:
2026-02-18T13:23:20.4999508Z     'Transfer-Encoding': 'chunked'
2026-02-18T13:23:20.4999529Z     'Content-Type': 'application/json; charset=utf-8'
2026-02-18T13:23:20.4999549Z     'Server': 'Microsoft-HTTPAPI/2.0'
2026-02-18T13:23:20.4999568Z     'Strict-Transport-Security': 'REDACTED'
2026-02-18T13:23:20.4999589Z     'X-Content-Type-Options': 'REDACTED'
2026-02-18T13:23:20.4999614Z     'Date': 'Wed, 18 Feb 2026 13:23:19 GMT'
2026-02-18T13:23:20.5002436Z 2026-02-18 13:23:20,500 - azure.monitor.opentelemetry.exporter.export._base - INFO - Transmission succeeded: Item received: 6. Items accepted: 6
2026-02-18T13:23:24.5226216Z 2026-02-18 13:23:24,522 - azure.core.pipeline.policies.http_logging_policy - INFO - Request URL: 'https://westus2-2.in.applicationinsights.azure.com//v2.1/track'
2026-02-18T13:23:24.5226620Z Request method: 'POST'
2026-02-18T13:23:24.5226647Z Request headers:
2026-02-18T13:23:24.5226671Z     'Content-Type': 'application/json'
2026-02-18T13:23:24.5226695Z     'Content-Length': '3723'
2026-02-18T13:23:24.5226722Z     'Accept': 'application/json'
2026-02-18T13:23:24.5226748Z     'x-ms-client-request-id': '00ba1dd8-0ccd-11f1-9d9d-96dd9b170a45'
2026-02-18T13:23:24.5226778Z     'User-Agent': 'azsdk-python-azuremonitorclient/unknown Python/3.11.14 (Linux-6.6.119.3-1.azl3-x86_64-with-glibc2.31)'
2026-02-18T13:23:24.5226799Z A body is sent with the request
2026-02-18T13:23:24.6953031Z 2026-02-18 13:23:24,695 - azure.core.pipeline.policies.http_logging_policy - INFO - Response status: 200
2026-02-18T13:23:24.6953423Z Response headers:
2026-02-18T13:23:24.6953451Z     'Transfer-Encoding': 'chunked'
2026-02-18T13:23:24.6953473Z     'Content-Type': 'application/json; charset=utf-8'
2026-02-18T13:23:24.6953492Z     'Server': 'Microsoft-HTTPAPI/2.0'
2026-02-18T13:23:24.6953510Z     'Strict-Transport-Security': 'REDACTED'
2026-02-18T13:23:24.6953532Z     'X-Content-Type-Options': 'REDACTED'
2026-02-18T13:23:24.6953550Z     'Date': 'Wed, 18 Feb 2026 13:23:23 GMT'
2026-02-18T13:23:24.6959119Z 2026-02-18 13:23:24,695 - azure.monitor.opentelemetry.exporter.export._base - INFO - Transmission succeeded: Item received: 3. Items accepted: 3
2026-02-18T13:23:25.5019522Z 2026-02-18 13:23:25,501 - azure.core.pipeline.policies.http_logging_policy - INFO - Request URL: 'https://westus2-2.in.applicationinsights.azure.com//v2.1/track'
2026-02-18T13:23:25.5019973Z Request method: 'POST'
2026-02-18T13:23:25.5019995Z Request headers:
2026-02-18T13:23:25.5020014Z     'Content-Type': 'application/json'
2026-02-18T13:23:25.5020032Z     'Content-Length': '3720'
2026-02-18T13:23:25.5020051Z     'Accept': 'application/json'
2026-02-18T13:23:25.5020071Z     'x-ms-client-request-id': '014f903e-0ccd-11f1-b119-96dd9b170a45'
2026-02-18T13:23:25.5020095Z     'User-Agent': 'azsdk-python-azuremonitorclient/unknown Python/3.11.14 (Linux-6.6.119.3-1.azl3-x86_64-with-glibc2.31)'
2026-02-18T13:23:25.5020117Z A body is sent with the request
2026-02-18T13:23:25.6083263Z 2026-02-18 13:23:25,608 - azure.core.pipeline.policies.http_logging_policy - INFO - Response status: 200
2026-02-18T13:23:25.6083609Z Response headers:
2026-02-18T13:23:25.6083646Z     'Transfer-Encoding': 'chunked'
2026-02-18T13:23:25.6083728Z     'Content-Type': 'application/json; charset=utf-8'
2026-02-18T13:23:25.6083754Z     'Server': 'Microsoft-HTTPAPI/2.0'
2026-02-18T13:23:25.6083780Z     'Strict-Transport-Security': 'REDACTED'
2026-02-18T13:23:25.6083801Z     'X-Content-Type-Options': 'REDACTED'
2026-02-18T13:23:25.6083821Z     'Date': 'Wed, 18 Feb 2026 13:23:24 GMT'
2026-02-18T13:23:25.6101282Z 2026-02-18 13:23:25,608 - azure.monitor.opentelemetry.exporter.export._base - INFO - Transmission succeeded: Item received: 3. Items accepted: 3
2026-02-18T13:23:29.6973144Z 2026-02-18 13:23:29,697 - azure.core.pipeline.policies.http_logging_policy - INFO - Request URL: 'https://westus2-2.in.applicationinsights.azure.com//v2.1/track'
2026-02-18T13:23:29.6973892Z Request method: 'POST'
2026-02-18T13:23:29.6973924Z Request headers:
2026-02-18T13:23:29.6974007Z     'Content-Type': 'application/json'
2026-02-18T13:23:29.6974030Z     'Content-Length': '3720'
2026-02-18T13:23:29.6974049Z     'Accept': 'application/json'
2026-02-18T13:23:29.6974072Z     'x-ms-client-request-id': '03cfb870-0ccd-11f1-9d9d-96dd9b170a45'
2026-02-18T13:23:29.6974097Z     'User-Agent': 'azsdk-python-azuremonitorclient/unknown Python/3.11.14 (Linux-6.6.119.3-1.azl3-x86_64-with-glibc2.31)'
2026-02-18T13:23:29.6974118Z A body is sent with the request
2026-02-18T13:23:29.8506490Z 2026-02-18 13:23:29,850 - azure.core.pipeline.policies.http_logging_policy - INFO - Response status: 200
2026-02-18T13:23:29.8506852Z Response headers:
2026-02-18T13:23:29.8506881Z     'Transfer-Encoding': 'chunked'
2026-02-18T13:23:29.8506915Z     'Content-Type': 'application/json; charset=utf-8'
2026-02-18T13:23:29.8506933Z     'Server': 'Microsoft-HTTPAPI/2.0'
2026-02-18T13:23:29.8506999Z     'Strict-Transport-Security': 'REDACTED'
2026-02-18T13:23:29.8507017Z     'X-Content-Type-Options': 'REDACTED'
2026-02-18T13:23:29.8507035Z     'Date': 'Wed, 18 Feb 2026 13:23:29 GMT'
2026-02-18T13:23:29.8512457Z 2026-02-18 13:23:29,851 - azure.monitor.opentelemetry.exporter.export._base - INFO - Transmission succeeded: Item received: 3. Items accepted: 3
2026-02-18T13:23:30.6110516Z 2026-02-18 13:23:30,610 - azure.core.pipeline.policies.http_logging_policy - INFO - Request URL: 'https://westus2-2.in.applicationinsights.azure.com//v2.1/track'
2026-02-18T13:23:30.6110892Z Request method: 'POST'
2026-02-18T13:23:30.6110923Z Request headers:
2026-02-18T13:23:30.6110947Z     'Content-Type': 'application/json'
2026-02-18T13:23:30.6110973Z     'Content-Length': '3720'
2026-02-18T13:23:30.6110995Z     'Accept': 'application/json'
2026-02-18T13:23:30.6111073Z     'x-ms-client-request-id': '045b24be-0ccd-11f1-b119-96dd9b170a45'
2026-02-18T13:23:30.6111101Z     'User-Agent': 'azsdk-python-azuremonitorclient/unknown Python/3.11.14 (Linux-6.6.119.3-1.azl3-x86_64-with-glibc2.31)'
2026-02-18T13:23:30.6111124Z A body is sent with the request
2026-02-18T13:23:30.7495032Z 2026-02-18 13:23:30,749 - azure.core.pipeline.policies.http_logging_policy - INFO - Response status: 200
2026-02-18T13:23:30.7495660Z Response headers:
2026-02-18T13:23:30.7495696Z     'Transfer-Encoding': 'chunked'
2026-02-18T13:23:30.7495717Z     'Content-Type': 'application/json; charset=utf-8'
2026-02-18T13:23:30.7495739Z     'Server': 'Microsoft-HTTPAPI/2.0'
2026-02-18T13:23:30.7495765Z     'Strict-Transport-Security': 'REDACTED'
2026-02-18T13:23:30.7495785Z     'X-Content-Type-Options': 'REDACTED'
2026-02-18T13:23:30.7495806Z     'Date': 'Wed, 18 Feb 2026 13:23:29 GMT'
2026-02-18T13:23:30.7500581Z 2026-02-18 13:23:30,749 - azure.monitor.opentelemetry.exporter.export._base - INFO - Transmission succeeded: Item received: 3. Items accepted: 3
2026-02-18T13:23:34.8531620Z 2026-02-18 13:23:34,852 - azure.core.pipeline.policies.http_logging_policy - INFO - Request URL: 'https://westus2-2.in.applicationinsights.azure.com//v2.1/track'
2026-02-18T13:23:34.8531957Z Request method: 'POST'
2026-02-18T13:23:34.8531980Z Request headers:
2026-02-18T13:23:34.8532001Z     'Content-Type': 'application/json'
2026-02-18T13:23:34.8532019Z     'Content-Length': '3720'
2026-02-18T13:23:34.8532040Z     'Accept': 'application/json'
2026-02-18T13:23:34.8532063Z     'x-ms-client-request-id': '06e26c42-0ccd-11f1-9d9d-96dd9b170a45'
2026-02-18T13:23:34.8532087Z     'User-Agent': 'azsdk-python-azuremonitorclient/unknown Python/3.11.14 (Linux-6.6.119.3-1.azl3-x86_64-with-glibc2.31)'
2026-02-18T13:23:34.8532107Z A body is sent with the request
2026-02-18T13:23:34.9667324Z 2026-02-18 13:23:34,966 - azure.core.pipeline.policies.http_logging_policy - INFO - Response status: 200
2026-02-18T13:23:34.9667640Z Response headers:
2026-02-18T13:23:34.9667716Z     'Transfer-Encoding': 'chunked'
2026-02-18T13:23:34.9667736Z     'Content-Type': 'application/json; charset=utf-8'
2026-02-18T13:23:34.9667756Z     'Server': 'Microsoft-HTTPAPI/2.0'
2026-02-18T13:23:34.9667776Z     'Strict-Transport-Security': 'REDACTED'
2026-02-18T13:23:34.9667794Z     'X-Content-Type-Options': 'REDACTED'
2026-02-18T13:23:34.9667812Z     'Date': 'Wed, 18 Feb 2026 13:23:34 GMT'
2026-02-18T13:23:34.9673241Z 2026-02-18 13:23:34,966 - azure.monitor.opentelemetry.exporter.export._base - INFO - Transmission succeeded: Item received: 3. Items accepted: 3
2026-02-18T13:23:35.7515304Z 2026-02-18 13:23:35,751 - azure.core.pipeline.policies.http_logging_policy - INFO - Request URL: 'https://westus2-2.in.applicationinsights.azure.com//v2.1/track'
2026-02-18T13:23:35.7515694Z Request method: 'POST'
2026-02-18T13:23:35.7515724Z Request headers:
2026-02-18T13:23:35.7515805Z     'Content-Type': 'application/json'
2026-02-18T13:23:35.7515826Z     'Content-Length': '3720'
2026-02-18T13:23:35.7515846Z     'Accept': 'application/json'
2026-02-18T13:23:35.7515871Z     'x-ms-client-request-id': '076b848c-0ccd-11f1-b119-96dd9b170a45'
2026-02-18T13:23:35.7515895Z     'User-Agent': 'azsdk-python-azuremonitorclient/unknown Python/3.11.14 (Linux-6.6.119.3-1.azl3-x86_64-with-glibc2.31)'
2026-02-18T13:23:35.7515914Z A body is sent with the request
2026-02-18T13:23:35.8218777Z 2026-02-18 13:23:35,821 - azure.core.pipeline.policies.http_logging_policy - INFO - Response status: 200
2026-02-18T13:23:35.8219137Z Response headers:
2026-02-18T13:23:35.8219165Z     'Transfer-Encoding': 'chunked'
2026-02-18T13:23:35.8219186Z     'Content-Type': 'application/json; charset=utf-8'
2026-02-18T13:23:35.8219259Z     'Server': 'Microsoft-HTTPAPI/2.0'
2026-02-18T13:23:35.8219280Z     'Strict-Transport-Security': 'REDACTED'
2026-02-18T13:23:35.8219298Z     'X-Content-Type-Options': 'REDACTED'
2026-02-18T13:23:35.8219316Z     'Date': 'Wed, 18 Feb 2026 13:23:34 GMT'
2026-02-18T13:23:35.8222098Z 2026-02-18 13:23:35,822 - azure.monitor.opentelemetry.exporter.export._base - INFO - Transmission succeeded: Item received: 3. Items accepted: 3
2026-02-18T13:23:39.9689214Z 2026-02-18 13:23:39,968 - azure.core.pipeline.policies.http_logging_policy - INFO - Request URL: 'https://westus2-2.in.applicationinsights.azure.com//v2.1/track'
2026-02-18T13:23:39.9689681Z Request method: 'POST'
2026-02-18T13:23:39.9689711Z Request headers:
2026-02-18T13:23:39.9689730Z     'Content-Type': 'application/json'
2026-02-18T13:23:39.9689750Z     'Content-Length': '3720'
2026-02-18T13:23:39.9689841Z     'Accept': 'application/json'
2026-02-18T13:23:39.9689861Z     'x-ms-client-request-id': '09ef0968-0ccd-11f1-9d9d-96dd9b170a45'
2026-02-18T13:23:39.9689880Z     'User-Agent': 'azsdk-python-azuremonitorclient/unknown Python/3.11.14 (Linux-6.6.119.3-1.azl3-x86_64-with-glibc2.31)'
2026-02-18T13:23:39.9689898Z A body is sent with the request
2026-02-18T13:23:40.1730198Z 2026-02-18 13:23:40,172 - azure.core.pipeline.policies.http_logging_policy - INFO - Response status: 200
2026-02-18T13:23:40.1730543Z Response headers:
2026-02-18T13:23:40.1730574Z     'Transfer-Encoding': 'chunked'
2026-02-18T13:23:40.1730606Z     'Content-Type': 'application/json; charset=utf-8'
2026-02-18T13:23:40.1730624Z     'Server': 'Microsoft-HTTPAPI/2.0'
2026-02-18T13:23:40.1730643Z     'Strict-Transport-Security': 'REDACTED'
2026-02-18T13:23:40.1730663Z     'X-Content-Type-Options': 'REDACTED'
2026-02-18T13:23:40.1730744Z     'Date': 'Wed, 18 Feb 2026 13:23:40 GMT'
2026-02-18T13:23:40.1735642Z 2026-02-18 13:23:40,173 - azure.monitor.opentelemetry.exporter.export._base - INFO - Transmission succeeded: Item received: 3. Items accepted: 3
2026-02-18T13:23:40.8238924Z 2026-02-18 13:23:40,823 - azure.core.pipeline.policies.http_logging_policy - INFO - Request URL: 'https://westus2-2.in.applicationinsights.azure.com//v2.1/track'
2026-02-18T13:23:40.8239236Z Request method: 'POST'
2026-02-18T13:23:40.8239264Z Request headers:
2026-02-18T13:23:40.8239289Z     'Content-Type': 'application/json'
2026-02-18T13:23:40.8239311Z     'Content-Length': '3720'
2026-02-18T13:23:40.8239330Z     'Accept': 'application/json'
2026-02-18T13:23:40.8239350Z     'x-ms-client-request-id': '0a7180c8-0ccd-11f1-b119-96dd9b170a45'
2026-02-18T13:23:40.8239423Z     'User-Agent': 'azsdk-python-azuremonitorclient/unknown Python/3.11.14 (Linux-6.6.119.3-1.azl3-x86_64-with-glibc2.31)'
2026-02-18T13:23:40.8239444Z A body is sent with the request
2026-02-18T13:23:40.9320850Z 2026-02-18 13:23:40,931 - azure.core.pipeline.policies.http_logging_policy - INFO - Response status: 200
2026-02-18T13:23:40.9321185Z Response headers:
2026-02-18T13:23:40.9321219Z     'Transfer-Encoding': 'chunked'
2026-02-18T13:23:40.9321242Z     'Content-Type': 'application/json; charset=utf-8'
2026-02-18T13:23:40.9321264Z     'Server': 'Microsoft-HTTPAPI/2.0'
2026-02-18T13:23:40.9321286Z     'Strict-Transport-Security': 'REDACTED'
2026-02-18T13:23:40.9321306Z     'X-Content-Type-Options': 'REDACTED'
2026-02-18T13:23:40.9321325Z     'Date': 'Wed, 18 Feb 2026 13:23:40 GMT'
2026-02-18T13:23:40.9325115Z 2026-02-18 13:23:40,932 - azure.monitor.opentelemetry.exporter.export._base - INFO - Transmission succeeded: Item received: 3. Items accepted: 3
2026-02-18T13:23:45.1749126Z 2026-02-18 13:23:45,174 - azure.core.pipeline.policies.http_logging_policy - INFO - Request URL: 'https://westus2-2.in.applicationinsights.azure.com//v2.1/track'
2026-02-18T13:23:45.1749487Z Request method: 'POST'
2026-02-18T13:23:45.1749517Z Request headers:
2026-02-18T13:23:45.1749539Z     'Content-Type': 'application/json'
2026-02-18T13:23:45.1749559Z     'Content-Length': '3720'
2026-02-18T13:23:45.1749586Z     'Accept': 'application/json'
2026-02-18T13:23:45.1749608Z     'x-ms-client-request-id': '0d096a76-0ccd-11f1-9d9d-96dd9b170a45'
2026-02-18T13:23:45.1749632Z     'User-Agent': 'azsdk-python-azuremonitorclient/unknown Python/3.11.14 (Linux-6.6.119.3-1.azl3-x86_64-with-glibc2.31)'
2026-02-18T13:23:45.1749654Z A body is sent with the request
2026-02-18T13:23:45.3308851Z 2026-02-18 13:23:45,330 - azure.core.pipeline.policies.http_logging_policy - INFO - Response status: 200
2026-02-18T13:23:45.3309534Z Response headers:
2026-02-18T13:23:45.3309564Z     'Transfer-Encoding': 'chunked'
2026-02-18T13:23:45.3309584Z     'Content-Type': 'application/json; charset=utf-8'
2026-02-18T13:23:45.3309605Z     'Server': 'Microsoft-HTTPAPI/2.0'
2026-02-18T13:23:45.3309624Z     'Strict-Transport-Security': 'REDACTED'
2026-02-18T13:23:45.3309644Z     'X-Content-Type-Options': 'REDACTED'
2026-02-18T13:23:45.3309666Z     'Date': 'Wed, 18 Feb 2026 13:23:45 GMT'
2026-02-18T13:23:45.3314761Z 2026-02-18 13:23:45,331 - azure.monitor.opentelemetry.exporter.export._base - INFO - Transmission succeeded: Item received: 3. Items accepted: 3
2026-02-18T13:23:45.9345210Z 2026-02-18 13:23:45,934 - azure.core.pipeline.policies.http_logging_policy - INFO - Request URL: 'https://westus2-2.in.applicationinsights.azure.com//v2.1/track'
2026-02-18T13:23:45.9345636Z Request method: 'POST'
2026-02-18T13:23:45.9345663Z Request headers:
2026-02-18T13:23:45.9345687Z     'Content-Type': 'application/json'
2026-02-18T13:23:45.9345709Z     'Content-Length': '3720'
2026-02-18T13:23:45.9345730Z     'Accept': 'application/json'
2026-02-18T13:23:45.9345754Z     'x-ms-client-request-id': '0d7d5256-0ccd-11f1-b119-96dd9b170a45'
2026-02-18T13:23:45.9345779Z     'User-Agent': 'azsdk-python-azuremonitorclient/unknown Python/3.11.14 (Linux-6.6.119.3-1.azl3-x86_64-with-glibc2.31)'
2026-02-18T13:23:45.9345802Z A body is sent with the request
2026-02-18T13:23:46.3233949Z 2026-02-18 13:23:46,323 - azure.core.pipeline.policies.http_logging_policy - INFO - Response status: 200
2026-02-18T13:23:46.3234321Z Response headers:
2026-02-18T13:23:46.3234352Z     'Transfer-Encoding': 'chunked'
2026-02-18T13:23:46.3234433Z     'Content-Type': 'application/json; charset=utf-8'
2026-02-18T13:23:46.3234455Z     'Server': 'Microsoft-HTTPAPI/2.0'
2026-02-18T13:23:46.3234475Z     'Strict-Transport-Security': 'REDACTED'
2026-02-18T13:23:46.3234493Z     'X-Content-Type-Options': 'REDACTED'
2026-02-18T13:23:46.3234513Z     'Date': 'Wed, 18 Feb 2026 13:23:46 GMT'
2026-02-18T13:23:46.3239426Z 2026-02-18 13:23:46,323 - azure.monitor.opentelemetry.exporter.export._base - INFO - Transmission succeeded: Item received: 3. Items accepted: 3
2026-02-18T13:23:50.3328097Z 2026-02-18 13:23:50,332 - azure.core.pipeline.policies.http_logging_policy - INFO - Request URL: 'https://westus2-2.in.applicationinsights.azure.com//v2.1/track'
2026-02-18T13:23:50.3329797Z Request method: 'POST'
2026-02-18T13:23:50.3329845Z Request headers:
2026-02-18T13:23:50.3329866Z     'Content-Type': 'application/json'
2026-02-18T13:23:50.3329885Z     'Content-Length': '3720'
2026-02-18T13:23:50.3329905Z     'Accept': 'application/json'
2026-02-18T13:23:50.3329928Z     'x-ms-client-request-id': '101c723a-0ccd-11f1-9d9d-96dd9b170a45'
2026-02-18T13:23:50.3329948Z     'User-Agent': 'azsdk-python-azuremonitorclient/unknown Python/3.11.14 (Linux-6.6.119.3-1.azl3-x86_64-with-glibc2.31)'
2026-02-18T13:23:50.3329966Z A body is sent with the request
2026-02-18T13:23:50.4166775Z 2026-02-18 13:23:50,416 - azure.core.pipeline.policies.http_logging_policy - INFO - Response status: 200
2026-02-18T13:23:50.4167248Z Response headers:
2026-02-18T13:23:50.4167275Z     'Transfer-Encoding': 'chunked'
2026-02-18T13:23:50.4167297Z     'Content-Type': 'application/json; charset=utf-8'
2026-02-18T13:23:50.4167318Z     'Server': 'Microsoft-HTTPAPI/2.0'
2026-02-18T13:23:50.4167338Z     'Strict-Transport-Security': 'REDACTED'
2026-02-18T13:23:50.4167355Z     'X-Content-Type-Options': 'REDACTED'
2026-02-18T13:23:50.4167377Z     'Date': 'Wed, 18 Feb 2026 13:23:50 GMT'
2026-02-18T13:23:50.4172653Z 2026-02-18 13:23:50,417 - azure.monitor.opentelemetry.exporter.export._base - INFO - Transmission succeeded: Item received: 3. Items accepted: 3
2026-02-18T13:23:51.3253872Z 2026-02-18 13:23:51,325 - azure.core.pipeline.policies.http_logging_policy - INFO - Request URL: 'https://westus2-2.in.applicationinsights.azure.com//v2.1/track'
2026-02-18T13:23:51.3254387Z Request method: 'POST'
2026-02-18T13:23:51.3254417Z Request headers:
2026-02-18T13:23:51.3254437Z     'Content-Type': 'application/json'
2026-02-18T13:23:51.3254458Z     'Content-Length': '3719'
2026-02-18T13:23:51.3254478Z     'Accept': 'application/json'
2026-02-18T13:23:51.3254498Z     'x-ms-client-request-id': '10b3e782-0ccd-11f1-b119-96dd9b170a45'
2026-02-18T13:23:51.3254521Z     'User-Agent': 'azsdk-python-azuremonitorclient/unknown Python/3.11.14 (Linux-6.6.119.3-1.azl3-x86_64-with-glibc2.31)'
2026-02-18T13:23:51.3254539Z A body is sent with the request
2026-02-18T13:23:51.5622486Z 2026-02-18 13:23:51,562 - azure.core.pipeline.policies.http_logging_policy - INFO - Response status: 200
2026-02-18T13:23:51.5622843Z Response headers:
2026-02-18T13:23:51.5622934Z     'Transfer-Encoding': 'chunked'
2026-02-18T13:23:51.5622971Z     'Content-Type': 'application/json; charset=utf-8'
2026-02-18T13:23:51.5622996Z     'Server': 'Microsoft-HTTPAPI/2.0'
2026-02-18T13:23:51.5623025Z     'Strict-Transport-Security': 'REDACTED'
2026-02-18T13:23:51.5623054Z     'X-Content-Type-Options': 'REDACTED'
2026-02-18T13:23:51.5623078Z     'Date': 'Wed, 18 Feb 2026 13:23:51 GMT'
2026-02-18T13:23:51.5630728Z 2026-02-18 13:23:51,562 - azure.monitor.opentelemetry.exporter.export._base - INFO - Transmission succeeded: Item received: 3. Items accepted: 3
2026-02-18T13:23:55.4187573Z 2026-02-18 13:23:55,418 - azure.core.pipeline.policies.http_logging_policy - INFO - Request URL: 'https://westus2-2.in.applicationinsights.azure.com//v2.1/track'
2026-02-18T13:23:55.4187953Z Request method: 'POST'
2026-02-18T13:23:55.4187980Z Request headers:
2026-02-18T13:23:55.4188056Z     'Content-Type': 'application/json'
2026-02-18T13:23:55.4188077Z     'Content-Length': '3719'
2026-02-18T13:23:55.4188098Z     'Accept': 'application/json'
2026-02-18T13:23:55.4188119Z     'x-ms-client-request-id': '1324808a-0ccd-11f1-9d9d-96dd9b170a45'
2026-02-18T13:23:55.4188144Z     'User-Agent': 'azsdk-python-azuremonitorclient/unknown Python/3.11.14 (Linux-6.6.119.3-1.azl3-x86_64-with-glibc2.31)'
2026-02-18T13:23:55.4188164Z A body is sent with the request
2026-02-18T13:23:55.4921167Z 2026-02-18 13:23:55,491 - azure.core.pipeline.policies.http_logging_policy - INFO - Response status: 200
2026-02-18T13:23:55.4921498Z Response headers:
2026-02-18T13:23:55.4921524Z     'Transfer-Encoding': 'chunked'
2026-02-18T13:23:55.4921547Z     'Content-Type': 'application/json; charset=utf-8'
2026-02-18T13:23:55.4921571Z     'Server': 'Microsoft-HTTPAPI/2.0'
2026-02-18T13:23:55.4921637Z     'Strict-Transport-Security': 'REDACTED'
2026-02-18T13:23:55.4921658Z     'X-Content-Type-Options': 'REDACTED'
2026-02-18T13:23:55.4921681Z     'Date': 'Wed, 18 Feb 2026 13:23:55 GMT'
2026-02-18T13:23:55.4926792Z 2026-02-18 13:23:55,492 - azure.monitor.opentelemetry.exporter.export._base - INFO - Transmission succeeded: Item received: 3. Items accepted: 3
2026-02-18T13:23:56.5651186Z 2026-02-18 13:23:56,564 - azure.core.pipeline.policies.http_logging_policy - INFO - Request URL: 'https://westus2-2.in.applicationinsights.azure.com//v2.1/track'
2026-02-18T13:23:56.5651535Z Request method: 'POST'
2026-02-18T13:23:56.5651563Z Request headers:
2026-02-18T13:23:56.5651585Z     'Content-Type': 'application/json'
2026-02-18T13:23:56.5651607Z     'Content-Length': '3720'
2026-02-18T13:23:56.5651627Z     'Accept': 'application/json'
2026-02-18T13:23:56.5651713Z     'x-ms-client-request-id': '13d36adc-0ccd-11f1-b119-96dd9b170a45'
2026-02-18T13:23:56.5651739Z     'User-Agent': 'azsdk-python-azuremonitorclient/unknown Python/3.11.14 (Linux-6.6.119.3-1.azl3-x86_64-with-glibc2.31)'
2026-02-18T13:23:56.5651762Z A body is sent with the request
2026-02-18T13:23:56.6544097Z 2026-02-18 13:23:56,654 - azure.core.pipeline.policies.http_logging_policy - INFO - Response status: 200
2026-02-18T13:23:56.6544393Z Response headers:
2026-02-18T13:23:56.6544423Z     'Transfer-Encoding': 'chunked'
2026-02-18T13:23:56.6544448Z     'Content-Type': 'application/json; charset=utf-8'
2026-02-18T13:23:56.6544468Z     'Server': 'Microsoft-HTTPAPI/2.0'
2026-02-18T13:23:56.6544490Z     'Strict-Transport-Security': 'REDACTED'
2026-02-18T13:23:56.6544510Z     'X-Content-Type-Options': 'REDACTED'
2026-02-18T13:23:56.6544584Z     'Date': 'Wed, 18 Feb 2026 13:23:56 GMT'
2026-02-18T13:23:56.6547781Z 2026-02-18 13:23:56,654 - azure.monitor.opentelemetry.exporter.export._base - INFO - Transmission succeeded: Item received: 3. Items accepted: 3
2026-02-18T13:24:00.4943497Z 2026-02-18 13:24:00,494 - azure.core.pipeline.policies.http_logging_policy - INFO - Request URL: 'https://westus2-2.in.applicationinsights.azure.com//v2.1/track'
2026-02-18T13:24:00.4943766Z Request method: 'POST'
2026-02-18T13:24:00.4943793Z Request headers:
2026-02-18T13:24:00.4943819Z     'Content-Type': 'application/json'
2026-02-18T13:24:00.4943838Z     'Content-Length': '3720'
2026-02-18T13:24:00.4943856Z     'Accept': 'application/json'
2026-02-18T13:24:00.4943878Z     'x-ms-client-request-id': '162af732-0ccd-11f1-9d9d-96dd9b170a45'
2026-02-18T13:24:00.4943899Z     'User-Agent': 'azsdk-python-azuremonitorclient/unknown Python/3.11.14 (Linux-6.6.119.3-1.azl3-x86_64-with-glibc2.31)'
2026-02-18T13:24:00.4943980Z A body is sent with the request
2026-02-18T13:24:00.5523994Z 2026-02-18 13:24:00,552 - azure.core.pipeline.policies.http_logging_policy - INFO - Response status: 200
2026-02-18T13:24:00.5524354Z Response headers:
2026-02-18T13:24:00.5524380Z     'Transfer-Encoding': 'chunked'
2026-02-18T13:24:00.5524400Z     'Content-Type': 'application/json; charset=utf-8'
2026-02-18T13:24:00.5524422Z     'Server': 'Microsoft-HTTPAPI/2.0'
2026-02-18T13:24:00.5524443Z     'Strict-Transport-Security': 'REDACTED'
2026-02-18T13:24:00.5524461Z     'X-Content-Type-Options': 'REDACTED'
2026-02-18T13:24:00.5524478Z     'Date': 'Wed, 18 Feb 2026 13:24:00 GMT'
2026-02-18T13:24:00.5529937Z 2026-02-18 13:24:00,552 - azure.monitor.opentelemetry.exporter.export._base - INFO - Transmission succeeded: Item received: 3. Items accepted: 3
2026-02-18T13:24:01.6567089Z 2026-02-18 13:24:01,656 - azure.core.pipeline.policies.http_logging_policy - INFO - Request URL: 'https://westus2-2.in.applicationinsights.azure.com//v2.1/track'
2026-02-18T13:24:01.6567572Z Request method: 'POST'
2026-02-18T13:24:01.6567601Z Request headers:
2026-02-18T13:24:01.6567622Z     'Content-Type': 'application/json'
2026-02-18T13:24:01.6567649Z     'Content-Length': '3720'
2026-02-18T13:24:01.6567669Z     'Accept': 'application/json'
2026-02-18T13:24:01.6567690Z     'x-ms-client-request-id': '16dc56d0-0ccd-11f1-b119-96dd9b170a45'
2026-02-18T13:24:01.6567715Z     'User-Agent': 'azsdk-python-azuremonitorclient/unknown Python/3.11.14 (Linux-6.6.119.3-1.azl3-x86_64-with-glibc2.31)'
2026-02-18T13:24:01.6567734Z A body is sent with the request
2026-02-18T13:24:01.7559287Z 2026-02-18 13:24:01,755 - azure.core.pipeline.policies.http_logging_policy - INFO - Response status: 200
2026-02-18T13:24:01.7559854Z Response headers:
2026-02-18T13:24:01.7559886Z     'Transfer-Encoding': 'chunked'
2026-02-18T13:24:01.7559907Z     'Content-Type': 'application/json; charset=utf-8'
2026-02-18T13:24:01.7559929Z     'Server': 'Microsoft-HTTPAPI/2.0'
2026-02-18T13:24:01.7559949Z     'Strict-Transport-Security': 'REDACTED'
2026-02-18T13:24:01.7559972Z     'X-Content-Type-Options': 'REDACTED'
2026-02-18T13:24:01.7559994Z     'Date': 'Wed, 18 Feb 2026 13:24:01 GMT'
2026-02-18T13:24:01.7565950Z 2026-02-18 13:24:01,756 - azure.monitor.opentelemetry.exporter.export._base - INFO - Transmission succeeded: Item received: 3. Items accepted: 3
2026-02-18T13:24:05.5550137Z 2026-02-18 13:24:05,554 - azure.core.pipeline.policies.http_logging_policy - INFO - Request URL: 'https://westus2-2.in.applicationinsights.azure.com//v2.1/track'
2026-02-18T13:24:05.5550528Z Request method: 'POST'
2026-02-18T13:24:05.5550619Z Request headers:
2026-02-18T13:24:05.5550646Z     'Content-Type': 'application/json'
2026-02-18T13:24:05.5550671Z     'Content-Length': '3720'
2026-02-18T13:24:05.5550697Z     'Accept': 'application/json'
2026-02-18T13:24:05.5550725Z     'x-ms-client-request-id': '192f2b06-0ccd-11f1-9d9d-96dd9b170a45'
2026-02-18T13:24:05.5550755Z     'User-Agent': 'azsdk-python-azuremonitorclient/unknown Python/3.11.14 (Linux-6.6.119.3-1.azl3-x86_64-with-glibc2.31)'
2026-02-18T13:24:05.5550783Z A body is sent with the request
2026-02-18T13:24:05.6590664Z 2026-02-18 13:24:05,658 - azure.core.pipeline.policies.http_logging_policy - INFO - Response status: 200
2026-02-18T13:24:05.6591000Z Response headers:
2026-02-18T13:24:05.6591025Z     'Transfer-Encoding': 'chunked'
2026-02-18T13:24:05.6591090Z     'Content-Type': 'application/json; charset=utf-8'
2026-02-18T13:24:05.6591112Z     'Server': 'Microsoft-HTTPAPI/2.0'
2026-02-18T13:24:05.6591130Z     'Strict-Transport-Security': 'REDACTED'
2026-02-18T13:24:05.6591149Z     'X-Content-Type-Options': 'REDACTED'
2026-02-18T13:24:05.6591167Z     'Date': 'Wed, 18 Feb 2026 13:24:05 GMT'
2026-02-18T13:24:05.6596473Z 2026-02-18 13:24:05,659 - azure.monitor.opentelemetry.exporter.export._base - INFO - Transmission succeeded: Item received: 3. Items accepted: 3
2026-02-18T13:24:06.7603027Z 2026-02-18 13:24:06,758 - azure.core.pipeline.policies.http_logging_policy - INFO - Request URL: 'https://westus2-2.in.applicationinsights.azure.com//v2.1/track'
2026-02-18T13:24:06.7604861Z Request method: 'POST'
2026-02-18T13:24:06.7604969Z Request headers:
2026-02-18T13:24:06.7604992Z     'Content-Type': 'application/json'
2026-02-18T13:24:06.7605013Z     'Content-Length': '3720'
2026-02-18T13:24:06.7605031Z     'Accept': 'application/json'
2026-02-18T13:24:06.7605054Z     'x-ms-client-request-id': '19e6db70-0ccd-11f1-b119-96dd9b170a45'
2026-02-18T13:24:06.7605080Z     'User-Agent': 'azsdk-python-azuremonitorclient/unknown Python/3.11.14 (Linux-6.6.119.3-1.azl3-x86_64-with-glibc2.31)'
2026-02-18T13:24:06.7605102Z A body is sent with the request
2026-02-18T13:24:06.8581842Z 2026-02-18 13:24:06,857 - azure.core.pipeline.policies.http_logging_policy - INFO - Response status: 200
2026-02-18T13:24:06.8582585Z Response headers:
2026-02-18T13:24:06.8582623Z     'Transfer-Encoding': 'chunked'
2026-02-18T13:24:06.8582688Z     'Content-Type': 'application/json; charset=utf-8'
2026-02-18T13:24:06.8582710Z     'Server': 'Microsoft-HTTPAPI/2.0'
2026-02-18T13:24:06.8582728Z     'Strict-Transport-Security': 'REDACTED'
2026-02-18T13:24:06.8582751Z     'X-Content-Type-Options': 'REDACTED'
2026-02-18T13:24:06.8582770Z     'Date': 'Wed, 18 Feb 2026 13:24:06 GMT'
2026-02-18T13:24:06.8587458Z 2026-02-18 13:24:06,858 - azure.monitor.opentelemetry.exporter.export._base - INFO - Transmission succeeded: Item received: 3. Items accepted: 3
2026-02-18T13:24:09.4649037Z 2026-02-18 13:24:09,464 - azure.core.pipeline.policies.http_logging_policy - INFO - Request URL: 'https://westus2-2.in.applicationinsights.azure.com//v2.1/track'
2026-02-18T13:24:09.4649409Z Request method: 'POST'
2026-02-18T13:24:09.4649440Z Request headers:
2026-02-18T13:24:09.4649465Z     'Content-Type': 'application/json'
2026-02-18T13:24:09.4649562Z     'Content-Length': '1086'
2026-02-18T13:24:09.4649591Z     'Accept': 'application/json'
2026-02-18T13:24:09.4649622Z     'x-ms-client-request-id': '1b83c1f0-0ccd-11f1-9514-96dd9b170a45'
2026-02-18T13:24:09.4649654Z     'User-Agent': 'azsdk-python-azuremonitorclient/unknown Python/3.11.14 (Linux-6.6.119.3-1.azl3-x86_64-with-glibc2.31)'
2026-02-18T13:24:09.4649680Z A body is sent with the request
2026-02-18T13:24:09.4882899Z 2026-02-18 13:24:09,488 - azure.core.pipeline.policies.http_logging_policy - INFO - Response status: 200
2026-02-18T13:24:09.4883181Z Response headers:
2026-02-18T13:24:09.4883206Z     'Transfer-Encoding': 'chunked'
2026-02-18T13:24:09.4883229Z     'Content-Type': 'application/json; charset=utf-8'
2026-02-18T13:24:09.4883249Z     'Server': 'Microsoft-HTTPAPI/2.0'
2026-02-18T13:24:09.4883271Z     'Strict-Transport-Security': 'REDACTED'
2026-02-18T13:24:09.4883331Z     'X-Content-Type-Options': 'REDACTED'
2026-02-18T13:24:09.4883351Z     'Date': 'Wed, 18 Feb 2026 13:24:08 GMT'
2026-02-18T13:24:09.4889878Z 2026-02-18 13:24:09,488 - azure.monitor.opentelemetry.exporter.export._base - INFO - Transmission succeeded: Item received: 1. Items accepted: 1
2026-02-18T13:24:09.6736010Z 2026-02-18 13:24:09,673 - azure.core.pipeline.policies.http_logging_policy - INFO - Request URL: 'https://westus2-2.in.applicationinsights.azure.com//v2.1/track'
2026-02-18T13:24:09.6736367Z Request method: 'POST'
2026-02-18T13:24:09.6736400Z Request headers:
2026-02-18T13:24:09.6736431Z     'Content-Type': 'application/json'
2026-02-18T13:24:09.6736462Z     'Content-Length': '1086'
2026-02-18T13:24:09.6736490Z     'Accept': 'application/json'
2026-02-18T13:24:09.6736520Z     'x-ms-client-request-id': '1ba39dcc-0ccd-11f1-baea-96dd9b170a45'
2026-02-18T13:24:09.6736609Z     'User-Agent': 'azsdk-python-azuremonitorclient/unknown Python/3.11.14 (Linux-6.6.119.3-1.azl3-x86_64-with-glibc2.31)'
2026-02-18T13:24:09.6736636Z A body is sent with the request
2026-02-18T13:24:09.6902025Z 2026-02-18 13:24:09,690 - azure.core.pipeline.policies.http_logging_policy - INFO - Response status: 200
2026-02-18T13:24:09.6902457Z Response headers:
2026-02-18T13:24:09.6902485Z     'Transfer-Encoding': 'chunked'
2026-02-18T13:24:09.6902509Z     'Content-Type': 'application/json; charset=utf-8'
2026-02-18T13:24:09.6902529Z     'Server': 'Microsoft-HTTPAPI/2.0'
2026-02-18T13:24:09.6902552Z     'Strict-Transport-Security': 'REDACTED'
2026-02-18T13:24:09.6902574Z     'X-Content-Type-Options': 'REDACTED'
2026-02-18T13:24:09.6902595Z     'Date': 'Wed, 18 Feb 2026 13:24:08 GMT'
2026-02-18T13:24:09.6906834Z 2026-02-18 13:24:09,690 - azure.monitor.opentelemetry.exporter.export._base - INFO - Transmission succeeded: Item received: 1. Items accepted: 1
2026-02-18T13:24:10.6618548Z 2026-02-18 13:24:10,661 - azure.core.pipeline.policies.http_logging_policy - INFO - Request URL: 'https://westus2-2.in.applicationinsights.azure.com//v2.1/track'
2026-02-18T13:24:10.6619090Z Request method: 'POST'
2026-02-18T13:24:10.6619125Z Request headers:
2026-02-18T13:24:10.6619151Z     'Content-Type': 'application/json'
2026-02-18T13:24:10.6619173Z     'Content-Length': '7440'
2026-02-18T13:24:10.6619197Z     'Accept': 'application/json'
2026-02-18T13:24:10.6619222Z     'x-ms-client-request-id': '1c3a6a54-0ccd-11f1-9d9d-96dd9b170a45'
2026-02-18T13:24:10.6619248Z     'User-Agent': 'azsdk-python-azuremonitorclient/unknown Python/3.11.14 (Linux-6.6.119.3-1.azl3-x86_64-with-glibc2.31)'
2026-02-18T13:24:10.6619267Z A body is sent with the request
2026-02-18T13:24:10.7492747Z 2026-02-18 13:24:10,749 - azure.core.pipeline.policies.http_logging_policy - INFO - Response status: 200
2026-02-18T13:24:10.7493074Z Response headers:
2026-02-18T13:24:10.7493106Z     'Transfer-Encoding': 'chunked'
2026-02-18T13:24:10.7493132Z     'Content-Type': 'application/json; charset=utf-8'
2026-02-18T13:24:10.7493155Z     'Server': 'Microsoft-HTTPAPI/2.0'
2026-02-18T13:24:10.7493181Z     'Strict-Transport-Security': 'REDACTED'
2026-02-18T13:24:10.7493208Z     'X-Content-Type-Options': 'REDACTED'
2026-02-18T13:24:10.7493236Z     'Date': 'Wed, 18 Feb 2026 13:24:10 GMT'
2026-02-18T13:24:10.7500878Z 2026-02-18 13:24:10,749 - azure.monitor.opentelemetry.exporter.export._base - INFO - Transmission succeeded: Item received: 6. Items accepted: 6
2026-02-18T13:24:11.8610309Z 2026-02-18 13:24:11,860 - azure.core.pipeline.policies.http_logging_policy - INFO - Request URL: 'https://westus2-2.in.applicationinsights.azure.com//v2.1/track'
2026-02-18T13:24:11.8610640Z Request method: 'POST'
2026-02-18T13:24:11.8610666Z Request headers:
2026-02-18T13:24:11.8610689Z     'Content-Type': 'application/json'
2026-02-18T13:24:11.8610710Z     'Content-Length': '7440'
2026-02-18T13:24:11.8610731Z     'Accept': 'application/json'
2026-02-18T13:24:11.8610753Z     'x-ms-client-request-id': '1cf1631c-0ccd-11f1-b119-96dd9b170a45'
2026-02-18T13:24:11.8610778Z     'User-Agent': 'azsdk-python-azuremonitorclient/unknown Python/3.11.14 (Linux-6.6.119.3-1.azl3-x86_64-with-glibc2.31)'
2026-02-18T13:24:11.8610798Z A body is sent with the request
2026-02-18T13:24:12.0098169Z 2026-02-18 13:24:12,009 - azure.core.pipeline.policies.http_logging_policy - INFO - Response status: 200
2026-02-18T13:24:12.0098495Z Response headers:
2026-02-18T13:24:12.0098567Z     'Transfer-Encoding': 'chunked'
2026-02-18T13:24:12.0098588Z     'Content-Type': 'application/json; charset=utf-8'
2026-02-18T13:24:12.0098607Z     'Server': 'Microsoft-HTTPAPI/2.0'
2026-02-18T13:24:12.0098624Z     'Strict-Transport-Security': 'REDACTED'
2026-02-18T13:24:12.0098641Z     'X-Content-Type-Options': 'REDACTED'
2026-02-18T13:24:12.0098662Z     'Date': 'Wed, 18 Feb 2026 13:24:11 GMT'
2026-02-18T13:24:12.0106486Z 2026-02-18 13:24:12,010 - azure.monitor.opentelemetry.exporter.export._base - INFO - Transmission succeeded: Item received: 6. Items accepted: 6
2026-02-18T13:24:15.7515878Z 2026-02-18 13:24:15,751 - azure.core.pipeline.policies.http_logging_policy - INFO - Request URL: 'https://westus2-2.in.applicationinsights.azure.com//v2.1/track'
2026-02-18T13:24:15.7516227Z Request method: 'POST'
2026-02-18T13:24:15.7516254Z Request headers:
2026-02-18T13:24:15.7516339Z     'Content-Type': 'application/json'
2026-02-18T13:24:15.7516360Z     'Content-Length': '3718'
2026-02-18T13:24:15.7516379Z     'Accept': 'application/json'
2026-02-18T13:24:15.7516402Z     'x-ms-client-request-id': '1f430c74-0ccd-11f1-9d9d-96dd9b170a45'
2026-02-18T13:24:15.7516429Z     'User-Agent': 'azsdk-python-azuremonitorclient/unknown Python/3.11.14 (Linux-6.6.119.3-1.azl3-x86_64-with-glibc2.31)'
2026-02-18T13:24:15.7516449Z A body is sent with the request
2026-02-18T13:24:15.9117143Z 2026-02-18 13:24:15,911 - azure.core.pipeline.policies.http_logging_policy - INFO - Response status: 200
2026-02-18T13:24:15.9117535Z Response headers:
2026-02-18T13:24:15.9117562Z     'Transfer-Encoding': 'chunked'
2026-02-18T13:24:15.9117584Z     'Content-Type': 'application/json; charset=utf-8'
2026-02-18T13:24:15.9117660Z     'Server': 'Microsoft-HTTPAPI/2.0'
2026-02-18T13:24:15.9117681Z     'Strict-Transport-Security': 'REDACTED'
2026-02-18T13:24:15.9117700Z     'X-Content-Type-Options': 'REDACTED'
2026-02-18T13:24:15.9117720Z     'Date': 'Wed, 18 Feb 2026 13:24:15 GMT'
2026-02-18T13:24:15.9127442Z 2026-02-18 13:24:15,911 - azure.monitor.opentelemetry.exporter.export._base - INFO - Transmission succeeded: Item received: 3. Items accepted: 3
2026-02-18T13:24:17.0122279Z 2026-02-18 13:24:17,012 - azure.core.pipeline.policies.http_logging_policy - INFO - Request URL: 'https://westus2-2.in.applicationinsights.azure.com//v2.1/track'
2026-02-18T13:24:17.0122675Z Request method: 'POST'
2026-02-18T13:24:17.0122709Z Request headers:
2026-02-18T13:24:17.0122734Z     'Content-Type': 'application/json'
2026-02-18T13:24:17.0122757Z     'Content-Length': '3720'
2026-02-18T13:24:17.0122834Z     'Accept': 'application/json'
2026-02-18T13:24:17.0122857Z     'x-ms-client-request-id': '2003678a-0ccd-11f1-b119-96dd9b170a45'
2026-02-18T13:24:17.0122882Z     'User-Agent': 'azsdk-python-azuremonitorclient/unknown Python/3.11.14 (Linux-6.6.119.3-1.azl3-x86_64-with-glibc2.31)'
2026-02-18T13:24:17.0122901Z A body is sent with the request
2026-02-18T13:24:17.1919639Z 2026-02-18 13:24:17,191 - azure.core.pipeline.policies.http_logging_policy - INFO - Response status: 200
2026-02-18T13:24:17.1920344Z Response headers:
2026-02-18T13:24:17.1920375Z     'Transfer-Encoding': 'chunked'
2026-02-18T13:24:17.1920400Z     'Content-Type': 'application/json; charset=utf-8'
2026-02-18T13:24:17.1920417Z     'Server': 'Microsoft-HTTPAPI/2.0'
2026-02-18T13:24:17.1920435Z     'Strict-Transport-Security': 'REDACTED'
2026-02-18T13:24:17.1920452Z     'X-Content-Type-Options': 'REDACTED'
2026-02-18T13:24:17.1920515Z     'Date': 'Wed, 18 Feb 2026 13:24:17 GMT'
2026-02-18T13:24:17.1928995Z 2026-02-18 13:24:17,192 - azure.monitor.opentelemetry.exporter.export._base - INFO - Transmission succeeded: Item received: 3. Items accepted: 3
2026-02-18T13:24:20.9143018Z 2026-02-18 13:24:20,914 - azure.core.pipeline.policies.http_logging_policy - INFO - Request URL: 'https://westus2-2.in.applicationinsights.azure.com//v2.1/track'
2026-02-18T13:24:20.9143380Z Request method: 'POST'
2026-02-18T13:24:20.9143404Z Request headers:
2026-02-18T13:24:20.9143427Z     'Content-Type': 'application/json'
2026-02-18T13:24:20.9143450Z     'Content-Length': '3720'
2026-02-18T13:24:20.9143472Z     'Accept': 'application/json'
2026-02-18T13:24:20.9143495Z     'x-ms-client-request-id': '2256d030-0ccd-11f1-9d9d-96dd9b170a45'
2026-02-18T13:24:20.9143574Z     'User-Agent': 'azsdk-python-azuremonitorclient/unknown Python/3.11.14 (Linux-6.6.119.3-1.azl3-x86_64-with-glibc2.31)'
2026-02-18T13:24:20.9143598Z A body is sent with the request
2026-02-18T13:24:21.0320532Z 2026-02-18 13:24:21,031 - azure.core.pipeline.policies.http_logging_policy - INFO - Response status: 200
2026-02-18T13:24:21.0321087Z Response headers:
2026-02-18T13:24:21.0321121Z     'Transfer-Encoding': 'chunked'
2026-02-18T13:24:21.0321142Z     'Content-Type': 'application/json; charset=utf-8'
2026-02-18T13:24:21.0321165Z     'Server': 'Microsoft-HTTPAPI/2.0'
2026-02-18T13:24:21.0321190Z     'Strict-Transport-Security': 'REDACTED'
2026-02-18T13:24:21.0321212Z     'X-Content-Type-Options': 'REDACTED'
2026-02-18T13:24:21.0321233Z     'Date': 'Wed, 18 Feb 2026 13:24:20 GMT'
2026-02-18T13:24:21.0326496Z 2026-02-18 13:24:21,032 - azure.monitor.opentelemetry.exporter.export._base - INFO - Transmission succeeded: Item received: 3. Items accepted: 3
2026-02-18T13:24:22.1952939Z 2026-02-18 13:24:22,195 - azure.core.pipeline.policies.http_logging_policy - INFO - Request URL: 'https://westus2-2.in.applicationinsights.azure.com//v2.1/track'
2026-02-18T13:24:22.1953251Z Request method: 'POST'
2026-02-18T13:24:22.1953275Z Request headers:
2026-02-18T13:24:22.1953298Z     'Content-Type': 'application/json'
2026-02-18T13:24:22.1953322Z     'Content-Length': '3720'
2026-02-18T13:24:22.1953346Z     'Accept': 'application/json'
2026-02-18T13:24:22.1953373Z     'x-ms-client-request-id': '231a40d8-0ccd-11f1-b119-96dd9b170a45'
2026-02-18T13:24:22.1953399Z     'User-Agent': 'azsdk-python-azuremonitorclient/unknown Python/3.11.14 (Linux-6.6.119.3-1.azl3-x86_64-with-glibc2.31)'
2026-02-18T13:24:22.1953423Z A body is sent with the request
2026-02-18T13:24:22.3592194Z 2026-02-18 13:24:22,358 - azure.core.pipeline.policies.http_logging_policy - INFO - Response status: 200
2026-02-18T13:24:22.3592953Z Response headers:
2026-02-18T13:24:22.3592980Z     'Transfer-Encoding': 'chunked'
2026-02-18T13:24:22.3593000Z     'Content-Type': 'application/json; charset=utf-8'
2026-02-18T13:24:22.3593019Z     'Server': 'Microsoft-HTTPAPI/2.0'
2026-02-18T13:24:22.3593037Z     'Strict-Transport-Security': 'REDACTED'
2026-02-18T13:24:22.3593058Z     'X-Content-Type-Options': 'REDACTED'
2026-02-18T13:24:22.3593078Z     'Date': 'Wed, 18 Feb 2026 13:24:22 GMT'
2026-02-18T13:24:22.3598187Z 2026-02-18 13:24:22,359 - azure.monitor.opentelemetry.exporter.export._base - INFO - Transmission succeeded: Item received: 3. Items accepted: 3
2026-02-18T13:24:26.0343703Z 2026-02-18 13:24:26,034 - azure.core.pipeline.policies.http_logging_policy - INFO - Request URL: 'https://westus2-2.in.applicationinsights.azure.com//v2.1/track'
2026-02-18T13:24:26.0344356Z Request method: 'POST'
2026-02-18T13:24:26.0344394Z Request headers:
2026-02-18T13:24:26.0344418Z     'Content-Type': 'application/json'
2026-02-18T13:24:26.0344441Z     'Content-Length': '3719'
2026-02-18T13:24:26.0344462Z     'Accept': 'application/json'
2026-02-18T13:24:26.0344488Z     'x-ms-client-request-id': '25640e1e-0ccd-11f1-9d9d-96dd9b170a45'
2026-02-18T13:24:26.0344515Z     'User-Agent': 'azsdk-python-azuremonitorclient/unknown Python/3.11.14 (Linux-6.6.119.3-1.azl3-x86_64-with-glibc2.31)'
2026-02-18T13:24:26.0344537Z A body is sent with the request
2026-02-18T13:24:26.1083488Z 2026-02-18 13:24:26,108 - azure.core.pipeline.policies.http_logging_policy - INFO - Response status: 200
2026-02-18T13:24:26.1083824Z Response headers:
2026-02-18T13:24:26.1083851Z     'Transfer-Encoding': 'chunked'
2026-02-18T13:24:26.1083926Z     'Content-Type': 'application/json; charset=utf-8'
2026-02-18T13:24:26.1083947Z     'Server': 'Microsoft-HTTPAPI/2.0'
2026-02-18T13:24:26.1083967Z     'Strict-Transport-Security': 'REDACTED'
2026-02-18T13:24:26.1083986Z     'X-Content-Type-Options': 'REDACTED'
2026-02-18T13:24:26.1084006Z     'Date': 'Wed, 18 Feb 2026 13:24:25 GMT'
2026-02-18T13:24:26.1089043Z 2026-02-18 13:24:26,108 - azure.monitor.opentelemetry.exporter.export._base - INFO - Transmission succeeded: Item received: 3. Items accepted: 3
2026-02-18T13:24:27.3613250Z 2026-02-18 13:24:27,361 - azure.core.pipeline.policies.http_logging_policy - INFO - Request URL: 'https://westus2-2.in.applicationinsights.azure.com//v2.1/track'
2026-02-18T13:24:27.3613752Z Request method: 'POST'
2026-02-18T13:24:27.3613786Z Request headers:
2026-02-18T13:24:27.3613810Z     'Content-Type': 'application/json'
2026-02-18T13:24:27.3613892Z     'Content-Length': '3719'
2026-02-18T13:24:27.3613911Z     'Accept': 'application/json'
2026-02-18T13:24:27.3613934Z     'x-ms-client-request-id': '262e89c8-0ccd-11f1-b119-96dd9b170a45'
2026-02-18T13:24:27.3613956Z     'User-Agent': 'azsdk-python-azuremonitorclient/unknown Python/3.11.14 (Linux-6.6.119.3-1.azl3-x86_64-with-glibc2.31)'
2026-02-18T13:24:27.3613975Z A body is sent with the request
2026-02-18T13:24:27.4599320Z 2026-02-18 13:24:27,459 - azure.core.pipeline.policies.http_logging_policy - INFO - Response status: 200
2026-02-18T13:24:27.4599656Z Response headers:
2026-02-18T13:24:27.4599687Z     'Transfer-Encoding': 'chunked'
2026-02-18T13:24:27.4599711Z     'Content-Type': 'application/json; charset=utf-8'
2026-02-18T13:24:27.4599733Z     'Server': 'Microsoft-HTTPAPI/2.0'
2026-02-18T13:24:27.4599805Z     'Strict-Transport-Security': 'REDACTED'
2026-02-18T13:24:27.4599831Z     'X-Content-Type-Options': 'REDACTED'
2026-02-18T13:24:27.4599853Z     'Date': 'Wed, 18 Feb 2026 13:24:27 GMT'
2026-02-18T13:24:27.4604537Z 2026-02-18 13:24:27,460 - azure.monitor.opentelemetry.exporter.export._base - INFO - Transmission succeeded: Item received: 3. Items accepted: 3
2026-02-18T13:24:31.1129860Z 2026-02-18 13:24:31,110 - azure.core.pipeline.policies.http_logging_policy - INFO - Request URL: 'https://westus2-2.in.applicationinsights.azure.com//v2.1/track'
2026-02-18T13:24:31.1130419Z Request method: 'POST'
2026-02-18T13:24:31.1130451Z Request headers:
2026-02-18T13:24:31.1130473Z     'Content-Type': 'application/json'
2026-02-18T13:24:31.1130495Z     'Content-Length': '3719'
2026-02-18T13:24:31.1130517Z     'Accept': 'application/json'
2026-02-18T13:24:31.1130605Z     'x-ms-client-request-id': '286ab89c-0ccd-11f1-9d9d-96dd9b170a45'
2026-02-18T13:24:31.1130633Z     'User-Agent': 'azsdk-python-azuremonitorclient/unknown Python/3.11.14 (Linux-6.6.119.3-1.azl3-x86_64-with-glibc2.31)'
2026-02-18T13:24:31.1130655Z A body is sent with the request
2026-02-18T13:24:31.2818029Z 2026-02-18 13:24:31,281 - azure.core.pipeline.policies.http_logging_policy - INFO - Response status: 200
2026-02-18T13:24:31.2818721Z Response headers:
2026-02-18T13:24:31.2818756Z     'Transfer-Encoding': 'chunked'
2026-02-18T13:24:31.2818781Z     'Content-Type': 'application/json; charset=utf-8'
2026-02-18T13:24:31.2818800Z     'Server': 'Microsoft-HTTPAPI/2.0'
2026-02-18T13:24:31.2818820Z     'Strict-Transport-Security': 'REDACTED'
2026-02-18T13:24:31.2818845Z     'X-Content-Type-Options': 'REDACTED'
2026-02-18T13:24:31.2818866Z     'Date': 'Wed, 18 Feb 2026 13:24:30 GMT'
2026-02-18T13:24:31.2825546Z 2026-02-18 13:24:31,282 - azure.monitor.opentelemetry.exporter.export._base - INFO - Transmission succeeded: Item received: 3. Items accepted: 3
2026-02-18T13:24:32.4622442Z 2026-02-18 13:24:32,462 - azure.core.pipeline.policies.http_logging_policy - INFO - Request URL: 'https://westus2-2.in.applicationinsights.azure.com//v2.1/track'
2026-02-18T13:24:32.4622878Z Request method: 'POST'
2026-02-18T13:24:32.4622907Z Request headers:
2026-02-18T13:24:32.4622939Z     'Content-Type': 'application/json'
2026-02-18T13:24:32.4622962Z     'Content-Length': '3719'
2026-02-18T13:24:32.4622984Z     'Accept': 'application/json'
2026-02-18T13:24:32.4623010Z     'x-ms-client-request-id': '2938e258-0ccd-11f1-b119-96dd9b170a45'
2026-02-18T13:24:32.4623040Z     'User-Agent': 'azsdk-python-azuremonitorclient/unknown Python/3.11.14 (Linux-6.6.119.3-1.azl3-x86_64-with-glibc2.31)'
2026-02-18T13:24:32.4623128Z A body is sent with the request
2026-02-18T13:24:32.5221847Z 2026-02-18 13:24:32,522 - azure.core.pipeline.policies.http_logging_policy - INFO - Response status: 200
2026-02-18T13:24:32.5222166Z Response headers:
2026-02-18T13:24:32.5222193Z     'Transfer-Encoding': 'chunked'
2026-02-18T13:24:32.5222218Z     'Content-Type': 'application/json; charset=utf-8'
2026-02-18T13:24:32.5222239Z     'Server': 'Microsoft-HTTPAPI/2.0'
2026-02-18T13:24:32.5222259Z     'Strict-Transport-Security': 'REDACTED'
2026-02-18T13:24:32.5222280Z     'X-Content-Type-Options': 'REDACTED'
2026-02-18T13:24:32.5222301Z     'Date': 'Wed, 18 Feb 2026 13:24:32 GMT'
2026-02-18T13:24:32.5225041Z 2026-02-18 13:24:32,522 - azure.monitor.opentelemetry.exporter.export._base - INFO - Transmission succeeded: Item received: 3. Items accepted: 3
2026-02-18T13:24:36.2841314Z 2026-02-18 13:24:36,283 - azure.core.pipeline.policies.http_logging_policy - INFO - Request URL: 'https://westus2-2.in.applicationinsights.azure.com//v2.1/track'
2026-02-18T13:24:36.2841841Z Request method: 'POST'
2026-02-18T13:24:36.2841872Z Request headers:
2026-02-18T13:24:36.2841895Z     'Content-Type': 'application/json'
2026-02-18T13:24:36.2843892Z     'Content-Length': '3719'
2026-02-18T13:24:36.2843990Z     'Accept': 'application/json'
2026-02-18T13:24:36.2844013Z     'x-ms-client-request-id': '2b800262-0ccd-11f1-9d9d-96dd9b170a45'
2026-02-18T13:24:36.2844034Z     'User-Agent': 'azsdk-python-azuremonitorclient/unknown Python/3.11.14 (Linux-6.6.119.3-1.azl3-x86_64-with-glibc2.31)'
2026-02-18T13:24:36.2844051Z A body is sent with the request
2026-02-18T13:24:36.4351093Z 2026-02-18 13:24:36,434 - azure.core.pipeline.policies.http_logging_policy - INFO - Response status: 200
2026-02-18T13:24:36.4351906Z Response headers:
2026-02-18T13:24:36.4351937Z     'Transfer-Encoding': 'chunked'
2026-02-18T13:24:36.4351956Z     'Content-Type': 'application/json; charset=utf-8'
2026-02-18T13:24:36.4351975Z     'Server': 'Microsoft-HTTPAPI/2.0'
2026-02-18T13:24:36.4351996Z     'Strict-Transport-Security': 'REDACTED'
2026-02-18T13:24:36.4352015Z     'X-Content-Type-Options': 'REDACTED'
2026-02-18T13:24:36.4352033Z     'Date': 'Wed, 18 Feb 2026 13:24:35 GMT'
2026-02-18T13:24:36.4357889Z 2026-02-18 13:24:36,435 - azure.monitor.opentelemetry.exporter.export._base - INFO - Transmission succeeded: Item received: 3. Items accepted: 3
2026-02-18T13:24:37.5242920Z 2026-02-18 13:24:37,523 - azure.core.pipeline.policies.http_logging_policy - INFO - Request URL: 'https://westus2-2.in.applicationinsights.azure.com//v2.1/track'
2026-02-18T13:24:37.5243275Z Request method: 'POST'
2026-02-18T13:24:37.5243366Z Request headers:
2026-02-18T13:24:37.5243387Z     'Content-Type': 'application/json'
2026-02-18T13:24:37.5243404Z     'Content-Length': '3719'
2026-02-18T13:24:37.5243422Z     'Accept': 'application/json'
2026-02-18T13:24:37.5243441Z     'x-ms-client-request-id': '2c3d467e-0ccd-11f1-b119-96dd9b170a45'
2026-02-18T13:24:37.5243463Z     'User-Agent': 'azsdk-python-azuremonitorclient/unknown Python/3.11.14 (Linux-6.6.119.3-1.azl3-x86_64-with-glibc2.31)'
2026-02-18T13:24:37.5243481Z A body is sent with the request
2026-02-18T13:24:37.5880497Z 2026-02-18 13:24:37,587 - azure.core.pipeline.policies.http_logging_policy - INFO - Response status: 200
2026-02-18T13:24:37.5880881Z Response headers:
2026-02-18T13:24:37.5880915Z     'Transfer-Encoding': 'chunked'
2026-02-18T13:24:37.5880934Z     'Content-Type': 'application/json; charset=utf-8'
2026-02-18T13:24:37.5881007Z     'Server': 'Microsoft-HTTPAPI/2.0'
2026-02-18T13:24:37.5881027Z     'Strict-Transport-Security': 'REDACTED'
2026-02-18T13:24:37.5881047Z     'X-Content-Type-Options': 'REDACTED'
2026-02-18T13:24:37.5881066Z     'Date': 'Wed, 18 Feb 2026 13:24:37 GMT'
2026-02-18T13:24:37.5886191Z 2026-02-18 13:24:37,588 - azure.monitor.opentelemetry.exporter.export._base - INFO - Transmission succeeded: Item received: 3. Items accepted: 3
2026-02-18T13:24:41.4371656Z 2026-02-18 13:24:41,437 - azure.core.pipeline.policies.http_logging_policy - INFO - Request URL: 'https://westus2-2.in.applicationinsights.azure.com//v2.1/track'
2026-02-18T13:24:41.4371916Z Request method: 'POST'
2026-02-18T13:24:41.4371945Z Request headers:
2026-02-18T13:24:41.4371968Z     'Content-Type': 'application/json'
2026-02-18T13:24:41.4371985Z     'Content-Length': '3720'
2026-02-18T13:24:41.4372060Z     'Accept': 'application/json'
2026-02-18T13:24:41.4372079Z     'x-ms-client-request-id': '2e925676-0ccd-11f1-9d9d-96dd9b170a45'
2026-02-18T13:24:41.4372099Z     'User-Agent': 'azsdk-python-azuremonitorclient/unknown Python/3.11.14 (Linux-6.6.119.3-1.azl3-x86_64-with-glibc2.31)'
2026-02-18T13:24:41.4372116Z A body is sent with the request
2026-02-18T13:24:41.5685271Z 2026-02-18 13:24:41,568 - azure.core.pipeline.policies.http_logging_policy - INFO - Response status: 200
2026-02-18T13:24:41.5685996Z Response headers:
2026-02-18T13:24:41.5686024Z     'Transfer-Encoding': 'chunked'
2026-02-18T13:24:41.5686046Z     'Content-Type': 'application/json; charset=utf-8'
2026-02-18T13:24:41.5686065Z     'Server': 'Microsoft-HTTPAPI/2.0'
2026-02-18T13:24:41.5686083Z     'Strict-Transport-Security': 'REDACTED'
2026-02-18T13:24:41.5686153Z     'X-Content-Type-Options': 'REDACTED'
2026-02-18T13:24:41.5686171Z     'Date': 'Wed, 18 Feb 2026 13:24:40 GMT'
2026-02-18T13:24:41.5695184Z 2026-02-18 13:24:41,569 - azure.monitor.opentelemetry.exporter.export._base - INFO - Transmission succeeded: Item received: 3. Items accepted: 3
2026-02-18T13:24:42.5902489Z 2026-02-18 13:24:42,590 - azure.core.pipeline.policies.http_logging_policy - INFO - Request URL: 'https://westus2-2.in.applicationinsights.azure.com//v2.1/track'
2026-02-18T13:24:42.5902832Z Request method: 'POST'
2026-02-18T13:24:42.5902857Z Request headers:
2026-02-18T13:24:42.5902878Z     'Content-Type': 'application/json'
2026-02-18T13:24:42.5902901Z     'Content-Length': '3720'
2026-02-18T13:24:42.5902921Z     'Accept': 'application/json'
2026-02-18T13:24:42.5902944Z     'x-ms-client-request-id': '2f424e1e-0ccd-11f1-b119-96dd9b170a45'
2026-02-18T13:24:42.5903018Z     'User-Agent': 'azsdk-python-azuremonitorclient/unknown Python/3.11.14 (Linux-6.6.119.3-1.azl3-x86_64-with-glibc2.31)'
2026-02-18T13:24:42.5903040Z A body is sent with the request
2026-02-18T13:24:42.7212350Z 2026-02-18 13:24:42,721 - azure.core.pipeline.policies.http_logging_policy - INFO - Response status: 200
2026-02-18T13:24:42.7212662Z Response headers:
2026-02-18T13:24:42.7212694Z     'Transfer-Encoding': 'chunked'
2026-02-18T13:24:42.7212716Z     'Content-Type': 'application/json; charset=utf-8'
2026-02-18T13:24:42.7212736Z     'Server': 'Microsoft-HTTPAPI/2.0'
2026-02-18T13:24:42.7212756Z     'Strict-Transport-Security': 'REDACTED'
2026-02-18T13:24:42.7212776Z     'X-Content-Type-Options': 'REDACTED'
2026-02-18T13:24:42.7212798Z     'Date': 'Wed, 18 Feb 2026 13:24:42 GMT'
2026-02-18T13:24:42.7219755Z 2026-02-18 13:24:42,721 - azure.monitor.opentelemetry.exporter.export._base - INFO - Transmission succeeded: Item received: 3. Items accepted: 3
2026-02-18T13:24:46.5714887Z 2026-02-18 13:24:46,571 - azure.core.pipeline.policies.http_logging_policy - INFO - Request URL: 'https://westus2-2.in.applicationinsights.azure.com//v2.1/track'
2026-02-18T13:24:46.5715594Z Request method: 'POST'
2026-02-18T13:24:46.5715626Z Request headers:
2026-02-18T13:24:46.5715644Z     'Content-Type': 'application/json'
2026-02-18T13:24:46.5715663Z     'Content-Length': '3720'
2026-02-18T13:24:46.5715682Z     'Accept': 'application/json'
2026-02-18T13:24:46.5715706Z     'x-ms-client-request-id': '31a1c9c8-0ccd-11f1-9d9d-96dd9b170a45'
2026-02-18T13:24:46.5715736Z     'User-Agent': 'azsdk-python-azuremonitorclient/unknown Python/3.11.14 (Linux-6.6.119.3-1.azl3-x86_64-with-glibc2.31)'
2026-02-18T13:24:46.5715755Z A body is sent with the request
2026-02-18T13:24:47.0331621Z 2026-02-18 13:24:47,032 - azure.core.pipeline.policies.http_logging_policy - INFO - Response status: 200
2026-02-18T13:24:47.0331937Z Response headers:
2026-02-18T13:24:47.0331964Z     'Transfer-Encoding': 'chunked'
2026-02-18T13:24:47.0331988Z     'Content-Type': 'application/json; charset=utf-8'
2026-02-18T13:24:47.0332009Z     'Server': 'Microsoft-HTTPAPI/2.0'
2026-02-18T13:24:47.0332030Z     'Strict-Transport-Security': 'REDACTED'
2026-02-18T13:24:47.0332051Z     'X-Content-Type-Options': 'REDACTED'
2026-02-18T13:24:47.0332071Z     'Date': 'Wed, 18 Feb 2026 13:24:46 GMT'
2026-02-18T13:24:47.0340842Z 2026-02-18 13:24:47,033 - azure.monitor.opentelemetry.exporter.export._base - INFO - Transmission succeeded: Item received: 3. Items accepted: 3
2026-02-18T13:24:47.7233283Z 2026-02-18 13:24:47,723 - azure.core.pipeline.policies.http_logging_policy - INFO - Request URL: 'https://westus2-2.in.applicationinsights.azure.com//v2.1/track'
2026-02-18T13:24:47.7233921Z Request method: 'POST'
2026-02-18T13:24:47.7233953Z Request headers:
2026-02-18T13:24:47.7233977Z     'Content-Type': 'application/json'
2026-02-18T13:24:47.7234003Z     'Content-Length': '3720'
2026-02-18T13:24:47.7234027Z     'Accept': 'application/json'
2026-02-18T13:24:47.7234053Z     'x-ms-client-request-id': '32518aac-0ccd-11f1-b119-96dd9b170a45'
2026-02-18T13:24:47.7234080Z     'User-Agent': 'azsdk-python-azuremonitorclient/unknown Python/3.11.14 (Linux-6.6.119.3-1.azl3-x86_64-with-glibc2.31)'
2026-02-18T13:24:47.7234103Z A body is sent with the request
2026-02-18T13:24:47.8356962Z 2026-02-18 13:24:47,835 - azure.core.pipeline.policies.http_logging_policy - INFO - Response status: 200
2026-02-18T13:24:47.8357290Z Response headers:
2026-02-18T13:24:47.8357316Z     'Transfer-Encoding': 'chunked'
2026-02-18T13:24:47.8357396Z     'Content-Type': 'application/json; charset=utf-8'
2026-02-18T13:24:47.8357417Z     'Server': 'Microsoft-HTTPAPI/2.0'
2026-02-18T13:24:47.8357439Z     'Strict-Transport-Security': 'REDACTED'
2026-02-18T13:24:47.8357460Z     'X-Content-Type-Options': 'REDACTED'
2026-02-18T13:24:47.8357481Z     'Date': 'Wed, 18 Feb 2026 13:24:47 GMT'
2026-02-18T13:24:47.8360298Z 2026-02-18 13:24:47,835 - azure.monitor.opentelemetry.exporter.export._base - INFO - Transmission succeeded: Item received: 3. Items accepted: 3
2026-02-18T13:24:52.0353597Z 2026-02-18 13:24:52,035 - azure.core.pipeline.policies.http_logging_policy - INFO - Request URL: 'https://westus2-2.in.applicationinsights.azure.com//v2.1/track'
2026-02-18T13:24:52.0354605Z Request method: 'POST'
2026-02-18T13:24:52.0354639Z Request headers:
2026-02-18T13:24:52.0354719Z     'Content-Type': 'application/json'
2026-02-18T13:24:52.0354742Z     'Content-Length': '3720'
2026-02-18T13:24:52.0354763Z     'Accept': 'application/json'
2026-02-18T13:24:52.0354782Z     'x-ms-client-request-id': '34e381bc-0ccd-11f1-9d9d-96dd9b170a45'
2026-02-18T13:24:52.0354806Z     'User-Agent': 'azsdk-python-azuremonitorclient/unknown Python/3.11.14 (Linux-6.6.119.3-1.azl3-x86_64-with-glibc2.31)'
2026-02-18T13:24:52.0354826Z A body is sent with the request
2026-02-18T13:24:52.1102293Z 2026-02-18 13:24:52,110 - azure.core.pipeline.policies.http_logging_policy - INFO - Response status: 200
2026-02-18T13:24:52.1102707Z Response headers:
2026-02-18T13:24:52.1102741Z     'Transfer-Encoding': 'chunked'
2026-02-18T13:24:52.1102768Z     'Content-Type': 'application/json; charset=utf-8'
2026-02-18T13:24:52.1102796Z     'Server': 'Microsoft-HTTPAPI/2.0'
2026-02-18T13:24:52.1102883Z     'Strict-Transport-Security': 'REDACTED'
2026-02-18T13:24:52.1102908Z     'X-Content-Type-Options': 'REDACTED'
2026-02-18T13:24:52.1102931Z     'Date': 'Wed, 18 Feb 2026 13:24:51 GMT'
2026-02-18T13:24:52.1108904Z 2026-02-18 13:24:52,110 - azure.monitor.opentelemetry.exporter.export._base - INFO - Transmission succeeded: Item received: 3. Items accepted: 3
2026-02-18T13:24:52.8376876Z 2026-02-18 13:24:52,837 - azure.core.pipeline.policies.http_logging_policy - INFO - Request URL: 'https://westus2-2.in.applicationinsights.azure.com//v2.1/track'
2026-02-18T13:24:52.8377358Z Request method: 'POST'
2026-02-18T13:24:52.8377387Z Request headers:
2026-02-18T13:24:52.8377411Z     'Content-Type': 'application/json'
2026-02-18T13:24:52.8377429Z     'Content-Length': '3720'
2026-02-18T13:24:52.8377452Z     'Accept': 'application/json'
2026-02-18T13:24:52.8377523Z     'x-ms-client-request-id': '355df0be-0ccd-11f1-b119-96dd9b170a45'
2026-02-18T13:24:52.8377544Z     'User-Agent': 'azsdk-python-azuremonitorclient/unknown Python/3.11.14 (Linux-6.6.119.3-1.azl3-x86_64-with-glibc2.31)'
2026-02-18T13:24:52.8377561Z A body is sent with the request
2026-02-18T13:24:52.9451079Z 2026-02-18 13:24:52,944 - azure.core.pipeline.policies.http_logging_policy - INFO - Response status: 200
2026-02-18T13:24:52.9451472Z Response headers:
2026-02-18T13:24:52.9451504Z     'Transfer-Encoding': 'chunked'
2026-02-18T13:24:52.9451529Z     'Content-Type': 'application/json; charset=utf-8'
2026-02-18T13:24:52.9451552Z     'Server': 'Microsoft-HTTPAPI/2.0'
2026-02-18T13:24:52.9451579Z     'Strict-Transport-Security': 'REDACTED'
2026-02-18T13:24:52.9451602Z     'X-Content-Type-Options': 'REDACTED'
2026-02-18T13:24:52.9451626Z     'Date': 'Wed, 18 Feb 2026 13:24:52 GMT'
2026-02-18T13:24:52.9451698Z 2026-02-18 13:24:52,944 - azure.monitor.opentelemetry.exporter.export._base - INFO - Transmission succeeded: Item received: 3. Items accepted: 3
2026-02-18T13:24:57.1133934Z 2026-02-18 13:24:57,113 - azure.core.pipeline.policies.http_logging_policy - INFO - Request URL: 'https://westus2-2.in.applicationinsights.azure.com//v2.1/track'
2026-02-18T13:24:57.1134894Z Request method: 'POST'
2026-02-18T13:24:57.1134924Z Request headers:
2026-02-18T13:24:57.1134943Z     'Content-Type': 'application/json'
2026-02-18T13:24:57.1134964Z     'Content-Length': '3720'
2026-02-18T13:24:57.1134983Z     'Accept': 'application/json'
2026-02-18T13:24:57.1135005Z     'x-ms-client-request-id': '37ea5106-0ccd-11f1-9d9d-96dd9b170a45'
2026-02-18T13:24:57.1135025Z     'User-Agent': 'azsdk-python-azuremonitorclient/unknown Python/3.11.14 (Linux-6.6.119.3-1.azl3-x86_64-with-glibc2.31)'
2026-02-18T13:24:57.1135042Z A body is sent with the request
2026-02-18T13:24:57.2413439Z 2026-02-18 13:24:57,241 - azure.core.pipeline.policies.http_logging_policy - INFO - Response status: 200
2026-02-18T13:24:57.2413757Z Response headers:
2026-02-18T13:24:57.2413785Z     'Transfer-Encoding': 'chunked'
2026-02-18T13:24:57.2413812Z     'Content-Type': 'application/json; charset=utf-8'
2026-02-18T13:24:57.2413834Z     'Server': 'Microsoft-HTTPAPI/2.0'
2026-02-18T13:24:57.2413854Z     'Strict-Transport-Security': 'REDACTED'
2026-02-18T13:24:57.2413876Z     'X-Content-Type-Options': 'REDACTED'
2026-02-18T13:24:57.2413898Z     'Date': 'Wed, 18 Feb 2026 13:24:56 GMT'
2026-02-18T13:24:57.2419411Z 2026-02-18 13:24:57,241 - azure.monitor.opentelemetry.exporter.export._base - INFO - Transmission succeeded: Item received: 3. Items accepted: 3
2026-02-18T13:24:57.9470119Z 2026-02-18 13:24:57,946 - azure.core.pipeline.policies.http_logging_policy - INFO - Request URL: 'https://westus2-2.in.applicationinsights.azure.com//v2.1/track'
2026-02-18T13:24:57.9470770Z Request method: 'POST'
2026-02-18T13:24:57.9470800Z Request headers:
2026-02-18T13:24:57.9470822Z     'Content-Type': 'application/json'
2026-02-18T13:24:57.9470841Z     'Content-Length': '3720'
2026-02-18T13:24:57.9470862Z     'Accept': 'application/json'
2026-02-18T13:24:57.9470884Z     'x-ms-client-request-id': '38698e62-0ccd-11f1-b119-96dd9b170a45'
2026-02-18T13:24:57.9470909Z     'User-Agent': 'azsdk-python-azuremonitorclient/unknown Python/3.11.14 (Linux-6.6.119.3-1.azl3-x86_64-with-glibc2.31)'
2026-02-18T13:24:57.9470927Z A body is sent with the request
2026-02-18T13:24:58.0843322Z 2026-02-18 13:24:58,084 - azure.core.pipeline.policies.http_logging_policy - INFO - Response status: 200
2026-02-18T13:24:58.0843669Z Response headers:
2026-02-18T13:24:58.0843746Z     'Transfer-Encoding': 'chunked'
2026-02-18T13:24:58.0843766Z     'Content-Type': 'application/json; charset=utf-8'
2026-02-18T13:24:58.0843785Z     'Server': 'Microsoft-HTTPAPI/2.0'
2026-02-18T13:24:58.0843804Z     'Strict-Transport-Security': 'REDACTED'
2026-02-18T13:24:58.0843825Z     'X-Content-Type-Options': 'REDACTED'
2026-02-18T13:24:58.0843846Z     'Date': 'Wed, 18 Feb 2026 13:24:57 GMT'
2026-02-18T13:24:58.0852028Z 2026-02-18 13:24:58,084 - azure.monitor.opentelemetry.exporter.export._base - INFO - Transmission succeeded: Item received: 3. Items accepted: 3
2026-02-18T13:25:02.2449463Z 2026-02-18 13:25:02,244 - azure.core.pipeline.policies.http_logging_policy - INFO - Request URL: 'https://westus2-2.in.applicationinsights.azure.com//v2.1/track'
2026-02-18T13:25:02.2450016Z Request method: 'POST'
2026-02-18T13:25:02.2450045Z Request headers:
2026-02-18T13:25:02.2450134Z     'Content-Type': 'application/json'
2026-02-18T13:25:02.2450154Z     'Content-Length': '3719'
2026-02-18T13:25:02.2450177Z     'Accept': 'application/json'
2026-02-18T13:25:02.2450202Z     'x-ms-client-request-id': '3af95cfc-0ccd-11f1-9d9d-96dd9b170a45'
2026-02-18T13:25:02.2450229Z     'User-Agent': 'azsdk-python-azuremonitorclient/unknown Python/3.11.14 (Linux-6.6.119.3-1.azl3-x86_64-with-glibc2.31)'
2026-02-18T13:25:02.2450254Z A body is sent with the request
2026-02-18T13:25:02.4118814Z 2026-02-18 13:25:02,411 - azure.core.pipeline.policies.http_logging_policy - INFO - Response status: 200
2026-02-18T13:25:02.4119408Z Response headers:
2026-02-18T13:25:02.4119440Z     'Transfer-Encoding': 'chunked'
2026-02-18T13:25:02.4119460Z     'Content-Type': 'application/json; charset=utf-8'
2026-02-18T13:25:02.4119542Z     'Server': 'Microsoft-HTTPAPI/2.0'
2026-02-18T13:25:02.4119565Z     'Strict-Transport-Security': 'REDACTED'
2026-02-18T13:25:02.4119584Z     'X-Content-Type-Options': 'REDACTED'
2026-02-18T13:25:02.4119604Z     'Date': 'Wed, 18 Feb 2026 13:25:01 GMT'
2026-02-18T13:25:02.4124323Z 2026-02-18 13:25:02,412 - azure.monitor.opentelemetry.exporter.export._base - INFO - Transmission succeeded: Item received: 3. Items accepted: 3
2026-02-18T13:25:03.0865625Z 2026-02-18 13:25:03,086 - azure.core.pipeline.policies.http_logging_policy - INFO - Request URL: 'https://westus2-2.in.applicationinsights.azure.com//v2.1/track'
2026-02-18T13:25:03.0866350Z Request method: 'POST'
2026-02-18T13:25:03.0866381Z Request headers:
2026-02-18T13:25:03.0866401Z     'Content-Type': 'application/json'
2026-02-18T13:25:03.0866421Z     'Content-Length': '3720'
2026-02-18T13:25:03.0866503Z     'Accept': 'application/json'
2026-02-18T13:25:03.0866526Z     'x-ms-client-request-id': '3b79c996-0ccd-11f1-b119-96dd9b170a45'
2026-02-18T13:25:03.0866547Z     'User-Agent': 'azsdk-python-azuremonitorclient/unknown Python/3.11.14 (Linux-6.6.119.3-1.azl3-x86_64-with-glibc2.31)'
2026-02-18T13:25:03.0866566Z A body is sent with the request
2026-02-18T13:25:03.3065834Z 2026-02-18 13:25:03,306 - azure.core.pipeline.policies.http_logging_policy - INFO - Response status: 200
2026-02-18T13:25:03.3066209Z Response headers:
2026-02-18T13:25:03.3066242Z     'Transfer-Encoding': 'chunked'
2026-02-18T13:25:03.3066270Z     'Content-Type': 'application/json; charset=utf-8'
2026-02-18T13:25:03.3066297Z     'Server': 'Microsoft-HTTPAPI/2.0'
2026-02-18T13:25:03.3066321Z     'Strict-Transport-Security': 'REDACTED'
2026-02-18T13:25:03.3066348Z     'X-Content-Type-Options': 'REDACTED'
2026-02-18T13:25:03.3066436Z     'Date': 'Wed, 18 Feb 2026 13:25:03 GMT'
2026-02-18T13:25:03.3072118Z 2026-02-18 13:25:03,306 - azure.monitor.opentelemetry.exporter.export._base - INFO - Transmission succeeded: Item received: 3. Items accepted: 3
2026-02-18T13:25:07.4178210Z 2026-02-18 13:25:07,417 - azure.core.pipeline.policies.http_logging_policy - INFO - Request URL: 'https://westus2-2.in.applicationinsights.azure.com//v2.1/track'
2026-02-18T13:25:07.4178575Z Request method: 'POST'
2026-02-18T13:25:07.4178602Z Request headers:
2026-02-18T13:25:07.4178622Z     'Content-Type': 'application/json'
2026-02-18T13:25:07.4178643Z     'Content-Length': '3720'
2026-02-18T13:25:07.4178662Z     'Accept': 'application/json'
2026-02-18T13:25:07.4178684Z     'x-ms-client-request-id': '3e0eb00e-0ccd-11f1-9d9d-96dd9b170a45'
2026-02-18T13:25:07.4178773Z     'User-Agent': 'azsdk-python-azuremonitorclient/unknown Python/3.11.14 (Linux-6.6.119.3-1.azl3-x86_64-with-glibc2.31)'
2026-02-18T13:25:07.4178798Z A body is sent with the request
2026-02-18T13:25:07.4611486Z 2026-02-18 13:25:07,460 - azure.core.pipeline.policies.http_logging_policy - INFO - Response status: 200
2026-02-18T13:25:07.4612241Z Response headers:
2026-02-18T13:25:07.4612267Z     'Transfer-Encoding': 'chunked'
2026-02-18T13:25:07.4612287Z     'Content-Type': 'application/json; charset=utf-8'
2026-02-18T13:25:07.4612305Z     'Server': 'Microsoft-HTTPAPI/2.0'
2026-02-18T13:25:07.4612325Z     'Strict-Transport-Security': 'REDACTED'
2026-02-18T13:25:07.4612347Z     'X-Content-Type-Options': 'REDACTED'
2026-02-18T13:25:07.4612374Z     'Date': 'Wed, 18 Feb 2026 13:25:07 GMT'
2026-02-18T13:25:07.4633528Z 2026-02-18 13:25:07,462 - azure.monitor.opentelemetry.exporter.export._base - INFO - Transmission succeeded: Item received: 3. Items accepted: 3
2026-02-18T13:25:08.3089286Z 2026-02-18 13:25:08,308 - azure.core.pipeline.policies.http_logging_policy - INFO - Request URL: 'https://westus2-2.in.applicationinsights.azure.com//v2.1/track'
2026-02-18T13:25:08.3090643Z Request method: 'POST'
2026-02-18T13:25:08.3090685Z Request headers:
2026-02-18T13:25:08.3090707Z     'Content-Type': 'application/json'
2026-02-18T13:25:08.3090730Z     'Content-Length': '3720'
2026-02-18T13:25:08.3090752Z     'Accept': 'application/json'
2026-02-18T13:25:08.3090773Z     'x-ms-client-request-id': '3e96a3a6-0ccd-11f1-b119-96dd9b170a45'
2026-02-18T13:25:08.3090795Z     'User-Agent': 'azsdk-python-azuremonitorclient/unknown Python/3.11.14 (Linux-6.6.119.3-1.azl3-x86_64-with-glibc2.31)'
2026-02-18T13:25:08.3090816Z A body is sent with the request
2026-02-18T13:25:08.3862982Z 2026-02-18 13:25:08,386 - azure.core.pipeline.policies.http_logging_policy - INFO - Response status: 200
2026-02-18T13:25:08.3863358Z Response headers:
2026-02-18T13:25:08.3863383Z     'Transfer-Encoding': 'chunked'
2026-02-18T13:25:08.3863403Z     'Content-Type': 'application/json; charset=utf-8'
2026-02-18T13:25:08.3863421Z     'Server': 'Microsoft-HTTPAPI/2.0'
2026-02-18T13:25:08.3863439Z     'Strict-Transport-Security': 'REDACTED'
2026-02-18T13:25:08.3863458Z     'X-Content-Type-Options': 'REDACTED'
2026-02-18T13:25:08.3863476Z     'Date': 'Wed, 18 Feb 2026 13:25:08 GMT'
2026-02-18T13:25:08.3871657Z 2026-02-18 13:25:08,386 - azure.monitor.opentelemetry.exporter.export._base - INFO - Transmission succeeded: Item received: 3. Items accepted: 3
2026-02-18T13:25:12.4645855Z 2026-02-18 13:25:12,464 - azure.core.pipeline.policies.http_logging_policy - INFO - Request URL: 'https://westus2-2.in.applicationinsights.azure.com//v2.1/track'
2026-02-18T13:25:12.4646615Z Request method: 'POST'
2026-02-18T13:25:12.4646658Z Request headers:
2026-02-18T13:25:12.4646681Z     'Content-Type': 'application/json'
2026-02-18T13:25:12.4646701Z     'Content-Length': '3719'
2026-02-18T13:25:12.4646722Z     'Accept': 'application/json'
2026-02-18T13:25:12.4646745Z     'x-ms-client-request-id': '4110c1fc-0ccd-11f1-9d9d-96dd9b170a45'
2026-02-18T13:25:12.4646771Z     'User-Agent': 'azsdk-python-azuremonitorclient/unknown Python/3.11.14 (Linux-6.6.119.3-1.azl3-x86_64-with-glibc2.31)'
2026-02-18T13:25:12.4646791Z A body is sent with the request
2026-02-18T13:25:12.6265212Z 2026-02-18 13:25:12,626 - azure.core.pipeline.policies.http_logging_policy - INFO - Response status: 200
2026-02-18T13:25:12.6265553Z Response headers:
2026-02-18T13:25:12.6265579Z     'Transfer-Encoding': 'chunked'
2026-02-18T13:25:12.6265661Z     'Content-Type': 'application/json; charset=utf-8'
2026-02-18T13:25:12.6265683Z     'Server': 'Microsoft-HTTPAPI/2.0'
2026-02-18T13:25:12.6265702Z     'Strict-Transport-Security': 'REDACTED'
2026-02-18T13:25:12.6265721Z     'X-Content-Type-Options': 'REDACTED'
2026-02-18T13:25:12.6265739Z     'Date': 'Wed, 18 Feb 2026 13:25:12 GMT'
2026-02-18T13:25:12.6272032Z 2026-02-18 13:25:12,626 - azure.monitor.opentelemetry.exporter.export._base - INFO - Transmission succeeded: Item received: 3. Items accepted: 3
2026-02-18T13:25:13.3892772Z 2026-02-18 13:25:13,389 - azure.core.pipeline.policies.http_logging_policy - INFO - Request URL: 'https://westus2-2.in.applicationinsights.azure.com//v2.1/track'
2026-02-18T13:25:13.3893159Z Request method: 'POST'
2026-02-18T13:25:13.3893189Z Request headers:
2026-02-18T13:25:13.3893213Z     'Content-Type': 'application/json'
2026-02-18T13:25:13.3893288Z     'Content-Length': '3719'
2026-02-18T13:25:13.3893309Z     'Accept': 'application/json'
2026-02-18T13:25:13.3893330Z     'x-ms-client-request-id': '419ddb50-0ccd-11f1-b119-96dd9b170a45'
2026-02-18T13:25:13.3893355Z     'User-Agent': 'azsdk-python-azuremonitorclient/unknown Python/3.11.14 (Linux-6.6.119.3-1.azl3-x86_64-with-glibc2.31)'
2026-02-18T13:25:13.3893374Z A body is sent with the request
2026-02-18T13:25:13.4644421Z 2026-02-18 13:25:13,464 - azure.core.pipeline.policies.http_logging_policy - INFO - Response status: 200
2026-02-18T13:25:13.4644768Z Response headers:
2026-02-18T13:25:13.4644805Z     'Transfer-Encoding': 'chunked'
2026-02-18T13:25:13.4644832Z     'Content-Type': 'application/json; charset=utf-8'
2026-02-18T13:25:13.4644857Z     'Server': 'Microsoft-HTTPAPI/2.0'
2026-02-18T13:25:13.4644938Z     'Strict-Transport-Security': 'REDACTED'
2026-02-18T13:25:13.4644965Z     'X-Content-Type-Options': 'REDACTED'
2026-02-18T13:25:13.4644994Z     'Date': 'Wed, 18 Feb 2026 13:25:13 GMT'
2026-02-18T13:25:13.4652972Z 2026-02-18 13:25:13,464 - azure.monitor.opentelemetry.exporter.export._base - INFO - Transmission succeeded: Item received: 3. Items accepted: 3
2026-02-18T13:25:17.6309289Z 2026-02-18 13:25:17,629 - azure.core.pipeline.policies.http_logging_policy - INFO - Request URL: 'https://westus2-2.in.applicationinsights.azure.com//v2.1/track'
2026-02-18T13:25:17.6309631Z Request method: 'POST'
2026-02-18T13:25:17.6309663Z Request headers:
2026-02-18T13:25:17.6309692Z     'Content-Type': 'application/json'
2026-02-18T13:25:17.6309714Z     'Content-Length': '3720'
2026-02-18T13:25:17.6309734Z     'Accept': 'application/json'
2026-02-18T13:25:17.6309808Z     'x-ms-client-request-id': '4424de5a-0ccd-11f1-9d9d-96dd9b170a45'
2026-02-18T13:25:17.6309835Z     'User-Agent': 'azsdk-python-azuremonitorclient/unknown Python/3.11.14 (Linux-6.6.119.3-1.azl3-x86_64-with-glibc2.31)'
2026-02-18T13:25:17.6309856Z A body is sent with the request
2026-02-18T13:25:17.7105118Z 2026-02-18 13:25:17,710 - azure.core.pipeline.policies.http_logging_policy - INFO - Response status: 200
2026-02-18T13:25:17.7105865Z Response headers:
2026-02-18T13:25:17.7105895Z     'Transfer-Encoding': 'chunked'
2026-02-18T13:25:17.7105913Z     'Content-Type': 'application/json; charset=utf-8'
2026-02-18T13:25:17.7105929Z     'Server': 'Microsoft-HTTPAPI/2.0'
2026-02-18T13:25:17.7105948Z     'Strict-Transport-Security': 'REDACTED'
2026-02-18T13:25:17.7105964Z     'X-Content-Type-Options': 'REDACTED'
2026-02-18T13:25:17.7105984Z     'Date': 'Wed, 18 Feb 2026 13:25:17 GMT'
2026-02-18T13:25:17.7111750Z 2026-02-18 13:25:17,710 - azure.monitor.opentelemetry.exporter.export._base - INFO - Transmission succeeded: Item received: 3. Items accepted: 3
2026-02-18T13:25:18.4667073Z 2026-02-18 13:25:18,466 - azure.core.pipeline.policies.http_logging_policy - INFO - Request URL: 'https://westus2-2.in.applicationinsights.azure.com//v2.1/track'
2026-02-18T13:25:18.4667401Z Request method: 'POST'
2026-02-18T13:25:18.4667426Z Request headers:
2026-02-18T13:25:18.4667454Z     'Content-Type': 'application/json'
2026-02-18T13:25:18.4667474Z     'Content-Length': '3720'
2026-02-18T13:25:18.4667492Z     'Accept': 'application/json'
2026-02-18T13:25:18.4667512Z     'x-ms-client-request-id': '44a49d0c-0ccd-11f1-b119-96dd9b170a45'
2026-02-18T13:25:18.4667537Z     'User-Agent': 'azsdk-python-azuremonitorclient/unknown Python/3.11.14 (Linux-6.6.119.3-1.azl3-x86_64-with-glibc2.31)'
2026-02-18T13:25:18.4667618Z A body is sent with the request
2026-02-18T13:25:18.5436848Z 2026-02-18 13:25:18,543 - azure.core.pipeline.policies.http_logging_policy - INFO - Response status: 200
2026-02-18T13:25:18.5437515Z Response headers:
2026-02-18T13:25:18.5437545Z     'Transfer-Encoding': 'chunked'
2026-02-18T13:25:18.5437570Z     'Content-Type': 'application/json; charset=utf-8'
2026-02-18T13:25:18.5437591Z     'Server': 'Microsoft-HTTPAPI/2.0'
2026-02-18T13:25:18.5437613Z     'Strict-Transport-Security': 'REDACTED'
2026-02-18T13:25:18.5437634Z     'X-Content-Type-Options': 'REDACTED'
2026-02-18T13:25:18.5437653Z     'Date': 'Wed, 18 Feb 2026 13:25:18 GMT'
2026-02-18T13:25:18.5444197Z 2026-02-18 13:25:18,544 - azure.monitor.opentelemetry.exporter.export._base - INFO - Transmission succeeded: Item received: 3. Items accepted: 3
2026-02-18T13:25:22.7134081Z 2026-02-18 13:25:22,712 - azure.core.pipeline.policies.http_logging_policy - INFO - Request URL: 'https://westus2-2.in.applicationinsights.azure.com//v2.1/track'
2026-02-18T13:25:22.7134423Z Request method: 'POST'
2026-02-18T13:25:22.7134450Z Request headers:
2026-02-18T13:25:22.7134473Z     'Content-Type': 'application/json'
2026-02-18T13:25:22.7134500Z     'Content-Length': '3720'
2026-02-18T13:25:22.7134523Z     'Accept': 'application/json'
2026-02-18T13:25:22.7134546Z     'x-ms-client-request-id': '472c7d92-0ccd-11f1-9d9d-96dd9b170a45'
2026-02-18T13:25:22.7134575Z     'User-Agent': 'azsdk-python-azuremonitorclient/unknown Python/3.11.14 (Linux-6.6.119.3-1.azl3-x86_64-with-glibc2.31)'
2026-02-18T13:25:22.7134596Z A body is sent with the request
2026-02-18T13:25:22.8095120Z 2026-02-18 13:25:22,809 - azure.core.pipeline.policies.http_logging_policy - INFO - Response status: 200
2026-02-18T13:25:22.8095553Z Response headers:
2026-02-18T13:25:22.8095580Z     'Transfer-Encoding': 'chunked'
2026-02-18T13:25:22.8095598Z     'Content-Type': 'application/json; charset=utf-8'
2026-02-18T13:25:22.8095616Z     'Server': 'Microsoft-HTTPAPI/2.0'
2026-02-18T13:25:22.8095636Z     'Strict-Transport-Security': 'REDACTED'
2026-02-18T13:25:22.8095655Z     'X-Content-Type-Options': 'REDACTED'
2026-02-18T13:25:22.8095674Z     'Date': 'Wed, 18 Feb 2026 13:25:22 GMT'
2026-02-18T13:25:22.8100008Z 2026-02-18 13:25:22,809 - azure.monitor.opentelemetry.exporter.export._base - INFO - Transmission succeeded: Item received: 3. Items accepted: 3
2026-02-18T13:25:23.5462693Z 2026-02-18 13:25:23,545 - azure.core.pipeline.policies.http_logging_policy - INFO - Request URL: 'https://westus2-2.in.applicationinsights.azure.com//v2.1/track'
2026-02-18T13:25:23.5463134Z Request method: 'POST'
2026-02-18T13:25:23.5463215Z Request headers:
2026-02-18T13:25:23.5463240Z     'Content-Type': 'application/json'
2026-02-18T13:25:23.5463263Z     'Content-Length': '3719'
2026-02-18T13:25:23.5463284Z     'Accept': 'application/json'
2026-02-18T13:25:23.5463305Z     'x-ms-client-request-id': '47abab94-0ccd-11f1-b119-96dd9b170a45'
2026-02-18T13:25:23.5463329Z     'User-Agent': 'azsdk-python-azuremonitorclient/unknown Python/3.11.14 (Linux-6.6.119.3-1.azl3-x86_64-with-glibc2.31)'
2026-02-18T13:25:23.5463349Z A body is sent with the request
2026-02-18T13:25:23.6364958Z 2026-02-18 13:25:23,636 - azure.core.pipeline.policies.http_logging_policy - INFO - Response status: 200
2026-02-18T13:25:23.6365300Z Response headers:
2026-02-18T13:25:23.6365330Z     'Transfer-Encoding': 'chunked'
2026-02-18T13:25:23.6365354Z     'Content-Type': 'application/json; charset=utf-8'
2026-02-18T13:25:23.6365442Z     'Server': 'Microsoft-HTTPAPI/2.0'
2026-02-18T13:25:23.6365465Z     'Strict-Transport-Security': 'REDACTED'
2026-02-18T13:25:23.6365484Z     'X-Content-Type-Options': 'REDACTED'
2026-02-18T13:25:23.6365501Z     'Date': 'Wed, 18 Feb 2026 13:25:23 GMT'
2026-02-18T13:25:23.6371400Z 2026-02-18 13:25:23,636 - azure.monitor.opentelemetry.exporter.export._base - INFO - Transmission succeeded: Item received: 3. Items accepted: 3
2026-02-18T13:25:27.8119240Z 2026-02-18 13:25:27,811 - azure.core.pipeline.policies.http_logging_policy - INFO - Request URL: 'https://westus2-2.in.applicationinsights.azure.com//v2.1/track'
2026-02-18T13:25:27.8119589Z Request method: 'POST'
2026-02-18T13:25:27.8119614Z Request headers:
2026-02-18T13:25:27.8119638Z     'Content-Type': 'application/json'
2026-02-18T13:25:27.8119658Z     'Content-Length': '3719'
2026-02-18T13:25:27.8119744Z     'Accept': 'application/json'
2026-02-18T13:25:27.8119766Z     'x-ms-client-request-id': '4a369522-0ccd-11f1-9d9d-96dd9b170a45'
2026-02-18T13:25:27.8119791Z     'User-Agent': 'azsdk-python-azuremonitorclient/unknown Python/3.11.14 (Linux-6.6.119.3-1.azl3-x86_64-with-glibc2.31)'
2026-02-18T13:25:27.8119812Z A body is sent with the request
2026-02-18T13:25:27.9511511Z 2026-02-18 13:25:27,950 - azure.core.pipeline.policies.http_logging_policy - INFO - Response status: 200
2026-02-18T13:25:27.9511870Z Response headers:
2026-02-18T13:25:27.9511901Z     'Transfer-Encoding': 'chunked'
2026-02-18T13:25:27.9511925Z     'Content-Type': 'application/json; charset=utf-8'
2026-02-18T13:25:27.9511946Z     'Server': 'Microsoft-HTTPAPI/2.0'
2026-02-18T13:25:27.9511973Z     'Strict-Transport-Security': 'REDACTED'
2026-02-18T13:25:27.9512052Z     'X-Content-Type-Options': 'REDACTED'
2026-02-18T13:25:27.9512073Z     'Date': 'Wed, 18 Feb 2026 13:25:27 GMT'
2026-02-18T13:25:27.9516705Z 2026-02-18 13:25:27,951 - azure.monitor.opentelemetry.exporter.export._base - INFO - Transmission succeeded: Item received: 3. Items accepted: 3
2026-02-18T13:25:28.6395491Z 2026-02-18 13:25:28,639 - azure.core.pipeline.policies.http_logging_policy - INFO - Request URL: 'https://westus2-2.in.applicationinsights.azure.com//v2.1/track'
2026-02-18T13:25:28.6395963Z Request method: 'POST'
2026-02-18T13:25:28.6395992Z Request headers:
2026-02-18T13:25:28.6396015Z     'Content-Type': 'application/json'
2026-02-18T13:25:28.6396036Z     'Content-Length': '3720'
2026-02-18T13:25:28.6396060Z     'Accept': 'application/json'
2026-02-18T13:25:28.6396086Z     'x-ms-client-request-id': '4ab4db3a-0ccd-11f1-b119-96dd9b170a45'
2026-02-18T13:25:28.6396167Z     'User-Agent': 'azsdk-python-azuremonitorclient/unknown Python/3.11.14 (Linux-6.6.119.3-1.azl3-x86_64-with-glibc2.31)'
2026-02-18T13:25:28.6396190Z A body is sent with the request
2026-02-18T13:25:28.7640624Z 2026-02-18 13:25:28,763 - azure.core.pipeline.policies.http_logging_policy - INFO - Response status: 200
2026-02-18T13:25:28.7641013Z Response headers:
2026-02-18T13:25:28.7641041Z     'Transfer-Encoding': 'chunked'
2026-02-18T13:25:28.7641062Z     'Content-Type': 'application/json; charset=utf-8'
2026-02-18T13:25:28.7641080Z     'Server': 'Microsoft-HTTPAPI/2.0'
2026-02-18T13:25:28.7641099Z     'Strict-Transport-Security': 'REDACTED'
2026-02-18T13:25:28.7641119Z     'X-Content-Type-Options': 'REDACTED'
2026-02-18T13:25:28.7641143Z     'Date': 'Wed, 18 Feb 2026 13:25:28 GMT'
2026-02-18T13:25:28.7650507Z 2026-02-18 13:25:28,764 - azure.monitor.opentelemetry.exporter.export._base - INFO - Transmission succeeded: Item received: 3. Items accepted: 3
2026-02-18T13:25:32.9534476Z 2026-02-18 13:25:32,953 - azure.core.pipeline.policies.http_logging_policy - INFO - Request URL: 'https://westus2-2.in.applicationinsights.azure.com//v2.1/track'
2026-02-18T13:25:32.9534927Z Request method: 'POST'
2026-02-18T13:25:32.9534962Z Request headers:
2026-02-18T13:25:32.9534982Z     'Content-Type': 'application/json'
2026-02-18T13:25:32.9535002Z     'Content-Length': '3720'
2026-02-18T13:25:32.9535024Z     'Accept': 'application/json'
2026-02-18T13:25:32.9535047Z     'x-ms-client-request-id': '4d471c5a-0ccd-11f1-9d9d-96dd9b170a45'
2026-02-18T13:25:32.9535071Z     'User-Agent': 'azsdk-python-azuremonitorclient/unknown Python/3.11.14 (Linux-6.6.119.3-1.azl3-x86_64-with-glibc2.31)'
2026-02-18T13:25:32.9535092Z A body is sent with the request
2026-02-18T13:25:33.0293463Z 2026-02-18 13:25:33,029 - azure.core.pipeline.policies.http_logging_policy - INFO - Response status: 200
2026-02-18T13:25:33.0293788Z Response headers:
2026-02-18T13:25:33.0293817Z     'Transfer-Encoding': 'chunked'
2026-02-18T13:25:33.0293841Z     'Content-Type': 'application/json; charset=utf-8'
2026-02-18T13:25:33.0293868Z     'Server': 'Microsoft-HTTPAPI/2.0'
2026-02-18T13:25:33.0293891Z     'Strict-Transport-Security': 'REDACTED'
2026-02-18T13:25:33.0293910Z     'X-Content-Type-Options': 'REDACTED'
2026-02-18T13:25:33.0293931Z     'Date': 'Wed, 18 Feb 2026 13:25:32 GMT'
2026-02-18T13:25:33.0299877Z 2026-02-18 13:25:33,029 - azure.monitor.opentelemetry.exporter.export._base - INFO - Transmission succeeded: Item received: 3. Items accepted: 3
2026-02-18T13:25:33.7665673Z 2026-02-18 13:25:33,766 - azure.core.pipeline.policies.http_logging_policy - INFO - Request URL: 'https://westus2-2.in.applicationinsights.azure.com//v2.1/track'
2026-02-18T13:25:33.7666088Z Request method: 'POST'
2026-02-18T13:25:33.7666113Z Request headers:
2026-02-18T13:25:33.7666133Z     'Content-Type': 'application/json'
2026-02-18T13:25:33.7666151Z     'Content-Length': '3720'
2026-02-18T13:25:33.7666171Z     'Accept': 'application/json'
2026-02-18T13:25:33.7666197Z     'x-ms-client-request-id': '4dc32f98-0ccd-11f1-b119-96dd9b170a45'
2026-02-18T13:25:33.7666223Z     'User-Agent': 'azsdk-python-azuremonitorclient/unknown Python/3.11.14 (Linux-6.6.119.3-1.azl3-x86_64-with-glibc2.31)'
2026-02-18T13:25:33.7666245Z A body is sent with the request
2026-02-18T13:25:33.8735724Z 2026-02-18 13:25:33,873 - azure.core.pipeline.policies.http_logging_policy - INFO - Response status: 200
2026-02-18T13:25:33.8736099Z Response headers:
2026-02-18T13:25:33.8736128Z     'Transfer-Encoding': 'chunked'
2026-02-18T13:25:33.8736201Z     'Content-Type': 'application/json; charset=utf-8'
2026-02-18T13:25:33.8736223Z     'Server': 'Microsoft-HTTPAPI/2.0'
2026-02-18T13:25:33.8736244Z     'Strict-Transport-Security': 'REDACTED'
2026-02-18T13:25:33.8736265Z     'X-Content-Type-Options': 'REDACTED'
2026-02-18T13:25:33.8736286Z     'Date': 'Wed, 18 Feb 2026 13:25:33 GMT'
2026-02-18T13:25:33.8740195Z 2026-02-18 13:25:33,873 - azure.monitor.opentelemetry.exporter.export._base - INFO - Transmission succeeded: Item received: 3. Items accepted: 3
2026-02-18T13:25:38.0314823Z 2026-02-18 13:25:38,031 - azure.core.pipeline.policies.http_logging_policy - INFO - Request URL: 'https://westus2-2.in.applicationinsights.azure.com//v2.1/track'
2026-02-18T13:25:38.0315753Z Request method: 'POST'
2026-02-18T13:25:38.0315784Z Request headers:
2026-02-18T13:25:38.0315806Z     'Content-Type': 'application/json'
2026-02-18T13:25:38.0315827Z     'Content-Length': '3719'
2026-02-18T13:25:38.0315846Z     'Accept': 'application/json'
2026-02-18T13:25:38.0315872Z     'x-ms-client-request-id': '504df66c-0ccd-11f1-9d9d-96dd9b170a45'
2026-02-18T13:25:38.0315897Z     'User-Agent': 'azsdk-python-azuremonitorclient/unknown Python/3.11.14 (Linux-6.6.119.3-1.azl3-x86_64-with-glibc2.31)'
2026-02-18T13:25:38.0315917Z A body is sent with the request
2026-02-18T13:25:38.2214838Z 2026-02-18 13:25:38,221 - azure.core.pipeline.policies.http_logging_policy - INFO - Response status: 200
2026-02-18T13:25:38.2215201Z Response headers:
2026-02-18T13:25:38.2215286Z     'Transfer-Encoding': 'chunked'
2026-02-18T13:25:38.2215307Z     'Content-Type': 'application/json; charset=utf-8'
2026-02-18T13:25:38.2215327Z     'Server': 'Microsoft-HTTPAPI/2.0'
2026-02-18T13:25:38.2215348Z     'Strict-Transport-Security': 'REDACTED'
2026-02-18T13:25:38.2215368Z     'X-Content-Type-Options': 'REDACTED'
2026-02-18T13:25:38.2215388Z     'Date': 'Wed, 18 Feb 2026 13:25:37 GMT'
2026-02-18T13:25:38.2221598Z 2026-02-18 13:25:38,221 - azure.monitor.opentelemetry.exporter.export._base - INFO - Transmission succeeded: Item received: 3. Items accepted: 3
2026-02-18T13:25:38.8761792Z 2026-02-18 13:25:38,875 - azure.core.pipeline.policies.http_logging_policy - INFO - Request URL: 'https://westus2-2.in.applicationinsights.azure.com//v2.1/track'
2026-02-18T13:25:38.8762177Z Request method: 'POST'
2026-02-18T13:25:38.8762211Z Request headers:
2026-02-18T13:25:38.8762294Z     'Content-Type': 'application/json'
2026-02-18T13:25:38.8762316Z     'Content-Length': '3717'
2026-02-18T13:25:38.8762336Z     'Accept': 'application/json'
2026-02-18T13:25:38.8762357Z     'x-ms-client-request-id': '50cec94a-0ccd-11f1-b119-96dd9b170a45'
2026-02-18T13:25:38.8762382Z     'User-Agent': 'azsdk-python-azuremonitorclient/unknown Python/3.11.14 (Linux-6.6.119.3-1.azl3-x86_64-with-glibc2.31)'
2026-02-18T13:25:38.8762401Z A body is sent with the request
2026-02-18T13:25:39.0778474Z 2026-02-18 13:25:39,076 - azure.core.pipeline.policies.http_logging_policy - INFO - Response status: 200
2026-02-18T13:25:39.0779667Z Response headers:
2026-02-18T13:25:39.0779701Z     'Transfer-Encoding': 'chunked'
2026-02-18T13:25:39.0779729Z     'Content-Type': 'application/json; charset=utf-8'
2026-02-18T13:25:39.0779831Z     'Server': 'Microsoft-HTTPAPI/2.0'
2026-02-18T13:25:39.0779857Z     'Strict-Transport-Security': 'REDACTED'
2026-02-18T13:25:39.0779881Z     'X-Content-Type-Options': 'REDACTED'
2026-02-18T13:25:39.0779905Z     'Date': 'Wed, 18 Feb 2026 13:25:38 GMT'
2026-02-18T13:25:39.0780243Z 2026-02-18 13:25:39,077 - azure.monitor.opentelemetry.exporter.export._base - INFO - Transmission succeeded: Item received: 3. Items accepted: 3
2026-02-18T13:25:43.2238181Z 2026-02-18 13:25:43,223 - azure.core.pipeline.policies.http_logging_policy - INFO - Request URL: 'https://westus2-2.in.applicationinsights.azure.com//v2.1/track'
2026-02-18T13:25:43.2238613Z Request method: 'POST'
2026-02-18T13:25:43.2238645Z Request headers:
2026-02-18T13:25:43.2238672Z     'Content-Type': 'application/json'
2026-02-18T13:25:43.2238698Z     'Content-Length': '3720'
2026-02-18T13:25:43.2238788Z     'Accept': 'application/json'
2026-02-18T13:25:43.2238816Z     'x-ms-client-request-id': '53663d28-0ccd-11f1-9d9d-96dd9b170a45'
2026-02-18T13:25:43.2238845Z     'User-Agent': 'azsdk-python-azuremonitorclient/unknown Python/3.11.14 (Linux-6.6.119.3-1.azl3-x86_64-with-glibc2.31)'
2026-02-18T13:25:43.2238873Z A body is sent with the request
2026-02-18T13:25:43.3546738Z 2026-02-18 13:25:43,354 - azure.core.pipeline.policies.http_logging_policy - INFO - Response status: 200
2026-02-18T13:25:43.3547351Z Response headers:
2026-02-18T13:25:43.3547383Z     'Transfer-Encoding': 'chunked'
2026-02-18T13:25:43.3547405Z     'Content-Type': 'application/json; charset=utf-8'
2026-02-18T13:25:43.3547424Z     'Server': 'Microsoft-HTTPAPI/2.0'
2026-02-18T13:25:43.3547446Z     'Strict-Transport-Security': 'REDACTED'
2026-02-18T13:25:43.3547471Z     'X-Content-Type-Options': 'REDACTED'
2026-02-18T13:25:43.3547550Z     'Date': 'Wed, 18 Feb 2026 13:25:42 GMT'
2026-02-18T13:25:43.3553226Z 2026-02-18 13:25:43,355 - azure.monitor.opentelemetry.exporter.export._base - INFO - Transmission succeeded: Item received: 3. Items accepted: 3
2026-02-18T13:25:44.0811705Z 2026-02-18 13:25:44,079 - azure.core.pipeline.policies.http_logging_policy - INFO - Request URL: 'https://westus2-2.in.applicationinsights.azure.com//v2.1/track'
2026-02-18T13:25:44.0813257Z Request method: 'POST'
2026-02-18T13:25:44.0813302Z Request headers:
2026-02-18T13:25:44.0813321Z     'Content-Type': 'application/json'
2026-02-18T13:25:44.0813338Z     'Content-Length': '3719'
2026-02-18T13:25:44.0813356Z     'Accept': 'application/json'
2026-02-18T13:25:44.0813377Z     'x-ms-client-request-id': '53e8d9f4-0ccd-11f1-b119-96dd9b170a45'
2026-02-18T13:25:44.0813459Z     'User-Agent': 'azsdk-python-azuremonitorclient/unknown Python/3.11.14 (Linux-6.6.119.3-1.azl3-x86_64-with-glibc2.31)'
2026-02-18T13:25:44.0813479Z A body is sent with the request
2026-02-18T13:25:44.1530712Z 2026-02-18 13:25:44,152 - azure.core.pipeline.policies.http_logging_policy - INFO - Response status: 200
2026-02-18T13:25:44.1531107Z Response headers:
2026-02-18T13:25:44.1531135Z     'Transfer-Encoding': 'chunked'
2026-02-18T13:25:44.1531154Z     'Content-Type': 'application/json; charset=utf-8'
2026-02-18T13:25:44.1531172Z     'Server': 'Microsoft-HTTPAPI/2.0'
2026-02-18T13:25:44.1531191Z     'Strict-Transport-Security': 'REDACTED'
2026-02-18T13:25:44.1531210Z     'X-Content-Type-Options': 'REDACTED'
2026-02-18T13:25:44.1531233Z     'Date': 'Wed, 18 Feb 2026 13:25:43 GMT'
2026-02-18T13:25:44.1534254Z 2026-02-18 13:25:44,153 - azure.monitor.opentelemetry.exporter.export._base - INFO - Transmission succeeded: Item received: 3. Items accepted: 3
2026-02-18T13:25:48.3572347Z 2026-02-18 13:25:48,357 - azure.core.pipeline.policies.http_logging_policy - INFO - Request URL: 'https://westus2-2.in.applicationinsights.azure.com//v2.1/track'
2026-02-18T13:25:48.3572703Z Request method: 'POST'
2026-02-18T13:25:48.3572734Z Request headers:
2026-02-18T13:25:48.3572756Z     'Content-Type': 'application/json'
2026-02-18T13:25:48.3572778Z     'Content-Length': '3720'
2026-02-18T13:25:48.3572799Z     'Accept': 'application/json'
2026-02-18T13:25:48.3572824Z     'x-ms-client-request-id': '5675882a-0ccd-11f1-9d9d-96dd9b170a45'
2026-02-18T13:25:48.3572851Z     'User-Agent': 'azsdk-python-azuremonitorclient/unknown Python/3.11.14 (Linux-6.6.119.3-1.azl3-x86_64-with-glibc2.31)'
2026-02-18T13:25:48.3572874Z A body is sent with the request
2026-02-18T13:25:48.5081349Z 2026-02-18 13:25:48,507 - azure.core.pipeline.policies.http_logging_policy - INFO - Response status: 200
2026-02-18T13:25:48.5081733Z Response headers:
2026-02-18T13:25:48.5081758Z     'Transfer-Encoding': 'chunked'
2026-02-18T13:25:48.5081781Z     'Content-Type': 'application/json; charset=utf-8'
2026-02-18T13:25:48.5081802Z     'Server': 'Microsoft-HTTPAPI/2.0'
2026-02-18T13:25:48.5081823Z     'Strict-Transport-Security': 'REDACTED'
2026-02-18T13:25:48.5081842Z     'X-Content-Type-Options': 'REDACTED'
2026-02-18T13:25:48.5081862Z     'Date': 'Wed, 18 Feb 2026 13:25:47 GMT'
2026-02-18T13:25:48.5087604Z 2026-02-18 13:25:48,508 - azure.monitor.opentelemetry.exporter.export._base - INFO - Transmission succeeded: Item received: 3. Items accepted: 3
2026-02-18T13:25:49.1564666Z 2026-02-18 13:25:49,155 - azure.core.pipeline.policies.http_logging_policy - INFO - Request URL: 'https://westus2-2.in.applicationinsights.azure.com//v2.1/track'
2026-02-18T13:25:49.1565069Z Request method: 'POST'
2026-02-18T13:25:49.1565095Z Request headers:
2026-02-18T13:25:49.1565120Z     'Content-Type': 'application/json'
2026-02-18T13:25:49.1565144Z     'Content-Length': '3720'
2026-02-18T13:25:49.1565166Z     'Accept': 'application/json'
2026-02-18T13:25:49.1565192Z     'x-ms-client-request-id': '56ef5bdc-0ccd-11f1-b119-96dd9b170a45'
2026-02-18T13:25:49.1565222Z     'User-Agent': 'azsdk-python-azuremonitorclient/unknown Python/3.11.14 (Linux-6.6.119.3-1.azl3-x86_64-with-glibc2.31)'
2026-02-18T13:25:49.1565245Z A body is sent with the request
2026-02-18T13:25:49.3566053Z 2026-02-18 13:25:49,356 - azure.core.pipeline.policies.http_logging_policy - INFO - Response status: 200
2026-02-18T13:25:49.3566766Z Response headers:
2026-02-18T13:25:49.3566801Z     'Transfer-Encoding': 'chunked'
2026-02-18T13:25:49.3566879Z     'Content-Type': 'application/json; charset=utf-8'
2026-02-18T13:25:49.3566900Z     'Server': 'Microsoft-HTTPAPI/2.0'
2026-02-18T13:25:49.3566921Z     'Strict-Transport-Security': 'REDACTED'
2026-02-18T13:25:49.3566945Z     'X-Content-Type-Options': 'REDACTED'
2026-02-18T13:25:49.3566962Z     'Date': 'Wed, 18 Feb 2026 13:25:49 GMT'
2026-02-18T13:25:49.3573401Z 2026-02-18 13:25:49,356 - azure.monitor.opentelemetry.exporter.export._base - INFO - Transmission succeeded: Item received: 3. Items accepted: 3
2026-02-18T13:25:53.5102552Z 2026-02-18 13:25:53,510 - azure.core.pipeline.policies.http_logging_policy - INFO - Request URL: 'https://westus2-2.in.applicationinsights.azure.com//v2.1/track'
2026-02-18T13:25:53.5102906Z Request method: 'POST'
2026-02-18T13:25:53.5102933Z Request headers:
2026-02-18T13:25:53.5102956Z     'Content-Type': 'application/json'
2026-02-18T13:25:53.5103036Z     'Content-Length': '3719'
2026-02-18T13:25:53.5103056Z     'Accept': 'application/json'
2026-02-18T13:25:53.5103077Z     'x-ms-client-request-id': '5987d5c2-0ccd-11f1-9d9d-96dd9b170a45'
2026-02-18T13:25:53.5103103Z     'User-Agent': 'azsdk-python-azuremonitorclient/unknown Python/3.11.14 (Linux-6.6.119.3-1.azl3-x86_64-with-glibc2.31)'
2026-02-18T13:25:53.5103124Z A body is sent with the request
2026-02-18T13:25:53.5680141Z 2026-02-18 13:25:53,567 - azure.core.pipeline.policies.http_logging_policy - INFO - Response status: 200
2026-02-18T13:25:53.5682044Z Response headers:
2026-02-18T13:25:53.5682163Z     'Transfer-Encoding': 'chunked'
2026-02-18T13:25:53.5682190Z     'Content-Type': 'application/json; charset=utf-8'
2026-02-18T13:25:53.5682211Z     'Server': 'Microsoft-HTTPAPI/2.0'
2026-02-18T13:25:53.5682289Z     'Strict-Transport-Security': 'REDACTED'
2026-02-18T13:25:53.5682310Z     'X-Content-Type-Options': 'REDACTED'
2026-02-18T13:25:53.5682327Z     'Date': 'Wed, 18 Feb 2026 13:25:52 GMT'
2026-02-18T13:25:53.5693298Z 2026-02-18 13:25:53,568 - azure.monitor.opentelemetry.exporter.export._base - INFO - Transmission succeeded: Item received: 3. Items accepted: 3
2026-02-18T13:25:54.3585768Z 2026-02-18 13:25:54,358 - azure.core.pipeline.policies.http_logging_policy - INFO - Request URL: 'https://westus2-2.in.applicationinsights.azure.com//v2.1/track'
2026-02-18T13:25:54.3586158Z Request method: 'POST'
2026-02-18T13:25:54.3586185Z Request headers:
2026-02-18T13:25:54.3586208Z     'Content-Type': 'application/json'
2026-02-18T13:25:54.3586232Z     'Content-Length': '3720'
2026-02-18T13:25:54.3586255Z     'Accept': 'application/json'
2026-02-18T13:25:54.3586336Z     'x-ms-client-request-id': '5a09476a-0ccd-11f1-b119-96dd9b170a45'
2026-02-18T13:25:54.3586364Z     'User-Agent': 'azsdk-python-azuremonitorclient/unknown Python/3.11.14 (Linux-6.6.119.3-1.azl3-x86_64-with-glibc2.31)'
2026-02-18T13:25:54.3586385Z A body is sent with the request
2026-02-18T13:25:54.4164046Z 2026-02-18 13:25:54,416 - azure.core.pipeline.policies.http_logging_policy - INFO - Response status: 200
2026-02-18T13:25:54.4164365Z Response headers:
2026-02-18T13:25:54.4164396Z     'Transfer-Encoding': 'chunked'
2026-02-18T13:25:54.4164423Z     'Content-Type': 'application/json; charset=utf-8'
2026-02-18T13:25:54.4164443Z     'Server': 'Microsoft-HTTPAPI/2.0'
2026-02-18T13:25:54.4164465Z     'Strict-Transport-Security': 'REDACTED'
2026-02-18T13:25:54.4164487Z     'X-Content-Type-Options': 'REDACTED'
2026-02-18T13:25:54.4164509Z     'Date': 'Wed, 18 Feb 2026 13:25:54 GMT'
2026-02-18T13:25:54.4169767Z 2026-02-18 13:25:54,416 - azure.monitor.opentelemetry.exporter.export._base - INFO - Transmission succeeded: Item received: 3. Items accepted: 3
2026-02-18T13:25:58.5711798Z 2026-02-18 13:25:58,570 - azure.core.pipeline.policies.http_logging_policy - INFO - Request URL: 'https://westus2-2.in.applicationinsights.azure.com//v2.1/track'
2026-02-18T13:25:58.5712351Z Request method: 'POST'
2026-02-18T13:25:58.5712383Z Request headers:
2026-02-18T13:25:58.5712409Z     'Content-Type': 'application/json'
2026-02-18T13:25:58.5712428Z     'Content-Length': '3719'
2026-02-18T13:25:58.5712445Z     'Accept': 'application/json'
2026-02-18T13:25:58.5712463Z     'x-ms-client-request-id': '5c8c10c6-0ccd-11f1-9d9d-96dd9b170a45'
2026-02-18T13:25:58.5712483Z     'User-Agent': 'azsdk-python-azuremonitorclient/unknown Python/3.11.14 (Linux-6.6.119.3-1.azl3-x86_64-with-glibc2.31)'
2026-02-18T13:25:58.5712573Z A body is sent with the request
2026-02-18T13:25:58.6417195Z 2026-02-18 13:25:58,641 - azure.core.pipeline.policies.http_logging_policy - INFO - Response status: 200
2026-02-18T13:25:58.6417573Z Response headers:
2026-02-18T13:25:58.6417602Z     'Transfer-Encoding': 'chunked'
2026-02-18T13:25:58.6417625Z     'Content-Type': 'application/json; charset=utf-8'
2026-02-18T13:25:58.6417647Z     'Server': 'Microsoft-HTTPAPI/2.0'
2026-02-18T13:25:58.6417672Z     'Strict-Transport-Security': 'REDACTED'
2026-02-18T13:25:58.6417693Z     'X-Content-Type-Options': 'REDACTED'
2026-02-18T13:25:58.6417713Z     'Date': 'Wed, 18 Feb 2026 13:25:57 GMT'
2026-02-18T13:25:58.6422633Z 2026-02-18 13:25:58,641 - azure.monitor.opentelemetry.exporter.export._base - INFO - Transmission succeeded: Item received: 3. Items accepted: 3
2026-02-18T13:25:59.4185667Z 2026-02-18 13:25:59,418 - azure.core.pipeline.policies.http_logging_policy - INFO - Request URL: 'https://westus2-2.in.applicationinsights.azure.com//v2.1/track'
2026-02-18T13:25:59.4186050Z Request method: 'POST'
2026-02-18T13:25:59.4186077Z Request headers:
2026-02-18T13:25:59.4186098Z     'Content-Type': 'application/json'
2026-02-18T13:25:59.4186120Z     'Content-Length': '3720'
2026-02-18T13:25:59.4186145Z     'Accept': 'application/json'
2026-02-18T13:25:59.4186169Z     'x-ms-client-request-id': '5d0d5e92-0ccd-11f1-b119-96dd9b170a45'
2026-02-18T13:25:59.4186194Z     'User-Agent': 'azsdk-python-azuremonitorclient/unknown Python/3.11.14 (Linux-6.6.119.3-1.azl3-x86_64-with-glibc2.31)'
2026-02-18T13:25:59.4186214Z A body is sent with the request
2026-02-18T13:25:59.5497848Z 2026-02-18 13:25:59,549 - azure.core.pipeline.policies.http_logging_policy - INFO - Response status: 200
2026-02-18T13:25:59.5498262Z Response headers:
2026-02-18T13:25:59.5498290Z     'Transfer-Encoding': 'chunked'
2026-02-18T13:25:59.5498312Z     'Content-Type': 'application/json; charset=utf-8'
2026-02-18T13:25:59.5498331Z     'Server': 'Microsoft-HTTPAPI/2.0'
2026-02-18T13:25:59.5498350Z     'Strict-Transport-Security': 'REDACTED'
2026-02-18T13:25:59.5498369Z     'X-Content-Type-Options': 'REDACTED'
2026-02-18T13:25:59.5498387Z     'Date': 'Wed, 18 Feb 2026 13:25:59 GMT'
2026-02-18T13:25:59.5504838Z 2026-02-18 13:25:59,549 - azure.monitor.opentelemetry.exporter.export._base - INFO - Transmission succeeded: Item received: 3. Items accepted: 3
2026-02-18T13:26:03.6447552Z 2026-02-18 13:26:03,643 - azure.core.pipeline.policies.http_logging_policy - INFO - Request URL: 'https://westus2-2.in.applicationinsights.azure.com//v2.1/track'
2026-02-18T13:26:03.6448037Z Request method: 'POST'
2026-02-18T13:26:03.6448132Z Request headers:
2026-02-18T13:26:03.6448154Z     'Content-Type': 'application/json'
2026-02-18T13:26:03.6448171Z     'Content-Length': '3719'
2026-02-18T13:26:03.6448193Z     'Accept': 'application/json'
2026-02-18T13:26:03.6448212Z     'x-ms-client-request-id': '5f921c98-0ccd-11f1-9d9d-96dd9b170a45'
2026-02-18T13:26:03.6448236Z     'User-Agent': 'azsdk-python-azuremonitorclient/unknown Python/3.11.14 (Linux-6.6.119.3-1.azl3-x86_64-with-glibc2.31)'
2026-02-18T13:26:03.6448254Z A body is sent with the request
2026-02-18T13:26:03.7427491Z 2026-02-18 13:26:03,742 - azure.core.pipeline.policies.http_logging_policy - INFO - Response status: 200
2026-02-18T13:26:03.7427816Z Response headers:
2026-02-18T13:26:03.7427843Z     'Transfer-Encoding': 'chunked'
2026-02-18T13:26:03.7427864Z     'Content-Type': 'application/json; charset=utf-8'
2026-02-18T13:26:03.7427937Z     'Server': 'Microsoft-HTTPAPI/2.0'
2026-02-18T13:26:03.7427956Z     'Strict-Transport-Security': 'REDACTED'
2026-02-18T13:26:03.7427975Z     'X-Content-Type-Options': 'REDACTED'
2026-02-18T13:26:03.7427994Z     'Date': 'Wed, 18 Feb 2026 13:26:03 GMT'
2026-02-18T13:26:03.7434689Z 2026-02-18 13:26:03,743 - azure.monitor.opentelemetry.exporter.export._base - INFO - Transmission succeeded: Item received: 3. Items accepted: 3
2026-02-18T13:26:04.5522197Z 2026-02-18 13:26:04,552 - azure.core.pipeline.policies.http_logging_policy - INFO - Request URL: 'https://westus2-2.in.applicationinsights.azure.com//v2.1/track'
2026-02-18T13:26:04.5522696Z Request method: 'POST'
2026-02-18T13:26:04.5522728Z Request headers:
2026-02-18T13:26:04.5522754Z     'Content-Type': 'application/json'
2026-02-18T13:26:04.5522774Z     'Content-Length': '3720'
2026-02-18T13:26:04.5522854Z     'Accept': 'application/json'
2026-02-18T13:26:04.5522877Z     'x-ms-client-request-id': '601cb48e-0ccd-11f1-b119-96dd9b170a45'
2026-02-18T13:26:04.5522898Z     'User-Agent': 'azsdk-python-azuremonitorclient/unknown Python/3.11.14 (Linux-6.6.119.3-1.azl3-x86_64-with-glibc2.31)'
2026-02-18T13:26:04.5522917Z A body is sent with the request
2026-02-18T13:26:04.6417216Z 2026-02-18 13:26:04,641 - azure.core.pipeline.policies.http_logging_policy - INFO - Response status: 200
2026-02-18T13:26:04.6417567Z Response headers:
2026-02-18T13:26:04.6417593Z     'Transfer-Encoding': 'chunked'
2026-02-18T13:26:04.6417616Z     'Content-Type': 'application/json; charset=utf-8'
2026-02-18T13:26:04.6417637Z     'Server': 'Microsoft-HTTPAPI/2.0'
2026-02-18T13:26:04.6417657Z     'Strict-Transport-Security': 'REDACTED'
2026-02-18T13:26:04.6417730Z     'X-Content-Type-Options': 'REDACTED'
2026-02-18T13:26:04.6417750Z     'Date': 'Wed, 18 Feb 2026 13:26:04 GMT'
2026-02-18T13:26:04.6423372Z 2026-02-18 13:26:04,641 - azure.monitor.opentelemetry.exporter.export._base - INFO - Transmission succeeded: Item received: 3. Items accepted: 3
2026-02-18T13:26:08.7451227Z 2026-02-18 13:26:08,744 - azure.core.pipeline.policies.http_logging_policy - INFO - Request URL: 'https://westus2-2.in.applicationinsights.azure.com//v2.1/track'
2026-02-18T13:26:08.7451675Z Request method: 'POST'
2026-02-18T13:26:08.7451702Z Request headers:
2026-02-18T13:26:08.7451720Z     'Content-Type': 'application/json'
2026-02-18T13:26:08.7451743Z     'Content-Length': '3720'
2026-02-18T13:26:08.7451762Z     'Accept': 'application/json'
2026-02-18T13:26:08.7451791Z     'x-ms-client-request-id': '629c7a78-0ccd-11f1-9d9d-96dd9b170a45'
2026-02-18T13:26:08.7451878Z     'User-Agent': 'azsdk-python-azuremonitorclient/unknown Python/3.11.14 (Linux-6.6.119.3-1.azl3-x86_64-with-glibc2.31)'
2026-02-18T13:26:08.7451896Z A body is sent with the request
2026-02-18T13:26:08.8185866Z 2026-02-18 13:26:08,818 - azure.core.pipeline.policies.http_logging_policy - INFO - Response status: 200
2026-02-18T13:26:08.8186230Z Response headers:
2026-02-18T13:26:08.8186255Z     'Transfer-Encoding': 'chunked'
2026-02-18T13:26:08.8186276Z     'Content-Type': 'application/json; charset=utf-8'
2026-02-18T13:26:08.8186297Z     'Server': 'Microsoft-HTTPAPI/2.0'
2026-02-18T13:26:08.8186318Z     'Strict-Transport-Security': 'REDACTED'
2026-02-18T13:26:08.8186337Z     'X-Content-Type-Options': 'REDACTED'
2026-02-18T13:26:08.8186356Z     'Date': 'Wed, 18 Feb 2026 13:26:08 GMT'
2026-02-18T13:26:08.8191612Z 2026-02-18 13:26:08,818 - azure.monitor.opentelemetry.exporter.export._base - INFO - Transmission succeeded: Item received: 3. Items accepted: 3
2026-02-18T13:26:09.6438343Z 2026-02-18 13:26:09,643 - azure.core.pipeline.policies.http_logging_policy - INFO - Request URL: 'https://westus2-2.in.applicationinsights.azure.com//v2.1/track'
2026-02-18T13:26:09.6438945Z Request method: 'POST'
2026-02-18T13:26:09.6438975Z Request headers:
2026-02-18T13:26:09.6438998Z     'Content-Type': 'application/json'
2026-02-18T13:26:09.6439024Z     'Content-Length': '3720'
2026-02-18T13:26:09.6439045Z     'Accept': 'application/json'
2026-02-18T13:26:09.6439072Z     'x-ms-client-request-id': '63259da8-0ccd-11f1-b119-96dd9b170a45'
2026-02-18T13:26:09.6439100Z     'User-Agent': 'azsdk-python-azuremonitorclient/unknown Python/3.11.14 (Linux-6.6.119.3-1.azl3-x86_64-with-glibc2.31)'
2026-02-18T13:26:09.6439124Z A body is sent with the request
2026-02-18T13:26:09.7919352Z 2026-02-18 13:26:09,791 - azure.core.pipeline.policies.http_logging_policy - INFO - Response status: 200
2026-02-18T13:26:09.7919708Z Response headers:
2026-02-18T13:26:09.7919734Z     'Transfer-Encoding': 'chunked'
2026-02-18T13:26:09.7919757Z     'Content-Type': 'application/json; charset=utf-8'
2026-02-18T13:26:09.7919776Z     'Server': 'Microsoft-HTTPAPI/2.0'
2026-02-18T13:26:09.7919798Z     'Strict-Transport-Security': 'REDACTED'
2026-02-18T13:26:09.7919818Z     'X-Content-Type-Options': 'REDACTED'
2026-02-18T13:26:09.7919835Z     'Date': 'Wed, 18 Feb 2026 13:26:09 GMT'
2026-02-18T13:26:09.7927073Z 2026-02-18 13:26:09,792 - azure.monitor.opentelemetry.exporter.export._base - INFO - Transmission succeeded: Item received: 3. Items accepted: 3
