2026-02-18T09:55:31.7850669Z    _____                               
2026-02-18T09:55:31.7861260Z   /  _  \ __________ _________   ____  
2026-02-18T09:55:31.7862375Z  /  /_\  \\___   /  |  \_  __ \_/ __ \ 
2026-02-18T09:55:31.7862469Z /    |    \/    /|  |  /|  | \/\  ___/ 
2026-02-18T09:55:31.7862519Z \____|__  /_____ \____/ |__|    \___  >
2026-02-18T09:55:31.7862763Z         \/      \/                  \/ 
2026-02-18T09:55:31.7862887Z A P P   S E R V I C E   O N   L I N U X
2026-02-18T09:55:31.7862935Z 
2026-02-18T09:55:31.7862999Z Documentation    : http://aka.ms/webapp-linux
2026-02-18T09:55:31.7863046Z Python quickstart: https://aka.ms/python-qs
2026-02-18T09:55:31.7863093Z Python version   : 3.11.14
2026-02-18T09:55:31.7863198Z Instance Name    : 10-30-0-61
2026-02-18T09:55:31.7863268Z Instance Id      : d4dcc6cb8fa4d3af2b8b134980ef431447c31deb3840f994909c927561216d1a
2026-02-18T09:55:31.7863307Z 
2026-02-18T09:55:31.7863665Z Note: Any data outside '/home' is not persisted
2026-02-18T09:55:32.4818873Z Starting OpenBSD Secure Shell server: sshd.
2026-02-18T09:55:32.4994901Z WEBSITES_INCLUDE_CLOUD_CERTS is not set to true.
2026-02-18T09:55:32.5530838Z Updating certificates in /etc/ssl/certs...
2026-02-18T09:55:37.7520526Z rehash: warning: skipping duplicate certificate in azl_SSL.com_TLS_ECC_Root_CA_2022.pem
2026-02-18T09:55:37.7521808Z rehash: warning: skipping duplicate certificate in azl_Sectigo_Public_Server_Authentication_Root_R46.pem
2026-02-18T09:55:37.7550482Z rehash: warning: skipping duplicate certificate in azl_SSL.com_TLS_RSA_Root_CA_2022.pem
2026-02-18T09:55:37.7572030Z rehash: warning: skipping duplicate certificate in azl_Sectigo_Public_Server_Authentication_Root_E46.pem
2026-02-18T09:55:37.7647089Z 4 added, 0 removed; done.
2026-02-18T09:55:37.7718070Z Running hooks in /etc/ca-certificates/update.d...
2026-02-18T09:55:37.8666008Z done.
2026-02-18T09:55:37.8716150Z CA certificates copied and updated successfully.
2026-02-18T09:55:38.3272872Z Site's appCommandLine: bash startup.sh
2026-02-18T09:55:38.7591856Z Starting periodic command scheduler: cron.
2026-02-18T09:55:38.7606428Z Launching oryx with: create-script -appPath /home/site/wwwroot -output /opt/startup/startup.sh -virtualEnvName antenv -defaultApp /opt/defaultsite -userStartupCommand 'bash startup.sh'
2026-02-18T09:55:38.8011690Z Found build manifest file at '/home/site/wwwroot/oryx-manifest.toml'. Deserializing it...
2026-02-18T09:55:38.8075772Z Build Operation ID: 6f0e8ea102137c29
2026-02-18T09:55:38.8084835Z Oryx Version: 0.2.20260130.1, Commit: a98e9aef5dfb6572a08b0a07ce414e1122ab4a2e, ReleaseTagName: 20260130.1
2026-02-18T09:55:38.8088371Z Output is compressed. Extracting it...
2026-02-18T09:55:38.8092031Z Found gzip-compressed tarball.
2026-02-18T09:55:38.8094156Z Extracting '/home/site/wwwroot/output.tar.gz' to directory '/tmp/8de6ebc684ad89a'...
2026-02-18T09:55:38.8094365Z Using gzip for decompression of file: /home/site/wwwroot/output.tar.gz
2026-02-18T09:55:47.4362441Z App path is set to '/tmp/8de6ebc684ad89a'
2026-02-18T09:55:48.4022408Z Writing output script to '/opt/startup/startup.sh'
2026-02-18T09:55:48.5607215Z Using packages from virtual environment antenv located at /tmp/8de6ebc684ad89a/antenv.
2026-02-18T09:55:48.5607879Z Updated PYTHONPATH to '/opt/startup/app_logs:/tmp/8de6ebc684ad89a/antenv/lib/python3.11/site-packages'
2026-02-18T09:55:48.5658926Z === Options Scanner Backend Startup ===
2026-02-18T09:55:48.5852016Z ODBC Driver 18 already installed.
2026-02-18T09:55:48.5852423Z Available ODBC drivers:
2026-02-18T09:55:48.5890003Z [ODBC Driver 17 for SQL Server]
2026-02-18T09:55:48.5890302Z [ODBC Driver 18 for SQL Server]
2026-02-18T09:55:48.5890370Z Activating local virtual environment...
2026-02-18T09:55:48.5967966Z Working directory: /tmp/8de6ebc684ad89a
2026-02-18T09:55:48.6017355Z Python: /tmp/8de6ebc684ad89a/antenv/bin/python
2026-02-18T09:55:48.6017576Z Starting Gunicorn with Uvicorn workers...
2026-02-18T09:55:49.0992306Z [2026-02-18 09:55:49 +0000] [1909] [INFO] Starting gunicorn 23.0.0
2026-02-18T09:55:49.1017759Z [2026-02-18 09:55:49 +0000] [1909] [INFO] Listening at: http://0.0.0.0:8000 (1909)
2026-02-18T09:55:49.1018318Z [2026-02-18 09:55:49 +0000] [1909] [INFO] Using worker: uvicorn.workers.UvicornWorker
2026-02-18T09:55:49.1048202Z [2026-02-18 09:55:49 +0000] [1910] [INFO] Booting worker with pid: 1910
2026-02-18T09:55:49.1093682Z [2026-02-18 09:55:49 +0000] [1911] [INFO] Booting worker with pid: 1911
2026-02-18T09:55:54.9191387Z 2026-02-18 09:55:54,918 - azure.core.pipeline.policies.http_logging_policy - INFO - Request URL: 'https://westus-0.in.applicationinsights.azure.com//v2.1/track'
2026-02-18T09:55:54.9191929Z Request method: 'POST'
2026-02-18T09:55:54.9191975Z Request headers:
2026-02-18T09:55:54.9192137Z     'Content-Type': 'application/json'
2026-02-18T09:55:54.9192172Z     'Content-Length': '1372'
2026-02-18T09:55:54.9192211Z     'Accept': 'application/json'
2026-02-18T09:55:54.9192349Z     'x-ms-client-request-id': '042f5d24-0cb0-11f1-a237-0adf85178b07'
2026-02-18T09:55:54.9192406Z     'User-Agent': 'azsdk-python-azuremonitorclient/unknown Python/3.11.14 (Linux-6.6.119.3-1.azl3-x86_64-with-glibc2.31)'
2026-02-18T09:55:54.9192433Z A body is sent with the request
2026-02-18T09:55:54.9226219Z 2026-02-18 09:55:54,921 - azure.core.pipeline.policies.http_logging_policy - INFO - Request URL: 'https://westus-0.in.applicationinsights.azure.com//v2.1/track'
2026-02-18T09:55:54.9228998Z Request method: 'POST'
2026-02-18T09:55:54.9229067Z Request headers:
2026-02-18T09:55:54.9229119Z     'Content-Type': 'application/json'
2026-02-18T09:55:54.9229618Z     'Content-Length': '1370'
2026-02-18T09:55:54.9229649Z     'Accept': 'application/json'
2026-02-18T09:55:54.9229680Z     'x-ms-client-request-id': '042fc6d8-0cb0-11f1-98b5-0adf85178b07'
2026-02-18T09:55:54.9252514Z     'User-Agent': 'azsdk-python-azuremonitorclient/unknown Python/3.11.14 (Linux-6.6.119.3-1.azl3-x86_64-with-glibc2.31)'
2026-02-18T09:55:54.9252559Z A body is sent with the request
2026-02-18T09:55:55.1108193Z 2026-02-18 09:55:55,110 - azure.core.pipeline.policies.http_logging_policy - INFO - Response status: 200
2026-02-18T09:55:55.1108676Z Response headers:
2026-02-18T09:55:55.1108718Z     'Transfer-Encoding': 'chunked'
2026-02-18T09:55:55.1108750Z     'Content-Type': 'application/json; charset=utf-8'
2026-02-18T09:55:55.1108786Z     'Server': 'Microsoft-HTTPAPI/2.0'
2026-02-18T09:55:55.1108815Z     'Strict-Transport-Security': 'REDACTED'
2026-02-18T09:55:55.1108843Z     'X-Content-Type-Options': 'REDACTED'
2026-02-18T09:55:55.1109700Z     'Date': 'Wed, 18 Feb 2026 09:55:55 GMT'
2026-02-18T09:55:55.1599613Z 2026-02-18 09:55:55,159 - azure.core.pipeline.policies.http_logging_policy - INFO - Response status: 200
2026-02-18T09:55:55.1600195Z Response headers:
2026-02-18T09:55:55.1600246Z     'Transfer-Encoding': 'chunked'
2026-02-18T09:55:55.1600271Z     'Content-Type': 'application/json; charset=utf-8'
2026-02-18T09:55:55.1600294Z     'Server': 'Microsoft-HTTPAPI/2.0'
2026-02-18T09:55:55.1600373Z     'Strict-Transport-Security': 'REDACTED'
2026-02-18T09:55:55.1600397Z     'X-Content-Type-Options': 'REDACTED'
2026-02-18T09:55:55.1600423Z     'Date': 'Wed, 18 Feb 2026 09:55:54 GMT'
2026-02-18T09:55:55.3537701Z 2026-02-18 09:55:55,353 - appinsights - INFO - Application Insights configured
2026-02-18T09:55:55.3545138Z 2026-02-18 09:55:55,354 - appinsights - INFO - Application Insights configured
2026-02-18T09:55:55.5481209Z [2026-02-18 09:55:55 +0000] [1911] [INFO] Started server process [1911]
2026-02-18T09:55:55.5486641Z [2026-02-18 09:55:55 +0000] [1911] [INFO] Waiting for application startup.
2026-02-18T09:55:55.5490239Z 2026-02-18 09:55:55,548 - app.middleware.auth - INFO - API key authentication disabled (no API_KEY set)
2026-02-18T09:55:55.5493892Z 2026-02-18 09:55:55,549 - app.middleware.rate_limit - INFO - Rate limiting enabled: 60 req / 60s window
2026-02-18T09:55:55.5502366Z 2026-02-18 09:55:55,550 - app.main - INFO - No migration files found in /tmp/8de6ebc684ad89a/migrations
2026-02-18T09:55:55.5505712Z 2026-02-18 09:55:55,550 - app.main - INFO - Background scanner task created
2026-02-18T09:55:55.5509112Z 2026-02-18 09:55:55,550 - app.main - INFO - Background scanner started (interval=900s)
2026-02-18T09:55:55.5518603Z [2026-02-18 09:55:55 +0000] [1910] [INFO] Started server process [1910]
2026-02-18T09:55:55.5518901Z [2026-02-18 09:55:55 +0000] [1910] [INFO] Waiting for application startup.
2026-02-18T09:55:55.5549735Z 2026-02-18 09:55:55,551 - app.middleware.auth - INFO - API key authentication disabled (no API_KEY set)
2026-02-18T09:55:55.5553759Z [2026-02-18 09:55:55 +0000] [1911] [INFO] Application startup complete.
2026-02-18T09:55:55.5553906Z [2026-02-18 09:55:55 +0000] [1910] [INFO] Application startup complete.
2026-02-18T09:55:55.5555446Z 2026-02-18 09:55:55,552 - app.middleware.rate_limit - INFO - Rate limiting enabled: 60 req / 60s window
2026-02-18T09:55:55.5555512Z 2026-02-18 09:55:55,552 - app.main - INFO - No migration files found in /tmp/8de6ebc684ad89a/migrations
2026-02-18T09:55:55.5555545Z 2026-02-18 09:55:55,553 - app.main - INFO - Background scanner task created
2026-02-18T09:55:55.5555578Z 2026-02-18 09:55:55,553 - app.main - INFO - Background scanner started (interval=900s)
2026-02-18T09:55:55.5804704Z 2026-02-18 09:55:55,580 - app.main - INFO - → GET /robots933456.txt
2026-02-18T09:55:55.5830748Z 2026-02-18 09:55:55,581 - app.main - INFO - ← GET /robots933456.txt 404
2026-02-18T09:55:55.5830920Z 169.254.129.1:23843 - "GET /robots933456.txt HTTP/1.1" 404
2026-02-18T09:55:56.1415968Z 2026-02-18 09:55:56,141 - app.main - INFO - → GET /
2026-02-18T09:55:56.1470468Z 2026-02-18 09:55:56,146 - app.main - INFO - ← GET / 200
2026-02-18T09:55:56.1474628Z 169.254.129.1:27353 - "GET / HTTP/1.1" 200
2026-02-18T09:55:56.1919649Z 2026-02-18 09:55:56,191 - app.main - INFO - → GET /
2026-02-18T09:55:56.1933629Z 2026-02-18 09:55:56,192 - app.main - INFO - ← GET / 200
2026-02-18T09:55:56.1934239Z 169.254.129.1:27353 - "GET / HTTP/1.1" 200
2026-02-18T09:56:00.1206089Z 2026-02-18 09:56:00,120 - azure.core.pipeline.policies.http_logging_policy - INFO - Request URL: 'https://westus2-2.in.applicationinsights.azure.com//v2.1/track'
2026-02-18T09:56:00.1206479Z Request method: 'POST'
2026-02-18T09:56:00.1206505Z Request headers:
2026-02-18T09:56:00.1206527Z     'Content-Type': 'application/json'
2026-02-18T09:56:00.1206545Z     'Content-Length': '9332'
2026-02-18T09:56:00.1206564Z     'Accept': 'application/json'
2026-02-18T09:56:00.1206587Z     'x-ms-client-request-id': '074906fe-0cb0-11f1-a748-0adf85178b07'
2026-02-18T09:56:00.1206611Z     'User-Agent': 'azsdk-python-azuremonitorclient/unknown Python/3.11.14 (Linux-6.6.119.3-1.azl3-x86_64-with-glibc2.31)'
2026-02-18T09:56:00.1206630Z A body is sent with the request
2026-02-18T09:56:00.1697449Z 2026-02-18 09:56:00,169 - azure.core.pipeline.policies.http_logging_policy - INFO - Request URL: 'https://westus2-2.in.applicationinsights.azure.com//v2.1/track'
2026-02-18T09:56:00.1697935Z Request method: 'POST'
2026-02-18T09:56:00.1697965Z Request headers:
2026-02-18T09:56:00.1697983Z     'Content-Type': 'application/json'
2026-02-18T09:56:00.1697999Z     'Content-Length': '7536'
2026-02-18T09:56:00.1698021Z     'Accept': 'application/json'
2026-02-18T09:56:00.1698042Z     'x-ms-client-request-id': '0750873a-0cb0-11f1-b7fb-0adf85178b07'
2026-02-18T09:56:00.1698063Z     'User-Agent': 'azsdk-python-azuremonitorclient/unknown Python/3.11.14 (Linux-6.6.119.3-1.azl3-x86_64-with-glibc2.31)'
2026-02-18T09:56:00.1698084Z A body is sent with the request
2026-02-18T09:56:00.3078903Z 2026-02-18 09:56:00,307 - azure.core.pipeline.policies.http_logging_policy - INFO - Response status: 200
2026-02-18T09:56:00.3079243Z Response headers:
2026-02-18T09:56:00.3079267Z     'Transfer-Encoding': 'chunked'
2026-02-18T09:56:00.3079287Z     'Content-Type': 'application/json; charset=utf-8'
2026-02-18T09:56:00.3079304Z     'Server': 'Microsoft-HTTPAPI/2.0'
2026-02-18T09:56:00.3079322Z     'Strict-Transport-Security': 'REDACTED'
2026-02-18T09:56:00.3079339Z     'X-Content-Type-Options': 'REDACTED'
2026-02-18T09:56:00.3079358Z     'Date': 'Wed, 18 Feb 2026 09:55:59 GMT'
2026-02-18T09:56:00.3084654Z 2026-02-18 09:56:00,308 - azure.monitor.opentelemetry.exporter.export._base - INFO - Transmission succeeded: Item received: 10. Items accepted: 10
2026-02-18T09:56:00.4835543Z 2026-02-18 09:56:00,482 - azure.core.pipeline.policies.http_logging_policy - INFO - Response status: 200
2026-02-18T09:56:00.4836135Z Response headers:
2026-02-18T09:56:00.4836228Z     'Transfer-Encoding': 'chunked'
2026-02-18T09:56:00.4836249Z     'Content-Type': 'application/json; charset=utf-8'
2026-02-18T09:56:00.4836266Z     'Server': 'Microsoft-HTTPAPI/2.0'
2026-02-18T09:56:00.4836285Z     'Strict-Transport-Security': 'REDACTED'
2026-02-18T09:56:00.4836304Z     'X-Content-Type-Options': 'REDACTED'
2026-02-18T09:56:00.4836325Z     'Date': 'Wed, 18 Feb 2026 09:55:59 GMT'
2026-02-18T09:56:00.4836348Z 2026-02-18 09:56:00,483 - azure.monitor.opentelemetry.exporter.export._base - INFO - Transmission succeeded: Item received: 8. Items accepted: 8
2026-02-18T09:56:05.3103837Z 2026-02-18 09:56:05,310 - azure.core.pipeline.policies.http_logging_policy - INFO - Request URL: 'https://westus2-2.in.applicationinsights.azure.com//v2.1/track'
2026-02-18T09:56:05.3104213Z Request method: 'POST'
2026-02-18T09:56:05.3104238Z Request headers:
2026-02-18T09:56:05.3104259Z     'Content-Type': 'application/json'
2026-02-18T09:56:05.3104351Z     'Content-Length': '3721'
2026-02-18T09:56:05.3104375Z     'Accept': 'application/json'
2026-02-18T09:56:05.3104397Z     'x-ms-client-request-id': '0a60f5e0-0cb0-11f1-a748-0adf85178b07'
2026-02-18T09:56:05.3104424Z     'User-Agent': 'azsdk-python-azuremonitorclient/unknown Python/3.11.14 (Linux-6.6.119.3-1.azl3-x86_64-with-glibc2.31)'
2026-02-18T09:56:05.3104443Z A body is sent with the request
2026-02-18T09:56:05.3714458Z 2026-02-18 09:56:05,371 - azure.core.pipeline.policies.http_logging_policy - INFO - Response status: 200
2026-02-18T09:56:05.3714766Z Response headers:
2026-02-18T09:56:05.3714792Z     'Transfer-Encoding': 'chunked'
2026-02-18T09:56:05.3714814Z     'Content-Type': 'application/json; charset=utf-8'
2026-02-18T09:56:05.3714831Z     'Server': 'Microsoft-HTTPAPI/2.0'
2026-02-18T09:56:05.3714920Z     'Strict-Transport-Security': 'REDACTED'
2026-02-18T09:56:05.3714939Z     'X-Content-Type-Options': 'REDACTED'
2026-02-18T09:56:05.3714955Z     'Date': 'Wed, 18 Feb 2026 09:56:04 GMT'
2026-02-18T09:56:05.3721147Z 2026-02-18 09:56:05,371 - azure.monitor.opentelemetry.exporter.export._base - INFO - Transmission succeeded: Item received: 3. Items accepted: 3
2026-02-18T09:56:05.4851197Z 2026-02-18 09:56:05,484 - azure.core.pipeline.policies.http_logging_policy - INFO - Request URL: 'https://westus2-2.in.applicationinsights.azure.com//v2.1/track'
2026-02-18T09:56:05.4851796Z Request method: 'POST'
2026-02-18T09:56:05.4851823Z Request headers:
2026-02-18T09:56:05.4851847Z     'Content-Type': 'application/json'
2026-02-18T09:56:05.4851870Z     'Content-Length': '3718'
2026-02-18T09:56:05.4851886Z     'Accept': 'application/json'
2026-02-18T09:56:05.4851962Z     'x-ms-client-request-id': '0a7b9eea-0cb0-11f1-b7fb-0adf85178b07'
2026-02-18T09:56:05.4851986Z     'User-Agent': 'azsdk-python-azuremonitorclient/unknown Python/3.11.14 (Linux-6.6.119.3-1.azl3-x86_64-with-glibc2.31)'
2026-02-18T09:56:05.4852007Z A body is sent with the request
2026-02-18T09:56:05.5946404Z 2026-02-18 09:56:05,594 - azure.core.pipeline.policies.http_logging_policy - INFO - Response status: 200
2026-02-18T09:56:05.5946762Z Response headers:
2026-02-18T09:56:05.5946796Z     'Transfer-Encoding': 'chunked'
2026-02-18T09:56:05.5946817Z     'Content-Type': 'application/json; charset=utf-8'
2026-02-18T09:56:05.5946842Z     'Server': 'Microsoft-HTTPAPI/2.0'
2026-02-18T09:56:05.5946864Z     'Strict-Transport-Security': 'REDACTED'
2026-02-18T09:56:05.5946883Z     'X-Content-Type-Options': 'REDACTED'
2026-02-18T09:56:05.5946903Z     'Date': 'Wed, 18 Feb 2026 09:56:04 GMT'
2026-02-18T09:56:05.5953616Z 2026-02-18 09:56:05,594 - azure.monitor.opentelemetry.exporter.export._base - INFO - Transmission succeeded: Item received: 3. Items accepted: 3
2026-02-18T09:56:10.3737956Z 2026-02-18 09:56:10,373 - azure.core.pipeline.policies.http_logging_policy - INFO - Request URL: 'https://westus2-2.in.applicationinsights.azure.com//v2.1/track'
2026-02-18T09:56:10.3738291Z Request method: 'POST'
2026-02-18T09:56:10.3738319Z Request headers:
2026-02-18T09:56:10.3738337Z     'Content-Type': 'application/json'
2026-02-18T09:56:10.3738352Z     'Content-Length': '3720'
2026-02-18T09:56:10.3738376Z     'Accept': 'application/json'
2026-02-18T09:56:10.3738397Z     'x-ms-client-request-id': '0d65950c-0cb0-11f1-a748-0adf85178b07'
2026-02-18T09:56:10.3738420Z     'User-Agent': 'azsdk-python-azuremonitorclient/unknown Python/3.11.14 (Linux-6.6.119.3-1.azl3-x86_64-with-glibc2.31)'
2026-02-18T09:56:10.3738504Z A body is sent with the request
2026-02-18T09:56:10.4939385Z 2026-02-18 09:56:10,493 - azure.core.pipeline.policies.http_logging_policy - INFO - Response status: 200
2026-02-18T09:56:10.4939730Z Response headers:
2026-02-18T09:56:10.4939752Z     'Transfer-Encoding': 'chunked'
2026-02-18T09:56:10.4939771Z     'Content-Type': 'application/json; charset=utf-8'
2026-02-18T09:56:10.4939788Z     'Server': 'Microsoft-HTTPAPI/2.0'
2026-02-18T09:56:10.4939806Z     'Strict-Transport-Security': 'REDACTED'
2026-02-18T09:56:10.4939824Z     'X-Content-Type-Options': 'REDACTED'
2026-02-18T09:56:10.4939844Z     'Date': 'Wed, 18 Feb 2026 09:56:09 GMT'
2026-02-18T09:56:10.4946686Z 2026-02-18 09:56:10,494 - azure.monitor.opentelemetry.exporter.export._base - INFO - Transmission succeeded: Item received: 3. Items accepted: 3
2026-02-18T09:56:10.5979468Z 2026-02-18 09:56:10,597 - azure.core.pipeline.policies.http_logging_policy - INFO - Request URL: 'https://westus2-2.in.applicationinsights.azure.com//v2.1/track'
2026-02-18T09:56:10.5980175Z Request method: 'POST'
2026-02-18T09:56:10.5980210Z Request headers:
2026-02-18T09:56:10.5980228Z     'Content-Type': 'application/json'
2026-02-18T09:56:10.5980246Z     'Content-Length': '3720'
2026-02-18T09:56:10.5980261Z     'Accept': 'application/json'
2026-02-18T09:56:10.5980278Z     'x-ms-client-request-id': '0d87c7a8-0cb0-11f1-b7fb-0adf85178b07'
2026-02-18T09:56:10.5980299Z     'User-Agent': 'azsdk-python-azuremonitorclient/unknown Python/3.11.14 (Linux-6.6.119.3-1.azl3-x86_64-with-glibc2.31)'
2026-02-18T09:56:10.5980314Z A body is sent with the request
2026-02-18T09:56:10.8894174Z 2026-02-18 09:56:10,889 - azure.core.pipeline.policies.http_logging_policy - INFO - Response status: 200
2026-02-18T09:56:10.8894566Z Response headers:
2026-02-18T09:56:10.8894592Z     'Transfer-Encoding': 'chunked'
2026-02-18T09:56:10.8894610Z     'Content-Type': 'application/json; charset=utf-8'
2026-02-18T09:56:10.8894624Z     'Server': 'Microsoft-HTTPAPI/2.0'
2026-02-18T09:56:10.8894639Z     'Strict-Transport-Security': 'REDACTED'
2026-02-18T09:56:10.8894656Z     'X-Content-Type-Options': 'REDACTED'
2026-02-18T09:56:10.8894672Z     'Date': 'Wed, 18 Feb 2026 09:56:10 GMT'
2026-02-18T09:56:10.8906419Z 2026-02-18 09:56:10,890 - azure.monitor.opentelemetry.exporter.export._base - INFO - Transmission succeeded: Item received: 3. Items accepted: 3
2026-02-18T09:56:15.4962659Z 2026-02-18 09:56:15,496 - azure.core.pipeline.policies.http_logging_policy - INFO - Request URL: 'https://westus2-2.in.applicationinsights.azure.com//v2.1/track'
2026-02-18T09:56:15.4963005Z Request method: 'POST'
2026-02-18T09:56:15.4963091Z Request headers:
2026-02-18T09:56:15.4963113Z     'Content-Type': 'application/json'
2026-02-18T09:56:15.4963132Z     'Content-Length': '3720'
2026-02-18T09:56:15.4963150Z     'Accept': 'application/json'
2026-02-18T09:56:15.4963169Z     'x-ms-client-request-id': '10733330-0cb0-11f1-a748-0adf85178b07'
2026-02-18T09:56:15.4963190Z     'User-Agent': 'azsdk-python-azuremonitorclient/unknown Python/3.11.14 (Linux-6.6.119.3-1.azl3-x86_64-with-glibc2.31)'
2026-02-18T09:56:15.4963208Z A body is sent with the request
2026-02-18T09:56:15.5671588Z 2026-02-18 09:56:15,566 - azure.core.pipeline.policies.http_logging_policy - INFO - Response status: 200
2026-02-18T09:56:15.5671918Z Response headers:
2026-02-18T09:56:15.5671945Z     'Transfer-Encoding': 'chunked'
2026-02-18T09:56:15.5671965Z     'Content-Type': 'application/json; charset=utf-8'
2026-02-18T09:56:15.5672046Z     'Server': 'Microsoft-HTTPAPI/2.0'
2026-02-18T09:56:15.5672064Z     'Strict-Transport-Security': 'REDACTED'
2026-02-18T09:56:15.5672081Z     'X-Content-Type-Options': 'REDACTED'
2026-02-18T09:56:15.5672099Z     'Date': 'Wed, 18 Feb 2026 09:56:14 GMT'
2026-02-18T09:56:15.5678112Z 2026-02-18 09:56:15,567 - azure.monitor.opentelemetry.exporter.export._base - INFO - Transmission succeeded: Item received: 3. Items accepted: 3
2026-02-18T09:56:15.8931219Z 2026-02-18 09:56:15,892 - azure.core.pipeline.policies.http_logging_policy - INFO - Request URL: 'https://westus2-2.in.applicationinsights.azure.com//v2.1/track'
2026-02-18T09:56:15.8931825Z Request method: 'POST'
2026-02-18T09:56:15.8931854Z Request headers:
2026-02-18T09:56:15.8931872Z     'Content-Type': 'application/json'
2026-02-18T09:56:15.8931889Z     'Content-Length': '3720'
2026-02-18T09:56:15.8931963Z     'Accept': 'application/json'
2026-02-18T09:56:15.8931982Z     'x-ms-client-request-id': '10afc278-0cb0-11f1-b7fb-0adf85178b07'
2026-02-18T09:56:15.8932003Z     'User-Agent': 'azsdk-python-azuremonitorclient/unknown Python/3.11.14 (Linux-6.6.119.3-1.azl3-x86_64-with-glibc2.31)'
2026-02-18T09:56:15.8932019Z A body is sent with the request
2026-02-18T09:56:16.0128844Z 2026-02-18 09:56:16,012 - azure.core.pipeline.policies.http_logging_policy - INFO - Response status: 200
2026-02-18T09:56:16.0129159Z Response headers:
2026-02-18T09:56:16.0129187Z     'Transfer-Encoding': 'chunked'
2026-02-18T09:56:16.0129206Z     'Content-Type': 'application/json; charset=utf-8'
2026-02-18T09:56:16.0129223Z     'Server': 'Microsoft-HTTPAPI/2.0'
2026-02-18T09:56:16.0129241Z     'Strict-Transport-Security': 'REDACTED'
2026-02-18T09:56:16.0129309Z     'X-Content-Type-Options': 'REDACTED'
2026-02-18T09:56:16.0129327Z     'Date': 'Wed, 18 Feb 2026 09:56:15 GMT'
2026-02-18T09:56:16.0134926Z 2026-02-18 09:56:16,013 - azure.monitor.opentelemetry.exporter.export._base - INFO - Transmission succeeded: Item received: 3. Items accepted: 3
2026-02-18T09:56:20.5692887Z 2026-02-18 09:56:20,569 - azure.core.pipeline.policies.http_logging_policy - INFO - Request URL: 'https://westus2-2.in.applicationinsights.azure.com//v2.1/track'
2026-02-18T09:56:20.5693362Z Request method: 'POST'
2026-02-18T09:56:20.5693397Z Request headers:
2026-02-18T09:56:20.5693414Z     'Content-Type': 'application/json'
2026-02-18T09:56:20.5693429Z     'Content-Length': '3720'
2026-02-18T09:56:20.5693446Z     'Accept': 'application/json'
2026-02-18T09:56:20.5693465Z     'x-ms-client-request-id': '13794844-0cb0-11f1-a748-0adf85178b07'
2026-02-18T09:56:20.5693555Z     'User-Agent': 'azsdk-python-azuremonitorclient/unknown Python/3.11.14 (Linux-6.6.119.3-1.azl3-x86_64-with-glibc2.31)'
2026-02-18T09:56:20.5693574Z A body is sent with the request
2026-02-18T09:56:20.6360474Z 2026-02-18 09:56:20,635 - azure.core.pipeline.policies.http_logging_policy - INFO - Response status: 200
2026-02-18T09:56:20.6360824Z Response headers:
2026-02-18T09:56:20.6360850Z     'Transfer-Encoding': 'chunked'
2026-02-18T09:56:20.6360868Z     'Content-Type': 'application/json; charset=utf-8'
2026-02-18T09:56:20.6360887Z     'Server': 'Microsoft-HTTPAPI/2.0'
2026-02-18T09:56:20.6360905Z     'Strict-Transport-Security': 'REDACTED'
2026-02-18T09:56:20.6360922Z     'X-Content-Type-Options': 'REDACTED'
2026-02-18T09:56:20.6360941Z     'Date': 'Wed, 18 Feb 2026 09:56:19 GMT'
2026-02-18T09:56:20.6367654Z 2026-02-18 09:56:20,636 - azure.monitor.opentelemetry.exporter.export._base - INFO - Transmission succeeded: Item received: 3. Items accepted: 3
2026-02-18T09:56:21.0155974Z 2026-02-18 09:56:21,015 - azure.core.pipeline.policies.http_logging_policy - INFO - Request URL: 'https://westus2-2.in.applicationinsights.azure.com//v2.1/track'
2026-02-18T09:56:21.0156298Z Request method: 'POST'
2026-02-18T09:56:21.0156322Z Request headers:
2026-02-18T09:56:21.0156343Z     'Content-Type': 'application/json'
2026-02-18T09:56:21.0156362Z     'Content-Length': '3719'
2026-02-18T09:56:21.0156379Z     'Accept': 'application/json'
2026-02-18T09:56:21.0156396Z     'x-ms-client-request-id': '13bd5606-0cb0-11f1-b7fb-0adf85178b07'
2026-02-18T09:56:21.0156420Z     'User-Agent': 'azsdk-python-azuremonitorclient/unknown Python/3.11.14 (Linux-6.6.119.3-1.azl3-x86_64-with-glibc2.31)'
2026-02-18T09:56:21.0156437Z A body is sent with the request
2026-02-18T09:56:21.1208481Z 2026-02-18 09:56:21,120 - azure.core.pipeline.policies.http_logging_policy - INFO - Response status: 200
2026-02-18T09:56:21.1208836Z Response headers:
2026-02-18T09:56:21.1208863Z     'Transfer-Encoding': 'chunked'
2026-02-18T09:56:21.1208890Z     'Content-Type': 'application/json; charset=utf-8'
2026-02-18T09:56:21.1208906Z     'Server': 'Microsoft-HTTPAPI/2.0'
2026-02-18T09:56:21.1208921Z     'Strict-Transport-Security': 'REDACTED'
2026-02-18T09:56:21.1208937Z     'X-Content-Type-Options': 'REDACTED'
2026-02-18T09:56:21.1208953Z     'Date': 'Wed, 18 Feb 2026 09:56:20 GMT'
2026-02-18T09:56:21.1212795Z 2026-02-18 09:56:21,121 - azure.monitor.opentelemetry.exporter.export._base - INFO - Transmission succeeded: Item received: 3. Items accepted: 3
2026-02-18T09:56:25.6383091Z 2026-02-18 09:56:25,637 - azure.core.pipeline.policies.http_logging_policy - INFO - Request URL: 'https://westus2-2.in.applicationinsights.azure.com//v2.1/track'
2026-02-18T09:56:25.6383633Z Request method: 'POST'
2026-02-18T09:56:25.6383655Z Request headers:
2026-02-18T09:56:25.6383671Z     'Content-Type': 'application/json'
2026-02-18T09:56:25.6383685Z     'Content-Length': '3720'
2026-02-18T09:56:25.6383701Z     'Accept': 'application/json'
2026-02-18T09:56:25.6383718Z     'x-ms-client-request-id': '167ebe52-0cb0-11f1-a748-0adf85178b07'
2026-02-18T09:56:25.6383738Z     'User-Agent': 'azsdk-python-azuremonitorclient/unknown Python/3.11.14 (Linux-6.6.119.3-1.azl3-x86_64-with-glibc2.31)'
2026-02-18T09:56:25.6383757Z A body is sent with the request
2026-02-18T09:56:25.7380765Z 2026-02-18 09:56:25,737 - azure.core.pipeline.policies.http_logging_policy - INFO - Response status: 200
2026-02-18T09:56:25.7381097Z Response headers:
2026-02-18T09:56:25.7381121Z     'Transfer-Encoding': 'chunked'
2026-02-18T09:56:25.7381215Z     'Content-Type': 'application/json; charset=utf-8'
2026-02-18T09:56:25.7381232Z     'Server': 'Microsoft-HTTPAPI/2.0'
2026-02-18T09:56:25.7381249Z     'Strict-Transport-Security': 'REDACTED'
2026-02-18T09:56:25.7381266Z     'X-Content-Type-Options': 'REDACTED'
2026-02-18T09:56:25.7381282Z     'Date': 'Wed, 18 Feb 2026 09:56:24 GMT'
2026-02-18T09:56:25.7387599Z 2026-02-18 09:56:25,738 - azure.monitor.opentelemetry.exporter.export._base - INFO - Transmission succeeded: Item received: 3. Items accepted: 3
2026-02-18T09:56:26.1230374Z 2026-02-18 09:56:26,122 - azure.core.pipeline.policies.http_logging_policy - INFO - Request URL: 'https://westus2-2.in.applicationinsights.azure.com//v2.1/track'
2026-02-18T09:56:26.1230722Z Request method: 'POST'
2026-02-18T09:56:26.1230744Z Request headers:
2026-02-18T09:56:26.1230837Z     'Content-Type': 'application/json'
2026-02-18T09:56:26.1230859Z     'Content-Length': '3719'
2026-02-18T09:56:26.1230877Z     'Accept': 'application/json'
2026-02-18T09:56:26.1230894Z     'x-ms-client-request-id': '16c8b480-0cb0-11f1-b7fb-0adf85178b07'
2026-02-18T09:56:26.1230915Z     'User-Agent': 'azsdk-python-azuremonitorclient/unknown Python/3.11.14 (Linux-6.6.119.3-1.azl3-x86_64-with-glibc2.31)'
2026-02-18T09:56:26.1230934Z A body is sent with the request
2026-02-18T09:56:26.2226906Z 2026-02-18 09:56:26,222 - azure.core.pipeline.policies.http_logging_policy - INFO - Response status: 200
2026-02-18T09:56:26.2227245Z Response headers:
2026-02-18T09:56:26.2227270Z     'Transfer-Encoding': 'chunked'
2026-02-18T09:56:26.2227288Z     'Content-Type': 'application/json; charset=utf-8'
2026-02-18T09:56:26.2227307Z     'Server': 'Microsoft-HTTPAPI/2.0'
2026-02-18T09:56:26.2227386Z     'Strict-Transport-Security': 'REDACTED'
2026-02-18T09:56:26.2227402Z     'X-Content-Type-Options': 'REDACTED'
2026-02-18T09:56:26.2227416Z     'Date': 'Wed, 18 Feb 2026 09:56:26 GMT'
2026-02-18T09:56:26.2234387Z 2026-02-18 09:56:26,222 - azure.monitor.opentelemetry.exporter.export._base - INFO - Transmission succeeded: Item received: 3. Items accepted: 3
2026-02-18T09:56:30.7410368Z 2026-02-18 09:56:30,740 - azure.core.pipeline.policies.http_logging_policy - INFO - Request URL: 'https://westus2-2.in.applicationinsights.azure.com//v2.1/track'
2026-02-18T09:56:30.7410706Z Request method: 'POST'
2026-02-18T09:56:30.7410732Z Request headers:
2026-02-18T09:56:30.7410750Z     'Content-Type': 'application/json'
2026-02-18T09:56:30.7410766Z     'Content-Length': '3719'
2026-02-18T09:56:30.7410787Z     'Accept': 'application/json'
2026-02-18T09:56:30.7410875Z     'x-ms-client-request-id': '19895f94-0cb0-11f1-a748-0adf85178b07'
2026-02-18T09:56:30.7410899Z     'User-Agent': 'azsdk-python-azuremonitorclient/unknown Python/3.11.14 (Linux-6.6.119.3-1.azl3-x86_64-with-glibc2.31)'
2026-02-18T09:56:30.7410917Z A body is sent with the request
2026-02-18T09:56:30.7841590Z 2026-02-18 09:56:30,783 - azure.core.pipeline.policies.http_logging_policy - INFO - Response status: 200
2026-02-18T09:56:30.7841919Z Response headers:
2026-02-18T09:56:30.7841946Z     'Transfer-Encoding': 'chunked'
2026-02-18T09:56:30.7841966Z     'Content-Type': 'application/json; charset=utf-8'
2026-02-18T09:56:30.7841983Z     'Server': 'Microsoft-HTTPAPI/2.0'
2026-02-18T09:56:30.7842002Z     'Strict-Transport-Security': 'REDACTED'
2026-02-18T09:56:30.7842020Z     'X-Content-Type-Options': 'REDACTED'
2026-02-18T09:56:30.7842040Z     'Date': 'Wed, 18 Feb 2026 09:56:29 GMT'
2026-02-18T09:56:30.7845158Z 2026-02-18 09:56:30,784 - azure.monitor.opentelemetry.exporter.export._base - INFO - Transmission succeeded: Item received: 3. Items accepted: 3
2026-02-18T09:56:31.2251351Z 2026-02-18 09:56:31,224 - azure.core.pipeline.policies.http_logging_policy - INFO - Request URL: 'https://westus2-2.in.applicationinsights.azure.com//v2.1/track'
2026-02-18T09:56:31.2251692Z Request method: 'POST'
2026-02-18T09:56:31.2251718Z Request headers:
2026-02-18T09:56:31.2251737Z     'Content-Type': 'application/json'
2026-02-18T09:56:31.2251755Z     'Content-Length': '3720'
2026-02-18T09:56:31.2251774Z     'Accept': 'application/json'
2026-02-18T09:56:31.2251794Z     'x-ms-client-request-id': '19d33d94-0cb0-11f1-b7fb-0adf85178b07'
2026-02-18T09:56:31.2251821Z     'User-Agent': 'azsdk-python-azuremonitorclient/unknown Python/3.11.14 (Linux-6.6.119.3-1.azl3-x86_64-with-glibc2.31)'
2026-02-18T09:56:31.2251915Z A body is sent with the request
2026-02-18T09:56:31.3227234Z 2026-02-18 09:56:31,322 - azure.core.pipeline.policies.http_logging_policy - INFO - Response status: 200
2026-02-18T09:56:31.3227844Z Response headers:
2026-02-18T09:56:31.3227870Z     'Transfer-Encoding': 'chunked'
2026-02-18T09:56:31.3227899Z     'Content-Type': 'application/json; charset=utf-8'
2026-02-18T09:56:31.3227916Z     'Server': 'Microsoft-HTTPAPI/2.0'
2026-02-18T09:56:31.3227934Z     'Strict-Transport-Security': 'REDACTED'
2026-02-18T09:56:31.3227953Z     'X-Content-Type-Options': 'REDACTED'
2026-02-18T09:56:31.3227969Z     'Date': 'Wed, 18 Feb 2026 09:56:31 GMT'
2026-02-18T09:56:31.3233049Z 2026-02-18 09:56:31,323 - azure.monitor.opentelemetry.exporter.export._base - INFO - Transmission succeeded: Item received: 3. Items accepted: 3
2026-02-18T09:56:35.7878870Z 2026-02-18 09:56:35,787 - azure.core.pipeline.policies.http_logging_policy - INFO - Request URL: 'https://westus2-2.in.applicationinsights.azure.com//v2.1/track'
2026-02-18T09:56:35.7880172Z Request method: 'POST'
2026-02-18T09:56:35.7880206Z Request headers:
2026-02-18T09:56:35.7880231Z     'Content-Type': 'application/json'
2026-02-18T09:56:35.7880249Z     'Content-Length': '3719'
2026-02-18T09:56:35.7880266Z     'Accept': 'application/json'
2026-02-18T09:56:35.7880283Z     'x-ms-client-request-id': '1c8b517a-0cb0-11f1-a748-0adf85178b07'
2026-02-18T09:56:35.7880301Z     'User-Agent': 'azsdk-python-azuremonitorclient/unknown Python/3.11.14 (Linux-6.6.119.3-1.azl3-x86_64-with-glibc2.31)'
2026-02-18T09:56:35.7880319Z A body is sent with the request
2026-02-18T09:56:35.8912488Z 2026-02-18 09:56:35,891 - azure.core.pipeline.policies.http_logging_policy - INFO - Response status: 200
2026-02-18T09:56:35.8912879Z Response headers:
2026-02-18T09:56:35.8912907Z     'Transfer-Encoding': 'chunked'
2026-02-18T09:56:35.8912927Z     'Content-Type': 'application/json; charset=utf-8'
2026-02-18T09:56:35.8912947Z     'Server': 'Microsoft-HTTPAPI/2.0'
2026-02-18T09:56:35.8912965Z     'Strict-Transport-Security': 'REDACTED'
2026-02-18T09:56:35.8912981Z     'X-Content-Type-Options': 'REDACTED'
2026-02-18T09:56:35.8912995Z     'Date': 'Wed, 18 Feb 2026 09:56:35 GMT'
2026-02-18T09:56:35.8917268Z 2026-02-18 09:56:35,891 - azure.monitor.opentelemetry.exporter.export._base - INFO - Transmission succeeded: Item received: 3. Items accepted: 3
2026-02-18T09:56:36.3247820Z 2026-02-18 09:56:36,324 - azure.core.pipeline.policies.http_logging_policy - INFO - Request URL: 'https://westus2-2.in.applicationinsights.azure.com//v2.1/track'
2026-02-18T09:56:36.3248169Z Request method: 'POST'
2026-02-18T09:56:36.3248254Z Request headers:
2026-02-18T09:56:36.3248272Z     'Content-Type': 'application/json'
2026-02-18T09:56:36.3248289Z     'Content-Length': '3720'
2026-02-18T09:56:36.3248306Z     'Accept': 'application/json'
2026-02-18T09:56:36.3248324Z     'x-ms-client-request-id': '1cdd6316-0cb0-11f1-b7fb-0adf85178b07'
2026-02-18T09:56:36.3248348Z     'User-Agent': 'azsdk-python-azuremonitorclient/unknown Python/3.11.14 (Linux-6.6.119.3-1.azl3-x86_64-with-glibc2.31)'
2026-02-18T09:56:36.3248367Z A body is sent with the request
2026-02-18T09:56:36.4039532Z 2026-02-18 09:56:36,402 - azure.core.pipeline.policies.http_logging_policy - INFO - Response status: 200
2026-02-18T09:56:36.4040048Z Response headers:
2026-02-18T09:56:36.4040074Z     'Transfer-Encoding': 'chunked'
2026-02-18T09:56:36.4040090Z     'Content-Type': 'application/json; charset=utf-8'
2026-02-18T09:56:36.4040174Z     'Server': 'Microsoft-HTTPAPI/2.0'
2026-02-18T09:56:36.4040192Z     'Strict-Transport-Security': 'REDACTED'
2026-02-18T09:56:36.4040210Z     'X-Content-Type-Options': 'REDACTED'
2026-02-18T09:56:36.4040228Z     'Date': 'Wed, 18 Feb 2026 09:56:36 GMT'
2026-02-18T09:56:36.4048024Z 2026-02-18 09:56:36,404 - azure.monitor.opentelemetry.exporter.export._base - INFO - Transmission succeeded: Item received: 3. Items accepted: 3
2026-02-18T09:56:40.8940831Z 2026-02-18 09:56:40,893 - azure.core.pipeline.policies.http_logging_policy - INFO - Request URL: 'https://westus2-2.in.applicationinsights.azure.com//v2.1/track'
2026-02-18T09:56:40.8941179Z Request method: 'POST'
2026-02-18T09:56:40.8941207Z Request headers:
2026-02-18T09:56:40.8941233Z     'Content-Type': 'application/json'
2026-02-18T09:56:40.8941259Z     'Content-Length': '3720'
2026-02-18T09:56:40.8941346Z     'Accept': 'application/json'
2026-02-18T09:56:40.8941371Z     'x-ms-client-request-id': '1f9698e8-0cb0-11f1-a748-0adf85178b07'
2026-02-18T09:56:40.8941398Z     'User-Agent': 'azsdk-python-azuremonitorclient/unknown Python/3.11.14 (Linux-6.6.119.3-1.azl3-x86_64-with-glibc2.31)'
2026-02-18T09:56:40.8941419Z A body is sent with the request
2026-02-18T09:56:40.9556047Z 2026-02-18 09:56:40,955 - azure.core.pipeline.policies.http_logging_policy - INFO - Response status: 200
2026-02-18T09:56:40.9556343Z Response headers:
2026-02-18T09:56:40.9556366Z     'Transfer-Encoding': 'chunked'
2026-02-18T09:56:40.9556386Z     'Content-Type': 'application/json; charset=utf-8'
2026-02-18T09:56:40.9556409Z     'Server': 'Microsoft-HTTPAPI/2.0'
2026-02-18T09:56:40.9556427Z     'Strict-Transport-Security': 'REDACTED'
2026-02-18T09:56:40.9556499Z     'X-Content-Type-Options': 'REDACTED'
2026-02-18T09:56:40.9556518Z     'Date': 'Wed, 18 Feb 2026 09:56:40 GMT'
2026-02-18T09:56:40.9561697Z 2026-02-18 09:56:40,955 - azure.monitor.opentelemetry.exporter.export._base - INFO - Transmission succeeded: Item received: 3. Items accepted: 3
2026-02-18T09:56:41.4064388Z 2026-02-18 09:56:41,406 - azure.core.pipeline.policies.http_logging_policy - INFO - Request URL: 'https://westus2-2.in.applicationinsights.azure.com//v2.1/track'
2026-02-18T09:56:41.4065084Z Request method: 'POST'
2026-02-18T09:56:41.4065113Z Request headers:
2026-02-18T09:56:41.4065137Z     'Content-Type': 'application/json'
2026-02-18T09:56:41.4065154Z     'Content-Length': '3720'
2026-02-18T09:56:41.4065931Z     'Accept': 'application/json'
2026-02-18T09:56:41.4065975Z     'x-ms-client-request-id': '1fe4c8e2-0cb0-11f1-b7fb-0adf85178b07'
2026-02-18T09:56:41.4066064Z     'User-Agent': 'azsdk-python-azuremonitorclient/unknown Python/3.11.14 (Linux-6.6.119.3-1.azl3-x86_64-with-glibc2.31)'
2026-02-18T09:56:41.4066080Z A body is sent with the request
2026-02-18T09:56:41.5067845Z 2026-02-18 09:56:41,506 - azure.core.pipeline.policies.http_logging_policy - INFO - Response status: 200
2026-02-18T09:56:41.5068210Z Response headers:
2026-02-18T09:56:41.5068239Z     'Transfer-Encoding': 'chunked'
2026-02-18T09:56:41.5068261Z     'Content-Type': 'application/json; charset=utf-8'
2026-02-18T09:56:41.5068292Z     'Server': 'Microsoft-HTTPAPI/2.0'
2026-02-18T09:56:41.5068312Z     'Strict-Transport-Security': 'REDACTED'
2026-02-18T09:56:41.5068332Z     'X-Content-Type-Options': 'REDACTED'
2026-02-18T09:56:41.5068354Z     'Date': 'Wed, 18 Feb 2026 09:56:41 GMT'
2026-02-18T09:56:41.5075513Z 2026-02-18 09:56:41,507 - azure.monitor.opentelemetry.exporter.export._base - INFO - Transmission succeeded: Item received: 3. Items accepted: 3
2026-02-18T09:56:45.9574478Z 2026-02-18 09:56:45,957 - azure.core.pipeline.policies.http_logging_policy - INFO - Request URL: 'https://westus2-2.in.applicationinsights.azure.com//v2.1/track'
2026-02-18T09:56:45.9574821Z Request method: 'POST'
2026-02-18T09:56:45.9574847Z Request headers:
2026-02-18T09:56:45.9574865Z     'Content-Type': 'application/json'
2026-02-18T09:56:45.9574886Z     'Content-Length': '3720'
2026-02-18T09:56:45.9574903Z     'Accept': 'application/json'
2026-02-18T09:56:45.9574921Z     'x-ms-client-request-id': '229b3832-0cb0-11f1-a748-0adf85178b07'
2026-02-18T09:56:45.9574943Z     'User-Agent': 'azsdk-python-azuremonitorclient/unknown Python/3.11.14 (Linux-6.6.119.3-1.azl3-x86_64-with-glibc2.31)'
2026-02-18T09:56:45.9574963Z A body is sent with the request
2026-02-18T09:56:46.0353150Z 2026-02-18 09:56:46,035 - azure.core.pipeline.policies.http_logging_policy - INFO - Response status: 200
2026-02-18T09:56:46.0353479Z Response headers:
2026-02-18T09:56:46.0353504Z     'Transfer-Encoding': 'chunked'
2026-02-18T09:56:46.0353523Z     'Content-Type': 'application/json; charset=utf-8'
2026-02-18T09:56:46.0353541Z     'Server': 'Microsoft-HTTPAPI/2.0'
2026-02-18T09:56:46.0353558Z     'Strict-Transport-Security': 'REDACTED'
2026-02-18T09:56:46.0353707Z     'X-Content-Type-Options': 'REDACTED'
2026-02-18T09:56:46.0353729Z     'Date': 'Wed, 18 Feb 2026 09:56:45 GMT'
2026-02-18T09:56:46.0359019Z 2026-02-18 09:56:46,035 - azure.monitor.opentelemetry.exporter.export._base - INFO - Transmission succeeded: Item received: 3. Items accepted: 3
2026-02-18T09:56:46.5088268Z 2026-02-18 09:56:46,508 - azure.core.pipeline.policies.http_logging_policy - INFO - Request URL: 'https://westus2-2.in.applicationinsights.azure.com//v2.1/track'
2026-02-18T09:56:46.5088669Z Request method: 'POST'
2026-02-18T09:56:46.5088695Z Request headers:
2026-02-18T09:56:46.5088715Z     'Content-Type': 'application/json'
2026-02-18T09:56:46.5088733Z     'Content-Length': '3719'
2026-02-18T09:56:46.5088751Z     'Accept': 'application/json'
2026-02-18T09:56:46.5088769Z     'x-ms-client-request-id': '22ef591c-0cb0-11f1-b7fb-0adf85178b07'
2026-02-18T09:56:46.5088793Z     'User-Agent': 'azsdk-python-azuremonitorclient/unknown Python/3.11.14 (Linux-6.6.119.3-1.azl3-x86_64-with-glibc2.31)'
2026-02-18T09:56:46.5088809Z A body is sent with the request
2026-02-18T09:56:46.7305582Z 2026-02-18 09:56:46,730 - azure.core.pipeline.policies.http_logging_policy - INFO - Response status: 200
2026-02-18T09:56:46.7305947Z Response headers:
2026-02-18T09:56:46.7305982Z     'Transfer-Encoding': 'chunked'
2026-02-18T09:56:46.7306081Z     'Content-Type': 'application/json; charset=utf-8'
2026-02-18T09:56:46.7306106Z     'Server': 'Microsoft-HTTPAPI/2.0'
2026-02-18T09:56:46.7306128Z     'Strict-Transport-Security': 'REDACTED'
2026-02-18T09:56:46.7306148Z     'X-Content-Type-Options': 'REDACTED'
2026-02-18T09:56:46.7306166Z     'Date': 'Wed, 18 Feb 2026 09:56:46 GMT'
2026-02-18T09:56:46.7322354Z 2026-02-18 09:56:46,730 - azure.monitor.opentelemetry.exporter.export._base - INFO - Transmission succeeded: Item received: 3. Items accepted: 3
2026-02-18T09:56:51.0374629Z 2026-02-18 09:56:51,037 - azure.core.pipeline.policies.http_logging_policy - INFO - Request URL: 'https://westus2-2.in.applicationinsights.azure.com//v2.1/track'
2026-02-18T09:56:51.0374936Z Request method: 'POST'
2026-02-18T09:56:51.0374957Z Request headers:
2026-02-18T09:56:51.0375033Z     'Content-Type': 'application/json'
2026-02-18T09:56:51.0375051Z     'Content-Length': '3719'
2026-02-18T09:56:51.0375068Z     'Accept': 'application/json'
2026-02-18T09:56:51.0375088Z     'x-ms-client-request-id': '25a25e16-0cb0-11f1-a748-0adf85178b07'
2026-02-18T09:56:51.0375113Z     'User-Agent': 'azsdk-python-azuremonitorclient/unknown Python/3.11.14 (Linux-6.6.119.3-1.azl3-x86_64-with-glibc2.31)'
2026-02-18T09:56:51.0375133Z A body is sent with the request
2026-02-18T09:56:51.1064699Z 2026-02-18 09:56:51,105 - azure.core.pipeline.policies.http_logging_policy - INFO - Response status: 200
2026-02-18T09:56:51.1065000Z Response headers:
2026-02-18T09:56:51.1065024Z     'Transfer-Encoding': 'chunked'
2026-02-18T09:56:51.1065046Z     'Content-Type': 'application/json; charset=utf-8'
2026-02-18T09:56:51.1065068Z     'Server': 'Microsoft-HTTPAPI/2.0'
2026-02-18T09:56:51.1065148Z     'Strict-Transport-Security': 'REDACTED'
2026-02-18T09:56:51.1065165Z     'X-Content-Type-Options': 'REDACTED'
2026-02-18T09:56:51.1065183Z     'Date': 'Wed, 18 Feb 2026 09:56:50 GMT'
2026-02-18T09:56:51.1065208Z 2026-02-18 09:56:51,106 - azure.monitor.opentelemetry.exporter.export._base - INFO - Transmission succeeded: Item received: 3. Items accepted: 3
2026-02-18T09:56:51.7332079Z 2026-02-18 09:56:51,732 - azure.core.pipeline.policies.http_logging_policy - INFO - Request URL: 'https://westus2-2.in.applicationinsights.azure.com//v2.1/track'
2026-02-18T09:56:51.7332342Z Request method: 'POST'
2026-02-18T09:56:51.7332604Z Request headers:
2026-02-18T09:56:51.7332628Z     'Content-Type': 'application/json'
2026-02-18T09:56:51.7332648Z     'Content-Length': '3720'
2026-02-18T09:56:51.7332671Z     'Accept': 'application/json'
2026-02-18T09:56:51.7332749Z     'x-ms-client-request-id': '260c866a-0cb0-11f1-b7fb-0adf85178b07'
2026-02-18T09:56:51.7332779Z     'User-Agent': 'azsdk-python-azuremonitorclient/unknown Python/3.11.14 (Linux-6.6.119.3-1.azl3-x86_64-with-glibc2.31)'
2026-02-18T09:56:51.7332799Z A body is sent with the request
2026-02-18T09:56:51.9183582Z 2026-02-18 09:56:51,918 - azure.core.pipeline.policies.http_logging_policy - INFO - Response status: 200
2026-02-18T09:56:51.9184183Z Response headers:
2026-02-18T09:56:51.9184212Z     'Transfer-Encoding': 'chunked'
2026-02-18T09:56:51.9184232Z     'Content-Type': 'application/json; charset=utf-8'
2026-02-18T09:56:51.9184254Z     'Server': 'Microsoft-HTTPAPI/2.0'
2026-02-18T09:56:51.9184273Z     'Strict-Transport-Security': 'REDACTED'
2026-02-18T09:56:51.9184291Z     'X-Content-Type-Options': 'REDACTED'
2026-02-18T09:56:51.9184310Z     'Date': 'Wed, 18 Feb 2026 09:56:51 GMT'
2026-02-18T09:56:51.9190414Z 2026-02-18 09:56:51,918 - azure.monitor.opentelemetry.exporter.export._base - INFO - Transmission succeeded: Item received: 3. Items accepted: 3
2026-02-18T09:56:56.1093708Z 2026-02-18 09:56:56,107 - azure.core.pipeline.policies.http_logging_policy - INFO - Request URL: 'https://westus2-2.in.applicationinsights.azure.com//v2.1/track'
2026-02-18T09:56:56.1094022Z Request method: 'POST'
2026-02-18T09:56:56.1094047Z Request headers:
2026-02-18T09:56:56.1094063Z     'Content-Type': 'application/json'
2026-02-18T09:56:56.1094080Z     'Content-Length': '3720'
2026-02-18T09:56:56.1094099Z     'Accept': 'application/json'
2026-02-18T09:56:56.1094116Z     'x-ms-client-request-id': '28a81290-0cb0-11f1-a748-0adf85178b07'
2026-02-18T09:56:56.1094137Z     'User-Agent': 'azsdk-python-azuremonitorclient/unknown Python/3.11.14 (Linux-6.6.119.3-1.azl3-x86_64-with-glibc2.31)'
2026-02-18T09:56:56.1094154Z A body is sent with the request
2026-02-18T09:56:56.2287793Z 2026-02-18 09:56:56,228 - azure.core.pipeline.policies.http_logging_policy - INFO - Response status: 200
2026-02-18T09:56:56.2288276Z Response headers:
2026-02-18T09:56:56.2288309Z     'Transfer-Encoding': 'chunked'
2026-02-18T09:56:56.2288333Z     'Content-Type': 'application/json; charset=utf-8'
2026-02-18T09:56:56.2288355Z     'Server': 'Microsoft-HTTPAPI/2.0'
2026-02-18T09:56:56.2288375Z     'Strict-Transport-Security': 'REDACTED'
2026-02-18T09:56:56.2288399Z     'X-Content-Type-Options': 'REDACTED'
2026-02-18T09:56:56.2288418Z     'Date': 'Wed, 18 Feb 2026 09:56:55 GMT'
2026-02-18T09:56:56.2293374Z 2026-02-18 09:56:56,229 - azure.monitor.opentelemetry.exporter.export._base - INFO - Transmission succeeded: Item received: 3. Items accepted: 3
2026-02-18T09:56:56.9211143Z 2026-02-18 09:56:56,920 - azure.core.pipeline.policies.http_logging_policy - INFO - Request URL: 'https://westus2-2.in.applicationinsights.azure.com//v2.1/track'
2026-02-18T09:56:56.9211788Z Request method: 'POST'
2026-02-18T09:56:56.9211816Z Request headers:
2026-02-18T09:56:56.9211836Z     'Content-Type': 'application/json'
2026-02-18T09:56:56.9211857Z     'Content-Length': '3720'
2026-02-18T09:56:56.9211880Z     'Accept': 'application/json'
2026-02-18T09:56:56.9211910Z     'x-ms-client-request-id': '29242128-0cb0-11f1-b7fb-0adf85178b07'
2026-02-18T09:56:56.9211939Z     'User-Agent': 'azsdk-python-azuremonitorclient/unknown Python/3.11.14 (Linux-6.6.119.3-1.azl3-x86_64-with-glibc2.31)'
2026-02-18T09:56:56.9211963Z A body is sent with the request
2026-02-18T09:56:57.0121416Z 2026-02-18 09:56:57,011 - azure.core.pipeline.policies.http_logging_policy - INFO - Response status: 200
2026-02-18T09:56:57.0122459Z Response headers:
2026-02-18T09:56:57.0122499Z     'Transfer-Encoding': 'chunked'
2026-02-18T09:56:57.0122519Z     'Content-Type': 'application/json; charset=utf-8'
2026-02-18T09:56:57.0122538Z     'Server': 'Microsoft-HTTPAPI/2.0'
2026-02-18T09:56:57.0122557Z     'Strict-Transport-Security': 'REDACTED'
2026-02-18T09:56:57.0122574Z     'X-Content-Type-Options': 'REDACTED'
2026-02-18T09:56:57.0122594Z     'Date': 'Wed, 18 Feb 2026 09:56:56 GMT'
2026-02-18T09:56:57.0127169Z 2026-02-18 09:56:57,012 - azure.monitor.opentelemetry.exporter.export._base - INFO - Transmission succeeded: Item received: 3. Items accepted: 3
2026-02-18T09:57:01.2310014Z 2026-02-18 09:57:01,230 - azure.core.pipeline.policies.http_logging_policy - INFO - Request URL: 'https://westus2-2.in.applicationinsights.azure.com//v2.1/track'
2026-02-18T09:57:01.2310358Z Request method: 'POST'
2026-02-18T09:57:01.2310385Z Request headers:
2026-02-18T09:57:01.2310412Z     'Content-Type': 'application/json'
2026-02-18T09:57:01.2310432Z     'Content-Length': '3720'
2026-02-18T09:57:01.2310520Z     'Accept': 'application/json'
2026-02-18T09:57:01.2310540Z     'x-ms-client-request-id': '2bb5c2de-0cb0-11f1-a748-0adf85178b07'
2026-02-18T09:57:01.2310561Z     'User-Agent': 'azsdk-python-azuremonitorclient/unknown Python/3.11.14 (Linux-6.6.119.3-1.azl3-x86_64-with-glibc2.31)'
2026-02-18T09:57:01.2310578Z A body is sent with the request
2026-02-18T09:57:01.3520540Z 2026-02-18 09:57:01,351 - azure.core.pipeline.policies.http_logging_policy - INFO - Response status: 200
2026-02-18T09:57:01.3520892Z Response headers:
2026-02-18T09:57:01.3520917Z     'Transfer-Encoding': 'chunked'
2026-02-18T09:57:01.3520935Z     'Content-Type': 'application/json; charset=utf-8'
2026-02-18T09:57:01.3520951Z     'Server': 'Microsoft-HTTPAPI/2.0'
2026-02-18T09:57:01.3520968Z     'Strict-Transport-Security': 'REDACTED'
2026-02-18T09:57:01.3521042Z     'X-Content-Type-Options': 'REDACTED'
2026-02-18T09:57:01.3521062Z     'Date': 'Wed, 18 Feb 2026 09:57:00 GMT'
2026-02-18T09:57:01.3526184Z 2026-02-18 09:57:01,352 - azure.monitor.opentelemetry.exporter.export._base - INFO - Transmission succeeded: Item received: 3. Items accepted: 3
2026-02-18T09:57:02.0144930Z 2026-02-18 09:57:02,014 - azure.core.pipeline.policies.http_logging_policy - INFO - Request URL: 'https://westus2-2.in.applicationinsights.azure.com//v2.1/track'
2026-02-18T09:57:02.0145285Z Request method: 'POST'
2026-02-18T09:57:02.0145309Z Request headers:
2026-02-18T09:57:02.0145327Z     'Content-Type': 'application/json'
2026-02-18T09:57:02.0145348Z     'Content-Length': '3720'
2026-02-18T09:57:02.0145365Z     'Accept': 'application/json'
2026-02-18T09:57:02.0145382Z     'x-ms-client-request-id': '2c2d5420-0cb0-11f1-b7fb-0adf85178b07'
2026-02-18T09:57:02.0145480Z     'User-Agent': 'azsdk-python-azuremonitorclient/unknown Python/3.11.14 (Linux-6.6.119.3-1.azl3-x86_64-with-glibc2.31)'
2026-02-18T09:57:02.0145499Z A body is sent with the request
2026-02-18T09:57:02.0899456Z 2026-02-18 09:57:02,089 - azure.core.pipeline.policies.http_logging_policy - INFO - Response status: 200
2026-02-18T09:57:02.0899810Z Response headers:
2026-02-18T09:57:02.0899841Z     'Transfer-Encoding': 'chunked'
2026-02-18T09:57:02.0899860Z     'Content-Type': 'application/json; charset=utf-8'
2026-02-18T09:57:02.0899878Z     'Server': 'Microsoft-HTTPAPI/2.0'
2026-02-18T09:57:02.0899900Z     'Strict-Transport-Security': 'REDACTED'
2026-02-18T09:57:02.0899918Z     'X-Content-Type-Options': 'REDACTED'
2026-02-18T09:57:02.0899935Z     'Date': 'Wed, 18 Feb 2026 09:57:01 GMT'
2026-02-18T09:57:02.0921104Z 2026-02-18 09:57:02,090 - azure.monitor.opentelemetry.exporter.export._base - INFO - Transmission succeeded: Item received: 3. Items accepted: 3
2026-02-18T09:57:06.3540304Z 2026-02-18 09:57:06,353 - azure.core.pipeline.policies.http_logging_policy - INFO - Request URL: 'https://westus2-2.in.applicationinsights.azure.com//v2.1/track'
2026-02-18T09:57:06.3540671Z Request method: 'POST'
2026-02-18T09:57:06.3540692Z Request headers:
2026-02-18T09:57:06.3540716Z     'Content-Type': 'application/json'
2026-02-18T09:57:06.3540733Z     'Content-Length': '3720'
2026-02-18T09:57:06.3540755Z     'Accept': 'application/json'
2026-02-18T09:57:06.3540775Z     'x-ms-client-request-id': '2ec37d54-0cb0-11f1-a748-0adf85178b07'
2026-02-18T09:57:06.3540799Z     'User-Agent': 'azsdk-python-azuremonitorclient/unknown Python/3.11.14 (Linux-6.6.119.3-1.azl3-x86_64-with-glibc2.31)'
2026-02-18T09:57:06.3540817Z A body is sent with the request
2026-02-18T09:57:07.0920347Z 2026-02-18 09:57:07,091 - azure.core.pipeline.policies.http_logging_policy - INFO - Request URL: 'https://westus2-2.in.applicationinsights.azure.com//v2.1/track'
2026-02-18T09:57:07.0920880Z Request method: 'POST'
2026-02-18T09:57:07.0920908Z Request headers:
2026-02-18T09:57:07.0920930Z     'Content-Type': 'application/json'
2026-02-18T09:57:07.0920950Z     'Content-Length': '3720'
2026-02-18T09:57:07.0920966Z     'Accept': 'application/json'
2026-02-18T09:57:07.0920984Z     'x-ms-client-request-id': '2f3419ec-0cb0-11f1-b7fb-0adf85178b07'
2026-02-18T09:57:07.0921001Z     'User-Agent': 'azsdk-python-azuremonitorclient/unknown Python/3.11.14 (Linux-6.6.119.3-1.azl3-x86_64-with-glibc2.31)'
2026-02-18T09:57:07.0921017Z A body is sent with the request
2026-02-18T09:57:07.1769044Z 2026-02-18 09:57:07,176 - azure.core.pipeline.policies.http_logging_policy - INFO - Response status: 200
2026-02-18T09:57:07.1770106Z Response headers:
2026-02-18T09:57:07.1770167Z     'Transfer-Encoding': 'chunked'
2026-02-18T09:57:07.1770186Z     'Content-Type': 'application/json; charset=utf-8'
2026-02-18T09:57:07.1770202Z     'Server': 'Microsoft-HTTPAPI/2.0'
2026-02-18T09:57:07.1770219Z     'Strict-Transport-Security': 'REDACTED'
2026-02-18T09:57:07.1770236Z     'X-Content-Type-Options': 'REDACTED'
2026-02-18T09:57:07.1770251Z     'Date': 'Wed, 18 Feb 2026 09:57:06 GMT'
2026-02-18T09:57:07.1776635Z 2026-02-18 09:57:07,177 - azure.monitor.opentelemetry.exporter.export._base - INFO - Transmission succeeded: Item received: 3. Items accepted: 3
2026-02-18T09:57:12.1820477Z 2026-02-18 09:57:12,181 - azure.core.pipeline.policies.http_logging_policy - INFO - Request URL: 'https://westus2-2.in.applicationinsights.azure.com//v2.1/track'
2026-02-18T09:57:12.1820839Z Request method: 'POST'
2026-02-18T09:57:12.1820932Z Request headers:
2026-02-18T09:57:12.1820951Z     'Content-Type': 'application/json'
2026-02-18T09:57:12.1820966Z     'Content-Length': '3719'
2026-02-18T09:57:12.1820983Z     'Accept': 'application/json'
2026-02-18T09:57:12.1821002Z     'x-ms-client-request-id': '323cc468-0cb0-11f1-b7fb-0adf85178b07'
2026-02-18T09:57:12.1821027Z     'User-Agent': 'azsdk-python-azuremonitorclient/unknown Python/3.11.14 (Linux-6.6.119.3-1.azl3-x86_64-with-glibc2.31)'
2026-02-18T09:57:12.1821046Z A body is sent with the request
2026-02-18T09:57:12.3220853Z 2026-02-18 09:57:12,313 - azure.core.pipeline.policies.http_logging_policy - INFO - Response status: 200
2026-02-18T09:57:12.3221370Z Response headers:
2026-02-18T09:57:12.3221395Z     'Transfer-Encoding': 'chunked'
2026-02-18T09:57:12.3221420Z     'Content-Type': 'application/json; charset=utf-8'
2026-02-18T09:57:12.3221519Z     'Server': 'Microsoft-HTTPAPI/2.0'
2026-02-18T09:57:12.3221537Z     'Strict-Transport-Security': 'REDACTED'
2026-02-18T09:57:12.3221551Z     'X-Content-Type-Options': 'REDACTED'
2026-02-18T09:57:12.3221568Z     'Date': 'Wed, 18 Feb 2026 09:57:11 GMT'
2026-02-18T09:57:12.3221588Z 2026-02-18 09:57:12,318 - azure.monitor.opentelemetry.exporter.export._base - INFO - Transmission succeeded: Item received: 3. Items accepted: 3
2026-02-18T09:57:17.3276527Z 2026-02-18 09:57:17,327 - azure.core.pipeline.policies.http_logging_policy - INFO - Request URL: 'https://westus2-2.in.applicationinsights.azure.com//v2.1/track'
2026-02-18T09:57:17.3276918Z Request method: 'POST'
2026-02-18T09:57:17.3276941Z Request headers:
2026-02-18T09:57:17.3276957Z     'Content-Type': 'application/json'
2026-02-18T09:57:17.3276976Z     'Content-Length': '3720'
2026-02-18T09:57:17.3277074Z     'Accept': 'application/json'
2026-02-18T09:57:17.3277096Z     'x-ms-client-request-id': '354de8d0-0cb0-11f1-b7fb-0adf85178b07'
2026-02-18T09:57:17.3277117Z     'User-Agent': 'azsdk-python-azuremonitorclient/unknown Python/3.11.14 (Linux-6.6.119.3-1.azl3-x86_64-with-glibc2.31)'
2026-02-18T09:57:17.3277137Z A body is sent with the request
2026-02-18T09:57:17.3680327Z 2026-02-18 09:57:17,362 - azure.core.pipeline.policies.http_logging_policy - INFO - Response status: 200
2026-02-18T09:57:17.3681599Z Response headers:
2026-02-18T09:57:17.3681629Z     'Transfer-Encoding': 'chunked'
2026-02-18T09:57:17.3681652Z     'Content-Type': 'application/json; charset=utf-8'
2026-02-18T09:57:17.3681675Z     'Server': 'Microsoft-HTTPAPI/2.0'
2026-02-18T09:57:17.3681695Z     'Strict-Transport-Security': 'REDACTED'
2026-02-18T09:57:17.3681714Z     'X-Content-Type-Options': 'REDACTED'
2026-02-18T09:57:17.3681793Z     'Date': 'Wed, 18 Feb 2026 09:57:16 GMT'
2026-02-18T09:57:17.3722740Z 2026-02-18 09:57:17,371 - azure.monitor.opentelemetry.exporter.export._base - INFO - Transmission succeeded: Item received: 3. Items accepted: 3
2026-02-18T09:57:17.5382543Z 2026-02-18 09:57:17,538 - azure.core.pipeline.policies.http_logging_policy - INFO - Response status: 200
2026-02-18T09:57:17.5382886Z Response headers:
2026-02-18T09:57:17.5382907Z     'Transfer-Encoding': 'chunked'
2026-02-18T09:57:17.5382923Z     'Content-Type': 'application/json; charset=utf-8'
2026-02-18T09:57:17.5382943Z     'Server': 'Microsoft-HTTPAPI/2.0'
2026-02-18T09:57:17.5382963Z     'Strict-Transport-Security': 'REDACTED'
2026-02-18T09:57:17.5382980Z     'X-Content-Type-Options': 'REDACTED'
2026-02-18T09:57:17.5382997Z     'Date': 'Wed, 18 Feb 2026 09:57:16 GMT'
2026-02-18T09:57:17.5447174Z 2026-02-18 09:57:17,538 - azure.monitor.opentelemetry.exporter.export._base - INFO - Transmission succeeded: Item received: 3. Items accepted: 3
2026-02-18T09:57:22.3743442Z 2026-02-18 09:57:22,374 - azure.core.pipeline.policies.http_logging_policy - INFO - Request URL: 'https://westus2-2.in.applicationinsights.azure.com//v2.1/track'
2026-02-18T09:57:22.3743943Z Request method: 'POST'
2026-02-18T09:57:22.3743973Z Request headers:
2026-02-18T09:57:22.3743993Z     'Content-Type': 'application/json'
2026-02-18T09:57:22.3744014Z     'Content-Length': '3720'
2026-02-18T09:57:22.3744035Z     'Accept': 'application/json'
2026-02-18T09:57:22.3744051Z     'x-ms-client-request-id': '384fff0a-0cb0-11f1-a748-0adf85178b07'
2026-02-18T09:57:22.3744070Z     'User-Agent': 'azsdk-python-azuremonitorclient/unknown Python/3.11.14 (Linux-6.6.119.3-1.azl3-x86_64-with-glibc2.31)'
2026-02-18T09:57:22.3744086Z A body is sent with the request
2026-02-18T09:57:22.5506347Z 2026-02-18 09:57:22,550 - azure.core.pipeline.policies.http_logging_policy - INFO - Request URL: 'https://westus2-2.in.applicationinsights.azure.com//v2.1/track'
2026-02-18T09:57:22.5506873Z Request method: 'POST'
2026-02-18T09:57:22.5506905Z Request headers:
2026-02-18T09:57:22.5506925Z     'Content-Type': 'application/json'
2026-02-18T09:57:22.5506944Z     'Content-Length': '3720'
2026-02-18T09:57:22.5506961Z     'Accept': 'application/json'
2026-02-18T09:57:22.5506978Z     'x-ms-client-request-id': '386ae4dc-0cb0-11f1-b7fb-0adf85178b07'
2026-02-18T09:57:22.5507000Z     'User-Agent': 'azsdk-python-azuremonitorclient/unknown Python/3.11.14 (Linux-6.6.119.3-1.azl3-x86_64-with-glibc2.31)'
2026-02-18T09:57:22.5507015Z A body is sent with the request
2026-02-18T09:57:22.5917310Z 2026-02-18 09:57:22,591 - azure.core.pipeline.policies.http_logging_policy - INFO - Response status: 200
2026-02-18T09:57:22.5917735Z Response headers:
2026-02-18T09:57:22.5917758Z     'Transfer-Encoding': 'chunked'
2026-02-18T09:57:22.5917777Z     'Content-Type': 'application/json; charset=utf-8'
2026-02-18T09:57:22.5917793Z     'Server': 'Microsoft-HTTPAPI/2.0'
2026-02-18T09:57:22.5917809Z     'Strict-Transport-Security': 'REDACTED'
2026-02-18T09:57:22.5917825Z     'X-Content-Type-Options': 'REDACTED'
2026-02-18T09:57:22.5917841Z     'Date': 'Wed, 18 Feb 2026 09:57:21 GMT'
2026-02-18T09:57:22.5920874Z 2026-02-18 09:57:22,591 - azure.monitor.opentelemetry.exporter.export._base - INFO - Transmission succeeded: Item received: 3. Items accepted: 3
2026-02-18T09:57:22.6529368Z 2026-02-18 09:57:22,652 - azure.core.pipeline.policies.http_logging_policy - INFO - Response status: 200
2026-02-18T09:57:22.6529911Z Response headers:
2026-02-18T09:57:22.6529998Z     'Transfer-Encoding': 'chunked'
2026-02-18T09:57:22.6530017Z     'Content-Type': 'application/json; charset=utf-8'
2026-02-18T09:57:22.6530034Z     'Server': 'Microsoft-HTTPAPI/2.0'
2026-02-18T09:57:22.6530052Z     'Strict-Transport-Security': 'REDACTED'
2026-02-18T09:57:22.6530068Z     'X-Content-Type-Options': 'REDACTED'
2026-02-18T09:57:22.6530085Z     'Date': 'Wed, 18 Feb 2026 09:57:21 GMT'
2026-02-18T09:57:22.6534995Z 2026-02-18 09:57:22,653 - azure.monitor.opentelemetry.exporter.export._base - INFO - Transmission succeeded: Item received: 3. Items accepted: 3
2026-02-18T09:57:27.6106660Z 2026-02-18 09:57:27,604 - azure.core.pipeline.policies.http_logging_policy - INFO - Request URL: 'https://westus2-2.in.applicationinsights.azure.com//v2.1/track'
2026-02-18T09:57:27.6107193Z Request method: 'POST'
2026-02-18T09:57:27.6107218Z Request headers:
2026-02-18T09:57:27.6107307Z     'Content-Type': 'application/json'
2026-02-18T09:57:27.6107324Z     'Content-Length': '3720'
2026-02-18T09:57:27.6107341Z     'Accept': 'application/json'
2026-02-18T09:57:27.6107356Z     'x-ms-client-request-id': '3b6e209a-0cb0-11f1-a748-0adf85178b07'
2026-02-18T09:57:27.6107373Z     'User-Agent': 'azsdk-python-azuremonitorclient/unknown Python/3.11.14 (Linux-6.6.119.3-1.azl3-x86_64-with-glibc2.31)'
2026-02-18T09:57:27.6107387Z A body is sent with the request
2026-02-18T09:57:27.6621247Z 2026-02-18 09:57:27,661 - azure.core.pipeline.policies.http_logging_policy - INFO - Request URL: 'https://westus2-2.in.applicationinsights.azure.com//v2.1/track'
2026-02-18T09:57:27.6621802Z Request method: 'POST'
2026-02-18T09:57:27.6621830Z Request headers:
2026-02-18T09:57:27.6621852Z     'Content-Type': 'application/json'
2026-02-18T09:57:27.6621942Z     'Content-Length': '3720'
2026-02-18T09:57:27.6621963Z     'Accept': 'application/json'
2026-02-18T09:57:27.6621986Z     'x-ms-client-request-id': '3b76d7ee-0cb0-11f1-b7fb-0adf85178b07'
2026-02-18T09:57:27.6622009Z     'User-Agent': 'azsdk-python-azuremonitorclient/unknown Python/3.11.14 (Linux-6.6.119.3-1.azl3-x86_64-with-glibc2.31)'
2026-02-18T09:57:27.6622030Z A body is sent with the request
2026-02-18T09:57:27.7903026Z 2026-02-18 09:57:27,784 - azure.core.pipeline.policies.http_logging_policy - INFO - Response status: 200
2026-02-18T09:57:27.7903348Z Response headers:
2026-02-18T09:57:27.7903373Z     'Transfer-Encoding': 'chunked'
2026-02-18T09:57:27.7903399Z     'Content-Type': 'application/json; charset=utf-8'
2026-02-18T09:57:27.7903417Z     'Server': 'Microsoft-HTTPAPI/2.0'
2026-02-18T09:57:27.7903434Z     'Strict-Transport-Security': 'REDACTED'
2026-02-18T09:57:27.7903509Z     'X-Content-Type-Options': 'REDACTED'
2026-02-18T09:57:27.7903527Z     'Date': 'Wed, 18 Feb 2026 09:57:26 GMT'
2026-02-18T09:57:27.7931604Z 2026-02-18 09:57:27,785 - azure.monitor.opentelemetry.exporter.export._base - INFO - Transmission succeeded: Item received: 3. Items accepted: 3
2026-02-18T09:57:27.8215966Z 2026-02-18 09:57:27,821 - azure.core.pipeline.policies.http_logging_policy - INFO - Response status: 200
2026-02-18T09:57:27.8216452Z Response headers:
2026-02-18T09:57:27.8216475Z     'Transfer-Encoding': 'chunked'
2026-02-18T09:57:27.8216494Z     'Content-Type': 'application/json; charset=utf-8'
2026-02-18T09:57:27.8216516Z     'Server': 'Microsoft-HTTPAPI/2.0'
2026-02-18T09:57:27.8216531Z     'Strict-Transport-Security': 'REDACTED'
2026-02-18T09:57:27.8216549Z     'X-Content-Type-Options': 'REDACTED'
2026-02-18T09:57:27.8216633Z     'Date': 'Wed, 18 Feb 2026 09:57:26 GMT'
2026-02-18T09:57:27.8334357Z 2026-02-18 09:57:27,830 - azure.monitor.opentelemetry.exporter.export._base - INFO - Transmission succeeded: Item received: 3. Items accepted: 3
2026-02-18T09:57:32.7926193Z 2026-02-18 09:57:32,792 - azure.core.pipeline.policies.http_logging_policy - INFO - Request URL: 'https://westus2-2.in.applicationinsights.azure.com//v2.1/track'
2026-02-18T09:57:32.7926691Z Request method: 'POST'
2026-02-18T09:57:32.7926722Z Request headers:
2026-02-18T09:57:32.7926748Z     'Content-Type': 'application/json'
2026-02-18T09:57:32.7926788Z     'Content-Length': '3720'
2026-02-18T09:57:32.7926815Z     'Accept': 'application/json'
2026-02-18T09:57:32.7926840Z     'x-ms-client-request-id': '3e85ac26-0cb0-11f1-a748-0adf85178b07'
2026-02-18T09:57:32.7926932Z     'User-Agent': 'azsdk-python-azuremonitorclient/unknown Python/3.11.14 (Linux-6.6.119.3-1.azl3-x86_64-with-glibc2.31)'
2026-02-18T09:57:32.7926961Z A body is sent with the request
2026-02-18T09:57:32.8364832Z 2026-02-18 09:57:32,836 - azure.core.pipeline.policies.http_logging_policy - INFO - Request URL: 'https://westus2-2.in.applicationinsights.azure.com//v2.1/track'
2026-02-18T09:57:32.8365273Z Request method: 'POST'
2026-02-18T09:57:32.8365297Z Request headers:
2026-02-18T09:57:32.8365315Z     'Content-Type': 'application/json'
2026-02-18T09:57:32.8365331Z     'Content-Length': '3718'
2026-02-18T09:57:32.8365351Z     'Accept': 'application/json'
2026-02-18T09:57:32.8365372Z     'x-ms-client-request-id': '3e8c64bc-0cb0-11f1-b7fb-0adf85178b07'
2026-02-18T09:57:32.8365391Z     'User-Agent': 'azsdk-python-azuremonitorclient/unknown Python/3.11.14 (Linux-6.6.119.3-1.azl3-x86_64-with-glibc2.31)'
2026-02-18T09:57:32.8365408Z A body is sent with the request
2026-02-18T09:57:32.9566561Z 2026-02-18 09:57:32,956 - azure.core.pipeline.policies.http_logging_policy - INFO - Response status: 200
2026-02-18T09:57:32.9566882Z Response headers:
2026-02-18T09:57:32.9566910Z     'Transfer-Encoding': 'chunked'
2026-02-18T09:57:32.9566929Z     'Content-Type': 'application/json; charset=utf-8'
2026-02-18T09:57:32.9566948Z     'Server': 'Microsoft-HTTPAPI/2.0'
2026-02-18T09:57:32.9566966Z     'Strict-Transport-Security': 'REDACTED'
2026-02-18T09:57:32.9566986Z     'X-Content-Type-Options': 'REDACTED'
2026-02-18T09:57:32.9567010Z     'Date': 'Wed, 18 Feb 2026 09:57:32 GMT'
2026-02-18T09:57:32.9573141Z 2026-02-18 09:57:32,956 - azure.monitor.opentelemetry.exporter.export._base - INFO - Transmission succeeded: Item received: 3. Items accepted: 3
2026-02-18T09:57:32.9797140Z 2026-02-18 09:57:32,979 - azure.core.pipeline.policies.http_logging_policy - INFO - Response status: 200
2026-02-18T09:57:32.9797383Z Response headers:
2026-02-18T09:57:32.9797409Z     'Transfer-Encoding': 'chunked'
2026-02-18T09:57:32.9797432Z     'Content-Type': 'application/json; charset=utf-8'
2026-02-18T09:57:32.9797449Z     'Server': 'Microsoft-HTTPAPI/2.0'
2026-02-18T09:57:32.9797467Z     'Strict-Transport-Security': 'REDACTED'
2026-02-18T09:57:32.9797484Z     'X-Content-Type-Options': 'REDACTED'
2026-02-18T09:57:32.9797506Z     'Date': 'Wed, 18 Feb 2026 09:57:32 GMT'
2026-02-18T09:57:32.9801676Z 2026-02-18 09:57:32,980 - azure.monitor.opentelemetry.exporter.export._base - INFO - Transmission succeeded: Item received: 3. Items accepted: 3
2026-02-18T09:57:37.9588406Z 2026-02-18 09:57:37,958 - azure.core.pipeline.policies.http_logging_policy - INFO - Request URL: 'https://westus2-2.in.applicationinsights.azure.com//v2.1/track'
2026-02-18T09:57:37.9588728Z Request method: 'POST'
2026-02-18T09:57:37.9588749Z Request headers:
2026-02-18T09:57:37.9588767Z     'Content-Type': 'application/json'
2026-02-18T09:57:37.9588782Z     'Content-Length': '3720'
2026-02-18T09:57:37.9588799Z     'Accept': 'application/json'
2026-02-18T09:57:37.9588820Z     'x-ms-client-request-id': '4199fd7c-0cb0-11f1-a748-0adf85178b07'
2026-02-18T09:57:37.9588846Z     'User-Agent': 'azsdk-python-azuremonitorclient/unknown Python/3.11.14 (Linux-6.6.119.3-1.azl3-x86_64-with-glibc2.31)'
2026-02-18T09:57:37.9588865Z A body is sent with the request
2026-02-18T09:57:37.9821325Z 2026-02-18 09:57:37,981 - azure.core.pipeline.policies.http_logging_policy - INFO - Request URL: 'https://westus2-2.in.applicationinsights.azure.com//v2.1/track'
2026-02-18T09:57:37.9821975Z Request method: 'POST'
2026-02-18T09:57:37.9822002Z Request headers:
2026-02-18T09:57:37.9822020Z     'Content-Type': 'application/json'
2026-02-18T09:57:37.9822039Z     'Content-Length': '3720'
2026-02-18T09:57:37.9822056Z     'Accept': 'application/json'
2026-02-18T09:57:37.9822073Z     'x-ms-client-request-id': '419d8e74-0cb0-11f1-b7fb-0adf85178b07'
2026-02-18T09:57:37.9822095Z     'User-Agent': 'azsdk-python-azuremonitorclient/unknown Python/3.11.14 (Linux-6.6.119.3-1.azl3-x86_64-with-glibc2.31)'
2026-02-18T09:57:37.9822114Z A body is sent with the request
2026-02-18T09:57:38.0294397Z 2026-02-18 09:57:38,029 - azure.core.pipeline.policies.http_logging_policy - INFO - Response status: 200
2026-02-18T09:57:38.0294738Z Response headers:
2026-02-18T09:57:38.0294767Z     'Transfer-Encoding': 'chunked'
2026-02-18T09:57:38.0294849Z     'Content-Type': 'application/json; charset=utf-8'
2026-02-18T09:57:38.0294875Z     'Server': 'Microsoft-HTTPAPI/2.0'
2026-02-18T09:57:38.0294897Z     'Strict-Transport-Security': 'REDACTED'
2026-02-18T09:57:38.0294917Z     'X-Content-Type-Options': 'REDACTED'
2026-02-18T09:57:38.0294940Z     'Date': 'Wed, 18 Feb 2026 09:57:37 GMT'
2026-02-18T09:57:38.0300185Z 2026-02-18 09:57:38,029 - azure.monitor.opentelemetry.exporter.export._base - INFO - Transmission succeeded: Item received: 3. Items accepted: 3
2026-02-18T09:57:38.1364987Z 2026-02-18 09:57:38,136 - azure.core.pipeline.policies.http_logging_policy - INFO - Response status: 200
2026-02-18T09:57:38.1365537Z Response headers:
2026-02-18T09:57:38.1365563Z     'Transfer-Encoding': 'chunked'
2026-02-18T09:57:38.1365581Z     'Content-Type': 'application/json; charset=utf-8'
2026-02-18T09:57:38.1365663Z     'Server': 'Microsoft-HTTPAPI/2.0'
2026-02-18T09:57:38.1365684Z     'Strict-Transport-Security': 'REDACTED'
2026-02-18T09:57:38.1365701Z     'X-Content-Type-Options': 'REDACTED'
2026-02-18T09:57:38.1365719Z     'Date': 'Wed, 18 Feb 2026 09:57:38 GMT'
2026-02-18T09:57:38.1370005Z 2026-02-18 09:57:38,136 - azure.monitor.opentelemetry.exporter.export._base - INFO - Transmission succeeded: Item received: 3. Items accepted: 3
2026-02-18T09:57:43.0320301Z 2026-02-18 09:57:43,031 - azure.core.pipeline.policies.http_logging_policy - INFO - Request URL: 'https://westus2-2.in.applicationinsights.azure.com//v2.1/track'
2026-02-18T09:57:43.0320746Z Request method: 'POST'
2026-02-18T09:57:43.0320772Z Request headers:
2026-02-18T09:57:43.0320792Z     'Content-Type': 'application/json'
2026-02-18T09:57:43.0320808Z     'Content-Length': '3720'
2026-02-18T09:57:43.0320880Z     'Accept': 'application/json'
2026-02-18T09:57:43.0320902Z     'x-ms-client-request-id': '44a01cf4-0cb0-11f1-a748-0adf85178b07'
2026-02-18T09:57:43.0320925Z     'User-Agent': 'azsdk-python-azuremonitorclient/unknown Python/3.11.14 (Linux-6.6.119.3-1.azl3-x86_64-with-glibc2.31)'
2026-02-18T09:57:43.0320943Z A body is sent with the request
2026-02-18T09:57:43.0886907Z 2026-02-18 09:57:43,088 - azure.core.pipeline.policies.http_logging_policy - INFO - Response status: 200
2026-02-18T09:57:43.0887208Z Response headers:
2026-02-18T09:57:43.0887234Z     'Transfer-Encoding': 'chunked'
2026-02-18T09:57:43.0887259Z     'Content-Type': 'application/json; charset=utf-8'
2026-02-18T09:57:43.0887277Z     'Server': 'Microsoft-HTTPAPI/2.0'
2026-02-18T09:57:43.0887294Z     'Strict-Transport-Security': 'REDACTED'
2026-02-18T09:57:43.0887311Z     'X-Content-Type-Options': 'REDACTED'
2026-02-18T09:57:43.0887373Z     'Date': 'Wed, 18 Feb 2026 09:57:42 GMT'
2026-02-18T09:57:43.0892678Z 2026-02-18 09:57:43,088 - azure.monitor.opentelemetry.exporter.export._base - INFO - Transmission succeeded: Item received: 3. Items accepted: 3
2026-02-18T09:57:43.1386254Z 2026-02-18 09:57:43,138 - azure.core.pipeline.policies.http_logging_policy - INFO - Request URL: 'https://westus2-2.in.applicationinsights.azure.com//v2.1/track'
2026-02-18T09:57:43.1386692Z Request method: 'POST'
2026-02-18T09:57:43.1386724Z Request headers:
2026-02-18T09:57:43.1386755Z     'Content-Type': 'application/json'
2026-02-18T09:57:43.1386779Z     'Content-Length': '3718'
2026-02-18T09:57:43.1386798Z     'Accept': 'application/json'
2026-02-18T09:57:43.1386817Z     'x-ms-client-request-id': '44b05f92-0cb0-11f1-b7fb-0adf85178b07'
2026-02-18T09:57:43.1386888Z     'User-Agent': 'azsdk-python-azuremonitorclient/unknown Python/3.11.14 (Linux-6.6.119.3-1.azl3-x86_64-with-glibc2.31)'
2026-02-18T09:57:43.1386912Z A body is sent with the request
2026-02-18T09:57:43.1861357Z 2026-02-18 09:57:43,185 - azure.core.pipeline.policies.http_logging_policy - INFO - Response status: 200
2026-02-18T09:57:43.1861598Z Response headers:
2026-02-18T09:57:43.1861619Z     'Transfer-Encoding': 'chunked'
2026-02-18T09:57:43.1861641Z     'Content-Type': 'application/json; charset=utf-8'
2026-02-18T09:57:43.1861663Z     'Server': 'Microsoft-HTTPAPI/2.0'
2026-02-18T09:57:43.1861679Z     'Strict-Transport-Security': 'REDACTED'
2026-02-18T09:57:43.1861696Z     'X-Content-Type-Options': 'REDACTED'
2026-02-18T09:57:43.1861712Z     'Date': 'Wed, 18 Feb 2026 09:57:43 GMT'
2026-02-18T09:57:43.1867401Z 2026-02-18 09:57:43,186 - azure.monitor.opentelemetry.exporter.export._base - INFO - Transmission succeeded: Item received: 3. Items accepted: 3
2026-02-18T09:57:48.0905920Z 2026-02-18 09:57:48,090 - azure.core.pipeline.policies.http_logging_policy - INFO - Request URL: 'https://westus2-2.in.applicationinsights.azure.com//v2.1/track'
2026-02-18T09:57:48.0906575Z Request method: 'POST'
2026-02-18T09:57:48.0906603Z Request headers:
2026-02-18T09:57:48.0906623Z     'Content-Type': 'application/json'
2026-02-18T09:57:48.0906640Z     'Content-Length': '3720'
2026-02-18T09:57:48.0906661Z     'Accept': 'application/json'
2026-02-18T09:57:48.0906677Z     'x-ms-client-request-id': '47a3fb14-0cb0-11f1-a748-0adf85178b07'
2026-02-18T09:57:48.0906696Z     'User-Agent': 'azsdk-python-azuremonitorclient/unknown Python/3.11.14 (Linux-6.6.119.3-1.azl3-x86_64-with-glibc2.31)'
2026-02-18T09:57:48.0906713Z A body is sent with the request
2026-02-18T09:57:48.1798687Z 2026-02-18 09:57:48,179 - azure.core.pipeline.policies.http_logging_policy - INFO - Response status: 200
2026-02-18T09:57:48.1799043Z Response headers:
2026-02-18T09:57:48.1799068Z     'Transfer-Encoding': 'chunked'
2026-02-18T09:57:48.1799089Z     'Content-Type': 'application/json; charset=utf-8'
2026-02-18T09:57:48.1799110Z     'Server': 'Microsoft-HTTPAPI/2.0'
2026-02-18T09:57:48.1799132Z     'Strict-Transport-Security': 'REDACTED'
2026-02-18T09:57:48.1799155Z     'X-Content-Type-Options': 'REDACTED'
2026-02-18T09:57:48.1799177Z     'Date': 'Wed, 18 Feb 2026 09:57:47 GMT'
2026-02-18T09:57:48.1803313Z 2026-02-18 09:57:48,180 - azure.monitor.opentelemetry.exporter.export._base - INFO - Transmission succeeded: Item received: 3. Items accepted: 3
2026-02-18T09:57:48.1882995Z 2026-02-18 09:57:48,188 - azure.core.pipeline.policies.http_logging_policy - INFO - Request URL: 'https://westus2-2.in.applicationinsights.azure.com//v2.1/track'
2026-02-18T09:57:48.1883370Z Request method: 'POST'
2026-02-18T09:57:48.1883392Z Request headers:
2026-02-18T09:57:48.1883409Z     'Content-Type': 'application/json'
2026-02-18T09:57:48.1883424Z     'Content-Length': '3720'
2026-02-18T09:57:48.1883441Z     'Accept': 'application/json'
2026-02-18T09:57:48.1883458Z     'x-ms-client-request-id': '47b2e3d6-0cb0-11f1-b7fb-0adf85178b07'
2026-02-18T09:57:48.1883480Z     'User-Agent': 'azsdk-python-azuremonitorclient/unknown Python/3.11.14 (Linux-6.6.119.3-1.azl3-x86_64-with-glibc2.31)'
2026-02-18T09:57:48.1883497Z A body is sent with the request
2026-02-18T09:57:48.3324208Z 2026-02-18 09:57:48,332 - azure.core.pipeline.policies.http_logging_policy - INFO - Response status: 200
2026-02-18T09:57:48.3324498Z Response headers:
2026-02-18T09:57:48.3324521Z     'Transfer-Encoding': 'chunked'
2026-02-18T09:57:48.3324602Z     'Content-Type': 'application/json; charset=utf-8'
2026-02-18T09:57:48.3324624Z     'Server': 'Microsoft-HTTPAPI/2.0'
2026-02-18T09:57:48.3324643Z     'Strict-Transport-Security': 'REDACTED'
2026-02-18T09:57:48.3324660Z     'X-Content-Type-Options': 'REDACTED'
2026-02-18T09:57:48.3324676Z     'Date': 'Wed, 18 Feb 2026 09:57:48 GMT'
2026-02-18T09:57:48.3327545Z 2026-02-18 09:57:48,332 - azure.monitor.opentelemetry.exporter.export._base - INFO - Transmission succeeded: Item received: 3. Items accepted: 3
2026-02-18T09:57:53.1820530Z 2026-02-18 09:57:53,181 - azure.core.pipeline.policies.http_logging_policy - INFO - Request URL: 'https://westus2-2.in.applicationinsights.azure.com//v2.1/track'
2026-02-18T09:57:53.1820862Z Request method: 'POST'
2026-02-18T09:57:53.1820884Z Request headers:
2026-02-18T09:57:53.1820902Z     'Content-Type': 'application/json'
2026-02-18T09:57:53.1820981Z     'Content-Length': '3719'
2026-02-18T09:57:53.1820998Z     'Accept': 'application/json'
2026-02-18T09:57:53.1821017Z     'x-ms-client-request-id': '4aace1e0-0cb0-11f1-a748-0adf85178b07'
2026-02-18T09:57:53.1821039Z     'User-Agent': 'azsdk-python-azuremonitorclient/unknown Python/3.11.14 (Linux-6.6.119.3-1.azl3-x86_64-with-glibc2.31)'
2026-02-18T09:57:53.1821058Z A body is sent with the request
2026-02-18T09:57:53.2927170Z 2026-02-18 09:57:53,292 - azure.core.pipeline.policies.http_logging_policy - INFO - Response status: 200
2026-02-18T09:57:53.2927522Z Response headers:
2026-02-18T09:57:53.2927553Z     'Transfer-Encoding': 'chunked'
2026-02-18T09:57:53.2927578Z     'Content-Type': 'application/json; charset=utf-8'
2026-02-18T09:57:53.2927601Z     'Server': 'Microsoft-HTTPAPI/2.0'
2026-02-18T09:57:53.2927685Z     'Strict-Transport-Security': 'REDACTED'
2026-02-18T09:57:53.2927708Z     'X-Content-Type-Options': 'REDACTED'
2026-02-18T09:57:53.2927728Z     'Date': 'Wed, 18 Feb 2026 09:57:53 GMT'
2026-02-18T09:57:53.2933040Z 2026-02-18 09:57:53,292 - azure.monitor.opentelemetry.exporter.export._base - INFO - Transmission succeeded: Item received: 3. Items accepted: 3
2026-02-18T09:57:53.3344578Z 2026-02-18 09:57:53,334 - azure.core.pipeline.policies.http_logging_policy - INFO - Request URL: 'https://westus2-2.in.applicationinsights.azure.com//v2.1/track'
2026-02-18T09:57:53.3344893Z Request method: 'POST'
2026-02-18T09:57:53.3344925Z Request headers:
2026-02-18T09:57:53.3344948Z     'Content-Type': 'application/json'
2026-02-18T09:57:53.3344968Z     'Content-Length': '3720'
2026-02-18T09:57:53.3344991Z     'Accept': 'application/json'
2026-02-18T09:57:53.3345072Z     'x-ms-client-request-id': '4ac421de-0cb0-11f1-b7fb-0adf85178b07'
2026-02-18T09:57:53.3345100Z     'User-Agent': 'azsdk-python-azuremonitorclient/unknown Python/3.11.14 (Linux-6.6.119.3-1.azl3-x86_64-with-glibc2.31)'
2026-02-18T09:57:53.3345122Z A body is sent with the request
2026-02-18T09:57:53.3732320Z 2026-02-18 09:57:53,373 - azure.core.pipeline.policies.http_logging_policy - INFO - Response status: 200
2026-02-18T09:57:53.3733649Z Response headers:
2026-02-18T09:57:53.3733690Z     'Transfer-Encoding': 'chunked'
2026-02-18T09:57:53.3733713Z     'Content-Type': 'application/json; charset=utf-8'
2026-02-18T09:57:53.3733733Z     'Server': 'Microsoft-HTTPAPI/2.0'
2026-02-18T09:57:53.3733753Z     'Strict-Transport-Security': 'REDACTED'
2026-02-18T09:57:53.3733775Z     'X-Content-Type-Options': 'REDACTED'
2026-02-18T09:57:53.3733802Z     'Date': 'Wed, 18 Feb 2026 09:57:53 GMT'
2026-02-18T09:57:53.3738282Z 2026-02-18 09:57:53,373 - azure.monitor.opentelemetry.exporter.export._base - INFO - Transmission succeeded: Item received: 3. Items accepted: 3
2026-02-18T09:57:58.2948412Z 2026-02-18 09:57:58,294 - azure.core.pipeline.policies.http_logging_policy - INFO - Request URL: 'https://westus2-2.in.applicationinsights.azure.com//v2.1/track'
2026-02-18T09:57:58.2948860Z Request method: 'POST'
2026-02-18T09:57:58.2948891Z Request headers:
2026-02-18T09:57:58.2948912Z     'Content-Type': 'application/json'
2026-02-18T09:57:58.2948934Z     'Content-Length': '3719'
2026-02-18T09:57:58.2948958Z     'Accept': 'application/json'
2026-02-18T09:57:58.2948983Z     'x-ms-client-request-id': '4db9035a-0cb0-11f1-a748-0adf85178b07'
2026-02-18T09:57:58.2949012Z     'User-Agent': 'azsdk-python-azuremonitorclient/unknown Python/3.11.14 (Linux-6.6.119.3-1.azl3-x86_64-with-glibc2.31)'
2026-02-18T09:57:58.2949095Z A body is sent with the request
2026-02-18T09:57:58.3753836Z 2026-02-18 09:57:58,375 - azure.core.pipeline.policies.http_logging_policy - INFO - Request URL: 'https://westus2-2.in.applicationinsights.azure.com//v2.1/track'
2026-02-18T09:57:58.3754110Z Request method: 'POST'
2026-02-18T09:57:58.3754134Z Request headers:
2026-02-18T09:57:58.3754153Z     'Content-Type': 'application/json'
2026-02-18T09:57:58.3754170Z     'Content-Length': '3720'
2026-02-18T09:57:58.3754188Z     'Accept': 'application/json'
2026-02-18T09:57:58.3754212Z     'x-ms-client-request-id': '4dc55358-0cb0-11f1-b7fb-0adf85178b07'
2026-02-18T09:57:58.3754235Z     'User-Agent': 'azsdk-python-azuremonitorclient/unknown Python/3.11.14 (Linux-6.6.119.3-1.azl3-x86_64-with-glibc2.31)'
2026-02-18T09:57:58.3754254Z A body is sent with the request
2026-02-18T09:57:58.4030208Z 2026-02-18 09:57:58,402 - azure.core.pipeline.policies.http_logging_policy - INFO - Response status: 200
2026-02-18T09:57:58.4030510Z Response headers:
2026-02-18T09:57:58.4030538Z     'Transfer-Encoding': 'chunked'
2026-02-18T09:57:58.4030563Z     'Content-Type': 'application/json; charset=utf-8'
2026-02-18T09:57:58.4030587Z     'Server': 'Microsoft-HTTPAPI/2.0'
2026-02-18T09:57:58.4030612Z     'Strict-Transport-Security': 'REDACTED'
2026-02-18T09:57:58.4030635Z     'X-Content-Type-Options': 'REDACTED'
2026-02-18T09:57:58.4030656Z     'Date': 'Wed, 18 Feb 2026 09:57:58 GMT'
2026-02-18T09:57:58.4036315Z 2026-02-18 09:57:58,403 - azure.monitor.opentelemetry.exporter.export._base - INFO - Transmission succeeded: Item received: 3. Items accepted: 3
2026-02-18T09:57:58.5021250Z 2026-02-18 09:57:58,501 - azure.core.pipeline.policies.http_logging_policy - INFO - Response status: 200
2026-02-18T09:57:58.5021585Z Response headers:
2026-02-18T09:57:58.5021609Z     'Transfer-Encoding': 'chunked'
2026-02-18T09:57:58.5021626Z     'Content-Type': 'application/json; charset=utf-8'
2026-02-18T09:57:58.5021642Z     'Server': 'Microsoft-HTTPAPI/2.0'
2026-02-18T09:57:58.5021659Z     'Strict-Transport-Security': 'REDACTED'
2026-02-18T09:57:58.5021676Z     'X-Content-Type-Options': 'REDACTED'
2026-02-18T09:57:58.5021693Z     'Date': 'Wed, 18 Feb 2026 09:57:58 GMT'
2026-02-18T09:57:58.5026069Z 2026-02-18 09:57:58,502 - azure.monitor.opentelemetry.exporter.export._base - INFO - Transmission succeeded: Item received: 3. Items accepted: 3
2026-02-18T09:58:03.4052835Z 2026-02-18 09:58:03,405 - azure.core.pipeline.policies.http_logging_policy - INFO - Request URL: 'https://westus2-2.in.applicationinsights.azure.com//v2.1/track'
2026-02-18T09:58:03.4053158Z Request method: 'POST'
2026-02-18T09:58:03.4053241Z Request headers:
2026-02-18T09:58:03.4053262Z     'Content-Type': 'application/json'
2026-02-18T09:58:03.4053279Z     'Content-Length': '3720'
2026-02-18T09:58:03.4053296Z     'Accept': 'application/json'
2026-02-18T09:58:03.4053314Z     'x-ms-client-request-id': '50c4d07e-0cb0-11f1-a748-0adf85178b07'
2026-02-18T09:58:03.4053335Z     'User-Agent': 'azsdk-python-azuremonitorclient/unknown Python/3.11.14 (Linux-6.6.119.3-1.azl3-x86_64-with-glibc2.31)'
2026-02-18T09:58:03.4053352Z A body is sent with the request
2026-02-18T09:58:03.4583337Z 2026-02-18 09:58:03,458 - azure.core.pipeline.policies.http_logging_policy - INFO - Response status: 200
2026-02-18T09:58:03.4583708Z Response headers:
2026-02-18T09:58:03.4583741Z     'Transfer-Encoding': 'chunked'
2026-02-18T09:58:03.4583767Z     'Content-Type': 'application/json; charset=utf-8'
2026-02-18T09:58:03.4583866Z     'Server': 'Microsoft-HTTPAPI/2.0'
2026-02-18T09:58:03.4583891Z     'Strict-Transport-Security': 'REDACTED'
2026-02-18T09:58:03.4583912Z     'X-Content-Type-Options': 'REDACTED'
2026-02-18T09:58:03.4583933Z     'Date': 'Wed, 18 Feb 2026 09:58:03 GMT'
2026-02-18T09:58:03.4588461Z 2026-02-18 09:58:03,458 - azure.monitor.opentelemetry.exporter.export._base - INFO - Transmission succeeded: Item received: 3. Items accepted: 3
2026-02-18T09:58:03.5046977Z 2026-02-18 09:58:03,504 - azure.core.pipeline.policies.http_logging_policy - INFO - Request URL: 'https://westus2-2.in.applicationinsights.azure.com//v2.1/track'
2026-02-18T09:58:03.5047289Z Request method: 'POST'
2026-02-18T09:58:03.5047319Z Request headers:
2026-02-18T09:58:03.5047339Z     'Content-Type': 'application/json'
2026-02-18T09:58:03.5047357Z     'Content-Length': '3720'
2026-02-18T09:58:03.5047454Z     'Accept': 'application/json'
2026-02-18T09:58:03.5047475Z     'x-ms-client-request-id': '50d3fcf2-0cb0-11f1-b7fb-0adf85178b07'
2026-02-18T09:58:03.5047499Z     'User-Agent': 'azsdk-python-azuremonitorclient/unknown Python/3.11.14 (Linux-6.6.119.3-1.azl3-x86_64-with-glibc2.31)'
2026-02-18T09:58:03.5047515Z A body is sent with the request
2026-02-18T09:58:03.5866229Z 2026-02-18 09:58:03,586 - azure.core.pipeline.policies.http_logging_policy - INFO - Response status: 200
2026-02-18T09:58:03.5866504Z Response headers:
2026-02-18T09:58:03.5866528Z     'Transfer-Encoding': 'chunked'
2026-02-18T09:58:03.5866556Z     'Content-Type': 'application/json; charset=utf-8'
2026-02-18T09:58:03.5866574Z     'Server': 'Microsoft-HTTPAPI/2.0'
2026-02-18T09:58:03.5866594Z     'Strict-Transport-Security': 'REDACTED'
2026-02-18T09:58:03.5866667Z     'X-Content-Type-Options': 'REDACTED'
2026-02-18T09:58:03.5866686Z     'Date': 'Wed, 18 Feb 2026 09:58:03 GMT'
2026-02-18T09:58:03.5873831Z 2026-02-18 09:58:03,587 - azure.monitor.opentelemetry.exporter.export._base - INFO - Transmission succeeded: Item received: 3. Items accepted: 3
2026-02-18T09:58:08.4605485Z 2026-02-18 09:58:08,460 - azure.core.pipeline.policies.http_logging_policy - INFO - Request URL: 'https://westus2-2.in.applicationinsights.azure.com//v2.1/track'
2026-02-18T09:58:08.4605857Z Request method: 'POST'
2026-02-18T09:58:08.4605888Z Request headers:
2026-02-18T09:58:08.4605918Z     'Content-Type': 'application/json'
2026-02-18T09:58:08.4605943Z     'Content-Length': '3720'
2026-02-18T09:58:08.4605966Z     'Accept': 'application/json'
2026-02-18T09:58:08.4605993Z     'x-ms-client-request-id': '53c82e1a-0cb0-11f1-a748-0adf85178b07'
2026-02-18T09:58:08.4606088Z     'User-Agent': 'azsdk-python-azuremonitorclient/unknown Python/3.11.14 (Linux-6.6.119.3-1.azl3-x86_64-with-glibc2.31)'
2026-02-18T09:58:08.4606111Z A body is sent with the request
2026-02-18T09:58:08.5479693Z 2026-02-18 09:58:08,547 - azure.core.pipeline.policies.http_logging_policy - INFO - Response status: 200
2026-02-18T09:58:08.5480033Z Response headers:
2026-02-18T09:58:08.5480056Z     'Transfer-Encoding': 'chunked'
2026-02-18T09:58:08.5480079Z     'Content-Type': 'application/json; charset=utf-8'
2026-02-18T09:58:08.5480096Z     'Server': 'Microsoft-HTTPAPI/2.0'
2026-02-18T09:58:08.5480114Z     'Strict-Transport-Security': 'REDACTED'
2026-02-18T09:58:08.5480139Z     'X-Content-Type-Options': 'REDACTED'
2026-02-18T09:58:08.5480160Z     'Date': 'Wed, 18 Feb 2026 09:58:08 GMT'
2026-02-18T09:58:08.5485336Z 2026-02-18 09:58:08,548 - azure.monitor.opentelemetry.exporter.export._base - INFO - Transmission succeeded: Item received: 3. Items accepted: 3
2026-02-18T09:58:08.5911213Z 2026-02-18 09:58:08,589 - azure.core.pipeline.policies.http_logging_policy - INFO - Request URL: 'https://westus2-2.in.applicationinsights.azure.com//v2.1/track'
2026-02-18T09:58:08.5911526Z Request method: 'POST'
2026-02-18T09:58:08.5911552Z Request headers:
2026-02-18T09:58:08.5911578Z     'Content-Type': 'application/json'
2026-02-18T09:58:08.5911599Z     'Content-Length': '3720'
2026-02-18T09:58:08.5911617Z     'Accept': 'application/json'
2026-02-18T09:58:08.5911638Z     'x-ms-client-request-id': '53dbf6f2-0cb0-11f1-b7fb-0adf85178b07'
2026-02-18T09:58:08.5911663Z     'User-Agent': 'azsdk-python-azuremonitorclient/unknown Python/3.11.14 (Linux-6.6.119.3-1.azl3-x86_64-with-glibc2.31)'
2026-02-18T09:58:08.5911685Z A body is sent with the request
2026-02-18T09:58:08.9199457Z 2026-02-18 09:58:08,919 - azure.core.pipeline.policies.http_logging_policy - INFO - Response status: 200
2026-02-18T09:58:08.9200096Z Response headers:
2026-02-18T09:58:08.9200140Z     'Transfer-Encoding': 'chunked'
2026-02-18T09:58:08.9200164Z     'Content-Type': 'application/json; charset=utf-8'
2026-02-18T09:58:08.9200186Z     'Server': 'Microsoft-HTTPAPI/2.0'
2026-02-18T09:58:08.9200209Z     'Strict-Transport-Security': 'REDACTED'
2026-02-18T09:58:08.9200227Z     'X-Content-Type-Options': 'REDACTED'
2026-02-18T09:58:08.9200247Z     'Date': 'Wed, 18 Feb 2026 09:58:08 GMT'
2026-02-18T09:58:08.9204939Z 2026-02-18 09:58:08,920 - azure.monitor.opentelemetry.exporter.export._base - INFO - Transmission succeeded: Item received: 3. Items accepted: 3
2026-02-18T09:58:13.5500204Z 2026-02-18 09:58:13,549 - azure.core.pipeline.policies.http_logging_policy - INFO - Request URL: 'https://westus2-2.in.applicationinsights.azure.com//v2.1/track'
2026-02-18T09:58:13.5500725Z Request method: 'POST'
2026-02-18T09:58:13.5500749Z Request headers:
2026-02-18T09:58:13.5500767Z     'Content-Type': 'application/json'
2026-02-18T09:58:13.5500785Z     'Content-Length': '3720'
2026-02-18T09:58:13.5500807Z     'Accept': 'application/json'
2026-02-18T09:58:13.5500826Z     'x-ms-client-request-id': '56d0c784-0cb0-11f1-a748-0adf85178b07'
2026-02-18T09:58:13.5500848Z     'User-Agent': 'azsdk-python-azuremonitorclient/unknown Python/3.11.14 (Linux-6.6.119.3-1.azl3-x86_64-with-glibc2.31)'
2026-02-18T09:58:13.5500865Z A body is sent with the request
2026-02-18T09:58:13.6064331Z 2026-02-18 09:58:13,606 - azure.core.pipeline.policies.http_logging_policy - INFO - Response status: 200
2026-02-18T09:58:13.6064920Z Response headers:
2026-02-18T09:58:13.6064951Z     'Transfer-Encoding': 'chunked'
2026-02-18T09:58:13.6065021Z     'Content-Type': 'application/json; charset=utf-8'
2026-02-18T09:58:13.6065037Z     'Server': 'Microsoft-HTTPAPI/2.0'
2026-02-18T09:58:13.6065054Z     'Strict-Transport-Security': 'REDACTED'
2026-02-18T09:58:13.6065071Z     'X-Content-Type-Options': 'REDACTED'
2026-02-18T09:58:13.6065090Z     'Date': 'Wed, 18 Feb 2026 09:58:13 GMT'
2026-02-18T09:58:13.6071101Z 2026-02-18 09:58:13,606 - azure.monitor.opentelemetry.exporter.export._base - INFO - Transmission succeeded: Item received: 3. Items accepted: 3
2026-02-18T09:58:13.9230292Z 2026-02-18 09:58:13,922 - azure.core.pipeline.policies.http_logging_policy - INFO - Request URL: 'https://westus2-2.in.applicationinsights.azure.com//v2.1/track'
2026-02-18T09:58:13.9230639Z Request method: 'POST'
2026-02-18T09:58:13.9230664Z Request headers:
2026-02-18T09:58:13.9230752Z     'Content-Type': 'application/json'
2026-02-18T09:58:13.9230770Z     'Content-Length': '3720'
2026-02-18T09:58:13.9230785Z     'Accept': 'application/json'
2026-02-18T09:58:13.9230802Z     'x-ms-client-request-id': '5709b134-0cb0-11f1-b7fb-0adf85178b07'
2026-02-18T09:58:13.9230819Z     'User-Agent': 'azsdk-python-azuremonitorclient/unknown Python/3.11.14 (Linux-6.6.119.3-1.azl3-x86_64-with-glibc2.31)'
2026-02-18T09:58:13.9230835Z A body is sent with the request
2026-02-18T09:58:14.0901442Z 2026-02-18 09:58:14,089 - azure.core.pipeline.policies.http_logging_policy - INFO - Response status: 200
2026-02-18T09:58:14.0902510Z Response headers:
2026-02-18T09:58:14.0902547Z     'Transfer-Encoding': 'chunked'
2026-02-18T09:58:14.0902568Z     'Content-Type': 'application/json; charset=utf-8'
2026-02-18T09:58:14.0902585Z     'Server': 'Microsoft-HTTPAPI/2.0'
2026-02-18T09:58:14.0902659Z     'Strict-Transport-Security': 'REDACTED'
2026-02-18T09:58:14.0902676Z     'X-Content-Type-Options': 'REDACTED'
2026-02-18T09:58:14.0902693Z     'Date': 'Wed, 18 Feb 2026 09:58:13 GMT'
2026-02-18T09:58:14.0910084Z 2026-02-18 09:58:14,090 - azure.monitor.opentelemetry.exporter.export._base - INFO - Transmission succeeded: Item received: 3. Items accepted: 3
2026-02-18T09:58:18.6086763Z 2026-02-18 09:58:18,608 - azure.core.pipeline.policies.http_logging_policy - INFO - Request URL: 'https://westus2-2.in.applicationinsights.azure.com//v2.1/track'
2026-02-18T09:58:18.6087099Z Request method: 'POST'
2026-02-18T09:58:18.6087128Z Request headers:
2026-02-18T09:58:18.6087150Z     'Content-Type': 'application/json'
2026-02-18T09:58:18.6087170Z     'Content-Length': '3719'
2026-02-18T09:58:18.6087189Z     'Accept': 'application/json'
2026-02-18T09:58:18.6087268Z     'x-ms-client-request-id': '59d4a7fc-0cb0-11f1-a748-0adf85178b07'
2026-02-18T09:58:18.6087295Z     'User-Agent': 'azsdk-python-azuremonitorclient/unknown Python/3.11.14 (Linux-6.6.119.3-1.azl3-x86_64-with-glibc2.31)'
2026-02-18T09:58:18.6087316Z A body is sent with the request
2026-02-18T09:58:18.6496268Z 2026-02-18 09:58:18,649 - azure.core.pipeline.policies.http_logging_policy - INFO - Response status: 200
2026-02-18T09:58:18.6496608Z Response headers:
2026-02-18T09:58:18.6496633Z     'Transfer-Encoding': 'chunked'
2026-02-18T09:58:18.6496659Z     'Content-Type': 'application/json; charset=utf-8'
2026-02-18T09:58:18.6496678Z     'Server': 'Microsoft-HTTPAPI/2.0'
2026-02-18T09:58:18.6496696Z     'Strict-Transport-Security': 'REDACTED'
2026-02-18T09:58:18.6496713Z     'X-Content-Type-Options': 'REDACTED'
2026-02-18T09:58:18.6496730Z     'Date': 'Wed, 18 Feb 2026 09:58:18 GMT'
2026-02-18T09:58:18.6501693Z 2026-02-18 09:58:18,649 - azure.monitor.opentelemetry.exporter.export._base - INFO - Transmission succeeded: Item received: 3. Items accepted: 3
2026-02-18T09:58:19.0925638Z 2026-02-18 09:58:19,092 - azure.core.pipeline.policies.http_logging_policy - INFO - Request URL: 'https://westus2-2.in.applicationinsights.azure.com//v2.1/track'
2026-02-18T09:58:19.0926195Z Request method: 'POST'
2026-02-18T09:58:19.0926219Z Request headers:
2026-02-18T09:58:19.0926240Z     'Content-Type': 'application/json'
2026-02-18T09:58:19.0926259Z     'Content-Length': '3717'
2026-02-18T09:58:19.0926277Z     'Accept': 'application/json'
2026-02-18T09:58:19.0926298Z     'x-ms-client-request-id': '5a1e80f2-0cb0-11f1-b7fb-0adf85178b07'
2026-02-18T09:58:19.0926318Z     'User-Agent': 'azsdk-python-azuremonitorclient/unknown Python/3.11.14 (Linux-6.6.119.3-1.azl3-x86_64-with-glibc2.31)'
2026-02-18T09:58:19.0926388Z A body is sent with the request
2026-02-18T09:58:19.1428706Z 2026-02-18 09:58:19,142 - azure.core.pipeline.policies.http_logging_policy - INFO - Response status: 200
2026-02-18T09:58:19.1430027Z Response headers:
2026-02-18T09:58:19.1430061Z     'Transfer-Encoding': 'chunked'
2026-02-18T09:58:19.1430078Z     'Content-Type': 'application/json; charset=utf-8'
2026-02-18T09:58:19.1430098Z     'Server': 'Microsoft-HTTPAPI/2.0'
2026-02-18T09:58:19.1430119Z     'Strict-Transport-Security': 'REDACTED'
2026-02-18T09:58:19.1430134Z     'X-Content-Type-Options': 'REDACTED'
2026-02-18T09:58:19.1430151Z     'Date': 'Wed, 18 Feb 2026 09:58:18 GMT'
2026-02-18T09:58:19.1436747Z 2026-02-18 09:58:19,143 - azure.monitor.opentelemetry.exporter.export._base - INFO - Transmission succeeded: Item received: 3. Items accepted: 3
2026-02-18T09:58:23.6519769Z 2026-02-18 09:58:23,651 - azure.core.pipeline.policies.http_logging_policy - INFO - Request URL: 'https://westus2-2.in.applicationinsights.azure.com//v2.1/track'
2026-02-18T09:58:23.6520153Z Request method: 'POST'
2026-02-18T09:58:23.6520187Z Request headers:
2026-02-18T09:58:23.6520212Z     'Content-Type': 'application/json'
2026-02-18T09:58:23.6520233Z     'Content-Length': '3719'
2026-02-18T09:58:23.6520260Z     'Accept': 'application/json'
2026-02-18T09:58:23.6520282Z     'x-ms-client-request-id': '5cd636a0-0cb0-11f1-a748-0adf85178b07'
2026-02-18T09:58:23.6520308Z     'User-Agent': 'azsdk-python-azuremonitorclient/unknown Python/3.11.14 (Linux-6.6.119.3-1.azl3-x86_64-with-glibc2.31)'
2026-02-18T09:58:23.6520328Z A body is sent with the request
2026-02-18T09:58:23.7805313Z 2026-02-18 09:58:23,780 - azure.core.pipeline.policies.http_logging_policy - INFO - Response status: 200
2026-02-18T09:58:23.7805723Z Response headers:
2026-02-18T09:58:23.7805746Z     'Transfer-Encoding': 'chunked'
2026-02-18T09:58:23.7805766Z     'Content-Type': 'application/json; charset=utf-8'
2026-02-18T09:58:23.7805783Z     'Server': 'Microsoft-HTTPAPI/2.0'
2026-02-18T09:58:23.7805801Z     'Strict-Transport-Security': 'REDACTED'
2026-02-18T09:58:23.7805818Z     'X-Content-Type-Options': 'REDACTED'
2026-02-18T09:58:23.7805836Z     'Date': 'Wed, 18 Feb 2026 09:58:23 GMT'
2026-02-18T09:58:23.7808019Z 2026-02-18 09:58:23,780 - azure.monitor.opentelemetry.exporter.export._base - INFO - Transmission succeeded: Item received: 3. Items accepted: 3
2026-02-18T09:58:24.1449369Z 2026-02-18 09:58:24,144 - azure.core.pipeline.policies.http_logging_policy - INFO - Request URL: 'https://westus2-2.in.applicationinsights.azure.com//v2.1/track'
2026-02-18T09:58:24.1449699Z Request method: 'POST'
2026-02-18T09:58:24.1449779Z Request headers:
2026-02-18T09:58:24.1449797Z     'Content-Type': 'application/json'
2026-02-18T09:58:24.1449815Z     'Content-Length': '3720'
2026-02-18T09:58:24.1449832Z     'Accept': 'application/json'
2026-02-18T09:58:24.1449850Z     'x-ms-client-request-id': '5d21712e-0cb0-11f1-b7fb-0adf85178b07'
2026-02-18T09:58:24.1449870Z     'User-Agent': 'azsdk-python-azuremonitorclient/unknown Python/3.11.14 (Linux-6.6.119.3-1.azl3-x86_64-with-glibc2.31)'
2026-02-18T09:58:24.1450589Z A body is sent with the request
2026-02-18T09:58:24.2828613Z 2026-02-18 09:58:24,282 - azure.core.pipeline.policies.http_logging_policy - INFO - Response status: 200
2026-02-18T09:58:24.2828955Z Response headers:
2026-02-18T09:58:24.2828980Z     'Transfer-Encoding': 'chunked'
2026-02-18T09:58:24.2829000Z     'Content-Type': 'application/json; charset=utf-8'
2026-02-18T09:58:24.2829073Z     'Server': 'Microsoft-HTTPAPI/2.0'
2026-02-18T09:58:24.2829092Z     'Strict-Transport-Security': 'REDACTED'
2026-02-18T09:58:24.2829108Z     'X-Content-Type-Options': 'REDACTED'
2026-02-18T09:58:24.2829124Z     'Date': 'Wed, 18 Feb 2026 09:58:23 GMT'
2026-02-18T09:58:24.2836395Z 2026-02-18 09:58:24,283 - azure.monitor.opentelemetry.exporter.export._base - INFO - Transmission succeeded: Item received: 3. Items accepted: 3
2026-02-18T09:58:28.7828228Z 2026-02-18 09:58:28,782 - azure.core.pipeline.policies.http_logging_policy - INFO - Request URL: 'https://westus2-2.in.applicationinsights.azure.com//v2.1/track'
2026-02-18T09:58:28.7831231Z Request method: 'POST'
2026-02-18T09:58:28.7831292Z Request headers:
2026-02-18T09:58:28.7831312Z     'Content-Type': 'application/json'
2026-02-18T09:58:28.7831334Z     'Content-Length': '3720'
2026-02-18T09:58:28.7831411Z     'Accept': 'application/json'
2026-02-18T09:58:28.7831431Z     'x-ms-client-request-id': '5fe52018-0cb0-11f1-a748-0adf85178b07'
2026-02-18T09:58:28.7831455Z     'User-Agent': 'azsdk-python-azuremonitorclient/unknown Python/3.11.14 (Linux-6.6.119.3-1.azl3-x86_64-with-glibc2.31)'
2026-02-18T09:58:28.7831473Z A body is sent with the request
2026-02-18T09:58:28.9231291Z 2026-02-18 09:58:28,922 - azure.core.pipeline.policies.http_logging_policy - INFO - Response status: 200
2026-02-18T09:58:28.9231615Z Response headers:
2026-02-18T09:58:28.9231643Z     'Transfer-Encoding': 'chunked'
2026-02-18T09:58:28.9231662Z     'Content-Type': 'application/json; charset=utf-8'
2026-02-18T09:58:28.9231677Z     'Server': 'Microsoft-HTTPAPI/2.0'
2026-02-18T09:58:28.9231700Z     'Strict-Transport-Security': 'REDACTED'
2026-02-18T09:58:28.9231774Z     'X-Content-Type-Options': 'REDACTED'
2026-02-18T09:58:28.9231796Z     'Date': 'Wed, 18 Feb 2026 09:58:28 GMT'
2026-02-18T09:58:28.9238734Z 2026-02-18 09:58:28,923 - azure.monitor.opentelemetry.exporter.export._base - INFO - Transmission succeeded: Item received: 3. Items accepted: 3
2026-02-18T09:58:29.2851585Z 2026-02-18 09:58:29,284 - azure.core.pipeline.policies.http_logging_policy - INFO - Request URL: 'https://westus2-2.in.applicationinsights.azure.com//v2.1/track'
2026-02-18T09:58:29.2852067Z Request method: 'POST'
2026-02-18T09:58:29.2852095Z Request headers:
2026-02-18T09:58:29.2853180Z     'Content-Type': 'application/json'
2026-02-18T09:58:29.2853215Z     'Content-Length': '3719'
2026-02-18T09:58:29.2853233Z     'Accept': 'application/json'
2026-02-18T09:58:29.2853258Z     'x-ms-client-request-id': '6031c6ac-0cb0-11f1-b7fb-0adf85178b07'
2026-02-18T09:58:29.2853332Z     'User-Agent': 'azsdk-python-azuremonitorclient/unknown Python/3.11.14 (Linux-6.6.119.3-1.azl3-x86_64-with-glibc2.31)'
2026-02-18T09:58:29.2853350Z A body is sent with the request
2026-02-18T09:58:29.4674175Z 2026-02-18 09:58:29,467 - azure.core.pipeline.policies.http_logging_policy - INFO - Response status: 200
2026-02-18T09:58:29.4674514Z Response headers:
2026-02-18T09:58:29.4674540Z     'Transfer-Encoding': 'chunked'
2026-02-18T09:58:29.4674564Z     'Content-Type': 'application/json; charset=utf-8'
2026-02-18T09:58:29.4674580Z     'Server': 'Microsoft-HTTPAPI/2.0'
2026-02-18T09:58:29.4674597Z     'Strict-Transport-Security': 'REDACTED'
2026-02-18T09:58:29.4674613Z     'X-Content-Type-Options': 'REDACTED'
2026-02-18T09:58:29.4674638Z     'Date': 'Wed, 18 Feb 2026 09:58:28 GMT'
2026-02-18T09:58:29.4679705Z 2026-02-18 09:58:29,467 - azure.monitor.opentelemetry.exporter.export._base - INFO - Transmission succeeded: Item received: 3. Items accepted: 3
2026-02-18T09:58:33.9249854Z 2026-02-18 09:58:33,924 - azure.core.pipeline.policies.http_logging_policy - INFO - Request URL: 'https://westus2-2.in.applicationinsights.azure.com//v2.1/track'
2026-02-18T09:58:33.9250149Z Request method: 'POST'
2026-02-18T09:58:33.9250172Z Request headers:
2026-02-18T09:58:33.9250189Z     'Content-Type': 'application/json'
2026-02-18T09:58:33.9250206Z     'Content-Length': '3719'
2026-02-18T09:58:33.9250222Z     'Accept': 'application/json'
2026-02-18T09:58:33.9250237Z     'x-ms-client-request-id': '62f5c23a-0cb0-11f1-a748-0adf85178b07'
2026-02-18T09:58:33.9250262Z     'User-Agent': 'azsdk-python-azuremonitorclient/unknown Python/3.11.14 (Linux-6.6.119.3-1.azl3-x86_64-with-glibc2.31)'
2026-02-18T09:58:33.9250277Z A body is sent with the request
2026-02-18T09:58:34.0644456Z 2026-02-18 09:58:34,064 - azure.core.pipeline.policies.http_logging_policy - INFO - Response status: 200
2026-02-18T09:58:34.0644797Z Response headers:
2026-02-18T09:58:34.0644824Z     'Transfer-Encoding': 'chunked'
2026-02-18T09:58:34.0644845Z     'Content-Type': 'application/json; charset=utf-8'
2026-02-18T09:58:34.0644859Z     'Server': 'Microsoft-HTTPAPI/2.0'
2026-02-18T09:58:34.0644913Z     'Strict-Transport-Security': 'REDACTED'
2026-02-18T09:58:34.0644935Z     'X-Content-Type-Options': 'REDACTED'
2026-02-18T09:58:34.0644952Z     'Date': 'Wed, 18 Feb 2026 09:58:33 GMT'
2026-02-18T09:58:34.0650706Z 2026-02-18 09:58:34,064 - azure.monitor.opentelemetry.exporter.export._base - INFO - Transmission succeeded: Item received: 3. Items accepted: 3
2026-02-18T09:58:34.4692804Z 2026-02-18 09:58:34,469 - azure.core.pipeline.policies.http_logging_policy - INFO - Request URL: 'https://westus2-2.in.applicationinsights.azure.com//v2.1/track'
2026-02-18T09:58:34.4693451Z Request method: 'POST'
2026-02-18T09:58:34.4693480Z Request headers:
2026-02-18T09:58:34.4693499Z     'Content-Type': 'application/json'
2026-02-18T09:58:34.4693518Z     'Content-Length': '3720'
2026-02-18T09:58:34.4693534Z     'Accept': 'application/json'
2026-02-18T09:58:34.4693556Z     'x-ms-client-request-id': '6348cf3e-0cb0-11f1-b7fb-0adf85178b07'
2026-02-18T09:58:34.4693581Z     'User-Agent': 'azsdk-python-azuremonitorclient/unknown Python/3.11.14 (Linux-6.6.119.3-1.azl3-x86_64-with-glibc2.31)'
2026-02-18T09:58:34.4693601Z A body is sent with the request
2026-02-18T09:58:34.5856153Z 2026-02-18 09:58:34,585 - azure.core.pipeline.policies.http_logging_policy - INFO - Response status: 200
2026-02-18T09:58:34.5856760Z Response headers:
2026-02-18T09:58:34.5856792Z     'Transfer-Encoding': 'chunked'
2026-02-18T09:58:34.5856867Z     'Content-Type': 'application/json; charset=utf-8'
2026-02-18T09:58:34.5856884Z     'Server': 'Microsoft-HTTPAPI/2.0'
2026-02-18T09:58:34.5856900Z     'Strict-Transport-Security': 'REDACTED'
2026-02-18T09:58:34.5856917Z     'X-Content-Type-Options': 'REDACTED'
2026-02-18T09:58:34.5856934Z     'Date': 'Wed, 18 Feb 2026 09:58:33 GMT'
2026-02-18T09:58:34.5863806Z 2026-02-18 09:58:34,585 - azure.monitor.opentelemetry.exporter.export._base - INFO - Transmission succeeded: Item received: 3. Items accepted: 3
2026-02-18T09:58:39.0668246Z 2026-02-18 09:58:39,066 - azure.core.pipeline.policies.http_logging_policy - INFO - Request URL: 'https://westus2-2.in.applicationinsights.azure.com//v2.1/track'
2026-02-18T09:58:39.0668590Z Request method: 'POST'
2026-02-18T09:58:39.0668616Z Request headers:
2026-02-18T09:58:39.0668635Z     'Content-Type': 'application/json'
2026-02-18T09:58:39.0668660Z     'Content-Length': '3720'
2026-02-18T09:58:39.0668678Z     'Accept': 'application/json'
2026-02-18T09:58:39.0668698Z     'x-ms-client-request-id': '6606570a-0cb0-11f1-a748-0adf85178b07'
2026-02-18T09:58:39.0668720Z     'User-Agent': 'azsdk-python-azuremonitorclient/unknown Python/3.11.14 (Linux-6.6.119.3-1.azl3-x86_64-with-glibc2.31)'
2026-02-18T09:58:39.0668737Z A body is sent with the request
2026-02-18T09:58:39.1073370Z 2026-02-18 09:58:39,107 - azure.core.pipeline.policies.http_logging_policy - INFO - Response status: 200
2026-02-18T09:58:39.1073744Z Response headers:
2026-02-18T09:58:39.1073766Z     'Transfer-Encoding': 'chunked'
2026-02-18T09:58:39.1073787Z     'Content-Type': 'application/json; charset=utf-8'
2026-02-18T09:58:39.1073805Z     'Server': 'Microsoft-HTTPAPI/2.0'
2026-02-18T09:58:39.1073824Z     'Strict-Transport-Security': 'REDACTED'
2026-02-18T09:58:39.1073840Z     'X-Content-Type-Options': 'REDACTED'
2026-02-18T09:58:39.1073856Z     'Date': 'Wed, 18 Feb 2026 09:58:39 GMT'
2026-02-18T09:58:39.1078717Z 2026-02-18 09:58:39,107 - azure.monitor.opentelemetry.exporter.export._base - INFO - Transmission succeeded: Item received: 3. Items accepted: 3
2026-02-18T09:58:39.5879139Z 2026-02-18 09:58:39,587 - azure.core.pipeline.policies.http_logging_policy - INFO - Request URL: 'https://westus2-2.in.applicationinsights.azure.com//v2.1/track'
2026-02-18T09:58:39.5879479Z Request method: 'POST'
2026-02-18T09:58:39.5879568Z Request headers:
2026-02-18T09:58:39.5879587Z     'Content-Type': 'application/json'
2026-02-18T09:58:39.5879607Z     'Content-Length': '3720'
2026-02-18T09:58:39.5879623Z     'Accept': 'application/json'
2026-02-18T09:58:39.5879641Z     'x-ms-client-request-id': '6655d9a6-0cb0-11f1-b7fb-0adf85178b07'
2026-02-18T09:58:39.5879664Z     'User-Agent': 'azsdk-python-azuremonitorclient/unknown Python/3.11.14 (Linux-6.6.119.3-1.azl3-x86_64-with-glibc2.31)'
2026-02-18T09:58:39.5879680Z A body is sent with the request
2026-02-18T09:58:39.6420000Z 2026-02-18 09:58:39,641 - azure.core.pipeline.policies.http_logging_policy - INFO - Response status: 200
2026-02-18T09:58:39.6420322Z Response headers:
2026-02-18T09:58:39.6420349Z     'Transfer-Encoding': 'chunked'
2026-02-18T09:58:39.6420421Z     'Content-Type': 'application/json; charset=utf-8'
2026-02-18T09:58:39.6420438Z     'Server': 'Microsoft-HTTPAPI/2.0'
2026-02-18T09:58:39.6420459Z     'Strict-Transport-Security': 'REDACTED'
2026-02-18T09:58:39.6420477Z     'X-Content-Type-Options': 'REDACTED'
2026-02-18T09:58:39.6420493Z     'Date': 'Wed, 18 Feb 2026 09:58:38 GMT'
2026-02-18T09:58:39.6424736Z 2026-02-18 09:58:39,642 - azure.monitor.opentelemetry.exporter.export._base - INFO - Transmission succeeded: Item received: 3. Items accepted: 3
2026-02-18T09:58:44.1092914Z 2026-02-18 09:58:44,109 - azure.core.pipeline.policies.http_logging_policy - INFO - Request URL: 'https://westus2-2.in.applicationinsights.azure.com//v2.1/track'
2026-02-18T09:58:44.1093616Z Request method: 'POST'
2026-02-18T09:58:44.1093649Z Request headers:
2026-02-18T09:58:44.1093670Z     'Content-Type': 'application/json'
2026-02-18T09:58:44.1093746Z     'Content-Length': '3720'
2026-02-18T09:58:44.1093764Z     'Accept': 'application/json'
2026-02-18T09:58:44.1093780Z     'x-ms-client-request-id': '6907c182-0cb0-11f1-a748-0adf85178b07'
2026-02-18T09:58:44.1093801Z     'User-Agent': 'azsdk-python-azuremonitorclient/unknown Python/3.11.14 (Linux-6.6.119.3-1.azl3-x86_64-with-glibc2.31)'
2026-02-18T09:58:44.1093820Z A body is sent with the request
2026-02-18T09:58:44.1993792Z 2026-02-18 09:58:44,199 - azure.core.pipeline.policies.http_logging_policy - INFO - Response status: 200
2026-02-18T09:58:44.1994119Z Response headers:
2026-02-18T09:58:44.1994146Z     'Transfer-Encoding': 'chunked'
2026-02-18T09:58:44.1994164Z     'Content-Type': 'application/json; charset=utf-8'
2026-02-18T09:58:44.1994188Z     'Server': 'Microsoft-HTTPAPI/2.0'
2026-02-18T09:58:44.1994205Z     'Strict-Transport-Security': 'REDACTED'
2026-02-18T09:58:44.1994284Z     'X-Content-Type-Options': 'REDACTED'
2026-02-18T09:58:44.1994303Z     'Date': 'Wed, 18 Feb 2026 09:58:44 GMT'
2026-02-18T09:58:44.1998641Z 2026-02-18 09:58:44,199 - azure.monitor.opentelemetry.exporter.export._base - INFO - Transmission succeeded: Item received: 3. Items accepted: 3
2026-02-18T09:58:44.6442887Z 2026-02-18 09:58:44,644 - azure.core.pipeline.policies.http_logging_policy - INFO - Request URL: 'https://westus2-2.in.applicationinsights.azure.com//v2.1/track'
2026-02-18T09:58:44.6443206Z Request method: 'POST'
2026-02-18T09:58:44.6443233Z Request headers:
2026-02-18T09:58:44.6443253Z     'Content-Type': 'application/json'
2026-02-18T09:58:44.6443272Z     'Content-Length': '3718'
2026-02-18T09:58:44.6443292Z     'Accept': 'application/json'
2026-02-18T09:58:44.6443316Z     'x-ms-client-request-id': '69596032-0cb0-11f1-b7fb-0adf85178b07'
2026-02-18T09:58:44.6443397Z     'User-Agent': 'azsdk-python-azuremonitorclient/unknown Python/3.11.14 (Linux-6.6.119.3-1.azl3-x86_64-with-glibc2.31)'
2026-02-18T09:58:44.6443416Z A body is sent with the request
2026-02-18T09:58:44.7802988Z 2026-02-18 09:58:44,780 - azure.core.pipeline.policies.http_logging_policy - INFO - Response status: 200
2026-02-18T09:58:44.7803323Z Response headers:
2026-02-18T09:58:44.7803349Z     'Transfer-Encoding': 'chunked'
2026-02-18T09:58:44.7803376Z     'Content-Type': 'application/json; charset=utf-8'
2026-02-18T09:58:44.7803398Z     'Server': 'Microsoft-HTTPAPI/2.0'
2026-02-18T09:58:44.7803419Z     'Strict-Transport-Security': 'REDACTED'
2026-02-18T09:58:44.7803445Z     'X-Content-Type-Options': 'REDACTED'
2026-02-18T09:58:44.7803468Z     'Date': 'Wed, 18 Feb 2026 09:58:43 GMT'
2026-02-18T09:58:44.7808172Z 2026-02-18 09:58:44,780 - azure.monitor.opentelemetry.exporter.export._base - INFO - Transmission succeeded: Item received: 3. Items accepted: 3
2026-02-18T09:58:49.2013093Z 2026-02-18 09:58:49,201 - azure.core.pipeline.policies.http_logging_policy - INFO - Request URL: 'https://westus2-2.in.applicationinsights.azure.com//v2.1/track'
2026-02-18T09:58:49.2013750Z Request method: 'POST'
2026-02-18T09:58:49.2013840Z Request headers:
2026-02-18T09:58:49.2013857Z     'Content-Type': 'application/json'
2026-02-18T09:58:49.2013872Z     'Content-Length': '3720'
2026-02-18T09:58:49.2013887Z     'Accept': 'application/json'
2026-02-18T09:58:49.2013908Z     'x-ms-client-request-id': '6c10bc80-0cb0-11f1-a748-0adf85178b07'
2026-02-18T09:58:49.2013928Z     'User-Agent': 'azsdk-python-azuremonitorclient/unknown Python/3.11.14 (Linux-6.6.119.3-1.azl3-x86_64-with-glibc2.31)'
2026-02-18T09:58:49.2013946Z A body is sent with the request
2026-02-18T09:58:49.3183062Z 2026-02-18 09:58:49,318 - azure.core.pipeline.policies.http_logging_policy - INFO - Response status: 200
2026-02-18T09:58:49.3183588Z Response headers:
2026-02-18T09:58:49.3183613Z     'Transfer-Encoding': 'chunked'
2026-02-18T09:58:49.3183686Z     'Content-Type': 'application/json; charset=utf-8'
2026-02-18T09:58:49.3183706Z     'Server': 'Microsoft-HTTPAPI/2.0'
2026-02-18T09:58:49.3183723Z     'Strict-Transport-Security': 'REDACTED'
2026-02-18T09:58:49.3183740Z     'X-Content-Type-Options': 'REDACTED'
2026-02-18T09:58:49.3183755Z     'Date': 'Wed, 18 Feb 2026 09:58:49 GMT'
2026-02-18T09:58:49.3187816Z 2026-02-18 09:58:49,318 - azure.monitor.opentelemetry.exporter.export._base - INFO - Transmission succeeded: Item received: 3. Items accepted: 3
2026-02-18T09:58:49.7827333Z 2026-02-18 09:58:49,782 - azure.core.pipeline.policies.http_logging_policy - INFO - Request URL: 'https://westus2-2.in.applicationinsights.azure.com//v2.1/track'
2026-02-18T09:58:49.7827673Z Request method: 'POST'
2026-02-18T09:58:49.7827700Z Request headers:
2026-02-18T09:58:49.7827719Z     'Content-Type': 'application/json'
2026-02-18T09:58:49.7827795Z     'Content-Length': '3720'
2026-02-18T09:58:49.7827813Z     'Accept': 'application/json'
2026-02-18T09:58:49.7827834Z     'x-ms-client-request-id': '6c697636-0cb0-11f1-b7fb-0adf85178b07'
2026-02-18T09:58:49.7827855Z     'User-Agent': 'azsdk-python-azuremonitorclient/unknown Python/3.11.14 (Linux-6.6.119.3-1.azl3-x86_64-with-glibc2.31)'
2026-02-18T09:58:49.7827871Z A body is sent with the request
2026-02-18T09:58:49.8648098Z 2026-02-18 09:58:49,864 - azure.core.pipeline.policies.http_logging_policy - INFO - Response status: 200
2026-02-18T09:58:49.8648411Z Response headers:
2026-02-18T09:58:49.8648435Z     'Transfer-Encoding': 'chunked'
2026-02-18T09:58:49.8648457Z     'Content-Type': 'application/json; charset=utf-8'
2026-02-18T09:58:49.8648474Z     'Server': 'Microsoft-HTTPAPI/2.0'
2026-02-18T09:58:49.8648497Z     'Strict-Transport-Security': 'REDACTED'
2026-02-18T09:58:49.8648799Z     'X-Content-Type-Options': 'REDACTED'
2026-02-18T09:58:49.8648821Z     'Date': 'Wed, 18 Feb 2026 09:58:48 GMT'
2026-02-18T09:58:49.8652729Z 2026-02-18 09:58:49,865 - azure.monitor.opentelemetry.exporter.export._base - INFO - Transmission succeeded: Item received: 3. Items accepted: 3
2026-02-18T09:58:54.3204690Z 2026-02-18 09:58:54,320 - azure.core.pipeline.policies.http_logging_policy - INFO - Request URL: 'https://westus2-2.in.applicationinsights.azure.com//v2.1/track'
2026-02-18T09:58:54.3205049Z Request method: 'POST'
2026-02-18T09:58:54.3205072Z Request headers:
2026-02-18T09:58:54.3205090Z     'Content-Type': 'application/json'
2026-02-18T09:58:54.3205107Z     'Content-Length': '3719'
2026-02-18T09:58:54.3205124Z     'Accept': 'application/json'
2026-02-18T09:58:54.3205149Z     'x-ms-client-request-id': '6f1ddc64-0cb0-11f1-a748-0adf85178b07'
2026-02-18T09:58:54.3205229Z     'User-Agent': 'azsdk-python-azuremonitorclient/unknown Python/3.11.14 (Linux-6.6.119.3-1.azl3-x86_64-with-glibc2.31)'
2026-02-18T09:58:54.3205249Z A body is sent with the request
2026-02-18T09:58:54.3691632Z 2026-02-18 09:58:54,368 - azure.core.pipeline.policies.http_logging_policy - INFO - Response status: 200
2026-02-18T09:58:54.3691959Z Response headers:
2026-02-18T09:58:54.3691988Z     'Transfer-Encoding': 'chunked'
2026-02-18T09:58:54.3692016Z     'Content-Type': 'application/json; charset=utf-8'
2026-02-18T09:58:54.3692040Z     'Server': 'Microsoft-HTTPAPI/2.0'
2026-02-18T09:58:54.3692065Z     'Strict-Transport-Security': 'REDACTED'
2026-02-18T09:58:54.3692088Z     'X-Content-Type-Options': 'REDACTED'
2026-02-18T09:58:54.3692109Z     'Date': 'Wed, 18 Feb 2026 09:58:54 GMT'
2026-02-18T09:58:54.3696656Z 2026-02-18 09:58:54,369 - azure.monitor.opentelemetry.exporter.export._base - INFO - Transmission succeeded: Item received: 3. Items accepted: 3
2026-02-18T09:58:54.8675311Z 2026-02-18 09:58:54,867 - azure.core.pipeline.policies.http_logging_policy - INFO - Request URL: 'https://westus2-2.in.applicationinsights.azure.com//v2.1/track'
2026-02-18T09:58:54.8675593Z Request method: 'POST'
2026-02-18T09:58:54.8675615Z Request headers:
2026-02-18T09:58:54.8675640Z     'Content-Type': 'application/json'
2026-02-18T09:58:54.8675660Z     'Content-Length': '3719'
2026-02-18T09:58:54.8675680Z     'Accept': 'application/json'
2026-02-18T09:58:54.8675705Z     'x-ms-client-request-id': '6f715704-0cb0-11f1-b7fb-0adf85178b07'
2026-02-18T09:58:54.8675730Z     'User-Agent': 'azsdk-python-azuremonitorclient/unknown Python/3.11.14 (Linux-6.6.119.3-1.azl3-x86_64-with-glibc2.31)'
2026-02-18T09:58:54.8675750Z A body is sent with the request
2026-02-18T09:58:54.9523865Z 2026-02-18 09:58:54,952 - azure.core.pipeline.policies.http_logging_policy - INFO - Response status: 200
2026-02-18T09:58:54.9524232Z Response headers:
2026-02-18T09:58:54.9524258Z     'Transfer-Encoding': 'chunked'
2026-02-18T09:58:54.9524279Z     'Content-Type': 'application/json; charset=utf-8'
2026-02-18T09:58:54.9524300Z     'Server': 'Microsoft-HTTPAPI/2.0'
2026-02-18T09:58:54.9524322Z     'Strict-Transport-Security': 'REDACTED'
2026-02-18T09:58:54.9524346Z     'X-Content-Type-Options': 'REDACTED'
2026-02-18T09:58:54.9524370Z     'Date': 'Wed, 18 Feb 2026 09:58:54 GMT'
2026-02-18T09:58:54.9530329Z 2026-02-18 09:58:54,952 - azure.monitor.opentelemetry.exporter.export._base - INFO - Transmission succeeded: Item received: 3. Items accepted: 3
2026-02-18T09:58:59.3715399Z 2026-02-18 09:58:59,371 - azure.core.pipeline.policies.http_logging_policy - INFO - Request URL: 'https://westus2-2.in.applicationinsights.azure.com//v2.1/track'
2026-02-18T09:58:59.3715719Z Request method: 'POST'
2026-02-18T09:58:59.3715742Z Request headers:
2026-02-18T09:58:59.3715761Z     'Content-Type': 'application/json'
2026-02-18T09:58:59.3715779Z     'Content-Length': '3719'
2026-02-18T09:58:59.3715796Z     'Accept': 'application/json'
2026-02-18T09:58:59.3715817Z     'x-ms-client-request-id': '722095c8-0cb0-11f1-a748-0adf85178b07'
2026-02-18T09:58:59.3715840Z     'User-Agent': 'azsdk-python-azuremonitorclient/unknown Python/3.11.14 (Linux-6.6.119.3-1.azl3-x86_64-with-glibc2.31)'
2026-02-18T09:58:59.3715856Z A body is sent with the request
2026-02-18T09:58:59.4791740Z 2026-02-18 09:58:59,478 - azure.core.pipeline.policies.http_logging_policy - INFO - Response status: 200
2026-02-18T09:58:59.4792103Z Response headers:
2026-02-18T09:58:59.4792210Z     'Transfer-Encoding': 'chunked'
2026-02-18T09:58:59.4792235Z     'Content-Type': 'application/json; charset=utf-8'
2026-02-18T09:58:59.4792255Z     'Server': 'Microsoft-HTTPAPI/2.0'
2026-02-18T09:58:59.4792276Z     'Strict-Transport-Security': 'REDACTED'
2026-02-18T09:58:59.4792296Z     'X-Content-Type-Options': 'REDACTED'
2026-02-18T09:58:59.4792316Z     'Date': 'Wed, 18 Feb 2026 09:58:59 GMT'
2026-02-18T09:58:59.4799639Z 2026-02-18 09:58:59,479 - azure.monitor.opentelemetry.exporter.export._base - INFO - Transmission succeeded: Item received: 3. Items accepted: 3
2026-02-18T09:58:59.9543716Z 2026-02-18 09:58:59,954 - azure.core.pipeline.policies.http_logging_policy - INFO - Request URL: 'https://westus2-2.in.applicationinsights.azure.com//v2.1/track'
2026-02-18T09:58:59.9544040Z Request method: 'POST'
2026-02-18T09:58:59.9544061Z Request headers:
2026-02-18T09:58:59.9544143Z     'Content-Type': 'application/json'
2026-02-18T09:58:59.9544164Z     'Content-Length': '3719'
2026-02-18T09:58:59.9544182Z     'Accept': 'application/json'
2026-02-18T09:58:59.9544203Z     'x-ms-client-request-id': '727986d8-0cb0-11f1-b7fb-0adf85178b07'
2026-02-18T09:58:59.9544225Z     'User-Agent': 'azsdk-python-azuremonitorclient/unknown Python/3.11.14 (Linux-6.6.119.3-1.azl3-x86_64-with-glibc2.31)'
2026-02-18T09:58:59.9544244Z A body is sent with the request
2026-02-18T09:59:00.0788573Z 2026-02-18 09:59:00,077 - azure.core.pipeline.policies.http_logging_policy - INFO - Response status: 200
2026-02-18T09:59:00.0788896Z Response headers:
2026-02-18T09:59:00.0788923Z     'Transfer-Encoding': 'chunked'
2026-02-18T09:59:00.0788942Z     'Content-Type': 'application/json; charset=utf-8'
2026-02-18T09:59:00.0789019Z     'Server': 'Microsoft-HTTPAPI/2.0'
2026-02-18T09:59:00.0789040Z     'Strict-Transport-Security': 'REDACTED'
2026-02-18T09:59:00.0789059Z     'X-Content-Type-Options': 'REDACTED'
2026-02-18T09:59:00.0789076Z     'Date': 'Wed, 18 Feb 2026 09:59:00 GMT'
2026-02-18T09:59:00.0789097Z 2026-02-18 09:59:00,078 - azure.monitor.opentelemetry.exporter.export._base - INFO - Transmission succeeded: Item received: 3. Items accepted: 3
2026-02-18T09:59:04.4813003Z 2026-02-18 09:59:04,481 - azure.core.pipeline.policies.http_logging_policy - INFO - Request URL: 'https://westus2-2.in.applicationinsights.azure.com//v2.1/track'
2026-02-18T09:59:04.4813699Z Request method: 'POST'
2026-02-18T09:59:04.4813728Z Request headers:
2026-02-18T09:59:04.4813749Z     'Content-Type': 'application/json'
2026-02-18T09:59:04.4813765Z     'Content-Length': '3720'
2026-02-18T09:59:04.4813786Z     'Accept': 'application/json'
2026-02-18T09:59:04.4813871Z     'x-ms-client-request-id': '752c473a-0cb0-11f1-a748-0adf85178b07'
2026-02-18T09:59:04.4813894Z     'User-Agent': 'azsdk-python-azuremonitorclient/unknown Python/3.11.14 (Linux-6.6.119.3-1.azl3-x86_64-with-glibc2.31)'
2026-02-18T09:59:04.4813913Z A body is sent with the request
2026-02-18T09:59:04.5651485Z 2026-02-18 09:59:04,564 - azure.core.pipeline.policies.http_logging_policy - INFO - Response status: 200
2026-02-18T09:59:04.5651794Z Response headers:
2026-02-18T09:59:04.5651821Z     'Transfer-Encoding': 'chunked'
2026-02-18T09:59:04.5651846Z     'Content-Type': 'application/json; charset=utf-8'
2026-02-18T09:59:04.5651865Z     'Server': 'Microsoft-HTTPAPI/2.0'
2026-02-18T09:59:04.5651883Z     'Strict-Transport-Security': 'REDACTED'
2026-02-18T09:59:04.5651899Z     'X-Content-Type-Options': 'REDACTED'
2026-02-18T09:59:04.5651978Z     'Date': 'Wed, 18 Feb 2026 09:59:04 GMT'
2026-02-18T09:59:04.5661128Z 2026-02-18 09:59:04,565 - azure.monitor.opentelemetry.exporter.export._base - INFO - Transmission succeeded: Item received: 3. Items accepted: 3
2026-02-18T09:59:05.0804261Z 2026-02-18 09:59:05,080 - azure.core.pipeline.policies.http_logging_policy - INFO - Request URL: 'https://westus2-2.in.applicationinsights.azure.com//v2.1/track'
2026-02-18T09:59:05.0804638Z Request method: 'POST'
2026-02-18T09:59:05.0804658Z Request headers:
2026-02-18T09:59:05.0804688Z     'Content-Type': 'application/json'
2026-02-18T09:59:05.0804706Z     'Content-Length': '3720'
2026-02-18T09:59:05.0804722Z     'Accept': 'application/json'
2026-02-18T09:59:05.0804741Z     'x-ms-client-request-id': '7587abc0-0cb0-11f1-b7fb-0adf85178b07'
2026-02-18T09:59:05.0804767Z     'User-Agent': 'azsdk-python-azuremonitorclient/unknown Python/3.11.14 (Linux-6.6.119.3-1.azl3-x86_64-with-glibc2.31)'
2026-02-18T09:59:05.0804872Z A body is sent with the request
2026-02-18T09:59:05.1238884Z 2026-02-18 09:59:05,123 - azure.core.pipeline.policies.http_logging_policy - INFO - Response status: 200
2026-02-18T09:59:05.1239209Z Response headers:
2026-02-18T09:59:05.1239234Z     'Transfer-Encoding': 'chunked'
2026-02-18T09:59:05.1239252Z     'Content-Type': 'application/json; charset=utf-8'
2026-02-18T09:59:05.1239272Z     'Server': 'Microsoft-HTTPAPI/2.0'
2026-02-18T09:59:05.1239290Z     'Strict-Transport-Security': 'REDACTED'
2026-02-18T09:59:05.1239306Z     'X-Content-Type-Options': 'REDACTED'
2026-02-18T09:59:05.1239324Z     'Date': 'Wed, 18 Feb 2026 09:59:04 GMT'
2026-02-18T09:59:05.1246241Z 2026-02-18 09:59:05,124 - azure.monitor.opentelemetry.exporter.export._base - INFO - Transmission succeeded: Item received: 3. Items accepted: 3
2026-02-18T09:59:09.5675402Z 2026-02-18 09:59:09,567 - azure.core.pipeline.policies.http_logging_policy - INFO - Request URL: 'https://westus2-2.in.applicationinsights.azure.com//v2.1/track'
2026-02-18T09:59:09.5675906Z Request method: 'POST'
2026-02-18T09:59:09.5675933Z Request headers:
2026-02-18T09:59:09.5675953Z     'Content-Type': 'application/json'
2026-02-18T09:59:09.5675972Z     'Content-Length': '3720'
2026-02-18T09:59:09.5675994Z     'Accept': 'application/json'
2026-02-18T09:59:09.5676015Z     'x-ms-client-request-id': '7834620a-0cb0-11f1-a748-0adf85178b07'
2026-02-18T09:59:09.5676039Z     'User-Agent': 'azsdk-python-azuremonitorclient/unknown Python/3.11.14 (Linux-6.6.119.3-1.azl3-x86_64-with-glibc2.31)'
2026-02-18T09:59:09.5676059Z A body is sent with the request
2026-02-18T09:59:09.6735074Z 2026-02-18 09:59:09,673 - azure.core.pipeline.policies.http_logging_policy - INFO - Response status: 200
2026-02-18T09:59:09.6735441Z Response headers:
2026-02-18T09:59:09.6735470Z     'Transfer-Encoding': 'chunked'
2026-02-18T09:59:09.6735492Z     'Content-Type': 'application/json; charset=utf-8'
2026-02-18T09:59:09.6735515Z     'Server': 'Microsoft-HTTPAPI/2.0'
2026-02-18T09:59:09.6735540Z     'Strict-Transport-Security': 'REDACTED'
2026-02-18T09:59:09.6735563Z     'X-Content-Type-Options': 'REDACTED'
2026-02-18T09:59:09.6735584Z     'Date': 'Wed, 18 Feb 2026 09:59:09 GMT'
2026-02-18T09:59:09.6741139Z 2026-02-18 09:59:09,673 - azure.monitor.opentelemetry.exporter.export._base - INFO - Transmission succeeded: Item received: 3. Items accepted: 3
2026-02-18T09:59:10.1264127Z 2026-02-18 09:59:10,126 - azure.core.pipeline.policies.http_logging_policy - INFO - Request URL: 'https://westus2-2.in.applicationinsights.azure.com//v2.1/track'
2026-02-18T09:59:10.1264590Z Request method: 'POST'
2026-02-18T09:59:10.1264676Z Request headers:
2026-02-18T09:59:10.1264697Z     'Content-Type': 'application/json'
2026-02-18T09:59:10.1264713Z     'Content-Length': '3718'
2026-02-18T09:59:10.1264729Z     'Accept': 'application/json'
2026-02-18T09:59:10.1264747Z     'x-ms-client-request-id': '7889a850-0cb0-11f1-b7fb-0adf85178b07'
2026-02-18T09:59:10.1264766Z     'User-Agent': 'azsdk-python-azuremonitorclient/unknown Python/3.11.14 (Linux-6.6.119.3-1.azl3-x86_64-with-glibc2.31)'
2026-02-18T09:59:10.1264780Z A body is sent with the request
2026-02-18T09:59:10.2733867Z 2026-02-18 09:59:10,273 - azure.core.pipeline.policies.http_logging_policy - INFO - Response status: 200
2026-02-18T09:59:10.2734146Z Response headers:
2026-02-18T09:59:10.2734168Z     'Transfer-Encoding': 'chunked'
2026-02-18T09:59:10.2734243Z     'Content-Type': 'application/json; charset=utf-8'
2026-02-18T09:59:10.2734265Z     'Server': 'Microsoft-HTTPAPI/2.0'
2026-02-18T09:59:10.2734283Z     'Strict-Transport-Security': 'REDACTED'
2026-02-18T09:59:10.2734298Z     'X-Content-Type-Options': 'REDACTED'
2026-02-18T09:59:10.2734316Z     'Date': 'Wed, 18 Feb 2026 09:59:10 GMT'
2026-02-18T09:59:10.2739294Z 2026-02-18 09:59:10,273 - azure.monitor.opentelemetry.exporter.export._base - INFO - Transmission succeeded: Item received: 3. Items accepted: 3
2026-02-18T09:59:14.6757586Z 2026-02-18 09:59:14,675 - azure.core.pipeline.policies.http_logging_policy - INFO - Request URL: 'https://westus2-2.in.applicationinsights.azure.com//v2.1/track'
2026-02-18T09:59:14.6758079Z Request method: 'POST'
2026-02-18T09:59:14.6758102Z Request headers:
2026-02-18T09:59:14.6758122Z     'Content-Type': 'application/json'
2026-02-18T09:59:14.6758215Z     'Content-Length': '3719'
2026-02-18T09:59:14.6758233Z     'Accept': 'application/json'
2026-02-18T09:59:14.6758251Z     'x-ms-client-request-id': '7b3fd59c-0cb0-11f1-a748-0adf85178b07'
2026-02-18T09:59:14.6758270Z     'User-Agent': 'azsdk-python-azuremonitorclient/unknown Python/3.11.14 (Linux-6.6.119.3-1.azl3-x86_64-with-glibc2.31)'
2026-02-18T09:59:14.6758286Z A body is sent with the request
2026-02-18T09:59:14.7878030Z 2026-02-18 09:59:14,787 - azure.core.pipeline.policies.http_logging_policy - INFO - Response status: 200
2026-02-18T09:59:14.7878371Z Response headers:
2026-02-18T09:59:14.7878395Z     'Transfer-Encoding': 'chunked'
2026-02-18T09:59:14.7878412Z     'Content-Type': 'application/json; charset=utf-8'
2026-02-18T09:59:14.7878427Z     'Server': 'Microsoft-HTTPAPI/2.0'
2026-02-18T09:59:14.7878444Z     'Strict-Transport-Security': 'REDACTED'
2026-02-18T09:59:14.7878524Z     'X-Content-Type-Options': 'REDACTED'
2026-02-18T09:59:14.7878542Z     'Date': 'Wed, 18 Feb 2026 09:59:14 GMT'
2026-02-18T09:59:14.7882458Z 2026-02-18 09:59:14,788 - azure.monitor.opentelemetry.exporter.export._base - INFO - Transmission succeeded: Item received: 3. Items accepted: 3
2026-02-18T09:59:15.2753334Z 2026-02-18 09:59:15,275 - azure.core.pipeline.policies.http_logging_policy - INFO - Request URL: 'https://westus2-2.in.applicationinsights.azure.com//v2.1/track'
2026-02-18T09:59:15.2753936Z Request method: 'POST'
2026-02-18T09:59:15.2753969Z Request headers:
2026-02-18T09:59:15.2753989Z     'Content-Type': 'application/json'
2026-02-18T09:59:15.2754009Z     'Content-Length': '3720'
2026-02-18T09:59:15.2754030Z     'Accept': 'application/json'
2026-02-18T09:59:15.2754053Z     'x-ms-client-request-id': '7b9b516a-0cb0-11f1-b7fb-0adf85178b07'
2026-02-18T09:59:15.2754135Z     'User-Agent': 'azsdk-python-azuremonitorclient/unknown Python/3.11.14 (Linux-6.6.119.3-1.azl3-x86_64-with-glibc2.31)'
2026-02-18T09:59:15.2754153Z A body is sent with the request
2026-02-18T09:59:15.4627177Z 2026-02-18 09:59:15,462 - azure.core.pipeline.policies.http_logging_policy - INFO - Response status: 200
2026-02-18T09:59:15.4628886Z Response headers:
2026-02-18T09:59:15.4628945Z     'Transfer-Encoding': 'chunked'
2026-02-18T09:59:15.4628969Z     'Content-Type': 'application/json; charset=utf-8'
2026-02-18T09:59:15.4628985Z     'Server': 'Microsoft-HTTPAPI/2.0'
2026-02-18T09:59:15.4629003Z     'Strict-Transport-Security': 'REDACTED'
2026-02-18T09:59:15.4629019Z     'X-Content-Type-Options': 'REDACTED'
2026-02-18T09:59:15.4629034Z     'Date': 'Wed, 18 Feb 2026 09:59:15 GMT'
2026-02-18T09:59:15.4634599Z 2026-02-18 09:59:15,463 - azure.monitor.opentelemetry.exporter.export._base - INFO - Transmission succeeded: Item received: 3. Items accepted: 3
2026-02-18T09:59:19.7898194Z 2026-02-18 09:59:19,789 - azure.core.pipeline.policies.http_logging_policy - INFO - Request URL: 'https://westus2-2.in.applicationinsights.azure.com//v2.1/track'
2026-02-18T09:59:19.7898515Z Request method: 'POST'
2026-02-18T09:59:19.7898535Z Request headers:
2026-02-18T09:59:19.7898559Z     'Content-Type': 'application/json'
2026-02-18T09:59:19.7898575Z     'Content-Length': '3720'
2026-02-18T09:59:19.7898589Z     'Accept': 'application/json'
2026-02-18T09:59:19.7898608Z     'x-ms-client-request-id': '7e4c2d9e-0cb0-11f1-a748-0adf85178b07'
2026-02-18T09:59:19.7898627Z     'User-Agent': 'azsdk-python-azuremonitorclient/unknown Python/3.11.14 (Linux-6.6.119.3-1.azl3-x86_64-with-glibc2.31)'
2026-02-18T09:59:19.7898647Z A body is sent with the request
2026-02-18T09:59:19.8807930Z 2026-02-18 09:59:19,880 - azure.core.pipeline.policies.http_logging_policy - INFO - Response status: 200
2026-02-18T09:59:19.8808281Z Response headers:
2026-02-18T09:59:19.8808311Z     'Transfer-Encoding': 'chunked'
2026-02-18T09:59:19.8808332Z     'Content-Type': 'application/json; charset=utf-8'
2026-02-18T09:59:19.8808360Z     'Server': 'Microsoft-HTTPAPI/2.0'
2026-02-18T09:59:19.8808383Z     'Strict-Transport-Security': 'REDACTED'
2026-02-18T09:59:19.8808404Z     'X-Content-Type-Options': 'REDACTED'
2026-02-18T09:59:19.8808424Z     'Date': 'Wed, 18 Feb 2026 09:59:19 GMT'
2026-02-18T09:59:19.8813390Z 2026-02-18 09:59:19,881 - azure.monitor.opentelemetry.exporter.export._base - INFO - Transmission succeeded: Item received: 3. Items accepted: 3
2026-02-18T09:59:20.4647026Z 2026-02-18 09:59:20,464 - azure.core.pipeline.policies.http_logging_policy - INFO - Request URL: 'https://westus2-2.in.applicationinsights.azure.com//v2.1/track'
2026-02-18T09:59:20.4647328Z Request method: 'POST'
2026-02-18T09:59:20.4647351Z Request headers:
2026-02-18T09:59:20.4647368Z     'Content-Type': 'application/json'
2026-02-18T09:59:20.4647386Z     'Content-Length': '3720'
2026-02-18T09:59:20.4647402Z     'Accept': 'application/json'
2026-02-18T09:59:20.4647419Z     'x-ms-client-request-id': '7eb32864-0cb0-11f1-b7fb-0adf85178b07'
2026-02-18T09:59:20.4647439Z     'User-Agent': 'azsdk-python-azuremonitorclient/unknown Python/3.11.14 (Linux-6.6.119.3-1.azl3-x86_64-with-glibc2.31)'
2026-02-18T09:59:20.4647454Z A body is sent with the request
2026-02-18T09:59:20.5896533Z 2026-02-18 09:59:20,589 - azure.core.pipeline.policies.http_logging_policy - INFO - Response status: 200
2026-02-18T09:59:20.5897056Z Response headers:
2026-02-18T09:59:20.5897141Z     'Transfer-Encoding': 'chunked'
2026-02-18T09:59:20.5897159Z     'Content-Type': 'application/json; charset=utf-8'
2026-02-18T09:59:20.5897176Z     'Server': 'Microsoft-HTTPAPI/2.0'
2026-02-18T09:59:20.5897194Z     'Strict-Transport-Security': 'REDACTED'
2026-02-18T09:59:20.5897210Z     'X-Content-Type-Options': 'REDACTED'
2026-02-18T09:59:20.5897226Z     'Date': 'Wed, 18 Feb 2026 09:59:20 GMT'
2026-02-18T09:59:20.5905517Z 2026-02-18 09:59:20,589 - azure.monitor.opentelemetry.exporter.export._base - INFO - Transmission succeeded: Item received: 3. Items accepted: 3
2026-02-18T09:59:24.8831788Z 2026-02-18 09:59:24,882 - azure.core.pipeline.policies.http_logging_policy - INFO - Request URL: 'https://westus2-2.in.applicationinsights.azure.com//v2.1/track'
2026-02-18T09:59:24.8832385Z Request method: 'POST'
2026-02-18T09:59:24.8832409Z Request headers:
2026-02-18T09:59:24.8832490Z     'Content-Type': 'application/json'
2026-02-18T09:59:24.8832507Z     'Content-Length': '3720'
2026-02-18T09:59:24.8832528Z     'Accept': 'application/json'
2026-02-18T09:59:24.8832544Z     'x-ms-client-request-id': '81555902-0cb0-11f1-a748-0adf85178b07'
2026-02-18T09:59:24.8832562Z     'User-Agent': 'azsdk-python-azuremonitorclient/unknown Python/3.11.14 (Linux-6.6.119.3-1.azl3-x86_64-with-glibc2.31)'
2026-02-18T09:59:24.8832576Z A body is sent with the request
2026-02-18T09:59:24.9350523Z 2026-02-18 09:59:24,934 - azure.core.pipeline.policies.http_logging_policy - INFO - Response status: 200
2026-02-18T09:59:24.9350838Z Response headers:
2026-02-18T09:59:24.9350866Z     'Transfer-Encoding': 'chunked'
2026-02-18T09:59:24.9350884Z     'Content-Type': 'application/json; charset=utf-8'
2026-02-18T09:59:24.9350957Z     'Server': 'Microsoft-HTTPAPI/2.0'
2026-02-18T09:59:24.9350975Z     'Strict-Transport-Security': 'REDACTED'
2026-02-18T09:59:24.9350990Z     'X-Content-Type-Options': 'REDACTED'
2026-02-18T09:59:24.9351005Z     'Date': 'Wed, 18 Feb 2026 09:59:24 GMT'
2026-02-18T09:59:24.9355393Z 2026-02-18 09:59:24,935 - azure.monitor.opentelemetry.exporter.export._base - INFO - Transmission succeeded: Item received: 3. Items accepted: 3
2026-02-18T09:59:25.5919987Z 2026-02-18 09:59:25,591 - azure.core.pipeline.policies.http_logging_policy - INFO - Request URL: 'https://westus2-2.in.applicationinsights.azure.com//v2.1/track'
2026-02-18T09:59:25.5920313Z Request method: 'POST'
2026-02-18T09:59:25.5920337Z Request headers:
2026-02-18T09:59:25.5920358Z     'Content-Type': 'application/json'
2026-02-18T09:59:25.5920373Z     'Content-Length': '3720'
2026-02-18T09:59:25.5920455Z     'Accept': 'application/json'
2026-02-18T09:59:25.5920480Z     'x-ms-client-request-id': '81c18596-0cb0-11f1-b7fb-0adf85178b07'
2026-02-18T09:59:25.5920504Z     'User-Agent': 'azsdk-python-azuremonitorclient/unknown Python/3.11.14 (Linux-6.6.119.3-1.azl3-x86_64-with-glibc2.31)'
2026-02-18T09:59:25.5920523Z A body is sent with the request
2026-02-18T09:59:25.6464823Z 2026-02-18 09:59:25,646 - azure.core.pipeline.policies.http_logging_policy - INFO - Response status: 200
2026-02-18T09:59:25.6465200Z Response headers:
2026-02-18T09:59:25.6465223Z     'Transfer-Encoding': 'chunked'
2026-02-18T09:59:25.6465244Z     'Content-Type': 'application/json; charset=utf-8'
2026-02-18T09:59:25.6465263Z     'Server': 'Microsoft-HTTPAPI/2.0'
2026-02-18T09:59:25.6465279Z     'Strict-Transport-Security': 'REDACTED'
2026-02-18T09:59:25.6465295Z     'X-Content-Type-Options': 'REDACTED'
2026-02-18T09:59:25.6465367Z     'Date': 'Wed, 18 Feb 2026 09:59:25 GMT'
2026-02-18T09:59:25.6472592Z 2026-02-18 09:59:25,646 - azure.monitor.opentelemetry.exporter.export._base - INFO - Transmission succeeded: Item received: 3. Items accepted: 3
2026-02-18T09:59:29.9374519Z 2026-02-18 09:59:29,937 - azure.core.pipeline.policies.http_logging_policy - INFO - Request URL: 'https://westus2-2.in.applicationinsights.azure.com//v2.1/track'
2026-02-18T09:59:29.9374888Z Request method: 'POST'
2026-02-18T09:59:29.9374912Z Request headers:
2026-02-18T09:59:29.9374931Z     'Content-Type': 'application/json'
2026-02-18T09:59:29.9374962Z     'Content-Length': '3720'
2026-02-18T09:59:29.9374985Z     'Accept': 'application/json'
2026-02-18T09:59:29.9375007Z     'x-ms-client-request-id': '8458938a-0cb0-11f1-a748-0adf85178b07'
2026-02-18T09:59:29.9375108Z     'User-Agent': 'azsdk-python-azuremonitorclient/unknown Python/3.11.14 (Linux-6.6.119.3-1.azl3-x86_64-with-glibc2.31)'
2026-02-18T09:59:29.9375134Z A body is sent with the request
2026-02-18T09:59:30.0091915Z 2026-02-18 09:59:30,008 - azure.core.pipeline.policies.http_logging_policy - INFO - Response status: 200
2026-02-18T09:59:30.0092122Z Response headers:
2026-02-18T09:59:30.0092148Z     'Transfer-Encoding': 'chunked'
2026-02-18T09:59:30.0092167Z     'Content-Type': 'application/json; charset=utf-8'
2026-02-18T09:59:30.0092185Z     'Server': 'Microsoft-HTTPAPI/2.0'
2026-02-18T09:59:30.0092620Z     'Strict-Transport-Security': 'REDACTED'
2026-02-18T09:59:30.0092648Z     'X-Content-Type-Options': 'REDACTED'
2026-02-18T09:59:30.0092664Z     'Date': 'Wed, 18 Feb 2026 09:59:29 GMT'
2026-02-18T09:59:30.0094831Z 2026-02-18 09:59:30,009 - azure.monitor.opentelemetry.exporter.export._base - INFO - Transmission succeeded: Item received: 3. Items accepted: 3
2026-02-18T09:59:30.6484867Z 2026-02-18 09:59:30,648 - azure.core.pipeline.policies.http_logging_policy - INFO - Request URL: 'https://westus2-2.in.applicationinsights.azure.com//v2.1/track'
2026-02-18T09:59:30.6485171Z Request method: 'POST'
2026-02-18T09:59:30.6485197Z Request headers:
2026-02-18T09:59:30.6485217Z     'Content-Type': 'application/json'
2026-02-18T09:59:30.6485233Z     'Content-Length': '3720'
2026-02-18T09:59:30.6485252Z     'Accept': 'application/json'
2026-02-18T09:59:30.6485272Z     'x-ms-client-request-id': '84c51474-0cb0-11f1-b7fb-0adf85178b07'
2026-02-18T09:59:30.6485291Z     'User-Agent': 'azsdk-python-azuremonitorclient/unknown Python/3.11.14 (Linux-6.6.119.3-1.azl3-x86_64-with-glibc2.31)'
2026-02-18T09:59:30.6485308Z A body is sent with the request
2026-02-18T09:59:30.8163215Z 2026-02-18 09:59:30,816 - azure.core.pipeline.policies.http_logging_policy - INFO - Response status: 200
2026-02-18T09:59:30.8163517Z Response headers:
2026-02-18T09:59:30.8163538Z     'Transfer-Encoding': 'chunked'
2026-02-18T09:59:30.8163558Z     'Content-Type': 'application/json; charset=utf-8'
2026-02-18T09:59:30.8163575Z     'Server': 'Microsoft-HTTPAPI/2.0'
2026-02-18T09:59:30.8163592Z     'Strict-Transport-Security': 'REDACTED'
2026-02-18T09:59:30.8163609Z     'X-Content-Type-Options': 'REDACTED'
2026-02-18T09:59:30.8163626Z     'Date': 'Wed, 18 Feb 2026 09:59:30 GMT'
2026-02-18T09:59:30.8168314Z 2026-02-18 09:59:30,816 - azure.monitor.opentelemetry.exporter.export._base - INFO - Transmission succeeded: Item received: 3. Items accepted: 3
2026-02-18T09:59:35.0110395Z 2026-02-18 09:59:35,010 - azure.core.pipeline.policies.http_logging_policy - INFO - Request URL: 'https://westus2-2.in.applicationinsights.azure.com//v2.1/track'
2026-02-18T09:59:35.0110791Z Request method: 'POST'
2026-02-18T09:59:35.0110812Z Request headers:
2026-02-18T09:59:35.0110830Z     'Content-Type': 'application/json'
2026-02-18T09:59:35.0110849Z     'Content-Length': '3719'
2026-02-18T09:59:35.0110867Z     'Accept': 'application/json'
2026-02-18T09:59:35.0110887Z     'x-ms-client-request-id': '875ebfe6-0cb0-11f1-a748-0adf85178b07'
2026-02-18T09:59:35.0110907Z     'User-Agent': 'azsdk-python-azuremonitorclient/unknown Python/3.11.14 (Linux-6.6.119.3-1.azl3-x86_64-with-glibc2.31)'
2026-02-18T09:59:35.0110925Z A body is sent with the request
2026-02-18T09:59:35.1161642Z 2026-02-18 09:59:35,115 - azure.core.pipeline.policies.http_logging_policy - INFO - Response status: 200
2026-02-18T09:59:35.1161952Z Response headers:
2026-02-18T09:59:35.1161983Z     'Transfer-Encoding': 'chunked'
2026-02-18T09:59:35.1162069Z     'Content-Type': 'application/json; charset=utf-8'
2026-02-18T09:59:35.1162084Z     'Server': 'Microsoft-HTTPAPI/2.0'
2026-02-18T09:59:35.1162102Z     'Strict-Transport-Security': 'REDACTED'
2026-02-18T09:59:35.1162119Z     'X-Content-Type-Options': 'REDACTED'
2026-02-18T09:59:35.1162135Z     'Date': 'Wed, 18 Feb 2026 09:59:34 GMT'
2026-02-18T09:59:35.1167890Z 2026-02-18 09:59:35,116 - azure.monitor.opentelemetry.exporter.export._base - INFO - Transmission succeeded: Item received: 3. Items accepted: 3
2026-02-18T09:59:35.8182135Z 2026-02-18 09:59:35,818 - azure.core.pipeline.policies.http_logging_policy - INFO - Request URL: 'https://westus2-2.in.applicationinsights.azure.com//v2.1/track'
2026-02-18T09:59:35.8182450Z Request method: 'POST'
2026-02-18T09:59:35.8182473Z Request headers:
2026-02-18T09:59:35.8182491Z     'Content-Type': 'application/json'
2026-02-18T09:59:35.8182565Z     'Content-Length': '3719'
2026-02-18T09:59:35.8182582Z     'Accept': 'application/json'
2026-02-18T09:59:35.8182604Z     'x-ms-client-request-id': '87d9eaf4-0cb0-11f1-b7fb-0adf85178b07'
2026-02-18T09:59:35.8182628Z     'User-Agent': 'azsdk-python-azuremonitorclient/unknown Python/3.11.14 (Linux-6.6.119.3-1.azl3-x86_64-with-glibc2.31)'
2026-02-18T09:59:35.8182650Z A body is sent with the request
2026-02-18T09:59:35.9557179Z 2026-02-18 09:59:35,955 - azure.core.pipeline.policies.http_logging_policy - INFO - Response status: 200
2026-02-18T09:59:35.9557494Z Response headers:
2026-02-18T09:59:35.9557517Z     'Transfer-Encoding': 'chunked'
2026-02-18T09:59:35.9557535Z     'Content-Type': 'application/json; charset=utf-8'
2026-02-18T09:59:35.9557553Z     'Server': 'Microsoft-HTTPAPI/2.0'
2026-02-18T09:59:35.9557625Z     'Strict-Transport-Security': 'REDACTED'
2026-02-18T09:59:35.9557643Z     'X-Content-Type-Options': 'REDACTED'
2026-02-18T09:59:35.9557660Z     'Date': 'Wed, 18 Feb 2026 09:59:35 GMT'
2026-02-18T09:59:35.9564423Z 2026-02-18 09:59:35,956 - azure.monitor.opentelemetry.exporter.export._base - INFO - Transmission succeeded: Item received: 3. Items accepted: 3
2026-02-18T09:59:40.1205025Z 2026-02-18 09:59:40,119 - azure.core.pipeline.policies.http_logging_policy - INFO - Request URL: 'https://westus2-2.in.applicationinsights.azure.com//v2.1/track'
2026-02-18T09:59:40.1205392Z Request method: 'POST'
2026-02-18T09:59:40.1205418Z Request headers:
2026-02-18T09:59:40.1205439Z     'Content-Type': 'application/json'
2026-02-18T09:59:40.1205460Z     'Content-Length': '3720'
2026-02-18T09:59:40.1205478Z     'Accept': 'application/json'
2026-02-18T09:59:40.1205573Z     'x-ms-client-request-id': '8a6a2e8c-0cb0-11f1-a748-0adf85178b07'
2026-02-18T09:59:40.1205597Z     'User-Agent': 'azsdk-python-azuremonitorclient/unknown Python/3.11.14 (Linux-6.6.119.3-1.azl3-x86_64-with-glibc2.31)'
2026-02-18T09:59:40.1205616Z A body is sent with the request
2026-02-18T09:59:40.2988832Z 2026-02-18 09:59:40,298 - azure.core.pipeline.policies.http_logging_policy - INFO - Response status: 200
2026-02-18T09:59:40.2990246Z Response headers:
2026-02-18T09:59:40.2990280Z     'Transfer-Encoding': 'chunked'
2026-02-18T09:59:40.2990300Z     'Content-Type': 'application/json; charset=utf-8'
2026-02-18T09:59:40.2990322Z     'Server': 'Microsoft-HTTPAPI/2.0'
2026-02-18T09:59:40.2990347Z     'Strict-Transport-Security': 'REDACTED'
2026-02-18T09:59:40.2990370Z     'X-Content-Type-Options': 'REDACTED'
2026-02-18T09:59:40.2990392Z     'Date': 'Wed, 18 Feb 2026 09:59:40 GMT'
2026-02-18T09:59:40.2996092Z 2026-02-18 09:59:40,299 - azure.monitor.opentelemetry.exporter.export._base - INFO - Transmission succeeded: Item received: 3. Items accepted: 3
2026-02-18T09:59:40.9578041Z 2026-02-18 09:59:40,957 - azure.core.pipeline.policies.http_logging_policy - INFO - Request URL: 'https://westus2-2.in.applicationinsights.azure.com//v2.1/track'
2026-02-18T09:59:40.9580141Z Request method: 'POST'
2026-02-18T09:59:40.9580234Z Request headers:
2026-02-18T09:59:40.9580255Z     'Content-Type': 'application/json'
2026-02-18T09:59:40.9580272Z     'Content-Length': '3720'
2026-02-18T09:59:40.9580295Z     'Accept': 'application/json'
2026-02-18T09:59:40.9580316Z     'x-ms-client-request-id': '8aea27a4-0cb0-11f1-b7fb-0adf85178b07'
2026-02-18T09:59:40.9580338Z     'User-Agent': 'azsdk-python-azuremonitorclient/unknown Python/3.11.14 (Linux-6.6.119.3-1.azl3-x86_64-with-glibc2.31)'
2026-02-18T09:59:40.9580379Z A body is sent with the request
2026-02-18T09:59:41.0905164Z 2026-02-18 09:59:41,090 - azure.core.pipeline.policies.http_logging_policy - INFO - Response status: 200
2026-02-18T09:59:41.0905727Z Response headers:
2026-02-18T09:59:41.0905757Z     'Transfer-Encoding': 'chunked'
2026-02-18T09:59:41.0905775Z     'Content-Type': 'application/json; charset=utf-8'
2026-02-18T09:59:41.0905790Z     'Server': 'Microsoft-HTTPAPI/2.0'
2026-02-18T09:59:41.0905806Z     'Strict-Transport-Security': 'REDACTED'
2026-02-18T09:59:41.0905826Z     'X-Content-Type-Options': 'REDACTED'
2026-02-18T09:59:41.0905847Z     'Date': 'Wed, 18 Feb 2026 09:59:40 GMT'
2026-02-18T09:59:41.0910872Z 2026-02-18 09:59:41,090 - azure.monitor.opentelemetry.exporter.export._base - INFO - Transmission succeeded: Item received: 3. Items accepted: 3
2026-02-18T09:59:45.3010036Z 2026-02-18 09:59:45,300 - azure.core.pipeline.policies.http_logging_policy - INFO - Request URL: 'https://westus2-2.in.applicationinsights.azure.com//v2.1/track'
2026-02-18T09:59:45.3010364Z Request method: 'POST'
2026-02-18T09:59:45.3010392Z Request headers:
2026-02-18T09:59:45.3010419Z     'Content-Type': 'application/json'
2026-02-18T09:59:45.3010442Z     'Content-Length': '3720'
2026-02-18T09:59:45.3010462Z     'Accept': 'application/json'
2026-02-18T09:59:45.3010486Z     'x-ms-client-request-id': '8d80df44-0cb0-11f1-a748-0adf85178b07'
2026-02-18T09:59:45.3010515Z     'User-Agent': 'azsdk-python-azuremonitorclient/unknown Python/3.11.14 (Linux-6.6.119.3-1.azl3-x86_64-with-glibc2.31)'
2026-02-18T09:59:45.3010537Z A body is sent with the request
2026-02-18T09:59:45.4318483Z 2026-02-18 09:59:45,431 - azure.core.pipeline.policies.http_logging_policy - INFO - Response status: 200
2026-02-18T09:59:45.4318850Z Response headers:
2026-02-18T09:59:45.4318882Z     'Transfer-Encoding': 'chunked'
2026-02-18T09:59:45.4318899Z     'Content-Type': 'application/json; charset=utf-8'
2026-02-18T09:59:45.4318915Z     'Server': 'Microsoft-HTTPAPI/2.0'
2026-02-18T09:59:45.4318933Z     'Strict-Transport-Security': 'REDACTED'
2026-02-18T09:59:45.4318951Z     'X-Content-Type-Options': 'REDACTED'
2026-02-18T09:59:45.4318969Z     'Date': 'Wed, 18 Feb 2026 09:59:45 GMT'
2026-02-18T09:59:45.4324328Z 2026-02-18 09:59:45,432 - azure.monitor.opentelemetry.exporter.export._base - INFO - Transmission succeeded: Item received: 3. Items accepted: 3
2026-02-18T09:59:46.0927968Z 2026-02-18 09:59:46,092 - azure.core.pipeline.policies.http_logging_policy - INFO - Request URL: 'https://westus2-2.in.applicationinsights.azure.com//v2.1/track'
2026-02-18T09:59:46.0928474Z Request method: 'POST'
2026-02-18T09:59:46.0928562Z Request headers:
2026-02-18T09:59:46.0928583Z     'Content-Type': 'application/json'
2026-02-18T09:59:46.0928601Z     'Content-Length': '3719'
2026-02-18T09:59:46.0928619Z     'Accept': 'application/json'
2026-02-18T09:59:46.0928639Z     'x-ms-client-request-id': '8df9adc0-0cb0-11f1-b7fb-0adf85178b07'
2026-02-18T09:59:46.0928661Z     'User-Agent': 'azsdk-python-azuremonitorclient/unknown Python/3.11.14 (Linux-6.6.119.3-1.azl3-x86_64-with-glibc2.31)'
2026-02-18T09:59:46.0928680Z A body is sent with the request
2026-02-18T09:59:46.2027661Z 2026-02-18 09:59:46,202 - azure.core.pipeline.policies.http_logging_policy - INFO - Response status: 200
2026-02-18T09:59:46.2027997Z Response headers:
2026-02-18T09:59:46.2028024Z     'Transfer-Encoding': 'chunked'
2026-02-18T09:59:46.2028045Z     'Content-Type': 'application/json; charset=utf-8'
2026-02-18T09:59:46.2028127Z     'Server': 'Microsoft-HTTPAPI/2.0'
2026-02-18T09:59:46.2028149Z     'Strict-Transport-Security': 'REDACTED'
2026-02-18T09:59:46.2028168Z     'X-Content-Type-Options': 'REDACTED'
2026-02-18T09:59:46.2028186Z     'Date': 'Wed, 18 Feb 2026 09:59:45 GMT'
2026-02-18T09:59:46.2034799Z 2026-02-18 09:59:46,203 - azure.monitor.opentelemetry.exporter.export._base - INFO - Transmission succeeded: Item received: 3. Items accepted: 3
2026-02-18T09:59:50.4339980Z 2026-02-18 09:59:50,433 - azure.core.pipeline.policies.http_logging_policy - INFO - Request URL: 'https://westus2-2.in.applicationinsights.azure.com//v2.1/track'
2026-02-18T09:59:50.4340303Z Request method: 'POST'
2026-02-18T09:59:50.4340327Z Request headers:
2026-02-18T09:59:50.4340349Z     'Content-Type': 'application/json'
2026-02-18T09:59:50.4340371Z     'Content-Length': '3720'
2026-02-18T09:59:50.4340466Z     'Accept': 'application/json'
2026-02-18T09:59:50.4340492Z     'x-ms-client-request-id': '909019de-0cb0-11f1-a748-0adf85178b07'
2026-02-18T09:59:50.4340519Z     'User-Agent': 'azsdk-python-azuremonitorclient/unknown Python/3.11.14 (Linux-6.6.119.3-1.azl3-x86_64-with-glibc2.31)'
2026-02-18T09:59:50.4340543Z A body is sent with the request
2026-02-18T09:59:50.5294119Z 2026-02-18 09:59:50,529 - azure.core.pipeline.policies.http_logging_policy - INFO - Response status: 200
2026-02-18T09:59:50.5294438Z Response headers:
2026-02-18T09:59:50.5294466Z     'Transfer-Encoding': 'chunked'
2026-02-18T09:59:50.5294490Z     'Content-Type': 'application/json; charset=utf-8'
2026-02-18T09:59:50.5294513Z     'Server': 'Microsoft-HTTPAPI/2.0'
2026-02-18T09:59:50.5294536Z     'Strict-Transport-Security': 'REDACTED'
2026-02-18T09:59:50.5294622Z     'X-Content-Type-Options': 'REDACTED'
2026-02-18T09:59:50.5294645Z     'Date': 'Wed, 18 Feb 2026 09:59:50 GMT'
2026-02-18T09:59:50.5300315Z 2026-02-18 09:59:50,529 - azure.monitor.opentelemetry.exporter.export._base - INFO - Transmission succeeded: Item received: 3. Items accepted: 3
2026-02-18T09:59:51.2050884Z 2026-02-18 09:59:51,204 - azure.core.pipeline.policies.http_logging_policy - INFO - Request URL: 'https://westus2-2.in.applicationinsights.azure.com//v2.1/track'
2026-02-18T09:59:51.2051200Z Request method: 'POST'
2026-02-18T09:59:51.2051224Z Request headers:
2026-02-18T09:59:51.2051240Z     'Content-Type': 'application/json'
2026-02-18T09:59:51.2051268Z     'Content-Length': '3720'
2026-02-18T09:59:51.2051284Z     'Accept': 'application/json'
2026-02-18T09:59:51.2051304Z     'x-ms-client-request-id': '9105c4d6-0cb0-11f1-b7fb-0adf85178b07'
2026-02-18T09:59:51.2051385Z     'User-Agent': 'azsdk-python-azuremonitorclient/unknown Python/3.11.14 (Linux-6.6.119.3-1.azl3-x86_64-with-glibc2.31)'
2026-02-18T09:59:51.2051406Z A body is sent with the request
2026-02-18T09:59:51.2975014Z 2026-02-18 09:59:51,297 - azure.core.pipeline.policies.http_logging_policy - INFO - Response status: 200
2026-02-18T09:59:51.2975758Z Response headers:
2026-02-18T09:59:51.2975795Z     'Transfer-Encoding': 'chunked'
2026-02-18T09:59:51.2975823Z     'Content-Type': 'application/json; charset=utf-8'
2026-02-18T09:59:51.2975845Z     'Server': 'Microsoft-HTTPAPI/2.0'
2026-02-18T09:59:51.2975869Z     'Strict-Transport-Security': 'REDACTED'
2026-02-18T09:59:51.2975889Z     'X-Content-Type-Options': 'REDACTED'
2026-02-18T09:59:51.2975907Z     'Date': 'Wed, 18 Feb 2026 09:59:50 GMT'
2026-02-18T09:59:51.2983299Z 2026-02-18 09:59:51,297 - azure.monitor.opentelemetry.exporter.export._base - INFO - Transmission succeeded: Item received: 3. Items accepted: 3
2026-02-18T09:59:55.5315359Z 2026-02-18 09:59:55,531 - azure.core.pipeline.policies.http_logging_policy - INFO - Request URL: 'https://westus2-2.in.applicationinsights.azure.com//v2.1/track'
2026-02-18T09:59:55.5315817Z Request method: 'POST'
2026-02-18T09:59:55.5315843Z Request headers:
2026-02-18T09:59:55.5315865Z     'Content-Type': 'application/json'
2026-02-18T09:59:55.5315885Z     'Content-Length': '3720'
2026-02-18T09:59:55.5315906Z     'Accept': 'application/json'
2026-02-18T09:59:55.5315930Z     'x-ms-client-request-id': '9399eeac-0cb0-11f1-a748-0adf85178b07'
2026-02-18T09:59:55.5315957Z     'User-Agent': 'azsdk-python-azuremonitorclient/unknown Python/3.11.14 (Linux-6.6.119.3-1.azl3-x86_64-with-glibc2.31)'
2026-02-18T09:59:55.5315977Z A body is sent with the request
2026-02-18T09:59:55.5859124Z 2026-02-18 09:59:55,585 - azure.core.pipeline.policies.http_logging_policy - INFO - Response status: 200
2026-02-18T09:59:55.5859465Z Response headers:
2026-02-18T09:59:55.5859552Z     'Transfer-Encoding': 'chunked'
2026-02-18T09:59:55.5859579Z     'Content-Type': 'application/json; charset=utf-8'
2026-02-18T09:59:55.5859600Z     'Server': 'Microsoft-HTTPAPI/2.0'
2026-02-18T09:59:55.5859623Z     'Strict-Transport-Security': 'REDACTED'
2026-02-18T09:59:55.5859647Z     'X-Content-Type-Options': 'REDACTED'
2026-02-18T09:59:55.5859670Z     'Date': 'Wed, 18 Feb 2026 09:59:55 GMT'
2026-02-18T09:59:55.5866215Z 2026-02-18 09:59:55,586 - azure.monitor.opentelemetry.exporter.export._base - INFO - Transmission succeeded: Item received: 3. Items accepted: 3
2026-02-18T09:59:56.3014956Z 2026-02-18 09:59:56,300 - azure.core.pipeline.policies.http_logging_policy - INFO - Request URL: 'https://westus2-2.in.applicationinsights.azure.com//v2.1/track'
2026-02-18T09:59:56.3015419Z Request method: 'POST'
2026-02-18T09:59:56.3015442Z Request headers:
2026-02-18T09:59:56.3015510Z     'Content-Type': 'application/json'
2026-02-18T09:59:56.3015530Z     'Content-Length': '3719'
2026-02-18T09:59:56.3015549Z     'Accept': 'application/json'
2026-02-18T09:59:56.3015569Z     'x-ms-client-request-id': '940f3a40-0cb0-11f1-b7fb-0adf85178b07'
2026-02-18T09:59:56.3015591Z     'User-Agent': 'azsdk-python-azuremonitorclient/unknown Python/3.11.14 (Linux-6.6.119.3-1.azl3-x86_64-with-glibc2.31)'
2026-02-18T09:59:56.3015610Z A body is sent with the request
2026-02-18T09:59:56.3750086Z 2026-02-18 09:59:56,374 - azure.core.pipeline.policies.http_logging_policy - INFO - Response status: 200
2026-02-18T09:59:56.3750492Z Response headers:
2026-02-18T09:59:56.3750520Z     'Transfer-Encoding': 'chunked'
2026-02-18T09:59:56.3750538Z     'Content-Type': 'application/json; charset=utf-8'
2026-02-18T09:59:56.3750605Z     'Server': 'Microsoft-HTTPAPI/2.0'
2026-02-18T09:59:56.3750620Z     'Strict-Transport-Security': 'REDACTED'
2026-02-18T09:59:56.3750635Z     'X-Content-Type-Options': 'REDACTED'
2026-02-18T09:59:56.3750649Z     'Date': 'Wed, 18 Feb 2026 09:59:55 GMT'
2026-02-18T09:59:56.3750874Z 2026-02-18 09:59:56,374 - azure.monitor.opentelemetry.exporter.export._base - INFO - Transmission succeeded: Item received: 3. Items accepted: 3
2026-02-18T10:00:00.5881601Z 2026-02-18 10:00:00,587 - azure.core.pipeline.policies.http_logging_policy - INFO - Request URL: 'https://westus2-2.in.applicationinsights.azure.com//v2.1/track'
2026-02-18T10:00:00.5881939Z Request method: 'POST'
2026-02-18T10:00:00.5881959Z Request headers:
2026-02-18T10:00:00.5881976Z     'Content-Type': 'application/json'
2026-02-18T10:00:00.5881993Z     'Content-Length': '3720'
2026-02-18T10:00:00.5882063Z     'Accept': 'application/json'
2026-02-18T10:00:00.5882087Z     'x-ms-client-request-id': '969d8302-0cb0-11f1-a748-0adf85178b07'
2026-02-18T10:00:00.5882110Z     'User-Agent': 'azsdk-python-azuremonitorclient/unknown Python/3.11.14 (Linux-6.6.119.3-1.azl3-x86_64-with-glibc2.31)'
2026-02-18T10:00:00.5882127Z A body is sent with the request
2026-02-18T10:00:00.6378608Z 2026-02-18 10:00:00,637 - azure.core.pipeline.policies.http_logging_policy - INFO - Response status: 200
2026-02-18T10:00:00.6379294Z Response headers:
2026-02-18T10:00:00.6379330Z     'Transfer-Encoding': 'chunked'
2026-02-18T10:00:00.6379352Z     'Content-Type': 'application/json; charset=utf-8'
2026-02-18T10:00:00.6379367Z     'Server': 'Microsoft-HTTPAPI/2.0'
2026-02-18T10:00:00.6379394Z     'Strict-Transport-Security': 'REDACTED'
2026-02-18T10:00:00.6379409Z     'X-Content-Type-Options': 'REDACTED'
2026-02-18T10:00:00.6379482Z     'Date': 'Wed, 18 Feb 2026 10:00:00 GMT'
2026-02-18T10:00:00.6384642Z 2026-02-18 10:00:00,638 - azure.monitor.opentelemetry.exporter.export._base - INFO - Transmission succeeded: Item received: 3. Items accepted: 3
2026-02-18T10:00:01.3776697Z 2026-02-18 10:00:01,377 - azure.core.pipeline.policies.http_logging_policy - INFO - Request URL: 'https://westus2-2.in.applicationinsights.azure.com//v2.1/track'
2026-02-18T10:00:01.3777142Z Request method: 'POST'
2026-02-18T10:00:01.3777173Z Request headers:
2026-02-18T10:00:01.3777195Z     'Content-Type': 'application/json'
2026-02-18T10:00:01.3777213Z     'Content-Length': '3718'
2026-02-18T10:00:01.3777232Z     'Accept': 'application/json'
2026-02-18T10:00:01.3777259Z     'x-ms-client-request-id': '9715f9ae-0cb0-11f1-b7fb-0adf85178b07'
2026-02-18T10:00:01.3777339Z     'User-Agent': 'azsdk-python-azuremonitorclient/unknown Python/3.11.14 (Linux-6.6.119.3-1.azl3-x86_64-with-glibc2.31)'
2026-02-18T10:00:01.3777356Z A body is sent with the request
2026-02-18T10:00:01.5076381Z 2026-02-18 10:00:01,507 - azure.core.pipeline.policies.http_logging_policy - INFO - Response status: 200
2026-02-18T10:00:01.5076718Z Response headers:
2026-02-18T10:00:01.5076759Z     'Transfer-Encoding': 'chunked'
2026-02-18T10:00:01.5076781Z     'Content-Type': 'application/json; charset=utf-8'
2026-02-18T10:00:01.5076797Z     'Server': 'Microsoft-HTTPAPI/2.0'
2026-02-18T10:00:01.5076815Z     'Strict-Transport-Security': 'REDACTED'
2026-02-18T10:00:01.5076833Z     'X-Content-Type-Options': 'REDACTED'
2026-02-18T10:00:01.5076854Z     'Date': 'Wed, 18 Feb 2026 10:00:00 GMT'
2026-02-18T10:00:01.5079999Z 2026-02-18 10:00:01,507 - azure.monitor.opentelemetry.exporter.export._base - INFO - Transmission succeeded: Item received: 3. Items accepted: 3
2026-02-18T10:00:05.6398683Z 2026-02-18 10:00:05,639 - azure.core.pipeline.policies.http_logging_policy - INFO - Request URL: 'https://westus2-2.in.applicationinsights.azure.com//v2.1/track'
2026-02-18T10:00:05.6399101Z Request method: 'POST'
2026-02-18T10:00:05.6399128Z Request headers:
2026-02-18T10:00:05.6399148Z     'Content-Type': 'application/json'
2026-02-18T10:00:05.6399166Z     'Content-Length': '3720'
2026-02-18T10:00:05.6399184Z     'Accept': 'application/json'
2026-02-18T10:00:05.6399200Z     'x-ms-client-request-id': '99a055de-0cb0-11f1-a748-0adf85178b07'
2026-02-18T10:00:05.6399222Z     'User-Agent': 'azsdk-python-azuremonitorclient/unknown Python/3.11.14 (Linux-6.6.119.3-1.azl3-x86_64-with-glibc2.31)'
2026-02-18T10:00:05.6399240Z A body is sent with the request
2026-02-18T10:00:05.7463507Z 2026-02-18 10:00:05,745 - azure.core.pipeline.policies.http_logging_policy - INFO - Response status: 200
2026-02-18T10:00:05.7463818Z Response headers:
2026-02-18T10:00:05.7463840Z     'Transfer-Encoding': 'chunked'
2026-02-18T10:00:05.7463859Z     'Content-Type': 'application/json; charset=utf-8'
2026-02-18T10:00:05.7463875Z     'Server': 'Microsoft-HTTPAPI/2.0'
2026-02-18T10:00:05.7463893Z     'Strict-Transport-Security': 'REDACTED'
2026-02-18T10:00:05.7463909Z     'X-Content-Type-Options': 'REDACTED'
2026-02-18T10:00:05.7463927Z     'Date': 'Wed, 18 Feb 2026 10:00:05 GMT'
2026-02-18T10:00:05.7468566Z 2026-02-18 10:00:05,746 - azure.monitor.opentelemetry.exporter.export._base - INFO - Transmission succeeded: Item received: 3. Items accepted: 3
2026-02-18T10:00:06.5097391Z 2026-02-18 10:00:06,509 - azure.core.pipeline.policies.http_logging_policy - INFO - Request URL: 'https://westus2-2.in.applicationinsights.azure.com//v2.1/track'
2026-02-18T10:00:06.5097842Z Request method: 'POST'
2026-02-18T10:00:06.5097867Z Request headers:
2026-02-18T10:00:06.5097885Z     'Content-Type': 'application/json'
2026-02-18T10:00:06.5097902Z     'Content-Length': '3719'
2026-02-18T10:00:06.5097920Z     'Accept': 'application/json'
2026-02-18T10:00:06.5097938Z     'x-ms-client-request-id': '9a251184-0cb0-11f1-b7fb-0adf85178b07'
2026-02-18T10:00:06.5097957Z     'User-Agent': 'azsdk-python-azuremonitorclient/unknown Python/3.11.14 (Linux-6.6.119.3-1.azl3-x86_64-with-glibc2.31)'
2026-02-18T10:00:06.5097975Z A body is sent with the request
2026-02-18T10:00:06.6232634Z 2026-02-18 10:00:06,623 - azure.core.pipeline.policies.http_logging_policy - INFO - Response status: 200
2026-02-18T10:00:06.6232985Z Response headers:
2026-02-18T10:00:06.6233007Z     'Transfer-Encoding': 'chunked'
2026-02-18T10:00:06.6233086Z     'Content-Type': 'application/json; charset=utf-8'
2026-02-18T10:00:06.6233107Z     'Server': 'Microsoft-HTTPAPI/2.0'
2026-02-18T10:00:06.6233125Z     'Strict-Transport-Security': 'REDACTED'
2026-02-18T10:00:06.6233143Z     'X-Content-Type-Options': 'REDACTED'
2026-02-18T10:00:06.6233160Z     'Date': 'Wed, 18 Feb 2026 10:00:05 GMT'
2026-02-18T10:00:06.6238813Z 2026-02-18 10:00:06,623 - azure.monitor.opentelemetry.exporter.export._base - INFO - Transmission succeeded: Item received: 3. Items accepted: 3
2026-02-18T10:00:10.7485264Z 2026-02-18 10:00:10,748 - azure.core.pipeline.policies.http_logging_policy - INFO - Request URL: 'https://westus2-2.in.applicationinsights.azure.com//v2.1/track'
2026-02-18T10:00:10.7485644Z Request method: 'POST'
2026-02-18T10:00:10.7485671Z Request headers:
2026-02-18T10:00:10.7485691Z     'Content-Type': 'application/json'
2026-02-18T10:00:10.7485782Z     'Content-Length': '3720'
2026-02-18T10:00:10.7485808Z     'Accept': 'application/json'
2026-02-18T10:00:10.7485833Z     'x-ms-client-request-id': '9cabd820-0cb0-11f1-a748-0adf85178b07'
2026-02-18T10:00:10.7485862Z     'User-Agent': 'azsdk-python-azuremonitorclient/unknown Python/3.11.14 (Linux-6.6.119.3-1.azl3-x86_64-with-glibc2.31)'
2026-02-18T10:00:10.7485885Z A body is sent with the request
2026-02-18T10:00:10.8516869Z 2026-02-18 10:00:10,851 - azure.core.pipeline.policies.http_logging_policy - INFO - Response status: 200
2026-02-18T10:00:10.8518654Z Response headers:
2026-02-18T10:00:10.8518694Z     'Transfer-Encoding': 'chunked'
2026-02-18T10:00:10.8518716Z     'Content-Type': 'application/json; charset=utf-8'
2026-02-18T10:00:10.8518735Z     'Server': 'Microsoft-HTTPAPI/2.0'
2026-02-18T10:00:10.8518829Z     'Strict-Transport-Security': 'REDACTED'
2026-02-18T10:00:10.8518849Z     'X-Content-Type-Options': 'REDACTED'
2026-02-18T10:00:10.8518868Z     'Date': 'Wed, 18 Feb 2026 10:00:10 GMT'
2026-02-18T10:00:10.8524851Z 2026-02-18 10:00:10,852 - azure.monitor.opentelemetry.exporter.export._base - INFO - Transmission succeeded: Item received: 3. Items accepted: 3
2026-02-18T10:00:11.6251885Z 2026-02-18 10:00:11,624 - azure.core.pipeline.policies.http_logging_policy - INFO - Request URL: 'https://westus2-2.in.applicationinsights.azure.com//v2.1/track'
2026-02-18T10:00:11.6252229Z Request method: 'POST'
2026-02-18T10:00:11.6252254Z Request headers:
2026-02-18T10:00:11.6252275Z     'Content-Type': 'application/json'
2026-02-18T10:00:11.6252292Z     'Content-Length': '3720'
2026-02-18T10:00:11.6252307Z     'Accept': 'application/json'
2026-02-18T10:00:11.6252385Z     'x-ms-client-request-id': '9d31a04a-0cb0-11f1-b7fb-0adf85178b07'
2026-02-18T10:00:11.6252407Z     'User-Agent': 'azsdk-python-azuremonitorclient/unknown Python/3.11.14 (Linux-6.6.119.3-1.azl3-x86_64-with-glibc2.31)'
2026-02-18T10:00:11.6252422Z A body is sent with the request
2026-02-18T10:00:11.7513081Z 2026-02-18 10:00:11,751 - azure.core.pipeline.policies.http_logging_policy - INFO - Response status: 200
2026-02-18T10:00:11.7513449Z Response headers:
2026-02-18T10:00:11.7513478Z     'Transfer-Encoding': 'chunked'
2026-02-18T10:00:11.7513509Z     'Content-Type': 'application/json; charset=utf-8'
2026-02-18T10:00:11.7513538Z     'Server': 'Microsoft-HTTPAPI/2.0'
2026-02-18T10:00:11.7513562Z     'Strict-Transport-Security': 'REDACTED'
2026-02-18T10:00:11.7513583Z     'X-Content-Type-Options': 'REDACTED'
2026-02-18T10:00:11.7513602Z     'Date': 'Wed, 18 Feb 2026 10:00:11 GMT'
2026-02-18T10:00:11.7520055Z 2026-02-18 10:00:11,751 - azure.monitor.opentelemetry.exporter.export._base - INFO - Transmission succeeded: Item received: 3. Items accepted: 3
2026-02-18T10:00:15.8538303Z 2026-02-18 10:00:15,853 - azure.core.pipeline.policies.http_logging_policy - INFO - Request URL: 'https://westus2-2.in.applicationinsights.azure.com//v2.1/track'
2026-02-18T10:00:15.8538660Z Request method: 'POST'
2026-02-18T10:00:15.8538684Z Request headers:
2026-02-18T10:00:15.8538703Z     'Content-Type': 'application/json'
2026-02-18T10:00:15.8538721Z     'Content-Length': '3720'
2026-02-18T10:00:15.8538745Z     'Accept': 'application/json'
2026-02-18T10:00:15.8538764Z     'x-ms-client-request-id': '9fb6ddb2-0cb0-11f1-a748-0adf85178b07'
2026-02-18T10:00:15.8538785Z     'User-Agent': 'azsdk-python-azuremonitorclient/unknown Python/3.11.14 (Linux-6.6.119.3-1.azl3-x86_64-with-glibc2.31)'
2026-02-18T10:00:15.8539404Z A body is sent with the request
2026-02-18T10:00:15.9018450Z 2026-02-18 10:00:15,901 - azure.core.pipeline.policies.http_logging_policy - INFO - Response status: 200
2026-02-18T10:00:15.9019144Z Response headers:
2026-02-18T10:00:15.9019171Z     'Transfer-Encoding': 'chunked'
2026-02-18T10:00:15.9019196Z     'Content-Type': 'application/json; charset=utf-8'
2026-02-18T10:00:15.9019216Z     'Server': 'Microsoft-HTTPAPI/2.0'
2026-02-18T10:00:15.9019231Z     'Strict-Transport-Security': 'REDACTED'
2026-02-18T10:00:15.9019249Z     'X-Content-Type-Options': 'REDACTED'
2026-02-18T10:00:15.9019263Z     'Date': 'Wed, 18 Feb 2026 10:00:15 GMT'
2026-02-18T10:00:15.9025773Z 2026-02-18 10:00:15,902 - azure.monitor.opentelemetry.exporter.export._base - INFO - Transmission succeeded: Item received: 3. Items accepted: 3
2026-02-18T10:00:16.7537953Z 2026-02-18 10:00:16,753 - azure.core.pipeline.policies.http_logging_policy - INFO - Request URL: 'https://westus2-2.in.applicationinsights.azure.com//v2.1/track'
2026-02-18T10:00:16.7538315Z Request method: 'POST'
2026-02-18T10:00:16.7538343Z Request headers:
2026-02-18T10:00:16.7538371Z     'Content-Type': 'application/json'
2026-02-18T10:00:16.7538395Z     'Content-Length': '3719'
2026-02-18T10:00:16.7538417Z     'Accept': 'application/json'
2026-02-18T10:00:16.7538441Z     'x-ms-client-request-id': 'a0402e50-0cb0-11f1-b7fb-0adf85178b07'
2026-02-18T10:00:16.7538467Z     'User-Agent': 'azsdk-python-azuremonitorclient/unknown Python/3.11.14 (Linux-6.6.119.3-1.azl3-x86_64-with-glibc2.31)'
2026-02-18T10:00:16.7538491Z A body is sent with the request
2026-02-18T10:00:16.8318862Z 2026-02-18 10:00:16,831 - azure.core.pipeline.policies.http_logging_policy - INFO - Response status: 200
2026-02-18T10:00:16.8319206Z Response headers:
2026-02-18T10:00:16.8319232Z     'Transfer-Encoding': 'chunked'
2026-02-18T10:00:16.8319251Z     'Content-Type': 'application/json; charset=utf-8'
2026-02-18T10:00:16.8319267Z     'Server': 'Microsoft-HTTPAPI/2.0'
2026-02-18T10:00:16.8319282Z     'Strict-Transport-Security': 'REDACTED'
2026-02-18T10:00:16.8319300Z     'X-Content-Type-Options': 'REDACTED'
2026-02-18T10:00:16.8319315Z     'Date': 'Wed, 18 Feb 2026 10:00:16 GMT'
2026-02-18T10:00:16.8323378Z 2026-02-18 10:00:16,832 - azure.monitor.opentelemetry.exporter.export._base - INFO - Transmission succeeded: Item received: 3. Items accepted: 3
2026-02-18T10:00:20.9097299Z 2026-02-18 10:00:20,909 - azure.core.pipeline.policies.http_logging_policy - INFO - Request URL: 'https://westus2-2.in.applicationinsights.azure.com//v2.1/track'
2026-02-18T10:00:20.9097647Z Request method: 'POST'
2026-02-18T10:00:20.9097732Z Request headers:
2026-02-18T10:00:20.9097754Z     'Content-Type': 'application/json'
2026-02-18T10:00:20.9097774Z     'Content-Length': '3719'
2026-02-18T10:00:20.9097792Z     'Accept': 'application/json'
2026-02-18T10:00:20.9097812Z     'x-ms-client-request-id': 'a2ba51ce-0cb0-11f1-a748-0adf85178b07'
2026-02-18T10:00:20.9097833Z     'User-Agent': 'azsdk-python-azuremonitorclient/unknown Python/3.11.14 (Linux-6.6.119.3-1.azl3-x86_64-with-glibc2.31)'
2026-02-18T10:00:20.9097852Z A body is sent with the request
2026-02-18T10:00:21.0326875Z 2026-02-18 10:00:21,032 - azure.core.pipeline.policies.http_logging_policy - INFO - Response status: 200
2026-02-18T10:00:21.0327182Z Response headers:
2026-02-18T10:00:21.0327204Z     'Transfer-Encoding': 'chunked'
2026-02-18T10:00:21.0327224Z     'Content-Type': 'application/json; charset=utf-8'
2026-02-18T10:00:21.0327301Z     'Server': 'Microsoft-HTTPAPI/2.0'
2026-02-18T10:00:21.0327320Z     'Strict-Transport-Security': 'REDACTED'
2026-02-18T10:00:21.0327339Z     'X-Content-Type-Options': 'REDACTED'
2026-02-18T10:00:21.0327356Z     'Date': 'Wed, 18 Feb 2026 10:00:20 GMT'
2026-02-18T10:00:21.0332964Z 2026-02-18 10:00:21,032 - azure.monitor.opentelemetry.exporter.export._base - INFO - Transmission succeeded: Item received: 3. Items accepted: 3
2026-02-18T10:00:21.8339078Z 2026-02-18 10:00:21,833 - azure.core.pipeline.policies.http_logging_policy - INFO - Request URL: 'https://westus2-2.in.applicationinsights.azure.com//v2.1/track'
2026-02-18T10:00:21.8339541Z Request method: 'POST'
2026-02-18T10:00:21.8339566Z Request headers:
2026-02-18T10:00:21.8339585Z     'Content-Type': 'application/json'
2026-02-18T10:00:21.8339607Z     'Content-Length': '3720'
2026-02-18T10:00:21.8339694Z     'Accept': 'application/json'
2026-02-18T10:00:21.8339717Z     'x-ms-client-request-id': 'a3475a10-0cb0-11f1-b7fb-0adf85178b07'
2026-02-18T10:00:21.8339739Z     'User-Agent': 'azsdk-python-azuremonitorclient/unknown Python/3.11.14 (Linux-6.6.119.3-1.azl3-x86_64-with-glibc2.31)'
2026-02-18T10:00:21.8339754Z A body is sent with the request
2026-02-18T10:00:21.9042563Z 2026-02-18 10:00:21,904 - azure.core.pipeline.policies.http_logging_policy - INFO - Response status: 200
2026-02-18T10:00:21.9042927Z Response headers:
2026-02-18T10:00:21.9042965Z     'Transfer-Encoding': 'chunked'
2026-02-18T10:00:21.9042990Z     'Content-Type': 'application/json; charset=utf-8'
2026-02-18T10:00:21.9043010Z     'Server': 'Microsoft-HTTPAPI/2.0'
2026-02-18T10:00:21.9043032Z     'Strict-Transport-Security': 'REDACTED'
2026-02-18T10:00:21.9043111Z     'X-Content-Type-Options': 'REDACTED'
2026-02-18T10:00:21.9043134Z     'Date': 'Wed, 18 Feb 2026 10:00:21 GMT'
2026-02-18T10:00:21.9049721Z 2026-02-18 10:00:21,904 - azure.monitor.opentelemetry.exporter.export._base - INFO - Transmission succeeded: Item received: 3. Items accepted: 3
2026-02-18T10:00:26.0345382Z 2026-02-18 10:00:26,034 - azure.core.pipeline.policies.http_logging_policy - INFO - Request URL: 'https://westus2-2.in.applicationinsights.azure.com//v2.1/track'
2026-02-18T10:00:26.0345724Z Request method: 'POST'
2026-02-18T10:00:26.0345749Z Request headers:
2026-02-18T10:00:26.0345776Z     'Content-Type': 'application/json'
2026-02-18T10:00:26.0345796Z     'Content-Length': '3719'
2026-02-18T10:00:26.0345814Z     'Accept': 'application/json'
2026-02-18T10:00:26.0345835Z     'x-ms-client-request-id': 'a5c85172-0cb0-11f1-a748-0adf85178b07'
2026-02-18T10:00:26.0345915Z     'User-Agent': 'azsdk-python-azuremonitorclient/unknown Python/3.11.14 (Linux-6.6.119.3-1.azl3-x86_64-with-glibc2.31)'
2026-02-18T10:00:26.0345933Z A body is sent with the request
2026-02-18T10:00:26.1242343Z 2026-02-18 10:00:26,124 - azure.core.pipeline.policies.http_logging_policy - INFO - Response status: 200
2026-02-18T10:00:26.1242704Z Response headers:
2026-02-18T10:00:26.1242726Z     'Transfer-Encoding': 'chunked'
2026-02-18T10:00:26.1242743Z     'Content-Type': 'application/json; charset=utf-8'
2026-02-18T10:00:26.1242761Z     'Server': 'Microsoft-HTTPAPI/2.0'
2026-02-18T10:00:26.1242777Z     'Strict-Transport-Security': 'REDACTED'
2026-02-18T10:00:26.1242800Z     'X-Content-Type-Options': 'REDACTED'
2026-02-18T10:00:26.1242817Z     'Date': 'Wed, 18 Feb 2026 10:00:25 GMT'
2026-02-18T10:00:26.1245561Z 2026-02-18 10:00:26,124 - azure.monitor.opentelemetry.exporter.export._base - INFO - Transmission succeeded: Item received: 3. Items accepted: 3
2026-02-18T10:00:26.9073272Z 2026-02-18 10:00:26,907 - azure.core.pipeline.policies.http_logging_policy - INFO - Request URL: 'https://westus2-2.in.applicationinsights.azure.com//v2.1/track'
2026-02-18T10:00:26.9073531Z Request method: 'POST'
2026-02-18T10:00:26.9073554Z Request headers:
2026-02-18T10:00:26.9073574Z     'Content-Type': 'application/json'
2026-02-18T10:00:26.9073594Z     'Content-Length': '3719'
2026-02-18T10:00:26.9073613Z     'Accept': 'application/json'
2026-02-18T10:00:26.9073634Z     'x-ms-client-request-id': 'a64d797e-0cb0-11f1-b7fb-0adf85178b07'
2026-02-18T10:00:26.9073659Z     'User-Agent': 'azsdk-python-azuremonitorclient/unknown Python/3.11.14 (Linux-6.6.119.3-1.azl3-x86_64-with-glibc2.31)'
2026-02-18T10:00:26.9073678Z A body is sent with the request
2026-02-18T10:00:27.0212439Z 2026-02-18 10:00:27,021 - azure.core.pipeline.policies.http_logging_policy - INFO - Response status: 200
2026-02-18T10:00:27.0212715Z Response headers:
2026-02-18T10:00:27.0212741Z     'Transfer-Encoding': 'chunked'
2026-02-18T10:00:27.0212761Z     'Content-Type': 'application/json; charset=utf-8'
2026-02-18T10:00:27.0212782Z     'Server': 'Microsoft-HTTPAPI/2.0'
2026-02-18T10:00:27.0212804Z     'Strict-Transport-Security': 'REDACTED'
2026-02-18T10:00:27.0212822Z     'X-Content-Type-Options': 'REDACTED'
2026-02-18T10:00:27.0212840Z     'Date': 'Wed, 18 Feb 2026 10:00:26 GMT'
2026-02-18T10:00:27.0220242Z 2026-02-18 10:00:27,021 - azure.monitor.opentelemetry.exporter.export._base - INFO - Transmission succeeded: Item received: 3. Items accepted: 3
2026-02-18T10:00:31.1263236Z 2026-02-18 10:00:31,126 - azure.core.pipeline.policies.http_logging_policy - INFO - Request URL: 'https://westus2-2.in.applicationinsights.azure.com//v2.1/track'
2026-02-18T10:00:31.1263638Z Request method: 'POST'
2026-02-18T10:00:31.1263666Z Request headers:
2026-02-18T10:00:31.1263690Z     'Content-Type': 'application/json'
2026-02-18T10:00:31.1263716Z     'Content-Length': '3719'
2026-02-18T10:00:31.1263739Z     'Accept': 'application/json'
2026-02-18T10:00:31.1263768Z     'x-ms-client-request-id': 'a8d14126-0cb0-11f1-a748-0adf85178b07'
2026-02-18T10:00:31.1263796Z     'User-Agent': 'azsdk-python-azuremonitorclient/unknown Python/3.11.14 (Linux-6.6.119.3-1.azl3-x86_64-with-glibc2.31)'
2026-02-18T10:00:31.1263818Z A body is sent with the request
2026-02-18T10:00:31.1958135Z 2026-02-18 10:00:31,195 - azure.core.pipeline.policies.http_logging_policy - INFO - Response status: 200
2026-02-18T10:00:31.1958478Z Response headers:
2026-02-18T10:00:31.1958507Z     'Transfer-Encoding': 'chunked'
2026-02-18T10:00:31.1958600Z     'Content-Type': 'application/json; charset=utf-8'
2026-02-18T10:00:31.1958623Z     'Server': 'Microsoft-HTTPAPI/2.0'
2026-02-18T10:00:31.1958646Z     'Strict-Transport-Security': 'REDACTED'
2026-02-18T10:00:31.1958668Z     'X-Content-Type-Options': 'REDACTED'
2026-02-18T10:00:31.1958687Z     'Date': 'Wed, 18 Feb 2026 10:00:30 GMT'
2026-02-18T10:00:31.1968246Z 2026-02-18 10:00:31,196 - azure.monitor.opentelemetry.exporter.export._base - INFO - Transmission succeeded: Item received: 3. Items accepted: 3
2026-02-18T10:00:32.0235791Z 2026-02-18 10:00:32,023 - azure.core.pipeline.policies.http_logging_policy - INFO - Request URL: 'https://westus2-2.in.applicationinsights.azure.com//v2.1/track'
2026-02-18T10:00:32.0237732Z Request method: 'POST'
2026-02-18T10:00:32.0237765Z Request headers:
2026-02-18T10:00:32.0237851Z     'Content-Type': 'application/json'
2026-02-18T10:00:32.0237869Z     'Content-Length': '3720'
2026-02-18T10:00:32.0237883Z     'Accept': 'application/json'
2026-02-18T10:00:32.0237900Z     'x-ms-client-request-id': 'a95a2b58-0cb0-11f1-b7fb-0adf85178b07'
2026-02-18T10:00:32.0237919Z     'User-Agent': 'azsdk-python-azuremonitorclient/unknown Python/3.11.14 (Linux-6.6.119.3-1.azl3-x86_64-with-glibc2.31)'
2026-02-18T10:00:32.0237934Z A body is sent with the request
2026-02-18T10:00:32.1012106Z 2026-02-18 10:00:32,100 - azure.core.pipeline.policies.http_logging_policy - INFO - Response status: 200
2026-02-18T10:00:32.1012657Z Response headers:
2026-02-18T10:00:32.1012682Z     'Transfer-Encoding': 'chunked'
2026-02-18T10:00:32.1012706Z     'Content-Type': 'application/json; charset=utf-8'
2026-02-18T10:00:32.1012726Z     'Server': 'Microsoft-HTTPAPI/2.0'
2026-02-18T10:00:32.1012806Z     'Strict-Transport-Security': 'REDACTED'
2026-02-18T10:00:32.1012825Z     'X-Content-Type-Options': 'REDACTED'
2026-02-18T10:00:32.1012843Z     'Date': 'Wed, 18 Feb 2026 10:00:31 GMT'
2026-02-18T10:00:32.1018801Z 2026-02-18 10:00:32,101 - azure.monitor.opentelemetry.exporter.export._base - INFO - Transmission succeeded: Item received: 3. Items accepted: 3
2026-02-18T10:00:36.1980460Z 2026-02-18 10:00:36,197 - azure.core.pipeline.policies.http_logging_policy - INFO - Request URL: 'https://westus2-2.in.applicationinsights.azure.com//v2.1/track'
2026-02-18T10:00:36.1980938Z Request method: 'POST'
2026-02-18T10:00:36.1980962Z Request headers:
2026-02-18T10:00:36.1980980Z     'Content-Type': 'application/json'
2026-02-18T10:00:36.1980997Z     'Content-Length': '3720'
2026-02-18T10:00:36.1981013Z     'Accept': 'application/json'
2026-02-18T10:00:36.1981088Z     'x-ms-client-request-id': 'abd72606-0cb0-11f1-a748-0adf85178b07'
2026-02-18T10:00:36.1981110Z     'User-Agent': 'azsdk-python-azuremonitorclient/unknown Python/3.11.14 (Linux-6.6.119.3-1.azl3-x86_64-with-glibc2.31)'
2026-02-18T10:00:36.1981130Z A body is sent with the request
2026-02-18T10:00:36.3527668Z 2026-02-18 10:00:36,352 - azure.core.pipeline.policies.http_logging_policy - INFO - Response status: 200
2026-02-18T10:00:36.3527958Z Response headers:
2026-02-18T10:00:36.3527989Z     'Transfer-Encoding': 'chunked'
2026-02-18T10:00:36.3528008Z     'Content-Type': 'application/json; charset=utf-8'
2026-02-18T10:00:36.3528027Z     'Server': 'Microsoft-HTTPAPI/2.0'
2026-02-18T10:00:36.3528048Z     'Strict-Transport-Security': 'REDACTED'
2026-02-18T10:00:36.3528066Z     'X-Content-Type-Options': 'REDACTED'
2026-02-18T10:00:36.3528082Z     'Date': 'Wed, 18 Feb 2026 10:00:35 GMT'
2026-02-18T10:00:36.3530754Z 2026-02-18 10:00:36,352 - azure.monitor.opentelemetry.exporter.export._base - INFO - Transmission succeeded: Item received: 3. Items accepted: 3
2026-02-18T10:00:37.1038215Z 2026-02-18 10:00:37,103 - azure.core.pipeline.policies.http_logging_policy - INFO - Request URL: 'https://westus2-2.in.applicationinsights.azure.com//v2.1/track'
2026-02-18T10:00:37.1039752Z Request method: 'POST'
2026-02-18T10:00:37.1039807Z Request headers:
2026-02-18T10:00:37.1039826Z     'Content-Type': 'application/json'
2026-02-18T10:00:37.1039842Z     'Content-Length': '3718'
2026-02-18T10:00:37.1039861Z     'Accept': 'application/json'
2026-02-18T10:00:37.1039880Z     'x-ms-client-request-id': 'ac615c40-0cb0-11f1-b7fb-0adf85178b07'
2026-02-18T10:00:37.1039900Z     'User-Agent': 'azsdk-python-azuremonitorclient/unknown Python/3.11.14 (Linux-6.6.119.3-1.azl3-x86_64-with-glibc2.31)'
2026-02-18T10:00:37.1039982Z A body is sent with the request
2026-02-18T10:00:37.1880298Z 2026-02-18 10:00:37,187 - azure.core.pipeline.policies.http_logging_policy - INFO - Response status: 200
2026-02-18T10:00:37.1880710Z Response headers:
2026-02-18T10:00:37.1880744Z     'Transfer-Encoding': 'chunked'
2026-02-18T10:00:37.1880768Z     'Content-Type': 'application/json; charset=utf-8'
2026-02-18T10:00:37.1880792Z     'Server': 'Microsoft-HTTPAPI/2.0'
2026-02-18T10:00:37.1880816Z     'Strict-Transport-Security': 'REDACTED'
2026-02-18T10:00:37.1880837Z     'X-Content-Type-Options': 'REDACTED'
2026-02-18T10:00:37.1880856Z     'Date': 'Wed, 18 Feb 2026 10:00:36 GMT'
2026-02-18T10:00:37.1885728Z 2026-02-18 10:00:37,188 - azure.monitor.opentelemetry.exporter.export._base - INFO - Transmission succeeded: Item received: 3. Items accepted: 3
2026-02-18T10:00:41.3547865Z 2026-02-18 10:00:41,354 - azure.core.pipeline.policies.http_logging_policy - INFO - Request URL: 'https://westus2-2.in.applicationinsights.azure.com//v2.1/track'
2026-02-18T10:00:41.3548393Z Request method: 'POST'
2026-02-18T10:00:41.3548429Z Request headers:
2026-02-18T10:00:41.3548451Z     'Content-Type': 'application/json'
2026-02-18T10:00:41.3548474Z     'Content-Length': '3720'
2026-02-18T10:00:41.3548501Z     'Accept': 'application/json'
2026-02-18T10:00:41.3548526Z     'x-ms-client-request-id': 'aee9ff12-0cb0-11f1-a748-0adf85178b07'
2026-02-18T10:00:41.3548550Z     'User-Agent': 'azsdk-python-azuremonitorclient/unknown Python/3.11.14 (Linux-6.6.119.3-1.azl3-x86_64-with-glibc2.31)'
2026-02-18T10:00:41.3548571Z A body is sent with the request
2026-02-18T10:00:41.5598095Z 2026-02-18 10:00:41,559 - azure.core.pipeline.policies.http_logging_policy - INFO - Response status: 200
2026-02-18T10:00:41.5598522Z Response headers:
2026-02-18T10:00:41.5598548Z     'Transfer-Encoding': 'chunked'
2026-02-18T10:00:41.5598569Z     'Content-Type': 'application/json; charset=utf-8'
2026-02-18T10:00:41.5598590Z     'Server': 'Microsoft-HTTPAPI/2.0'
2026-02-18T10:00:41.5598613Z     'Strict-Transport-Security': 'REDACTED'
2026-02-18T10:00:41.5598633Z     'X-Content-Type-Options': 'REDACTED'
2026-02-18T10:00:41.5598654Z     'Date': 'Wed, 18 Feb 2026 10:00:41 GMT'
2026-02-18T10:00:41.5603418Z 2026-02-18 10:00:41,560 - azure.monitor.opentelemetry.exporter.export._base - INFO - Transmission succeeded: Item received: 3. Items accepted: 3
2026-02-18T10:00:42.1905470Z 2026-02-18 10:00:42,190 - azure.core.pipeline.policies.http_logging_policy - INFO - Request URL: 'https://westus2-2.in.applicationinsights.azure.com//v2.1/track'
2026-02-18T10:00:42.1906091Z Request method: 'POST'
2026-02-18T10:00:42.1906188Z Request headers:
2026-02-18T10:00:42.1906207Z     'Content-Type': 'application/json'
2026-02-18T10:00:42.1906225Z     'Content-Length': '3720'
2026-02-18T10:00:42.1906244Z     'Accept': 'application/json'
2026-02-18T10:00:42.1906263Z     'x-ms-client-request-id': 'af6986c4-0cb0-11f1-b7fb-0adf85178b07'
2026-02-18T10:00:42.1906283Z     'User-Agent': 'azsdk-python-azuremonitorclient/unknown Python/3.11.14 (Linux-6.6.119.3-1.azl3-x86_64-with-glibc2.31)'
2026-02-18T10:00:42.1906298Z A body is sent with the request
2026-02-18T10:00:42.5811210Z 2026-02-18 10:00:42,580 - azure.core.pipeline.policies.http_logging_policy - INFO - Response status: 200
2026-02-18T10:00:42.5811741Z Response headers:
2026-02-18T10:00:42.5811771Z     'Transfer-Encoding': 'chunked'
2026-02-18T10:00:42.5811789Z     'Content-Type': 'application/json; charset=utf-8'
2026-02-18T10:00:42.5811869Z     'Server': 'Microsoft-HTTPAPI/2.0'
2026-02-18T10:00:42.5811887Z     'Strict-Transport-Security': 'REDACTED'
2026-02-18T10:00:42.5811905Z     'X-Content-Type-Options': 'REDACTED'
2026-02-18T10:00:42.5811922Z     'Date': 'Wed, 18 Feb 2026 10:00:41 GMT'
2026-02-18T10:00:42.5817070Z 2026-02-18 10:00:42,581 - azure.monitor.opentelemetry.exporter.export._base - INFO - Transmission succeeded: Item received: 3. Items accepted: 3
2026-02-18T10:00:46.5623298Z 2026-02-18 10:00:46,561 - azure.core.pipeline.policies.http_logging_policy - INFO - Request URL: 'https://westus2-2.in.applicationinsights.azure.com//v2.1/track'
2026-02-18T10:00:46.5623751Z Request method: 'POST'
2026-02-18T10:00:46.5623778Z Request headers:
2026-02-18T10:00:46.5623799Z     'Content-Type': 'application/json'
2026-02-18T10:00:46.5623818Z     'Content-Length': '3719'
2026-02-18T10:00:46.5623894Z     'Accept': 'application/json'
2026-02-18T10:00:46.5623916Z     'x-ms-client-request-id': 'b204970c-0cb0-11f1-a748-0adf85178b07'
2026-02-18T10:00:46.5623934Z     'User-Agent': 'azsdk-python-azuremonitorclient/unknown Python/3.11.14 (Linux-6.6.119.3-1.azl3-x86_64-with-glibc2.31)'
2026-02-18T10:00:46.5623950Z A body is sent with the request
2026-02-18T10:00:46.6191156Z 2026-02-18 10:00:46,618 - azure.core.pipeline.policies.http_logging_policy - INFO - Response status: 200
2026-02-18T10:00:46.6191482Z Response headers:
2026-02-18T10:00:46.6191508Z     'Transfer-Encoding': 'chunked'
2026-02-18T10:00:46.6191530Z     'Content-Type': 'application/json; charset=utf-8'
2026-02-18T10:00:46.6191548Z     'Server': 'Microsoft-HTTPAPI/2.0'
2026-02-18T10:00:46.6191566Z     'Strict-Transport-Security': 'REDACTED'
2026-02-18T10:00:46.6191636Z     'X-Content-Type-Options': 'REDACTED'
2026-02-18T10:00:46.6191655Z     'Date': 'Wed, 18 Feb 2026 10:00:46 GMT'
2026-02-18T10:00:46.6198478Z 2026-02-18 10:00:46,619 - azure.monitor.opentelemetry.exporter.export._base - INFO - Transmission succeeded: Item received: 3. Items accepted: 3
2026-02-18T10:00:47.5834058Z 2026-02-18 10:00:47,583 - azure.core.pipeline.policies.http_logging_policy - INFO - Request URL: 'https://westus2-2.in.applicationinsights.azure.com//v2.1/track'
2026-02-18T10:00:47.5834401Z Request method: 'POST'
2026-02-18T10:00:47.5834426Z Request headers:
2026-02-18T10:00:47.5834444Z     'Content-Type': 'application/json'
2026-02-18T10:00:47.5834465Z     'Content-Length': '3720'
2026-02-18T10:00:47.5834483Z     'Accept': 'application/json'
2026-02-18T10:00:47.5834501Z     'x-ms-client-request-id': 'b2a06a74-0cb0-11f1-b7fb-0adf85178b07'
2026-02-18T10:00:47.5834585Z     'User-Agent': 'azsdk-python-azuremonitorclient/unknown Python/3.11.14 (Linux-6.6.119.3-1.azl3-x86_64-with-glibc2.31)'
2026-02-18T10:00:47.5834604Z A body is sent with the request
2026-02-18T10:00:47.6716314Z 2026-02-18 10:00:47,671 - azure.core.pipeline.policies.http_logging_policy - INFO - Response status: 200
2026-02-18T10:00:47.6716690Z Response headers:
2026-02-18T10:00:47.6716718Z     'Transfer-Encoding': 'chunked'
2026-02-18T10:00:47.6716740Z     'Content-Type': 'application/json; charset=utf-8'
2026-02-18T10:00:47.6716759Z     'Server': 'Microsoft-HTTPAPI/2.0'
2026-02-18T10:00:47.6716776Z     'Strict-Transport-Security': 'REDACTED'
2026-02-18T10:00:47.6716791Z     'X-Content-Type-Options': 'REDACTED'
2026-02-18T10:00:47.6716809Z     'Date': 'Wed, 18 Feb 2026 10:00:46 GMT'
2026-02-18T10:00:47.6725147Z 2026-02-18 10:00:47,671 - azure.monitor.opentelemetry.exporter.export._base - INFO - Transmission succeeded: Item received: 3. Items accepted: 3
2026-02-18T10:00:51.6209309Z 2026-02-18 10:00:51,620 - azure.core.pipeline.policies.http_logging_policy - INFO - Request URL: 'https://westus2-2.in.applicationinsights.azure.com//v2.1/track'
2026-02-18T10:00:51.6209944Z Request method: 'POST'
2026-02-18T10:00:51.6209970Z Request headers:
2026-02-18T10:00:51.6209991Z     'Content-Type': 'application/json'
2026-02-18T10:00:51.6210009Z     'Content-Length': '3720'
2026-02-18T10:00:51.6210025Z     'Accept': 'application/json'
2026-02-18T10:00:51.6210041Z     'x-ms-client-request-id': 'b5087d24-0cb0-11f1-a748-0adf85178b07'
2026-02-18T10:00:51.6210060Z     'User-Agent': 'azsdk-python-azuremonitorclient/unknown Python/3.11.14 (Linux-6.6.119.3-1.azl3-x86_64-with-glibc2.31)'
2026-02-18T10:00:51.6210077Z A body is sent with the request
2026-02-18T10:00:51.7075200Z 2026-02-18 10:00:51,707 - azure.core.pipeline.policies.http_logging_policy - INFO - Response status: 200
2026-02-18T10:00:51.7075493Z Response headers:
2026-02-18T10:00:51.7075520Z     'Transfer-Encoding': 'chunked'
2026-02-18T10:00:51.7075543Z     'Content-Type': 'application/json; charset=utf-8'
2026-02-18T10:00:51.7075563Z     'Server': 'Microsoft-HTTPAPI/2.0'
2026-02-18T10:00:51.7075580Z     'Strict-Transport-Security': 'REDACTED'
2026-02-18T10:00:51.7075597Z     'X-Content-Type-Options': 'REDACTED'
2026-02-18T10:00:51.7075612Z     'Date': 'Wed, 18 Feb 2026 10:00:51 GMT'
2026-02-18T10:00:51.7080466Z 2026-02-18 10:00:51,707 - azure.monitor.opentelemetry.exporter.export._base - INFO - Transmission succeeded: Item received: 3. Items accepted: 3
2026-02-18T10:00:52.6735923Z 2026-02-18 10:00:52,673 - azure.core.pipeline.policies.http_logging_policy - INFO - Request URL: 'https://westus2-2.in.applicationinsights.azure.com//v2.1/track'
2026-02-18T10:00:52.6736296Z Request method: 'POST'
2026-02-18T10:00:52.6736318Z Request headers:
2026-02-18T10:00:52.6736338Z     'Content-Type': 'application/json'
2026-02-18T10:00:52.6736356Z     'Content-Length': '3719'
2026-02-18T10:00:52.6736374Z     'Accept': 'application/json'
2026-02-18T10:00:52.6736396Z     'x-ms-client-request-id': 'b5a91c16-0cb0-11f1-b7fb-0adf85178b07'
2026-02-18T10:00:52.6736419Z     'User-Agent': 'azsdk-python-azuremonitorclient/unknown Python/3.11.14 (Linux-6.6.119.3-1.azl3-x86_64-with-glibc2.31)'
2026-02-18T10:00:52.6736439Z A body is sent with the request
2026-02-18T10:00:52.7425731Z 2026-02-18 10:00:52,742 - azure.core.pipeline.policies.http_logging_policy - INFO - Response status: 200
2026-02-18T10:00:52.7426097Z Response headers:
2026-02-18T10:00:52.7426128Z     'Transfer-Encoding': 'chunked'
2026-02-18T10:00:52.7426201Z     'Content-Type': 'application/json; charset=utf-8'
2026-02-18T10:00:52.7426217Z     'Server': 'Microsoft-HTTPAPI/2.0'
2026-02-18T10:00:52.7426232Z     'Strict-Transport-Security': 'REDACTED'
2026-02-18T10:00:52.7426248Z     'X-Content-Type-Options': 'REDACTED'
2026-02-18T10:00:52.7426266Z     'Date': 'Wed, 18 Feb 2026 10:00:51 GMT'
2026-02-18T10:00:52.7429577Z 2026-02-18 10:00:52,742 - azure.monitor.opentelemetry.exporter.export._base - INFO - Transmission succeeded: Item received: 3. Items accepted: 3
2026-02-18T10:00:56.7094134Z 2026-02-18 10:00:56,709 - azure.core.pipeline.policies.http_logging_policy - INFO - Request URL: 'https://westus2-2.in.applicationinsights.azure.com//v2.1/track'
2026-02-18T10:00:56.7094442Z Request method: 'POST'
2026-02-18T10:00:56.7094464Z Request headers:
2026-02-18T10:00:56.7094528Z     'Content-Type': 'application/json'
2026-02-18T10:00:56.7094544Z     'Content-Length': '3720'
2026-02-18T10:00:56.7094559Z     'Accept': 'application/json'
2026-02-18T10:00:56.7094574Z     'x-ms-client-request-id': 'b810ee34-0cb0-11f1-a748-0adf85178b07'
2026-02-18T10:00:56.7094592Z     'User-Agent': 'azsdk-python-azuremonitorclient/unknown Python/3.11.14 (Linux-6.6.119.3-1.azl3-x86_64-with-glibc2.31)'
2026-02-18T10:00:56.7094608Z A body is sent with the request
2026-02-18T10:00:56.8220080Z 2026-02-18 10:00:56,821 - azure.core.pipeline.policies.http_logging_policy - INFO - Response status: 200
2026-02-18T10:00:56.8220394Z Response headers:
2026-02-18T10:00:56.8220420Z     'Transfer-Encoding': 'chunked'
2026-02-18T10:00:56.8220444Z     'Content-Type': 'application/json; charset=utf-8'
2026-02-18T10:00:56.8220462Z     'Server': 'Microsoft-HTTPAPI/2.0'
2026-02-18T10:00:56.8220535Z     'Strict-Transport-Security': 'REDACTED'
2026-02-18T10:00:56.8220560Z     'X-Content-Type-Options': 'REDACTED'
2026-02-18T10:00:56.8220580Z     'Date': 'Wed, 18 Feb 2026 10:00:56 GMT'
2026-02-18T10:00:56.8226155Z 2026-02-18 10:00:56,822 - azure.monitor.opentelemetry.exporter.export._base - INFO - Transmission succeeded: Item received: 3. Items accepted: 3
2026-02-18T10:00:57.7450335Z 2026-02-18 10:00:57,744 - azure.core.pipeline.policies.http_logging_policy - INFO - Request URL: 'https://westus2-2.in.applicationinsights.azure.com//v2.1/track'
2026-02-18T10:00:57.7450690Z Request method: 'POST'
2026-02-18T10:00:57.7450713Z Request headers:
2026-02-18T10:00:57.7450738Z     'Content-Type': 'application/json'
2026-02-18T10:00:57.7450756Z     'Content-Length': '3720'
2026-02-18T10:00:57.7450773Z     'Accept': 'application/json'
2026-02-18T10:00:57.7450866Z     'x-ms-client-request-id': 'b8aef458-0cb0-11f1-b7fb-0adf85178b07'
2026-02-18T10:00:57.7450891Z     'User-Agent': 'azsdk-python-azuremonitorclient/unknown Python/3.11.14 (Linux-6.6.119.3-1.azl3-x86_64-with-glibc2.31)'
2026-02-18T10:00:57.7450911Z A body is sent with the request
2026-02-18T10:00:57.9556230Z 2026-02-18 10:00:57,955 - azure.core.pipeline.policies.http_logging_policy - INFO - Response status: 200
2026-02-18T10:00:57.9556557Z Response headers:
2026-02-18T10:00:57.9556581Z     'Transfer-Encoding': 'chunked'
2026-02-18T10:00:57.9556598Z     'Content-Type': 'application/json; charset=utf-8'
2026-02-18T10:00:57.9556614Z     'Server': 'Microsoft-HTTPAPI/2.0'
2026-02-18T10:00:57.9556631Z     'Strict-Transport-Security': 'REDACTED'
2026-02-18T10:00:57.9556647Z     'X-Content-Type-Options': 'REDACTED'
2026-02-18T10:00:57.9556668Z     'Date': 'Wed, 18 Feb 2026 10:00:57 GMT'
2026-02-18T10:00:57.9562116Z 2026-02-18 10:00:57,955 - azure.monitor.opentelemetry.exporter.export._base - INFO - Transmission succeeded: Item received: 3. Items accepted: 3
2026-02-18T10:01:01.8241387Z 2026-02-18 10:01:01,823 - azure.core.pipeline.policies.http_logging_policy - INFO - Request URL: 'https://westus2-2.in.applicationinsights.azure.com//v2.1/track'
2026-02-18T10:01:01.8241728Z Request method: 'POST'
2026-02-18T10:01:01.8241756Z Request headers:
2026-02-18T10:01:01.8241775Z     'Content-Type': 'application/json'
2026-02-18T10:01:01.8241795Z     'Content-Length': '3719'
2026-02-18T10:01:01.8241814Z     'Accept': 'application/json'
2026-02-18T10:01:01.8241835Z     'x-ms-client-request-id': 'bb1d6062-0cb0-11f1-a748-0adf85178b07'
2026-02-18T10:01:01.8241863Z     'User-Agent': 'azsdk-python-azuremonitorclient/unknown Python/3.11.14 (Linux-6.6.119.3-1.azl3-x86_64-with-glibc2.31)'
2026-02-18T10:01:01.8241935Z A body is sent with the request
2026-02-18T10:01:01.9386886Z 2026-02-18 10:01:01,938 - azure.core.pipeline.policies.http_logging_policy - INFO - Response status: 200
2026-02-18T10:01:01.9387215Z Response headers:
2026-02-18T10:01:01.9387240Z     'Transfer-Encoding': 'chunked'
2026-02-18T10:01:01.9387260Z     'Content-Type': 'application/json; charset=utf-8'
2026-02-18T10:01:01.9387280Z     'Server': 'Microsoft-HTTPAPI/2.0'
2026-02-18T10:01:01.9387297Z     'Strict-Transport-Security': 'REDACTED'
2026-02-18T10:01:01.9387313Z     'X-Content-Type-Options': 'REDACTED'
2026-02-18T10:01:01.9387329Z     'Date': 'Wed, 18 Feb 2026 10:01:01 GMT'
2026-02-18T10:01:01.9393589Z 2026-02-18 10:01:01,938 - azure.monitor.opentelemetry.exporter.export._base - INFO - Transmission succeeded: Item received: 3. Items accepted: 3
2026-02-18T10:01:02.9578869Z 2026-02-18 10:01:02,957 - azure.core.pipeline.policies.http_logging_policy - INFO - Request URL: 'https://westus2-2.in.applicationinsights.azure.com//v2.1/track'
2026-02-18T10:01:02.9579368Z Request method: 'POST'
2026-02-18T10:01:02.9579399Z Request headers:
2026-02-18T10:01:02.9579420Z     'Content-Type': 'application/json'
2026-02-18T10:01:02.9579443Z     'Content-Length': '3720'
2026-02-18T10:01:02.9579461Z     'Accept': 'application/json'
2026-02-18T10:01:02.9579479Z     'x-ms-client-request-id': 'bbca601e-0cb0-11f1-b7fb-0adf85178b07'
2026-02-18T10:01:02.9579498Z     'User-Agent': 'azsdk-python-azuremonitorclient/unknown Python/3.11.14 (Linux-6.6.119.3-1.azl3-x86_64-with-glibc2.31)'
2026-02-18T10:01:02.9579514Z A body is sent with the request
2026-02-18T10:01:03.1417954Z 2026-02-18 10:01:03,141 - azure.core.pipeline.policies.http_logging_policy - INFO - Response status: 200
2026-02-18T10:01:03.1418646Z Response headers:
2026-02-18T10:01:03.1418681Z     'Transfer-Encoding': 'chunked'
2026-02-18T10:01:03.1418704Z     'Content-Type': 'application/json; charset=utf-8'
2026-02-18T10:01:03.1418724Z     'Server': 'Microsoft-HTTPAPI/2.0'
2026-02-18T10:01:03.1418746Z     'Strict-Transport-Security': 'REDACTED'
2026-02-18T10:01:03.1418767Z     'X-Content-Type-Options': 'REDACTED'
2026-02-18T10:01:03.1418789Z     'Date': 'Wed, 18 Feb 2026 10:01:02 GMT'
2026-02-18T10:01:03.1423135Z 2026-02-18 10:01:03,141 - azure.monitor.opentelemetry.exporter.export._base - INFO - Transmission succeeded: Item received: 3. Items accepted: 3
2026-02-18T10:01:06.9409497Z 2026-02-18 10:01:06,940 - azure.core.pipeline.policies.http_logging_policy - INFO - Request URL: 'https://westus2-2.in.applicationinsights.azure.com//v2.1/track'
2026-02-18T10:01:06.9409711Z Request method: 'POST'
2026-02-18T10:01:06.9410605Z Request headers:
2026-02-18T10:01:06.9410638Z     'Content-Type': 'application/json'
2026-02-18T10:01:06.9410657Z     'Content-Length': '3719'
2026-02-18T10:01:06.9410673Z     'Accept': 'application/json'
2026-02-18T10:01:06.9410692Z     'x-ms-client-request-id': 'be2a2240-0cb0-11f1-a748-0adf85178b07'
2026-02-18T10:01:06.9410714Z     'User-Agent': 'azsdk-python-azuremonitorclient/unknown Python/3.11.14 (Linux-6.6.119.3-1.azl3-x86_64-with-glibc2.31)'
2026-02-18T10:01:06.9410731Z A body is sent with the request
2026-02-18T10:01:07.0557845Z 2026-02-18 10:01:07,055 - azure.core.pipeline.policies.http_logging_policy - INFO - Response status: 200
2026-02-18T10:01:07.0558369Z Response headers:
2026-02-18T10:01:07.0558399Z     'Transfer-Encoding': 'chunked'
2026-02-18T10:01:07.0558419Z     'Content-Type': 'application/json; charset=utf-8'
2026-02-18T10:01:07.0558497Z     'Server': 'Microsoft-HTTPAPI/2.0'
2026-02-18T10:01:07.0558517Z     'Strict-Transport-Security': 'REDACTED'
2026-02-18T10:01:07.0558535Z     'X-Content-Type-Options': 'REDACTED'
2026-02-18T10:01:07.0558552Z     'Date': 'Wed, 18 Feb 2026 10:01:06 GMT'
2026-02-18T10:01:07.0564443Z 2026-02-18 10:01:07,055 - azure.monitor.opentelemetry.exporter.export._base - INFO - Transmission succeeded: Item received: 3. Items accepted: 3
2026-02-18T10:01:08.1439956Z 2026-02-18 10:01:08,143 - azure.core.pipeline.policies.http_logging_policy - INFO - Request URL: 'https://westus2-2.in.applicationinsights.azure.com//v2.1/track'
2026-02-18T10:01:08.1440602Z Request method: 'POST'
2026-02-18T10:01:08.1440631Z Request headers:
2026-02-18T10:01:08.1440662Z     'Content-Type': 'application/json'
2026-02-18T10:01:08.1440680Z     'Content-Length': '3720'
2026-02-18T10:01:08.1440767Z     'Accept': 'application/json'
2026-02-18T10:01:08.1440788Z     'x-ms-client-request-id': 'bee1b568-0cb0-11f1-b7fb-0adf85178b07'
2026-02-18T10:01:08.1440811Z     'User-Agent': 'azsdk-python-azuremonitorclient/unknown Python/3.11.14 (Linux-6.6.119.3-1.azl3-x86_64-with-glibc2.31)'
2026-02-18T10:01:08.1440828Z A body is sent with the request
2026-02-18T10:01:08.2717418Z 2026-02-18 10:01:08,271 - azure.core.pipeline.policies.http_logging_policy - INFO - Response status: 200
2026-02-18T10:01:08.2717961Z Response headers:
2026-02-18T10:01:08.2717991Z     'Transfer-Encoding': 'chunked'
2026-02-18T10:01:08.2718008Z     'Content-Type': 'application/json; charset=utf-8'
2026-02-18T10:01:08.2718032Z     'Server': 'Microsoft-HTTPAPI/2.0'
2026-02-18T10:01:08.2718051Z     'Strict-Transport-Security': 'REDACTED'
2026-02-18T10:01:08.2718135Z     'X-Content-Type-Options': 'REDACTED'
2026-02-18T10:01:08.2718160Z     'Date': 'Wed, 18 Feb 2026 10:01:08 GMT'
2026-02-18T10:01:08.2722375Z 2026-02-18 10:01:08,271 - azure.monitor.opentelemetry.exporter.export._base - INFO - Transmission succeeded: Item received: 3. Items accepted: 3
2026-02-18T10:01:12.0576967Z 2026-02-18 10:01:12,057 - azure.core.pipeline.policies.http_logging_policy - INFO - Request URL: 'https://westus2-2.in.applicationinsights.azure.com//v2.1/track'
2026-02-18T10:01:12.0577652Z Request method: 'POST'
2026-02-18T10:01:12.0577682Z Request headers:
2026-02-18T10:01:12.0577703Z     'Content-Type': 'application/json'
2026-02-18T10:01:12.0577723Z     'Content-Length': '3720'
2026-02-18T10:01:12.0577742Z     'Accept': 'application/json'
2026-02-18T10:01:12.0577760Z     'x-ms-client-request-id': 'c136e36a-0cb0-11f1-a748-0adf85178b07'
2026-02-18T10:01:12.0577853Z     'User-Agent': 'azsdk-python-azuremonitorclient/unknown Python/3.11.14 (Linux-6.6.119.3-1.azl3-x86_64-with-glibc2.31)'
2026-02-18T10:01:12.0577873Z A body is sent with the request
2026-02-18T10:01:12.1037892Z 2026-02-18 10:01:12,103 - azure.core.pipeline.policies.http_logging_policy - INFO - Response status: 200
2026-02-18T10:01:12.1038182Z Response headers:
2026-02-18T10:01:12.1038211Z     'Transfer-Encoding': 'chunked'
2026-02-18T10:01:12.1038240Z     'Content-Type': 'application/json; charset=utf-8'
2026-02-18T10:01:12.1038461Z     'Server': 'Microsoft-HTTPAPI/2.0'
2026-02-18T10:01:12.1038487Z     'Strict-Transport-Security': 'REDACTED'
2026-02-18T10:01:12.1038509Z     'X-Content-Type-Options': 'REDACTED'
2026-02-18T10:01:12.1038531Z     'Date': 'Wed, 18 Feb 2026 10:01:11 GMT'
2026-02-18T10:01:12.1045685Z 2026-02-18 10:01:12,104 - azure.monitor.opentelemetry.exporter.export._base - INFO - Transmission succeeded: Item received: 3. Items accepted: 3
2026-02-18T10:01:13.2736984Z 2026-02-18 10:01:13,273 - azure.core.pipeline.policies.http_logging_policy - INFO - Request URL: 'https://westus2-2.in.applicationinsights.azure.com//v2.1/track'
2026-02-18T10:01:13.2737277Z Request method: 'POST'
2026-02-18T10:01:13.2737307Z Request headers:
2026-02-18T10:01:13.2737327Z     'Content-Type': 'application/json'
2026-02-18T10:01:13.2737345Z     'Content-Length': '3720'
2026-02-18T10:01:13.2737370Z     'Accept': 'application/json'
2026-02-18T10:01:13.2737390Z     'x-ms-client-request-id': 'c1f07168-0cb0-11f1-b7fb-0adf85178b07'
2026-02-18T10:01:13.2737411Z     'User-Agent': 'azsdk-python-azuremonitorclient/unknown Python/3.11.14 (Linux-6.6.119.3-1.azl3-x86_64-with-glibc2.31)'
2026-02-18T10:01:13.2737430Z A body is sent with the request
2026-02-18T10:01:13.3673975Z 2026-02-18 10:01:13,367 - azure.core.pipeline.policies.http_logging_policy - INFO - Response status: 200
2026-02-18T10:01:13.3674362Z Response headers:
2026-02-18T10:01:13.3674390Z     'Transfer-Encoding': 'chunked'
2026-02-18T10:01:13.3674414Z     'Content-Type': 'application/json; charset=utf-8'
2026-02-18T10:01:13.3674437Z     'Server': 'Microsoft-HTTPAPI/2.0'
2026-02-18T10:01:13.3674458Z     'Strict-Transport-Security': 'REDACTED'
2026-02-18T10:01:13.3674480Z     'X-Content-Type-Options': 'REDACTED'
2026-02-18T10:01:13.3674501Z     'Date': 'Wed, 18 Feb 2026 10:01:13 GMT'
2026-02-18T10:01:13.3679141Z 2026-02-18 10:01:13,367 - azure.monitor.opentelemetry.exporter.export._base - INFO - Transmission succeeded: Item received: 3. Items accepted: 3
2026-02-18T10:01:17.1058601Z 2026-02-18 10:01:17,105 - azure.core.pipeline.policies.http_logging_policy - INFO - Request URL: 'https://westus2-2.in.applicationinsights.azure.com//v2.1/track'
2026-02-18T10:01:17.1058970Z Request method: 'POST'
2026-02-18T10:01:17.1058992Z Request headers:
2026-02-18T10:01:17.1059012Z     'Content-Type': 'application/json'
2026-02-18T10:01:17.1059029Z     'Content-Length': '3720'
2026-02-18T10:01:17.1059047Z     'Accept': 'application/json'
2026-02-18T10:01:17.1059065Z     'x-ms-client-request-id': 'c4392cb2-0cb0-11f1-a748-0adf85178b07'
2026-02-18T10:01:17.1059085Z     'User-Agent': 'azsdk-python-azuremonitorclient/unknown Python/3.11.14 (Linux-6.6.119.3-1.azl3-x86_64-with-glibc2.31)'
2026-02-18T10:01:17.1059101Z A body is sent with the request
2026-02-18T10:01:17.2300827Z 2026-02-18 10:01:17,229 - azure.core.pipeline.policies.http_logging_policy - INFO - Response status: 200
2026-02-18T10:01:17.2301177Z Response headers:
2026-02-18T10:01:17.2301263Z     'Transfer-Encoding': 'chunked'
2026-02-18T10:01:17.2301285Z     'Content-Type': 'application/json; charset=utf-8'
2026-02-18T10:01:17.2301304Z     'Server': 'Microsoft-HTTPAPI/2.0'
2026-02-18T10:01:17.2301323Z     'Strict-Transport-Security': 'REDACTED'
2026-02-18T10:01:17.2301339Z     'X-Content-Type-Options': 'REDACTED'
2026-02-18T10:01:17.2301355Z     'Date': 'Wed, 18 Feb 2026 10:01:16 GMT'
2026-02-18T10:01:17.2301377Z 2026-02-18 10:01:17,229 - azure.monitor.opentelemetry.exporter.export._base - INFO - Transmission succeeded: Item received: 3. Items accepted: 3
2026-02-18T10:01:18.3701682Z 2026-02-18 10:01:18,369 - azure.core.pipeline.policies.http_logging_policy - INFO - Request URL: 'https://westus2-2.in.applicationinsights.azure.com//v2.1/track'
2026-02-18T10:01:18.3702035Z Request method: 'POST'
2026-02-18T10:01:18.3702060Z Request headers:
2026-02-18T10:01:18.3702142Z     'Content-Type': 'application/json'
2026-02-18T10:01:18.3702162Z     'Content-Length': '3719'
2026-02-18T10:01:18.3702178Z     'Accept': 'application/json'
2026-02-18T10:01:18.3702199Z     'x-ms-client-request-id': 'c4fa186e-0cb0-11f1-b7fb-0adf85178b07'
2026-02-18T10:01:18.3702219Z     'User-Agent': 'azsdk-python-azuremonitorclient/unknown Python/3.11.14 (Linux-6.6.119.3-1.azl3-x86_64-with-glibc2.31)'
2026-02-18T10:01:18.3702236Z A body is sent with the request
2026-02-18T10:01:18.5942294Z 2026-02-18 10:01:18,593 - azure.core.pipeline.policies.http_logging_policy - INFO - Response status: 200
2026-02-18T10:01:18.5942597Z Response headers:
2026-02-18T10:01:18.5942625Z     'Transfer-Encoding': 'chunked'
2026-02-18T10:01:18.5942646Z     'Content-Type': 'application/json; charset=utf-8'
2026-02-18T10:01:18.5942667Z     'Server': 'Microsoft-HTTPAPI/2.0'
2026-02-18T10:01:18.5942732Z     'Strict-Transport-Security': 'REDACTED'
2026-02-18T10:01:18.5942747Z     'X-Content-Type-Options': 'REDACTED'
2026-02-18T10:01:18.5942761Z     'Date': 'Wed, 18 Feb 2026 10:01:18 GMT'
2026-02-18T10:01:18.5942782Z 2026-02-18 10:01:18,593 - azure.monitor.opentelemetry.exporter.export._base - INFO - Transmission succeeded: Item received: 3. Items accepted: 3
2026-02-18T10:01:22.2315872Z 2026-02-18 10:01:22,231 - azure.core.pipeline.policies.http_logging_policy - INFO - Request URL: 'https://westus2-2.in.applicationinsights.azure.com//v2.1/track'
2026-02-18T10:01:22.2316344Z Request method: 'POST'
2026-02-18T10:01:22.2316368Z Request headers:
2026-02-18T10:01:22.2316383Z     'Content-Type': 'application/json'
2026-02-18T10:01:22.2316401Z     'Content-Length': '3719'
2026-02-18T10:01:22.2316417Z     'Accept': 'application/json'
2026-02-18T10:01:22.2316494Z     'x-ms-client-request-id': 'c7474c68-0cb0-11f1-a748-0adf85178b07'
2026-02-18T10:01:22.2316514Z     'User-Agent': 'azsdk-python-azuremonitorclient/unknown Python/3.11.14 (Linux-6.6.119.3-1.azl3-x86_64-with-glibc2.31)'
2026-02-18T10:01:22.2316529Z A body is sent with the request
2026-02-18T10:01:22.3809008Z 2026-02-18 10:01:22,380 - azure.core.pipeline.policies.http_logging_policy - INFO - Response status: 200
2026-02-18T10:01:22.3810858Z Response headers:
2026-02-18T10:01:22.3810896Z     'Transfer-Encoding': 'chunked'
2026-02-18T10:01:22.3810914Z     'Content-Type': 'application/json; charset=utf-8'
2026-02-18T10:01:22.3810936Z     'Server': 'Microsoft-HTTPAPI/2.0'
2026-02-18T10:01:22.3810954Z     'Strict-Transport-Security': 'REDACTED'
2026-02-18T10:01:22.3810973Z     'X-Content-Type-Options': 'REDACTED'
2026-02-18T10:01:22.3810988Z     'Date': 'Wed, 18 Feb 2026 10:01:21 GMT'
2026-02-18T10:01:22.3815231Z 2026-02-18 10:01:22,381 - azure.monitor.opentelemetry.exporter.export._base - INFO - Transmission succeeded: Item received: 3. Items accepted: 3
2026-02-18T10:01:23.5956820Z 2026-02-18 10:01:23,595 - azure.core.pipeline.policies.http_logging_policy - INFO - Request URL: 'https://westus2-2.in.applicationinsights.azure.com//v2.1/track'
2026-02-18T10:01:23.5957142Z Request method: 'POST'
2026-02-18T10:01:23.5957167Z Request headers:
2026-02-18T10:01:23.5957185Z     'Content-Type': 'application/json'
2026-02-18T10:01:23.5957205Z     'Content-Length': '3720'
2026-02-18T10:01:23.5957228Z     'Accept': 'application/json'
2026-02-18T10:01:23.5957247Z     'x-ms-client-request-id': 'c8177488-0cb0-11f1-b7fb-0adf85178b07'
2026-02-18T10:01:23.5957267Z     'User-Agent': 'azsdk-python-azuremonitorclient/unknown Python/3.11.14 (Linux-6.6.119.3-1.azl3-x86_64-with-glibc2.31)'
2026-02-18T10:01:23.5957325Z A body is sent with the request
2026-02-18T10:01:23.6797152Z 2026-02-18 10:01:23,679 - azure.core.pipeline.policies.http_logging_policy - INFO - Response status: 200
2026-02-18T10:01:23.6797508Z Response headers:
2026-02-18T10:01:23.6797531Z     'Transfer-Encoding': 'chunked'
2026-02-18T10:01:23.6797554Z     'Content-Type': 'application/json; charset=utf-8'
2026-02-18T10:01:23.6797571Z     'Server': 'Microsoft-HTTPAPI/2.0'
2026-02-18T10:01:23.6797585Z     'Strict-Transport-Security': 'REDACTED'
2026-02-18T10:01:23.6797601Z     'X-Content-Type-Options': 'REDACTED'
2026-02-18T10:01:23.6797616Z     'Date': 'Wed, 18 Feb 2026 10:01:23 GMT'
2026-02-18T10:01:23.6809533Z 2026-02-18 10:01:23,679 - azure.monitor.opentelemetry.exporter.export._base - INFO - Transmission succeeded: Item received: 3. Items accepted: 3
2026-02-18T10:01:27.3831405Z 2026-02-18 10:01:27,382 - azure.core.pipeline.policies.http_logging_policy - INFO - Request URL: 'https://westus2-2.in.applicationinsights.azure.com//v2.1/track'
2026-02-18T10:01:27.3831724Z Request method: 'POST'
2026-02-18T10:01:27.3831747Z Request headers:
2026-02-18T10:01:27.3831764Z     'Content-Type': 'application/json'
2026-02-18T10:01:27.3831780Z     'Content-Length': '3720'
2026-02-18T10:01:27.3831801Z     'Accept': 'application/json'
2026-02-18T10:01:27.3831822Z     'x-ms-client-request-id': 'ca5953a6-0cb0-11f1-a748-0adf85178b07'
2026-02-18T10:01:27.3831846Z     'User-Agent': 'azsdk-python-azuremonitorclient/unknown Python/3.11.14 (Linux-6.6.119.3-1.azl3-x86_64-with-glibc2.31)'
2026-02-18T10:01:27.3831865Z A body is sent with the request
2026-02-18T10:01:27.5284000Z 2026-02-18 10:01:27,528 - azure.core.pipeline.policies.http_logging_policy - INFO - Response status: 200
2026-02-18T10:01:27.5284439Z Response headers:
2026-02-18T10:01:27.5284462Z     'Transfer-Encoding': 'chunked'
2026-02-18T10:01:27.5284478Z     'Content-Type': 'application/json; charset=utf-8'
2026-02-18T10:01:27.5284493Z     'Server': 'Microsoft-HTTPAPI/2.0'
2026-02-18T10:01:27.5284508Z     'Strict-Transport-Security': 'REDACTED'
2026-02-18T10:01:27.5284523Z     'X-Content-Type-Options': 'REDACTED'
2026-02-18T10:01:27.5284539Z     'Date': 'Wed, 18 Feb 2026 10:01:27 GMT'
2026-02-18T10:01:27.5288466Z 2026-02-18 10:01:27,528 - azure.monitor.opentelemetry.exporter.export._base - INFO - Transmission succeeded: Item received: 3. Items accepted: 3
2026-02-18T10:01:28.6825432Z 2026-02-18 10:01:28,682 - azure.core.pipeline.policies.http_logging_policy - INFO - Request URL: 'https://westus2-2.in.applicationinsights.azure.com//v2.1/track'
2026-02-18T10:01:28.6825719Z Request method: 'POST'
2026-02-18T10:01:28.6825800Z Request headers:
2026-02-18T10:01:28.6825823Z     'Content-Type': 'application/json'
2026-02-18T10:01:28.6825841Z     'Content-Length': '3720'
2026-02-18T10:01:28.6825860Z     'Accept': 'application/json'
2026-02-18T10:01:28.6825879Z     'x-ms-client-request-id': 'cb1fa498-0cb0-11f1-b7fb-0adf85178b07'
2026-02-18T10:01:28.6825902Z     'User-Agent': 'azsdk-python-azuremonitorclient/unknown Python/3.11.14 (Linux-6.6.119.3-1.azl3-x86_64-with-glibc2.31)'
2026-02-18T10:01:28.6825919Z A body is sent with the request
2026-02-18T10:01:28.8593841Z 2026-02-18 10:01:28,858 - azure.core.pipeline.policies.http_logging_policy - INFO - Response status: 200
2026-02-18T10:01:28.8594358Z Response headers:
2026-02-18T10:01:28.8594387Z     'Transfer-Encoding': 'chunked'
2026-02-18T10:01:28.8594409Z     'Content-Type': 'application/json; charset=utf-8'
2026-02-18T10:01:28.8594493Z     'Server': 'Microsoft-HTTPAPI/2.0'
2026-02-18T10:01:28.8594512Z     'Strict-Transport-Security': 'REDACTED'
2026-02-18T10:01:28.8594530Z     'X-Content-Type-Options': 'REDACTED'
2026-02-18T10:01:28.8594550Z     'Date': 'Wed, 18 Feb 2026 10:01:28 GMT'
2026-02-18T10:01:28.8594572Z 2026-02-18 10:01:28,858 - azure.monitor.opentelemetry.exporter.export._base - INFO - Transmission succeeded: Item received: 3. Items accepted: 3
2026-02-18T10:01:32.5305618Z 2026-02-18 10:01:32,530 - azure.core.pipeline.policies.http_logging_policy - INFO - Request URL: 'https://westus2-2.in.applicationinsights.azure.com//v2.1/track'
2026-02-18T10:01:32.5305933Z Request method: 'POST'
2026-02-18T10:01:32.5305958Z Request headers:
2026-02-18T10:01:32.5305977Z     'Content-Type': 'application/json'
2026-02-18T10:01:32.5305994Z     'Content-Length': '3719'
2026-02-18T10:01:32.5306070Z     'Accept': 'application/json'
2026-02-18T10:01:32.5306089Z     'x-ms-client-request-id': 'cd6aca84-0cb0-11f1-a748-0adf85178b07'
2026-02-18T10:01:32.5306110Z     'User-Agent': 'azsdk-python-azuremonitorclient/unknown Python/3.11.14 (Linux-6.6.119.3-1.azl3-x86_64-with-glibc2.31)'
2026-02-18T10:01:32.5306126Z A body is sent with the request
2026-02-18T10:01:32.6954536Z 2026-02-18 10:01:32,695 - azure.core.pipeline.policies.http_logging_policy - INFO - Response status: 200
2026-02-18T10:01:32.6954922Z Response headers:
2026-02-18T10:01:32.6954954Z     'Transfer-Encoding': 'chunked'
2026-02-18T10:01:32.6954979Z     'Content-Type': 'application/json; charset=utf-8'
2026-02-18T10:01:32.6955002Z     'Server': 'Microsoft-HTTPAPI/2.0'
2026-02-18T10:01:32.6955023Z     'Strict-Transport-Security': 'REDACTED'
2026-02-18T10:01:32.6955049Z     'X-Content-Type-Options': 'REDACTED'
2026-02-18T10:01:32.6955147Z     'Date': 'Wed, 18 Feb 2026 10:01:32 GMT'
2026-02-18T10:01:32.6961856Z 2026-02-18 10:01:32,695 - azure.monitor.opentelemetry.exporter.export._base - INFO - Transmission succeeded: Item received: 3. Items accepted: 3
2026-02-18T10:01:33.8606955Z 2026-02-18 10:01:33,860 - azure.core.pipeline.policies.http_logging_policy - INFO - Request URL: 'https://westus2-2.in.applicationinsights.azure.com//v2.1/track'
2026-02-18T10:01:33.8607524Z Request method: 'POST'
2026-02-18T10:01:33.8607551Z Request headers:
2026-02-18T10:01:33.8607572Z     'Content-Type': 'application/json'
2026-02-18T10:01:33.8607592Z     'Content-Length': '3720'
2026-02-18T10:01:33.8607611Z     'Accept': 'application/json'
2026-02-18T10:01:33.8607633Z     'x-ms-client-request-id': 'ce35c482-0cb0-11f1-b7fb-0adf85178b07'
2026-02-18T10:01:33.8607723Z     'User-Agent': 'azsdk-python-azuremonitorclient/unknown Python/3.11.14 (Linux-6.6.119.3-1.azl3-x86_64-with-glibc2.31)'
2026-02-18T10:01:33.8607742Z A body is sent with the request
2026-02-18T10:01:33.9142037Z 2026-02-18 10:01:33,913 - azure.core.pipeline.policies.http_logging_policy - INFO - Response status: 200
2026-02-18T10:01:33.9142368Z Response headers:
2026-02-18T10:01:33.9142396Z     'Transfer-Encoding': 'chunked'
2026-02-18T10:01:33.9142419Z     'Content-Type': 'application/json; charset=utf-8'
2026-02-18T10:01:33.9142437Z     'Server': 'Microsoft-HTTPAPI/2.0'
2026-02-18T10:01:33.9142452Z     'Strict-Transport-Security': 'REDACTED'
2026-02-18T10:01:33.9142470Z     'X-Content-Type-Options': 'REDACTED'
2026-02-18T10:01:33.9142486Z     'Date': 'Wed, 18 Feb 2026 10:01:33 GMT'
2026-02-18T10:01:33.9150895Z 2026-02-18 10:01:33,914 - azure.monitor.opentelemetry.exporter.export._base - INFO - Transmission succeeded: Item received: 3. Items accepted: 3
2026-02-18T10:01:37.6978941Z 2026-02-18 10:01:37,697 - azure.core.pipeline.policies.http_logging_policy - INFO - Request URL: 'https://westus2-2.in.applicationinsights.azure.com//v2.1/track'
2026-02-18T10:01:37.6979299Z Request method: 'POST'
2026-02-18T10:01:37.6979328Z Request headers:
2026-02-18T10:01:37.6979358Z     'Content-Type': 'application/json'
2026-02-18T10:01:37.6979380Z     'Content-Length': '3719'
2026-02-18T10:01:37.6979400Z     'Accept': 'application/json'
2026-02-18T10:01:37.6979423Z     'x-ms-client-request-id': 'd07f4588-0cb0-11f1-a748-0adf85178b07'
2026-02-18T10:01:37.6979449Z     'User-Agent': 'azsdk-python-azuremonitorclient/unknown Python/3.11.14 (Linux-6.6.119.3-1.azl3-x86_64-with-glibc2.31)'
2026-02-18T10:01:37.6979476Z A body is sent with the request
2026-02-18T10:01:37.8163029Z 2026-02-18 10:01:37,815 - azure.core.pipeline.policies.http_logging_policy - INFO - Response status: 200
2026-02-18T10:01:37.8163691Z Response headers:
2026-02-18T10:01:37.8163715Z     'Transfer-Encoding': 'chunked'
2026-02-18T10:01:37.8163734Z     'Content-Type': 'application/json; charset=utf-8'
2026-02-18T10:01:37.8163751Z     'Server': 'Microsoft-HTTPAPI/2.0'
2026-02-18T10:01:37.8163768Z     'Strict-Transport-Security': 'REDACTED'
2026-02-18T10:01:37.8163783Z     'X-Content-Type-Options': 'REDACTED'
2026-02-18T10:01:37.8163798Z     'Date': 'Wed, 18 Feb 2026 10:01:37 GMT'
2026-02-18T10:01:37.8163816Z 2026-02-18 10:01:37,815 - azure.monitor.opentelemetry.exporter.export._base - INFO - Transmission succeeded: Item received: 3. Items accepted: 3
2026-02-18T10:01:38.9162257Z 2026-02-18 10:01:38,916 - azure.core.pipeline.policies.http_logging_policy - INFO - Request URL: 'https://westus2-2.in.applicationinsights.azure.com//v2.1/track'
2026-02-18T10:01:38.9162542Z Request method: 'POST'
2026-02-18T10:01:38.9162630Z Request headers:
2026-02-18T10:01:38.9162647Z     'Content-Type': 'application/json'
2026-02-18T10:01:38.9162664Z     'Content-Length': '3720'
2026-02-18T10:01:38.9162681Z     'Accept': 'application/json'
2026-02-18T10:01:38.9162700Z     'x-ms-client-request-id': 'd1392f48-0cb0-11f1-b7fb-0adf85178b07'
2026-02-18T10:01:38.9162724Z     'User-Agent': 'azsdk-python-azuremonitorclient/unknown Python/3.11.14 (Linux-6.6.119.3-1.azl3-x86_64-with-glibc2.31)'
2026-02-18T10:01:38.9162743Z A body is sent with the request
2026-02-18T10:01:38.9922840Z 2026-02-18 10:01:38,992 - azure.core.pipeline.policies.http_logging_policy - INFO - Response status: 200
2026-02-18T10:01:38.9923149Z Response headers:
2026-02-18T10:01:38.9923181Z     'Transfer-Encoding': 'chunked'
2026-02-18T10:01:38.9923253Z     'Content-Type': 'application/json; charset=utf-8'
2026-02-18T10:01:38.9923279Z     'Server': 'Microsoft-HTTPAPI/2.0'
2026-02-18T10:01:38.9923299Z     'Strict-Transport-Security': 'REDACTED'
2026-02-18T10:01:38.9923319Z     'X-Content-Type-Options': 'REDACTED'
2026-02-18T10:01:38.9923340Z     'Date': 'Wed, 18 Feb 2026 10:01:38 GMT'
2026-02-18T10:01:38.9929766Z 2026-02-18 10:01:38,992 - azure.monitor.opentelemetry.exporter.export._base - INFO - Transmission succeeded: Item received: 3. Items accepted: 3
2026-02-18T10:01:42.8176415Z 2026-02-18 10:01:42,817 - azure.core.pipeline.policies.http_logging_policy - INFO - Request URL: 'https://westus2-2.in.applicationinsights.azure.com//v2.1/track'
2026-02-18T10:01:42.8177062Z Request method: 'POST'
2026-02-18T10:01:42.8177084Z Request headers:
2026-02-18T10:01:42.8177101Z     'Content-Type': 'application/json'
2026-02-18T10:01:42.8177117Z     'Content-Length': '3720'
2026-02-18T10:01:42.8177131Z     'Accept': 'application/json'
2026-02-18T10:01:42.8177147Z     'x-ms-client-request-id': 'd38c7ae8-0cb0-11f1-a748-0adf85178b07'
2026-02-18T10:01:42.8177168Z     'User-Agent': 'azsdk-python-azuremonitorclient/unknown Python/3.11.14 (Linux-6.6.119.3-1.azl3-x86_64-with-glibc2.31)'
2026-02-18T10:01:42.8177184Z A body is sent with the request
2026-02-18T10:01:42.9838280Z 2026-02-18 10:01:42,983 - azure.core.pipeline.policies.http_logging_policy - INFO - Response status: 200
2026-02-18T10:01:42.9840470Z Response headers:
2026-02-18T10:01:42.9840595Z     'Transfer-Encoding': 'chunked'
2026-02-18T10:01:42.9840617Z     'Content-Type': 'application/json; charset=utf-8'
2026-02-18T10:01:42.9840638Z     'Server': 'Microsoft-HTTPAPI/2.0'
2026-02-18T10:01:42.9840660Z     'Strict-Transport-Security': 'REDACTED'
2026-02-18T10:01:42.9840679Z     'X-Content-Type-Options': 'REDACTED'
2026-02-18T10:01:42.9840698Z     'Date': 'Wed, 18 Feb 2026 10:01:42 GMT'
2026-02-18T10:01:42.9845319Z 2026-02-18 10:01:42,984 - azure.monitor.opentelemetry.exporter.export._base - INFO - Transmission succeeded: Item received: 3. Items accepted: 3
2026-02-18T10:01:43.9944995Z 2026-02-18 10:01:43,994 - azure.core.pipeline.policies.http_logging_policy - INFO - Request URL: 'https://westus2-2.in.applicationinsights.azure.com//v2.1/track'
2026-02-18T10:01:43.9945356Z Request method: 'POST'
2026-02-18T10:01:43.9945385Z Request headers:
2026-02-18T10:01:43.9945470Z     'Content-Type': 'application/json'
2026-02-18T10:01:43.9945490Z     'Content-Length': '3718'
2026-02-18T10:01:43.9945510Z     'Accept': 'application/json'
2026-02-18T10:01:43.9945533Z     'x-ms-client-request-id': 'd4401026-0cb0-11f1-b7fb-0adf85178b07'
2026-02-18T10:01:43.9945557Z     'User-Agent': 'azsdk-python-azuremonitorclient/unknown Python/3.11.14 (Linux-6.6.119.3-1.azl3-x86_64-with-glibc2.31)'
2026-02-18T10:01:43.9945575Z A body is sent with the request
2026-02-18T10:01:44.0938958Z 2026-02-18 10:01:44,093 - azure.core.pipeline.policies.http_logging_policy - INFO - Response status: 200
2026-02-18T10:01:44.0939277Z Response headers:
2026-02-18T10:01:44.0939304Z     'Transfer-Encoding': 'chunked'
2026-02-18T10:01:44.0939326Z     'Content-Type': 'application/json; charset=utf-8'
2026-02-18T10:01:44.0939397Z     'Server': 'Microsoft-HTTPAPI/2.0'
2026-02-18T10:01:44.0939415Z     'Strict-Transport-Security': 'REDACTED'
2026-02-18T10:01:44.0939431Z     'X-Content-Type-Options': 'REDACTED'
2026-02-18T10:01:44.0939446Z     'Date': 'Wed, 18 Feb 2026 10:01:43 GMT'
2026-02-18T10:01:44.0945419Z 2026-02-18 10:01:44,094 - azure.monitor.opentelemetry.exporter.export._base - INFO - Transmission succeeded: Item received: 3. Items accepted: 3
2026-02-18T10:01:47.9860581Z 2026-02-18 10:01:47,985 - azure.core.pipeline.policies.http_logging_policy - INFO - Request URL: 'https://westus2-2.in.applicationinsights.azure.com//v2.1/track'
2026-02-18T10:01:47.9860891Z Request method: 'POST'
2026-02-18T10:01:47.9860913Z Request headers:
2026-02-18T10:01:47.9860936Z     'Content-Type': 'application/json'
2026-02-18T10:01:47.9860953Z     'Content-Length': '3720'
2026-02-18T10:01:47.9861026Z     'Accept': 'application/json'
2026-02-18T10:01:47.9861046Z     'x-ms-client-request-id': 'd6a120da-0cb0-11f1-a748-0adf85178b07'
2026-02-18T10:01:47.9861067Z     'User-Agent': 'azsdk-python-azuremonitorclient/unknown Python/3.11.14 (Linux-6.6.119.3-1.azl3-x86_64-with-glibc2.31)'
2026-02-18T10:01:47.9861086Z A body is sent with the request
2026-02-18T10:01:48.1134457Z 2026-02-18 10:01:48,113 - azure.core.pipeline.policies.http_logging_policy - INFO - Response status: 200
2026-02-18T10:01:48.1134796Z Response headers:
2026-02-18T10:01:48.1134825Z     'Transfer-Encoding': 'chunked'
2026-02-18T10:01:48.1134850Z     'Content-Type': 'application/json; charset=utf-8'
2026-02-18T10:01:48.1134873Z     'Server': 'Microsoft-HTTPAPI/2.0'
2026-02-18T10:01:48.1134895Z     'Strict-Transport-Security': 'REDACTED'
2026-02-18T10:01:48.1134913Z     'X-Content-Type-Options': 'REDACTED'
2026-02-18T10:01:48.1134988Z     'Date': 'Wed, 18 Feb 2026 10:01:47 GMT'
2026-02-18T10:01:48.1143016Z 2026-02-18 10:01:48,113 - azure.monitor.opentelemetry.exporter.export._base - INFO - Transmission succeeded: Item received: 3. Items accepted: 3
2026-02-18T10:01:49.0958845Z 2026-02-18 10:01:49,095 - azure.core.pipeline.policies.http_logging_policy - INFO - Request URL: 'https://westus2-2.in.applicationinsights.azure.com//v2.1/track'
2026-02-18T10:01:49.0959148Z Request method: 'POST'
2026-02-18T10:01:49.0959172Z Request headers:
2026-02-18T10:01:49.0959190Z     'Content-Type': 'application/json'
2026-02-18T10:01:49.0959206Z     'Content-Length': '3717'
2026-02-18T10:01:49.0959221Z     'Accept': 'application/json'
2026-02-18T10:01:49.0959242Z     'x-ms-client-request-id': 'd74a79dc-0cb0-11f1-b7fb-0adf85178b07'
2026-02-18T10:01:49.0959318Z     'User-Agent': 'azsdk-python-azuremonitorclient/unknown Python/3.11.14 (Linux-6.6.119.3-1.azl3-x86_64-with-glibc2.31)'
2026-02-18T10:01:49.0959338Z A body is sent with the request
2026-02-18T10:01:49.1785295Z 2026-02-18 10:01:49,177 - azure.core.pipeline.policies.http_logging_policy - INFO - Response status: 200
2026-02-18T10:01:49.1785820Z Response headers:
2026-02-18T10:01:49.1785844Z     'Transfer-Encoding': 'chunked'
2026-02-18T10:01:49.1785861Z     'Content-Type': 'application/json; charset=utf-8'
2026-02-18T10:01:49.1785876Z     'Server': 'Microsoft-HTTPAPI/2.0'
2026-02-18T10:01:49.1785892Z     'Strict-Transport-Security': 'REDACTED'
2026-02-18T10:01:49.1785910Z     'X-Content-Type-Options': 'REDACTED'
2026-02-18T10:01:49.1785928Z     'Date': 'Wed, 18 Feb 2026 10:01:48 GMT'
2026-02-18T10:01:49.1785950Z 2026-02-18 10:01:49,178 - azure.monitor.opentelemetry.exporter.export._base - INFO - Transmission succeeded: Item received: 3. Items accepted: 3
2026-02-18T10:01:53.1158357Z 2026-02-18 10:01:53,115 - azure.core.pipeline.policies.http_logging_policy - INFO - Request URL: 'https://westus2-2.in.applicationinsights.azure.com//v2.1/track'
2026-02-18T10:01:53.1158846Z Request method: 'POST'
2026-02-18T10:01:53.1158877Z Request headers:
2026-02-18T10:01:53.1158895Z     'Content-Type': 'application/json'
2026-02-18T10:01:53.1158912Z     'Content-Length': '3720'
2026-02-18T10:01:53.1158929Z     'Accept': 'application/json'
2026-02-18T10:01:53.1158943Z     'x-ms-client-request-id': 'd9afdb9a-0cb0-11f1-a748-0adf85178b07'
2026-02-18T10:01:53.1158966Z     'User-Agent': 'azsdk-python-azuremonitorclient/unknown Python/3.11.14 (Linux-6.6.119.3-1.azl3-x86_64-with-glibc2.31)'
2026-02-18T10:01:53.1158984Z A body is sent with the request
2026-02-18T10:01:53.1981272Z 2026-02-18 10:01:53,197 - azure.core.pipeline.policies.http_logging_policy - INFO - Response status: 200
2026-02-18T10:01:53.1981709Z Response headers:
2026-02-18T10:01:53.1981739Z     'Transfer-Encoding': 'chunked'
2026-02-18T10:01:53.1981769Z     'Content-Type': 'application/json; charset=utf-8'
2026-02-18T10:01:53.1981789Z     'Server': 'Microsoft-HTTPAPI/2.0'
2026-02-18T10:01:53.1981810Z     'Strict-Transport-Security': 'REDACTED'
2026-02-18T10:01:53.1981832Z     'X-Content-Type-Options': 'REDACTED'
2026-02-18T10:01:53.1981853Z     'Date': 'Wed, 18 Feb 2026 10:01:52 GMT'
2026-02-18T10:01:53.1986968Z 2026-02-18 10:01:53,198 - azure.monitor.opentelemetry.exporter.export._base - INFO - Transmission succeeded: Item received: 3. Items accepted: 3
2026-02-18T10:01:54.1809416Z 2026-02-18 10:01:54,180 - azure.core.pipeline.policies.http_logging_policy - INFO - Request URL: 'https://westus2-2.in.applicationinsights.azure.com//v2.1/track'
2026-02-18T10:01:54.1809717Z Request method: 'POST'
2026-02-18T10:01:54.1809796Z Request headers:
2026-02-18T10:01:54.1809814Z     'Content-Type': 'application/json'
2026-02-18T10:01:54.1809830Z     'Content-Length': '3720'
2026-02-18T10:01:54.1809845Z     'Accept': 'application/json'
2026-02-18T10:01:54.1809863Z     'x-ms-client-request-id': 'da52650e-0cb0-11f1-b7fb-0adf85178b07'
2026-02-18T10:01:54.1809881Z     'User-Agent': 'azsdk-python-azuremonitorclient/unknown Python/3.11.14 (Linux-6.6.119.3-1.azl3-x86_64-with-glibc2.31)'
2026-02-18T10:01:54.1809896Z A body is sent with the request
2026-02-18T10:01:54.2556870Z 2026-02-18 10:01:54,255 - azure.core.pipeline.policies.http_logging_policy - INFO - Response status: 200
2026-02-18T10:01:54.2557216Z Response headers:
2026-02-18T10:01:54.2557240Z     'Transfer-Encoding': 'chunked'
2026-02-18T10:01:54.2557319Z     'Content-Type': 'application/json; charset=utf-8'
2026-02-18T10:01:54.2557339Z     'Server': 'Microsoft-HTTPAPI/2.0'
2026-02-18T10:01:54.2557358Z     'Strict-Transport-Security': 'REDACTED'
2026-02-18T10:01:54.2557374Z     'X-Content-Type-Options': 'REDACTED'
2026-02-18T10:01:54.2557388Z     'Date': 'Wed, 18 Feb 2026 10:01:53 GMT'
2026-02-18T10:01:54.2564125Z 2026-02-18 10:01:54,255 - azure.monitor.opentelemetry.exporter.export._base - INFO - Transmission succeeded: Item received: 3. Items accepted: 3
2026-02-18T10:01:58.2005432Z 2026-02-18 10:01:58,200 - azure.core.pipeline.policies.http_logging_policy - INFO - Request URL: 'https://westus2-2.in.applicationinsights.azure.com//v2.1/track'
2026-02-18T10:01:58.2005834Z Request method: 'POST'
2026-02-18T10:01:58.2005860Z Request headers:
2026-02-18T10:01:58.2005882Z     'Content-Type': 'application/json'
2026-02-18T10:01:58.2005966Z     'Content-Length': '3719'
2026-02-18T10:01:58.2005985Z     'Accept': 'application/json'
2026-02-18T10:01:58.2006006Z     'x-ms-client-request-id': 'dcb7ba74-0cb0-11f1-a748-0adf85178b07'
2026-02-18T10:01:58.2006025Z     'User-Agent': 'azsdk-python-azuremonitorclient/unknown Python/3.11.14 (Linux-6.6.119.3-1.azl3-x86_64-with-glibc2.31)'
2026-02-18T10:01:58.2006041Z A body is sent with the request
2026-02-18T10:01:58.3355198Z 2026-02-18 10:01:58,335 - azure.core.pipeline.policies.http_logging_policy - INFO - Response status: 200
2026-02-18T10:01:58.3355860Z Response headers:
2026-02-18T10:01:58.3355889Z     'Transfer-Encoding': 'chunked'
2026-02-18T10:01:58.3355906Z     'Content-Type': 'application/json; charset=utf-8'
2026-02-18T10:01:58.3355929Z     'Server': 'Microsoft-HTTPAPI/2.0'
2026-02-18T10:01:58.3355946Z     'Strict-Transport-Security': 'REDACTED'
2026-02-18T10:01:58.3356020Z     'X-Content-Type-Options': 'REDACTED'
2026-02-18T10:01:58.3356040Z     'Date': 'Wed, 18 Feb 2026 10:01:57 GMT'
2026-02-18T10:01:58.3362270Z 2026-02-18 10:01:58,335 - azure.monitor.opentelemetry.exporter.export._base - INFO - Transmission succeeded: Item received: 3. Items accepted: 3
2026-02-18T10:01:59.2577740Z 2026-02-18 10:01:59,257 - azure.core.pipeline.policies.http_logging_policy - INFO - Request URL: 'https://westus2-2.in.applicationinsights.azure.com//v2.1/track'
2026-02-18T10:01:59.2578037Z Request method: 'POST'
2026-02-18T10:01:59.2578058Z Request headers:
2026-02-18T10:01:59.2578076Z     'Content-Type': 'application/json'
2026-02-18T10:01:59.2578096Z     'Content-Length': '3720'
2026-02-18T10:01:59.2578115Z     'Accept': 'application/json'
2026-02-18T10:01:59.2578136Z     'x-ms-client-request-id': 'dd590e24-0cb0-11f1-b7fb-0adf85178b07'
2026-02-18T10:01:59.2578223Z     'User-Agent': 'azsdk-python-azuremonitorclient/unknown Python/3.11.14 (Linux-6.6.119.3-1.azl3-x86_64-with-glibc2.31)'
2026-02-18T10:01:59.2578243Z A body is sent with the request
2026-02-18T10:01:59.4557273Z 2026-02-18 10:01:59,454 - azure.core.pipeline.policies.http_logging_policy - INFO - Response status: 200
2026-02-18T10:01:59.4557565Z Response headers:
2026-02-18T10:01:59.4557589Z     'Transfer-Encoding': 'chunked'
2026-02-18T10:01:59.4557615Z     'Content-Type': 'application/json; charset=utf-8'
2026-02-18T10:01:59.4557636Z     'Server': 'Microsoft-HTTPAPI/2.0'
2026-02-18T10:01:59.4557657Z     'Strict-Transport-Security': 'REDACTED'
2026-02-18T10:01:59.4557676Z     'X-Content-Type-Options': 'REDACTED'
2026-02-18T10:01:59.4557696Z     'Date': 'Wed, 18 Feb 2026 10:01:58 GMT'
2026-02-18T10:01:59.4557775Z 2026-02-18 10:01:59,455 - azure.monitor.opentelemetry.exporter.export._base - INFO - Transmission succeeded: Item received: 3. Items accepted: 3
2026-02-18T10:02:03.3376621Z 2026-02-18 10:02:03,337 - azure.core.pipeline.policies.http_logging_policy - INFO - Request URL: 'https://westus2-2.in.applicationinsights.azure.com//v2.1/track'
2026-02-18T10:02:03.3376933Z Request method: 'POST'
2026-02-18T10:02:03.3376958Z Request headers:
2026-02-18T10:02:03.3376975Z     'Content-Type': 'application/json'
2026-02-18T10:02:03.3376996Z     'Content-Length': '3720'
2026-02-18T10:02:03.3377017Z     'Accept': 'application/json'
2026-02-18T10:02:03.3377040Z     'x-ms-client-request-id': 'dfc798c4-0cb0-11f1-a748-0adf85178b07'
2026-02-18T10:02:03.3377063Z     'User-Agent': 'azsdk-python-azuremonitorclient/unknown Python/3.11.14 (Linux-6.6.119.3-1.azl3-x86_64-with-glibc2.31)'
2026-02-18T10:02:03.3377082Z A body is sent with the request
2026-02-18T10:02:03.4192222Z 2026-02-18 10:02:03,419 - azure.core.pipeline.policies.http_logging_policy - INFO - Response status: 200
2026-02-18T10:02:03.4192785Z Response headers:
2026-02-18T10:02:03.4192810Z     'Transfer-Encoding': 'chunked'
2026-02-18T10:02:03.4192830Z     'Content-Type': 'application/json; charset=utf-8'
2026-02-18T10:02:03.4192850Z     'Server': 'Microsoft-HTTPAPI/2.0'
2026-02-18T10:02:03.4192867Z     'Strict-Transport-Security': 'REDACTED'
2026-02-18T10:02:03.4192883Z     'X-Content-Type-Options': 'REDACTED'
2026-02-18T10:02:03.4192898Z     'Date': 'Wed, 18 Feb 2026 10:02:02 GMT'
2026-02-18T10:02:03.4197379Z 2026-02-18 10:02:03,419 - azure.monitor.opentelemetry.exporter.export._base - INFO - Transmission succeeded: Item received: 3. Items accepted: 3
2026-02-18T10:02:04.4572715Z 2026-02-18 10:02:04,457 - azure.core.pipeline.policies.http_logging_policy - INFO - Request URL: 'https://westus2-2.in.applicationinsights.azure.com//v2.1/track'
2026-02-18T10:02:04.4573176Z Request method: 'POST'
2026-02-18T10:02:04.4573200Z Request headers:
2026-02-18T10:02:04.4573218Z     'Content-Type': 'application/json'
2026-02-18T10:02:04.4573239Z     'Content-Length': '3719'
2026-02-18T10:02:04.4573255Z     'Accept': 'application/json'
2026-02-18T10:02:04.4573271Z     'x-ms-client-request-id': 'e0726f92-0cb0-11f1-b7fb-0adf85178b07'
2026-02-18T10:02:04.4573294Z     'User-Agent': 'azsdk-python-azuremonitorclient/unknown Python/3.11.14 (Linux-6.6.119.3-1.azl3-x86_64-with-glibc2.31)'
2026-02-18T10:02:04.4573310Z A body is sent with the request
2026-02-18T10:02:04.5312017Z 2026-02-18 10:02:04,531 - azure.core.pipeline.policies.http_logging_policy - INFO - Response status: 200
2026-02-18T10:02:04.5312298Z Response headers:
2026-02-18T10:02:04.5312321Z     'Transfer-Encoding': 'chunked'
2026-02-18T10:02:04.5312394Z     'Content-Type': 'application/json; charset=utf-8'
2026-02-18T10:02:04.5312412Z     'Server': 'Microsoft-HTTPAPI/2.0'
2026-02-18T10:02:04.5312427Z     'Strict-Transport-Security': 'REDACTED'
2026-02-18T10:02:04.5312443Z     'X-Content-Type-Options': 'REDACTED'
2026-02-18T10:02:04.5312459Z     'Date': 'Wed, 18 Feb 2026 10:02:03 GMT'
2026-02-18T10:02:04.5317805Z 2026-02-18 10:02:04,531 - azure.monitor.opentelemetry.exporter.export._base - INFO - Transmission succeeded: Item received: 3. Items accepted: 3
2026-02-18T10:02:08.4321068Z 2026-02-18 10:02:08,431 - azure.core.pipeline.policies.http_logging_policy - INFO - Request URL: 'https://westus2-2.in.applicationinsights.azure.com//v2.1/track'
2026-02-18T10:02:08.4321432Z Request method: 'POST'
2026-02-18T10:02:08.4321459Z Request headers:
2026-02-18T10:02:08.4321564Z     'Content-Type': 'application/json'
2026-02-18T10:02:08.4321587Z     'Content-Length': '3719'
2026-02-18T10:02:08.4321606Z     'Accept': 'application/json'
2026-02-18T10:02:08.4321627Z     'x-ms-client-request-id': 'e2d0f236-0cb0-11f1-a748-0adf85178b07'
2026-02-18T10:02:08.4321648Z     'User-Agent': 'azsdk-python-azuremonitorclient/unknown Python/3.11.14 (Linux-6.6.119.3-1.azl3-x86_64-with-glibc2.31)'
2026-02-18T10:02:08.4321664Z A body is sent with the request
2026-02-18T10:02:08.5120319Z 2026-02-18 10:02:08,511 - azure.core.pipeline.policies.http_logging_policy - INFO - Response status: 200
2026-02-18T10:02:08.5120678Z Response headers:
2026-02-18T10:02:08.5120702Z     'Transfer-Encoding': 'chunked'
2026-02-18T10:02:08.5120724Z     'Content-Type': 'application/json; charset=utf-8'
2026-02-18T10:02:08.5120741Z     'Server': 'Microsoft-HTTPAPI/2.0'
2026-02-18T10:02:08.5120815Z     'Strict-Transport-Security': 'REDACTED'
2026-02-18T10:02:08.5120834Z     'X-Content-Type-Options': 'REDACTED'
2026-02-18T10:02:08.5120851Z     'Date': 'Wed, 18 Feb 2026 10:02:07 GMT'
2026-02-18T10:02:08.5127226Z 2026-02-18 10:02:08,512 - azure.monitor.opentelemetry.exporter.export._base - INFO - Transmission succeeded: Item received: 3. Items accepted: 3
2026-02-18T10:02:09.5406499Z 2026-02-18 10:02:09,540 - azure.core.pipeline.policies.http_logging_policy - INFO - Request URL: 'https://westus2-2.in.applicationinsights.azure.com//v2.1/track'
2026-02-18T10:02:09.5406870Z Request method: 'POST'
2026-02-18T10:02:09.5406893Z Request headers:
2026-02-18T10:02:09.5406909Z     'Content-Type': 'application/json'
2026-02-18T10:02:09.5406924Z     'Content-Length': '3720'
2026-02-18T10:02:09.5406940Z     'Accept': 'application/json'
2026-02-18T10:02:09.5407030Z     'x-ms-client-request-id': 'e37a1942-0cb0-11f1-b7fb-0adf85178b07'
2026-02-18T10:02:09.5407057Z     'User-Agent': 'azsdk-python-azuremonitorclient/unknown Python/3.11.14 (Linux-6.6.119.3-1.azl3-x86_64-with-glibc2.31)'
2026-02-18T10:02:09.5407077Z A body is sent with the request
2026-02-18T10:02:09.9786631Z 2026-02-18 10:02:09,978 - azure.core.pipeline.policies.http_logging_policy - INFO - Response status: 200
2026-02-18T10:02:09.9787189Z Response headers:
2026-02-18T10:02:09.9787219Z     'Transfer-Encoding': 'chunked'
2026-02-18T10:02:09.9787237Z     'Content-Type': 'application/json; charset=utf-8'
2026-02-18T10:02:09.9787253Z     'Server': 'Microsoft-HTTPAPI/2.0'
2026-02-18T10:02:09.9787268Z     'Strict-Transport-Security': 'REDACTED'
2026-02-18T10:02:09.9787285Z     'X-Content-Type-Options': 'REDACTED'
2026-02-18T10:02:09.9787302Z     'Date': 'Wed, 18 Feb 2026 10:02:08 GMT'
2026-02-18T10:02:09.9817615Z 2026-02-18 10:02:09,979 - azure.monitor.opentelemetry.exporter.export._base - INFO - Transmission succeeded: Item received: 3. Items accepted: 3
2026-02-18T10:02:13.5323837Z 2026-02-18 10:02:13,532 - azure.core.pipeline.policies.http_logging_policy - INFO - Request URL: 'https://westus2-2.in.applicationinsights.azure.com//v2.1/track'
2026-02-18T10:02:13.5324160Z Request method: 'POST'
2026-02-18T10:02:13.5324185Z Request headers:
2026-02-18T10:02:13.5324206Z     'Content-Type': 'application/json'
2026-02-18T10:02:13.5324223Z     'Content-Length': '3720'
2026-02-18T10:02:13.5324240Z     'Accept': 'application/json'
2026-02-18T10:02:13.5324258Z     'x-ms-client-request-id': 'e5da92c0-0cb0-11f1-a748-0adf85178b07'
2026-02-18T10:02:13.5324277Z     'User-Agent': 'azsdk-python-azuremonitorclient/unknown Python/3.11.14 (Linux-6.6.119.3-1.azl3-x86_64-with-glibc2.31)'
2026-02-18T10:02:13.5324351Z A body is sent with the request
2026-02-18T10:02:13.7364219Z 2026-02-18 10:02:13,733 - azure.core.pipeline.policies.http_logging_policy - INFO - Response status: 200
2026-02-18T10:02:13.7364514Z Response headers:
2026-02-18T10:02:13.7364539Z     'Transfer-Encoding': 'chunked'
2026-02-18T10:02:13.7364560Z     'Content-Type': 'application/json; charset=utf-8'
2026-02-18T10:02:13.7364578Z     'Server': 'Microsoft-HTTPAPI/2.0'
2026-02-18T10:02:13.7364596Z     'Strict-Transport-Security': 'REDACTED'
2026-02-18T10:02:13.7364615Z     'X-Content-Type-Options': 'REDACTED'
2026-02-18T10:02:13.7364641Z     'Date': 'Wed, 18 Feb 2026 10:02:13 GMT'
2026-02-18T10:02:13.7442482Z 2026-02-18 10:02:13,743 - azure.monitor.opentelemetry.exporter.export._base - INFO - Transmission succeeded: Item received: 3. Items accepted: 3
2026-02-18T10:02:15.0102129Z 2026-02-18 10:02:15,010 - azure.core.pipeline.policies.http_logging_policy - INFO - Request URL: 'https://westus2-2.in.applicationinsights.azure.com//v2.1/track'
2026-02-18T10:02:15.0102484Z Request method: 'POST'
2026-02-18T10:02:15.0102508Z Request headers:
2026-02-18T10:02:15.0102528Z     'Content-Type': 'application/json'
2026-02-18T10:02:15.0102545Z     'Content-Length': '3720'
2026-02-18T10:02:15.0102562Z     'Accept': 'application/json'
2026-02-18T10:02:15.0102584Z     'x-ms-client-request-id': 'e6bbe3b0-0cb0-11f1-b7fb-0adf85178b07'
2026-02-18T10:02:15.0102616Z     'User-Agent': 'azsdk-python-azuremonitorclient/unknown Python/3.11.14 (Linux-6.6.119.3-1.azl3-x86_64-with-glibc2.31)'
2026-02-18T10:02:15.0102634Z A body is sent with the request
2026-02-18T10:02:15.4294569Z 2026-02-18 10:02:15,425 - azure.core.pipeline.policies.http_logging_policy - INFO - Response status: 200
2026-02-18T10:02:15.4295122Z Response headers:
2026-02-18T10:02:15.4295153Z     'Transfer-Encoding': 'chunked'
2026-02-18T10:02:15.4295174Z     'Content-Type': 'application/json; charset=utf-8'
2026-02-18T10:02:15.4295193Z     'Server': 'Microsoft-HTTPAPI/2.0'
2026-02-18T10:02:15.4295211Z     'Strict-Transport-Security': 'REDACTED'
2026-02-18T10:02:15.4295228Z     'X-Content-Type-Options': 'REDACTED'
2026-02-18T10:02:15.4295244Z     'Date': 'Wed, 18 Feb 2026 10:02:15 GMT'
2026-02-18T10:02:15.4295267Z 2026-02-18 10:02:15,428 - azure.monitor.opentelemetry.exporter.export._base - INFO - Transmission succeeded: Item received: 3. Items accepted: 3
2026-02-18T10:02:18.7451413Z 2026-02-18 10:02:18,744 - azure.core.pipeline.policies.http_logging_policy - INFO - Request URL: 'https://westus2-2.in.applicationinsights.azure.com//v2.1/track'
2026-02-18T10:02:18.7451782Z Request method: 'POST'
2026-02-18T10:02:18.7451804Z Request headers:
2026-02-18T10:02:18.7451885Z     'Content-Type': 'application/json'
2026-02-18T10:02:18.7451900Z     'Content-Length': '3719'
2026-02-18T10:02:18.7451914Z     'Accept': 'application/json'
2026-02-18T10:02:18.7451930Z     'x-ms-client-request-id': 'e8f6971a-0cb0-11f1-a748-0adf85178b07'
2026-02-18T10:02:18.7451950Z     'User-Agent': 'azsdk-python-azuremonitorclient/unknown Python/3.11.14 (Linux-6.6.119.3-1.azl3-x86_64-with-glibc2.31)'
2026-02-18T10:02:18.7451968Z A body is sent with the request
2026-02-18T10:02:18.8079223Z 2026-02-18 10:02:18,807 - azure.core.pipeline.policies.http_logging_policy - INFO - Response status: 200
2026-02-18T10:02:18.8079960Z Response headers:
2026-02-18T10:02:18.8079990Z     'Transfer-Encoding': 'chunked'
2026-02-18T10:02:18.8080012Z     'Content-Type': 'application/json; charset=utf-8'
2026-02-18T10:02:18.8080081Z     'Server': 'Microsoft-HTTPAPI/2.0'
2026-02-18T10:02:18.8080096Z     'Strict-Transport-Security': 'REDACTED'
2026-02-18T10:02:18.8080111Z     'X-Content-Type-Options': 'REDACTED'
2026-02-18T10:02:18.8080124Z     'Date': 'Wed, 18 Feb 2026 10:02:18 GMT'
2026-02-18T10:02:18.8085877Z 2026-02-18 10:02:18,808 - azure.monitor.opentelemetry.exporter.export._base - INFO - Transmission succeeded: Item received: 3. Items accepted: 3
2026-02-18T10:02:20.4310434Z 2026-02-18 10:02:20,430 - azure.core.pipeline.policies.http_logging_policy - INFO - Request URL: 'https://westus2-2.in.applicationinsights.azure.com//v2.1/track'
2026-02-18T10:02:20.4310928Z Request method: 'POST'
2026-02-18T10:02:20.4310960Z Request headers:
2026-02-18T10:02:20.4310995Z     'Content-Type': 'application/json'
2026-02-18T10:02:20.4311015Z     'Content-Length': '3720'
2026-02-18T10:02:20.4311100Z     'Accept': 'application/json'
2026-02-18T10:02:20.4311123Z     'x-ms-client-request-id': 'e9f7d3fe-0cb0-11f1-b7fb-0adf85178b07'
2026-02-18T10:02:20.4311150Z     'User-Agent': 'azsdk-python-azuremonitorclient/unknown Python/3.11.14 (Linux-6.6.119.3-1.azl3-x86_64-with-glibc2.31)'
2026-02-18T10:02:20.4311169Z A body is sent with the request
2026-02-18T10:02:20.5022438Z 2026-02-18 10:02:20,502 - azure.core.pipeline.policies.http_logging_policy - INFO - Response status: 200
2026-02-18T10:02:20.5022850Z Response headers:
2026-02-18T10:02:20.5022875Z     'Transfer-Encoding': 'chunked'
2026-02-18T10:02:20.5022894Z     'Content-Type': 'application/json; charset=utf-8'
2026-02-18T10:02:20.5022916Z     'Server': 'Microsoft-HTTPAPI/2.0'
2026-02-18T10:02:20.5022933Z     'Strict-Transport-Security': 'REDACTED'
2026-02-18T10:02:20.5022951Z     'X-Content-Type-Options': 'REDACTED'
2026-02-18T10:02:20.5023019Z     'Date': 'Wed, 18 Feb 2026 10:02:20 GMT'
2026-02-18T10:02:20.5027805Z 2026-02-18 10:02:20,502 - azure.monitor.opentelemetry.exporter.export._base - INFO - Transmission succeeded: Item received: 3. Items accepted: 3
2026-02-18T10:02:23.8107276Z 2026-02-18 10:02:23,810 - azure.core.pipeline.policies.http_logging_policy - INFO - Request URL: 'https://westus2-2.in.applicationinsights.azure.com//v2.1/track'
2026-02-18T10:02:23.8107622Z Request method: 'POST'
2026-02-18T10:02:23.8107646Z Request headers:
2026-02-18T10:02:23.8107664Z     'Content-Type': 'application/json'
2026-02-18T10:02:23.8107685Z     'Content-Length': '3719'
2026-02-18T10:02:23.8107705Z     'Accept': 'application/json'
2026-02-18T10:02:23.8107724Z     'x-ms-client-request-id': 'ebfb8560-0cb0-11f1-a748-0adf85178b07'
2026-02-18T10:02:23.8107806Z     'User-Agent': 'azsdk-python-azuremonitorclient/unknown Python/3.11.14 (Linux-6.6.119.3-1.azl3-x86_64-with-glibc2.31)'
2026-02-18T10:02:23.8107825Z A body is sent with the request
2026-02-18T10:02:23.8728371Z 2026-02-18 10:02:23,872 - azure.core.pipeline.policies.http_logging_policy - INFO - Response status: 200
2026-02-18T10:02:23.8728710Z Response headers:
2026-02-18T10:02:23.8728735Z     'Transfer-Encoding': 'chunked'
2026-02-18T10:02:23.8728761Z     'Content-Type': 'application/json; charset=utf-8'
2026-02-18T10:02:23.8728779Z     'Server': 'Microsoft-HTTPAPI/2.0'
2026-02-18T10:02:23.8728803Z     'Strict-Transport-Security': 'REDACTED'
2026-02-18T10:02:23.8728823Z     'X-Content-Type-Options': 'REDACTED'
2026-02-18T10:02:23.8728839Z     'Date': 'Wed, 18 Feb 2026 10:02:23 GMT'
2026-02-18T10:02:23.8735482Z 2026-02-18 10:02:23,873 - azure.monitor.opentelemetry.exporter.export._base - INFO - Transmission succeeded: Item received: 3. Items accepted: 3
2026-02-18T10:02:25.5150822Z 2026-02-18 10:02:25,511 - azure.core.pipeline.policies.http_logging_policy - INFO - Request URL: 'https://westus2-2.in.applicationinsights.azure.com//v2.1/track'
2026-02-18T10:02:25.5151037Z Request method: 'POST'
2026-02-18T10:02:25.5151061Z Request headers:
2026-02-18T10:02:25.5151082Z     'Content-Type': 'application/json'
2026-02-18T10:02:25.5151102Z     'Content-Length': '3718'
2026-02-18T10:02:25.5151118Z     'Accept': 'application/json'
2026-02-18T10:02:25.5151141Z     'x-ms-client-request-id': 'ecff1efe-0cb0-11f1-b7fb-0adf85178b07'
2026-02-18T10:02:25.5151162Z     'User-Agent': 'azsdk-python-azuremonitorclient/unknown Python/3.11.14 (Linux-6.6.119.3-1.azl3-x86_64-with-glibc2.31)'
2026-02-18T10:02:25.5151178Z A body is sent with the request
2026-02-18T10:02:25.6520968Z 2026-02-18 10:02:25,651 - azure.core.pipeline.policies.http_logging_policy - INFO - Response status: 200
2026-02-18T10:02:25.6521318Z Response headers:
2026-02-18T10:02:25.6521337Z     'Transfer-Encoding': 'chunked'
2026-02-18T10:02:25.6521355Z     'Content-Type': 'application/json; charset=utf-8'
2026-02-18T10:02:25.6521372Z     'Server': 'Microsoft-HTTPAPI/2.0'
2026-02-18T10:02:25.6521388Z     'Strict-Transport-Security': 'REDACTED'
2026-02-18T10:02:25.6521406Z     'X-Content-Type-Options': 'REDACTED'
2026-02-18T10:02:25.6521424Z     'Date': 'Wed, 18 Feb 2026 10:02:25 GMT'
2026-02-18T10:02:25.6607830Z 2026-02-18 10:02:25,653 - azure.monitor.opentelemetry.exporter.export._base - INFO - Transmission succeeded: Item received: 3. Items accepted: 3
2026-02-18T10:02:28.8849706Z 2026-02-18 10:02:28,882 - azure.core.pipeline.policies.http_logging_policy - INFO - Request URL: 'https://westus2-2.in.applicationinsights.azure.com//v2.1/track'
2026-02-18T10:02:28.8850119Z Request method: 'POST'
2026-02-18T10:02:28.8850138Z Request headers:
2026-02-18T10:02:28.8850156Z     'Content-Type': 'application/json'
2026-02-18T10:02:28.8850171Z     'Content-Length': '3719'
2026-02-18T10:02:28.8850188Z     'Accept': 'application/json'
2026-02-18T10:02:28.8850206Z     'x-ms-client-request-id': 'ef016482-0cb0-11f1-a748-0adf85178b07'
2026-02-18T10:02:28.8850229Z     'User-Agent': 'azsdk-python-azuremonitorclient/unknown Python/3.11.14 (Linux-6.6.119.3-1.azl3-x86_64-with-glibc2.31)'
2026-02-18T10:02:28.8850246Z A body is sent with the request
2026-02-18T10:02:28.9356940Z 2026-02-18 10:02:28,933 - azure.core.pipeline.policies.http_logging_policy - INFO - Response status: 200
2026-02-18T10:02:28.9357285Z Response headers:
2026-02-18T10:02:28.9357310Z     'Transfer-Encoding': 'chunked'
2026-02-18T10:02:28.9357393Z     'Content-Type': 'application/json; charset=utf-8'
2026-02-18T10:02:28.9357410Z     'Server': 'Microsoft-HTTPAPI/2.0'
2026-02-18T10:02:28.9357426Z     'Strict-Transport-Security': 'REDACTED'
2026-02-18T10:02:28.9357443Z     'X-Content-Type-Options': 'REDACTED'
2026-02-18T10:02:28.9357462Z     'Date': 'Wed, 18 Feb 2026 10:02:28 GMT'
2026-02-18T10:02:28.9454043Z 2026-02-18 10:02:28,943 - azure.monitor.opentelemetry.exporter.export._base - INFO - Transmission succeeded: Item received: 3. Items accepted: 3
2026-02-18T10:02:30.6753505Z 2026-02-18 10:02:30,674 - azure.core.pipeline.policies.http_logging_policy - INFO - Request URL: 'https://westus2-2.in.applicationinsights.azure.com//v2.1/track'
2026-02-18T10:02:30.6753815Z Request method: 'POST'
2026-02-18T10:02:30.6753839Z Request headers:
2026-02-18T10:02:30.6753861Z     'Content-Type': 'application/json'
2026-02-18T10:02:30.6753939Z     'Content-Length': '3720'
2026-02-18T10:02:30.6753959Z     'Accept': 'application/json'
2026-02-18T10:02:30.6753981Z     'x-ms-client-request-id': 'f012f084-0cb0-11f1-b7fb-0adf85178b07'
2026-02-18T10:02:30.6754004Z     'User-Agent': 'azsdk-python-azuremonitorclient/unknown Python/3.11.14 (Linux-6.6.119.3-1.azl3-x86_64-with-glibc2.31)'
2026-02-18T10:02:30.6754024Z A body is sent with the request
2026-02-18T10:02:30.7443377Z 2026-02-18 10:02:30,743 - azure.core.pipeline.policies.http_logging_policy - INFO - Response status: 200
2026-02-18T10:02:30.7444107Z Response headers:
2026-02-18T10:02:30.7444141Z     'Transfer-Encoding': 'chunked'
2026-02-18T10:02:30.7444162Z     'Content-Type': 'application/json; charset=utf-8'
2026-02-18T10:02:30.7444178Z     'Server': 'Microsoft-HTTPAPI/2.0'
2026-02-18T10:02:30.7444261Z     'Strict-Transport-Security': 'REDACTED'
2026-02-18T10:02:30.7444277Z     'X-Content-Type-Options': 'REDACTED'
2026-02-18T10:02:30.7444294Z     'Date': 'Wed, 18 Feb 2026 10:02:30 GMT'
2026-02-18T10:02:30.7444319Z 2026-02-18 10:02:30,743 - azure.monitor.opentelemetry.exporter.export._base - INFO - Transmission succeeded: Item received: 3. Items accepted: 3
2026-02-18T10:02:33.9468045Z 2026-02-18 10:02:33,946 - azure.core.pipeline.policies.http_logging_policy - INFO - Request URL: 'https://westus2-2.in.applicationinsights.azure.com//v2.1/track'
2026-02-18T10:02:33.9468380Z Request method: 'POST'
2026-02-18T10:02:33.9468409Z Request headers:
2026-02-18T10:02:33.9468429Z     'Content-Type': 'application/json'
2026-02-18T10:02:33.9468446Z     'Content-Length': '3720'
2026-02-18T10:02:33.9468463Z     'Accept': 'application/json'
2026-02-18T10:02:33.9468487Z     'x-ms-client-request-id': 'f2062e92-0cb0-11f1-a748-0adf85178b07'
2026-02-18T10:02:33.9468572Z     'User-Agent': 'azsdk-python-azuremonitorclient/unknown Python/3.11.14 (Linux-6.6.119.3-1.azl3-x86_64-with-glibc2.31)'
2026-02-18T10:02:33.9468590Z A body is sent with the request
2026-02-18T10:02:34.0005076Z 2026-02-18 10:02:34,000 - azure.core.pipeline.policies.http_logging_policy - INFO - Response status: 200
2026-02-18T10:02:34.0005445Z Response headers:
2026-02-18T10:02:34.0005475Z     'Transfer-Encoding': 'chunked'
2026-02-18T10:02:34.0005498Z     'Content-Type': 'application/json; charset=utf-8'
2026-02-18T10:02:34.0005519Z     'Server': 'Microsoft-HTTPAPI/2.0'
2026-02-18T10:02:34.0005546Z     'Strict-Transport-Security': 'REDACTED'
2026-02-18T10:02:34.0005567Z     'X-Content-Type-Options': 'REDACTED'
2026-02-18T10:02:34.0005588Z     'Date': 'Wed, 18 Feb 2026 10:02:33 GMT'
2026-02-18T10:02:34.0011152Z 2026-02-18 10:02:34,000 - azure.monitor.opentelemetry.exporter.export._base - INFO - Transmission succeeded: Item received: 3. Items accepted: 3
2026-02-18T10:02:35.7457655Z 2026-02-18 10:02:35,745 - azure.core.pipeline.policies.http_logging_policy - INFO - Request URL: 'https://westus2-2.in.applicationinsights.azure.com//v2.1/track'
2026-02-18T10:02:35.7457989Z Request method: 'POST'
2026-02-18T10:02:35.7458013Z Request headers:
2026-02-18T10:02:35.7458035Z     'Content-Type': 'application/json'
2026-02-18T10:02:35.7458052Z     'Content-Length': '3720'
2026-02-18T10:02:35.7458070Z     'Accept': 'application/json'
2026-02-18T10:02:35.7458092Z     'x-ms-client-request-id': 'f318adaa-0cb0-11f1-b7fb-0adf85178b07'
2026-02-18T10:02:35.7458111Z     'User-Agent': 'azsdk-python-azuremonitorclient/unknown Python/3.11.14 (Linux-6.6.119.3-1.azl3-x86_64-with-glibc2.31)'
2026-02-18T10:02:35.7458129Z A body is sent with the request
2026-02-18T10:02:35.8202406Z 2026-02-18 10:02:35,820 - azure.core.pipeline.policies.http_logging_policy - INFO - Response status: 200
2026-02-18T10:02:35.8202774Z Response headers:
2026-02-18T10:02:35.8202796Z     'Transfer-Encoding': 'chunked'
2026-02-18T10:02:35.8202815Z     'Content-Type': 'application/json; charset=utf-8'
2026-02-18T10:02:35.8202836Z     'Server': 'Microsoft-HTTPAPI/2.0'
2026-02-18T10:02:35.8202854Z     'Strict-Transport-Security': 'REDACTED'
2026-02-18T10:02:35.8202872Z     'X-Content-Type-Options': 'REDACTED'
2026-02-18T10:02:35.8202892Z     'Date': 'Wed, 18 Feb 2026 10:02:35 GMT'
2026-02-18T10:02:35.8207504Z 2026-02-18 10:02:35,820 - azure.monitor.opentelemetry.exporter.export._base - INFO - Transmission succeeded: Item received: 3. Items accepted: 3
2026-02-18T10:02:39.0038780Z 2026-02-18 10:02:39,003 - azure.core.pipeline.policies.http_logging_policy - INFO - Request URL: 'https://westus2-2.in.applicationinsights.azure.com//v2.1/track'
2026-02-18T10:02:39.0039304Z Request method: 'POST'
2026-02-18T10:02:39.0039327Z Request headers:
2026-02-18T10:02:39.0039348Z     'Content-Type': 'application/json'
2026-02-18T10:02:39.0039367Z     'Content-Length': '3720'
2026-02-18T10:02:39.0039383Z     'Accept': 'application/json'
2026-02-18T10:02:39.0039401Z     'x-ms-client-request-id': 'f509d4a4-0cb0-11f1-a748-0adf85178b07'
2026-02-18T10:02:39.0039421Z     'User-Agent': 'azsdk-python-azuremonitorclient/unknown Python/3.11.14 (Linux-6.6.119.3-1.azl3-x86_64-with-glibc2.31)'
2026-02-18T10:02:39.0039438Z A body is sent with the request
2026-02-18T10:02:39.1380098Z 2026-02-18 10:02:39,137 - azure.core.pipeline.policies.http_logging_policy - INFO - Response status: 200
2026-02-18T10:02:39.1380431Z Response headers:
2026-02-18T10:02:39.1380507Z     'Transfer-Encoding': 'chunked'
2026-02-18T10:02:39.1380528Z     'Content-Type': 'application/json; charset=utf-8'
2026-02-18T10:02:39.1380547Z     'Server': 'Microsoft-HTTPAPI/2.0'
2026-02-18T10:02:39.1380565Z     'Strict-Transport-Security': 'REDACTED'
2026-02-18T10:02:39.1380583Z     'X-Content-Type-Options': 'REDACTED'
2026-02-18T10:02:39.1380602Z     'Date': 'Wed, 18 Feb 2026 10:02:38 GMT'
2026-02-18T10:02:39.1387240Z 2026-02-18 10:02:39,138 - azure.monitor.opentelemetry.exporter.export._base - INFO - Transmission succeeded: Item received: 3. Items accepted: 3
2026-02-18T10:02:40.8222905Z 2026-02-18 10:02:40,822 - azure.core.pipeline.policies.http_logging_policy - INFO - Request URL: 'https://westus2-2.in.applicationinsights.azure.com//v2.1/track'
2026-02-18T10:02:40.8223261Z Request method: 'POST'
2026-02-18T10:02:40.8223282Z Request headers:
2026-02-18T10:02:40.8223359Z     'Content-Type': 'application/json'
2026-02-18T10:02:40.8223377Z     'Content-Length': '3719'
2026-02-18T10:02:40.8223392Z     'Accept': 'application/json'
2026-02-18T10:02:40.8223412Z     'x-ms-client-request-id': 'f61f4b12-0cb0-11f1-b7fb-0adf85178b07'
2026-02-18T10:02:40.8223434Z     'User-Agent': 'azsdk-python-azuremonitorclient/unknown Python/3.11.14 (Linux-6.6.119.3-1.azl3-x86_64-with-glibc2.31)'
2026-02-18T10:02:40.8223452Z A body is sent with the request
2026-02-18T10:02:40.8776447Z 2026-02-18 10:02:40,877 - azure.core.pipeline.policies.http_logging_policy - INFO - Response status: 200
2026-02-18T10:02:40.8776819Z Response headers:
2026-02-18T10:02:40.8776846Z     'Transfer-Encoding': 'chunked'
2026-02-18T10:02:40.8776869Z     'Content-Type': 'application/json; charset=utf-8'
2026-02-18T10:02:40.8776956Z     'Server': 'Microsoft-HTTPAPI/2.0'
2026-02-18T10:02:40.8776976Z     'Strict-Transport-Security': 'REDACTED'
2026-02-18T10:02:40.8776993Z     'X-Content-Type-Options': 'REDACTED'
2026-02-18T10:02:40.8777010Z     'Date': 'Wed, 18 Feb 2026 10:02:40 GMT'
2026-02-18T10:02:40.8783948Z 2026-02-18 10:02:40,877 - azure.monitor.opentelemetry.exporter.export._base - INFO - Transmission succeeded: Item received: 3. Items accepted: 3
2026-02-18T10:02:44.1400018Z 2026-02-18 10:02:44,139 - azure.core.pipeline.policies.http_logging_policy - INFO - Request URL: 'https://westus2-2.in.applicationinsights.azure.com//v2.1/track'
2026-02-18T10:02:44.1400227Z Request method: 'POST'
2026-02-18T10:02:44.1400249Z Request headers:
2026-02-18T10:02:44.1400270Z     'Content-Type': 'application/json'
2026-02-18T10:02:44.1400287Z     'Content-Length': '3720'
2026-02-18T10:02:44.1400362Z     'Accept': 'application/json'
2026-02-18T10:02:44.1400387Z     'x-ms-client-request-id': 'f81987f2-0cb0-11f1-a748-0adf85178b07'
2026-02-18T10:02:44.1400410Z     'User-Agent': 'azsdk-python-azuremonitorclient/unknown Python/3.11.14 (Linux-6.6.119.3-1.azl3-x86_64-with-glibc2.31)'
2026-02-18T10:02:44.1400428Z A body is sent with the request
2026-02-18T10:02:44.2156769Z 2026-02-18 10:02:44,215 - azure.core.pipeline.policies.http_logging_policy - INFO - Response status: 200
2026-02-18T10:02:44.2157122Z Response headers:
2026-02-18T10:02:44.2157150Z     'Transfer-Encoding': 'chunked'
2026-02-18T10:02:44.2157175Z     'Content-Type': 'application/json; charset=utf-8'
2026-02-18T10:02:44.2157198Z     'Server': 'Microsoft-HTTPAPI/2.0'
2026-02-18T10:02:44.2157221Z     'Strict-Transport-Security': 'REDACTED'
2026-02-18T10:02:44.2157240Z     'X-Content-Type-Options': 'REDACTED'
2026-02-18T10:02:44.2157329Z     'Date': 'Wed, 18 Feb 2026 10:02:43 GMT'
2026-02-18T10:02:44.2168057Z 2026-02-18 10:02:44,215 - azure.monitor.opentelemetry.exporter.export._base - INFO - Transmission succeeded: Item received: 3. Items accepted: 3
2026-02-18T10:02:45.8800767Z 2026-02-18 10:02:45,879 - azure.core.pipeline.policies.http_logging_policy - INFO - Request URL: 'https://westus2-2.in.applicationinsights.azure.com//v2.1/track'
2026-02-18T10:02:45.8801152Z Request method: 'POST'
2026-02-18T10:02:45.8801179Z Request headers:
2026-02-18T10:02:45.8801202Z     'Content-Type': 'application/json'
2026-02-18T10:02:45.8801225Z     'Content-Length': '3720'
2026-02-18T10:02:45.8801248Z     'Accept': 'application/json'
2026-02-18T10:02:45.8801275Z     'x-ms-client-request-id': 'f9230b3c-0cb0-11f1-b7fb-0adf85178b07'
2026-02-18T10:02:45.8801368Z     'User-Agent': 'azsdk-python-azuremonitorclient/unknown Python/3.11.14 (Linux-6.6.119.3-1.azl3-x86_64-with-glibc2.31)'
2026-02-18T10:02:45.8801394Z A body is sent with the request
2026-02-18T10:02:45.9681000Z 2026-02-18 10:02:45,967 - azure.core.pipeline.policies.http_logging_policy - INFO - Response status: 200
2026-02-18T10:02:45.9681276Z Response headers:
2026-02-18T10:02:45.9681305Z     'Transfer-Encoding': 'chunked'
2026-02-18T10:02:45.9681325Z     'Content-Type': 'application/json; charset=utf-8'
2026-02-18T10:02:45.9681342Z     'Server': 'Microsoft-HTTPAPI/2.0'
2026-02-18T10:02:45.9681360Z     'Strict-Transport-Security': 'REDACTED'
2026-02-18T10:02:45.9681377Z     'X-Content-Type-Options': 'REDACTED'
2026-02-18T10:02:45.9681395Z     'Date': 'Wed, 18 Feb 2026 10:02:45 GMT'
2026-02-18T10:02:45.9689203Z 2026-02-18 10:02:45,968 - azure.monitor.opentelemetry.exporter.export._base - INFO - Transmission succeeded: Item received: 3. Items accepted: 3
2026-02-18T10:02:49.2179298Z 2026-02-18 10:02:49,217 - azure.core.pipeline.policies.http_logging_policy - INFO - Request URL: 'https://westus2-2.in.applicationinsights.azure.com//v2.1/track'
2026-02-18T10:02:49.2179678Z Request method: 'POST'
2026-02-18T10:02:49.2179707Z Request headers:
2026-02-18T10:02:49.2179732Z     'Content-Type': 'application/json'
2026-02-18T10:02:49.2179749Z     'Content-Length': '3720'
2026-02-18T10:02:49.2179767Z     'Accept': 'application/json'
2026-02-18T10:02:49.2179784Z     'x-ms-client-request-id': 'fb205e94-0cb0-11f1-a748-0adf85178b07'
2026-02-18T10:02:49.2179805Z     'User-Agent': 'azsdk-python-azuremonitorclient/unknown Python/3.11.14 (Linux-6.6.119.3-1.azl3-x86_64-with-glibc2.31)'
2026-02-18T10:02:49.2179827Z A body is sent with the request
2026-02-18T10:02:49.2895039Z 2026-02-18 10:02:49,289 - azure.core.pipeline.policies.http_logging_policy - INFO - Response status: 200
2026-02-18T10:02:49.2895368Z Response headers:
2026-02-18T10:02:49.2895391Z     'Transfer-Encoding': 'chunked'
2026-02-18T10:02:49.2895417Z     'Content-Type': 'application/json; charset=utf-8'
2026-02-18T10:02:49.2895436Z     'Server': 'Microsoft-HTTPAPI/2.0'
2026-02-18T10:02:49.2895458Z     'Strict-Transport-Security': 'REDACTED'
2026-02-18T10:02:49.2895479Z     'X-Content-Type-Options': 'REDACTED'
2026-02-18T10:02:49.2895495Z     'Date': 'Wed, 18 Feb 2026 10:02:48 GMT'
2026-02-18T10:02:49.2901625Z 2026-02-18 10:02:49,289 - azure.monitor.opentelemetry.exporter.export._base - INFO - Transmission succeeded: Item received: 3. Items accepted: 3
2026-02-18T10:02:50.9710062Z 2026-02-18 10:02:50,970 - azure.core.pipeline.policies.http_logging_policy - INFO - Request URL: 'https://westus2-2.in.applicationinsights.azure.com//v2.1/track'
2026-02-18T10:02:50.9711392Z Request method: 'POST'
2026-02-18T10:02:50.9711429Z Request headers:
2026-02-18T10:02:50.9711453Z     'Content-Type': 'application/json'
2026-02-18T10:02:50.9711473Z     'Content-Length': '3720'
2026-02-18T10:02:50.9711492Z     'Accept': 'application/json'
2026-02-18T10:02:50.9711514Z     'x-ms-client-request-id': 'fc2bdab6-0cb0-11f1-b7fb-0adf85178b07'
2026-02-18T10:02:50.9711536Z     'User-Agent': 'azsdk-python-azuremonitorclient/unknown Python/3.11.14 (Linux-6.6.119.3-1.azl3-x86_64-with-glibc2.31)'
2026-02-18T10:02:50.9711556Z A body is sent with the request
2026-02-18T10:02:51.0710418Z 2026-02-18 10:02:51,070 - azure.core.pipeline.policies.http_logging_policy - INFO - Response status: 200
2026-02-18T10:02:51.0710777Z Response headers:
2026-02-18T10:02:51.0710866Z     'Transfer-Encoding': 'chunked'
2026-02-18T10:02:51.0710891Z     'Content-Type': 'application/json; charset=utf-8'
2026-02-18T10:02:51.0710911Z     'Server': 'Microsoft-HTTPAPI/2.0'
2026-02-18T10:02:51.0710932Z     'Strict-Transport-Security': 'REDACTED'
2026-02-18T10:02:51.0710953Z     'X-Content-Type-Options': 'REDACTED'
2026-02-18T10:02:51.0710975Z     'Date': 'Wed, 18 Feb 2026 10:02:50 GMT'
2026-02-18T10:02:51.0715821Z 2026-02-18 10:02:51,071 - azure.monitor.opentelemetry.exporter.export._base - INFO - Transmission succeeded: Item received: 3. Items accepted: 3
2026-02-18T10:02:54.2921244Z 2026-02-18 10:02:54,291 - azure.core.pipeline.policies.http_logging_policy - INFO - Request URL: 'https://westus2-2.in.applicationinsights.azure.com//v2.1/track'
2026-02-18T10:02:54.2921523Z Request method: 'POST'
2026-02-18T10:02:54.2921546Z Request headers:
2026-02-18T10:02:54.2921622Z     'Content-Type': 'application/json'
2026-02-18T10:02:54.2921640Z     'Content-Length': '3718'
2026-02-18T10:02:54.2921657Z     'Accept': 'application/json'
2026-02-18T10:02:54.2921675Z     'x-ms-client-request-id': 'fe269be4-0cb0-11f1-a748-0adf85178b07'
2026-02-18T10:02:54.2921697Z     'User-Agent': 'azsdk-python-azuremonitorclient/unknown Python/3.11.14 (Linux-6.6.119.3-1.azl3-x86_64-with-glibc2.31)'
2026-02-18T10:02:54.2921715Z A body is sent with the request
2026-02-18T10:02:54.3422426Z 2026-02-18 10:02:54,342 - azure.core.pipeline.policies.http_logging_policy - INFO - Response status: 200
2026-02-18T10:02:54.3422792Z Response headers:
2026-02-18T10:02:54.3422821Z     'Transfer-Encoding': 'chunked'
2026-02-18T10:02:54.3422845Z     'Content-Type': 'application/json; charset=utf-8'
2026-02-18T10:02:54.3422872Z     'Server': 'Microsoft-HTTPAPI/2.0'
2026-02-18T10:02:54.3422962Z     'Strict-Transport-Security': 'REDACTED'
2026-02-18T10:02:54.3422984Z     'X-Content-Type-Options': 'REDACTED'
2026-02-18T10:02:54.3423006Z     'Date': 'Wed, 18 Feb 2026 10:02:53 GMT'
2026-02-18T10:02:54.3430341Z 2026-02-18 10:02:54,342 - azure.monitor.opentelemetry.exporter.export._base - INFO - Transmission succeeded: Item received: 3. Items accepted: 3
2026-02-18T10:02:56.0737945Z 2026-02-18 10:02:56,073 - azure.core.pipeline.policies.http_logging_policy - INFO - Request URL: 'https://westus2-2.in.applicationinsights.azure.com//v2.1/track'
2026-02-18T10:02:56.0738473Z Request method: 'POST'
2026-02-18T10:02:56.0738501Z Request headers:
2026-02-18T10:02:56.0738521Z     'Content-Type': 'application/json'
2026-02-18T10:02:56.0738538Z     'Content-Length': '3719'
2026-02-18T10:02:56.0738563Z     'Accept': 'application/json'
2026-02-18T10:02:56.0738644Z     'x-ms-client-request-id': 'ff367cca-0cb0-11f1-b7fb-0adf85178b07'
2026-02-18T10:02:56.0738666Z     'User-Agent': 'azsdk-python-azuremonitorclient/unknown Python/3.11.14 (Linux-6.6.119.3-1.azl3-x86_64-with-glibc2.31)'
2026-02-18T10:02:56.0738682Z A body is sent with the request
2026-02-18T10:02:56.2589119Z 2026-02-18 10:02:56,258 - azure.core.pipeline.policies.http_logging_policy - INFO - Response status: 200
2026-02-18T10:02:56.2590154Z Response headers:
2026-02-18T10:02:56.2590185Z     'Transfer-Encoding': 'chunked'
2026-02-18T10:02:56.2590207Z     'Content-Type': 'application/json; charset=utf-8'
2026-02-18T10:02:56.2590228Z     'Server': 'Microsoft-HTTPAPI/2.0'
2026-02-18T10:02:56.2590250Z     'Strict-Transport-Security': 'REDACTED'
2026-02-18T10:02:56.2590273Z     'X-Content-Type-Options': 'REDACTED'
2026-02-18T10:02:56.2590357Z     'Date': 'Wed, 18 Feb 2026 10:02:55 GMT'
2026-02-18T10:02:56.2596961Z 2026-02-18 10:02:56,259 - azure.monitor.opentelemetry.exporter.export._base - INFO - Transmission succeeded: Item received: 3. Items accepted: 3
2026-02-18T10:02:59.3442043Z 2026-02-18 10:02:59,344 - azure.core.pipeline.policies.http_logging_policy - INFO - Request URL: 'https://westus2-2.in.applicationinsights.azure.com//v2.1/track'
2026-02-18T10:02:59.3442477Z Request method: 'POST'
2026-02-18T10:02:59.3442505Z Request headers:
2026-02-18T10:02:59.3442524Z     'Content-Type': 'application/json'
2026-02-18T10:02:59.3442542Z     'Content-Length': '3720'
2026-02-18T10:02:59.3442561Z     'Accept': 'application/json'
2026-02-18T10:02:59.3442590Z     'x-ms-client-request-id': '0129831a-0cb1-11f1-a748-0adf85178b07'
2026-02-18T10:02:59.3442610Z     'User-Agent': 'azsdk-python-azuremonitorclient/unknown Python/3.11.14 (Linux-6.6.119.3-1.azl3-x86_64-with-glibc2.31)'
2026-02-18T10:02:59.3443575Z A body is sent with the request
2026-02-18T10:02:59.5010519Z 2026-02-18 10:02:59,500 - azure.core.pipeline.policies.http_logging_policy - INFO - Response status: 200
2026-02-18T10:02:59.5010861Z Response headers:
2026-02-18T10:02:59.5010887Z     'Transfer-Encoding': 'chunked'
2026-02-18T10:02:59.5010913Z     'Content-Type': 'application/json; charset=utf-8'
2026-02-18T10:02:59.5010932Z     'Server': 'Microsoft-HTTPAPI/2.0'
2026-02-18T10:02:59.5010949Z     'Strict-Transport-Security': 'REDACTED'
2026-02-18T10:02:59.5010964Z     'X-Content-Type-Options': 'REDACTED'
2026-02-18T10:02:59.5010983Z     'Date': 'Wed, 18 Feb 2026 10:02:58 GMT'
2026-02-18T10:02:59.5016242Z 2026-02-18 10:02:59,501 - azure.monitor.opentelemetry.exporter.export._base - INFO - Transmission succeeded: Item received: 3. Items accepted: 3
2026-02-18T10:03:01.2615665Z 2026-02-18 10:03:01,261 - azure.core.pipeline.policies.http_logging_policy - INFO - Request URL: 'https://westus2-2.in.applicationinsights.azure.com//v2.1/track'
2026-02-18T10:03:01.2616245Z Request method: 'POST'
2026-02-18T10:03:01.2616271Z Request headers:
2026-02-18T10:03:01.2616295Z     'Content-Type': 'application/json'
2026-02-18T10:03:01.2616314Z     'Content-Length': '3720'
2026-02-18T10:03:01.2616391Z     'Accept': 'application/json'
2026-02-18T10:03:01.2616417Z     'x-ms-client-request-id': '024e1418-0cb1-11f1-b7fb-0adf85178b07'
2026-02-18T10:03:01.2616441Z     'User-Agent': 'azsdk-python-azuremonitorclient/unknown Python/3.11.14 (Linux-6.6.119.3-1.azl3-x86_64-with-glibc2.31)'
2026-02-18T10:03:01.2616460Z A body is sent with the request
2026-02-18T10:03:01.6620223Z 2026-02-18 10:03:01,661 - azure.core.pipeline.policies.http_logging_policy - INFO - Response status: 200
2026-02-18T10:03:01.6620459Z Response headers:
2026-02-18T10:03:01.6620489Z     'Transfer-Encoding': 'chunked'
2026-02-18T10:03:01.6620506Z     'Content-Type': 'application/json; charset=utf-8'
2026-02-18T10:03:01.6620522Z     'Server': 'Microsoft-HTTPAPI/2.0'
2026-02-18T10:03:01.6620542Z     'Strict-Transport-Security': 'REDACTED'
2026-02-18T10:03:01.6620558Z     'X-Content-Type-Options': 'REDACTED'
2026-02-18T10:03:01.6620611Z     'Date': 'Wed, 18 Feb 2026 10:03:01 GMT'
2026-02-18T10:03:01.6627601Z 2026-02-18 10:03:01,662 - azure.monitor.opentelemetry.exporter.export._base - INFO - Transmission succeeded: Item received: 3. Items accepted: 3
2026-02-18T10:03:04.5030488Z 2026-02-18 10:03:04,502 - azure.core.pipeline.policies.http_logging_policy - INFO - Request URL: 'https://westus2-2.in.applicationinsights.azure.com//v2.1/track'
2026-02-18T10:03:04.5030833Z Request method: 'POST'
2026-02-18T10:03:04.5030855Z Request headers:
2026-02-18T10:03:04.5030884Z     'Content-Type': 'application/json'
2026-02-18T10:03:04.5030902Z     'Content-Length': '3720'
2026-02-18T10:03:04.5030922Z     'Accept': 'application/json'
2026-02-18T10:03:04.5030941Z     'x-ms-client-request-id': '043cb018-0cb1-11f1-a748-0adf85178b07'
2026-02-18T10:03:04.5030961Z     'User-Agent': 'azsdk-python-azuremonitorclient/unknown Python/3.11.14 (Linux-6.6.119.3-1.azl3-x86_64-with-glibc2.31)'
2026-02-18T10:03:04.5031036Z A body is sent with the request
2026-02-18T10:03:04.6117808Z 2026-02-18 10:03:04,611 - azure.core.pipeline.policies.http_logging_policy - INFO - Response status: 200
2026-02-18T10:03:04.6118174Z Response headers:
2026-02-18T10:03:04.6118203Z     'Transfer-Encoding': 'chunked'
2026-02-18T10:03:04.6118226Z     'Content-Type': 'application/json; charset=utf-8'
2026-02-18T10:03:04.6118249Z     'Server': 'Microsoft-HTTPAPI/2.0'
2026-02-18T10:03:04.6118272Z     'Strict-Transport-Security': 'REDACTED'
2026-02-18T10:03:04.6118295Z     'X-Content-Type-Options': 'REDACTED'
2026-02-18T10:03:04.6118315Z     'Date': 'Wed, 18 Feb 2026 10:03:03 GMT'
2026-02-18T10:03:04.6123582Z 2026-02-18 10:03:04,612 - azure.monitor.opentelemetry.exporter.export._base - INFO - Transmission succeeded: Item received: 3. Items accepted: 3
2026-02-18T10:03:06.6645713Z 2026-02-18 10:03:06,664 - azure.core.pipeline.policies.http_logging_policy - INFO - Request URL: 'https://westus2-2.in.applicationinsights.azure.com//v2.1/track'
2026-02-18T10:03:06.6646227Z Request method: 'POST'
2026-02-18T10:03:06.6646258Z Request headers:
2026-02-18T10:03:06.6646282Z     'Content-Type': 'application/json'
2026-02-18T10:03:06.6646302Z     'Content-Length': '3720'
2026-02-18T10:03:06.6646320Z     'Accept': 'application/json'
2026-02-18T10:03:06.6646339Z     'x-ms-client-request-id': '0586849e-0cb1-11f1-b7fb-0adf85178b07'
2026-02-18T10:03:06.6646360Z     'User-Agent': 'azsdk-python-azuremonitorclient/unknown Python/3.11.14 (Linux-6.6.119.3-1.azl3-x86_64-with-glibc2.31)'
2026-02-18T10:03:06.6646382Z A body is sent with the request
2026-02-18T10:03:06.7008648Z 2026-02-18 10:03:06,700 - azure.core.pipeline.policies.http_logging_policy - INFO - Response status: 200
2026-02-18T10:03:06.7009424Z Response headers:
2026-02-18T10:03:06.7009448Z     'Transfer-Encoding': 'chunked'
2026-02-18T10:03:06.7009465Z     'Content-Type': 'application/json; charset=utf-8'
2026-02-18T10:03:06.7009480Z     'Server': 'Microsoft-HTTPAPI/2.0'
2026-02-18T10:03:06.7009496Z     'Strict-Transport-Security': 'REDACTED'
2026-02-18T10:03:06.7009514Z     'X-Content-Type-Options': 'REDACTED'
2026-02-18T10:03:06.7009532Z     'Date': 'Wed, 18 Feb 2026 10:03:05 GMT'
2026-02-18T10:03:06.7014621Z 2026-02-18 10:03:06,701 - azure.monitor.opentelemetry.exporter.export._base - INFO - Transmission succeeded: Item received: 3. Items accepted: 3
2026-02-18T10:03:09.6140693Z 2026-02-18 10:03:09,613 - azure.core.pipeline.policies.http_logging_policy - INFO - Request URL: 'https://westus2-2.in.applicationinsights.azure.com//v2.1/track'
2026-02-18T10:03:09.6141011Z Request method: 'POST'
2026-02-18T10:03:09.6141096Z Request headers:
2026-02-18T10:03:09.6141115Z     'Content-Type': 'application/json'
2026-02-18T10:03:09.6141133Z     'Content-Length': '3720'
2026-02-18T10:03:09.6141150Z     'Accept': 'application/json'
2026-02-18T10:03:09.6141169Z     'x-ms-client-request-id': '07489286-0cb1-11f1-a748-0adf85178b07'
2026-02-18T10:03:09.6141191Z     'User-Agent': 'azsdk-python-azuremonitorclient/unknown Python/3.11.14 (Linux-6.6.119.3-1.azl3-x86_64-with-glibc2.31)'
2026-02-18T10:03:09.6141208Z A body is sent with the request
2026-02-18T10:03:09.8448484Z 2026-02-18 10:03:09,844 - azure.core.pipeline.policies.http_logging_policy - INFO - Response status: 200
2026-02-18T10:03:09.8448796Z Response headers:
2026-02-18T10:03:09.8448829Z     'Transfer-Encoding': 'chunked'
2026-02-18T10:03:09.8448906Z     'Content-Type': 'application/json; charset=utf-8'
2026-02-18T10:03:09.8448928Z     'Server': 'Microsoft-HTTPAPI/2.0'
2026-02-18T10:03:09.8448949Z     'Strict-Transport-Security': 'REDACTED'
2026-02-18T10:03:09.8448969Z     'X-Content-Type-Options': 'REDACTED'
2026-02-18T10:03:09.8448990Z     'Date': 'Wed, 18 Feb 2026 10:03:09 GMT'
2026-02-18T10:03:09.8456190Z 2026-02-18 10:03:09,845 - azure.monitor.opentelemetry.exporter.export._base - INFO - Transmission succeeded: Item received: 3. Items accepted: 3
2026-02-18T10:03:11.7031972Z 2026-02-18 10:03:11,702 - azure.core.pipeline.policies.http_logging_policy - INFO - Request URL: 'https://westus2-2.in.applicationinsights.azure.com//v2.1/track'
2026-02-18T10:03:11.7032253Z Request method: 'POST'
2026-02-18T10:03:11.7032280Z Request headers:
2026-02-18T10:03:11.7032300Z     'Content-Type': 'application/json'
2026-02-18T10:03:11.7032356Z     'Content-Length': '3720'
2026-02-18T10:03:11.7032375Z     'Accept': 'application/json'
2026-02-18T10:03:11.7032394Z     'x-ms-client-request-id': '08875682-0cb1-11f1-b7fb-0adf85178b07'
2026-02-18T10:03:11.7032416Z     'User-Agent': 'azsdk-python-azuremonitorclient/unknown Python/3.11.14 (Linux-6.6.119.3-1.azl3-x86_64-with-glibc2.31)'
2026-02-18T10:03:11.7032434Z A body is sent with the request
2026-02-18T10:03:11.8356079Z 2026-02-18 10:03:11,835 - azure.core.pipeline.policies.http_logging_policy - INFO - Response status: 200
2026-02-18T10:03:11.8356411Z Response headers:
2026-02-18T10:03:11.8356439Z     'Transfer-Encoding': 'chunked'
2026-02-18T10:03:11.8356459Z     'Content-Type': 'application/json; charset=utf-8'
2026-02-18T10:03:11.8356479Z     'Server': 'Microsoft-HTTPAPI/2.0'
2026-02-18T10:03:11.8356499Z     'Strict-Transport-Security': 'REDACTED'
2026-02-18T10:03:11.8356581Z     'X-Content-Type-Options': 'REDACTED'
2026-02-18T10:03:11.8356600Z     'Date': 'Wed, 18 Feb 2026 10:03:11 GMT'
2026-02-18T10:03:11.8362905Z 2026-02-18 10:03:11,835 - azure.monitor.opentelemetry.exporter.export._base - INFO - Transmission succeeded: Item received: 3. Items accepted: 3
2026-02-18T10:03:14.8472370Z 2026-02-18 10:03:14,847 - azure.core.pipeline.policies.http_logging_policy - INFO - Request URL: 'https://westus2-2.in.applicationinsights.azure.com//v2.1/track'
2026-02-18T10:03:14.8472810Z Request method: 'POST'
2026-02-18T10:03:14.8472832Z Request headers:
2026-02-18T10:03:14.8472851Z     'Content-Type': 'application/json'
2026-02-18T10:03:14.8472869Z     'Content-Length': '3719'
2026-02-18T10:03:14.8472887Z     'Accept': 'application/json'
2026-02-18T10:03:14.8472904Z     'x-ms-client-request-id': '0a67149c-0cb1-11f1-a748-0adf85178b07'
2026-02-18T10:03:14.8472991Z     'User-Agent': 'azsdk-python-azuremonitorclient/unknown Python/3.11.14 (Linux-6.6.119.3-1.azl3-x86_64-with-glibc2.31)'
2026-02-18T10:03:14.8473011Z A body is sent with the request
2026-02-18T10:03:15.0270902Z 2026-02-18 10:03:15,026 - azure.core.pipeline.policies.http_logging_policy - INFO - Response status: 200
2026-02-18T10:03:15.0271150Z Response headers:
2026-02-18T10:03:15.0271175Z     'Transfer-Encoding': 'chunked'
2026-02-18T10:03:15.0271194Z     'Content-Type': 'application/json; charset=utf-8'
2026-02-18T10:03:15.0271211Z     'Server': 'Microsoft-HTTPAPI/2.0'
2026-02-18T10:03:15.0271233Z     'Strict-Transport-Security': 'REDACTED'
2026-02-18T10:03:15.0271250Z     'X-Content-Type-Options': 'REDACTED'
2026-02-18T10:03:15.0271266Z     'Date': 'Wed, 18 Feb 2026 10:03:14 GMT'
2026-02-18T10:03:15.0277979Z 2026-02-18 10:03:15,027 - azure.monitor.opentelemetry.exporter.export._base - INFO - Transmission succeeded: Item received: 3. Items accepted: 3
2026-02-18T10:03:16.8388699Z 2026-02-18 10:03:16,837 - azure.core.pipeline.policies.http_logging_policy - INFO - Request URL: 'https://westus2-2.in.applicationinsights.azure.com//v2.1/track'
2026-02-18T10:03:16.8389096Z Request method: 'POST'
2026-02-18T10:03:16.8389122Z Request headers:
2026-02-18T10:03:16.8389613Z     'Content-Type': 'application/json'
2026-02-18T10:03:16.8389637Z     'Content-Length': '3720'
2026-02-18T10:03:16.8389658Z     'Accept': 'application/json'
2026-02-18T10:03:16.8389680Z     'x-ms-client-request-id': '0b96cd9e-0cb1-11f1-b7fb-0adf85178b07'
2026-02-18T10:03:16.8389699Z     'User-Agent': 'azsdk-python-azuremonitorclient/unknown Python/3.11.14 (Linux-6.6.119.3-1.azl3-x86_64-with-glibc2.31)'
2026-02-18T10:03:16.8389714Z A body is sent with the request
2026-02-18T10:03:16.9156341Z 2026-02-18 10:03:16,915 - azure.core.pipeline.policies.http_logging_policy - INFO - Response status: 200
2026-02-18T10:03:16.9156629Z Response headers:
2026-02-18T10:03:16.9156653Z     'Transfer-Encoding': 'chunked'
2026-02-18T10:03:16.9156673Z     'Content-Type': 'application/json; charset=utf-8'
2026-02-18T10:03:16.9156690Z     'Server': 'Microsoft-HTTPAPI/2.0'
2026-02-18T10:03:16.9156705Z     'Strict-Transport-Security': 'REDACTED'
2026-02-18T10:03:16.9156731Z     'X-Content-Type-Options': 'REDACTED'
2026-02-18T10:03:16.9156749Z     'Date': 'Wed, 18 Feb 2026 10:03:16 GMT'
2026-02-18T10:03:16.9164096Z 2026-02-18 10:03:16,915 - azure.monitor.opentelemetry.exporter.export._base - INFO - Transmission succeeded: Item received: 3. Items accepted: 3
2026-02-18T10:03:20.0293140Z 2026-02-18 10:03:20,029 - azure.core.pipeline.policies.http_logging_policy - INFO - Request URL: 'https://westus2-2.in.applicationinsights.azure.com//v2.1/track'
2026-02-18T10:03:20.0293622Z Request method: 'POST'
2026-02-18T10:03:20.0293648Z Request headers:
2026-02-18T10:03:20.0293668Z     'Content-Type': 'application/json'
2026-02-18T10:03:20.0293686Z     'Content-Length': '3720'
2026-02-18T10:03:20.0293707Z     'Accept': 'application/json'
2026-02-18T10:03:20.0293727Z     'x-ms-client-request-id': '0d7dce14-0cb1-11f1-a748-0adf85178b07'
2026-02-18T10:03:20.0293752Z     'User-Agent': 'azsdk-python-azuremonitorclient/unknown Python/3.11.14 (Linux-6.6.119.3-1.azl3-x86_64-with-glibc2.31)'
2026-02-18T10:03:20.0293771Z A body is sent with the request
2026-02-18T10:03:20.1180098Z 2026-02-18 10:03:20,117 - azure.core.pipeline.policies.http_logging_policy - INFO - Response status: 200
2026-02-18T10:03:20.1180441Z Response headers:
2026-02-18T10:03:20.1180534Z     'Transfer-Encoding': 'chunked'
2026-02-18T10:03:20.1180557Z     'Content-Type': 'application/json; charset=utf-8'
2026-02-18T10:03:20.1180578Z     'Server': 'Microsoft-HTTPAPI/2.0'
2026-02-18T10:03:20.1180599Z     'Strict-Transport-Security': 'REDACTED'
2026-02-18T10:03:20.1180620Z     'X-Content-Type-Options': 'REDACTED'
2026-02-18T10:03:20.1180641Z     'Date': 'Wed, 18 Feb 2026 10:03:19 GMT'
2026-02-18T10:03:20.1186045Z 2026-02-18 10:03:20,118 - azure.monitor.opentelemetry.exporter.export._base - INFO - Transmission succeeded: Item received: 3. Items accepted: 3
2026-02-18T10:03:21.9174904Z 2026-02-18 10:03:21,917 - azure.core.pipeline.policies.http_logging_policy - INFO - Request URL: 'https://westus2-2.in.applicationinsights.azure.com//v2.1/track'
2026-02-18T10:03:21.9175451Z Request method: 'POST'
2026-02-18T10:03:21.9175478Z Request headers:
2026-02-18T10:03:21.9175499Z     'Content-Type': 'application/json'
2026-02-18T10:03:21.9175517Z     'Content-Length': '3720'
2026-02-18T10:03:21.9175541Z     'Accept': 'application/json'
2026-02-18T10:03:21.9175631Z     'x-ms-client-request-id': '0e9dec7a-0cb1-11f1-b7fb-0adf85178b07'
2026-02-18T10:03:21.9175656Z     'User-Agent': 'azsdk-python-azuremonitorclient/unknown Python/3.11.14 (Linux-6.6.119.3-1.azl3-x86_64-with-glibc2.31)'
2026-02-18T10:03:21.9175676Z A body is sent with the request
2026-02-18T10:03:21.9870807Z 2026-02-18 10:03:21,986 - azure.core.pipeline.policies.http_logging_policy - INFO - Response status: 200
2026-02-18T10:03:21.9871093Z Response headers:
2026-02-18T10:03:21.9871120Z     'Transfer-Encoding': 'chunked'
2026-02-18T10:03:21.9871146Z     'Content-Type': 'application/json; charset=utf-8'
2026-02-18T10:03:21.9871162Z     'Server': 'Microsoft-HTTPAPI/2.0'
2026-02-18T10:03:21.9871177Z     'Strict-Transport-Security': 'REDACTED'
2026-02-18T10:03:21.9871193Z     'X-Content-Type-Options': 'REDACTED'
2026-02-18T10:03:21.9871258Z     'Date': 'Wed, 18 Feb 2026 10:03:21 GMT'
2026-02-18T10:03:21.9876400Z 2026-02-18 10:03:21,987 - azure.monitor.opentelemetry.exporter.export._base - INFO - Transmission succeeded: Item received: 3. Items accepted: 3
2026-02-18T10:03:25.1199997Z 2026-02-18 10:03:25,119 - azure.core.pipeline.policies.http_logging_policy - INFO - Request URL: 'https://westus2-2.in.applicationinsights.azure.com//v2.1/track'
2026-02-18T10:03:25.1200319Z Request method: 'POST'
2026-02-18T10:03:25.1200344Z Request headers:
2026-02-18T10:03:25.1200365Z     'Content-Type': 'application/json'
2026-02-18T10:03:25.1200387Z     'Content-Length': '3720'
2026-02-18T10:03:25.1200404Z     'Accept': 'application/json'
2026-02-18T10:03:25.1200424Z     'x-ms-client-request-id': '108697b2-0cb1-11f1-a748-0adf85178b07'
2026-02-18T10:03:25.1200446Z     'User-Agent': 'azsdk-python-azuremonitorclient/unknown Python/3.11.14 (Linux-6.6.119.3-1.azl3-x86_64-with-glibc2.31)'
2026-02-18T10:03:25.1200512Z A body is sent with the request
2026-02-18T10:03:25.2416767Z 2026-02-18 10:03:25,241 - azure.core.pipeline.policies.http_logging_policy - INFO - Response status: 200
2026-02-18T10:03:25.2417156Z Response headers:
2026-02-18T10:03:25.2417190Z     'Transfer-Encoding': 'chunked'
2026-02-18T10:03:25.2417213Z     'Content-Type': 'application/json; charset=utf-8'
2026-02-18T10:03:25.2417232Z     'Server': 'Microsoft-HTTPAPI/2.0'
2026-02-18T10:03:25.2417254Z     'Strict-Transport-Security': 'REDACTED'
2026-02-18T10:03:25.2417274Z     'X-Content-Type-Options': 'REDACTED'
2026-02-18T10:03:25.2417298Z     'Date': 'Wed, 18 Feb 2026 10:03:24 GMT'
2026-02-18T10:03:25.2421890Z 2026-02-18 10:03:25,241 - azure.monitor.opentelemetry.exporter.export._base - INFO - Transmission succeeded: Item received: 3. Items accepted: 3
2026-02-18T10:03:26.9888708Z 2026-02-18 10:03:26,988 - azure.core.pipeline.policies.http_logging_policy - INFO - Request URL: 'https://westus2-2.in.applicationinsights.azure.com//v2.1/track'
2026-02-18T10:03:26.9888979Z Request method: 'POST'
2026-02-18T10:03:26.9889007Z Request headers:
2026-02-18T10:03:26.9889025Z     'Content-Type': 'application/json'
2026-02-18T10:03:26.9889042Z     'Content-Length': '3720'
2026-02-18T10:03:26.9889060Z     'Accept': 'application/json'
2026-02-18T10:03:26.9889078Z     'x-ms-client-request-id': '11a3c2b4-0cb1-11f1-b7fb-0adf85178b07'
2026-02-18T10:03:26.9889102Z     'User-Agent': 'azsdk-python-azuremonitorclient/unknown Python/3.11.14 (Linux-6.6.119.3-1.azl3-x86_64-with-glibc2.31)'
2026-02-18T10:03:26.9889123Z A body is sent with the request
2026-02-18T10:03:27.0535718Z 2026-02-18 10:03:27,053 - azure.core.pipeline.policies.http_logging_policy - INFO - Response status: 200
2026-02-18T10:03:27.0536097Z Response headers:
2026-02-18T10:03:27.0536121Z     'Transfer-Encoding': 'chunked'
2026-02-18T10:03:27.0536141Z     'Content-Type': 'application/json; charset=utf-8'
2026-02-18T10:03:27.0536157Z     'Server': 'Microsoft-HTTPAPI/2.0'
2026-02-18T10:03:27.0536173Z     'Strict-Transport-Security': 'REDACTED'
2026-02-18T10:03:27.0536189Z     'X-Content-Type-Options': 'REDACTED'
2026-02-18T10:03:27.0536204Z     'Date': 'Wed, 18 Feb 2026 10:03:26 GMT'
2026-02-18T10:03:27.0539915Z 2026-02-18 10:03:27,053 - azure.monitor.opentelemetry.exporter.export._base - INFO - Transmission succeeded: Item received: 3. Items accepted: 3
2026-02-18T10:03:30.2441410Z 2026-02-18 10:03:30,243 - azure.core.pipeline.policies.http_logging_policy - INFO - Request URL: 'https://westus2-2.in.applicationinsights.azure.com//v2.1/track'
2026-02-18T10:03:30.2441724Z Request method: 'POST'
2026-02-18T10:03:30.2441815Z Request headers:
2026-02-18T10:03:30.2441838Z     'Content-Type': 'application/json'
2026-02-18T10:03:30.2441854Z     'Content-Length': '3719'
2026-02-18T10:03:30.2441870Z     'Accept': 'application/json'
2026-02-18T10:03:30.2441888Z     'x-ms-client-request-id': '13947910-0cb1-11f1-a748-0adf85178b07'
2026-02-18T10:03:30.2441908Z     'User-Agent': 'azsdk-python-azuremonitorclient/unknown Python/3.11.14 (Linux-6.6.119.3-1.azl3-x86_64-with-glibc2.31)'
2026-02-18T10:03:30.2441925Z A body is sent with the request
2026-02-18T10:03:30.3285213Z 2026-02-18 10:03:30,328 - azure.core.pipeline.policies.http_logging_policy - INFO - Response status: 200
2026-02-18T10:03:30.3285538Z Response headers:
2026-02-18T10:03:30.3285561Z     'Transfer-Encoding': 'chunked'
2026-02-18T10:03:30.3285581Z     'Content-Type': 'application/json; charset=utf-8'
2026-02-18T10:03:30.3285654Z     'Server': 'Microsoft-HTTPAPI/2.0'
2026-02-18T10:03:30.3285672Z     'Strict-Transport-Security': 'REDACTED'
2026-02-18T10:03:30.3285692Z     'X-Content-Type-Options': 'REDACTED'
2026-02-18T10:03:30.3285709Z     'Date': 'Wed, 18 Feb 2026 10:03:29 GMT'
2026-02-18T10:03:30.3291145Z 2026-02-18 10:03:30,328 - azure.monitor.opentelemetry.exporter.export._base - INFO - Transmission succeeded: Item received: 3. Items accepted: 3
2026-02-18T10:03:32.0558320Z 2026-02-18 10:03:32,055 - azure.core.pipeline.policies.http_logging_policy - INFO - Request URL: 'https://westus2-2.in.applicationinsights.azure.com//v2.1/track'
2026-02-18T10:03:32.0558638Z Request method: 'POST'
2026-02-18T10:03:32.0558660Z Request headers:
2026-02-18T10:03:32.0558680Z     'Content-Type': 'application/json'
2026-02-18T10:03:32.0558697Z     'Content-Length': '3720'
2026-02-18T10:03:32.0558766Z     'Accept': 'application/json'
2026-02-18T10:03:32.0558784Z     'x-ms-client-request-id': '14a8e9bc-0cb1-11f1-b7fb-0adf85178b07'
2026-02-18T10:03:32.0558806Z     'User-Agent': 'azsdk-python-azuremonitorclient/unknown Python/3.11.14 (Linux-6.6.119.3-1.azl3-x86_64-with-glibc2.31)'
2026-02-18T10:03:32.0558821Z A body is sent with the request
2026-02-18T10:03:32.1584280Z 2026-02-18 10:03:32,158 - azure.core.pipeline.policies.http_logging_policy - INFO - Response status: 200
2026-02-18T10:03:32.1584625Z Response headers:
2026-02-18T10:03:32.1584646Z     'Transfer-Encoding': 'chunked'
2026-02-18T10:03:32.1584665Z     'Content-Type': 'application/json; charset=utf-8'
2026-02-18T10:03:32.1584684Z     'Server': 'Microsoft-HTTPAPI/2.0'
2026-02-18T10:03:32.1584705Z     'Strict-Transport-Security': 'REDACTED'
2026-02-18T10:03:32.1584774Z     'X-Content-Type-Options': 'REDACTED'
2026-02-18T10:03:32.1584792Z     'Date': 'Wed, 18 Feb 2026 10:03:32 GMT'
2026-02-18T10:03:32.1590450Z 2026-02-18 10:03:32,158 - azure.monitor.opentelemetry.exporter.export._base - INFO - Transmission succeeded: Item received: 3. Items accepted: 3
2026-02-18T10:03:35.3310576Z 2026-02-18 10:03:35,330 - azure.core.pipeline.policies.http_logging_policy - INFO - Request URL: 'https://westus2-2.in.applicationinsights.azure.com//v2.1/track'
2026-02-18T10:03:35.3311057Z Request method: 'POST'
2026-02-18T10:03:35.3311086Z Request headers:
2026-02-18T10:03:35.3311105Z     'Content-Type': 'application/json'
2026-02-18T10:03:35.3311122Z     'Content-Length': '3719'
2026-02-18T10:03:35.3311139Z     'Accept': 'application/json'
2026-02-18T10:03:35.3311159Z     'x-ms-client-request-id': '169ca1c8-0cb1-11f1-a748-0adf85178b07'
2026-02-18T10:03:35.3311238Z     'User-Agent': 'azsdk-python-azuremonitorclient/unknown Python/3.11.14 (Linux-6.6.119.3-1.azl3-x86_64-with-glibc2.31)'
2026-02-18T10:03:35.3311258Z A body is sent with the request
2026-02-18T10:03:35.6426067Z 2026-02-18 10:03:35,642 - azure.core.pipeline.policies.http_logging_policy - INFO - Response status: 200
2026-02-18T10:03:35.6426410Z Response headers:
2026-02-18T10:03:35.6426442Z     'Transfer-Encoding': 'chunked'
2026-02-18T10:03:35.6426468Z     'Content-Type': 'application/json; charset=utf-8'
2026-02-18T10:03:35.6426491Z     'Server': 'Microsoft-HTTPAPI/2.0'
2026-02-18T10:03:35.6426514Z     'Strict-Transport-Security': 'REDACTED'
2026-02-18T10:03:35.6426536Z     'X-Content-Type-Options': 'REDACTED'
2026-02-18T10:03:35.6426558Z     'Date': 'Wed, 18 Feb 2026 10:03:34 GMT'
2026-02-18T10:03:35.6434245Z 2026-02-18 10:03:35,642 - azure.monitor.opentelemetry.exporter.export._base - INFO - Transmission succeeded: Item received: 3. Items accepted: 3
2026-02-18T10:03:37.1602884Z 2026-02-18 10:03:37,160 - azure.core.pipeline.policies.http_logging_policy - INFO - Request URL: 'https://westus2-2.in.applicationinsights.azure.com//v2.1/track'
2026-02-18T10:03:37.1603398Z Request method: 'POST'
2026-02-18T10:03:37.1603422Z Request headers:
2026-02-18T10:03:37.1603443Z     'Content-Type': 'application/json'
2026-02-18T10:03:37.1603467Z     'Content-Length': '3720'
2026-02-18T10:03:37.1603485Z     'Accept': 'application/json'
2026-02-18T10:03:37.1603504Z     'x-ms-client-request-id': '17b3caf0-0cb1-11f1-b7fb-0adf85178b07'
2026-02-18T10:03:37.1603528Z     'User-Agent': 'azsdk-python-azuremonitorclient/unknown Python/3.11.14 (Linux-6.6.119.3-1.azl3-x86_64-with-glibc2.31)'
2026-02-18T10:03:37.1603545Z A body is sent with the request
2026-02-18T10:03:37.2742481Z 2026-02-18 10:03:37,273 - azure.core.pipeline.policies.http_logging_policy - INFO - Response status: 200
2026-02-18T10:03:37.2742805Z Response headers:
2026-02-18T10:03:37.2742835Z     'Transfer-Encoding': 'chunked'
2026-02-18T10:03:37.2742859Z     'Content-Type': 'application/json; charset=utf-8'
2026-02-18T10:03:37.2742884Z     'Server': 'Microsoft-HTTPAPI/2.0'
2026-02-18T10:03:37.2742908Z     'Strict-Transport-Security': 'REDACTED'
2026-02-18T10:03:37.2742929Z     'X-Content-Type-Options': 'REDACTED'
2026-02-18T10:03:37.2742951Z     'Date': 'Wed, 18 Feb 2026 10:03:37 GMT'
2026-02-18T10:03:37.2747699Z 2026-02-18 10:03:37,274 - azure.monitor.opentelemetry.exporter.export._base - INFO - Transmission succeeded: Item received: 3. Items accepted: 3
2026-02-18T10:03:40.6446260Z 2026-02-18 10:03:40,644 - azure.core.pipeline.policies.http_logging_policy - INFO - Request URL: 'https://westus2-2.in.applicationinsights.azure.com//v2.1/track'
2026-02-18T10:03:40.6447008Z Request method: 'POST'
2026-02-18T10:03:40.6447031Z Request headers:
2026-02-18T10:03:40.6447046Z     'Content-Type': 'application/json'
2026-02-18T10:03:40.6447061Z     'Content-Length': '3718'
2026-02-18T10:03:40.6447078Z     'Accept': 'application/json'
2026-02-18T10:03:40.6447096Z     'x-ms-client-request-id': '19c7754e-0cb1-11f1-a748-0adf85178b07'
2026-02-18T10:03:40.6447119Z     'User-Agent': 'azsdk-python-azuremonitorclient/unknown Python/3.11.14 (Linux-6.6.119.3-1.azl3-x86_64-with-glibc2.31)'
2026-02-18T10:03:40.6447135Z A body is sent with the request
2026-02-18T10:03:40.7360856Z 2026-02-18 10:03:40,735 - azure.core.pipeline.policies.http_logging_policy - INFO - Response status: 200
2026-02-18T10:03:40.7361481Z Response headers:
2026-02-18T10:03:40.7361514Z     'Transfer-Encoding': 'chunked'
2026-02-18T10:03:40.7361608Z     'Content-Type': 'application/json; charset=utf-8'
2026-02-18T10:03:40.7361630Z     'Server': 'Microsoft-HTTPAPI/2.0'
2026-02-18T10:03:40.7361653Z     'Strict-Transport-Security': 'REDACTED'
2026-02-18T10:03:40.7361674Z     'X-Content-Type-Options': 'REDACTED'
2026-02-18T10:03:40.7361695Z     'Date': 'Wed, 18 Feb 2026 10:03:39 GMT'
2026-02-18T10:03:40.7366498Z 2026-02-18 10:03:40,736 - azure.monitor.opentelemetry.exporter.export._base - INFO - Transmission succeeded: Item received: 3. Items accepted: 3
2026-02-18T10:03:42.2762138Z 2026-02-18 10:03:42,276 - azure.core.pipeline.policies.http_logging_policy - INFO - Request URL: 'https://westus2-2.in.applicationinsights.azure.com//v2.1/track'
2026-02-18T10:03:42.2762451Z Request method: 'POST'
2026-02-18T10:03:42.2762471Z Request headers:
2026-02-18T10:03:42.2762548Z     'Content-Type': 'application/json'
2026-02-18T10:03:42.2762568Z     'Content-Length': '3720'
2026-02-18T10:03:42.2762587Z     'Accept': 'application/json'
2026-02-18T10:03:42.2762608Z     'x-ms-client-request-id': '1ac06c94-0cb1-11f1-b7fb-0adf85178b07'
2026-02-18T10:03:42.2762631Z     'User-Agent': 'azsdk-python-azuremonitorclient/unknown Python/3.11.14 (Linux-6.6.119.3-1.azl3-x86_64-with-glibc2.31)'
2026-02-18T10:03:42.2762650Z A body is sent with the request
2026-02-18T10:03:42.3536325Z 2026-02-18 10:03:42,352 - azure.core.pipeline.policies.http_logging_policy - INFO - Response status: 200
2026-02-18T10:03:42.3536705Z Response headers:
2026-02-18T10:03:42.3536731Z     'Transfer-Encoding': 'chunked'
2026-02-18T10:03:42.3536752Z     'Content-Type': 'application/json; charset=utf-8'
2026-02-18T10:03:42.3536770Z     'Server': 'Microsoft-HTTPAPI/2.0'
2026-02-18T10:03:42.3536852Z     'Strict-Transport-Security': 'REDACTED'
2026-02-18T10:03:42.3536870Z     'X-Content-Type-Options': 'REDACTED'
2026-02-18T10:03:42.3536886Z     'Date': 'Wed, 18 Feb 2026 10:03:42 GMT'
2026-02-18T10:03:42.3537055Z 2026-02-18 10:03:42,353 - azure.monitor.opentelemetry.exporter.export._base - INFO - Transmission succeeded: Item received: 3. Items accepted: 3
2026-02-18T10:03:45.7379751Z 2026-02-18 10:03:45,737 - azure.core.pipeline.policies.http_logging_policy - INFO - Request URL: 'https://westus2-2.in.applicationinsights.azure.com//v2.1/track'
2026-02-18T10:03:45.7380048Z Request method: 'POST'
2026-02-18T10:03:45.7380069Z Request headers:
2026-02-18T10:03:45.7380090Z     'Content-Type': 'application/json'
2026-02-18T10:03:45.7380106Z     'Content-Length': '3720'
2026-02-18T10:03:45.7380125Z     'Accept': 'application/json'
2026-02-18T10:03:45.7380212Z     'x-ms-client-request-id': '1cd0a4cc-0cb1-11f1-a748-0adf85178b07'
2026-02-18T10:03:45.7380237Z     'User-Agent': 'azsdk-python-azuremonitorclient/unknown Python/3.11.14 (Linux-6.6.119.3-1.azl3-x86_64-with-glibc2.31)'
2026-02-18T10:03:45.7380257Z A body is sent with the request
2026-02-18T10:03:45.8562850Z 2026-02-18 10:03:45,856 - azure.core.pipeline.policies.http_logging_policy - INFO - Response status: 200
2026-02-18T10:03:45.8563165Z Response headers:
2026-02-18T10:03:45.8563195Z     'Transfer-Encoding': 'chunked'
2026-02-18T10:03:45.8563224Z     'Content-Type': 'application/json; charset=utf-8'
2026-02-18T10:03:45.8563251Z     'Server': 'Microsoft-HTTPAPI/2.0'
2026-02-18T10:03:45.8563274Z     'Strict-Transport-Security': 'REDACTED'
2026-02-18T10:03:45.8563294Z     'X-Content-Type-Options': 'REDACTED'
2026-02-18T10:03:45.8563315Z     'Date': 'Wed, 18 Feb 2026 10:03:44 GMT'
2026-02-18T10:03:45.8582175Z 2026-02-18 10:03:45,856 - azure.monitor.opentelemetry.exporter.export._base - INFO - Transmission succeeded: Item received: 3. Items accepted: 3
2026-02-18T10:03:47.3549112Z 2026-02-18 10:03:47,354 - azure.core.pipeline.policies.http_logging_policy - INFO - Request URL: 'https://westus2-2.in.applicationinsights.azure.com//v2.1/track'
2026-02-18T10:03:47.3549960Z Request method: 'POST'
2026-02-18T10:03:47.3549989Z Request headers:
2026-02-18T10:03:47.3550007Z     'Content-Type': 'application/json'
2026-02-18T10:03:47.3550028Z     'Content-Length': '3720'
2026-02-18T10:03:47.3550047Z     'Accept': 'application/json'
2026-02-18T10:03:47.3550064Z     'x-ms-client-request-id': '1dc75dee-0cb1-11f1-b7fb-0adf85178b07'
2026-02-18T10:03:47.3550083Z     'User-Agent': 'azsdk-python-azuremonitorclient/unknown Python/3.11.14 (Linux-6.6.119.3-1.azl3-x86_64-with-glibc2.31)'
2026-02-18T10:03:47.3550149Z A body is sent with the request
2026-02-18T10:03:47.4644623Z 2026-02-18 10:03:47,464 - azure.core.pipeline.policies.http_logging_policy - INFO - Response status: 200
2026-02-18T10:03:47.4644939Z Response headers:
2026-02-18T10:03:47.4644964Z     'Transfer-Encoding': 'chunked'
2026-02-18T10:03:47.4644989Z     'Content-Type': 'application/json; charset=utf-8'
2026-02-18T10:03:47.4645006Z     'Server': 'Microsoft-HTTPAPI/2.0'
2026-02-18T10:03:47.4645024Z     'Strict-Transport-Security': 'REDACTED'
2026-02-18T10:03:47.4645038Z     'X-Content-Type-Options': 'REDACTED'
2026-02-18T10:03:47.4645054Z     'Date': 'Wed, 18 Feb 2026 10:03:47 GMT'
2026-02-18T10:03:47.4651849Z 2026-02-18 10:03:47,464 - azure.monitor.opentelemetry.exporter.export._base - INFO - Transmission succeeded: Item received: 3. Items accepted: 3
2026-02-18T10:03:50.8603312Z 2026-02-18 10:03:50,859 - azure.core.pipeline.policies.http_logging_policy - INFO - Request URL: 'https://westus2-2.in.applicationinsights.azure.com//v2.1/track'
2026-02-18T10:03:50.8603635Z Request method: 'POST'
2026-02-18T10:03:50.8603663Z Request headers:
2026-02-18T10:03:50.8603693Z     'Content-Type': 'application/json'
2026-02-18T10:03:50.8603715Z     'Content-Length': '3720'
2026-02-18T10:03:50.8603735Z     'Accept': 'application/json'
2026-02-18T10:03:50.8603758Z     'x-ms-client-request-id': '1fde3026-0cb1-11f1-a748-0adf85178b07'
2026-02-18T10:03:50.8603783Z     'User-Agent': 'azsdk-python-azuremonitorclient/unknown Python/3.11.14 (Linux-6.6.119.3-1.azl3-x86_64-with-glibc2.31)'
2026-02-18T10:03:50.8603805Z A body is sent with the request
2026-02-18T10:03:50.9796027Z 2026-02-18 10:03:50,979 - azure.core.pipeline.policies.http_logging_policy - INFO - Response status: 200
2026-02-18T10:03:50.9796359Z Response headers:
2026-02-18T10:03:50.9796385Z     'Transfer-Encoding': 'chunked'
2026-02-18T10:03:50.9796400Z     'Content-Type': 'application/json; charset=utf-8'
2026-02-18T10:03:50.9796416Z     'Server': 'Microsoft-HTTPAPI/2.0'
2026-02-18T10:03:50.9796433Z     'Strict-Transport-Security': 'REDACTED'
2026-02-18T10:03:50.9796451Z     'X-Content-Type-Options': 'REDACTED'
2026-02-18T10:03:50.9796469Z     'Date': 'Wed, 18 Feb 2026 10:03:50 GMT'
2026-02-18T10:03:50.9803169Z 2026-02-18 10:03:50,979 - azure.monitor.opentelemetry.exporter.export._base - INFO - Transmission succeeded: Item received: 3. Items accepted: 3
2026-02-18T10:03:52.4680019Z 2026-02-18 10:03:52,466 - azure.core.pipeline.policies.http_logging_policy - INFO - Request URL: 'https://westus2-2.in.applicationinsights.azure.com//v2.1/track'
2026-02-18T10:03:52.4680362Z Request method: 'POST'
2026-02-18T10:03:52.4680469Z Request headers:
2026-02-18T10:03:52.4680490Z     'Content-Type': 'application/json'
2026-02-18T10:03:52.4680509Z     'Content-Length': '3720'
2026-02-18T10:03:52.4680526Z     'Accept': 'application/json'
2026-02-18T10:03:52.4680547Z     'x-ms-client-request-id': '20d367da-0cb1-11f1-b7fb-0adf85178b07'
2026-02-18T10:03:52.4680571Z     'User-Agent': 'azsdk-python-azuremonitorclient/unknown Python/3.11.14 (Linux-6.6.119.3-1.azl3-x86_64-with-glibc2.31)'
2026-02-18T10:03:52.4680589Z A body is sent with the request
2026-02-18T10:03:52.5496571Z 2026-02-18 10:03:52,549 - azure.core.pipeline.policies.http_logging_policy - INFO - Response status: 200
2026-02-18T10:03:52.5496876Z Response headers:
2026-02-18T10:03:52.5496903Z     'Transfer-Encoding': 'chunked'
2026-02-18T10:03:52.5496922Z     'Content-Type': 'application/json; charset=utf-8'
2026-02-18T10:03:52.5497011Z     'Server': 'Microsoft-HTTPAPI/2.0'
2026-02-18T10:03:52.5497034Z     'Strict-Transport-Security': 'REDACTED'
2026-02-18T10:03:52.5497047Z     'X-Content-Type-Options': 'REDACTED'
2026-02-18T10:03:52.5497062Z     'Date': 'Wed, 18 Feb 2026 10:03:52 GMT'
2026-02-18T10:03:52.5500048Z 2026-02-18 10:03:52,549 - azure.monitor.opentelemetry.exporter.export._base - INFO - Transmission succeeded: Item received: 3. Items accepted: 3
2026-02-18T10:03:55.9816412Z 2026-02-18 10:03:55,981 - azure.core.pipeline.policies.http_logging_policy - INFO - Request URL: 'https://westus2-2.in.applicationinsights.azure.com//v2.1/track'
2026-02-18T10:03:55.9816822Z Request method: 'POST'
2026-02-18T10:03:55.9816846Z Request headers:
2026-02-18T10:03:55.9816862Z     'Content-Type': 'application/json'
2026-02-18T10:03:55.9816878Z     'Content-Length': '3720'
2026-02-18T10:03:55.9816945Z     'Accept': 'application/json'
2026-02-18T10:03:55.9816963Z     'x-ms-client-request-id': '22ebb4b4-0cb1-11f1-a748-0adf85178b07'
2026-02-18T10:03:55.9816981Z     'User-Agent': 'azsdk-python-azuremonitorclient/unknown Python/3.11.14 (Linux-6.6.119.3-1.azl3-x86_64-with-glibc2.31)'
2026-02-18T10:03:55.9816996Z A body is sent with the request
2026-02-18T10:03:56.0186723Z 2026-02-18 10:03:56,018 - azure.core.pipeline.policies.http_logging_policy - INFO - Response status: 200
2026-02-18T10:03:56.0186976Z Response headers:
2026-02-18T10:03:56.0187003Z     'Transfer-Encoding': 'chunked'
2026-02-18T10:03:56.0187025Z     'Content-Type': 'application/json; charset=utf-8'
2026-02-18T10:03:56.0187051Z     'Server': 'Microsoft-HTTPAPI/2.0'
2026-02-18T10:03:56.0187071Z     'Strict-Transport-Security': 'REDACTED'
2026-02-18T10:03:56.0187124Z     'X-Content-Type-Options': 'REDACTED'
2026-02-18T10:03:56.0187148Z     'Date': 'Wed, 18 Feb 2026 10:03:55 GMT'
2026-02-18T10:03:56.0192390Z 2026-02-18 10:03:56,018 - azure.monitor.opentelemetry.exporter.export._base - INFO - Transmission succeeded: Item received: 3. Items accepted: 3
2026-02-18T10:03:57.5524608Z 2026-02-18 10:03:57,551 - azure.core.pipeline.policies.http_logging_policy - INFO - Request URL: 'https://westus2-2.in.applicationinsights.azure.com//v2.1/track'
2026-02-18T10:03:57.5525074Z Request method: 'POST'
2026-02-18T10:03:57.5525099Z Request headers:
2026-02-18T10:03:57.5525117Z     'Content-Type': 'application/json'
2026-02-18T10:03:57.5525137Z     'Content-Length': '3720'
2026-02-18T10:03:57.5525157Z     'Accept': 'application/json'
2026-02-18T10:03:57.5525177Z     'x-ms-client-request-id': '23db434e-0cb1-11f1-b7fb-0adf85178b07'
2026-02-18T10:03:57.5525261Z     'User-Agent': 'azsdk-python-azuremonitorclient/unknown Python/3.11.14 (Linux-6.6.119.3-1.azl3-x86_64-with-glibc2.31)'
2026-02-18T10:03:57.5525279Z A body is sent with the request
2026-02-18T10:03:57.6122447Z 2026-02-18 10:03:57,612 - azure.core.pipeline.policies.http_logging_policy - INFO - Response status: 200
2026-02-18T10:03:57.6122889Z Response headers:
2026-02-18T10:03:57.6122914Z     'Transfer-Encoding': 'chunked'
2026-02-18T10:03:57.6122940Z     'Content-Type': 'application/json; charset=utf-8'
2026-02-18T10:03:57.6122959Z     'Server': 'Microsoft-HTTPAPI/2.0'
2026-02-18T10:03:57.6122976Z     'Strict-Transport-Security': 'REDACTED'
2026-02-18T10:03:57.6122993Z     'X-Content-Type-Options': 'REDACTED'
2026-02-18T10:03:57.6123007Z     'Date': 'Wed, 18 Feb 2026 10:03:57 GMT'
2026-02-18T10:03:57.6128299Z 2026-02-18 10:03:57,612 - azure.monitor.opentelemetry.exporter.export._base - INFO - Transmission succeeded: Item received: 3. Items accepted: 3
2026-02-18T10:04:01.0206682Z 2026-02-18 10:04:01,020 - azure.core.pipeline.policies.http_logging_policy - INFO - Request URL: 'https://westus2-2.in.applicationinsights.azure.com//v2.1/track'
2026-02-18T10:04:01.0206968Z Request method: 'POST'
2026-02-18T10:04:01.0206996Z Request headers:
2026-02-18T10:04:01.0207019Z     'Content-Type': 'application/json'
2026-02-18T10:04:01.0207038Z     'Content-Length': '3719'
2026-02-18T10:04:01.0207057Z     'Accept': 'application/json'
2026-02-18T10:04:01.0207077Z     'x-ms-client-request-id': '25ec98a4-0cb1-11f1-a748-0adf85178b07'
2026-02-18T10:04:01.0207100Z     'User-Agent': 'azsdk-python-azuremonitorclient/unknown Python/3.11.14 (Linux-6.6.119.3-1.azl3-x86_64-with-glibc2.31)'
2026-02-18T10:04:01.0207121Z A body is sent with the request
2026-02-18T10:04:01.1594367Z 2026-02-18 10:04:01,159 - azure.core.pipeline.policies.http_logging_policy - INFO - Response status: 200
2026-02-18T10:04:01.1594671Z Response headers:
2026-02-18T10:04:01.1594699Z     'Transfer-Encoding': 'chunked'
2026-02-18T10:04:01.1594719Z     'Content-Type': 'application/json; charset=utf-8'
2026-02-18T10:04:01.1594743Z     'Server': 'Microsoft-HTTPAPI/2.0'
2026-02-18T10:04:01.1594762Z     'Strict-Transport-Security': 'REDACTED'
2026-02-18T10:04:01.1594781Z     'X-Content-Type-Options': 'REDACTED'
2026-02-18T10:04:01.1594799Z     'Date': 'Wed, 18 Feb 2026 10:04:00 GMT'
2026-02-18T10:04:01.1597827Z 2026-02-18 10:04:01,159 - azure.monitor.opentelemetry.exporter.export._base - INFO - Transmission succeeded: Item received: 3. Items accepted: 3
2026-02-18T10:04:02.6143796Z 2026-02-18 10:04:02,614 - azure.core.pipeline.policies.http_logging_policy - INFO - Request URL: 'https://westus2-2.in.applicationinsights.azure.com//v2.1/track'
2026-02-18T10:04:02.6144227Z Request method: 'POST'
2026-02-18T10:04:02.6144255Z Request headers:
2026-02-18T10:04:02.6144283Z     'Content-Type': 'application/json'
2026-02-18T10:04:02.6144305Z     'Content-Length': '3719'
2026-02-18T10:04:02.6144328Z     'Accept': 'application/json'
2026-02-18T10:04:02.6144353Z     'x-ms-client-request-id': '26dfc5ce-0cb1-11f1-b7fb-0adf85178b07'
2026-02-18T10:04:02.6144377Z     'User-Agent': 'azsdk-python-azuremonitorclient/unknown Python/3.11.14 (Linux-6.6.119.3-1.azl3-x86_64-with-glibc2.31)'
2026-02-18T10:04:02.6144399Z A body is sent with the request
2026-02-18T10:04:02.7282384Z 2026-02-18 10:04:02,728 - azure.core.pipeline.policies.http_logging_policy - INFO - Response status: 200
2026-02-18T10:04:02.7282656Z Response headers:
2026-02-18T10:04:02.7282679Z     'Transfer-Encoding': 'chunked'
2026-02-18T10:04:02.7282742Z     'Content-Type': 'application/json; charset=utf-8'
2026-02-18T10:04:02.7282760Z     'Server': 'Microsoft-HTTPAPI/2.0'
2026-02-18T10:04:02.7282778Z     'Strict-Transport-Security': 'REDACTED'
2026-02-18T10:04:02.7282795Z     'X-Content-Type-Options': 'REDACTED'
2026-02-18T10:04:02.7282814Z     'Date': 'Wed, 18 Feb 2026 10:04:02 GMT'
2026-02-18T10:04:02.7286996Z 2026-02-18 10:04:02,728 - azure.monitor.opentelemetry.exporter.export._base - INFO - Transmission succeeded: Item received: 3. Items accepted: 3
2026-02-18T10:04:06.1615684Z 2026-02-18 10:04:06,161 - azure.core.pipeline.policies.http_logging_policy - INFO - Request URL: 'https://westus2-2.in.applicationinsights.azure.com//v2.1/track'
2026-02-18T10:04:06.1616044Z Request method: 'POST'
2026-02-18T10:04:06.1616064Z Request headers:
2026-02-18T10:04:06.1616142Z     'Content-Type': 'application/json'
2026-02-18T10:04:06.1616163Z     'Content-Length': '3720'
2026-02-18T10:04:06.1616181Z     'Accept': 'application/json'
2026-02-18T10:04:06.1616201Z     'x-ms-client-request-id': '28fd08f8-0cb1-11f1-a748-0adf85178b07'
2026-02-18T10:04:06.1616223Z     'User-Agent': 'azsdk-python-azuremonitorclient/unknown Python/3.11.14 (Linux-6.6.119.3-1.azl3-x86_64-with-glibc2.31)'
2026-02-18T10:04:06.1616242Z A body is sent with the request
2026-02-18T10:04:06.2640068Z 2026-02-18 10:04:06,263 - azure.core.pipeline.policies.http_logging_policy - INFO - Response status: 200
2026-02-18T10:04:06.2640407Z Response headers:
2026-02-18T10:04:06.2640432Z     'Transfer-Encoding': 'chunked'
2026-02-18T10:04:06.2640455Z     'Content-Type': 'application/json; charset=utf-8'
2026-02-18T10:04:06.2640474Z     'Server': 'Microsoft-HTTPAPI/2.0'
2026-02-18T10:04:06.2640551Z     'Strict-Transport-Security': 'REDACTED'
2026-02-18T10:04:06.2640569Z     'X-Content-Type-Options': 'REDACTED'
2026-02-18T10:04:06.2640586Z     'Date': 'Wed, 18 Feb 2026 10:04:05 GMT'
2026-02-18T10:04:06.2646117Z 2026-02-18 10:04:06,264 - azure.monitor.opentelemetry.exporter.export._base - INFO - Transmission succeeded: Item received: 3. Items accepted: 3
2026-02-18T10:04:07.7304149Z 2026-02-18 10:04:07,730 - azure.core.pipeline.policies.http_logging_policy - INFO - Request URL: 'https://westus2-2.in.applicationinsights.azure.com//v2.1/track'
2026-02-18T10:04:07.7304424Z Request method: 'POST'
2026-02-18T10:04:07.7304447Z Request headers:
2026-02-18T10:04:07.7304469Z     'Content-Type': 'application/json'
2026-02-18T10:04:07.7304488Z     'Content-Length': '3720'
2026-02-18T10:04:07.7304505Z     'Accept': 'application/json'
2026-02-18T10:04:07.7304585Z     'x-ms-client-request-id': '29ec6c86-0cb1-11f1-b7fb-0adf85178b07'
2026-02-18T10:04:07.7304606Z     'User-Agent': 'azsdk-python-azuremonitorclient/unknown Python/3.11.14 (Linux-6.6.119.3-1.azl3-x86_64-with-glibc2.31)'
2026-02-18T10:04:07.7304621Z A body is sent with the request
2026-02-18T10:04:08.1668879Z 2026-02-18 10:04:08,166 - azure.core.pipeline.policies.http_logging_policy - INFO - Response status: 200
2026-02-18T10:04:08.1669680Z Response headers:
2026-02-18T10:04:08.1669717Z     'Transfer-Encoding': 'chunked'
2026-02-18T10:04:08.1669735Z     'Content-Type': 'application/json; charset=utf-8'
2026-02-18T10:04:08.1669751Z     'Server': 'Microsoft-HTTPAPI/2.0'
2026-02-18T10:04:08.1669768Z     'Strict-Transport-Security': 'REDACTED'
2026-02-18T10:04:08.1669788Z     'X-Content-Type-Options': 'REDACTED'
2026-02-18T10:04:08.1669806Z     'Date': 'Wed, 18 Feb 2026 10:04:07 GMT'
2026-02-18T10:04:08.1674211Z 2026-02-18 10:04:08,167 - azure.monitor.opentelemetry.exporter.export._base - INFO - Transmission succeeded: Item received: 3. Items accepted: 3
2026-02-18T10:04:11.2662418Z 2026-02-18 10:04:11,265 - azure.core.pipeline.policies.http_logging_policy - INFO - Request URL: 'https://westus2-2.in.applicationinsights.azure.com//v2.1/track'
2026-02-18T10:04:11.2662745Z Request method: 'POST'
2026-02-18T10:04:11.2662769Z Request headers:
2026-02-18T10:04:11.2662791Z     'Content-Type': 'application/json'
2026-02-18T10:04:11.2662809Z     'Content-Length': '3720'
2026-02-18T10:04:11.2662828Z     'Accept': 'application/json'
2026-02-18T10:04:11.2662846Z     'x-ms-client-request-id': '2c07f058-0cb1-11f1-a748-0adf85178b07'
2026-02-18T10:04:11.2662867Z     'User-Agent': 'azsdk-python-azuremonitorclient/unknown Python/3.11.14 (Linux-6.6.119.3-1.azl3-x86_64-with-glibc2.31)'
2026-02-18T10:04:11.2662954Z A body is sent with the request
2026-02-18T10:04:11.3734576Z 2026-02-18 10:04:11,373 - azure.core.pipeline.policies.http_logging_policy - INFO - Response status: 200
2026-02-18T10:04:11.3734903Z Response headers:
2026-02-18T10:04:11.3734928Z     'Transfer-Encoding': 'chunked'
2026-02-18T10:04:11.3734947Z     'Content-Type': 'application/json; charset=utf-8'
2026-02-18T10:04:11.3734966Z     'Server': 'Microsoft-HTTPAPI/2.0'
2026-02-18T10:04:11.3734983Z     'Strict-Transport-Security': 'REDACTED'
2026-02-18T10:04:11.3734998Z     'X-Content-Type-Options': 'REDACTED'
2026-02-18T10:04:11.3735016Z     'Date': 'Wed, 18 Feb 2026 10:04:11 GMT'
2026-02-18T10:04:11.3739882Z 2026-02-18 10:04:11,373 - azure.monitor.opentelemetry.exporter.export._base - INFO - Transmission succeeded: Item received: 3. Items accepted: 3
2026-02-18T10:04:13.1699704Z 2026-02-18 10:04:13,169 - azure.core.pipeline.policies.http_logging_policy - INFO - Request URL: 'https://westus2-2.in.applicationinsights.azure.com//v2.1/track'
2026-02-18T10:04:13.1700007Z Request method: 'POST'
2026-02-18T10:04:13.1700029Z Request headers:
2026-02-18T10:04:13.1700048Z     'Content-Type': 'application/json'
2026-02-18T10:04:13.1700069Z     'Content-Length': '3720'
2026-02-18T10:04:13.1700088Z     'Accept': 'application/json'
2026-02-18T10:04:13.1700108Z     'x-ms-client-request-id': '2d2a6f92-0cb1-11f1-b7fb-0adf85178b07'
2026-02-18T10:04:13.1700132Z     'User-Agent': 'azsdk-python-azuremonitorclient/unknown Python/3.11.14 (Linux-6.6.119.3-1.azl3-x86_64-with-glibc2.31)'
2026-02-18T10:04:13.1700150Z A body is sent with the request
2026-02-18T10:04:13.4159238Z 2026-02-18 10:04:13,415 - azure.core.pipeline.policies.http_logging_policy - INFO - Response status: 200
2026-02-18T10:04:13.4159666Z Response headers:
2026-02-18T10:04:13.4159698Z     'Transfer-Encoding': 'chunked'
2026-02-18T10:04:13.4159721Z     'Content-Type': 'application/json; charset=utf-8'
2026-02-18T10:04:13.4159743Z     'Server': 'Microsoft-HTTPAPI/2.0'
2026-02-18T10:04:13.4159766Z     'Strict-Transport-Security': 'REDACTED'
2026-02-18T10:04:13.4159785Z     'X-Content-Type-Options': 'REDACTED'
2026-02-18T10:04:13.4159807Z     'Date': 'Wed, 18 Feb 2026 10:04:12 GMT'
2026-02-18T10:04:13.4169365Z 2026-02-18 10:04:13,416 - azure.monitor.opentelemetry.exporter.export._base - INFO - Transmission succeeded: Item received: 3. Items accepted: 3
2026-02-18T10:04:16.3753845Z 2026-02-18 10:04:16,375 - azure.core.pipeline.policies.http_logging_policy - INFO - Request URL: 'https://westus2-2.in.applicationinsights.azure.com//v2.1/track'
2026-02-18T10:04:16.3754155Z Request method: 'POST'
2026-02-18T10:04:16.3754242Z Request headers:
2026-02-18T10:04:16.3754269Z     'Content-Type': 'application/json'
2026-02-18T10:04:16.3754289Z     'Content-Length': '3720'
2026-02-18T10:04:16.3754306Z     'Accept': 'application/json'
2026-02-18T10:04:16.3754326Z     'x-ms-client-request-id': '2f138ba4-0cb1-11f1-a748-0adf85178b07'
2026-02-18T10:04:16.3754348Z     'User-Agent': 'azsdk-python-azuremonitorclient/unknown Python/3.11.14 (Linux-6.6.119.3-1.azl3-x86_64-with-glibc2.31)'
2026-02-18T10:04:16.3754365Z A body is sent with the request
2026-02-18T10:04:16.4880905Z 2026-02-18 10:04:16,487 - azure.core.pipeline.policies.http_logging_policy - INFO - Response status: 200
2026-02-18T10:04:16.4881561Z Response headers:
2026-02-18T10:04:16.4881589Z     'Transfer-Encoding': 'chunked'
2026-02-18T10:04:16.4881612Z     'Content-Type': 'application/json; charset=utf-8'
2026-02-18T10:04:16.4881817Z     'Server': 'Microsoft-HTTPAPI/2.0'
2026-02-18T10:04:16.4881834Z     'Strict-Transport-Security': 'REDACTED'
2026-02-18T10:04:16.4881850Z     'X-Content-Type-Options': 'REDACTED'
2026-02-18T10:04:16.4881864Z     'Date': 'Wed, 18 Feb 2026 10:04:16 GMT'
2026-02-18T10:04:16.4885754Z 2026-02-18 10:04:16,488 - azure.monitor.opentelemetry.exporter.export._base - INFO - Transmission succeeded: Item received: 3. Items accepted: 3
2026-02-18T10:04:18.4182534Z 2026-02-18 10:04:18,418 - azure.core.pipeline.policies.http_logging_policy - INFO - Request URL: 'https://westus2-2.in.applicationinsights.azure.com//v2.1/track'
2026-02-18T10:04:18.4182848Z Request method: 'POST'
2026-02-18T10:04:18.4182870Z Request headers:
2026-02-18T10:04:18.4182888Z     'Content-Type': 'application/json'
2026-02-18T10:04:18.4182906Z     'Content-Length': '3720'
2026-02-18T10:04:18.4183096Z     'Accept': 'application/json'
2026-02-18T10:04:18.4183117Z     'x-ms-client-request-id': '304b4214-0cb1-11f1-b7fb-0adf85178b07'
2026-02-18T10:04:18.4183141Z     'User-Agent': 'azsdk-python-azuremonitorclient/unknown Python/3.11.14 (Linux-6.6.119.3-1.azl3-x86_64-with-glibc2.31)'
2026-02-18T10:04:18.4183159Z A body is sent with the request
2026-02-18T10:04:18.5029063Z 2026-02-18 10:04:18,502 - azure.core.pipeline.policies.http_logging_policy - INFO - Response status: 200
2026-02-18T10:04:18.5029738Z Response headers:
2026-02-18T10:04:18.5029767Z     'Transfer-Encoding': 'chunked'
2026-02-18T10:04:18.5029789Z     'Content-Type': 'application/json; charset=utf-8'
2026-02-18T10:04:18.5029807Z     'Server': 'Microsoft-HTTPAPI/2.0'
2026-02-18T10:04:18.5029823Z     'Strict-Transport-Security': 'REDACTED'
2026-02-18T10:04:18.5029922Z     'X-Content-Type-Options': 'REDACTED'
2026-02-18T10:04:18.5029945Z     'Date': 'Wed, 18 Feb 2026 10:04:17 GMT'
2026-02-18T10:04:18.5036332Z 2026-02-18 10:04:18,503 - azure.monitor.opentelemetry.exporter.export._base - INFO - Transmission succeeded: Item received: 3. Items accepted: 3
2026-02-18T10:04:21.4905805Z 2026-02-18 10:04:21,490 - azure.core.pipeline.policies.http_logging_policy - INFO - Request URL: 'https://westus2-2.in.applicationinsights.azure.com//v2.1/track'
2026-02-18T10:04:21.4906138Z Request method: 'POST'
2026-02-18T10:04:21.4906161Z Request headers:
2026-02-18T10:04:21.4906180Z     'Content-Type': 'application/json'
2026-02-18T10:04:21.4906196Z     'Content-Length': '3717'
2026-02-18T10:04:21.4906639Z     'Accept': 'application/json'
2026-02-18T10:04:21.4906658Z     'x-ms-client-request-id': '32200e76-0cb1-11f1-a748-0adf85178b07'
2026-02-18T10:04:21.4906676Z     'User-Agent': 'azsdk-python-azuremonitorclient/unknown Python/3.11.14 (Linux-6.6.119.3-1.azl3-x86_64-with-glibc2.31)'
2026-02-18T10:04:21.4906691Z A body is sent with the request
2026-02-18T10:04:21.5534178Z 2026-02-18 10:04:21,553 - azure.core.pipeline.policies.http_logging_policy - INFO - Response status: 200
2026-02-18T10:04:21.5534434Z Response headers:
2026-02-18T10:04:21.5534457Z     'Transfer-Encoding': 'chunked'
2026-02-18T10:04:21.5534476Z     'Content-Type': 'application/json; charset=utf-8'
2026-02-18T10:04:21.5534493Z     'Server': 'Microsoft-HTTPAPI/2.0'
2026-02-18T10:04:21.5534510Z     'Strict-Transport-Security': 'REDACTED'
2026-02-18T10:04:21.5534662Z     'X-Content-Type-Options': 'REDACTED'
2026-02-18T10:04:21.5534680Z     'Date': 'Wed, 18 Feb 2026 10:04:21 GMT'
2026-02-18T10:04:21.5539464Z 2026-02-18 10:04:21,553 - azure.monitor.opentelemetry.exporter.export._base - INFO - Transmission succeeded: Item received: 3. Items accepted: 3
2026-02-18T10:04:23.5058178Z 2026-02-18 10:04:23,505 - azure.core.pipeline.policies.http_logging_policy - INFO - Request URL: 'https://westus2-2.in.applicationinsights.azure.com//v2.1/track'
2026-02-18T10:04:23.5058715Z Request method: 'POST'
2026-02-18T10:04:23.5058741Z Request headers:
2026-02-18T10:04:23.5058759Z     'Content-Type': 'application/json'
2026-02-18T10:04:23.5058776Z     'Content-Length': '3720'
2026-02-18T10:04:23.5058792Z     'Accept': 'application/json'
2026-02-18T10:04:23.5058811Z     'x-ms-client-request-id': '33538e94-0cb1-11f1-b7fb-0adf85178b07'
2026-02-18T10:04:23.5059008Z     'User-Agent': 'azsdk-python-azuremonitorclient/unknown Python/3.11.14 (Linux-6.6.119.3-1.azl3-x86_64-with-glibc2.31)'
2026-02-18T10:04:23.5059029Z A body is sent with the request
2026-02-18T10:04:23.5742759Z 2026-02-18 10:04:23,574 - azure.core.pipeline.policies.http_logging_policy - INFO - Response status: 200
2026-02-18T10:04:23.5743042Z Response headers:
2026-02-18T10:04:23.5743337Z     'Transfer-Encoding': 'chunked'
2026-02-18T10:04:23.5743364Z     'Content-Type': 'application/json; charset=utf-8'
2026-02-18T10:04:23.5743381Z     'Server': 'Microsoft-HTTPAPI/2.0'
2026-02-18T10:04:23.5743396Z     'Strict-Transport-Security': 'REDACTED'
2026-02-18T10:04:23.5743411Z     'X-Content-Type-Options': 'REDACTED'
2026-02-18T10:04:23.5743428Z     'Date': 'Wed, 18 Feb 2026 10:04:22 GMT'
2026-02-18T10:04:23.5753345Z 2026-02-18 10:04:23,574 - azure.monitor.opentelemetry.exporter.export._base - INFO - Transmission succeeded: Item received: 3. Items accepted: 3
2026-02-18T10:04:26.5576859Z 2026-02-18 10:04:26,555 - azure.core.pipeline.policies.http_logging_policy - INFO - Request URL: 'https://westus2-2.in.applicationinsights.azure.com//v2.1/track'
2026-02-18T10:04:26.5577494Z Request method: 'POST'
2026-02-18T10:04:26.5577519Z Request headers:
2026-02-18T10:04:26.5577541Z     'Content-Type': 'application/json'
2026-02-18T10:04:26.5577559Z     'Content-Length': '3720'
2026-02-18T10:04:26.5577575Z     'Accept': 'application/json'
2026-02-18T10:04:26.5577706Z     'x-ms-client-request-id': '3524ee66-0cb1-11f1-a748-0adf85178b07'
2026-02-18T10:04:26.5577731Z     'User-Agent': 'azsdk-python-azuremonitorclient/unknown Python/3.11.14 (Linux-6.6.119.3-1.azl3-x86_64-with-glibc2.31)'
2026-02-18T10:04:26.5577748Z A body is sent with the request
2026-02-18T10:04:26.6533327Z 2026-02-18 10:04:26,652 - azure.core.pipeline.policies.http_logging_policy - INFO - Response status: 200
2026-02-18T10:04:26.6533594Z Response headers:
2026-02-18T10:04:26.6533620Z     'Transfer-Encoding': 'chunked'
2026-02-18T10:04:26.6533642Z     'Content-Type': 'application/json; charset=utf-8'
2026-02-18T10:04:26.6533661Z     'Server': 'Microsoft-HTTPAPI/2.0'
2026-02-18T10:04:26.6533686Z     'Strict-Transport-Security': 'REDACTED'
2026-02-18T10:04:26.6533708Z     'X-Content-Type-Options': 'REDACTED'
2026-02-18T10:04:26.6533723Z     'Date': 'Wed, 18 Feb 2026 10:04:26 GMT'
2026-02-18T10:04:26.6533746Z 2026-02-18 10:04:26,653 - azure.monitor.opentelemetry.exporter.export._base - INFO - Transmission succeeded: Item received: 3. Items accepted: 3
2026-02-18T10:04:28.5769779Z 2026-02-18 10:04:28,576 - azure.core.pipeline.policies.http_logging_policy - INFO - Request URL: 'https://westus2-2.in.applicationinsights.azure.com//v2.1/track'
2026-02-18T10:04:28.5770279Z Request method: 'POST'
2026-02-18T10:04:28.5770305Z Request headers:
2026-02-18T10:04:28.5770324Z     'Content-Type': 'application/json'
2026-02-18T10:04:28.5770344Z     'Content-Length': '3720'
2026-02-18T10:04:28.5770363Z     'Accept': 'application/json'
2026-02-18T10:04:28.5770381Z     'x-ms-client-request-id': '36595a06-0cb1-11f1-b7fb-0adf85178b07'
2026-02-18T10:04:28.5770403Z     'User-Agent': 'azsdk-python-azuremonitorclient/unknown Python/3.11.14 (Linux-6.6.119.3-1.azl3-x86_64-with-glibc2.31)'
2026-02-18T10:04:28.5770420Z A body is sent with the request
2026-02-18T10:04:28.8640036Z 2026-02-18 10:04:28,863 - azure.core.pipeline.policies.http_logging_policy - INFO - Response status: 200
2026-02-18T10:04:28.8640361Z Response headers:
2026-02-18T10:04:28.8640573Z     'Transfer-Encoding': 'chunked'
2026-02-18T10:04:28.8640597Z     'Content-Type': 'application/json; charset=utf-8'
2026-02-18T10:04:28.8640615Z     'Server': 'Microsoft-HTTPAPI/2.0'
2026-02-18T10:04:28.8640632Z     'Strict-Transport-Security': 'REDACTED'
2026-02-18T10:04:28.8640648Z     'X-Content-Type-Options': 'REDACTED'
2026-02-18T10:04:28.8640665Z     'Date': 'Wed, 18 Feb 2026 10:04:27 GMT'
2026-02-18T10:04:28.8647050Z 2026-02-18 10:04:28,864 - azure.monitor.opentelemetry.exporter.export._base - INFO - Transmission succeeded: Item received: 3. Items accepted: 3
2026-02-18T10:04:31.6555017Z 2026-02-18 10:04:31,655 - azure.core.pipeline.policies.http_logging_policy - INFO - Request URL: 'https://westus2-2.in.applicationinsights.azure.com//v2.1/track'
2026-02-18T10:04:31.6555275Z Request method: 'POST'
2026-02-18T10:04:31.6555301Z Request headers:
2026-02-18T10:04:31.6555737Z     'Content-Type': 'application/json'
2026-02-18T10:04:31.6555769Z     'Content-Length': '3720'
2026-02-18T10:04:31.6555788Z     'Accept': 'application/json'
2026-02-18T10:04:31.6555808Z     'x-ms-client-request-id': '382f1c30-0cb1-11f1-a748-0adf85178b07'
2026-02-18T10:04:31.6555831Z     'User-Agent': 'azsdk-python-azuremonitorclient/unknown Python/3.11.14 (Linux-6.6.119.3-1.azl3-x86_64-with-glibc2.31)'
2026-02-18T10:04:31.6555852Z A body is sent with the request
2026-02-18T10:04:31.7867045Z 2026-02-18 10:04:31,786 - azure.core.pipeline.policies.http_logging_policy - INFO - Response status: 200
2026-02-18T10:04:31.7867406Z Response headers:
2026-02-18T10:04:31.7867433Z     'Transfer-Encoding': 'chunked'
2026-02-18T10:04:31.7867458Z     'Content-Type': 'application/json; charset=utf-8'
2026-02-18T10:04:31.7867480Z     'Server': 'Microsoft-HTTPAPI/2.0'
2026-02-18T10:04:31.7867670Z     'Strict-Transport-Security': 'REDACTED'
2026-02-18T10:04:31.7867690Z     'X-Content-Type-Options': 'REDACTED'
2026-02-18T10:04:31.7867711Z     'Date': 'Wed, 18 Feb 2026 10:04:31 GMT'
2026-02-18T10:04:31.7876127Z 2026-02-18 10:04:31,787 - azure.monitor.opentelemetry.exporter.export._base - INFO - Transmission succeeded: Item received: 3. Items accepted: 3
2026-02-18T10:04:33.8660597Z 2026-02-18 10:04:33,865 - azure.core.pipeline.policies.http_logging_policy - INFO - Request URL: 'https://westus2-2.in.applicationinsights.azure.com//v2.1/track'
2026-02-18T10:04:33.8660945Z Request method: 'POST'
2026-02-18T10:04:33.8660968Z Request headers:
2026-02-18T10:04:33.8660988Z     'Content-Type': 'application/json'
2026-02-18T10:04:33.8661002Z     'Content-Length': '3718'
2026-02-18T10:04:33.8661016Z     'Accept': 'application/json'
2026-02-18T10:04:33.8661256Z     'x-ms-client-request-id': '398067d8-0cb1-11f1-b7fb-0adf85178b07'
2026-02-18T10:04:33.8661278Z     'User-Agent': 'azsdk-python-azuremonitorclient/unknown Python/3.11.14 (Linux-6.6.119.3-1.azl3-x86_64-with-glibc2.31)'
2026-02-18T10:04:33.8661294Z A body is sent with the request
2026-02-18T10:04:33.9789827Z 2026-02-18 10:04:33,978 - azure.core.pipeline.policies.http_logging_policy - INFO - Response status: 200
2026-02-18T10:04:33.9790148Z Response headers:
2026-02-18T10:04:33.9790181Z     'Transfer-Encoding': 'chunked'
2026-02-18T10:04:33.9790207Z     'Content-Type': 'application/json; charset=utf-8'
2026-02-18T10:04:33.9790229Z     'Server': 'Microsoft-HTTPAPI/2.0'
2026-02-18T10:04:33.9790255Z     'Strict-Transport-Security': 'REDACTED'
2026-02-18T10:04:33.9790276Z     'X-Content-Type-Options': 'REDACTED'
2026-02-18T10:04:33.9790548Z     'Date': 'Wed, 18 Feb 2026 10:04:32 GMT'
2026-02-18T10:04:33.9797737Z 2026-02-18 10:04:33,979 - azure.monitor.opentelemetry.exporter.export._base - INFO - Transmission succeeded: Item received: 3. Items accepted: 3
2026-02-18T10:04:36.8036764Z 2026-02-18 10:04:36,803 - azure.core.pipeline.policies.http_logging_policy - INFO - Request URL: 'https://westus2-2.in.applicationinsights.azure.com//v2.1/track'
2026-02-18T10:04:36.8037129Z Request method: 'POST'
2026-02-18T10:04:36.8037152Z Request headers:
2026-02-18T10:04:36.8037169Z     'Content-Type': 'application/json'
2026-02-18T10:04:36.8037183Z     'Content-Length': '3720'
2026-02-18T10:04:36.8037199Z     'Accept': 'application/json'
2026-02-18T10:04:36.8037218Z     'x-ms-client-request-id': '3b40a31c-0cb1-11f1-a748-0adf85178b07'
2026-02-18T10:04:36.8037240Z     'User-Agent': 'azsdk-python-azuremonitorclient/unknown Python/3.11.14 (Linux-6.6.119.3-1.azl3-x86_64-with-glibc2.31)'
2026-02-18T10:04:36.8037257Z A body is sent with the request
2026-02-18T10:04:36.9644876Z 2026-02-18 10:04:36,964 - azure.core.pipeline.policies.http_logging_policy - INFO - Response status: 200
2026-02-18T10:04:36.9645139Z Response headers:
2026-02-18T10:04:36.9645189Z     'Transfer-Encoding': 'chunked'
2026-02-18T10:04:36.9645209Z     'Content-Type': 'application/json; charset=utf-8'
2026-02-18T10:04:36.9645225Z     'Server': 'Microsoft-HTTPAPI/2.0'
2026-02-18T10:04:36.9645241Z     'Strict-Transport-Security': 'REDACTED'
2026-02-18T10:04:36.9645258Z     'X-Content-Type-Options': 'REDACTED'
2026-02-18T10:04:36.9645273Z     'Date': 'Wed, 18 Feb 2026 10:04:36 GMT'
2026-02-18T10:04:36.9648625Z 2026-02-18 10:04:36,964 - azure.monitor.opentelemetry.exporter.export._base - INFO - Transmission succeeded: Item received: 3. Items accepted: 3
2026-02-18T10:04:38.9817849Z 2026-02-18 10:04:38,981 - azure.core.pipeline.policies.http_logging_policy - INFO - Request URL: 'https://westus2-2.in.applicationinsights.azure.com//v2.1/track'
2026-02-18T10:04:38.9822267Z Request method: 'POST'
2026-02-18T10:04:38.9822314Z Request headers:
2026-02-18T10:04:38.9822356Z     'Content-Type': 'application/json'
2026-02-18T10:04:38.9822375Z     'Content-Length': '3720'
2026-02-18T10:04:38.9822392Z     'Accept': 'application/json'
2026-02-18T10:04:38.9822410Z     'x-ms-client-request-id': '3c8d02ba-0cb1-11f1-b7fb-0adf85178b07'
2026-02-18T10:04:38.9822430Z     'User-Agent': 'azsdk-python-azuremonitorclient/unknown Python/3.11.14 (Linux-6.6.119.3-1.azl3-x86_64-with-glibc2.31)'
2026-02-18T10:04:38.9822447Z A body is sent with the request
2026-02-18T10:04:39.1216537Z 2026-02-18 10:04:39,121 - azure.core.pipeline.policies.http_logging_policy - INFO - Response status: 200
2026-02-18T10:04:39.1216807Z Response headers:
2026-02-18T10:04:39.1216832Z     'Transfer-Encoding': 'chunked'
2026-02-18T10:04:39.1216850Z     'Content-Type': 'application/json; charset=utf-8'
2026-02-18T10:04:39.1216891Z     'Server': 'Microsoft-HTTPAPI/2.0'
2026-02-18T10:04:39.1216911Z     'Strict-Transport-Security': 'REDACTED'
2026-02-18T10:04:39.1216930Z     'X-Content-Type-Options': 'REDACTED'
2026-02-18T10:04:39.1216945Z     'Date': 'Wed, 18 Feb 2026 10:04:39 GMT'
2026-02-18T10:04:39.1219542Z 2026-02-18 10:04:39,121 - azure.monitor.opentelemetry.exporter.export._base - INFO - Transmission succeeded: Item received: 3. Items accepted: 3
2026-02-18T10:04:41.9668856Z 2026-02-18 10:04:41,966 - azure.core.pipeline.policies.http_logging_policy - INFO - Request URL: 'https://westus2-2.in.applicationinsights.azure.com//v2.1/track'
2026-02-18T10:04:41.9669872Z Request method: 'POST'
2026-02-18T10:04:41.9669909Z Request headers:
2026-02-18T10:04:41.9669928Z     'Content-Type': 'application/json'
2026-02-18T10:04:41.9669947Z     'Content-Length': '3719'
2026-02-18T10:04:41.9669993Z     'Accept': 'application/json'
2026-02-18T10:04:41.9670014Z     'x-ms-client-request-id': '3e547826-0cb1-11f1-a748-0adf85178b07'
2026-02-18T10:04:41.9670038Z     'User-Agent': 'azsdk-python-azuremonitorclient/unknown Python/3.11.14 (Linux-6.6.119.3-1.azl3-x86_64-with-glibc2.31)'
2026-02-18T10:04:41.9670056Z A body is sent with the request
2026-02-18T10:04:42.0771809Z 2026-02-18 10:04:42,076 - azure.core.pipeline.policies.http_logging_policy - INFO - Response status: 200
2026-02-18T10:04:42.0772123Z Response headers:
2026-02-18T10:04:42.0772147Z     'Transfer-Encoding': 'chunked'
2026-02-18T10:04:42.0772166Z     'Content-Type': 'application/json; charset=utf-8'
2026-02-18T10:04:42.0772334Z     'Server': 'Microsoft-HTTPAPI/2.0'
2026-02-18T10:04:42.0772361Z     'Strict-Transport-Security': 'REDACTED'
2026-02-18T10:04:42.0772380Z     'X-Content-Type-Options': 'REDACTED'
2026-02-18T10:04:42.0772429Z     'Date': 'Wed, 18 Feb 2026 10:04:42 GMT'
2026-02-18T10:04:42.0780956Z 2026-02-18 10:04:42,077 - azure.monitor.opentelemetry.exporter.export._base - INFO - Transmission succeeded: Item received: 3. Items accepted: 3
2026-02-18T10:04:44.1239351Z 2026-02-18 10:04:44,123 - azure.core.pipeline.policies.http_logging_policy - INFO - Request URL: 'https://westus2-2.in.applicationinsights.azure.com//v2.1/track'
2026-02-18T10:04:44.1239649Z Request method: 'POST'
2026-02-18T10:04:44.1239673Z Request headers:
2026-02-18T10:04:44.1239693Z     'Content-Type': 'application/json'
2026-02-18T10:04:44.1239712Z     'Content-Length': '3720'
2026-02-18T10:04:44.1239731Z     'Accept': 'application/json'
2026-02-18T10:04:44.1239750Z     'x-ms-client-request-id': '3f9da2d4-0cb1-11f1-b7fb-0adf85178b07'
2026-02-18T10:04:44.1239769Z     'User-Agent': 'azsdk-python-azuremonitorclient/unknown Python/3.11.14 (Linux-6.6.119.3-1.azl3-x86_64-with-glibc2.31)'
2026-02-18T10:04:44.1239787Z A body is sent with the request
2026-02-18T10:04:44.2497852Z 2026-02-18 10:04:44,249 - azure.core.pipeline.policies.http_logging_policy - INFO - Response status: 200
2026-02-18T10:04:44.2498256Z Response headers:
2026-02-18T10:04:44.2498342Z     'Transfer-Encoding': 'chunked'
2026-02-18T10:04:44.2498363Z     'Content-Type': 'application/json; charset=utf-8'
2026-02-18T10:04:44.2498378Z     'Server': 'Microsoft-HTTPAPI/2.0'
2026-02-18T10:04:44.2498395Z     'Strict-Transport-Security': 'REDACTED'
2026-02-18T10:04:44.2498411Z     'X-Content-Type-Options': 'REDACTED'
2026-02-18T10:04:44.2498429Z     'Date': 'Wed, 18 Feb 2026 10:04:44 GMT'
2026-02-18T10:04:44.2498450Z 2026-02-18 10:04:44,249 - azure.monitor.opentelemetry.exporter.export._base - INFO - Transmission succeeded: Item received: 3. Items accepted: 3
2026-02-18T10:04:47.0802208Z 2026-02-18 10:04:47,079 - azure.core.pipeline.policies.http_logging_policy - INFO - Request URL: 'https://westus2-2.in.applicationinsights.azure.com//v2.1/track'
2026-02-18T10:04:47.0802514Z Request method: 'POST'
2026-02-18T10:04:47.0802537Z Request headers:
2026-02-18T10:04:47.0802590Z     'Content-Type': 'application/json'
2026-02-18T10:04:47.0802611Z     'Content-Length': '3720'
2026-02-18T10:04:47.0802631Z     'Accept': 'application/json'
2026-02-18T10:04:47.0802652Z     'x-ms-client-request-id': '4160b9bc-0cb1-11f1-a748-0adf85178b07'
2026-02-18T10:04:47.0802676Z     'User-Agent': 'azsdk-python-azuremonitorclient/unknown Python/3.11.14 (Linux-6.6.119.3-1.azl3-x86_64-with-glibc2.31)'
2026-02-18T10:04:47.0802696Z A body is sent with the request
2026-02-18T10:04:47.1347800Z 2026-02-18 10:04:47,134 - azure.core.pipeline.policies.http_logging_policy - INFO - Response status: 200
2026-02-18T10:04:47.1348043Z Response headers:
2026-02-18T10:04:47.1348069Z     'Transfer-Encoding': 'chunked'
2026-02-18T10:04:47.1348096Z     'Content-Type': 'application/json; charset=utf-8'
2026-02-18T10:04:47.1348115Z     'Server': 'Microsoft-HTTPAPI/2.0'
2026-02-18T10:04:47.1348167Z     'Strict-Transport-Security': 'REDACTED'
2026-02-18T10:04:47.1348186Z     'X-Content-Type-Options': 'REDACTED'
2026-02-18T10:04:47.1348206Z     'Date': 'Wed, 18 Feb 2026 10:04:47 GMT'
2026-02-18T10:04:47.1356007Z 2026-02-18 10:04:47,135 - azure.monitor.opentelemetry.exporter.export._base - INFO - Transmission succeeded: Item received: 3. Items accepted: 3
2026-02-18T10:04:49.2512996Z 2026-02-18 10:04:49,250 - azure.core.pipeline.policies.http_logging_policy - INFO - Request URL: 'https://westus2-2.in.applicationinsights.azure.com//v2.1/track'
2026-02-18T10:04:49.2513509Z Request method: 'POST'
2026-02-18T10:04:49.2513539Z Request headers:
2026-02-18T10:04:49.2513557Z     'Content-Type': 'application/json'
2026-02-18T10:04:49.2513574Z     'Content-Length': '3720'
2026-02-18T10:04:49.2513593Z     'Accept': 'application/json'
2026-02-18T10:04:49.2513671Z     'x-ms-client-request-id': '42abfb06-0cb1-11f1-b7fb-0adf85178b07'
2026-02-18T10:04:49.2513693Z     'User-Agent': 'azsdk-python-azuremonitorclient/unknown Python/3.11.14 (Linux-6.6.119.3-1.azl3-x86_64-with-glibc2.31)'
2026-02-18T10:04:49.2513710Z A body is sent with the request
2026-02-18T10:04:49.3890538Z 2026-02-18 10:04:49,388 - azure.core.pipeline.policies.http_logging_policy - INFO - Response status: 200
2026-02-18T10:04:49.3890841Z Response headers:
2026-02-18T10:04:49.3890867Z     'Transfer-Encoding': 'chunked'
2026-02-18T10:04:49.3890887Z     'Content-Type': 'application/json; charset=utf-8'
2026-02-18T10:04:49.3890908Z     'Server': 'Microsoft-HTTPAPI/2.0'
2026-02-18T10:04:49.3890930Z     'Strict-Transport-Security': 'REDACTED'
2026-02-18T10:04:49.3890949Z     'X-Content-Type-Options': 'REDACTED'
2026-02-18T10:04:49.3891022Z     'Date': 'Wed, 18 Feb 2026 10:04:49 GMT'
2026-02-18T10:04:49.3891048Z 2026-02-18 10:04:49,388 - azure.monitor.opentelemetry.exporter.export._base - INFO - Transmission succeeded: Item received: 3. Items accepted: 3
2026-02-18T10:04:52.1388482Z 2026-02-18 10:04:52,137 - azure.core.pipeline.policies.http_logging_policy - INFO - Request URL: 'https://westus2-2.in.applicationinsights.azure.com//v2.1/track'
2026-02-18T10:04:52.1388910Z Request method: 'POST'
2026-02-18T10:04:52.1388935Z Request headers:
2026-02-18T10:04:52.1388955Z     'Content-Type': 'application/json'
2026-02-18T10:04:52.1388973Z     'Content-Length': '3719'
2026-02-18T10:04:52.1388992Z     'Accept': 'application/json'
2026-02-18T10:04:52.1389012Z     'x-ms-client-request-id': '44646474-0cb1-11f1-a748-0adf85178b07'
2026-02-18T10:04:52.1389034Z     'User-Agent': 'azsdk-python-azuremonitorclient/unknown Python/3.11.14 (Linux-6.6.119.3-1.azl3-x86_64-with-glibc2.31)'
2026-02-18T10:04:52.1389052Z A body is sent with the request
2026-02-18T10:04:52.2338681Z 2026-02-18 10:04:52,233 - azure.core.pipeline.policies.http_logging_policy - INFO - Response status: 200
2026-02-18T10:04:52.2338921Z Response headers:
2026-02-18T10:04:52.2338974Z     'Transfer-Encoding': 'chunked'
2026-02-18T10:04:52.2338993Z     'Content-Type': 'application/json; charset=utf-8'
2026-02-18T10:04:52.2339010Z     'Server': 'Microsoft-HTTPAPI/2.0'
2026-02-18T10:04:52.2339029Z     'Strict-Transport-Security': 'REDACTED'
2026-02-18T10:04:52.2339045Z     'X-Content-Type-Options': 'REDACTED'
2026-02-18T10:04:52.2339063Z     'Date': 'Wed, 18 Feb 2026 10:04:52 GMT'
2026-02-18T10:04:52.2343159Z 2026-02-18 10:04:52,234 - azure.monitor.opentelemetry.exporter.export._base - INFO - Transmission succeeded: Item received: 3. Items accepted: 3
2026-02-18T10:04:54.3905311Z 2026-02-18 10:04:54,390 - azure.core.pipeline.policies.http_logging_policy - INFO - Request URL: 'https://westus2-2.in.applicationinsights.azure.com//v2.1/track'
2026-02-18T10:04:54.3905595Z Request method: 'POST'
2026-02-18T10:04:54.3905618Z Request headers:
2026-02-18T10:04:54.3905668Z     'Content-Type': 'application/json'
2026-02-18T10:04:54.3905687Z     'Content-Length': '3720'
2026-02-18T10:04:54.3905705Z     'Accept': 'application/json'
2026-02-18T10:04:54.3905724Z     'x-ms-client-request-id': '45bc31f8-0cb1-11f1-b7fb-0adf85178b07'
2026-02-18T10:04:54.3905744Z     'User-Agent': 'azsdk-python-azuremonitorclient/unknown Python/3.11.14 (Linux-6.6.119.3-1.azl3-x86_64-with-glibc2.31)'
2026-02-18T10:04:54.3905760Z A body is sent with the request
2026-02-18T10:04:54.4936164Z 2026-02-18 10:04:54,493 - azure.core.pipeline.policies.http_logging_policy - INFO - Response status: 200
2026-02-18T10:04:54.4936422Z Response headers:
2026-02-18T10:04:54.4936446Z     'Transfer-Encoding': 'chunked'
2026-02-18T10:04:54.4936462Z     'Content-Type': 'application/json; charset=utf-8'
2026-02-18T10:04:54.4936511Z     'Server': 'Microsoft-HTTPAPI/2.0'
2026-02-18T10:04:54.4936528Z     'Strict-Transport-Security': 'REDACTED'
2026-02-18T10:04:54.4936545Z     'X-Content-Type-Options': 'REDACTED'
2026-02-18T10:04:54.4936562Z     'Date': 'Wed, 18 Feb 2026 10:04:54 GMT'
2026-02-18T10:04:54.4940186Z 2026-02-18 10:04:54,493 - azure.monitor.opentelemetry.exporter.export._base - INFO - Transmission succeeded: Item received: 3. Items accepted: 3
2026-02-18T10:04:57.2377820Z 2026-02-18 10:04:57,236 - azure.core.pipeline.policies.http_logging_policy - INFO - Request URL: 'https://westus2-2.in.applicationinsights.azure.com//v2.1/track'
2026-02-18T10:04:57.2379108Z Request method: 'POST'
2026-02-18T10:04:57.2379137Z Request headers:
2026-02-18T10:04:57.2379376Z     'Content-Type': 'application/json'
2026-02-18T10:04:57.2379395Z     'Content-Length': '3720'
2026-02-18T10:04:57.2379442Z     'Accept': 'application/json'
2026-02-18T10:04:57.2379462Z     'x-ms-client-request-id': '476e7b5a-0cb1-11f1-a748-0adf85178b07'
2026-02-18T10:04:57.2379484Z     'User-Agent': 'azsdk-python-azuremonitorclient/unknown Python/3.11.14 (Linux-6.6.119.3-1.azl3-x86_64-with-glibc2.31)'
2026-02-18T10:04:57.2379501Z A body is sent with the request
2026-02-18T10:04:57.3055357Z 2026-02-18 10:04:57,305 - azure.core.pipeline.policies.http_logging_policy - INFO - Response status: 200
2026-02-18T10:04:57.3061795Z Response headers:
2026-02-18T10:04:57.3061894Z     'Transfer-Encoding': 'chunked'
2026-02-18T10:04:57.3061918Z     'Content-Type': 'application/json; charset=utf-8'
2026-02-18T10:04:57.3061936Z     'Server': 'Microsoft-HTTPAPI/2.0'
2026-02-18T10:04:57.3061959Z     'Strict-Transport-Security': 'REDACTED'
2026-02-18T10:04:57.3061977Z     'X-Content-Type-Options': 'REDACTED'
2026-02-18T10:04:57.3062024Z     'Date': 'Wed, 18 Feb 2026 10:04:57 GMT'
2026-02-18T10:04:57.3087743Z 2026-02-18 10:04:57,308 - azure.monitor.opentelemetry.exporter.export._base - INFO - Transmission succeeded: Item received: 3. Items accepted: 3
2026-02-18T10:04:59.4955480Z 2026-02-18 10:04:59,495 - azure.core.pipeline.policies.http_logging_policy - INFO - Request URL: 'https://westus2-2.in.applicationinsights.azure.com//v2.1/track'
2026-02-18T10:04:59.4956014Z Request method: 'POST'
2026-02-18T10:04:59.4956041Z Request headers:
2026-02-18T10:04:59.4956061Z     'Content-Type': 'application/json'
2026-02-18T10:04:59.4956082Z     'Content-Length': '3719'
2026-02-18T10:04:59.4956103Z     'Accept': 'application/json'
2026-02-18T10:04:59.4956122Z     'x-ms-client-request-id': '48c7281c-0cb1-11f1-b7fb-0adf85178b07'
2026-02-18T10:04:59.4956202Z     'User-Agent': 'azsdk-python-azuremonitorclient/unknown Python/3.11.14 (Linux-6.6.119.3-1.azl3-x86_64-with-glibc2.31)'
2026-02-18T10:04:59.4956221Z A body is sent with the request
2026-02-18T10:04:59.5917289Z 2026-02-18 10:04:59,591 - azure.core.pipeline.policies.http_logging_policy - INFO - Response status: 200
2026-02-18T10:04:59.5917599Z Response headers:
2026-02-18T10:04:59.5917628Z     'Transfer-Encoding': 'chunked'
2026-02-18T10:04:59.5917658Z     'Content-Type': 'application/json; charset=utf-8'
2026-02-18T10:04:59.5917682Z     'Server': 'Microsoft-HTTPAPI/2.0'
2026-02-18T10:04:59.5917703Z     'Strict-Transport-Security': 'REDACTED'
2026-02-18T10:04:59.5917724Z     'X-Content-Type-Options': 'REDACTED'
2026-02-18T10:04:59.5917744Z     'Date': 'Wed, 18 Feb 2026 10:04:59 GMT'
2026-02-18T10:04:59.5923452Z 2026-02-18 10:04:59,591 - azure.monitor.opentelemetry.exporter.export._base - INFO - Transmission succeeded: Item received: 3. Items accepted: 3
2026-02-18T10:05:02.4740252Z 2026-02-18 10:05:02,312 - azure.core.pipeline.policies.http_logging_policy - INFO - Request URL: 'https://westus2-2.in.applicationinsights.azure.com//v2.1/track'
2026-02-18T10:05:02.4740723Z Request method: 'POST'
2026-02-18T10:05:02.4740746Z Request headers:
2026-02-18T10:05:02.4740766Z     'Content-Type': 'application/json'
2026-02-18T10:05:02.4740786Z     'Content-Length': '3720'
2026-02-18T10:05:02.4740802Z     'Accept': 'application/json'
2026-02-18T10:05:02.4740819Z     'x-ms-client-request-id': '4a750cf6-0cb1-11f1-a748-0adf85178b07'
2026-02-18T10:05:02.4740841Z     'User-Agent': 'azsdk-python-azuremonitorclient/unknown Python/3.11.14 (Linux-6.6.119.3-1.azl3-x86_64-with-glibc2.31)'
2026-02-18T10:05:02.4740860Z A body is sent with the request
2026-02-18T10:05:02.4741162Z 2026-02-18 10:05:02,408 - azure.core.pipeline.policies.http_logging_policy - INFO - Response status: 200
2026-02-18T10:05:02.4741186Z Response headers:
2026-02-18T10:05:02.4741202Z     'Transfer-Encoding': 'chunked'
2026-02-18T10:05:02.4741220Z     'Content-Type': 'application/json; charset=utf-8'
2026-02-18T10:05:02.4741236Z     'Server': 'Microsoft-HTTPAPI/2.0'
2026-02-18T10:05:02.4741254Z     'Strict-Transport-Security': 'REDACTED'
2026-02-18T10:05:02.4741269Z     'X-Content-Type-Options': 'REDACTED'
2026-02-18T10:05:02.4741285Z     'Date': 'Wed, 18 Feb 2026 10:05:02 GMT'
2026-02-18T10:05:02.5222051Z 2026-02-18 10:05:02,408 - azure.monitor.opentelemetry.exporter.export._base - INFO - Transmission succeeded: Item received: 3. Items accepted: 3
2026-02-18T10:05:04.5937913Z 2026-02-18 10:05:04,593 - azure.core.pipeline.policies.http_logging_policy - INFO - Request URL: 'https://westus2-2.in.applicationinsights.azure.com//v2.1/track'
2026-02-18T10:05:04.5938341Z Request method: 'POST'
2026-02-18T10:05:04.5938363Z Request headers:
2026-02-18T10:05:04.5938388Z     'Content-Type': 'application/json'
2026-02-18T10:05:04.5938406Z     'Content-Length': '3720'
2026-02-18T10:05:04.5938422Z     'Accept': 'application/json'
2026-02-18T10:05:04.5938441Z     'x-ms-client-request-id': '4bd112b6-0cb1-11f1-b7fb-0adf85178b07'
2026-02-18T10:05:04.5938459Z     'User-Agent': 'azsdk-python-azuremonitorclient/unknown Python/3.11.14 (Linux-6.6.119.3-1.azl3-x86_64-with-glibc2.31)'
2026-02-18T10:05:04.5938473Z A body is sent with the request
2026-02-18T10:05:04.6495893Z 2026-02-18 10:05:04,649 - azure.core.pipeline.policies.http_logging_policy - INFO - Response status: 200
2026-02-18T10:05:04.6498270Z Response headers:
2026-02-18T10:05:04.6498372Z     'Transfer-Encoding': 'chunked'
2026-02-18T10:05:04.6498393Z     'Content-Type': 'application/json; charset=utf-8'
2026-02-18T10:05:04.6498411Z     'Server': 'Microsoft-HTTPAPI/2.0'
2026-02-18T10:05:04.6498430Z     'Strict-Transport-Security': 'REDACTED'
2026-02-18T10:05:04.6498448Z     'X-Content-Type-Options': 'REDACTED'
2026-02-18T10:05:04.6498465Z     'Date': 'Wed, 18 Feb 2026 10:05:04 GMT'
2026-02-18T10:05:04.6500755Z 2026-02-18 10:05:04,649 - azure.monitor.opentelemetry.exporter.export._base - INFO - Transmission succeeded: Item received: 3. Items accepted: 3
2026-02-18T10:05:07.4101282Z 2026-02-18 10:05:07,409 - azure.core.pipeline.policies.http_logging_policy - INFO - Request URL: 'https://westus2-2.in.applicationinsights.azure.com//v2.1/track'
2026-02-18T10:05:07.4101951Z Request method: 'POST'
2026-02-18T10:05:07.4101982Z Request headers:
2026-02-18T10:05:07.4102060Z     'Content-Type': 'application/json'
2026-02-18T10:05:07.4102075Z     'Content-Length': '3720'
2026-02-18T10:05:07.4102090Z     'Accept': 'application/json'
2026-02-18T10:05:07.4102108Z     'x-ms-client-request-id': '4d7ed1fc-0cb1-11f1-a748-0adf85178b07'
2026-02-18T10:05:07.4102131Z     'User-Agent': 'azsdk-python-azuremonitorclient/unknown Python/3.11.14 (Linux-6.6.119.3-1.azl3-x86_64-with-glibc2.31)'
2026-02-18T10:05:07.4102150Z A body is sent with the request
2026-02-18T10:05:07.5208677Z 2026-02-18 10:05:07,520 - azure.core.pipeline.policies.http_logging_policy - INFO - Response status: 200
2026-02-18T10:05:07.5209201Z Response headers:
2026-02-18T10:05:07.5209232Z     'Transfer-Encoding': 'chunked'
2026-02-18T10:05:07.5209252Z     'Content-Type': 'application/json; charset=utf-8'
2026-02-18T10:05:07.5209312Z     'Server': 'Microsoft-HTTPAPI/2.0'
2026-02-18T10:05:07.5209332Z     'Strict-Transport-Security': 'REDACTED'
2026-02-18T10:05:07.5209348Z     'X-Content-Type-Options': 'REDACTED'
2026-02-18T10:05:07.5209364Z     'Date': 'Wed, 18 Feb 2026 10:05:07 GMT'
2026-02-18T10:05:07.5214729Z 2026-02-18 10:05:07,521 - azure.monitor.opentelemetry.exporter.export._base - INFO - Transmission succeeded: Item received: 3. Items accepted: 3
2026-02-18T10:05:09.6516429Z 2026-02-18 10:05:09,651 - azure.core.pipeline.policies.http_logging_policy - INFO - Request URL: 'https://westus2-2.in.applicationinsights.azure.com//v2.1/track'
2026-02-18T10:05:09.6516719Z Request method: 'POST'
2026-02-18T10:05:09.6516742Z Request headers:
2026-02-18T10:05:09.6516762Z     'Content-Type': 'application/json'
2026-02-18T10:05:09.6516784Z     'Content-Length': '3720'
2026-02-18T10:05:09.6516875Z     'Accept': 'application/json'
2026-02-18T10:05:09.6516897Z     'x-ms-client-request-id': '4ed4db78-0cb1-11f1-b7fb-0adf85178b07'
2026-02-18T10:05:09.6516919Z     'User-Agent': 'azsdk-python-azuremonitorclient/unknown Python/3.11.14 (Linux-6.6.119.3-1.azl3-x86_64-with-glibc2.31)'
2026-02-18T10:05:09.6516935Z A body is sent with the request
2026-02-18T10:05:09.7848026Z 2026-02-18 10:05:09,784 - azure.core.pipeline.policies.http_logging_policy - INFO - Response status: 200
2026-02-18T10:05:09.7848312Z Response headers:
2026-02-18T10:05:09.7848333Z     'Transfer-Encoding': 'chunked'
2026-02-18T10:05:09.7848351Z     'Content-Type': 'application/json; charset=utf-8'
2026-02-18T10:05:09.7848369Z     'Server': 'Microsoft-HTTPAPI/2.0'
2026-02-18T10:05:09.7848391Z     'Strict-Transport-Security': 'REDACTED'
2026-02-18T10:05:09.7848406Z     'X-Content-Type-Options': 'REDACTED'
2026-02-18T10:05:09.7848478Z     'Date': 'Wed, 18 Feb 2026 10:05:09 GMT'
2026-02-18T10:05:09.7851606Z 2026-02-18 10:05:09,785 - azure.monitor.opentelemetry.exporter.export._base - INFO - Transmission succeeded: Item received: 3. Items accepted: 3
2026-02-18T10:05:12.5241335Z 2026-02-18 10:05:12,522 - azure.core.pipeline.policies.http_logging_policy - INFO - Request URL: 'https://westus2-2.in.applicationinsights.azure.com//v2.1/track'
2026-02-18T10:05:12.5241704Z Request method: 'POST'
2026-02-18T10:05:12.5241732Z Request headers:
2026-02-18T10:05:12.5241751Z     'Content-Type': 'application/json'
2026-02-18T10:05:12.5241768Z     'Content-Length': '3720'
2026-02-18T10:05:12.5241790Z     'Accept': 'application/json'
2026-02-18T10:05:12.5241811Z     'x-ms-client-request-id': '508afd94-0cb1-11f1-a748-0adf85178b07'
2026-02-18T10:05:12.5241878Z     'User-Agent': 'azsdk-python-azuremonitorclient/unknown Python/3.11.14 (Linux-6.6.119.3-1.azl3-x86_64-with-glibc2.31)'
2026-02-18T10:05:12.5241896Z A body is sent with the request
2026-02-18T10:05:12.6288585Z 2026-02-18 10:05:12,627 - azure.core.pipeline.policies.http_logging_policy - INFO - Response status: 200
2026-02-18T10:05:12.6289069Z Response headers:
2026-02-18T10:05:12.6289097Z     'Transfer-Encoding': 'chunked'
2026-02-18T10:05:12.6289119Z     'Content-Type': 'application/json; charset=utf-8'
2026-02-18T10:05:12.6289139Z     'Server': 'Microsoft-HTTPAPI/2.0'
2026-02-18T10:05:12.6289160Z     'Strict-Transport-Security': 'REDACTED'
2026-02-18T10:05:12.6289180Z     'X-Content-Type-Options': 'REDACTED'
2026-02-18T10:05:12.6289202Z     'Date': 'Wed, 18 Feb 2026 10:05:12 GMT'
2026-02-18T10:05:12.6289227Z 2026-02-18 10:05:12,628 - azure.monitor.opentelemetry.exporter.export._base - INFO - Transmission succeeded: Item received: 3. Items accepted: 3
2026-02-18T10:05:14.7878167Z 2026-02-18 10:05:14,787 - azure.core.pipeline.policies.http_logging_policy - INFO - Request URL: 'https://westus2-2.in.applicationinsights.azure.com//v2.1/track'
2026-02-18T10:05:14.7878480Z Request method: 'POST'
2026-02-18T10:05:14.7878504Z Request headers:
2026-02-18T10:05:14.7878523Z     'Content-Type': 'application/json'
2026-02-18T10:05:14.7878540Z     'Content-Length': '3720'
2026-02-18T10:05:14.7878556Z     'Accept': 'application/json'
2026-02-18T10:05:14.7878579Z     'x-ms-client-request-id': '51e491fa-0cb1-11f1-b7fb-0adf85178b07'
2026-02-18T10:05:14.7878601Z     'User-Agent': 'azsdk-python-azuremonitorclient/unknown Python/3.11.14 (Linux-6.6.119.3-1.azl3-x86_64-with-glibc2.31)'
2026-02-18T10:05:14.7878620Z A body is sent with the request
2026-02-18T10:05:14.9041063Z 2026-02-18 10:05:14,903 - azure.core.pipeline.policies.http_logging_policy - INFO - Response status: 200
2026-02-18T10:05:14.9041409Z Response headers:
2026-02-18T10:05:14.9041434Z     'Transfer-Encoding': 'chunked'
2026-02-18T10:05:14.9041454Z     'Content-Type': 'application/json; charset=utf-8'
2026-02-18T10:05:14.9041470Z     'Server': 'Microsoft-HTTPAPI/2.0'
2026-02-18T10:05:14.9041486Z     'Strict-Transport-Security': 'REDACTED'
2026-02-18T10:05:14.9041502Z     'X-Content-Type-Options': 'REDACTED'
2026-02-18T10:05:14.9041519Z     'Date': 'Wed, 18 Feb 2026 10:05:14 GMT'
2026-02-18T10:05:14.9047669Z 2026-02-18 10:05:14,904 - azure.monitor.opentelemetry.exporter.export._base - INFO - Transmission succeeded: Item received: 3. Items accepted: 3
2026-02-18T10:05:17.6304015Z 2026-02-18 10:05:17,630 - azure.core.pipeline.policies.http_logging_policy - INFO - Request URL: 'https://westus2-2.in.applicationinsights.azure.com//v2.1/track'
2026-02-18T10:05:17.6304387Z Request method: 'POST'
2026-02-18T10:05:17.6304408Z Request headers:
2026-02-18T10:05:17.6304427Z     'Content-Type': 'application/json'
2026-02-18T10:05:17.6304443Z     'Content-Length': '3720'
2026-02-18T10:05:17.6304459Z     'Accept': 'application/json'
2026-02-18T10:05:17.6304477Z     'x-ms-client-request-id': '53964fac-0cb1-11f1-a748-0adf85178b07'
2026-02-18T10:05:17.6304497Z     'User-Agent': 'azsdk-python-azuremonitorclient/unknown Python/3.11.14 (Linux-6.6.119.3-1.azl3-x86_64-with-glibc2.31)'
2026-02-18T10:05:17.6304516Z A body is sent with the request
2026-02-18T10:05:17.6967132Z 2026-02-18 10:05:17,696 - azure.core.pipeline.policies.http_logging_policy - INFO - Response status: 200
2026-02-18T10:05:17.6967387Z Response headers:
2026-02-18T10:05:17.6967452Z     'Transfer-Encoding': 'chunked'
2026-02-18T10:05:17.6967468Z     'Content-Type': 'application/json; charset=utf-8'
2026-02-18T10:05:17.6967483Z     'Server': 'Microsoft-HTTPAPI/2.0'
2026-02-18T10:05:17.6967500Z     'Strict-Transport-Security': 'REDACTED'
2026-02-18T10:05:17.6967518Z     'X-Content-Type-Options': 'REDACTED'
2026-02-18T10:05:17.6967535Z     'Date': 'Wed, 18 Feb 2026 10:05:17 GMT'
2026-02-18T10:05:17.6970969Z 2026-02-18 10:05:17,696 - azure.monitor.opentelemetry.exporter.export._base - INFO - Transmission succeeded: Item received: 3. Items accepted: 3
2026-02-18T10:05:19.9063660Z 2026-02-18 10:05:19,906 - azure.core.pipeline.policies.http_logging_policy - INFO - Request URL: 'https://westus2-2.in.applicationinsights.azure.com//v2.1/track'
2026-02-18T10:05:19.9064061Z Request method: 'POST'
2026-02-18T10:05:19.9064091Z Request headers:
2026-02-18T10:05:19.9064167Z     'Content-Type': 'application/json'
2026-02-18T10:05:19.9064184Z     'Content-Length': '3720'
2026-02-18T10:05:19.9064201Z     'Accept': 'application/json'
2026-02-18T10:05:19.9064222Z     'x-ms-client-request-id': '54f19a14-0cb1-11f1-b7fb-0adf85178b07'
2026-02-18T10:05:19.9064243Z     'User-Agent': 'azsdk-python-azuremonitorclient/unknown Python/3.11.14 (Linux-6.6.119.3-1.azl3-x86_64-with-glibc2.31)'
2026-02-18T10:05:19.9064260Z A body is sent with the request
2026-02-18T10:05:20.0280496Z 2026-02-18 10:05:20,027 - azure.core.pipeline.policies.http_logging_policy - INFO - Response status: 200
2026-02-18T10:05:20.0281143Z Response headers:
2026-02-18T10:05:20.0281174Z     'Transfer-Encoding': 'chunked'
2026-02-18T10:05:20.0281192Z     'Content-Type': 'application/json; charset=utf-8'
2026-02-18T10:05:20.0281257Z     'Server': 'Microsoft-HTTPAPI/2.0'
2026-02-18T10:05:20.0281275Z     'Strict-Transport-Security': 'REDACTED'
2026-02-18T10:05:20.0281289Z     'X-Content-Type-Options': 'REDACTED'
2026-02-18T10:05:20.0281303Z     'Date': 'Wed, 18 Feb 2026 10:05:19 GMT'
2026-02-18T10:05:20.0281323Z 2026-02-18 10:05:20,027 - azure.monitor.opentelemetry.exporter.export._base - INFO - Transmission succeeded: Item received: 3. Items accepted: 3
2026-02-18T10:05:22.6995049Z 2026-02-18 10:05:22,699 - azure.core.pipeline.policies.http_logging_policy - INFO - Request URL: 'https://westus2-2.in.applicationinsights.azure.com//v2.1/track'
2026-02-18T10:05:22.6995371Z Request method: 'POST'
2026-02-18T10:05:22.6995396Z Request headers:
2026-02-18T10:05:22.6995416Z     'Content-Type': 'application/json'
2026-02-18T10:05:22.6995434Z     'Content-Length': '3720'
2026-02-18T10:05:22.6995451Z     'Accept': 'application/json'
2026-02-18T10:05:22.6995500Z     'x-ms-client-request-id': '569bcd12-0cb1-11f1-a748-0adf85178b07'
2026-02-18T10:05:22.6995527Z     'User-Agent': 'azsdk-python-azuremonitorclient/unknown Python/3.11.14 (Linux-6.6.119.3-1.azl3-x86_64-with-glibc2.31)'
2026-02-18T10:05:22.6995545Z A body is sent with the request
2026-02-18T10:05:22.8635228Z 2026-02-18 10:05:22,862 - azure.core.pipeline.policies.http_logging_policy - INFO - Response status: 200
2026-02-18T10:05:22.8635605Z Response headers:
2026-02-18T10:05:22.8635629Z     'Transfer-Encoding': 'chunked'
2026-02-18T10:05:22.8635650Z     'Content-Type': 'application/json; charset=utf-8'
2026-02-18T10:05:22.8635675Z     'Server': 'Microsoft-HTTPAPI/2.0'
2026-02-18T10:05:22.8635692Z     'Strict-Transport-Security': 'REDACTED'
2026-02-18T10:05:22.8635712Z     'X-Content-Type-Options': 'REDACTED'
2026-02-18T10:05:22.8635756Z     'Date': 'Wed, 18 Feb 2026 10:05:22 GMT'
2026-02-18T10:05:22.8635783Z 2026-02-18 10:05:22,863 - azure.monitor.opentelemetry.exporter.export._base - INFO - Transmission succeeded: Item received: 3. Items accepted: 3
2026-02-18T10:05:25.0303637Z 2026-02-18 10:05:25,029 - azure.core.pipeline.policies.http_logging_policy - INFO - Request URL: 'https://westus2-2.in.applicationinsights.azure.com//v2.1/track'
2026-02-18T10:05:25.0303982Z Request method: 'POST'
2026-02-18T10:05:25.0304009Z Request headers:
2026-02-18T10:05:25.0304028Z     'Content-Type': 'application/json'
2026-02-18T10:05:25.0304043Z     'Content-Length': '3720'
2026-02-18T10:05:25.0304063Z     'Accept': 'application/json'
2026-02-18T10:05:25.0304085Z     'x-ms-client-request-id': '57ff4de6-0cb1-11f1-b7fb-0adf85178b07'
2026-02-18T10:05:25.0304105Z     'User-Agent': 'azsdk-python-azuremonitorclient/unknown Python/3.11.14 (Linux-6.6.119.3-1.azl3-x86_64-with-glibc2.31)'
2026-02-18T10:05:25.0304156Z A body is sent with the request
2026-02-18T10:05:25.2515161Z 2026-02-18 10:05:25,251 - azure.core.pipeline.policies.http_logging_policy - INFO - Response status: 200
2026-02-18T10:05:25.2515848Z Response headers:
2026-02-18T10:05:25.2515882Z     'Transfer-Encoding': 'chunked'
2026-02-18T10:05:25.2515905Z     'Content-Type': 'application/json; charset=utf-8'
2026-02-18T10:05:25.2515927Z     'Server': 'Microsoft-HTTPAPI/2.0'
2026-02-18T10:05:25.2515947Z     'Strict-Transport-Security': 'REDACTED'
2026-02-18T10:05:25.2516269Z     'X-Content-Type-Options': 'REDACTED'
2026-02-18T10:05:25.2516289Z     'Date': 'Wed, 18 Feb 2026 10:05:24 GMT'
2026-02-18T10:05:25.2519168Z 2026-02-18 10:05:25,251 - azure.monitor.opentelemetry.exporter.export._base - INFO - Transmission succeeded: Item received: 3. Items accepted: 3
2026-02-18T10:05:27.8655872Z 2026-02-18 10:05:27,865 - azure.core.pipeline.policies.http_logging_policy - INFO - Request URL: 'https://westus2-2.in.applicationinsights.azure.com//v2.1/track'
2026-02-18T10:05:27.8656247Z Request method: 'POST'
2026-02-18T10:05:27.8656408Z Request headers:
2026-02-18T10:05:27.8656442Z     'Content-Type': 'application/json'
2026-02-18T10:05:27.8656461Z     'Content-Length': '3720'
2026-02-18T10:05:27.8656480Z     'Accept': 'application/json'
2026-02-18T10:05:27.8656500Z     'x-ms-client-request-id': '59b01436-0cb1-11f1-a748-0adf85178b07'
2026-02-18T10:05:27.8656523Z     'User-Agent': 'azsdk-python-azuremonitorclient/unknown Python/3.11.14 (Linux-6.6.119.3-1.azl3-x86_64-with-glibc2.31)'
2026-02-18T10:05:27.8656549Z A body is sent with the request
2026-02-18T10:05:28.5342718Z 2026-02-18 10:05:28,533 - azure.core.pipeline.policies.http_logging_policy - INFO - Response status: 200
2026-02-18T10:05:28.5343068Z Response headers:
2026-02-18T10:05:28.5343092Z     'Transfer-Encoding': 'chunked'
2026-02-18T10:05:28.5343111Z     'Content-Type': 'application/json; charset=utf-8'
2026-02-18T10:05:28.5343129Z     'Server': 'Microsoft-HTTPAPI/2.0'
2026-02-18T10:05:28.5343148Z     'Strict-Transport-Security': 'REDACTED'
2026-02-18T10:05:28.5343166Z     'X-Content-Type-Options': 'REDACTED'
2026-02-18T10:05:28.5343181Z     'Date': 'Wed, 18 Feb 2026 10:05:28 GMT'
2026-02-18T10:05:28.5343201Z 2026-02-18 10:05:28,533 - azure.monitor.opentelemetry.exporter.export._base - INFO - Transmission succeeded: Item received: 3. Items accepted: 3
2026-02-18T10:05:30.2536429Z 2026-02-18 10:05:30,253 - azure.core.pipeline.policies.http_logging_policy - INFO - Request URL: 'https://westus2-2.in.applicationinsights.azure.com//v2.1/track'
2026-02-18T10:05:30.2536997Z Request method: 'POST'
2026-02-18T10:05:30.2537080Z Request headers:
2026-02-18T10:05:30.2537102Z     'Content-Type': 'application/json'
2026-02-18T10:05:30.2537121Z     'Content-Length': '3720'
2026-02-18T10:05:30.2537138Z     'Accept': 'application/json'
2026-02-18T10:05:30.2537159Z     'x-ms-client-request-id': '5b1c7800-0cb1-11f1-b7fb-0adf85178b07'
2026-02-18T10:05:30.2537183Z     'User-Agent': 'azsdk-python-azuremonitorclient/unknown Python/3.11.14 (Linux-6.6.119.3-1.azl3-x86_64-with-glibc2.31)'
2026-02-18T10:05:30.2537204Z A body is sent with the request
2026-02-18T10:05:30.3425104Z 2026-02-18 10:05:30,342 - azure.core.pipeline.policies.http_logging_policy - INFO - Response status: 200
2026-02-18T10:05:30.3425378Z Response headers:
2026-02-18T10:05:30.3425404Z     'Transfer-Encoding': 'chunked'
2026-02-18T10:05:30.3425452Z     'Content-Type': 'application/json; charset=utf-8'
2026-02-18T10:05:30.3430881Z     'Server': 'Microsoft-HTTPAPI/2.0'
2026-02-18T10:05:30.3431039Z     'Strict-Transport-Security': 'REDACTED'
2026-02-18T10:05:30.3431059Z     'X-Content-Type-Options': 'REDACTED'
2026-02-18T10:05:30.3431074Z     'Date': 'Wed, 18 Feb 2026 10:05:29 GMT'
2026-02-18T10:05:30.3437057Z 2026-02-18 10:05:30,343 - azure.monitor.opentelemetry.exporter.export._base - INFO - Transmission succeeded: Item received: 3. Items accepted: 3
2026-02-18T10:05:33.5360114Z 2026-02-18 10:05:33,535 - azure.core.pipeline.policies.http_logging_policy - INFO - Request URL: 'https://westus2-2.in.applicationinsights.azure.com//v2.1/track'
2026-02-18T10:05:33.5360401Z Request method: 'POST'
2026-02-18T10:05:33.5360425Z Request headers:
2026-02-18T10:05:33.5360443Z     'Content-Type': 'application/json'
2026-02-18T10:05:33.5360513Z     'Content-Length': '3720'
2026-02-18T10:05:33.5360532Z     'Accept': 'application/json'
2026-02-18T10:05:33.5360549Z     'x-ms-client-request-id': '5d115270-0cb1-11f1-a748-0adf85178b07'
2026-02-18T10:05:33.5360570Z     'User-Agent': 'azsdk-python-azuremonitorclient/unknown Python/3.11.14 (Linux-6.6.119.3-1.azl3-x86_64-with-glibc2.31)'
2026-02-18T10:05:33.5360586Z A body is sent with the request
2026-02-18T10:05:33.6201385Z 2026-02-18 10:05:33,619 - azure.core.pipeline.policies.http_logging_policy - INFO - Response status: 200
2026-02-18T10:05:33.6201718Z Response headers:
2026-02-18T10:05:33.6201743Z     'Transfer-Encoding': 'chunked'
2026-02-18T10:05:33.6201762Z     'Content-Type': 'application/json; charset=utf-8'
2026-02-18T10:05:33.6201779Z     'Server': 'Microsoft-HTTPAPI/2.0'
2026-02-18T10:05:33.6201799Z     'Strict-Transport-Security': 'REDACTED'
2026-02-18T10:05:33.6201861Z     'X-Content-Type-Options': 'REDACTED'
2026-02-18T10:05:33.6201878Z     'Date': 'Wed, 18 Feb 2026 10:05:33 GMT'
2026-02-18T10:05:33.6209877Z 2026-02-18 10:05:33,620 - azure.monitor.opentelemetry.exporter.export._base - INFO - Transmission succeeded: Item received: 3. Items accepted: 3
2026-02-18T10:05:35.3459212Z 2026-02-18 10:05:35,345 - azure.core.pipeline.policies.http_logging_policy - INFO - Request URL: 'https://westus2-2.in.applicationinsights.azure.com//v2.1/track'
2026-02-18T10:05:35.3459553Z Request method: 'POST'
2026-02-18T10:05:35.3459579Z Request headers:
2026-02-18T10:05:35.3459601Z     'Content-Type': 'application/json'
2026-02-18T10:05:35.3459617Z     'Content-Length': '3719'
2026-02-18T10:05:35.3459633Z     'Accept': 'application/json'
2026-02-18T10:05:35.3459651Z     'x-ms-client-request-id': '5e257006-0cb1-11f1-b7fb-0adf85178b07'
2026-02-18T10:05:35.3459733Z     'User-Agent': 'azsdk-python-azuremonitorclient/unknown Python/3.11.14 (Linux-6.6.119.3-1.azl3-x86_64-with-glibc2.31)'
2026-02-18T10:05:35.3459750Z A body is sent with the request
2026-02-18T10:05:35.4528500Z 2026-02-18 10:05:35,452 - azure.core.pipeline.policies.http_logging_policy - INFO - Response status: 200
2026-02-18T10:05:35.4529047Z Response headers:
2026-02-18T10:05:35.4529073Z     'Transfer-Encoding': 'chunked'
2026-02-18T10:05:35.4529095Z     'Content-Type': 'application/json; charset=utf-8'
2026-02-18T10:05:35.4529114Z     'Server': 'Microsoft-HTTPAPI/2.0'
2026-02-18T10:05:35.4529130Z     'Strict-Transport-Security': 'REDACTED'
2026-02-18T10:05:35.4529146Z     'X-Content-Type-Options': 'REDACTED'
2026-02-18T10:05:35.4529163Z     'Date': 'Wed, 18 Feb 2026 10:05:34 GMT'
2026-02-18T10:05:35.4535877Z 2026-02-18 10:05:35,453 - azure.monitor.opentelemetry.exporter.export._base - INFO - Transmission succeeded: Item received: 3. Items accepted: 3
2026-02-18T10:05:38.6230552Z 2026-02-18 10:05:38,622 - azure.core.pipeline.policies.http_logging_policy - INFO - Request URL: 'https://westus2-2.in.applicationinsights.azure.com//v2.1/track'
2026-02-18T10:05:38.6230903Z Request method: 'POST'
2026-02-18T10:05:38.6230927Z Request headers:
2026-02-18T10:05:38.6230943Z     'Content-Type': 'application/json'
2026-02-18T10:05:38.6230964Z     'Content-Length': '3720'
2026-02-18T10:05:38.6230981Z     'Accept': 'application/json'
2026-02-18T10:05:38.6230997Z     'x-ms-client-request-id': '601988de-0cb1-11f1-a748-0adf85178b07'
2026-02-18T10:05:38.6231015Z     'User-Agent': 'azsdk-python-azuremonitorclient/unknown Python/3.11.14 (Linux-6.6.119.3-1.azl3-x86_64-with-glibc2.31)'
2026-02-18T10:05:38.6231029Z A body is sent with the request
2026-02-18T10:05:38.6896594Z 2026-02-18 10:05:38,689 - azure.core.pipeline.policies.http_logging_policy - INFO - Response status: 200
2026-02-18T10:05:38.6896895Z Response headers:
2026-02-18T10:05:38.6896919Z     'Transfer-Encoding': 'chunked'
2026-02-18T10:05:38.6896940Z     'Content-Type': 'application/json; charset=utf-8'
2026-02-18T10:05:38.6896962Z     'Server': 'Microsoft-HTTPAPI/2.0'
2026-02-18T10:05:38.6896981Z     'Strict-Transport-Security': 'REDACTED'
2026-02-18T10:05:38.6896997Z     'X-Content-Type-Options': 'REDACTED'
2026-02-18T10:05:38.6897015Z     'Date': 'Wed, 18 Feb 2026 10:05:38 GMT'
2026-02-18T10:05:38.6900990Z 2026-02-18 10:05:38,689 - azure.monitor.opentelemetry.exporter.export._base - INFO - Transmission succeeded: Item received: 3. Items accepted: 3
2026-02-18T10:05:40.4554281Z 2026-02-18 10:05:40,455 - azure.core.pipeline.policies.http_logging_policy - INFO - Request URL: 'https://westus2-2.in.applicationinsights.azure.com//v2.1/track'
2026-02-18T10:05:40.4554609Z Request method: 'POST'
2026-02-18T10:05:40.4554628Z Request headers:
2026-02-18T10:05:40.4554646Z     'Content-Type': 'application/json'
2026-02-18T10:05:40.4554663Z     'Content-Length': '3720'
2026-02-18T10:05:40.4554680Z     'Accept': 'application/json'
2026-02-18T10:05:40.4554702Z     'x-ms-client-request-id': '6131222c-0cb1-11f1-b7fb-0adf85178b07'
2026-02-18T10:05:40.4554724Z     'User-Agent': 'azsdk-python-azuremonitorclient/unknown Python/3.11.14 (Linux-6.6.119.3-1.azl3-x86_64-with-glibc2.31)'
2026-02-18T10:05:40.4554744Z A body is sent with the request
2026-02-18T10:05:40.5354764Z 2026-02-18 10:05:40,535 - azure.core.pipeline.policies.http_logging_policy - INFO - Response status: 200
2026-02-18T10:05:40.5355064Z Response headers:
2026-02-18T10:05:40.5355147Z     'Transfer-Encoding': 'chunked'
2026-02-18T10:05:40.5355169Z     'Content-Type': 'application/json; charset=utf-8'
2026-02-18T10:05:40.5355187Z     'Server': 'Microsoft-HTTPAPI/2.0'
2026-02-18T10:05:40.5355203Z     'Strict-Transport-Security': 'REDACTED'
2026-02-18T10:05:40.5355217Z     'X-Content-Type-Options': 'REDACTED'
2026-02-18T10:05:40.5355233Z     'Date': 'Wed, 18 Feb 2026 10:05:39 GMT'
2026-02-18T10:05:40.5358103Z 2026-02-18 10:05:40,535 - azure.monitor.opentelemetry.exporter.export._base - INFO - Transmission succeeded: Item received: 3. Items accepted: 3
2026-02-18T10:05:43.6920002Z 2026-02-18 10:05:43,691 - azure.core.pipeline.policies.http_logging_policy - INFO - Request URL: 'https://westus2-2.in.applicationinsights.azure.com//v2.1/track'
2026-02-18T10:05:43.6920307Z Request method: 'POST'
2026-02-18T10:05:43.6920329Z Request headers:
2026-02-18T10:05:43.6920416Z     'Content-Type': 'application/json'
2026-02-18T10:05:43.6920436Z     'Content-Length': '3720'
2026-02-18T10:05:43.6920453Z     'Accept': 'application/json'
2026-02-18T10:05:43.6920474Z     'x-ms-client-request-id': '631f0040-0cb1-11f1-a748-0adf85178b07'
2026-02-18T10:05:43.6920493Z     'User-Agent': 'azsdk-python-azuremonitorclient/unknown Python/3.11.14 (Linux-6.6.119.3-1.azl3-x86_64-with-glibc2.31)'
2026-02-18T10:05:43.6920513Z A body is sent with the request
2026-02-18T10:05:43.9471619Z 2026-02-18 10:05:43,946 - azure.core.pipeline.policies.http_logging_policy - INFO - Response status: 200
2026-02-18T10:05:43.9471896Z Response headers:
2026-02-18T10:05:43.9471922Z     'Transfer-Encoding': 'chunked'
2026-02-18T10:05:43.9471939Z     'Content-Type': 'application/json; charset=utf-8'
2026-02-18T10:05:43.9472015Z     'Server': 'Microsoft-HTTPAPI/2.0'
2026-02-18T10:05:43.9472034Z     'Strict-Transport-Security': 'REDACTED'
2026-02-18T10:05:43.9472051Z     'X-Content-Type-Options': 'REDACTED'
2026-02-18T10:05:43.9472069Z     'Date': 'Wed, 18 Feb 2026 10:05:43 GMT'
2026-02-18T10:05:43.9475860Z 2026-02-18 10:05:43,947 - azure.monitor.opentelemetry.exporter.export._base - INFO - Transmission succeeded: Item received: 3. Items accepted: 3
2026-02-18T10:05:45.5374316Z 2026-02-18 10:05:45,537 - azure.core.pipeline.policies.http_logging_policy - INFO - Request URL: 'https://westus2-2.in.applicationinsights.azure.com//v2.1/track'
2026-02-18T10:05:45.5374802Z Request method: 'POST'
2026-02-18T10:05:45.5374828Z Request headers:
2026-02-18T10:05:45.5374846Z     'Content-Type': 'application/json'
2026-02-18T10:05:45.5374865Z     'Content-Length': '3720'
2026-02-18T10:05:45.5374960Z     'Accept': 'application/json'
2026-02-18T10:05:45.5374978Z     'x-ms-client-request-id': '643895ae-0cb1-11f1-b7fb-0adf85178b07'
2026-02-18T10:05:45.5374999Z     'User-Agent': 'azsdk-python-azuremonitorclient/unknown Python/3.11.14 (Linux-6.6.119.3-1.azl3-x86_64-with-glibc2.31)'
2026-02-18T10:05:45.5375016Z A body is sent with the request
2026-02-18T10:05:45.6130479Z 2026-02-18 10:05:45,612 - azure.core.pipeline.policies.http_logging_policy - INFO - Response status: 200
2026-02-18T10:05:45.6130826Z Response headers:
2026-02-18T10:05:45.6130854Z     'Transfer-Encoding': 'chunked'
2026-02-18T10:05:45.6130879Z     'Content-Type': 'application/json; charset=utf-8'
2026-02-18T10:05:45.6130902Z     'Server': 'Microsoft-HTTPAPI/2.0'
2026-02-18T10:05:45.6130924Z     'Strict-Transport-Security': 'REDACTED'
2026-02-18T10:05:45.6130951Z     'X-Content-Type-Options': 'REDACTED'
2026-02-18T10:05:45.6131039Z     'Date': 'Wed, 18 Feb 2026 10:05:45 GMT'
2026-02-18T10:05:45.6134416Z 2026-02-18 10:05:45,613 - azure.monitor.opentelemetry.exporter.export._base - INFO - Transmission succeeded: Item received: 3. Items accepted: 3
2026-02-18T10:05:48.9495572Z 2026-02-18 10:05:48,949 - azure.core.pipeline.policies.http_logging_policy - INFO - Request URL: 'https://westus2-2.in.applicationinsights.azure.com//v2.1/track'
2026-02-18T10:05:48.9495901Z Request method: 'POST'
2026-02-18T10:05:48.9495922Z Request headers:
2026-02-18T10:05:48.9495941Z     'Content-Type': 'application/json'
2026-02-18T10:05:48.9495962Z     'Content-Length': '3720'
2026-02-18T10:05:48.9495981Z     'Accept': 'application/json'
2026-02-18T10:05:48.9496003Z     'x-ms-client-request-id': '66413d1a-0cb1-11f1-a748-0adf85178b07'
2026-02-18T10:05:48.9496088Z     'User-Agent': 'azsdk-python-azuremonitorclient/unknown Python/3.11.14 (Linux-6.6.119.3-1.azl3-x86_64-with-glibc2.31)'
2026-02-18T10:05:48.9496107Z A body is sent with the request
2026-02-18T10:05:49.4896281Z 2026-02-18 10:05:49,489 - azure.core.pipeline.policies.http_logging_policy - INFO - Response status: 200
2026-02-18T10:05:49.4896568Z Response headers:
2026-02-18T10:05:49.4896590Z     'Transfer-Encoding': 'chunked'
2026-02-18T10:05:49.4896606Z     'Content-Type': 'application/json; charset=utf-8'
2026-02-18T10:05:49.4896625Z     'Server': 'Microsoft-HTTPAPI/2.0'
2026-02-18T10:05:49.4896641Z     'Strict-Transport-Security': 'REDACTED'
2026-02-18T10:05:49.4896663Z     'X-Content-Type-Options': 'REDACTED'
2026-02-18T10:05:49.4896680Z     'Date': 'Wed, 18 Feb 2026 10:05:49 GMT'
2026-02-18T10:05:49.4901402Z 2026-02-18 10:05:49,489 - azure.monitor.opentelemetry.exporter.export._base - INFO - Transmission succeeded: Item received: 3. Items accepted: 3
2026-02-18T10:05:50.6152559Z 2026-02-18 10:05:50,615 - azure.core.pipeline.policies.http_logging_policy - INFO - Request URL: 'https://westus2-2.in.applicationinsights.azure.com//v2.1/track'
2026-02-18T10:05:50.6152935Z Request method: 'POST'
2026-02-18T10:05:50.6152964Z Request headers:
2026-02-18T10:05:50.6152992Z     'Content-Type': 'application/json'
2026-02-18T10:05:50.6153011Z     'Content-Length': '3720'
2026-02-18T10:05:50.6153031Z     'Accept': 'application/json'
2026-02-18T10:05:50.6153055Z     'x-ms-client-request-id': '673f6282-0cb1-11f1-b7fb-0adf85178b07'
2026-02-18T10:05:50.6153085Z     'User-Agent': 'azsdk-python-azuremonitorclient/unknown Python/3.11.14 (Linux-6.6.119.3-1.azl3-x86_64-with-glibc2.31)'
2026-02-18T10:05:50.6153106Z A body is sent with the request
2026-02-18T10:05:50.7182239Z 2026-02-18 10:05:50,718 - azure.core.pipeline.policies.http_logging_policy - INFO - Response status: 200
2026-02-18T10:05:50.7182561Z Response headers:
2026-02-18T10:05:50.7182589Z     'Transfer-Encoding': 'chunked'
2026-02-18T10:05:50.7182612Z     'Content-Type': 'application/json; charset=utf-8'
2026-02-18T10:05:50.7182631Z     'Server': 'Microsoft-HTTPAPI/2.0'
2026-02-18T10:05:50.7182649Z     'Strict-Transport-Security': 'REDACTED'
2026-02-18T10:05:50.7182668Z     'X-Content-Type-Options': 'REDACTED'
2026-02-18T10:05:50.7182688Z     'Date': 'Wed, 18 Feb 2026 10:05:50 GMT'
2026-02-18T10:05:50.7187716Z 2026-02-18 10:05:50,718 - azure.monitor.opentelemetry.exporter.export._base - INFO - Transmission succeeded: Item received: 3. Items accepted: 3
2026-02-18T10:05:54.4916752Z 2026-02-18 10:05:54,491 - azure.core.pipeline.policies.http_logging_policy - INFO - Request URL: 'https://westus2-2.in.applicationinsights.azure.com//v2.1/track'
2026-02-18T10:05:54.4917119Z Request method: 'POST'
2026-02-18T10:05:54.4917144Z Request headers:
2026-02-18T10:05:54.4917162Z     'Content-Type': 'application/json'
2026-02-18T10:05:54.4917182Z     'Content-Length': '3720'
2026-02-18T10:05:54.4917202Z     'Accept': 'application/json'
2026-02-18T10:05:54.4917222Z     'x-ms-client-request-id': '698ee742-0cb1-11f1-a748-0adf85178b07'
2026-02-18T10:05:54.4917245Z     'User-Agent': 'azsdk-python-azuremonitorclient/unknown Python/3.11.14 (Linux-6.6.119.3-1.azl3-x86_64-with-glibc2.31)'
2026-02-18T10:05:54.4917263Z A body is sent with the request
2026-02-18T10:05:54.5274665Z 2026-02-18 10:05:54,527 - azure.core.pipeline.policies.http_logging_policy - INFO - Response status: 200
2026-02-18T10:05:54.5274943Z Response headers:
2026-02-18T10:05:54.5274969Z     'Transfer-Encoding': 'chunked'
2026-02-18T10:05:54.5275037Z     'Content-Type': 'application/json; charset=utf-8'
2026-02-18T10:05:54.5275059Z     'Server': 'Microsoft-HTTPAPI/2.0'
2026-02-18T10:05:54.5275083Z     'Strict-Transport-Security': 'REDACTED'
2026-02-18T10:05:54.5275104Z     'X-Content-Type-Options': 'REDACTED'
2026-02-18T10:05:54.5275127Z     'Date': 'Wed, 18 Feb 2026 10:05:54 GMT'
2026-02-18T10:05:54.5280255Z 2026-02-18 10:05:54,527 - azure.monitor.opentelemetry.exporter.export._base - INFO - Transmission succeeded: Item received: 3. Items accepted: 3
2026-02-18T10:05:55.7204580Z 2026-02-18 10:05:55,720 - azure.core.pipeline.policies.http_logging_policy - INFO - Request URL: 'https://westus2-2.in.applicationinsights.azure.com//v2.1/track'
2026-02-18T10:05:55.7204990Z Request method: 'POST'
2026-02-18T10:05:55.7205017Z Request headers:
2026-02-18T10:05:55.7205038Z     'Content-Type': 'application/json'
2026-02-18T10:05:55.7205115Z     'Content-Length': '3720'
2026-02-18T10:05:55.7205133Z     'Accept': 'application/json'
2026-02-18T10:05:55.7205152Z     'x-ms-client-request-id': '6a4a6436-0cb1-11f1-b7fb-0adf85178b07'
2026-02-18T10:05:55.7205175Z     'User-Agent': 'azsdk-python-azuremonitorclient/unknown Python/3.11.14 (Linux-6.6.119.3-1.azl3-x86_64-with-glibc2.31)'
2026-02-18T10:05:55.7205196Z A body is sent with the request
2026-02-18T10:05:55.8135269Z 2026-02-18 10:05:55,762 - azure.core.pipeline.policies.http_logging_policy - INFO - Response status: 200
2026-02-18T10:05:55.8135718Z Response headers:
2026-02-18T10:05:55.8135746Z     'Transfer-Encoding': 'chunked'
2026-02-18T10:05:55.8135765Z     'Content-Type': 'application/json; charset=utf-8'
2026-02-18T10:05:55.8135781Z     'Server': 'Microsoft-HTTPAPI/2.0'
2026-02-18T10:05:55.8135853Z     'Strict-Transport-Security': 'REDACTED'
2026-02-18T10:05:55.8135874Z     'X-Content-Type-Options': 'REDACTED'
2026-02-18T10:05:55.8135892Z     'Date': 'Wed, 18 Feb 2026 10:05:55 GMT'
2026-02-18T10:05:55.8136101Z 2026-02-18 10:05:55,763 - azure.monitor.opentelemetry.exporter.export._base - INFO - Transmission succeeded: Item received: 3. Items accepted: 3
2026-02-18T10:05:59.5293326Z 2026-02-18 10:05:59,529 - azure.core.pipeline.policies.http_logging_policy - INFO - Request URL: 'https://westus2-2.in.applicationinsights.azure.com//v2.1/track'
2026-02-18T10:05:59.5293993Z Request method: 'POST'
2026-02-18T10:05:59.5294026Z Request headers:
2026-02-18T10:05:59.5294045Z     'Content-Type': 'application/json'
2026-02-18T10:05:59.5294064Z     'Content-Length': '3720'
2026-02-18T10:05:59.5294080Z     'Accept': 'application/json'
2026-02-18T10:05:59.5294154Z     'x-ms-client-request-id': '6c8f9518-0cb1-11f1-a748-0adf85178b07'
2026-02-18T10:05:59.5294172Z     'User-Agent': 'azsdk-python-azuremonitorclient/unknown Python/3.11.14 (Linux-6.6.119.3-1.azl3-x86_64-with-glibc2.31)'
2026-02-18T10:05:59.5294186Z A body is sent with the request
2026-02-18T10:05:59.6700829Z 2026-02-18 10:05:59,669 - azure.core.pipeline.policies.http_logging_policy - INFO - Response status: 200
2026-02-18T10:05:59.6701176Z Response headers:
2026-02-18T10:05:59.6701205Z     'Transfer-Encoding': 'chunked'
2026-02-18T10:05:59.6701233Z     'Content-Type': 'application/json; charset=utf-8'
2026-02-18T10:05:59.6701257Z     'Server': 'Microsoft-HTTPAPI/2.0'
2026-02-18T10:05:59.6701278Z     'Strict-Transport-Security': 'REDACTED'
2026-02-18T10:05:59.6701297Z     'X-Content-Type-Options': 'REDACTED'
2026-02-18T10:05:59.6701315Z     'Date': 'Wed, 18 Feb 2026 10:05:59 GMT'
2026-02-18T10:05:59.6706968Z 2026-02-18 10:05:59,670 - azure.monitor.opentelemetry.exporter.export._base - INFO - Transmission succeeded: Item received: 3. Items accepted: 3
2026-02-18T10:06:00.7671730Z 2026-02-18 10:06:00,765 - azure.core.pipeline.policies.http_logging_policy - INFO - Request URL: 'https://westus2-2.in.applicationinsights.azure.com//v2.1/track'
2026-02-18T10:06:00.7672082Z Request method: 'POST'
2026-02-18T10:06:00.7672107Z Request headers:
2026-02-18T10:06:00.7672130Z     'Content-Type': 'application/json'
2026-02-18T10:06:00.7672148Z     'Content-Length': '3719'
2026-02-18T10:06:00.7672164Z     'Accept': 'application/json'
2026-02-18T10:06:00.7672183Z     'x-ms-client-request-id': '6d4c4762-0cb1-11f1-b7fb-0adf85178b07'
2026-02-18T10:06:00.7672206Z     'User-Agent': 'azsdk-python-azuremonitorclient/unknown Python/3.11.14 (Linux-6.6.119.3-1.azl3-x86_64-with-glibc2.31)'
2026-02-18T10:06:00.7672280Z A body is sent with the request
2026-02-18T10:06:00.8874155Z 2026-02-18 10:06:00,887 - azure.core.pipeline.policies.http_logging_policy - INFO - Response status: 200
2026-02-18T10:06:00.8874463Z Response headers:
2026-02-18T10:06:00.8874493Z     'Transfer-Encoding': 'chunked'
2026-02-18T10:06:00.8874512Z     'Content-Type': 'application/json; charset=utf-8'
2026-02-18T10:06:00.8874535Z     'Server': 'Microsoft-HTTPAPI/2.0'
2026-02-18T10:06:00.8874558Z     'Strict-Transport-Security': 'REDACTED'
2026-02-18T10:06:00.8874575Z     'X-Content-Type-Options': 'REDACTED'
2026-02-18T10:06:00.8874592Z     'Date': 'Wed, 18 Feb 2026 10:06:00 GMT'
2026-02-18T10:06:00.8878858Z 2026-02-18 10:06:00,887 - azure.monitor.opentelemetry.exporter.export._base - INFO - Transmission succeeded: Item received: 3. Items accepted: 3
2026-02-18T10:06:04.6720532Z 2026-02-18 10:06:04,671 - azure.core.pipeline.policies.http_logging_policy - INFO - Request URL: 'https://westus2-2.in.applicationinsights.azure.com//v2.1/track'
2026-02-18T10:06:04.6720817Z Request method: 'POST'
2026-02-18T10:06:04.6720840Z Request headers:
2026-02-18T10:06:04.6720857Z     'Content-Type': 'application/json'
2026-02-18T10:06:04.6720874Z     'Content-Length': '3720'
2026-02-18T10:06:04.6720896Z     'Accept': 'application/json'
2026-02-18T10:06:04.6720917Z     'x-ms-client-request-id': '6fa04ec8-0cb1-11f1-a748-0adf85178b07'
2026-02-18T10:06:04.6720940Z     'User-Agent': 'azsdk-python-azuremonitorclient/unknown Python/3.11.14 (Linux-6.6.119.3-1.azl3-x86_64-with-glibc2.31)'
2026-02-18T10:06:04.6720955Z A body is sent with the request
2026-02-18T10:06:04.7635965Z 2026-02-18 10:06:04,763 - azure.core.pipeline.policies.http_logging_policy - INFO - Response status: 200
2026-02-18T10:06:04.7636401Z Response headers:
2026-02-18T10:06:04.7636425Z     'Transfer-Encoding': 'chunked'
2026-02-18T10:06:04.7636442Z     'Content-Type': 'application/json; charset=utf-8'
2026-02-18T10:06:04.7636459Z     'Server': 'Microsoft-HTTPAPI/2.0'
2026-02-18T10:06:04.7636476Z     'Strict-Transport-Security': 'REDACTED'
2026-02-18T10:06:04.7636495Z     'X-Content-Type-Options': 'REDACTED'
2026-02-18T10:06:04.7636512Z     'Date': 'Wed, 18 Feb 2026 10:06:04 GMT'
2026-02-18T10:06:04.7642392Z 2026-02-18 10:06:04,763 - azure.monitor.opentelemetry.exporter.export._base - INFO - Transmission succeeded: Item received: 3. Items accepted: 3
2026-02-18T10:06:05.8910687Z 2026-02-18 10:06:05,890 - azure.core.pipeline.policies.http_logging_policy - INFO - Request URL: 'https://westus2-2.in.applicationinsights.azure.com//v2.1/track'
2026-02-18T10:06:05.8910985Z Request method: 'POST'
2026-02-18T10:06:05.8911062Z Request headers:
2026-02-18T10:06:05.8911083Z     'Content-Type': 'application/json'
2026-02-18T10:06:05.8911103Z     'Content-Length': '3720'
2026-02-18T10:06:05.8911117Z     'Accept': 'application/json'
2026-02-18T10:06:05.8911135Z     'x-ms-client-request-id': '705a40f8-0cb1-11f1-b7fb-0adf85178b07'
2026-02-18T10:06:05.8911162Z     'User-Agent': 'azsdk-python-azuremonitorclient/unknown Python/3.11.14 (Linux-6.6.119.3-1.azl3-x86_64-with-glibc2.31)'
2026-02-18T10:06:05.8911183Z A body is sent with the request
2026-02-18T10:06:05.9331143Z 2026-02-18 10:06:05,932 - azure.core.pipeline.policies.http_logging_policy - INFO - Response status: 200
2026-02-18T10:06:05.9331800Z Response headers:
2026-02-18T10:06:05.9331832Z     'Transfer-Encoding': 'chunked'
2026-02-18T10:06:05.9331855Z     'Content-Type': 'application/json; charset=utf-8'
2026-02-18T10:06:05.9331923Z     'Server': 'Microsoft-HTTPAPI/2.0'
2026-02-18T10:06:05.9331941Z     'Strict-Transport-Security': 'REDACTED'
2026-02-18T10:06:05.9331962Z     'X-Content-Type-Options': 'REDACTED'
2026-02-18T10:06:05.9331982Z     'Date': 'Wed, 18 Feb 2026 10:06:05 GMT'
2026-02-18T10:06:05.9336364Z 2026-02-18 10:06:05,933 - azure.monitor.opentelemetry.exporter.export._base - INFO - Transmission succeeded: Item received: 3. Items accepted: 3
2026-02-18T10:06:09.7659869Z 2026-02-18 10:06:09,765 - azure.core.pipeline.policies.http_logging_policy - INFO - Request URL: 'https://westus2-2.in.applicationinsights.azure.com//v2.1/track'
2026-02-18T10:06:09.7660156Z Request method: 'POST'
2026-02-18T10:06:09.7660179Z Request headers:
2026-02-18T10:06:09.7660201Z     'Content-Type': 'application/json'
2026-02-18T10:06:09.7660219Z     'Content-Length': '3720'
2026-02-18T10:06:09.7660292Z     'Accept': 'application/json'
2026-02-18T10:06:09.7660309Z     'x-ms-client-request-id': '72a993d6-0cb1-11f1-a748-0adf85178b07'
2026-02-18T10:06:09.7660328Z     'User-Agent': 'azsdk-python-azuremonitorclient/unknown Python/3.11.14 (Linux-6.6.119.3-1.azl3-x86_64-with-glibc2.31)'
2026-02-18T10:06:09.7660342Z A body is sent with the request
2026-02-18T10:06:09.8329986Z 2026-02-18 10:06:09,832 - azure.core.pipeline.policies.http_logging_policy - INFO - Response status: 200
2026-02-18T10:06:09.8332193Z Response headers:
2026-02-18T10:06:09.8332437Z     'Transfer-Encoding': 'chunked'
2026-02-18T10:06:09.8332468Z     'Content-Type': 'application/json; charset=utf-8'
2026-02-18T10:06:09.8332490Z     'Server': 'Microsoft-HTTPAPI/2.0'
2026-02-18T10:06:09.8332511Z     'Strict-Transport-Security': 'REDACTED'
2026-02-18T10:06:09.8332583Z     'X-Content-Type-Options': 'REDACTED'
2026-02-18T10:06:09.8332608Z     'Date': 'Wed, 18 Feb 2026 10:06:09 GMT'
2026-02-18T10:06:09.8337058Z 2026-02-18 10:06:09,833 - azure.monitor.opentelemetry.exporter.export._base - INFO - Transmission succeeded: Item received: 3. Items accepted: 3
2026-02-18T10:06:10.9355061Z 2026-02-18 10:06:10,935 - azure.core.pipeline.policies.http_logging_policy - INFO - Request URL: 'https://westus2-2.in.applicationinsights.azure.com//v2.1/track'
2026-02-18T10:06:10.9355407Z Request method: 'POST'
2026-02-18T10:06:10.9355429Z Request headers:
2026-02-18T10:06:10.9355453Z     'Content-Type': 'application/json'
2026-02-18T10:06:10.9355472Z     'Content-Length': '3718'
2026-02-18T10:06:10.9355489Z     'Accept': 'application/json'
2026-02-18T10:06:10.9355508Z     'x-ms-client-request-id': '735c087c-0cb1-11f1-b7fb-0adf85178b07'
2026-02-18T10:06:10.9355590Z     'User-Agent': 'azsdk-python-azuremonitorclient/unknown Python/3.11.14 (Linux-6.6.119.3-1.azl3-x86_64-with-glibc2.31)'
2026-02-18T10:06:10.9355608Z A body is sent with the request
2026-02-18T10:06:11.0865151Z 2026-02-18 10:06:11,086 - azure.core.pipeline.policies.http_logging_policy - INFO - Response status: 200
2026-02-18T10:06:11.0865489Z Response headers:
2026-02-18T10:06:11.0865520Z     'Transfer-Encoding': 'chunked'
2026-02-18T10:06:11.0865539Z     'Content-Type': 'application/json; charset=utf-8'
2026-02-18T10:06:11.0865558Z     'Server': 'Microsoft-HTTPAPI/2.0'
2026-02-18T10:06:11.0865580Z     'Strict-Transport-Security': 'REDACTED'
2026-02-18T10:06:11.0865597Z     'X-Content-Type-Options': 'REDACTED'
2026-02-18T10:06:11.0865616Z     'Date': 'Wed, 18 Feb 2026 10:06:10 GMT'
2026-02-18T10:06:11.0869870Z 2026-02-18 10:06:11,086 - azure.monitor.opentelemetry.exporter.export._base - INFO - Transmission succeeded: Item received: 3. Items accepted: 3
2026-02-18T10:06:14.8357017Z 2026-02-18 10:06:14,835 - azure.core.pipeline.policies.http_logging_policy - INFO - Request URL: 'https://westus2-2.in.applicationinsights.azure.com//v2.1/track'
2026-02-18T10:06:14.8357349Z Request method: 'POST'
2026-02-18T10:06:14.8357373Z Request headers:
2026-02-18T10:06:14.8357391Z     'Content-Type': 'application/json'
2026-02-18T10:06:14.8357407Z     'Content-Length': '3720'
2026-02-18T10:06:14.8357430Z     'Accept': 'application/json'
2026-02-18T10:06:14.8357448Z     'x-ms-client-request-id': '75af2776-0cb1-11f1-a748-0adf85178b07'
2026-02-18T10:06:14.8357469Z     'User-Agent': 'azsdk-python-azuremonitorclient/unknown Python/3.11.14 (Linux-6.6.119.3-1.azl3-x86_64-with-glibc2.31)'
2026-02-18T10:06:14.8357486Z A body is sent with the request
2026-02-18T10:06:15.0247069Z 2026-02-18 10:06:15,023 - azure.core.pipeline.policies.http_logging_policy - INFO - Response status: 200
2026-02-18T10:06:15.0248550Z Response headers:
2026-02-18T10:06:15.0248582Z     'Transfer-Encoding': 'chunked'
2026-02-18T10:06:15.0248604Z     'Content-Type': 'application/json; charset=utf-8'
2026-02-18T10:06:15.0248619Z     'Server': 'Microsoft-HTTPAPI/2.0'
2026-02-18T10:06:15.0248633Z     'Strict-Transport-Security': 'REDACTED'
2026-02-18T10:06:15.0248648Z     'X-Content-Type-Options': 'REDACTED'
2026-02-18T10:06:15.0248664Z     'Date': 'Wed, 18 Feb 2026 10:06:14 GMT'
2026-02-18T10:06:15.0248689Z 2026-02-18 10:06:15,024 - azure.monitor.opentelemetry.exporter.export._base - INFO - Transmission succeeded: Item received: 3. Items accepted: 3
2026-02-18T10:06:16.0897388Z 2026-02-18 10:06:16,088 - azure.core.pipeline.policies.http_logging_policy - INFO - Request URL: 'https://westus2-2.in.applicationinsights.azure.com//v2.1/track'
2026-02-18T10:06:16.0897840Z Request method: 'POST'
2026-02-18T10:06:16.0897870Z Request headers:
2026-02-18T10:06:16.0897897Z     'Content-Type': 'application/json'
2026-02-18T10:06:16.0897922Z     'Content-Length': '3720'
2026-02-18T10:06:16.0897945Z     'Accept': 'application/json'
2026-02-18T10:06:16.0897972Z     'x-ms-client-request-id': '766e6168-0cb1-11f1-b7fb-0adf85178b07'
2026-02-18T10:06:16.0898002Z     'User-Agent': 'azsdk-python-azuremonitorclient/unknown Python/3.11.14 (Linux-6.6.119.3-1.azl3-x86_64-with-glibc2.31)'
2026-02-18T10:06:16.0898022Z A body is sent with the request
2026-02-18T10:06:16.1506088Z 2026-02-18 10:06:16,150 - azure.core.pipeline.policies.http_logging_policy - INFO - Response status: 200
2026-02-18T10:06:16.1506455Z Response headers:
2026-02-18T10:06:16.1506484Z     'Transfer-Encoding': 'chunked'
2026-02-18T10:06:16.1506563Z     'Content-Type': 'application/json; charset=utf-8'
2026-02-18T10:06:16.1506582Z     'Server': 'Microsoft-HTTPAPI/2.0'
2026-02-18T10:06:16.1506600Z     'Strict-Transport-Security': 'REDACTED'
2026-02-18T10:06:16.1506621Z     'X-Content-Type-Options': 'REDACTED'
2026-02-18T10:06:16.1506638Z     'Date': 'Wed, 18 Feb 2026 10:06:15 GMT'
2026-02-18T10:06:16.1512780Z 2026-02-18 10:06:16,150 - azure.monitor.opentelemetry.exporter.export._base - INFO - Transmission succeeded: Item received: 3. Items accepted: 3
2026-02-18T10:06:20.0263783Z 2026-02-18 10:06:20,026 - azure.core.pipeline.policies.http_logging_policy - INFO - Request URL: 'https://westus2-2.in.applicationinsights.azure.com//v2.1/track'
2026-02-18T10:06:20.0264136Z Request method: 'POST'
2026-02-18T10:06:20.0264156Z Request headers:
2026-02-18T10:06:20.0264183Z     'Content-Type': 'application/json'
2026-02-18T10:06:20.0264271Z     'Content-Length': '3717'
2026-02-18T10:06:20.0264288Z     'Accept': 'application/json'
2026-02-18T10:06:20.0264306Z     'x-ms-client-request-id': '78c72cb0-0cb1-11f1-a748-0adf85178b07'
2026-02-18T10:06:20.0264327Z     'User-Agent': 'azsdk-python-azuremonitorclient/unknown Python/3.11.14 (Linux-6.6.119.3-1.azl3-x86_64-with-glibc2.31)'
2026-02-18T10:06:20.0264343Z A body is sent with the request
2026-02-18T10:06:20.2868447Z 2026-02-18 10:06:20,281 - azure.core.pipeline.policies.http_logging_policy - INFO - Response status: 200
2026-02-18T10:06:20.2868938Z Response headers:
2026-02-18T10:06:20.2868965Z     'Transfer-Encoding': 'chunked'
2026-02-18T10:06:20.2868982Z     'Content-Type': 'application/json; charset=utf-8'
2026-02-18T10:06:20.2869003Z     'Server': 'Microsoft-HTTPAPI/2.0'
2026-02-18T10:06:20.2869087Z     'Strict-Transport-Security': 'REDACTED'
2026-02-18T10:06:20.2869105Z     'X-Content-Type-Options': 'REDACTED'
2026-02-18T10:06:20.2869119Z     'Date': 'Wed, 18 Feb 2026 10:06:19 GMT'
2026-02-18T10:06:20.2875133Z 2026-02-18 10:06:20,287 - azure.monitor.opentelemetry.exporter.export._base - INFO - Transmission succeeded: Item received: 3. Items accepted: 3
2026-02-18T10:06:21.1537402Z 2026-02-18 10:06:21,153 - azure.core.pipeline.policies.http_logging_policy - INFO - Request URL: 'https://westus2-2.in.applicationinsights.azure.com//v2.1/track'
2026-02-18T10:06:21.1537986Z Request method: 'POST'
2026-02-18T10:06:21.1538015Z Request headers:
2026-02-18T10:06:21.1538036Z     'Content-Type': 'application/json'
2026-02-18T10:06:21.1538054Z     'Content-Length': '3720'
2026-02-18T10:06:21.1538075Z     'Accept': 'application/json'
2026-02-18T10:06:21.1538149Z     'x-ms-client-request-id': '79733514-0cb1-11f1-b7fb-0adf85178b07'
2026-02-18T10:06:21.1538175Z     'User-Agent': 'azsdk-python-azuremonitorclient/unknown Python/3.11.14 (Linux-6.6.119.3-1.azl3-x86_64-with-glibc2.31)'
2026-02-18T10:06:21.1538190Z A body is sent with the request
2026-02-18T10:06:21.2366320Z 2026-02-18 10:06:21,236 - azure.core.pipeline.policies.http_logging_policy - INFO - Response status: 200
2026-02-18T10:06:21.2366696Z Response headers:
2026-02-18T10:06:21.2366724Z     'Transfer-Encoding': 'chunked'
2026-02-18T10:06:21.2366741Z     'Content-Type': 'application/json; charset=utf-8'
2026-02-18T10:06:21.2366759Z     'Server': 'Microsoft-HTTPAPI/2.0'
2026-02-18T10:06:21.2366775Z     'Strict-Transport-Security': 'REDACTED'
2026-02-18T10:06:21.2366794Z     'X-Content-Type-Options': 'REDACTED'
2026-02-18T10:06:21.2366813Z     'Date': 'Wed, 18 Feb 2026 10:06:20 GMT'
2026-02-18T10:06:21.2377821Z 2026-02-18 10:06:21,236 - azure.monitor.opentelemetry.exporter.export._base - INFO - Transmission succeeded: Item received: 3. Items accepted: 3
2026-02-18T10:06:25.2889155Z 2026-02-18 10:06:25,288 - azure.core.pipeline.policies.http_logging_policy - INFO - Request URL: 'https://westus2-2.in.applicationinsights.azure.com//v2.1/track'
2026-02-18T10:06:25.2889497Z Request method: 'POST'
2026-02-18T10:06:25.2889521Z Request headers:
2026-02-18T10:06:25.2889539Z     'Content-Type': 'application/json'
2026-02-18T10:06:25.2889555Z     'Content-Length': '3719'
2026-02-18T10:06:25.2889571Z     'Accept': 'application/json'
2026-02-18T10:06:25.2889589Z     'x-ms-client-request-id': '7bea307c-0cb1-11f1-a748-0adf85178b07'
2026-02-18T10:06:25.2889612Z     'User-Agent': 'azsdk-python-azuremonitorclient/unknown Python/3.11.14 (Linux-6.6.119.3-1.azl3-x86_64-with-glibc2.31)'
2026-02-18T10:06:25.2889632Z A body is sent with the request
2026-02-18T10:06:25.4121307Z 2026-02-18 10:06:25,411 - azure.core.pipeline.policies.http_logging_policy - INFO - Response status: 200
2026-02-18T10:06:25.4121917Z Response headers:
2026-02-18T10:06:25.4121948Z     'Transfer-Encoding': 'chunked'
2026-02-18T10:06:25.4121967Z     'Content-Type': 'application/json; charset=utf-8'
2026-02-18T10:06:25.4121990Z     'Server': 'Microsoft-HTTPAPI/2.0'
2026-02-18T10:06:25.4122009Z     'Strict-Transport-Security': 'REDACTED'
2026-02-18T10:06:25.4122026Z     'X-Content-Type-Options': 'REDACTED'
2026-02-18T10:06:25.4122044Z     'Date': 'Wed, 18 Feb 2026 10:06:25 GMT'
2026-02-18T10:06:25.4128897Z 2026-02-18 10:06:25,412 - azure.monitor.opentelemetry.exporter.export._base - INFO - Transmission succeeded: Item received: 3. Items accepted: 3
2026-02-18T10:06:26.2482051Z 2026-02-18 10:06:26,248 - azure.core.pipeline.policies.http_logging_policy - INFO - Request URL: 'https://westus2-2.in.applicationinsights.azure.com//v2.1/track'
2026-02-18T10:06:26.2482388Z Request method: 'POST'
2026-02-18T10:06:26.2482406Z Request headers:
2026-02-18T10:06:26.2482426Z     'Content-Type': 'application/json'
2026-02-18T10:06:26.2482502Z     'Content-Length': '3719'
2026-02-18T10:06:26.2482521Z     'Accept': 'application/json'
2026-02-18T10:06:26.2482542Z     'x-ms-client-request-id': '7c7c9002-0cb1-11f1-b7fb-0adf85178b07'
2026-02-18T10:06:26.2482567Z     'User-Agent': 'azsdk-python-azuremonitorclient/unknown Python/3.11.14 (Linux-6.6.119.3-1.azl3-x86_64-with-glibc2.31)'
2026-02-18T10:06:26.2482584Z A body is sent with the request
2026-02-18T10:06:26.3719610Z 2026-02-18 10:06:26,371 - azure.core.pipeline.policies.http_logging_policy - INFO - Response status: 200
2026-02-18T10:06:26.3719933Z Response headers:
2026-02-18T10:06:26.3719957Z     'Transfer-Encoding': 'chunked'
2026-02-18T10:06:26.3719976Z     'Content-Type': 'application/json; charset=utf-8'
2026-02-18T10:06:26.3719997Z     'Server': 'Microsoft-HTTPAPI/2.0'
2026-02-18T10:06:26.3720068Z     'Strict-Transport-Security': 'REDACTED'
2026-02-18T10:06:26.3720088Z     'X-Content-Type-Options': 'REDACTED'
2026-02-18T10:06:26.3720105Z     'Date': 'Wed, 18 Feb 2026 10:06:25 GMT'
2026-02-18T10:06:26.3723074Z 2026-02-18 10:06:26,372 - azure.monitor.opentelemetry.exporter.export._base - INFO - Transmission succeeded: Item received: 3. Items accepted: 3
2026-02-18T10:06:30.4141676Z 2026-02-18 10:06:30,413 - azure.core.pipeline.policies.http_logging_policy - INFO - Request URL: 'https://westus2-2.in.applicationinsights.azure.com//v2.1/track'
2026-02-18T10:06:30.4141982Z Request method: 'POST'
2026-02-18T10:06:30.4142012Z Request headers:
2026-02-18T10:06:30.4142037Z     'Content-Type': 'application/json'
2026-02-18T10:06:30.4142054Z     'Content-Length': '3720'
2026-02-18T10:06:30.4142076Z     'Accept': 'application/json'
2026-02-18T10:06:30.4142154Z     'x-ms-client-request-id': '7ef83d0e-0cb1-11f1-a748-0adf85178b07'
2026-02-18T10:06:30.4142179Z     'User-Agent': 'azsdk-python-azuremonitorclient/unknown Python/3.11.14 (Linux-6.6.119.3-1.azl3-x86_64-with-glibc2.31)'
2026-02-18T10:06:30.4142193Z A body is sent with the request
2026-02-18T10:06:30.4826272Z 2026-02-18 10:06:30,482 - azure.core.pipeline.policies.http_logging_policy - INFO - Response status: 200
2026-02-18T10:06:30.4826608Z Response headers:
2026-02-18T10:06:30.4826632Z     'Transfer-Encoding': 'chunked'
2026-02-18T10:06:30.4826653Z     'Content-Type': 'application/json; charset=utf-8'
2026-02-18T10:06:30.4826672Z     'Server': 'Microsoft-HTTPAPI/2.0'
2026-02-18T10:06:30.4826693Z     'Strict-Transport-Security': 'REDACTED'
2026-02-18T10:06:30.4826709Z     'X-Content-Type-Options': 'REDACTED'
2026-02-18T10:06:30.4826725Z     'Date': 'Wed, 18 Feb 2026 10:06:30 GMT'
2026-02-18T10:06:30.4832077Z 2026-02-18 10:06:30,482 - azure.monitor.opentelemetry.exporter.export._base - INFO - Transmission succeeded: Item received: 3. Items accepted: 3
2026-02-18T10:06:31.3740019Z 2026-02-18 10:06:31,373 - azure.core.pipeline.policies.http_logging_policy - INFO - Request URL: 'https://westus2-2.in.applicationinsights.azure.com//v2.1/track'
2026-02-18T10:06:31.3740411Z Request method: 'POST'
2026-02-18T10:06:31.3740434Z Request headers:
2026-02-18T10:06:31.3740458Z     'Content-Type': 'application/json'
2026-02-18T10:06:31.3740482Z     'Content-Length': '3720'
2026-02-18T10:06:31.3740498Z     'Accept': 'application/json'
2026-02-18T10:06:31.3740516Z     'x-ms-client-request-id': '7f8aacca-0cb1-11f1-b7fb-0adf85178b07'
2026-02-18T10:06:31.3740536Z     'User-Agent': 'azsdk-python-azuremonitorclient/unknown Python/3.11.14 (Linux-6.6.119.3-1.azl3-x86_64-with-glibc2.31)'
2026-02-18T10:06:31.3740554Z A body is sent with the request
2026-02-18T10:06:31.5206032Z 2026-02-18 10:06:31,520 - azure.core.pipeline.policies.http_logging_policy - INFO - Response status: 200
2026-02-18T10:06:31.5206341Z Response headers:
2026-02-18T10:06:31.5206370Z     'Transfer-Encoding': 'chunked'
2026-02-18T10:06:31.5206390Z     'Content-Type': 'application/json; charset=utf-8'
2026-02-18T10:06:31.5206408Z     'Server': 'Microsoft-HTTPAPI/2.0'
2026-02-18T10:06:31.5206428Z     'Strict-Transport-Security': 'REDACTED'
2026-02-18T10:06:31.5206445Z     'X-Content-Type-Options': 'REDACTED'
2026-02-18T10:06:31.5206463Z     'Date': 'Wed, 18 Feb 2026 10:06:30 GMT'
2026-02-18T10:06:31.5213875Z 2026-02-18 10:06:31,521 - azure.monitor.opentelemetry.exporter.export._base - INFO - Transmission succeeded: Item received: 3. Items accepted: 3
2026-02-18T10:06:35.4853395Z 2026-02-18 10:06:35,484 - azure.core.pipeline.policies.http_logging_policy - INFO - Request URL: 'https://westus2-2.in.applicationinsights.azure.com//v2.1/track'
2026-02-18T10:06:35.4853711Z Request method: 'POST'
2026-02-18T10:06:35.4853738Z Request headers:
2026-02-18T10:06:35.4853757Z     'Content-Type': 'application/json'
2026-02-18T10:06:35.4853774Z     'Content-Length': '3719'
2026-02-18T10:06:35.4853796Z     'Accept': 'application/json'
2026-02-18T10:06:35.4853815Z     'x-ms-client-request-id': '81fe0074-0cb1-11f1-a748-0adf85178b07'
2026-02-18T10:06:35.4853837Z     'User-Agent': 'azsdk-python-azuremonitorclient/unknown Python/3.11.14 (Linux-6.6.119.3-1.azl3-x86_64-with-glibc2.31)'
2026-02-18T10:06:35.4853855Z A body is sent with the request
2026-02-18T10:06:35.5987600Z 2026-02-18 10:06:35,598 - azure.core.pipeline.policies.http_logging_policy - INFO - Response status: 200
2026-02-18T10:06:35.5988017Z Response headers:
2026-02-18T10:06:35.5988043Z     'Transfer-Encoding': 'chunked'
2026-02-18T10:06:35.5988061Z     'Content-Type': 'application/json; charset=utf-8'
2026-02-18T10:06:35.5988078Z     'Server': 'Microsoft-HTTPAPI/2.0'
2026-02-18T10:06:35.5988095Z     'Strict-Transport-Security': 'REDACTED'
2026-02-18T10:06:35.5988110Z     'X-Content-Type-Options': 'REDACTED'
2026-02-18T10:06:35.5988127Z     'Date': 'Wed, 18 Feb 2026 10:06:35 GMT'
2026-02-18T10:06:35.5994005Z 2026-02-18 10:06:35,599 - azure.monitor.opentelemetry.exporter.export._base - INFO - Transmission succeeded: Item received: 3. Items accepted: 3
2026-02-18T10:06:36.5229781Z 2026-02-18 10:06:36,522 - azure.core.pipeline.policies.http_logging_policy - INFO - Request URL: 'https://westus2-2.in.applicationinsights.azure.com//v2.1/track'
2026-02-18T10:06:36.5230099Z Request method: 'POST'
2026-02-18T10:06:36.5230173Z Request headers:
2026-02-18T10:06:36.5230190Z     'Content-Type': 'application/json'
2026-02-18T10:06:36.5230207Z     'Content-Length': '3720'
2026-02-18T10:06:36.5230224Z     'Accept': 'application/json'
2026-02-18T10:06:36.5230244Z     'x-ms-client-request-id': '829c5b5c-0cb1-11f1-b7fb-0adf85178b07'
2026-02-18T10:06:36.5230268Z     'User-Agent': 'azsdk-python-azuremonitorclient/unknown Python/3.11.14 (Linux-6.6.119.3-1.azl3-x86_64-with-glibc2.31)'
2026-02-18T10:06:36.5230287Z A body is sent with the request
2026-02-18T10:06:36.6393140Z 2026-02-18 10:06:36,639 - azure.core.pipeline.policies.http_logging_policy - INFO - Response status: 200
2026-02-18T10:06:36.6393486Z Response headers:
2026-02-18T10:06:36.6393514Z     'Transfer-Encoding': 'chunked'
2026-02-18T10:06:36.6393538Z     'Content-Type': 'application/json; charset=utf-8'
2026-02-18T10:06:36.6393611Z     'Server': 'Microsoft-HTTPAPI/2.0'
2026-02-18T10:06:36.6393629Z     'Strict-Transport-Security': 'REDACTED'
2026-02-18T10:06:36.6393646Z     'X-Content-Type-Options': 'REDACTED'
2026-02-18T10:06:36.6393662Z     'Date': 'Wed, 18 Feb 2026 10:06:35 GMT'
2026-02-18T10:06:36.6398692Z 2026-02-18 10:06:36,639 - azure.monitor.opentelemetry.exporter.export._base - INFO - Transmission succeeded: Item received: 3. Items accepted: 3
2026-02-18T10:06:40.6007922Z 2026-02-18 10:06:40,600 - azure.core.pipeline.policies.http_logging_policy - INFO - Request URL: 'https://westus2-2.in.applicationinsights.azure.com//v2.1/track'
2026-02-18T10:06:40.6008280Z Request method: 'POST'
2026-02-18T10:06:40.6008371Z Request headers:
2026-02-18T10:06:40.6008393Z     'Content-Type': 'application/json'
2026-02-18T10:06:40.6008410Z     'Content-Length': '3717'
2026-02-18T10:06:40.6008428Z     'Accept': 'application/json'
2026-02-18T10:06:40.6008448Z     'x-ms-client-request-id': '850a975a-0cb1-11f1-a748-0adf85178b07'
2026-02-18T10:06:40.6008469Z     'User-Agent': 'azsdk-python-azuremonitorclient/unknown Python/3.11.14 (Linux-6.6.119.3-1.azl3-x86_64-with-glibc2.31)'
2026-02-18T10:06:40.6008487Z A body is sent with the request
2026-02-18T10:06:40.7077409Z 2026-02-18 10:06:40,707 - azure.core.pipeline.policies.http_logging_policy - INFO - Response status: 200
2026-02-18T10:06:40.7078077Z Response headers:
2026-02-18T10:06:40.7078107Z     'Transfer-Encoding': 'chunked'
2026-02-18T10:06:40.7078123Z     'Content-Type': 'application/json; charset=utf-8'
2026-02-18T10:06:40.7078202Z     'Server': 'Microsoft-HTTPAPI/2.0'
2026-02-18T10:06:40.7078218Z     'Strict-Transport-Security': 'REDACTED'
2026-02-18T10:06:40.7078232Z     'X-Content-Type-Options': 'REDACTED'
2026-02-18T10:06:40.7078247Z     'Date': 'Wed, 18 Feb 2026 10:06:40 GMT'
2026-02-18T10:06:40.7083436Z 2026-02-18 10:06:40,708 - azure.monitor.opentelemetry.exporter.export._base - INFO - Transmission succeeded: Item received: 3. Items accepted: 3
2026-02-18T10:06:41.6413545Z 2026-02-18 10:06:41,641 - azure.core.pipeline.policies.http_logging_policy - INFO - Request URL: 'https://westus2-2.in.applicationinsights.azure.com//v2.1/track'
2026-02-18T10:06:41.6413853Z Request method: 'POST'
2026-02-18T10:06:41.6413882Z Request headers:
2026-02-18T10:06:41.6413906Z     'Content-Type': 'application/json'
2026-02-18T10:06:41.6413926Z     'Content-Length': '3720'
2026-02-18T10:06:41.6414007Z     'Accept': 'application/json'
2026-02-18T10:06:41.6414031Z     'x-ms-client-request-id': '85a95dc2-0cb1-11f1-b7fb-0adf85178b07'
2026-02-18T10:06:41.6414057Z     'User-Agent': 'azsdk-python-azuremonitorclient/unknown Python/3.11.14 (Linux-6.6.119.3-1.azl3-x86_64-with-glibc2.31)'
2026-02-18T10:06:41.6414080Z A body is sent with the request
2026-02-18T10:06:41.7605914Z 2026-02-18 10:06:41,760 - azure.core.pipeline.policies.http_logging_policy - INFO - Response status: 200
2026-02-18T10:06:41.7606558Z Response headers:
2026-02-18T10:06:41.7606589Z     'Transfer-Encoding': 'chunked'
2026-02-18T10:06:41.7606613Z     'Content-Type': 'application/json; charset=utf-8'
2026-02-18T10:06:41.7606629Z     'Server': 'Microsoft-HTTPAPI/2.0'
2026-02-18T10:06:41.7606644Z     'Strict-Transport-Security': 'REDACTED'
2026-02-18T10:06:41.7606658Z     'X-Content-Type-Options': 'REDACTED'
2026-02-18T10:06:41.7606735Z     'Date': 'Wed, 18 Feb 2026 10:06:40 GMT'
2026-02-18T10:06:41.7610972Z 2026-02-18 10:06:41,760 - azure.monitor.opentelemetry.exporter.export._base - INFO - Transmission succeeded: Item received: 3. Items accepted: 3
2026-02-18T10:06:45.7097529Z 2026-02-18 10:06:45,709 - azure.core.pipeline.policies.http_logging_policy - INFO - Request URL: 'https://westus2-2.in.applicationinsights.azure.com//v2.1/track'
2026-02-18T10:06:45.7097853Z Request method: 'POST'
2026-02-18T10:06:45.7097876Z Request headers:
2026-02-18T10:06:45.7097896Z     'Content-Type': 'application/json'
2026-02-18T10:06:45.7097915Z     'Content-Length': '3720'
2026-02-18T10:06:45.7097936Z     'Accept': 'application/json'
2026-02-18T10:06:45.7097960Z     'x-ms-client-request-id': '88162856-0cb1-11f1-a748-0adf85178b07'
2026-02-18T10:06:45.7098029Z     'User-Agent': 'azsdk-python-azuremonitorclient/unknown Python/3.11.14 (Linux-6.6.119.3-1.azl3-x86_64-with-glibc2.31)'
2026-02-18T10:06:45.7098051Z A body is sent with the request
2026-02-18T10:06:45.7836168Z 2026-02-18 10:06:45,783 - azure.core.pipeline.policies.http_logging_policy - INFO - Response status: 200
2026-02-18T10:06:45.7836463Z Response headers:
2026-02-18T10:06:45.7836494Z     'Transfer-Encoding': 'chunked'
2026-02-18T10:06:45.7836524Z     'Content-Type': 'application/json; charset=utf-8'
2026-02-18T10:06:45.7836549Z     'Server': 'Microsoft-HTTPAPI/2.0'
2026-02-18T10:06:45.7836570Z     'Strict-Transport-Security': 'REDACTED'
2026-02-18T10:06:45.7836589Z     'X-Content-Type-Options': 'REDACTED'
2026-02-18T10:06:45.7836610Z     'Date': 'Wed, 18 Feb 2026 10:06:45 GMT'
2026-02-18T10:06:45.7840550Z 2026-02-18 10:06:45,783 - azure.monitor.opentelemetry.exporter.export._base - INFO - Transmission succeeded: Item received: 3. Items accepted: 3
2026-02-18T10:06:46.7635829Z 2026-02-18 10:06:46,762 - azure.core.pipeline.policies.http_logging_policy - INFO - Request URL: 'https://westus2-2.in.applicationinsights.azure.com//v2.1/track'
2026-02-18T10:06:46.7636287Z Request method: 'POST'
2026-02-18T10:06:46.7636311Z Request headers:
2026-02-18T10:06:46.7636330Z     'Content-Type': 'application/json'
2026-02-18T10:06:46.7636350Z     'Content-Length': '3720'
2026-02-18T10:06:46.7636364Z     'Accept': 'application/json'
2026-02-18T10:06:46.7636381Z     'x-ms-client-request-id': '88b6d440-0cb1-11f1-b7fb-0adf85178b07'
2026-02-18T10:06:46.7636401Z     'User-Agent': 'azsdk-python-azuremonitorclient/unknown Python/3.11.14 (Linux-6.6.119.3-1.azl3-x86_64-with-glibc2.31)'
2026-02-18T10:06:46.7636420Z A body is sent with the request
2026-02-18T10:06:46.8554918Z 2026-02-18 10:06:46,855 - azure.core.pipeline.policies.http_logging_policy - INFO - Response status: 200
2026-02-18T10:06:46.8555253Z Response headers:
2026-02-18T10:06:46.8555283Z     'Transfer-Encoding': 'chunked'
2026-02-18T10:06:46.8555309Z     'Content-Type': 'application/json; charset=utf-8'
2026-02-18T10:06:46.8555325Z     'Server': 'Microsoft-HTTPAPI/2.0'
2026-02-18T10:06:46.8555342Z     'Strict-Transport-Security': 'REDACTED'
2026-02-18T10:06:46.8555361Z     'X-Content-Type-Options': 'REDACTED'
2026-02-18T10:06:46.8555380Z     'Date': 'Wed, 18 Feb 2026 10:06:45 GMT'
2026-02-18T10:06:46.8559997Z 2026-02-18 10:06:46,855 - azure.monitor.opentelemetry.exporter.export._base - INFO - Transmission succeeded: Item received: 3. Items accepted: 3
2026-02-18T10:06:51.0250800Z 2026-02-18 10:06:50,785 - azure.core.pipeline.policies.http_logging_policy - INFO - Request URL: 'https://westus2-2.in.applicationinsights.azure.com//v2.1/track'
2026-02-18T10:06:51.0251147Z Request method: 'POST'
2026-02-18T10:06:51.0251169Z Request headers:
2026-02-18T10:06:51.0251189Z     'Content-Type': 'application/json'
2026-02-18T10:06:51.0251206Z     'Content-Length': '3719'
2026-02-18T10:06:51.0251224Z     'Accept': 'application/json'
2026-02-18T10:06:51.0251245Z     'x-ms-client-request-id': '8b1ca84a-0cb1-11f1-a748-0adf85178b07'
2026-02-18T10:06:51.0251271Z     'User-Agent': 'azsdk-python-azuremonitorclient/unknown Python/3.11.14 (Linux-6.6.119.3-1.azl3-x86_64-with-glibc2.31)'
2026-02-18T10:06:51.0251288Z A body is sent with the request
2026-02-18T10:06:51.0251520Z 2026-02-18 10:06:50,865 - azure.core.pipeline.policies.http_logging_policy - INFO - Response status: 200
2026-02-18T10:06:51.0251540Z Response headers:
2026-02-18T10:06:51.0251560Z     'Transfer-Encoding': 'chunked'
2026-02-18T10:06:51.0251595Z     'Content-Type': 'application/json; charset=utf-8'
2026-02-18T10:06:51.0251616Z     'Server': 'Microsoft-HTTPAPI/2.0'
2026-02-18T10:06:51.0251637Z     'Strict-Transport-Security': 'REDACTED'
2026-02-18T10:06:51.0251656Z     'X-Content-Type-Options': 'REDACTED'
2026-02-18T10:06:51.0251670Z     'Date': 'Wed, 18 Feb 2026 10:06:50 GMT'
2026-02-18T10:06:51.0251690Z 2026-02-18 10:06:50,866 - azure.monitor.opentelemetry.exporter.export._base - INFO - Transmission succeeded: Item received: 3. Items accepted: 3
2026-02-18T10:06:51.8587249Z 2026-02-18 10:06:51,857 - azure.core.pipeline.policies.http_logging_policy - INFO - Request URL: 'https://westus2-2.in.applicationinsights.azure.com//v2.1/track'
2026-02-18T10:06:51.8587598Z Request method: 'POST'
2026-02-18T10:06:51.8587623Z Request headers:
2026-02-18T10:06:51.8587644Z     'Content-Type': 'application/json'
2026-02-18T10:06:51.8587716Z     'Content-Length': '3720'
2026-02-18T10:06:51.8587733Z     'Accept': 'application/json'
2026-02-18T10:06:51.8587756Z     'x-ms-client-request-id': '8bc03866-0cb1-11f1-b7fb-0adf85178b07'
2026-02-18T10:06:51.8587782Z     'User-Agent': 'azsdk-python-azuremonitorclient/unknown Python/3.11.14 (Linux-6.6.119.3-1.azl3-x86_64-with-glibc2.31)'
2026-02-18T10:06:51.8587803Z A body is sent with the request
2026-02-18T10:06:51.9110505Z 2026-02-18 10:06:51,910 - azure.core.pipeline.policies.http_logging_policy - INFO - Response status: 200
2026-02-18T10:06:51.9110808Z Response headers:
2026-02-18T10:06:51.9111103Z     'Transfer-Encoding': 'chunked'
2026-02-18T10:06:51.9111124Z     'Content-Type': 'application/json; charset=utf-8'
2026-02-18T10:06:51.9111146Z     'Server': 'Microsoft-HTTPAPI/2.0'
2026-02-18T10:06:51.9111205Z     'Strict-Transport-Security': 'REDACTED'
2026-02-18T10:06:51.9111223Z     'X-Content-Type-Options': 'REDACTED'
2026-02-18T10:06:51.9111242Z     'Date': 'Wed, 18 Feb 2026 10:06:50 GMT'
2026-02-18T10:06:51.9117504Z 2026-02-18 10:06:51,911 - azure.monitor.opentelemetry.exporter.export._base - INFO - Transmission succeeded: Item received: 3. Items accepted: 3
2026-02-18T10:06:55.8680256Z 2026-02-18 10:06:55,867 - azure.core.pipeline.policies.http_logging_policy - INFO - Request URL: 'https://westus2-2.in.applicationinsights.azure.com//v2.1/track'
2026-02-18T10:06:55.8680703Z Request method: 'POST'
2026-02-18T10:06:55.8680734Z Request headers:
2026-02-18T10:06:55.8680753Z     'Content-Type': 'application/json'
2026-02-18T10:06:55.8680775Z     'Content-Length': '3719'
2026-02-18T10:06:55.8680798Z     'Accept': 'application/json'
2026-02-18T10:06:55.8680878Z     'x-ms-client-request-id': '8e242f9a-0cb1-11f1-a748-0adf85178b07'
2026-02-18T10:06:55.8680903Z     'User-Agent': 'azsdk-python-azuremonitorclient/unknown Python/3.11.14 (Linux-6.6.119.3-1.azl3-x86_64-with-glibc2.31)'
2026-02-18T10:06:55.8680921Z A body is sent with the request
2026-02-18T10:06:55.9437467Z 2026-02-18 10:06:55,943 - azure.core.pipeline.policies.http_logging_policy - INFO - Response status: 200
2026-02-18T10:06:55.9437789Z Response headers:
2026-02-18T10:06:55.9437811Z     'Transfer-Encoding': 'chunked'
2026-02-18T10:06:55.9437830Z     'Content-Type': 'application/json; charset=utf-8'
2026-02-18T10:06:55.9437851Z     'Server': 'Microsoft-HTTPAPI/2.0'
2026-02-18T10:06:55.9437867Z     'Strict-Transport-Security': 'REDACTED'
2026-02-18T10:06:55.9437884Z     'X-Content-Type-Options': 'REDACTED'
2026-02-18T10:06:55.9437899Z     'Date': 'Wed, 18 Feb 2026 10:06:55 GMT'
2026-02-18T10:06:55.9442530Z 2026-02-18 10:06:55,943 - azure.monitor.opentelemetry.exporter.export._base - INFO - Transmission succeeded: Item received: 3. Items accepted: 3
2026-02-18T10:06:56.9139078Z 2026-02-18 10:06:56,913 - azure.core.pipeline.policies.http_logging_policy - INFO - Request URL: 'https://westus2-2.in.applicationinsights.azure.com//v2.1/track'
2026-02-18T10:06:56.9140950Z Request method: 'POST'
2026-02-18T10:06:56.9140985Z Request headers:
2026-02-18T10:06:56.9141002Z     'Content-Type': 'application/json'
2026-02-18T10:06:56.9141022Z     'Content-Length': '3720'
2026-02-18T10:06:56.9141041Z     'Accept': 'application/json'
2026-02-18T10:06:56.9141750Z     'x-ms-client-request-id': '8ec3be0c-0cb1-11f1-b7fb-0adf85178b07'
2026-02-18T10:06:56.9141786Z     'User-Agent': 'azsdk-python-azuremonitorclient/unknown Python/3.11.14 (Linux-6.6.119.3-1.azl3-x86_64-with-glibc2.31)'
2026-02-18T10:06:56.9141803Z A body is sent with the request
2026-02-18T10:06:56.9942840Z 2026-02-18 10:06:56,994 - azure.core.pipeline.policies.http_logging_policy - INFO - Response status: 200
2026-02-18T10:06:56.9943148Z Response headers:
2026-02-18T10:06:56.9943173Z     'Transfer-Encoding': 'chunked'
2026-02-18T10:06:56.9943193Z     'Content-Type': 'application/json; charset=utf-8'
2026-02-18T10:06:56.9943213Z     'Server': 'Microsoft-HTTPAPI/2.0'
2026-02-18T10:06:56.9943232Z     'Strict-Transport-Security': 'REDACTED'
2026-02-18T10:06:56.9943249Z     'X-Content-Type-Options': 'REDACTED'
2026-02-18T10:06:56.9943266Z     'Date': 'Wed, 18 Feb 2026 10:06:56 GMT'
2026-02-18T10:06:56.9949603Z 2026-02-18 10:06:56,994 - azure.monitor.opentelemetry.exporter.export._base - INFO - Transmission succeeded: Item received: 3. Items accepted: 3
2026-02-18T10:07:00.9490793Z 2026-02-18 10:07:00,945 - azure.core.pipeline.policies.http_logging_policy - INFO - Request URL: 'https://westus2-2.in.applicationinsights.azure.com//v2.1/track'
2026-02-18T10:07:00.9491236Z Request method: 'POST'
2026-02-18T10:07:00.9491268Z Request headers:
2026-02-18T10:07:00.9491287Z     'Content-Type': 'application/json'
2026-02-18T10:07:00.9491306Z     'Content-Length': '3720'
2026-02-18T10:07:00.9491328Z     'Accept': 'application/json'
2026-02-18T10:07:00.9491344Z     'x-ms-client-request-id': '912b0af6-0cb1-11f1-a748-0adf85178b07'
2026-02-18T10:07:00.9491364Z     'User-Agent': 'azsdk-python-azuremonitorclient/unknown Python/3.11.14 (Linux-6.6.119.3-1.azl3-x86_64-with-glibc2.31)'
2026-02-18T10:07:00.9491383Z A body is sent with the request
2026-02-18T10:07:01.0195114Z 2026-02-18 10:07:01,019 - azure.core.pipeline.policies.http_logging_policy - INFO - Response status: 200
2026-02-18T10:07:01.0196858Z Response headers:
2026-02-18T10:07:01.0196913Z     'Transfer-Encoding': 'chunked'
2026-02-18T10:07:01.0196939Z     'Content-Type': 'application/json; charset=utf-8'
2026-02-18T10:07:01.0196965Z     'Server': 'Microsoft-HTTPAPI/2.0'
2026-02-18T10:07:01.0196989Z     'Strict-Transport-Security': 'REDACTED'
2026-02-18T10:07:01.0197012Z     'X-Content-Type-Options': 'REDACTED'
2026-02-18T10:07:01.0197034Z     'Date': 'Wed, 18 Feb 2026 10:07:00 GMT'
2026-02-18T10:07:01.0202656Z 2026-02-18 10:07:01,019 - azure.monitor.opentelemetry.exporter.export._base - INFO - Transmission succeeded: Item received: 3. Items accepted: 3
2026-02-18T10:07:01.9972727Z 2026-02-18 10:07:01,996 - azure.core.pipeline.policies.http_logging_policy - INFO - Request URL: 'https://westus2-2.in.applicationinsights.azure.com//v2.1/track'
2026-02-18T10:07:01.9976126Z Request method: 'POST'
2026-02-18T10:07:01.9976215Z Request headers:
2026-02-18T10:07:01.9976237Z     'Content-Type': 'application/json'
2026-02-18T10:07:01.9976254Z     'Content-Length': '3720'
2026-02-18T10:07:01.9976270Z     'Accept': 'application/json'
2026-02-18T10:07:01.9976289Z     'x-ms-client-request-id': '91cb669a-0cb1-11f1-b7fb-0adf85178b07'
2026-02-18T10:07:01.9976310Z     'User-Agent': 'azsdk-python-azuremonitorclient/unknown Python/3.11.14 (Linux-6.6.119.3-1.azl3-x86_64-with-glibc2.31)'
2026-02-18T10:07:02.0018413Z A body is sent with the request
2026-02-18T10:07:02.1291223Z 2026-02-18 10:07:02,128 - azure.core.pipeline.policies.http_logging_policy - INFO - Response status: 200
2026-02-18T10:07:02.1291588Z Response headers:
2026-02-18T10:07:02.1291614Z     'Transfer-Encoding': 'chunked'
2026-02-18T10:07:02.1291632Z     'Content-Type': 'application/json; charset=utf-8'
2026-02-18T10:07:02.1291706Z     'Server': 'Microsoft-HTTPAPI/2.0'
2026-02-18T10:07:02.1291724Z     'Strict-Transport-Security': 'REDACTED'
2026-02-18T10:07:02.1291740Z     'X-Content-Type-Options': 'REDACTED'
2026-02-18T10:07:02.1291757Z     'Date': 'Wed, 18 Feb 2026 10:07:02 GMT'
2026-02-18T10:07:02.1298813Z 2026-02-18 10:07:02,129 - azure.monitor.opentelemetry.exporter.export._base - INFO - Transmission succeeded: Item received: 3. Items accepted: 3
2026-02-18T10:07:06.0214820Z 2026-02-18 10:07:06,021 - azure.core.pipeline.policies.http_logging_policy - INFO - Request URL: 'https://westus2-2.in.applicationinsights.azure.com//v2.1/track'
2026-02-18T10:07:06.0215161Z Request method: 'POST'
2026-02-18T10:07:06.0215180Z Request headers:
2026-02-18T10:07:06.0215196Z     'Content-Type': 'application/json'
2026-02-18T10:07:06.0215212Z     'Content-Length': '3720'
2026-02-18T10:07:06.0215294Z     'Accept': 'application/json'
2026-02-18T10:07:06.0215315Z     'x-ms-client-request-id': '94317bb8-0cb1-11f1-a748-0adf85178b07'
2026-02-18T10:07:06.0215339Z     'User-Agent': 'azsdk-python-azuremonitorclient/unknown Python/3.11.14 (Linux-6.6.119.3-1.azl3-x86_64-with-glibc2.31)'
2026-02-18T10:07:06.0215357Z A body is sent with the request
2026-02-18T10:07:06.1208487Z 2026-02-18 10:07:06,120 - azure.core.pipeline.policies.http_logging_policy - INFO - Response status: 200
2026-02-18T10:07:06.1208855Z Response headers:
2026-02-18T10:07:06.1208878Z     'Transfer-Encoding': 'chunked'
2026-02-18T10:07:06.1208902Z     'Content-Type': 'application/json; charset=utf-8'
2026-02-18T10:07:06.1208921Z     'Server': 'Microsoft-HTTPAPI/2.0'
2026-02-18T10:07:06.1208938Z     'Strict-Transport-Security': 'REDACTED'
2026-02-18T10:07:06.1209012Z     'X-Content-Type-Options': 'REDACTED'
2026-02-18T10:07:06.1209030Z     'Date': 'Wed, 18 Feb 2026 10:07:05 GMT'
2026-02-18T10:07:06.1214096Z 2026-02-18 10:07:06,121 - azure.monitor.opentelemetry.exporter.export._base - INFO - Transmission succeeded: Item received: 3. Items accepted: 3
2026-02-18T10:07:07.1312724Z 2026-02-18 10:07:07,130 - azure.core.pipeline.policies.http_logging_policy - INFO - Request URL: 'https://westus2-2.in.applicationinsights.azure.com//v2.1/track'
2026-02-18T10:07:07.1313370Z Request method: 'POST'
2026-02-18T10:07:07.1313398Z Request headers:
2026-02-18T10:07:07.1313412Z     'Content-Type': 'application/json'
2026-02-18T10:07:07.1313432Z     'Content-Length': '3720'
2026-02-18T10:07:07.1313448Z     'Accept': 'application/json'
2026-02-18T10:07:07.1313464Z     'x-ms-client-request-id': '94dac970-0cb1-11f1-b7fb-0adf85178b07'
2026-02-18T10:07:07.1313554Z     'User-Agent': 'azsdk-python-azuremonitorclient/unknown Python/3.11.14 (Linux-6.6.119.3-1.azl3-x86_64-with-glibc2.31)'
2026-02-18T10:07:07.1313574Z A body is sent with the request
2026-02-18T10:07:07.2278024Z 2026-02-18 10:07:07,227 - azure.core.pipeline.policies.http_logging_policy - INFO - Response status: 200
2026-02-18T10:07:07.2278398Z Response headers:
2026-02-18T10:07:07.2278427Z     'Transfer-Encoding': 'chunked'
2026-02-18T10:07:07.2278445Z     'Content-Type': 'application/json; charset=utf-8'
2026-02-18T10:07:07.2278461Z     'Server': 'Microsoft-HTTPAPI/2.0'
2026-02-18T10:07:07.2278479Z     'Strict-Transport-Security': 'REDACTED'
2026-02-18T10:07:07.2278497Z     'X-Content-Type-Options': 'REDACTED'
2026-02-18T10:07:07.2278514Z     'Date': 'Wed, 18 Feb 2026 10:07:07 GMT'
2026-02-18T10:07:07.2285658Z 2026-02-18 10:07:07,228 - azure.monitor.opentelemetry.exporter.export._base - INFO - Transmission succeeded: Item received: 3. Items accepted: 3
2026-02-18T10:07:11.1289415Z 2026-02-18 10:07:11,124 - azure.core.pipeline.policies.http_logging_policy - INFO - Request URL: 'https://westus2-2.in.applicationinsights.azure.com//v2.1/track'
2026-02-18T10:07:11.1289768Z Request method: 'POST'
2026-02-18T10:07:11.1289796Z Request headers:
2026-02-18T10:07:11.1289820Z     'Content-Type': 'application/json'
2026-02-18T10:07:11.1289837Z     'Content-Length': '3720'
2026-02-18T10:07:11.1289855Z     'Accept': 'application/json'
2026-02-18T10:07:11.1289874Z     'x-ms-client-request-id': '973bf7ca-0cb1-11f1-a748-0adf85178b07'
2026-02-18T10:07:11.1289895Z     'User-Agent': 'azsdk-python-azuremonitorclient/unknown Python/3.11.14 (Linux-6.6.119.3-1.azl3-x86_64-with-glibc2.31)'
2026-02-18T10:07:11.1289917Z A body is sent with the request
2026-02-18T10:07:11.3208793Z 2026-02-18 10:07:11,248 - azure.core.pipeline.policies.http_logging_policy - INFO - Response status: 200
2026-02-18T10:07:11.3209109Z Response headers:
2026-02-18T10:07:11.3209136Z     'Transfer-Encoding': 'chunked'
2026-02-18T10:07:11.3209157Z     'Content-Type': 'application/json; charset=utf-8'
2026-02-18T10:07:11.3209182Z     'Server': 'Microsoft-HTTPAPI/2.0'
2026-02-18T10:07:11.3209199Z     'Strict-Transport-Security': 'REDACTED'
2026-02-18T10:07:11.3209217Z     'X-Content-Type-Options': 'REDACTED'
2026-02-18T10:07:11.3209235Z     'Date': 'Wed, 18 Feb 2026 10:07:10 GMT'
2026-02-18T10:07:11.3209450Z 2026-02-18 10:07:11,251 - azure.monitor.opentelemetry.exporter.export._base - INFO - Transmission succeeded: Item received: 3. Items accepted: 3
2026-02-18T10:07:12.2300567Z 2026-02-18 10:07:12,229 - azure.core.pipeline.policies.http_logging_policy - INFO - Request URL: 'https://westus2-2.in.applicationinsights.azure.com//v2.1/track'
2026-02-18T10:07:12.2300978Z Request method: 'POST'
2026-02-18T10:07:12.2301006Z Request headers:
2026-02-18T10:07:12.2301029Z     'Content-Type': 'application/json'
2026-02-18T10:07:12.2301047Z     'Content-Length': '3720'
2026-02-18T10:07:12.2301065Z     'Accept': 'application/json'
2026-02-18T10:07:12.2301084Z     'x-ms-client-request-id': '97e4d32c-0cb1-11f1-b7fb-0adf85178b07'
2026-02-18T10:07:12.2301106Z     'User-Agent': 'azsdk-python-azuremonitorclient/unknown Python/3.11.14 (Linux-6.6.119.3-1.azl3-x86_64-with-glibc2.31)'
2026-02-18T10:07:12.2301124Z A body is sent with the request
2026-02-18T10:07:12.3115884Z 2026-02-18 10:07:12,311 - azure.core.pipeline.policies.http_logging_policy - INFO - Response status: 200
2026-02-18T10:07:12.3116177Z Response headers:
2026-02-18T10:07:12.3116203Z     'Transfer-Encoding': 'chunked'
2026-02-18T10:07:12.3116281Z     'Content-Type': 'application/json; charset=utf-8'
2026-02-18T10:07:12.3116297Z     'Server': 'Microsoft-HTTPAPI/2.0'
2026-02-18T10:07:12.3116315Z     'Strict-Transport-Security': 'REDACTED'
2026-02-18T10:07:12.3116330Z     'X-Content-Type-Options': 'REDACTED'
2026-02-18T10:07:12.3116346Z     'Date': 'Wed, 18 Feb 2026 10:07:12 GMT'
2026-02-18T10:07:12.3120828Z 2026-02-18 10:07:12,311 - azure.monitor.opentelemetry.exporter.export._base - INFO - Transmission succeeded: Item received: 3. Items accepted: 3
2026-02-18T10:07:16.2753766Z 2026-02-18 10:07:16,275 - azure.core.pipeline.policies.http_logging_policy - INFO - Request URL: 'https://westus2-2.in.applicationinsights.azure.com//v2.1/track'
2026-02-18T10:07:16.2754245Z Request method: 'POST'
2026-02-18T10:07:16.2754270Z Request headers:
2026-02-18T10:07:16.2754344Z     'Content-Type': 'application/json'
2026-02-18T10:07:16.2754361Z     'Content-Length': '3719'
2026-02-18T10:07:16.2754376Z     'Accept': 'application/json'
2026-02-18T10:07:16.2754396Z     'x-ms-client-request-id': '9a4e131c-0cb1-11f1-a748-0adf85178b07'
2026-02-18T10:07:16.2754417Z     'User-Agent': 'azsdk-python-azuremonitorclient/unknown Python/3.11.14 (Linux-6.6.119.3-1.azl3-x86_64-with-glibc2.31)'
2026-02-18T10:07:16.2754431Z A body is sent with the request
2026-02-18T10:07:16.3837835Z 2026-02-18 10:07:16,383 - azure.core.pipeline.policies.http_logging_policy - INFO - Response status: 200
2026-02-18T10:07:16.3838192Z Response headers:
2026-02-18T10:07:16.3838218Z     'Transfer-Encoding': 'chunked'
2026-02-18T10:07:16.3838237Z     'Content-Type': 'application/json; charset=utf-8'
2026-02-18T10:07:16.3838252Z     'Server': 'Microsoft-HTTPAPI/2.0'
2026-02-18T10:07:16.3838321Z     'Strict-Transport-Security': 'REDACTED'
2026-02-18T10:07:16.3838338Z     'X-Content-Type-Options': 'REDACTED'
2026-02-18T10:07:16.3838356Z     'Date': 'Wed, 18 Feb 2026 10:07:16 GMT'
2026-02-18T10:07:16.3842898Z 2026-02-18 10:07:16,384 - azure.monitor.opentelemetry.exporter.export._base - INFO - Transmission succeeded: Item received: 3. Items accepted: 3
2026-02-18T10:07:17.3552562Z 2026-02-18 10:07:17,353 - azure.core.pipeline.policies.http_logging_policy - INFO - Request URL: 'https://westus2-2.in.applicationinsights.azure.com//v2.1/track'
2026-02-18T10:07:17.3552905Z Request method: 'POST'
2026-02-18T10:07:17.3552929Z Request headers:
2026-02-18T10:07:17.3552957Z     'Content-Type': 'application/json'
2026-02-18T10:07:17.3552974Z     'Content-Length': '3719'
2026-02-18T10:07:17.3552989Z     'Accept': 'application/json'
2026-02-18T10:07:17.3553061Z     'x-ms-client-request-id': '9af18f38-0cb1-11f1-b7fb-0adf85178b07'
2026-02-18T10:07:17.3553082Z     'User-Agent': 'azsdk-python-azuremonitorclient/unknown Python/3.11.14 (Linux-6.6.119.3-1.azl3-x86_64-with-glibc2.31)'
2026-02-18T10:07:17.3553099Z A body is sent with the request
2026-02-18T10:07:17.4369622Z 2026-02-18 10:07:17,436 - azure.core.pipeline.policies.http_logging_policy - INFO - Response status: 200
2026-02-18T10:07:17.4370363Z Response headers:
2026-02-18T10:07:17.4370390Z     'Transfer-Encoding': 'chunked'
2026-02-18T10:07:17.4370406Z     'Content-Type': 'application/json; charset=utf-8'
2026-02-18T10:07:17.4370426Z     'Server': 'Microsoft-HTTPAPI/2.0'
2026-02-18T10:07:17.4370442Z     'Strict-Transport-Security': 'REDACTED'
2026-02-18T10:07:17.4370460Z     'X-Content-Type-Options': 'REDACTED'
2026-02-18T10:07:17.4370474Z     'Date': 'Wed, 18 Feb 2026 10:07:17 GMT'
2026-02-18T10:07:17.4429071Z 2026-02-18 10:07:17,442 - azure.monitor.opentelemetry.exporter.export._base - INFO - Transmission succeeded: Item received: 3. Items accepted: 3
2026-02-18T10:07:21.3895945Z 2026-02-18 10:07:21,388 - azure.core.pipeline.policies.http_logging_policy - INFO - Request URL: 'https://westus2-2.in.applicationinsights.azure.com//v2.1/track'
2026-02-18T10:07:21.3896686Z Request method: 'POST'
2026-02-18T10:07:21.3896716Z Request headers:
2026-02-18T10:07:21.3896733Z     'Content-Type': 'application/json'
2026-02-18T10:07:21.3897727Z     'Content-Length': '3720'
2026-02-18T10:07:21.3897778Z     'Accept': 'application/json'
2026-02-18T10:07:21.3897800Z     'x-ms-client-request-id': '9d5a46ac-0cb1-11f1-a748-0adf85178b07'
2026-02-18T10:07:21.3897822Z     'User-Agent': 'azsdk-python-azuremonitorclient/unknown Python/3.11.14 (Linux-6.6.119.3-1.azl3-x86_64-with-glibc2.31)'
2026-02-18T10:07:21.3897904Z A body is sent with the request
2026-02-18T10:07:21.5204302Z 2026-02-18 10:07:21,520 - azure.core.pipeline.policies.http_logging_policy - INFO - Response status: 200
2026-02-18T10:07:21.5204606Z Response headers:
2026-02-18T10:07:21.5204630Z     'Transfer-Encoding': 'chunked'
2026-02-18T10:07:21.5204653Z     'Content-Type': 'application/json; charset=utf-8'
2026-02-18T10:07:21.5204671Z     'Server': 'Microsoft-HTTPAPI/2.0'
2026-02-18T10:07:21.5204690Z     'Strict-Transport-Security': 'REDACTED'
2026-02-18T10:07:21.5204707Z     'X-Content-Type-Options': 'REDACTED'
2026-02-18T10:07:21.5204726Z     'Date': 'Wed, 18 Feb 2026 10:07:21 GMT'
2026-02-18T10:07:21.5209579Z 2026-02-18 10:07:21,520 - azure.monitor.opentelemetry.exporter.export._base - INFO - Transmission succeeded: Item received: 3. Items accepted: 3
2026-02-18T10:07:22.4464418Z 2026-02-18 10:07:22,446 - azure.core.pipeline.policies.http_logging_policy - INFO - Request URL: 'https://westus2-2.in.applicationinsights.azure.com//v2.1/track'
2026-02-18T10:07:22.4464766Z Request method: 'POST'
2026-02-18T10:07:22.4464793Z Request headers:
2026-02-18T10:07:22.4464816Z     'Content-Type': 'application/json'
2026-02-18T10:07:22.4464835Z     'Content-Length': '3720'
2026-02-18T10:07:22.4464852Z     'Accept': 'application/json'
2026-02-18T10:07:22.4464870Z     'x-ms-client-request-id': '9dfbb320-0cb1-11f1-b7fb-0adf85178b07'
2026-02-18T10:07:22.4464891Z     'User-Agent': 'azsdk-python-azuremonitorclient/unknown Python/3.11.14 (Linux-6.6.119.3-1.azl3-x86_64-with-glibc2.31)'
2026-02-18T10:07:22.4464909Z A body is sent with the request
2026-02-18T10:07:22.6154435Z 2026-02-18 10:07:22,615 - azure.core.pipeline.policies.http_logging_policy - INFO - Response status: 200
2026-02-18T10:07:22.6154784Z Response headers:
2026-02-18T10:07:22.6154816Z     'Transfer-Encoding': 'chunked'
2026-02-18T10:07:22.6154837Z     'Content-Type': 'application/json; charset=utf-8'
2026-02-18T10:07:22.6154854Z     'Server': 'Microsoft-HTTPAPI/2.0'
2026-02-18T10:07:22.6154874Z     'Strict-Transport-Security': 'REDACTED'
2026-02-18T10:07:22.6154892Z     'X-Content-Type-Options': 'REDACTED'
2026-02-18T10:07:22.6154910Z     'Date': 'Wed, 18 Feb 2026 10:07:22 GMT'
2026-02-18T10:07:22.6162295Z 2026-02-18 10:07:22,616 - azure.monitor.opentelemetry.exporter.export._base - INFO - Transmission succeeded: Item received: 3. Items accepted: 3
2026-02-18T10:07:26.5223965Z 2026-02-18 10:07:26,522 - azure.core.pipeline.policies.http_logging_policy - INFO - Request URL: 'https://westus2-2.in.applicationinsights.azure.com//v2.1/track'
2026-02-18T10:07:26.5224282Z Request method: 'POST'
2026-02-18T10:07:26.5224365Z Request headers:
2026-02-18T10:07:26.5224384Z     'Content-Type': 'application/json'
2026-02-18T10:07:26.5224400Z     'Content-Length': '3720'
2026-02-18T10:07:26.5224417Z     'Accept': 'application/json'
2026-02-18T10:07:26.5224440Z     'x-ms-client-request-id': 'a069ac34-0cb1-11f1-a748-0adf85178b07'
2026-02-18T10:07:26.5224463Z     'User-Agent': 'azsdk-python-azuremonitorclient/unknown Python/3.11.14 (Linux-6.6.119.3-1.azl3-x86_64-with-glibc2.31)'
2026-02-18T10:07:26.5224482Z A body is sent with the request
2026-02-18T10:07:26.5719558Z 2026-02-18 10:07:26,571 - azure.core.pipeline.policies.http_logging_policy - INFO - Response status: 200
2026-02-18T10:07:26.5719979Z Response headers:
2026-02-18T10:07:26.5733410Z     'Transfer-Encoding': 'chunked'
2026-02-18T10:07:26.5733510Z     'Content-Type': 'application/json; charset=utf-8'
2026-02-18T10:07:26.5733594Z     'Server': 'Microsoft-HTTPAPI/2.0'
2026-02-18T10:07:26.5733611Z     'Strict-Transport-Security': 'REDACTED'
2026-02-18T10:07:26.5733627Z     'X-Content-Type-Options': 'REDACTED'
2026-02-18T10:07:26.5733642Z     'Date': 'Wed, 18 Feb 2026 10:07:26 GMT'
2026-02-18T10:07:26.5777171Z 2026-02-18 10:07:26,577 - azure.monitor.opentelemetry.exporter.export._base - INFO - Transmission succeeded: Item received: 3. Items accepted: 3
2026-02-18T10:07:27.6182271Z 2026-02-18 10:07:27,618 - azure.core.pipeline.policies.http_logging_policy - INFO - Request URL: 'https://westus2-2.in.applicationinsights.azure.com//v2.1/track'
2026-02-18T10:07:27.6182818Z Request method: 'POST'
2026-02-18T10:07:27.6182846Z Request headers:
2026-02-18T10:07:27.6182870Z     'Content-Type': 'application/json'
2026-02-18T10:07:27.6182889Z     'Content-Length': '3720'
2026-02-18T10:07:27.6182951Z     'Accept': 'application/json'
2026-02-18T10:07:27.6182970Z     'x-ms-client-request-id': 'a110e29c-0cb1-11f1-b7fb-0adf85178b07'
2026-02-18T10:07:27.6182994Z     'User-Agent': 'azsdk-python-azuremonitorclient/unknown Python/3.11.14 (Linux-6.6.119.3-1.azl3-x86_64-with-glibc2.31)'
2026-02-18T10:07:27.6183010Z A body is sent with the request
2026-02-18T10:07:27.7498864Z 2026-02-18 10:07:27,749 - azure.core.pipeline.policies.http_logging_policy - INFO - Response status: 200
2026-02-18T10:07:27.7499368Z Response headers:
2026-02-18T10:07:27.7499392Z     'Transfer-Encoding': 'chunked'
2026-02-18T10:07:27.7499412Z     'Content-Type': 'application/json; charset=utf-8'
2026-02-18T10:07:27.7499428Z     'Server': 'Microsoft-HTTPAPI/2.0'
2026-02-18T10:07:27.7499443Z     'Strict-Transport-Security': 'REDACTED'
2026-02-18T10:07:27.7499525Z     'X-Content-Type-Options': 'REDACTED'
2026-02-18T10:07:27.7499541Z     'Date': 'Wed, 18 Feb 2026 10:07:27 GMT'
2026-02-18T10:07:27.7503766Z 2026-02-18 10:07:27,750 - azure.monitor.opentelemetry.exporter.export._base - INFO - Transmission succeeded: Item received: 3. Items accepted: 3
2026-02-18T10:07:31.5836505Z 2026-02-18 10:07:31,582 - azure.core.pipeline.policies.http_logging_policy - INFO - Request URL: 'https://westus2-2.in.applicationinsights.azure.com//v2.1/track'
2026-02-18T10:07:31.5836850Z Request method: 'POST'
2026-02-18T10:07:31.5836873Z Request headers:
2026-02-18T10:07:31.5836894Z     'Content-Type': 'application/json'
2026-02-18T10:07:31.5836916Z     'Content-Length': '3720'
2026-02-18T10:07:31.5836937Z     'Accept': 'application/json'
2026-02-18T10:07:31.5836957Z     'x-ms-client-request-id': 'a36dc6f4-0cb1-11f1-a748-0adf85178b07'
2026-02-18T10:07:31.5837056Z     'User-Agent': 'azsdk-python-azuremonitorclient/unknown Python/3.11.14 (Linux-6.6.119.3-1.azl3-x86_64-with-glibc2.31)'
2026-02-18T10:07:31.5837075Z A body is sent with the request
2026-02-18T10:07:31.8727851Z 2026-02-18 10:07:31,871 - azure.core.pipeline.policies.http_logging_policy - INFO - Response status: 200
2026-02-18T10:07:31.8728170Z Response headers:
2026-02-18T10:07:31.8728194Z     'Transfer-Encoding': 'chunked'
2026-02-18T10:07:31.8728215Z     'Content-Type': 'application/json; charset=utf-8'
2026-02-18T10:07:31.8728234Z     'Server': 'Microsoft-HTTPAPI/2.0'
2026-02-18T10:07:31.8728253Z     'Strict-Transport-Security': 'REDACTED'
2026-02-18T10:07:31.8728274Z     'X-Content-Type-Options': 'REDACTED'
2026-02-18T10:07:31.8728295Z     'Date': 'Wed, 18 Feb 2026 10:07:31 GMT'
2026-02-18T10:07:31.8728317Z 2026-02-18 10:07:31,872 - azure.monitor.opentelemetry.exporter.export._base - INFO - Transmission succeeded: Item received: 3. Items accepted: 3
2026-02-18T10:07:32.7803421Z 2026-02-18 10:07:32,773 - azure.core.pipeline.policies.http_logging_policy - INFO - Request URL: 'https://westus2-2.in.applicationinsights.azure.com//v2.1/track'
2026-02-18T10:07:32.7803886Z Request method: 'POST'
2026-02-18T10:07:32.7803920Z Request headers:
2026-02-18T10:07:32.7803942Z     'Content-Type': 'application/json'
2026-02-18T10:07:32.7803956Z     'Content-Length': '3719'
2026-02-18T10:07:32.7803976Z     'Accept': 'application/json'
2026-02-18T10:07:32.7803993Z     'x-ms-client-request-id': 'a4238732-0cb1-11f1-b7fb-0adf85178b07'
2026-02-18T10:07:32.7804016Z     'User-Agent': 'azsdk-python-azuremonitorclient/unknown Python/3.11.14 (Linux-6.6.119.3-1.azl3-x86_64-with-glibc2.31)'
2026-02-18T10:07:32.7804034Z A body is sent with the request
2026-02-18T10:07:32.9221879Z 2026-02-18 10:07:32,922 - azure.core.pipeline.policies.http_logging_policy - INFO - Response status: 200
2026-02-18T10:07:32.9222237Z Response headers:
2026-02-18T10:07:32.9222262Z     'Transfer-Encoding': 'chunked'
2026-02-18T10:07:32.9222279Z     'Content-Type': 'application/json; charset=utf-8'
2026-02-18T10:07:32.9222299Z     'Server': 'Microsoft-HTTPAPI/2.0'
2026-02-18T10:07:32.9222317Z     'Strict-Transport-Security': 'REDACTED'
2026-02-18T10:07:32.9222333Z     'X-Content-Type-Options': 'REDACTED'
2026-02-18T10:07:32.9222351Z     'Date': 'Wed, 18 Feb 2026 10:07:32 GMT'
2026-02-18T10:07:32.9246818Z 2026-02-18 10:07:32,924 - azure.monitor.opentelemetry.exporter.export._base - INFO - Transmission succeeded: Item received: 3. Items accepted: 3
2026-02-18T10:07:36.8741024Z 2026-02-18 10:07:36,873 - azure.core.pipeline.policies.http_logging_policy - INFO - Request URL: 'https://westus2-2.in.applicationinsights.azure.com//v2.1/track'
2026-02-18T10:07:36.8741374Z Request method: 'POST'
2026-02-18T10:07:36.8741397Z Request headers:
2026-02-18T10:07:36.8741418Z     'Content-Type': 'application/json'
2026-02-18T10:07:36.8741437Z     'Content-Length': '3718'
2026-02-18T10:07:36.8741456Z     'Accept': 'application/json'
2026-02-18T10:07:36.8741479Z     'x-ms-client-request-id': 'a6953632-0cb1-11f1-a748-0adf85178b07'
2026-02-18T10:07:36.8741503Z     'User-Agent': 'azsdk-python-azuremonitorclient/unknown Python/3.11.14 (Linux-6.6.119.3-1.azl3-x86_64-with-glibc2.31)'
2026-02-18T10:07:36.8741522Z A body is sent with the request
2026-02-18T10:07:36.9361435Z 2026-02-18 10:07:36,934 - azure.core.pipeline.policies.http_logging_policy - INFO - Response status: 200
2026-02-18T10:07:36.9361895Z Response headers:
2026-02-18T10:07:36.9361921Z     'Transfer-Encoding': 'chunked'
2026-02-18T10:07:36.9361989Z     'Content-Type': 'application/json; charset=utf-8'
2026-02-18T10:07:36.9362005Z     'Server': 'Microsoft-HTTPAPI/2.0'
2026-02-18T10:07:36.9362022Z     'Strict-Transport-Security': 'REDACTED'
2026-02-18T10:07:36.9362041Z     'X-Content-Type-Options': 'REDACTED'
2026-02-18T10:07:36.9362059Z     'Date': 'Wed, 18 Feb 2026 10:07:36 GMT'
2026-02-18T10:07:36.9366934Z 2026-02-18 10:07:36,936 - azure.monitor.opentelemetry.exporter.export._base - INFO - Transmission succeeded: Item received: 3. Items accepted: 3
2026-02-18T10:07:37.9297213Z 2026-02-18 10:07:37,929 - azure.core.pipeline.policies.http_logging_policy - INFO - Request URL: 'https://westus2-2.in.applicationinsights.azure.com//v2.1/track'
2026-02-18T10:07:37.9297556Z Request method: 'POST'
2026-02-18T10:07:37.9297583Z Request headers:
2026-02-18T10:07:37.9297601Z     'Content-Type': 'application/json'
2026-02-18T10:07:37.9297691Z     'Content-Length': '3720'
2026-02-18T10:07:37.9297709Z     'Accept': 'application/json'
2026-02-18T10:07:37.9297730Z     'x-ms-client-request-id': 'a7364b44-0cb1-11f1-b7fb-0adf85178b07'
2026-02-18T10:07:37.9297752Z     'User-Agent': 'azsdk-python-azuremonitorclient/unknown Python/3.11.14 (Linux-6.6.119.3-1.azl3-x86_64-with-glibc2.31)'
2026-02-18T10:07:37.9297770Z A body is sent with the request
2026-02-18T10:07:38.0322040Z 2026-02-18 10:07:38,031 - azure.core.pipeline.policies.http_logging_policy - INFO - Response status: 200
2026-02-18T10:07:38.0322705Z Response headers:
2026-02-18T10:07:38.0322736Z     'Transfer-Encoding': 'chunked'
2026-02-18T10:07:38.0322755Z     'Content-Type': 'application/json; charset=utf-8'
2026-02-18T10:07:38.0322771Z     'Server': 'Microsoft-HTTPAPI/2.0'
2026-02-18T10:07:38.0322846Z     'Strict-Transport-Security': 'REDACTED'
2026-02-18T10:07:38.0323543Z     'X-Content-Type-Options': 'REDACTED'
2026-02-18T10:07:38.0323577Z     'Date': 'Wed, 18 Feb 2026 10:07:37 GMT'
2026-02-18T10:07:38.0328059Z 2026-02-18 10:07:38,032 - azure.monitor.opentelemetry.exporter.export._base - INFO - Transmission succeeded: Item received: 3. Items accepted: 3
2026-02-18T10:07:41.9385458Z 2026-02-18 10:07:41,938 - azure.core.pipeline.policies.http_logging_policy - INFO - Request URL: 'https://westus2-2.in.applicationinsights.azure.com//v2.1/track'
2026-02-18T10:07:41.9385908Z Request method: 'POST'
2026-02-18T10:07:41.9385934Z Request headers:
2026-02-18T10:07:41.9385953Z     'Content-Type': 'application/json'
2026-02-18T10:07:41.9385970Z     'Content-Length': '3720'
2026-02-18T10:07:41.9385990Z     'Accept': 'application/json'
2026-02-18T10:07:41.9386066Z     'x-ms-client-request-id': 'a999f7f0-0cb1-11f1-a748-0adf85178b07'
2026-02-18T10:07:41.9386087Z     'User-Agent': 'azsdk-python-azuremonitorclient/unknown Python/3.11.14 (Linux-6.6.119.3-1.azl3-x86_64-with-glibc2.31)'
2026-02-18T10:07:41.9386101Z A body is sent with the request
2026-02-18T10:07:42.0290225Z 2026-02-18 10:07:42,028 - azure.core.pipeline.policies.http_logging_policy - INFO - Response status: 200
2026-02-18T10:07:42.0290779Z Response headers:
2026-02-18T10:07:42.0290803Z     'Transfer-Encoding': 'chunked'
2026-02-18T10:07:42.0290825Z     'Content-Type': 'application/json; charset=utf-8'
2026-02-18T10:07:42.0290844Z     'Server': 'Microsoft-HTTPAPI/2.0'
2026-02-18T10:07:42.0290860Z     'Strict-Transport-Security': 'REDACTED'
2026-02-18T10:07:42.0290876Z     'X-Content-Type-Options': 'REDACTED'
2026-02-18T10:07:42.0290891Z     'Date': 'Wed, 18 Feb 2026 10:07:41 GMT'
2026-02-18T10:07:42.0298710Z 2026-02-18 10:07:42,029 - azure.monitor.opentelemetry.exporter.export._base - INFO - Transmission succeeded: Item received: 3. Items accepted: 3
2026-02-18T10:07:43.0344300Z 2026-02-18 10:07:43,034 - azure.core.pipeline.policies.http_logging_policy - INFO - Request URL: 'https://westus2-2.in.applicationinsights.azure.com//v2.1/track'
2026-02-18T10:07:43.0344601Z Request method: 'POST'
2026-02-18T10:07:43.0344629Z Request headers:
2026-02-18T10:07:43.0344654Z     'Content-Type': 'application/json'
2026-02-18T10:07:43.0344671Z     'Content-Length': '3719'
2026-02-18T10:07:43.0344689Z     'Accept': 'application/json'
2026-02-18T10:07:43.0344707Z     'x-ms-client-request-id': 'aa413682-0cb1-11f1-b7fb-0adf85178b07'
2026-02-18T10:07:43.0344730Z     'User-Agent': 'azsdk-python-azuremonitorclient/unknown Python/3.11.14 (Linux-6.6.119.3-1.azl3-x86_64-with-glibc2.31)'
2026-02-18T10:07:43.0344804Z A body is sent with the request
2026-02-18T10:07:43.0757921Z 2026-02-18 10:07:43,075 - azure.core.pipeline.policies.http_logging_policy - INFO - Response status: 200
2026-02-18T10:07:43.0758270Z Response headers:
2026-02-18T10:07:43.0758305Z     'Transfer-Encoding': 'chunked'
2026-02-18T10:07:43.0758327Z     'Content-Type': 'application/json; charset=utf-8'
2026-02-18T10:07:43.0758345Z     'Server': 'Microsoft-HTTPAPI/2.0'
2026-02-18T10:07:43.0758363Z     'Strict-Transport-Security': 'REDACTED'
2026-02-18T10:07:43.0758379Z     'X-Content-Type-Options': 'REDACTED'
2026-02-18T10:07:43.0758395Z     'Date': 'Wed, 18 Feb 2026 10:07:42 GMT'
2026-02-18T10:07:43.0764596Z 2026-02-18 10:07:43,076 - azure.monitor.opentelemetry.exporter.export._base - INFO - Transmission succeeded: Item received: 3. Items accepted: 3
2026-02-18T10:07:47.0332609Z 2026-02-18 10:07:47,032 - azure.core.pipeline.policies.http_logging_policy - INFO - Request URL: 'https://westus2-2.in.applicationinsights.azure.com//v2.1/track'
2026-02-18T10:07:47.0332965Z Request method: 'POST'
2026-02-18T10:07:47.0332990Z Request headers:
2026-02-18T10:07:47.0333008Z     'Content-Type': 'application/json'
2026-02-18T10:07:47.0333026Z     'Content-Length': '3720'
2026-02-18T10:07:47.0333045Z     'Accept': 'application/json'
2026-02-18T10:07:47.0333064Z     'x-ms-client-request-id': 'aca356f8-0cb1-11f1-a748-0adf85178b07'
2026-02-18T10:07:47.0333085Z     'User-Agent': 'azsdk-python-azuremonitorclient/unknown Python/3.11.14 (Linux-6.6.119.3-1.azl3-x86_64-with-glibc2.31)'
2026-02-18T10:07:47.0333103Z A body is sent with the request
2026-02-18T10:07:47.1306569Z 2026-02-18 10:07:47,130 - azure.core.pipeline.policies.http_logging_policy - INFO - Response status: 200
2026-02-18T10:07:47.1306974Z Response headers:
2026-02-18T10:07:47.1306998Z     'Transfer-Encoding': 'chunked'
2026-02-18T10:07:47.1307017Z     'Content-Type': 'application/json; charset=utf-8'
2026-02-18T10:07:47.1307033Z     'Server': 'Microsoft-HTTPAPI/2.0'
2026-02-18T10:07:47.1307051Z     'Strict-Transport-Security': 'REDACTED'
2026-02-18T10:07:47.1307067Z     'X-Content-Type-Options': 'REDACTED'
2026-02-18T10:07:47.1307084Z     'Date': 'Wed, 18 Feb 2026 10:07:46 GMT'
2026-02-18T10:07:47.1314775Z 2026-02-18 10:07:47,130 - azure.monitor.opentelemetry.exporter.export._base - INFO - Transmission succeeded: Item received: 3. Items accepted: 3
2026-02-18T10:07:48.0780795Z 2026-02-18 10:07:48,077 - azure.core.pipeline.policies.http_logging_policy - INFO - Request URL: 'https://westus2-2.in.applicationinsights.azure.com//v2.1/track'
2026-02-18T10:07:48.0781281Z Request method: 'POST'
2026-02-18T10:07:48.0781363Z Request headers:
2026-02-18T10:07:48.0781381Z     'Content-Type': 'application/json'
2026-02-18T10:07:48.0781400Z     'Content-Length': '3720'
2026-02-18T10:07:48.0781417Z     'Accept': 'application/json'
2026-02-18T10:07:48.0781435Z     'x-ms-client-request-id': 'ad42cec2-0cb1-11f1-b7fb-0adf85178b07'
2026-02-18T10:07:48.0781457Z     'User-Agent': 'azsdk-python-azuremonitorclient/unknown Python/3.11.14 (Linux-6.6.119.3-1.azl3-x86_64-with-glibc2.31)'
2026-02-18T10:07:48.0781475Z A body is sent with the request
2026-02-18T10:07:48.1720929Z 2026-02-18 10:07:48,171 - azure.core.pipeline.policies.http_logging_policy - INFO - Response status: 200
2026-02-18T10:07:48.1721475Z Response headers:
2026-02-18T10:07:48.1721500Z     'Transfer-Encoding': 'chunked'
2026-02-18T10:07:48.1721519Z     'Content-Type': 'application/json; charset=utf-8'
2026-02-18T10:07:48.1721596Z     'Server': 'Microsoft-HTTPAPI/2.0'
2026-02-18T10:07:48.1721613Z     'Strict-Transport-Security': 'REDACTED'
2026-02-18T10:07:48.1721633Z     'X-Content-Type-Options': 'REDACTED'
2026-02-18T10:07:48.1721649Z     'Date': 'Wed, 18 Feb 2026 10:07:47 GMT'
2026-02-18T10:07:48.1726977Z 2026-02-18 10:07:48,172 - azure.monitor.opentelemetry.exporter.export._base - INFO - Transmission succeeded: Item received: 3. Items accepted: 3
2026-02-18T10:07:52.1336915Z 2026-02-18 10:07:52,133 - azure.core.pipeline.policies.http_logging_policy - INFO - Request URL: 'https://westus2-2.in.applicationinsights.azure.com//v2.1/track'
2026-02-18T10:07:52.1337249Z Request method: 'POST'
2026-02-18T10:07:52.1337273Z Request headers:
2026-02-18T10:07:52.1337291Z     'Content-Type': 'application/json'
2026-02-18T10:07:52.1337306Z     'Content-Length': '3720'
2026-02-18T10:07:52.1337400Z     'Accept': 'application/json'
2026-02-18T10:07:52.1337421Z     'x-ms-client-request-id': 'afada4e8-0cb1-11f1-a748-0adf85178b07'
2026-02-18T10:07:52.1337446Z     'User-Agent': 'azsdk-python-azuremonitorclient/unknown Python/3.11.14 (Linux-6.6.119.3-1.azl3-x86_64-with-glibc2.31)'
2026-02-18T10:07:52.1337464Z A body is sent with the request
2026-02-18T10:07:52.1940205Z 2026-02-18 10:07:52,193 - azure.core.pipeline.policies.http_logging_policy - INFO - Response status: 200
2026-02-18T10:07:52.1940825Z Response headers:
2026-02-18T10:07:52.1940854Z     'Transfer-Encoding': 'chunked'
2026-02-18T10:07:52.1940874Z     'Content-Type': 'application/json; charset=utf-8'
2026-02-18T10:07:52.1940891Z     'Server': 'Microsoft-HTTPAPI/2.0'
2026-02-18T10:07:52.1940907Z     'Strict-Transport-Security': 'REDACTED'
2026-02-18T10:07:52.1940994Z     'X-Content-Type-Options': 'REDACTED'
2026-02-18T10:07:52.1941014Z     'Date': 'Wed, 18 Feb 2026 10:07:51 GMT'
2026-02-18T10:07:52.1946851Z 2026-02-18 10:07:52,194 - azure.monitor.opentelemetry.exporter.export._base - INFO - Transmission succeeded: Item received: 3. Items accepted: 3
2026-02-18T10:07:53.1741656Z 2026-02-18 10:07:53,173 - azure.core.pipeline.policies.http_logging_policy - INFO - Request URL: 'https://westus2-2.in.applicationinsights.azure.com//v2.1/track'
2026-02-18T10:07:53.1741986Z Request method: 'POST'
2026-02-18T10:07:53.1742010Z Request headers:
2026-02-18T10:07:53.1742030Z     'Content-Type': 'application/json'
2026-02-18T10:07:53.1742048Z     'Content-Length': '3720'
2026-02-18T10:07:53.1742068Z     'Accept': 'application/json'
2026-02-18T10:07:53.1742088Z     'x-ms-client-request-id': 'b04c6966-0cb1-11f1-b7fb-0adf85178b07'
2026-02-18T10:07:53.1742174Z     'User-Agent': 'azsdk-python-azuremonitorclient/unknown Python/3.11.14 (Linux-6.6.119.3-1.azl3-x86_64-with-glibc2.31)'
2026-02-18T10:07:53.1742192Z A body is sent with the request
2026-02-18T10:07:53.2554914Z 2026-02-18 10:07:53,255 - azure.core.pipeline.policies.http_logging_policy - INFO - Response status: 200
2026-02-18T10:07:53.2555220Z Response headers:
2026-02-18T10:07:53.2555244Z     'Transfer-Encoding': 'chunked'
2026-02-18T10:07:53.2555264Z     'Content-Type': 'application/json; charset=utf-8'
2026-02-18T10:07:53.2555281Z     'Server': 'Microsoft-HTTPAPI/2.0'
2026-02-18T10:07:53.2555298Z     'Strict-Transport-Security': 'REDACTED'
2026-02-18T10:07:53.2555315Z     'X-Content-Type-Options': 'REDACTED'
2026-02-18T10:07:53.2555331Z     'Date': 'Wed, 18 Feb 2026 10:07:52 GMT'
2026-02-18T10:07:53.2564170Z 2026-02-18 10:07:53,255 - azure.monitor.opentelemetry.exporter.export._base - INFO - Transmission succeeded: Item received: 3. Items accepted: 3
2026-02-18T10:07:57.1961495Z 2026-02-18 10:07:57,195 - azure.core.pipeline.policies.http_logging_policy - INFO - Request URL: 'https://westus2-2.in.applicationinsights.azure.com//v2.1/track'
2026-02-18T10:07:57.1961881Z Request method: 'POST'
2026-02-18T10:07:57.1961904Z Request headers:
2026-02-18T10:07:57.1961924Z     'Content-Type': 'application/json'
2026-02-18T10:07:57.1962605Z     'Content-Length': '3719'
2026-02-18T10:07:57.1962645Z     'Accept': 'application/json'
2026-02-18T10:07:57.1963101Z     'x-ms-client-request-id': 'b2b21944-0cb1-11f1-a748-0adf85178b07'
2026-02-18T10:07:57.1963132Z     'User-Agent': 'azsdk-python-azuremonitorclient/unknown Python/3.11.14 (Linux-6.6.119.3-1.azl3-x86_64-with-glibc2.31)'
2026-02-18T10:07:57.1963149Z A body is sent with the request
2026-02-18T10:07:57.3625595Z 2026-02-18 10:07:57,362 - azure.core.pipeline.policies.http_logging_policy - INFO - Response status: 200
2026-02-18T10:07:57.3627208Z Response headers:
2026-02-18T10:07:57.3627299Z     'Transfer-Encoding': 'chunked'
2026-02-18T10:07:57.3627318Z     'Content-Type': 'application/json; charset=utf-8'
2026-02-18T10:07:57.3627336Z     'Server': 'Microsoft-HTTPAPI/2.0'
2026-02-18T10:07:57.3627355Z     'Strict-Transport-Security': 'REDACTED'
2026-02-18T10:07:57.3627372Z     'X-Content-Type-Options': 'REDACTED'
2026-02-18T10:07:57.3627387Z     'Date': 'Wed, 18 Feb 2026 10:07:56 GMT'
2026-02-18T10:07:57.3634810Z 2026-02-18 10:07:57,363 - azure.monitor.opentelemetry.exporter.export._base - INFO - Transmission succeeded: Item received: 3. Items accepted: 3
2026-02-18T10:07:58.2812183Z 2026-02-18 10:07:58,257 - azure.core.pipeline.policies.http_logging_policy - INFO - Request URL: 'https://westus2-2.in.applicationinsights.azure.com//v2.1/track'
2026-02-18T10:07:58.2812595Z Request method: 'POST'
2026-02-18T10:07:58.2812620Z Request headers:
2026-02-18T10:07:58.2812699Z     'Content-Type': 'application/json'
2026-02-18T10:07:58.2812719Z     'Content-Length': '3719'
2026-02-18T10:07:58.2812736Z     'Accept': 'application/json'
2026-02-18T10:07:58.2812756Z     'x-ms-client-request-id': 'b354106e-0cb1-11f1-b7fb-0adf85178b07'
2026-02-18T10:07:58.2812779Z     'User-Agent': 'azsdk-python-azuremonitorclient/unknown Python/3.11.14 (Linux-6.6.119.3-1.azl3-x86_64-with-glibc2.31)'
2026-02-18T10:07:58.2812795Z A body is sent with the request
2026-02-18T10:07:58.4200102Z 2026-02-18 10:07:58,419 - azure.core.pipeline.policies.http_logging_policy - INFO - Response status: 200
2026-02-18T10:07:58.4200445Z Response headers:
2026-02-18T10:07:58.4200467Z     'Transfer-Encoding': 'chunked'
2026-02-18T10:07:58.4200488Z     'Content-Type': 'application/json; charset=utf-8'
2026-02-18T10:07:58.4200562Z     'Server': 'Microsoft-HTTPAPI/2.0'
2026-02-18T10:07:58.4200583Z     'Strict-Transport-Security': 'REDACTED'
2026-02-18T10:07:58.4200597Z     'X-Content-Type-Options': 'REDACTED'
2026-02-18T10:07:58.4200616Z     'Date': 'Wed, 18 Feb 2026 10:07:57 GMT'
2026-02-18T10:07:58.4205766Z 2026-02-18 10:07:58,420 - azure.monitor.opentelemetry.exporter.export._base - INFO - Transmission succeeded: Item received: 3. Items accepted: 3
2026-02-18T10:08:02.3650143Z 2026-02-18 10:08:02,364 - azure.core.pipeline.policies.http_logging_policy - INFO - Request URL: 'https://westus2-2.in.applicationinsights.azure.com//v2.1/track'
2026-02-18T10:08:02.3650456Z Request method: 'POST'
2026-02-18T10:08:02.3650477Z Request headers:
2026-02-18T10:08:02.3650493Z     'Content-Type': 'application/json'
2026-02-18T10:08:02.3650509Z     'Content-Length': '3720'
2026-02-18T10:08:02.3650585Z     'Accept': 'application/json'
2026-02-18T10:08:02.3650610Z     'x-ms-client-request-id': 'b5c6d228-0cb1-11f1-a748-0adf85178b07'
2026-02-18T10:08:02.3650632Z     'User-Agent': 'azsdk-python-azuremonitorclient/unknown Python/3.11.14 (Linux-6.6.119.3-1.azl3-x86_64-with-glibc2.31)'
2026-02-18T10:08:02.3650650Z A body is sent with the request
2026-02-18T10:08:02.4864544Z 2026-02-18 10:08:02,486 - azure.core.pipeline.policies.http_logging_policy - INFO - Response status: 200
2026-02-18T10:08:02.4865166Z Response headers:
2026-02-18T10:08:02.4866903Z     'Transfer-Encoding': 'chunked'
2026-02-18T10:08:02.4866994Z     'Content-Type': 'application/json; charset=utf-8'
2026-02-18T10:08:02.4867015Z     'Server': 'Microsoft-HTTPAPI/2.0'
2026-02-18T10:08:02.4867034Z     'Strict-Transport-Security': 'REDACTED'
2026-02-18T10:08:02.4867049Z     'X-Content-Type-Options': 'REDACTED'
2026-02-18T10:08:02.4867127Z     'Date': 'Wed, 18 Feb 2026 10:08:02 GMT'
2026-02-18T10:08:02.4881431Z 2026-02-18 10:08:02,487 - azure.monitor.opentelemetry.exporter.export._base - INFO - Transmission succeeded: Item received: 3. Items accepted: 3
2026-02-18T10:08:03.4224179Z 2026-02-18 10:08:03,421 - azure.core.pipeline.policies.http_logging_policy - INFO - Request URL: 'https://westus2-2.in.applicationinsights.azure.com//v2.1/track'
2026-02-18T10:08:03.4224520Z Request method: 'POST'
2026-02-18T10:08:03.4224548Z Request headers:
2026-02-18T10:08:03.4224576Z     'Content-Type': 'application/json'
2026-02-18T10:08:03.4224597Z     'Content-Length': '3720'
2026-02-18T10:08:03.4224617Z     'Accept': 'application/json'
2026-02-18T10:08:03.4224639Z     'x-ms-client-request-id': 'b66816d8-0cb1-11f1-b7fb-0adf85178b07'
2026-02-18T10:08:03.4224719Z     'User-Agent': 'azsdk-python-azuremonitorclient/unknown Python/3.11.14 (Linux-6.6.119.3-1.azl3-x86_64-with-glibc2.31)'
2026-02-18T10:08:03.4224742Z A body is sent with the request
2026-02-18T10:08:03.5971697Z 2026-02-18 10:08:03,596 - azure.core.pipeline.policies.http_logging_policy - INFO - Response status: 200
2026-02-18T10:08:03.5972020Z Response headers:
2026-02-18T10:08:03.5972043Z     'Transfer-Encoding': 'chunked'
2026-02-18T10:08:03.5972062Z     'Content-Type': 'application/json; charset=utf-8'
2026-02-18T10:08:03.5972083Z     'Server': 'Microsoft-HTTPAPI/2.0'
2026-02-18T10:08:03.5972099Z     'Strict-Transport-Security': 'REDACTED'
2026-02-18T10:08:03.5972113Z     'X-Content-Type-Options': 'REDACTED'
2026-02-18T10:08:03.5972128Z     'Date': 'Wed, 18 Feb 2026 10:08:02 GMT'
2026-02-18T10:08:03.5982533Z 2026-02-18 10:08:03,597 - azure.monitor.opentelemetry.exporter.export._base - INFO - Transmission succeeded: Item received: 3. Items accepted: 3
2026-02-18T10:08:07.4895986Z 2026-02-18 10:08:07,489 - azure.core.pipeline.policies.http_logging_policy - INFO - Request URL: 'https://westus2-2.in.applicationinsights.azure.com//v2.1/track'
2026-02-18T10:08:07.4896300Z Request method: 'POST'
2026-02-18T10:08:07.4896328Z Request headers:
2026-02-18T10:08:07.4896350Z     'Content-Type': 'application/json'
2026-02-18T10:08:07.4896369Z     'Content-Length': '3718'
2026-02-18T10:08:07.4896388Z     'Accept': 'application/json'
2026-02-18T10:08:07.4896408Z     'x-ms-client-request-id': 'b8d4c4d4-0cb1-11f1-a748-0adf85178b07'
2026-02-18T10:08:07.4896433Z     'User-Agent': 'azsdk-python-azuremonitorclient/unknown Python/3.11.14 (Linux-6.6.119.3-1.azl3-x86_64-with-glibc2.31)'
2026-02-18T10:08:07.4896451Z A body is sent with the request
2026-02-18T10:08:07.6445985Z 2026-02-18 10:08:07,644 - azure.core.pipeline.policies.http_logging_policy - INFO - Response status: 200
2026-02-18T10:08:07.6446329Z Response headers:
2026-02-18T10:08:07.6446358Z     'Transfer-Encoding': 'chunked'
2026-02-18T10:08:07.6446382Z     'Content-Type': 'application/json; charset=utf-8'
2026-02-18T10:08:07.6446402Z     'Server': 'Microsoft-HTTPAPI/2.0'
2026-02-18T10:08:07.6446426Z     'Strict-Transport-Security': 'REDACTED'
2026-02-18T10:08:07.6446446Z     'X-Content-Type-Options': 'REDACTED'
2026-02-18T10:08:07.6446469Z     'Date': 'Wed, 18 Feb 2026 10:08:07 GMT'
2026-02-18T10:08:07.6451986Z 2026-02-18 10:08:07,644 - azure.monitor.opentelemetry.exporter.export._base - INFO - Transmission succeeded: Item received: 3. Items accepted: 3
2026-02-18T10:08:08.6006803Z 2026-02-18 10:08:08,600 - azure.core.pipeline.policies.http_logging_policy - INFO - Request URL: 'https://westus2-2.in.applicationinsights.azure.com//v2.1/track'
2026-02-18T10:08:08.6009891Z Request method: 'POST'
2026-02-18T10:08:08.6009982Z Request headers:
2026-02-18T10:08:08.6010001Z     'Content-Type': 'application/json'
2026-02-18T10:08:08.6010016Z     'Content-Length': '3720'
2026-02-18T10:08:08.6010032Z     'Accept': 'application/json'
2026-02-18T10:08:08.6010051Z     'x-ms-client-request-id': 'b97e501c-0cb1-11f1-b7fb-0adf85178b07'
2026-02-18T10:08:08.6010075Z     'User-Agent': 'azsdk-python-azuremonitorclient/unknown Python/3.11.14 (Linux-6.6.119.3-1.azl3-x86_64-with-glibc2.31)'
2026-02-18T10:08:08.6010095Z A body is sent with the request
2026-02-18T10:08:09.0074673Z 2026-02-18 10:08:09,007 - azure.core.pipeline.policies.http_logging_policy - INFO - Response status: 200
2026-02-18T10:08:09.0074985Z Response headers:
2026-02-18T10:08:09.0075010Z     'Transfer-Encoding': 'chunked'
2026-02-18T10:08:09.0075028Z     'Content-Type': 'application/json; charset=utf-8'
2026-02-18T10:08:09.0075093Z     'Server': 'Microsoft-HTTPAPI/2.0'
2026-02-18T10:08:09.0075110Z     'Strict-Transport-Security': 'REDACTED'
2026-02-18T10:08:09.0075127Z     'X-Content-Type-Options': 'REDACTED'
2026-02-18T10:08:09.0075145Z     'Date': 'Wed, 18 Feb 2026 10:08:08 GMT'
2026-02-18T10:08:09.0080372Z 2026-02-18 10:08:09,007 - azure.monitor.opentelemetry.exporter.export._base - INFO - Transmission succeeded: Item received: 3. Items accepted: 3
2026-02-18T10:08:12.6475979Z 2026-02-18 10:08:12,646 - azure.core.pipeline.policies.http_logging_policy - INFO - Request URL: 'https://westus2-2.in.applicationinsights.azure.com//v2.1/track'
2026-02-18T10:08:12.6476292Z Request method: 'POST'
2026-02-18T10:08:12.6476317Z Request headers:
2026-02-18T10:08:12.6476337Z     'Content-Type': 'application/json'
2026-02-18T10:08:12.6476354Z     'Content-Length': '3720'
2026-02-18T10:08:12.6476435Z     'Accept': 'application/json'
2026-02-18T10:08:12.6476460Z     'x-ms-client-request-id': 'bbe7b424-0cb1-11f1-a748-0adf85178b07'
2026-02-18T10:08:12.6476481Z     'User-Agent': 'azsdk-python-azuremonitorclient/unknown Python/3.11.14 (Linux-6.6.119.3-1.azl3-x86_64-with-glibc2.31)'
2026-02-18T10:08:12.6476501Z A body is sent with the request
2026-02-18T10:08:12.7908249Z 2026-02-18 10:08:12,790 - azure.core.pipeline.policies.http_logging_policy - INFO - Response status: 200
2026-02-18T10:08:12.7908594Z Response headers:
2026-02-18T10:08:12.7908618Z     'Transfer-Encoding': 'chunked'
2026-02-18T10:08:12.7908639Z     'Content-Type': 'application/json; charset=utf-8'
2026-02-18T10:08:12.7908658Z     'Server': 'Microsoft-HTTPAPI/2.0'
2026-02-18T10:08:12.7908676Z     'Strict-Transport-Security': 'REDACTED'
2026-02-18T10:08:12.7908692Z     'X-Content-Type-Options': 'REDACTED'
2026-02-18T10:08:12.7908767Z     'Date': 'Wed, 18 Feb 2026 10:08:12 GMT'
2026-02-18T10:08:12.7912992Z 2026-02-18 10:08:12,791 - azure.monitor.opentelemetry.exporter.export._base - INFO - Transmission succeeded: Item received: 3. Items accepted: 3
2026-02-18T10:08:14.0095945Z 2026-02-18 10:08:14,009 - azure.core.pipeline.policies.http_logging_policy - INFO - Request URL: 'https://westus2-2.in.applicationinsights.azure.com//v2.1/track'
2026-02-18T10:08:14.0096425Z Request method: 'POST'
2026-02-18T10:08:14.0096451Z Request headers:
2026-02-18T10:08:14.0096473Z     'Content-Type': 'application/json'
2026-02-18T10:08:14.0096495Z     'Content-Length': '3720'
2026-02-18T10:08:14.0096513Z     'Accept': 'application/json'
2026-02-18T10:08:14.0096532Z     'x-ms-client-request-id': 'bcb7a5ee-0cb1-11f1-b7fb-0adf85178b07'
2026-02-18T10:08:14.0096605Z     'User-Agent': 'azsdk-python-azuremonitorclient/unknown Python/3.11.14 (Linux-6.6.119.3-1.azl3-x86_64-with-glibc2.31)'
2026-02-18T10:08:14.0096621Z A body is sent with the request
2026-02-18T10:08:14.2447538Z 2026-02-18 10:08:14,244 - azure.core.pipeline.policies.http_logging_policy - INFO - Response status: 200
2026-02-18T10:08:14.2447824Z Response headers:
2026-02-18T10:08:14.2447846Z     'Transfer-Encoding': 'chunked'
2026-02-18T10:08:14.2447869Z     'Content-Type': 'application/json; charset=utf-8'
2026-02-18T10:08:14.2447884Z     'Server': 'Microsoft-HTTPAPI/2.0'
2026-02-18T10:08:14.2447901Z     'Strict-Transport-Security': 'REDACTED'
2026-02-18T10:08:14.2447917Z     'X-Content-Type-Options': 'REDACTED'
2026-02-18T10:08:14.2447936Z     'Date': 'Wed, 18 Feb 2026 10:08:14 GMT'
2026-02-18T10:08:14.2453363Z 2026-02-18 10:08:14,245 - azure.monitor.opentelemetry.exporter.export._base - INFO - Transmission succeeded: Item received: 3. Items accepted: 3
2026-02-18T10:08:17.7958602Z 2026-02-18 10:08:17,795 - azure.core.pipeline.policies.http_logging_policy - INFO - Request URL: 'https://westus2-2.in.applicationinsights.azure.com//v2.1/track'
2026-02-18T10:08:17.7959146Z Request method: 'POST'
2026-02-18T10:08:17.7959176Z Request headers:
2026-02-18T10:08:17.7959192Z     'Content-Type': 'application/json'
2026-02-18T10:08:17.7959210Z     'Content-Length': '3719'
2026-02-18T10:08:17.7959224Z     'Accept': 'application/json'
2026-02-18T10:08:17.7959241Z     'x-ms-client-request-id': 'bef955b4-0cb1-11f1-a748-0adf85178b07'
2026-02-18T10:08:17.7959263Z     'User-Agent': 'azsdk-python-azuremonitorclient/unknown Python/3.11.14 (Linux-6.6.119.3-1.azl3-x86_64-with-glibc2.31)'
2026-02-18T10:08:17.7959281Z A body is sent with the request
2026-02-18T10:08:17.8809878Z 2026-02-18 10:08:17,880 - azure.core.pipeline.policies.http_logging_policy - INFO - Response status: 200
2026-02-18T10:08:17.8810154Z Response headers:
2026-02-18T10:08:17.8810184Z     'Transfer-Encoding': 'chunked'
2026-02-18T10:08:17.8810203Z     'Content-Type': 'application/json; charset=utf-8'
2026-02-18T10:08:17.8810220Z     'Server': 'Microsoft-HTTPAPI/2.0'
2026-02-18T10:08:17.8810244Z     'Strict-Transport-Security': 'REDACTED'
2026-02-18T10:08:17.8810261Z     'X-Content-Type-Options': 'REDACTED'
2026-02-18T10:08:17.8810277Z     'Date': 'Wed, 18 Feb 2026 10:08:17 GMT'
2026-02-18T10:08:17.8814527Z 2026-02-18 10:08:17,881 - azure.monitor.opentelemetry.exporter.export._base - INFO - Transmission succeeded: Item received: 3. Items accepted: 3
2026-02-18T10:08:19.2473438Z 2026-02-18 10:08:19,247 - azure.core.pipeline.policies.http_logging_policy - INFO - Request URL: 'https://westus2-2.in.applicationinsights.azure.com//v2.1/track'
2026-02-18T10:08:19.2473808Z Request method: 'POST'
2026-02-18T10:08:19.2473830Z Request headers:
2026-02-18T10:08:19.2473847Z     'Content-Type': 'application/json'
2026-02-18T10:08:19.2473866Z     'Content-Length': '3720'
2026-02-18T10:08:19.2473886Z     'Accept': 'application/json'
2026-02-18T10:08:19.2473906Z     'x-ms-client-request-id': 'bfd6dcfe-0cb1-11f1-b7fb-0adf85178b07'
2026-02-18T10:08:19.2473929Z     'User-Agent': 'azsdk-python-azuremonitorclient/unknown Python/3.11.14 (Linux-6.6.119.3-1.azl3-x86_64-with-glibc2.31)'
2026-02-18T10:08:19.2473949Z A body is sent with the request
2026-02-18T10:08:19.3161259Z 2026-02-18 10:08:19,315 - azure.core.pipeline.policies.http_logging_policy - INFO - Response status: 200
2026-02-18T10:08:19.3161712Z Response headers:
2026-02-18T10:08:19.3161744Z     'Transfer-Encoding': 'chunked'
2026-02-18T10:08:19.3161820Z     'Content-Type': 'application/json; charset=utf-8'
2026-02-18T10:08:19.3161839Z     'Server': 'Microsoft-HTTPAPI/2.0'
2026-02-18T10:08:19.3161857Z     'Strict-Transport-Security': 'REDACTED'
2026-02-18T10:08:19.3161873Z     'X-Content-Type-Options': 'REDACTED'
2026-02-18T10:08:19.3161893Z     'Date': 'Wed, 18 Feb 2026 10:08:19 GMT'
2026-02-18T10:08:19.3165544Z 2026-02-18 10:08:19,316 - azure.monitor.opentelemetry.exporter.export._base - INFO - Transmission succeeded: Item received: 3. Items accepted: 3
2026-02-18T10:08:22.8829754Z 2026-02-18 10:08:22,882 - azure.core.pipeline.policies.http_logging_policy - INFO - Request URL: 'https://westus2-2.in.applicationinsights.azure.com//v2.1/track'
2026-02-18T10:08:22.8830097Z Request method: 'POST'
2026-02-18T10:08:22.8830123Z Request headers:
2026-02-18T10:08:22.8830195Z     'Content-Type': 'application/json'
2026-02-18T10:08:22.8830216Z     'Content-Length': '3720'
2026-02-18T10:08:22.8830233Z     'Accept': 'application/json'
2026-02-18T10:08:22.8830252Z     'x-ms-client-request-id': 'c2019c80-0cb1-11f1-a748-0adf85178b07'
2026-02-18T10:08:22.8830275Z     'User-Agent': 'azsdk-python-azuremonitorclient/unknown Python/3.11.14 (Linux-6.6.119.3-1.azl3-x86_64-with-glibc2.31)'
2026-02-18T10:08:22.8830292Z A body is sent with the request
2026-02-18T10:08:23.0871699Z 2026-02-18 10:08:23,086 - azure.core.pipeline.policies.http_logging_policy - INFO - Response status: 200
2026-02-18T10:08:23.0872037Z Response headers:
2026-02-18T10:08:23.0872061Z     'Transfer-Encoding': 'chunked'
2026-02-18T10:08:23.0872085Z     'Content-Type': 'application/json; charset=utf-8'
2026-02-18T10:08:23.0872101Z     'Server': 'Microsoft-HTTPAPI/2.0'
2026-02-18T10:08:23.0872180Z     'Strict-Transport-Security': 'REDACTED'
2026-02-18T10:08:23.0872197Z     'X-Content-Type-Options': 'REDACTED'
2026-02-18T10:08:23.0872213Z     'Date': 'Wed, 18 Feb 2026 10:08:22 GMT'
2026-02-18T10:08:23.0878831Z 2026-02-18 10:08:23,087 - azure.monitor.opentelemetry.exporter.export._base - INFO - Transmission succeeded: Item received: 3. Items accepted: 3
2026-02-18T10:08:24.3183098Z 2026-02-18 10:08:24,317 - azure.core.pipeline.policies.http_logging_policy - INFO - Request URL: 'https://westus2-2.in.applicationinsights.azure.com//v2.1/track'
2026-02-18T10:08:24.3183452Z Request method: 'POST'
2026-02-18T10:08:24.3183473Z Request headers:
2026-02-18T10:08:24.3183492Z     'Content-Type': 'application/json'
2026-02-18T10:08:24.3183518Z     'Content-Length': '3719'
2026-02-18T10:08:24.3183535Z     'Accept': 'application/json'
2026-02-18T10:08:24.3183613Z     'x-ms-client-request-id': 'c2dc9b5a-0cb1-11f1-b7fb-0adf85178b07'
2026-02-18T10:08:24.3183638Z     'User-Agent': 'azsdk-python-azuremonitorclient/unknown Python/3.11.14 (Linux-6.6.119.3-1.azl3-x86_64-with-glibc2.31)'
2026-02-18T10:08:24.3183657Z A body is sent with the request
2026-02-18T10:08:24.4247237Z 2026-02-18 10:08:24,424 - azure.core.pipeline.policies.http_logging_policy - INFO - Response status: 200
2026-02-18T10:08:24.4247564Z Response headers:
2026-02-18T10:08:24.4247593Z     'Transfer-Encoding': 'chunked'
2026-02-18T10:08:24.4247623Z     'Content-Type': 'application/json; charset=utf-8'
2026-02-18T10:08:24.4247644Z     'Server': 'Microsoft-HTTPAPI/2.0'
2026-02-18T10:08:24.4247665Z     'Strict-Transport-Security': 'REDACTED'
2026-02-18T10:08:24.4247685Z     'X-Content-Type-Options': 'REDACTED'
2026-02-18T10:08:24.4247703Z     'Date': 'Wed, 18 Feb 2026 10:08:24 GMT'
2026-02-18T10:08:24.4254083Z 2026-02-18 10:08:24,425 - azure.monitor.opentelemetry.exporter.export._base - INFO - Transmission succeeded: Item received: 3. Items accepted: 3
2026-02-18T10:08:28.0892457Z 2026-02-18 10:08:28,088 - azure.core.pipeline.policies.http_logging_policy - INFO - Request URL: 'https://westus2-2.in.applicationinsights.azure.com//v2.1/track'
2026-02-18T10:08:28.0892796Z Request method: 'POST'
2026-02-18T10:08:28.0892817Z Request headers:
2026-02-18T10:08:28.0892835Z     'Content-Type': 'application/json'
2026-02-18T10:08:28.0892858Z     'Content-Length': '3720'
2026-02-18T10:08:28.0892875Z     'Accept': 'application/json'
2026-02-18T10:08:28.0892892Z     'x-ms-client-request-id': 'c51c052c-0cb1-11f1-a748-0adf85178b07'
2026-02-18T10:08:28.0892913Z     'User-Agent': 'azsdk-python-azuremonitorclient/unknown Python/3.11.14 (Linux-6.6.119.3-1.azl3-x86_64-with-glibc2.31)'
2026-02-18T10:08:28.0892989Z A body is sent with the request
2026-02-18T10:08:28.3216682Z 2026-02-18 10:08:28,321 - azure.core.pipeline.policies.http_logging_policy - INFO - Response status: 200
2026-02-18T10:08:28.3216988Z Response headers:
2026-02-18T10:08:28.3217014Z     'Transfer-Encoding': 'chunked'
2026-02-18T10:08:28.3217033Z     'Content-Type': 'application/json; charset=utf-8'
2026-02-18T10:08:28.3217050Z     'Server': 'Microsoft-HTTPAPI/2.0'
2026-02-18T10:08:28.3217067Z     'Strict-Transport-Security': 'REDACTED'
2026-02-18T10:08:28.3217089Z     'X-Content-Type-Options': 'REDACTED'
2026-02-18T10:08:28.3217106Z     'Date': 'Wed, 18 Feb 2026 10:08:27 GMT'
2026-02-18T10:08:28.3232293Z 2026-02-18 10:08:28,322 - azure.monitor.opentelemetry.exporter.export._base - INFO - Transmission succeeded: Item received: 3. Items accepted: 3
2026-02-18T10:08:29.4268591Z 2026-02-18 10:08:29,426 - azure.core.pipeline.policies.http_logging_policy - INFO - Request URL: 'https://westus2-2.in.applicationinsights.azure.com//v2.1/track'
2026-02-18T10:08:29.4268925Z Request method: 'POST'
2026-02-18T10:08:29.4268946Z Request headers:
2026-02-18T10:08:29.4268964Z     'Content-Type': 'application/json'
2026-02-18T10:08:29.4268981Z     'Content-Length': '3719'
2026-02-18T10:08:29.4269001Z     'Accept': 'application/json'
2026-02-18T10:08:29.4269024Z     'x-ms-client-request-id': 'c5e821e8-0cb1-11f1-b7fb-0adf85178b07'
2026-02-18T10:08:29.4269052Z     'User-Agent': 'azsdk-python-azuremonitorclient/unknown Python/3.11.14 (Linux-6.6.119.3-1.azl3-x86_64-with-glibc2.31)'
2026-02-18T10:08:29.4269071Z A body is sent with the request
2026-02-18T10:08:29.5598041Z 2026-02-18 10:08:29,559 - azure.core.pipeline.policies.http_logging_policy - INFO - Response status: 200
2026-02-18T10:08:29.5598390Z Response headers:
2026-02-18T10:08:29.5598416Z     'Transfer-Encoding': 'chunked'
2026-02-18T10:08:29.5598436Z     'Content-Type': 'application/json; charset=utf-8'
2026-02-18T10:08:29.5598455Z     'Server': 'Microsoft-HTTPAPI/2.0'
2026-02-18T10:08:29.5598473Z     'Strict-Transport-Security': 'REDACTED'
2026-02-18T10:08:29.5598491Z     'X-Content-Type-Options': 'REDACTED'
2026-02-18T10:08:29.5598506Z     'Date': 'Wed, 18 Feb 2026 10:08:29 GMT'
2026-02-18T10:08:29.5605334Z 2026-02-18 10:08:29,560 - azure.monitor.opentelemetry.exporter.export._base - INFO - Transmission succeeded: Item received: 3. Items accepted: 3
2026-02-18T10:08:33.3241460Z 2026-02-18 10:08:33,323 - azure.core.pipeline.policies.http_logging_policy - INFO - Request URL: 'https://westus2-2.in.applicationinsights.azure.com//v2.1/track'
2026-02-18T10:08:33.3241961Z Request method: 'POST'
2026-02-18T10:08:33.3242045Z Request headers:
2026-02-18T10:08:33.3242068Z     'Content-Type': 'application/json'
2026-02-18T10:08:33.3242085Z     'Content-Length': '3719'
2026-02-18T10:08:33.3242102Z     'Accept': 'application/json'
2026-02-18T10:08:33.3242127Z     'x-ms-client-request-id': 'c83ad012-0cb1-11f1-a748-0adf85178b07'
2026-02-18T10:08:33.3242147Z     'User-Agent': 'azsdk-python-azuremonitorclient/unknown Python/3.11.14 (Linux-6.6.119.3-1.azl3-x86_64-with-glibc2.31)'
2026-02-18T10:08:33.3242165Z A body is sent with the request
2026-02-18T10:08:33.3717002Z 2026-02-18 10:08:33,371 - azure.core.pipeline.policies.http_logging_policy - INFO - Response status: 200
2026-02-18T10:08:33.3717300Z Response headers:
2026-02-18T10:08:33.3717330Z     'Transfer-Encoding': 'chunked'
2026-02-18T10:08:33.3717360Z     'Content-Type': 'application/json; charset=utf-8'
2026-02-18T10:08:33.3717444Z     'Server': 'Microsoft-HTTPAPI/2.0'
2026-02-18T10:08:33.3717470Z     'Strict-Transport-Security': 'REDACTED'
2026-02-18T10:08:33.3717492Z     'X-Content-Type-Options': 'REDACTED'
2026-02-18T10:08:33.3717514Z     'Date': 'Wed, 18 Feb 2026 10:08:32 GMT'
2026-02-18T10:08:33.3723648Z 2026-02-18 10:08:33,372 - azure.monitor.opentelemetry.exporter.export._base - INFO - Transmission succeeded: Item received: 3. Items accepted: 3
2026-02-18T10:08:34.5619283Z 2026-02-18 10:08:34,561 - azure.core.pipeline.policies.http_logging_policy - INFO - Request URL: 'https://westus2-2.in.applicationinsights.azure.com//v2.1/track'
2026-02-18T10:08:34.5619595Z Request method: 'POST'
2026-02-18T10:08:34.5619621Z Request headers:
2026-02-18T10:08:34.5619645Z     'Content-Type': 'application/json'
2026-02-18T10:08:34.5619673Z     'Content-Length': '3720'
2026-02-18T10:08:34.5619764Z     'Accept': 'application/json'
2026-02-18T10:08:34.5619787Z     'x-ms-client-request-id': 'c8f7ace6-0cb1-11f1-b7fb-0adf85178b07'
2026-02-18T10:08:34.5619813Z     'User-Agent': 'azsdk-python-azuremonitorclient/unknown Python/3.11.14 (Linux-6.6.119.3-1.azl3-x86_64-with-glibc2.31)'
2026-02-18T10:08:34.5619834Z A body is sent with the request
2026-02-18T10:08:34.6255031Z 2026-02-18 10:08:34,625 - azure.core.pipeline.policies.http_logging_policy - INFO - Response status: 200
2026-02-18T10:08:34.6255321Z Response headers:
2026-02-18T10:08:34.6255345Z     'Transfer-Encoding': 'chunked'
2026-02-18T10:08:34.6255368Z     'Content-Type': 'application/json; charset=utf-8'
2026-02-18T10:08:34.6255388Z     'Server': 'Microsoft-HTTPAPI/2.0'
2026-02-18T10:08:34.6255408Z     'Strict-Transport-Security': 'REDACTED'
2026-02-18T10:08:34.6255481Z     'X-Content-Type-Options': 'REDACTED'
2026-02-18T10:08:34.6255498Z     'Date': 'Wed, 18 Feb 2026 10:08:34 GMT'
2026-02-18T10:08:34.6255515Z     'Connection': 'close'
2026-02-18T10:08:34.6277313Z 2026-02-18 10:08:34,627 - azure.monitor.opentelemetry.exporter.export._base - INFO - Transmission succeeded: Item received: 3. Items accepted: 3
2026-02-18T10:08:38.3740069Z 2026-02-18 10:08:38,373 - azure.core.pipeline.policies.http_logging_policy - INFO - Request URL: 'https://westus2-2.in.applicationinsights.azure.com//v2.1/track'
2026-02-18T10:08:38.3740414Z Request method: 'POST'
2026-02-18T10:08:38.3740443Z Request headers:
2026-02-18T10:08:38.3740465Z     'Content-Type': 'application/json'
2026-02-18T10:08:38.3740485Z     'Content-Length': '3719'
2026-02-18T10:08:38.3740508Z     'Accept': 'application/json'
2026-02-18T10:08:38.3740587Z     'x-ms-client-request-id': 'cb3d5cb2-0cb1-11f1-a748-0adf85178b07'
2026-02-18T10:08:38.3740610Z     'User-Agent': 'azsdk-python-azuremonitorclient/unknown Python/3.11.14 (Linux-6.6.119.3-1.azl3-x86_64-with-glibc2.31)'
2026-02-18T10:08:38.3740626Z A body is sent with the request
2026-02-18T10:08:38.7692492Z 2026-02-18 10:08:38,769 - azure.core.pipeline.policies.http_logging_policy - INFO - Response status: 200
2026-02-18T10:08:38.7693078Z Response headers:
2026-02-18T10:08:38.7693112Z     'Transfer-Encoding': 'chunked'
2026-02-18T10:08:38.7693133Z     'Content-Type': 'application/json; charset=utf-8'
2026-02-18T10:08:38.7693153Z     'Server': 'Microsoft-HTTPAPI/2.0'
2026-02-18T10:08:38.7693177Z     'Strict-Transport-Security': 'REDACTED'
2026-02-18T10:08:38.7693198Z     'X-Content-Type-Options': 'REDACTED'
2026-02-18T10:08:38.7693217Z     'Date': 'Wed, 18 Feb 2026 10:08:38 GMT'
2026-02-18T10:08:38.7697697Z 2026-02-18 10:08:38,769 - azure.monitor.opentelemetry.exporter.export._base - INFO - Transmission succeeded: Item received: 3. Items accepted: 3
2026-02-18T10:08:39.6295226Z 2026-02-18 10:08:39,629 - azure.core.pipeline.policies.http_logging_policy - INFO - Request URL: 'https://westus2-2.in.applicationinsights.azure.com//v2.1/track'
2026-02-18T10:08:39.6295540Z Request method: 'POST'
2026-02-18T10:08:39.6295565Z Request headers:
2026-02-18T10:08:39.6295590Z     'Content-Type': 'application/json'
2026-02-18T10:08:39.6295610Z     'Content-Length': '3747'
2026-02-18T10:08:39.6295631Z     'Accept': 'application/json'
2026-02-18T10:08:39.6295652Z     'x-ms-client-request-id': 'cbfcef64-0cb1-11f1-b7fb-0adf85178b07'
2026-02-18T10:08:39.6295676Z     'User-Agent': 'azsdk-python-azuremonitorclient/unknown Python/3.11.14 (Linux-6.6.119.3-1.azl3-x86_64-with-glibc2.31)'
2026-02-18T10:08:39.6295698Z A body is sent with the request
2026-02-18T10:08:39.8427201Z 2026-02-18 10:08:39,842 - azure.core.pipeline.policies.http_logging_policy - INFO - Response status: 200
2026-02-18T10:08:39.8427731Z Response headers:
2026-02-18T10:08:39.8427763Z     'Transfer-Encoding': 'chunked'
2026-02-18T10:08:39.8427780Z     'Content-Type': 'application/json; charset=utf-8'
2026-02-18T10:08:39.8427800Z     'Server': 'Microsoft-HTTPAPI/2.0'
2026-02-18T10:08:39.8427819Z     'Strict-Transport-Security': 'REDACTED'
2026-02-18T10:08:39.8427837Z     'X-Content-Type-Options': 'REDACTED'
2026-02-18T10:08:39.8427854Z     'Date': 'Wed, 18 Feb 2026 10:08:39 GMT'
2026-02-18T10:08:39.8433013Z 2026-02-18 10:08:39,842 - azure.monitor.opentelemetry.exporter.export._base - INFO - Transmission succeeded: Item received: 3. Items accepted: 3
2026-02-18T10:08:43.7719925Z 2026-02-18 10:08:43,771 - azure.core.pipeline.policies.http_logging_policy - INFO - Request URL: 'https://westus2-2.in.applicationinsights.azure.com//v2.1/track'
2026-02-18T10:08:43.7720233Z Request method: 'POST'
2026-02-18T10:08:43.7720259Z Request headers:
2026-02-18T10:08:43.7720286Z     'Content-Type': 'application/json'
2026-02-18T10:08:43.7720310Z     'Content-Length': '3720'
2026-02-18T10:08:43.7720332Z     'Accept': 'application/json'
2026-02-18T10:08:43.7720353Z     'x-ms-client-request-id': 'ce7505b0-0cb1-11f1-a748-0adf85178b07'
2026-02-18T10:08:43.7720381Z     'User-Agent': 'azsdk-python-azuremonitorclient/unknown Python/3.11.14 (Linux-6.6.119.3-1.azl3-x86_64-with-glibc2.31)'
2026-02-18T10:08:43.7720402Z A body is sent with the request
2026-02-18T10:08:43.9037411Z 2026-02-18 10:08:43,903 - azure.core.pipeline.policies.http_logging_policy - INFO - Response status: 200
2026-02-18T10:08:43.9037811Z Response headers:
2026-02-18T10:08:43.9037834Z     'Transfer-Encoding': 'chunked'
2026-02-18T10:08:43.9037852Z     'Content-Type': 'application/json; charset=utf-8'
2026-02-18T10:08:43.9037869Z     'Server': 'Microsoft-HTTPAPI/2.0'
2026-02-18T10:08:43.9037886Z     'Strict-Transport-Security': 'REDACTED'
2026-02-18T10:08:43.9037902Z     'X-Content-Type-Options': 'REDACTED'
2026-02-18T10:08:43.9037919Z     'Date': 'Wed, 18 Feb 2026 10:08:43 GMT'
2026-02-18T10:08:43.9042142Z 2026-02-18 10:08:43,903 - azure.monitor.opentelemetry.exporter.export._base - INFO - Transmission succeeded: Item received: 3. Items accepted: 3
2026-02-18T10:08:44.8447886Z 2026-02-18 10:08:44,844 - azure.core.pipeline.policies.http_logging_policy - INFO - Request URL: 'https://westus2-2.in.applicationinsights.azure.com//v2.1/track'
2026-02-18T10:08:44.8448317Z Request method: 'POST'
2026-02-18T10:08:44.8448348Z Request headers:
2026-02-18T10:08:44.8448373Z     'Content-Type': 'application/json'
2026-02-18T10:08:44.8448393Z     'Content-Length': '3720'
2026-02-18T10:08:44.8448414Z     'Accept': 'application/json'
2026-02-18T10:08:44.8448439Z     'x-ms-client-request-id': 'cf18b75a-0cb1-11f1-b7fb-0adf85178b07'
2026-02-18T10:08:44.8448467Z     'User-Agent': 'azsdk-python-azuremonitorclient/unknown Python/3.11.14 (Linux-6.6.119.3-1.azl3-x86_64-with-glibc2.31)'
2026-02-18T10:08:44.8448489Z A body is sent with the request
2026-02-18T10:08:45.0500030Z 2026-02-18 10:08:45,049 - azure.core.pipeline.policies.http_logging_policy - INFO - Response status: 200
2026-02-18T10:08:45.0500425Z Response headers:
2026-02-18T10:08:45.0500453Z     'Transfer-Encoding': 'chunked'
2026-02-18T10:08:45.0500519Z     'Content-Type': 'application/json; charset=utf-8'
2026-02-18T10:08:45.0500536Z     'Server': 'Microsoft-HTTPAPI/2.0'
2026-02-18T10:08:45.0500555Z     'Strict-Transport-Security': 'REDACTED'
2026-02-18T10:08:45.0500569Z     'X-Content-Type-Options': 'REDACTED'
2026-02-18T10:08:45.0500584Z     'Date': 'Wed, 18 Feb 2026 10:08:44 GMT'
2026-02-18T10:08:45.0504923Z 2026-02-18 10:08:45,050 - azure.monitor.opentelemetry.exporter.export._base - INFO - Transmission succeeded: Item received: 3. Items accepted: 3
2026-02-18T10:08:48.9058059Z 2026-02-18 10:08:48,905 - azure.core.pipeline.policies.http_logging_policy - INFO - Request URL: 'https://westus2-2.in.applicationinsights.azure.com//v2.1/track'
2026-02-18T10:08:48.9058447Z Request method: 'POST'
2026-02-18T10:08:48.9058471Z Request headers:
2026-02-18T10:08:48.9058495Z     'Content-Type': 'application/json'
2026-02-18T10:08:48.9058581Z     'Content-Length': '3720'
2026-02-18T10:08:48.9058601Z     'Accept': 'application/json'
2026-02-18T10:08:48.9058625Z     'x-ms-client-request-id': 'd1846200-0cb1-11f1-a748-0adf85178b07'
2026-02-18T10:08:48.9058650Z     'User-Agent': 'azsdk-python-azuremonitorclient/unknown Python/3.11.14 (Linux-6.6.119.3-1.azl3-x86_64-with-glibc2.31)'
2026-02-18T10:08:48.9058669Z A body is sent with the request
2026-02-18T10:08:49.0396761Z 2026-02-18 10:08:49,039 - azure.core.pipeline.policies.http_logging_policy - INFO - Response status: 200
2026-02-18T10:08:49.0397075Z Response headers:
2026-02-18T10:08:49.0397098Z     'Transfer-Encoding': 'chunked'
2026-02-18T10:08:49.0397118Z     'Content-Type': 'application/json; charset=utf-8'
2026-02-18T10:08:49.0397138Z     'Server': 'Microsoft-HTTPAPI/2.0'
2026-02-18T10:08:49.0397157Z     'Strict-Transport-Security': 'REDACTED'
2026-02-18T10:08:49.0397237Z     'X-Content-Type-Options': 'REDACTED'
2026-02-18T10:08:49.0397254Z     'Date': 'Wed, 18 Feb 2026 10:08:48 GMT'
2026-02-18T10:08:49.0402385Z 2026-02-18 10:08:49,039 - azure.monitor.opentelemetry.exporter.export._base - INFO - Transmission succeeded: Item received: 3. Items accepted: 3
2026-02-18T10:08:50.0522704Z 2026-02-18 10:08:50,052 - azure.core.pipeline.policies.http_logging_policy - INFO - Request URL: 'https://westus2-2.in.applicationinsights.azure.com//v2.1/track'
2026-02-18T10:08:50.0523045Z Request method: 'POST'
2026-02-18T10:08:50.0523068Z Request headers:
2026-02-18T10:08:50.0523084Z     'Content-Type': 'application/json'
2026-02-18T10:08:50.0523103Z     'Content-Length': '3719'
2026-02-18T10:08:50.0523119Z     'Accept': 'application/json'
2026-02-18T10:08:50.0523138Z     'x-ms-client-request-id': 'd2335198-0cb1-11f1-b7fb-0adf85178b07'
2026-02-18T10:08:50.0523217Z     'User-Agent': 'azsdk-python-azuremonitorclient/unknown Python/3.11.14 (Linux-6.6.119.3-1.azl3-x86_64-with-glibc2.31)'
2026-02-18T10:08:50.0523235Z A body is sent with the request
2026-02-18T10:08:50.1254823Z 2026-02-18 10:08:50,125 - azure.core.pipeline.policies.http_logging_policy - INFO - Response status: 200
2026-02-18T10:08:50.1255180Z Response headers:
2026-02-18T10:08:50.1255206Z     'Transfer-Encoding': 'chunked'
2026-02-18T10:08:50.1255226Z     'Content-Type': 'application/json; charset=utf-8'
2026-02-18T10:08:50.1255241Z     'Server': 'Microsoft-HTTPAPI/2.0'
2026-02-18T10:08:50.1255265Z     'Strict-Transport-Security': 'REDACTED'
2026-02-18T10:08:50.1255284Z     'X-Content-Type-Options': 'REDACTED'
2026-02-18T10:08:50.1255299Z     'Date': 'Wed, 18 Feb 2026 10:08:49 GMT'
2026-02-18T10:08:50.1307060Z 2026-02-18 10:08:50,130 - azure.monitor.opentelemetry.exporter.export._base - INFO - Transmission succeeded: Item received: 3. Items accepted: 3
2026-02-18T10:08:54.0417333Z 2026-02-18 10:08:54,041 - azure.core.pipeline.policies.http_logging_policy - INFO - Request URL: 'https://westus2-2.in.applicationinsights.azure.com//v2.1/track'
2026-02-18T10:08:54.0417798Z Request method: 'POST'
2026-02-18T10:08:54.0417821Z Request headers:
2026-02-18T10:08:54.0417839Z     'Content-Type': 'application/json'
2026-02-18T10:08:54.0417856Z     'Content-Length': '3720'
2026-02-18T10:08:54.0417873Z     'Accept': 'application/json'
2026-02-18T10:08:54.0417893Z     'x-ms-client-request-id': 'd49411fc-0cb1-11f1-a748-0adf85178b07'
2026-02-18T10:08:54.0417915Z     'User-Agent': 'azsdk-python-azuremonitorclient/unknown Python/3.11.14 (Linux-6.6.119.3-1.azl3-x86_64-with-glibc2.31)'
2026-02-18T10:08:54.0417933Z A body is sent with the request
2026-02-18T10:08:54.2413228Z 2026-02-18 10:08:54,241 - azure.core.pipeline.policies.http_logging_policy - INFO - Response status: 200
2026-02-18T10:08:54.2413575Z Response headers:
2026-02-18T10:08:54.2413610Z     'Transfer-Encoding': 'chunked'
2026-02-18T10:08:54.2413629Z     'Content-Type': 'application/json; charset=utf-8'
2026-02-18T10:08:54.2413645Z     'Server': 'Microsoft-HTTPAPI/2.0'
2026-02-18T10:08:54.2413662Z     'Strict-Transport-Security': 'REDACTED'
2026-02-18T10:08:54.2413678Z     'X-Content-Type-Options': 'REDACTED'
2026-02-18T10:08:54.2413695Z     'Date': 'Wed, 18 Feb 2026 10:08:53 GMT'
2026-02-18T10:08:54.2419966Z 2026-02-18 10:08:54,241 - azure.monitor.opentelemetry.exporter.export._base - INFO - Transmission succeeded: Item received: 3. Items accepted: 3
2026-02-18T10:08:55.1323148Z 2026-02-18 10:08:55,132 - azure.core.pipeline.policies.http_logging_policy - INFO - Request URL: 'https://westus2-2.in.applicationinsights.azure.com//v2.1/track'
2026-02-18T10:08:55.1323707Z Request method: 'POST'
2026-02-18T10:08:55.1323736Z Request headers:
2026-02-18T10:08:55.1323762Z     'Content-Type': 'application/json'
2026-02-18T10:08:55.1323783Z     'Content-Length': '3719'
2026-02-18T10:08:55.1323803Z     'Accept': 'application/json'
2026-02-18T10:08:55.1323824Z     'x-ms-client-request-id': 'd53a7916-0cb1-11f1-b7fb-0adf85178b07'
2026-02-18T10:08:55.1323846Z     'User-Agent': 'azsdk-python-azuremonitorclient/unknown Python/3.11.14 (Linux-6.6.119.3-1.azl3-x86_64-with-glibc2.31)'
2026-02-18T10:08:55.1323866Z A body is sent with the request
2026-02-18T10:08:55.2910774Z 2026-02-18 10:08:55,290 - azure.core.pipeline.policies.http_logging_policy - INFO - Response status: 200
2026-02-18T10:08:55.2911133Z Response headers:
2026-02-18T10:08:55.2911220Z     'Transfer-Encoding': 'chunked'
2026-02-18T10:08:55.2911244Z     'Content-Type': 'application/json; charset=utf-8'
2026-02-18T10:08:55.2911266Z     'Server': 'Microsoft-HTTPAPI/2.0'
2026-02-18T10:08:55.2911287Z     'Strict-Transport-Security': 'REDACTED'
2026-02-18T10:08:55.2911307Z     'X-Content-Type-Options': 'REDACTED'
2026-02-18T10:08:55.2911327Z     'Date': 'Wed, 18 Feb 2026 10:08:54 GMT'
2026-02-18T10:08:55.2916568Z 2026-02-18 10:08:55,291 - azure.monitor.opentelemetry.exporter.export._base - INFO - Transmission succeeded: Item received: 3. Items accepted: 3
2026-02-18T10:08:59.2434431Z 2026-02-18 10:08:59,243 - azure.core.pipeline.policies.http_logging_policy - INFO - Request URL: 'https://westus2-2.in.applicationinsights.azure.com//v2.1/track'
2026-02-18T10:08:59.2434743Z Request method: 'POST'
2026-02-18T10:08:59.2434766Z Request headers:
2026-02-18T10:08:59.2434786Z     'Content-Type': 'application/json'
2026-02-18T10:08:59.2434841Z     'Content-Length': '3720'
2026-02-18T10:08:59.2434858Z     'Accept': 'application/json'
2026-02-18T10:08:59.2434928Z     'x-ms-client-request-id': 'd7adc748-0cb1-11f1-a748-0adf85178b07'
2026-02-18T10:08:59.2434952Z     'User-Agent': 'azsdk-python-azuremonitorclient/unknown Python/3.11.14 (Linux-6.6.119.3-1.azl3-x86_64-with-glibc2.31)'
2026-02-18T10:08:59.2434971Z A body is sent with the request
2026-02-18T10:08:59.3048373Z 2026-02-18 10:08:59,304 - azure.core.pipeline.policies.http_logging_policy - INFO - Response status: 200
2026-02-18T10:08:59.3048683Z Response headers:
2026-02-18T10:08:59.3048711Z     'Transfer-Encoding': 'chunked'
2026-02-18T10:08:59.3048730Z     'Content-Type': 'application/json; charset=utf-8'
2026-02-18T10:08:59.3048745Z     'Server': 'Microsoft-HTTPAPI/2.0'
2026-02-18T10:08:59.3048760Z     'Strict-Transport-Security': 'REDACTED'
2026-02-18T10:08:59.3048776Z     'X-Content-Type-Options': 'REDACTED'
2026-02-18T10:08:59.3048794Z     'Date': 'Wed, 18 Feb 2026 10:08:58 GMT'
2026-02-18T10:08:59.3052694Z 2026-02-18 10:08:59,305 - azure.monitor.opentelemetry.exporter.export._base - INFO - Transmission succeeded: Item received: 3. Items accepted: 3
2026-02-18T10:09:00.2931695Z 2026-02-18 10:09:00,292 - azure.core.pipeline.policies.http_logging_policy - INFO - Request URL: 'https://westus2-2.in.applicationinsights.azure.com//v2.1/track'
2026-02-18T10:09:00.2932004Z Request method: 'POST'
2026-02-18T10:09:00.2932028Z Request headers:
2026-02-18T10:09:00.2932060Z     'Content-Type': 'application/json'
2026-02-18T10:09:00.2932077Z     'Content-Length': '3719'
2026-02-18T10:09:00.2932095Z     'Accept': 'application/json'
2026-02-18T10:09:00.2932112Z     'x-ms-client-request-id': 'd84df4fc-0cb1-11f1-b7fb-0adf85178b07'
2026-02-18T10:09:00.2932135Z     'User-Agent': 'azsdk-python-azuremonitorclient/unknown Python/3.11.14 (Linux-6.6.119.3-1.azl3-x86_64-with-glibc2.31)'
2026-02-18T10:09:00.2932155Z A body is sent with the request
2026-02-18T10:09:00.3959400Z 2026-02-18 10:09:00,395 - azure.core.pipeline.policies.http_logging_policy - INFO - Response status: 200
2026-02-18T10:09:00.3959720Z Response headers:
2026-02-18T10:09:00.3959745Z     'Transfer-Encoding': 'chunked'
2026-02-18T10:09:00.3959765Z     'Content-Type': 'application/json; charset=utf-8'
2026-02-18T10:09:00.3959786Z     'Server': 'Microsoft-HTTPAPI/2.0'
2026-02-18T10:09:00.3959803Z     'Strict-Transport-Security': 'REDACTED'
2026-02-18T10:09:00.3959823Z     'X-Content-Type-Options': 'REDACTED'
2026-02-18T10:09:00.3959840Z     'Date': 'Wed, 18 Feb 2026 10:08:59 GMT'
2026-02-18T10:09:00.3964781Z 2026-02-18 10:09:00,396 - azure.monitor.opentelemetry.exporter.export._base - INFO - Transmission succeeded: Item received: 3. Items accepted: 3
2026-02-18T10:09:04.3074538Z 2026-02-18 10:09:04,307 - azure.core.pipeline.policies.http_logging_policy - INFO - Request URL: 'https://westus2-2.in.applicationinsights.azure.com//v2.1/track'
2026-02-18T10:09:04.3074864Z Request method: 'POST'
2026-02-18T10:09:04.3074889Z Request headers:
2026-02-18T10:09:04.3074908Z     'Content-Type': 'application/json'
2026-02-18T10:09:04.3074932Z     'Content-Length': '3720'
2026-02-18T10:09:04.3074952Z     'Accept': 'application/json'
2026-02-18T10:09:04.3074974Z     'x-ms-client-request-id': 'dab27dbc-0cb1-11f1-a748-0adf85178b07'
2026-02-18T10:09:04.3074999Z     'User-Agent': 'azsdk-python-azuremonitorclient/unknown Python/3.11.14 (Linux-6.6.119.3-1.azl3-x86_64-with-glibc2.31)'
2026-02-18T10:09:04.3075019Z A body is sent with the request
2026-02-18T10:09:04.3619933Z 2026-02-18 10:09:04,361 - azure.core.pipeline.policies.http_logging_policy - INFO - Response status: 200
2026-02-18T10:09:04.3620297Z Response headers:
2026-02-18T10:09:04.3620322Z     'Transfer-Encoding': 'chunked'
2026-02-18T10:09:04.3620339Z     'Content-Type': 'application/json; charset=utf-8'
2026-02-18T10:09:04.3620358Z     'Server': 'Microsoft-HTTPAPI/2.0'
2026-02-18T10:09:04.3620376Z     'Strict-Transport-Security': 'REDACTED'
2026-02-18T10:09:04.3620392Z     'X-Content-Type-Options': 'REDACTED'
2026-02-18T10:09:04.3620409Z     'Date': 'Wed, 18 Feb 2026 10:09:03 GMT'
2026-02-18T10:09:04.3628792Z 2026-02-18 10:09:04,362 - azure.monitor.opentelemetry.exporter.export._base - INFO - Transmission succeeded: Item received: 3. Items accepted: 3
2026-02-18T10:09:05.3982793Z 2026-02-18 10:09:05,398 - azure.core.pipeline.policies.http_logging_policy - INFO - Request URL: 'https://westus2-2.in.applicationinsights.azure.com//v2.1/track'
2026-02-18T10:09:05.3983137Z Request method: 'POST'
2026-02-18T10:09:05.3983220Z Request headers:
2026-02-18T10:09:05.3983242Z     'Content-Type': 'application/json'
2026-02-18T10:09:05.3983259Z     'Content-Length': '3720'
2026-02-18T10:09:05.3983277Z     'Accept': 'application/json'
2026-02-18T10:09:05.3983294Z     'x-ms-client-request-id': 'db58ef8a-0cb1-11f1-b7fb-0adf85178b07'
2026-02-18T10:09:05.3983315Z     'User-Agent': 'azsdk-python-azuremonitorclient/unknown Python/3.11.14 (Linux-6.6.119.3-1.azl3-x86_64-with-glibc2.31)'
2026-02-18T10:09:05.3983332Z A body is sent with the request
2026-02-18T10:09:05.5364276Z 2026-02-18 10:09:05,536 - azure.core.pipeline.policies.http_logging_policy - INFO - Response status: 200
2026-02-18T10:09:05.5364636Z Response headers:
2026-02-18T10:09:05.5364676Z     'Transfer-Encoding': 'chunked'
2026-02-18T10:09:05.5364700Z     'Content-Type': 'application/json; charset=utf-8'
2026-02-18T10:09:05.5364780Z     'Server': 'Microsoft-HTTPAPI/2.0'
2026-02-18T10:09:05.5364801Z     'Strict-Transport-Security': 'REDACTED'
2026-02-18T10:09:05.5364820Z     'X-Content-Type-Options': 'REDACTED'
2026-02-18T10:09:05.5364840Z     'Date': 'Wed, 18 Feb 2026 10:09:04 GMT'
2026-02-18T10:09:05.5371829Z 2026-02-18 10:09:05,536 - azure.monitor.opentelemetry.exporter.export._base - INFO - Transmission succeeded: Item received: 3. Items accepted: 3
2026-02-18T10:09:09.3648851Z 2026-02-18 10:09:09,364 - azure.core.pipeline.policies.http_logging_policy - INFO - Request URL: 'https://westus2-2.in.applicationinsights.azure.com//v2.1/track'
2026-02-18T10:09:09.3649336Z Request method: 'POST'
2026-02-18T10:09:09.3649366Z Request headers:
2026-02-18T10:09:09.3649383Z     'Content-Type': 'application/json'
2026-02-18T10:09:09.3649397Z     'Content-Length': '3720'
2026-02-18T10:09:09.3649474Z     'Accept': 'application/json'
2026-02-18T10:09:09.3649492Z     'x-ms-client-request-id': 'ddb61c30-0cb1-11f1-a748-0adf85178b07'
2026-02-18T10:09:09.3649510Z     'User-Agent': 'azsdk-python-azuremonitorclient/unknown Python/3.11.14 (Linux-6.6.119.3-1.azl3-x86_64-with-glibc2.31)'
2026-02-18T10:09:09.3649532Z A body is sent with the request
2026-02-18T10:09:09.5392297Z 2026-02-18 10:09:09,539 - azure.core.pipeline.policies.http_logging_policy - INFO - Response status: 200
2026-02-18T10:09:09.5392624Z Response headers:
2026-02-18T10:09:09.5392649Z     'Transfer-Encoding': 'chunked'
2026-02-18T10:09:09.5392668Z     'Content-Type': 'application/json; charset=utf-8'
2026-02-18T10:09:09.5392684Z     'Server': 'Microsoft-HTTPAPI/2.0'
2026-02-18T10:09:09.5392701Z     'Strict-Transport-Security': 'REDACTED'
2026-02-18T10:09:09.5392770Z     'X-Content-Type-Options': 'REDACTED'
2026-02-18T10:09:09.5392788Z     'Date': 'Wed, 18 Feb 2026 10:09:09 GMT'
2026-02-18T10:09:09.5399783Z 2026-02-18 10:09:09,539 - azure.monitor.opentelemetry.exporter.export._base - INFO - Transmission succeeded: Item received: 3. Items accepted: 3
2026-02-18T10:09:10.5384871Z 2026-02-18 10:09:10,538 - azure.core.pipeline.policies.http_logging_policy - INFO - Request URL: 'https://westus2-2.in.applicationinsights.azure.com//v2.1/track'
2026-02-18T10:09:10.5385344Z Request method: 'POST'
2026-02-18T10:09:10.5385374Z Request headers:
2026-02-18T10:09:10.5385390Z     'Content-Type': 'application/json'
2026-02-18T10:09:10.5385408Z     'Content-Length': '3720'
2026-02-18T10:09:10.5385425Z     'Accept': 'application/json'
2026-02-18T10:09:10.5385446Z     'x-ms-client-request-id': 'de694594-0cb1-11f1-b7fb-0adf85178b07'
2026-02-18T10:09:10.5385527Z     'User-Agent': 'azsdk-python-azuremonitorclient/unknown Python/3.11.14 (Linux-6.6.119.3-1.azl3-x86_64-with-glibc2.31)'
2026-02-18T10:09:10.5385549Z A body is sent with the request
2026-02-18T10:09:10.6413567Z 2026-02-18 10:09:10,641 - azure.core.pipeline.policies.http_logging_policy - INFO - Response status: 200
2026-02-18T10:09:10.6414212Z Response headers:
2026-02-18T10:09:10.6414240Z     'Transfer-Encoding': 'chunked'
2026-02-18T10:09:10.6414270Z     'Content-Type': 'application/json; charset=utf-8'
2026-02-18T10:09:10.6414286Z     'Server': 'Microsoft-HTTPAPI/2.0'
2026-02-18T10:09:10.6414302Z     'Strict-Transport-Security': 'REDACTED'
2026-02-18T10:09:10.6414320Z     'X-Content-Type-Options': 'REDACTED'
2026-02-18T10:09:10.6414333Z     'Date': 'Wed, 18 Feb 2026 10:09:09 GMT'
2026-02-18T10:09:10.6418754Z 2026-02-18 10:09:10,641 - azure.monitor.opentelemetry.exporter.export._base - INFO - Transmission succeeded: Item received: 3. Items accepted: 3
2026-02-18T10:09:14.5411740Z 2026-02-18 10:09:14,540 - azure.core.pipeline.policies.http_logging_policy - INFO - Request URL: 'https://westus2-2.in.applicationinsights.azure.com//v2.1/track'
2026-02-18T10:09:14.5412051Z Request method: 'POST'
2026-02-18T10:09:14.5412077Z Request headers:
2026-02-18T10:09:14.5412100Z     'Content-Type': 'application/json'
2026-02-18T10:09:14.5412118Z     'Content-Length': '3720'
2026-02-18T10:09:14.5412136Z     'Accept': 'application/json'
2026-02-18T10:09:14.5412156Z     'x-ms-client-request-id': 'e0cc0632-0cb1-11f1-a748-0adf85178b07'
2026-02-18T10:09:14.5412177Z     'User-Agent': 'azsdk-python-azuremonitorclient/unknown Python/3.11.14 (Linux-6.6.119.3-1.azl3-x86_64-with-glibc2.31)'
2026-02-18T10:09:14.5413074Z A body is sent with the request
2026-02-18T10:09:14.6285350Z 2026-02-18 10:09:14,628 - azure.core.pipeline.policies.http_logging_policy - INFO - Response status: 200
2026-02-18T10:09:14.6285737Z Response headers:
2026-02-18T10:09:14.6285766Z     'Transfer-Encoding': 'chunked'
2026-02-18T10:09:14.6285786Z     'Content-Type': 'application/json; charset=utf-8'
2026-02-18T10:09:14.6285805Z     'Server': 'Microsoft-HTTPAPI/2.0'
2026-02-18T10:09:14.6285822Z     'Strict-Transport-Security': 'REDACTED'
2026-02-18T10:09:14.6285839Z     'X-Content-Type-Options': 'REDACTED'
2026-02-18T10:09:14.6285855Z     'Date': 'Wed, 18 Feb 2026 10:09:14 GMT'
2026-02-18T10:09:14.6293473Z 2026-02-18 10:09:14,628 - azure.monitor.opentelemetry.exporter.export._base - INFO - Transmission succeeded: Item received: 3. Items accepted: 3
2026-02-18T10:09:15.6444304Z 2026-02-18 10:09:15,643 - azure.core.pipeline.policies.http_logging_policy - INFO - Request URL: 'https://westus2-2.in.applicationinsights.azure.com//v2.1/track'
2026-02-18T10:09:15.6444722Z Request method: 'POST'
2026-02-18T10:09:15.6444884Z Request headers:
2026-02-18T10:09:15.6444907Z     'Content-Type': 'application/json'
2026-02-18T10:09:15.6444925Z     'Content-Length': '3719'
2026-02-18T10:09:15.6444942Z     'Accept': 'application/json'
2026-02-18T10:09:15.6444963Z     'x-ms-client-request-id': 'e1745134-0cb1-11f1-b7fb-0adf85178b07'
2026-02-18T10:09:15.6444986Z     'User-Agent': 'azsdk-python-azuremonitorclient/unknown Python/3.11.14 (Linux-6.6.119.3-1.azl3-x86_64-with-glibc2.31)'
2026-02-18T10:09:15.6445005Z A body is sent with the request
2026-02-18T10:09:15.7755149Z 2026-02-18 10:09:15,775 - azure.core.pipeline.policies.http_logging_policy - INFO - Response status: 200
2026-02-18T10:09:15.7755445Z Response headers:
2026-02-18T10:09:15.7755468Z     'Transfer-Encoding': 'chunked'
2026-02-18T10:09:15.7755545Z     'Content-Type': 'application/json; charset=utf-8'
2026-02-18T10:09:15.7755563Z     'Server': 'Microsoft-HTTPAPI/2.0'
2026-02-18T10:09:15.7755582Z     'Strict-Transport-Security': 'REDACTED'
2026-02-18T10:09:15.7755599Z     'X-Content-Type-Options': 'REDACTED'
2026-02-18T10:09:15.7755616Z     'Date': 'Wed, 18 Feb 2026 10:09:14 GMT'
2026-02-18T10:09:15.7758343Z 2026-02-18 10:09:15,775 - azure.monitor.opentelemetry.exporter.export._base - INFO - Transmission succeeded: Item received: 3. Items accepted: 3
2026-02-18T10:09:19.6310173Z 2026-02-18 10:09:19,630 - azure.core.pipeline.policies.http_logging_policy - INFO - Request URL: 'https://westus2-2.in.applicationinsights.azure.com//v2.1/track'
2026-02-18T10:09:19.6310497Z Request method: 'POST'
2026-02-18T10:09:19.6310526Z Request headers:
2026-02-18T10:09:19.6310594Z     'Content-Type': 'application/json'
2026-02-18T10:09:19.6310616Z     'Content-Length': '3719'
2026-02-18T10:09:19.6310635Z     'Accept': 'application/json'
2026-02-18T10:09:19.6310656Z     'x-ms-client-request-id': 'e3d4abae-0cb1-11f1-a748-0adf85178b07'
2026-02-18T10:09:19.6310676Z     'User-Agent': 'azsdk-python-azuremonitorclient/unknown Python/3.11.14 (Linux-6.6.119.3-1.azl3-x86_64-with-glibc2.31)'
2026-02-18T10:09:19.6310693Z A body is sent with the request
2026-02-18T10:09:19.8454491Z 2026-02-18 10:09:19,845 - azure.core.pipeline.policies.http_logging_policy - INFO - Response status: 200
2026-02-18T10:09:19.8454829Z Response headers:
2026-02-18T10:09:19.8454855Z     'Transfer-Encoding': 'chunked'
2026-02-18T10:09:19.8454874Z     'Content-Type': 'application/json; charset=utf-8'
2026-02-18T10:09:19.8454892Z     'Server': 'Microsoft-HTTPAPI/2.0'
2026-02-18T10:09:19.8454962Z     'Strict-Transport-Security': 'REDACTED'
2026-02-18T10:09:19.8454981Z     'X-Content-Type-Options': 'REDACTED'
2026-02-18T10:09:19.8454996Z     'Date': 'Wed, 18 Feb 2026 10:09:19 GMT'
2026-02-18T10:09:19.8460226Z 2026-02-18 10:09:19,845 - azure.monitor.opentelemetry.exporter.export._base - INFO - Transmission succeeded: Item received: 3. Items accepted: 3
2026-02-18T10:09:20.7776363Z 2026-02-18 10:09:20,777 - azure.core.pipeline.policies.http_logging_policy - INFO - Request URL: 'https://westus2-2.in.applicationinsights.azure.com//v2.1/track'
2026-02-18T10:09:20.7776704Z Request method: 'POST'
2026-02-18T10:09:20.7776728Z Request headers:
2026-02-18T10:09:20.7776745Z     'Content-Type': 'application/json'
2026-02-18T10:09:20.7776760Z     'Content-Length': '3720'
2026-02-18T10:09:20.7776777Z     'Accept': 'application/json'
2026-02-18T10:09:20.7776860Z     'x-ms-client-request-id': 'e483a3b6-0cb1-11f1-b7fb-0adf85178b07'
2026-02-18T10:09:20.7776887Z     'User-Agent': 'azsdk-python-azuremonitorclient/unknown Python/3.11.14 (Linux-6.6.119.3-1.azl3-x86_64-with-glibc2.31)'
2026-02-18T10:09:20.7776906Z A body is sent with the request
2026-02-18T10:09:20.8265012Z 2026-02-18 10:09:20,826 - azure.core.pipeline.policies.http_logging_policy - INFO - Response status: 200
2026-02-18T10:09:20.8265344Z Response headers:
2026-02-18T10:09:20.8265375Z     'Transfer-Encoding': 'chunked'
2026-02-18T10:09:20.8265402Z     'Content-Type': 'application/json; charset=utf-8'
2026-02-18T10:09:20.8265422Z     'Server': 'Microsoft-HTTPAPI/2.0'
2026-02-18T10:09:20.8265443Z     'Strict-Transport-Security': 'REDACTED'
2026-02-18T10:09:20.8265469Z     'X-Content-Type-Options': 'REDACTED'
2026-02-18T10:09:20.8265491Z     'Date': 'Wed, 18 Feb 2026 10:09:19 GMT'
2026-02-18T10:09:20.8271373Z 2026-02-18 10:09:20,826 - azure.monitor.opentelemetry.exporter.export._base - INFO - Transmission succeeded: Item received: 3. Items accepted: 3
2026-02-18T10:09:24.8491423Z 2026-02-18 10:09:24,847 - azure.core.pipeline.policies.http_logging_policy - INFO - Request URL: 'https://westus2-2.in.applicationinsights.azure.com//v2.1/track'
2026-02-18T10:09:24.8491870Z Request method: 'POST'
2026-02-18T10:09:24.8491892Z Request headers:
2026-02-18T10:09:24.8491913Z     'Content-Type': 'application/json'
2026-02-18T10:09:24.8491935Z     'Content-Length': '3720'
2026-02-18T10:09:24.8491961Z     'Accept': 'application/json'
2026-02-18T10:09:24.8491982Z     'x-ms-client-request-id': 'e6f0afd6-0cb1-11f1-a748-0adf85178b07'
2026-02-18T10:09:24.8492004Z     'User-Agent': 'azsdk-python-azuremonitorclient/unknown Python/3.11.14 (Linux-6.6.119.3-1.azl3-x86_64-with-glibc2.31)'
2026-02-18T10:09:24.8492074Z A body is sent with the request
2026-02-18T10:09:24.9513794Z 2026-02-18 10:09:24,951 - azure.core.pipeline.policies.http_logging_policy - INFO - Response status: 200
2026-02-18T10:09:24.9514084Z Response headers:
2026-02-18T10:09:24.9514110Z     'Transfer-Encoding': 'chunked'
2026-02-18T10:09:24.9514129Z     'Content-Type': 'application/json; charset=utf-8'
2026-02-18T10:09:24.9514150Z     'Server': 'Microsoft-HTTPAPI/2.0'
2026-02-18T10:09:24.9514171Z     'Strict-Transport-Security': 'REDACTED'
2026-02-18T10:09:24.9514189Z     'X-Content-Type-Options': 'REDACTED'
2026-02-18T10:09:24.9514207Z     'Date': 'Wed, 18 Feb 2026 10:09:24 GMT'
2026-02-18T10:09:24.9518335Z 2026-02-18 10:09:24,951 - azure.monitor.opentelemetry.exporter.export._base - INFO - Transmission succeeded: Item received: 3. Items accepted: 3
2026-02-18T10:09:25.8284798Z 2026-02-18 10:09:25,828 - azure.core.pipeline.policies.http_logging_policy - INFO - Request URL: 'https://westus2-2.in.applicationinsights.azure.com//v2.1/track'
2026-02-18T10:09:25.8285362Z Request method: 'POST'
2026-02-18T10:09:25.8285391Z Request headers:
2026-02-18T10:09:25.8285411Z     'Content-Type': 'application/json'
2026-02-18T10:09:25.8285433Z     'Content-Length': '3719'
2026-02-18T10:09:25.8285453Z     'Accept': 'application/json'
2026-02-18T10:09:25.8285472Z     'x-ms-client-request-id': 'e78656b2-0cb1-11f1-b7fb-0adf85178b07'
2026-02-18T10:09:25.8286518Z     'User-Agent': 'azsdk-python-azuremonitorclient/unknown Python/3.11.14 (Linux-6.6.119.3-1.azl3-x86_64-with-glibc2.31)'
2026-02-18T10:09:25.8286559Z A body is sent with the request
2026-02-18T10:09:25.9581841Z 2026-02-18 10:09:25,957 - azure.core.pipeline.policies.http_logging_policy - INFO - Response status: 200
2026-02-18T10:09:25.9582222Z Response headers:
2026-02-18T10:09:25.9582249Z     'Transfer-Encoding': 'chunked'
2026-02-18T10:09:25.9582268Z     'Content-Type': 'application/json; charset=utf-8'
2026-02-18T10:09:25.9582285Z     'Server': 'Microsoft-HTTPAPI/2.0'
2026-02-18T10:09:25.9582301Z     'Strict-Transport-Security': 'REDACTED'
2026-02-18T10:09:25.9582318Z     'X-Content-Type-Options': 'REDACTED'
2026-02-18T10:09:25.9582334Z     'Date': 'Wed, 18 Feb 2026 10:09:25 GMT'
2026-02-18T10:09:25.9585097Z 2026-02-18 10:09:25,958 - azure.monitor.opentelemetry.exporter.export._base - INFO - Transmission succeeded: Item received: 3. Items accepted: 3
2026-02-18T10:09:29.9533613Z 2026-02-18 10:09:29,953 - azure.core.pipeline.policies.http_logging_policy - INFO - Request URL: 'https://westus2-2.in.applicationinsights.azure.com//v2.1/track'
2026-02-18T10:09:29.9533968Z Request method: 'POST'
2026-02-18T10:09:29.9534054Z Request headers:
2026-02-18T10:09:29.9534075Z     'Content-Type': 'application/json'
2026-02-18T10:09:29.9534093Z     'Content-Length': '3720'
2026-02-18T10:09:29.9534110Z     'Accept': 'application/json'
2026-02-18T10:09:29.9534131Z     'x-ms-client-request-id': 'e9fbbeaa-0cb1-11f1-a748-0adf85178b07'
2026-02-18T10:09:29.9534153Z     'User-Agent': 'azsdk-python-azuremonitorclient/unknown Python/3.11.14 (Linux-6.6.119.3-1.azl3-x86_64-with-glibc2.31)'
2026-02-18T10:09:29.9534171Z A body is sent with the request
2026-02-18T10:09:30.0443843Z 2026-02-18 10:09:30,044 - azure.core.pipeline.policies.http_logging_policy - INFO - Response status: 200
2026-02-18T10:09:30.0445132Z Response headers:
2026-02-18T10:09:30.0445169Z     'Transfer-Encoding': 'chunked'
2026-02-18T10:09:30.0445187Z     'Content-Type': 'application/json; charset=utf-8'
2026-02-18T10:09:30.0445263Z     'Server': 'Microsoft-HTTPAPI/2.0'
2026-02-18T10:09:30.0445282Z     'Strict-Transport-Security': 'REDACTED'
2026-02-18T10:09:30.0445298Z     'X-Content-Type-Options': 'REDACTED'
2026-02-18T10:09:30.0445315Z     'Date': 'Wed, 18 Feb 2026 10:09:29 GMT'
2026-02-18T10:09:30.0452943Z 2026-02-18 10:09:30,045 - azure.monitor.opentelemetry.exporter.export._base - INFO - Transmission succeeded: Item received: 3. Items accepted: 3
2026-02-18T10:09:30.9620446Z 2026-02-18 10:09:30,961 - azure.core.pipeline.policies.http_logging_policy - INFO - Request URL: 'https://westus2-2.in.applicationinsights.azure.com//v2.1/track'
2026-02-18T10:09:30.9620746Z Request method: 'POST'
2026-02-18T10:09:30.9620775Z Request headers:
2026-02-18T10:09:30.9620797Z     'Content-Type': 'application/json'
2026-02-18T10:09:30.9620814Z     'Content-Length': '3719'
2026-02-18T10:09:30.9620879Z     'Accept': 'application/json'
2026-02-18T10:09:30.9620896Z     'x-ms-client-request-id': 'ea95a90c-0cb1-11f1-b7fb-0adf85178b07'
2026-02-18T10:09:30.9620917Z     'User-Agent': 'azsdk-python-azuremonitorclient/unknown Python/3.11.14 (Linux-6.6.119.3-1.azl3-x86_64-with-glibc2.31)'
2026-02-18T10:09:30.9620935Z A body is sent with the request
2026-02-18T10:09:31.0466196Z 2026-02-18 10:09:31,046 - azure.core.pipeline.policies.http_logging_policy - INFO - Response status: 200
2026-02-18T10:09:31.0466524Z Response headers:
2026-02-18T10:09:31.0466554Z     'Transfer-Encoding': 'chunked'
2026-02-18T10:09:31.0466582Z     'Content-Type': 'application/json; charset=utf-8'
2026-02-18T10:09:31.0466608Z     'Server': 'Microsoft-HTTPAPI/2.0'
2026-02-18T10:09:31.0466632Z     'Strict-Transport-Security': 'REDACTED'
2026-02-18T10:09:31.0466708Z     'X-Content-Type-Options': 'REDACTED'
2026-02-18T10:09:31.0466731Z     'Date': 'Wed, 18 Feb 2026 10:09:30 GMT'
2026-02-18T10:09:31.0472342Z 2026-02-18 10:09:31,046 - azure.monitor.opentelemetry.exporter.export._base - INFO - Transmission succeeded: Item received: 3. Items accepted: 3
2026-02-18T10:09:35.0468655Z 2026-02-18 10:09:35,046 - azure.core.pipeline.policies.http_logging_policy - INFO - Request URL: 'https://westus2-2.in.applicationinsights.azure.com//v2.1/track'
2026-02-18T10:09:35.0469088Z Request method: 'POST'
2026-02-18T10:09:35.0469110Z Request headers:
2026-02-18T10:09:35.0469519Z     'Content-Type': 'application/json'
2026-02-18T10:09:35.0469543Z     'Content-Length': '3720'
2026-02-18T10:09:35.0469563Z     'Accept': 'application/json'
2026-02-18T10:09:35.0469584Z     'x-ms-client-request-id': 'ed04f3dc-0cb1-11f1-a748-0adf85178b07'
2026-02-18T10:09:35.0469658Z     'User-Agent': 'azsdk-python-azuremonitorclient/unknown Python/3.11.14 (Linux-6.6.119.3-1.azl3-x86_64-with-glibc2.31)'
2026-02-18T10:09:35.0469675Z A body is sent with the request
2026-02-18T10:09:35.1401353Z 2026-02-18 10:09:35,139 - azure.core.pipeline.policies.http_logging_policy - INFO - Response status: 200
2026-02-18T10:09:35.1401734Z Response headers:
2026-02-18T10:09:35.1401757Z     'Transfer-Encoding': 'chunked'
2026-02-18T10:09:35.1401775Z     'Content-Type': 'application/json; charset=utf-8'
2026-02-18T10:09:35.1401793Z     'Server': 'Microsoft-HTTPAPI/2.0'
2026-02-18T10:09:35.1401810Z     'Strict-Transport-Security': 'REDACTED'
2026-02-18T10:09:35.1401832Z     'X-Content-Type-Options': 'REDACTED'
2026-02-18T10:09:35.1401850Z     'Date': 'Wed, 18 Feb 2026 10:09:34 GMT'
2026-02-18T10:09:35.1408075Z 2026-02-18 10:09:35,140 - azure.monitor.opentelemetry.exporter.export._base - INFO - Transmission succeeded: Item received: 3. Items accepted: 3
2026-02-18T10:09:36.0489463Z 2026-02-18 10:09:36,048 - azure.core.pipeline.policies.http_logging_policy - INFO - Request URL: 'https://westus2-2.in.applicationinsights.azure.com//v2.1/track'
2026-02-18T10:09:36.0489761Z Request method: 'POST'
2026-02-18T10:09:36.0489789Z Request headers:
2026-02-18T10:09:36.0489815Z     'Content-Type': 'application/json'
2026-02-18T10:09:36.0489837Z     'Content-Length': '3720'
2026-02-18T10:09:36.0489858Z     'Accept': 'application/json'
2026-02-18T10:09:36.0489886Z     'x-ms-client-request-id': 'ed9dd99e-0cb1-11f1-b7fb-0adf85178b07'
2026-02-18T10:09:36.0489915Z     'User-Agent': 'azsdk-python-azuremonitorclient/unknown Python/3.11.14 (Linux-6.6.119.3-1.azl3-x86_64-with-glibc2.31)'
2026-02-18T10:09:36.0489940Z A body is sent with the request
2026-02-18T10:09:36.1500986Z 2026-02-18 10:09:36,149 - azure.core.pipeline.policies.http_logging_policy - INFO - Response status: 200
2026-02-18T10:09:36.1501328Z Response headers:
2026-02-18T10:09:36.1501356Z     'Transfer-Encoding': 'chunked'
2026-02-18T10:09:36.1501375Z     'Content-Type': 'application/json; charset=utf-8'
2026-02-18T10:09:36.1501392Z     'Server': 'Microsoft-HTTPAPI/2.0'
2026-02-18T10:09:36.1501409Z     'Strict-Transport-Security': 'REDACTED'
2026-02-18T10:09:36.1501427Z     'X-Content-Type-Options': 'REDACTED'
2026-02-18T10:09:36.1501445Z     'Date': 'Wed, 18 Feb 2026 10:09:35 GMT'
2026-02-18T10:09:36.1506421Z 2026-02-18 10:09:36,150 - azure.monitor.opentelemetry.exporter.export._base - INFO - Transmission succeeded: Item received: 3. Items accepted: 3
2026-02-18T10:09:40.1420527Z 2026-02-18 10:09:40,141 - azure.core.pipeline.policies.http_logging_policy - INFO - Request URL: 'https://westus2-2.in.applicationinsights.azure.com//v2.1/track'
2026-02-18T10:09:40.1421374Z Request method: 'POST'
2026-02-18T10:09:40.1421401Z Request headers:
2026-02-18T10:09:40.1421420Z     'Content-Type': 'application/json'
2026-02-18T10:09:40.1421439Z     'Content-Length': '3720'
2026-02-18T10:09:40.1421457Z     'Accept': 'application/json'
2026-02-18T10:09:40.1421476Z     'x-ms-client-request-id': 'f00e68c4-0cb1-11f1-a748-0adf85178b07'
2026-02-18T10:09:40.1421498Z     'User-Agent': 'azsdk-python-azuremonitorclient/unknown Python/3.11.14 (Linux-6.6.119.3-1.azl3-x86_64-with-glibc2.31)'
2026-02-18T10:09:40.1421515Z A body is sent with the request
2026-02-18T10:09:40.2721483Z 2026-02-18 10:09:40,271 - azure.core.pipeline.policies.http_logging_policy - INFO - Response status: 200
2026-02-18T10:09:40.2721806Z Response headers:
2026-02-18T10:09:40.2721834Z     'Transfer-Encoding': 'chunked'
2026-02-18T10:09:40.2721916Z     'Content-Type': 'application/json; charset=utf-8'
2026-02-18T10:09:40.2721930Z     'Server': 'Microsoft-HTTPAPI/2.0'
2026-02-18T10:09:40.2721947Z     'Strict-Transport-Security': 'REDACTED'
2026-02-18T10:09:40.2721963Z     'X-Content-Type-Options': 'REDACTED'
2026-02-18T10:09:40.2721979Z     'Date': 'Wed, 18 Feb 2026 10:09:39 GMT'
2026-02-18T10:09:40.2728473Z 2026-02-18 10:09:40,272 - azure.monitor.opentelemetry.exporter.export._base - INFO - Transmission succeeded: Item received: 3. Items accepted: 3
2026-02-18T10:09:41.1522848Z 2026-02-18 10:09:41,152 - azure.core.pipeline.policies.http_logging_policy - INFO - Request URL: 'https://westus2-2.in.applicationinsights.azure.com//v2.1/track'
2026-02-18T10:09:41.1523159Z Request method: 'POST'
2026-02-18T10:09:41.1523182Z Request headers:
2026-02-18T10:09:41.1523266Z     'Content-Type': 'application/json'
2026-02-18T10:09:41.1523286Z     'Content-Length': '3720'
2026-02-18T10:09:41.1523303Z     'Accept': 'application/json'
2026-02-18T10:09:41.1523322Z     'x-ms-client-request-id': 'f0a88efe-0cb1-11f1-b7fb-0adf85178b07'
2026-02-18T10:09:41.1523347Z     'User-Agent': 'azsdk-python-azuremonitorclient/unknown Python/3.11.14 (Linux-6.6.119.3-1.azl3-x86_64-with-glibc2.31)'
2026-02-18T10:09:41.1523363Z A body is sent with the request
2026-02-18T10:09:41.3556311Z 2026-02-18 10:09:41,355 - azure.core.pipeline.policies.http_logging_policy - INFO - Response status: 200
2026-02-18T10:09:41.3556665Z Response headers:
2026-02-18T10:09:41.3556699Z     'Transfer-Encoding': 'chunked'
2026-02-18T10:09:41.3556724Z     'Content-Type': 'application/json; charset=utf-8'
2026-02-18T10:09:41.3556741Z     'Server': 'Microsoft-HTTPAPI/2.0'
2026-02-18T10:09:41.3556818Z     'Strict-Transport-Security': 'REDACTED'
2026-02-18T10:09:41.3556837Z     'X-Content-Type-Options': 'REDACTED'
2026-02-18T10:09:41.3556852Z     'Date': 'Wed, 18 Feb 2026 10:09:40 GMT'
2026-02-18T10:09:41.3563520Z 2026-02-18 10:09:41,355 - azure.monitor.opentelemetry.exporter.export._base - INFO - Transmission succeeded: Item received: 3. Items accepted: 3
2026-02-18T10:09:45.2743025Z 2026-02-18 10:09:45,274 - azure.core.pipeline.policies.http_logging_policy - INFO - Request URL: 'https://westus2-2.in.applicationinsights.azure.com//v2.1/track'
2026-02-18T10:09:45.2743568Z Request method: 'POST'
2026-02-18T10:09:45.2743596Z Request headers:
2026-02-18T10:09:45.2743624Z     'Content-Type': 'application/json'
2026-02-18T10:09:45.2743642Z     'Content-Length': '3720'
2026-02-18T10:09:45.2743661Z     'Accept': 'application/json'
2026-02-18T10:09:45.2743743Z     'x-ms-client-request-id': 'f31d87f2-0cb1-11f1-a748-0adf85178b07'
2026-02-18T10:09:45.2743768Z     'User-Agent': 'azsdk-python-azuremonitorclient/unknown Python/3.11.14 (Linux-6.6.119.3-1.azl3-x86_64-with-glibc2.31)'
2026-02-18T10:09:45.2743788Z A body is sent with the request
2026-02-18T10:09:45.3734321Z 2026-02-18 10:09:45,373 - azure.core.pipeline.policies.http_logging_policy - INFO - Response status: 200
2026-02-18T10:09:45.3734672Z Response headers:
2026-02-18T10:09:45.3734693Z     'Transfer-Encoding': 'chunked'
2026-02-18T10:09:45.3734711Z     'Content-Type': 'application/json; charset=utf-8'
2026-02-18T10:09:45.3734734Z     'Server': 'Microsoft-HTTPAPI/2.0'
2026-02-18T10:09:45.3734750Z     'Strict-Transport-Security': 'REDACTED'
2026-02-18T10:09:45.3734765Z     'X-Content-Type-Options': 'REDACTED'
2026-02-18T10:09:45.3734780Z     'Date': 'Wed, 18 Feb 2026 10:09:44 GMT'
2026-02-18T10:09:45.3739819Z 2026-02-18 10:09:45,373 - azure.monitor.opentelemetry.exporter.export._base - INFO - Transmission succeeded: Item received: 3. Items accepted: 3
2026-02-18T10:09:46.3596529Z 2026-02-18 10:09:46,357 - azure.core.pipeline.policies.http_logging_policy - INFO - Request URL: 'https://westus2-2.in.applicationinsights.azure.com//v2.1/track'
2026-02-18T10:09:46.3596871Z Request method: 'POST'
2026-02-18T10:09:46.3596900Z Request headers:
2026-02-18T10:09:46.3596916Z     'Content-Type': 'application/json'
2026-02-18T10:09:46.3596934Z     'Content-Length': '3719'
2026-02-18T10:09:46.3596953Z     'Accept': 'application/json'
2026-02-18T10:09:46.3597058Z     'x-ms-client-request-id': 'f3c2e058-0cb1-11f1-b7fb-0adf85178b07'
2026-02-18T10:09:46.3597082Z     'User-Agent': 'azsdk-python-azuremonitorclient/unknown Python/3.11.14 (Linux-6.6.119.3-1.azl3-x86_64-with-glibc2.31)'
2026-02-18T10:09:46.3597147Z A body is sent with the request
2026-02-18T10:09:46.4676991Z 2026-02-18 10:09:46,467 - azure.core.pipeline.policies.http_logging_policy - INFO - Response status: 200
2026-02-18T10:09:46.4677497Z Response headers:
2026-02-18T10:09:46.4677526Z     'Transfer-Encoding': 'chunked'
2026-02-18T10:09:46.4677544Z     'Content-Type': 'application/json; charset=utf-8'
2026-02-18T10:09:46.4677564Z     'Server': 'Microsoft-HTTPAPI/2.0'
2026-02-18T10:09:46.4677582Z     'Strict-Transport-Security': 'REDACTED'
2026-02-18T10:09:46.4677598Z     'X-Content-Type-Options': 'REDACTED'
2026-02-18T10:09:46.4677614Z     'Date': 'Wed, 18 Feb 2026 10:09:45 GMT'
2026-02-18T10:09:46.4684570Z 2026-02-18 10:09:46,468 - azure.monitor.opentelemetry.exporter.export._base - INFO - Transmission succeeded: Item received: 3. Items accepted: 3
2026-02-18T10:09:50.3753876Z 2026-02-18 10:09:50,375 - azure.core.pipeline.policies.http_logging_policy - INFO - Request URL: 'https://westus2-2.in.applicationinsights.azure.com//v2.1/track'
2026-02-18T10:09:50.3754209Z Request method: 'POST'
2026-02-18T10:09:50.3754235Z Request headers:
2026-02-18T10:09:50.3754256Z     'Content-Type': 'application/json'
2026-02-18T10:09:50.3754277Z     'Content-Length': '3720'
2026-02-18T10:09:50.3754300Z     'Accept': 'application/json'
2026-02-18T10:09:50.3754319Z     'x-ms-client-request-id': 'f627e636-0cb1-11f1-a748-0adf85178b07'
2026-02-18T10:09:50.3754341Z     'User-Agent': 'azsdk-python-azuremonitorclient/unknown Python/3.11.14 (Linux-6.6.119.3-1.azl3-x86_64-with-glibc2.31)'
2026-02-18T10:09:50.3754359Z A body is sent with the request
2026-02-18T10:09:50.4699670Z 2026-02-18 10:09:50,469 - azure.core.pipeline.policies.http_logging_policy - INFO - Response status: 200
2026-02-18T10:09:50.4700256Z Response headers:
2026-02-18T10:09:50.4700281Z     'Transfer-Encoding': 'chunked'
2026-02-18T10:09:50.4700300Z     'Content-Type': 'application/json; charset=utf-8'
2026-02-18T10:09:50.4700316Z     'Server': 'Microsoft-HTTPAPI/2.0'
2026-02-18T10:09:50.4700335Z     'Strict-Transport-Security': 'REDACTED'
2026-02-18T10:09:50.4700351Z     'X-Content-Type-Options': 'REDACTED'
2026-02-18T10:09:50.4700367Z     'Date': 'Wed, 18 Feb 2026 10:09:49 GMT'
2026-02-18T10:09:50.4706896Z 2026-02-18 10:09:50,470 - azure.monitor.opentelemetry.exporter.export._base - INFO - Transmission succeeded: Item received: 3. Items accepted: 3
2026-02-18T10:09:51.4696905Z 2026-02-18 10:09:51,469 - azure.core.pipeline.policies.http_logging_policy - INFO - Request URL: 'https://westus2-2.in.applicationinsights.azure.com//v2.1/track'
2026-02-18T10:09:51.4697238Z Request method: 'POST'
2026-02-18T10:09:51.4697329Z Request headers:
2026-02-18T10:09:51.4697351Z     'Content-Type': 'application/json'
2026-02-18T10:09:51.4697371Z     'Content-Length': '3720'
2026-02-18T10:09:51.4697389Z     'Accept': 'application/json'
2026-02-18T10:09:51.4697407Z     'x-ms-client-request-id': 'f6cee080-0cb1-11f1-b7fb-0adf85178b07'
2026-02-18T10:09:51.4697432Z     'User-Agent': 'azsdk-python-azuremonitorclient/unknown Python/3.11.14 (Linux-6.6.119.3-1.azl3-x86_64-with-glibc2.31)'
2026-02-18T10:09:51.4697448Z A body is sent with the request
2026-02-18T10:09:51.5451027Z 2026-02-18 10:09:51,544 - azure.core.pipeline.policies.http_logging_policy - INFO - Response status: 200
2026-02-18T10:09:51.5451375Z Response headers:
2026-02-18T10:09:51.5451407Z     'Transfer-Encoding': 'chunked'
2026-02-18T10:09:51.5451443Z     'Content-Type': 'application/json; charset=utf-8'
2026-02-18T10:09:51.5451531Z     'Server': 'Microsoft-HTTPAPI/2.0'
2026-02-18T10:09:51.5451556Z     'Strict-Transport-Security': 'REDACTED'
2026-02-18T10:09:51.5451579Z     'X-Content-Type-Options': 'REDACTED'
2026-02-18T10:09:51.5451598Z     'Date': 'Wed, 18 Feb 2026 10:09:50 GMT'
2026-02-18T10:09:51.5456879Z 2026-02-18 10:09:51,545 - azure.monitor.opentelemetry.exporter.export._base - INFO - Transmission succeeded: Item received: 3. Items accepted: 3
2026-02-18T10:09:55.4729696Z 2026-02-18 10:09:55,472 - azure.core.pipeline.policies.http_logging_policy - INFO - Request URL: 'https://westus2-2.in.applicationinsights.azure.com//v2.1/track'
2026-02-18T10:09:55.4729994Z Request method: 'POST'
2026-02-18T10:09:55.4730014Z Request headers:
2026-02-18T10:09:55.4730033Z     'Content-Type': 'application/json'
2026-02-18T10:09:55.4730053Z     'Content-Length': '3720'
2026-02-18T10:09:55.4730073Z     'Accept': 'application/json'
2026-02-18T10:09:55.4730093Z     'x-ms-client-request-id': 'f931b924-0cb1-11f1-a748-0adf85178b07'
2026-02-18T10:09:55.4730117Z     'User-Agent': 'azsdk-python-azuremonitorclient/unknown Python/3.11.14 (Linux-6.6.119.3-1.azl3-x86_64-with-glibc2.31)'
2026-02-18T10:09:55.4730134Z A body is sent with the request
2026-02-18T10:09:55.5324062Z 2026-02-18 10:09:55,532 - azure.core.pipeline.policies.http_logging_policy - INFO - Response status: 200
2026-02-18T10:09:55.5324374Z Response headers:
2026-02-18T10:09:55.5324453Z     'Transfer-Encoding': 'chunked'
2026-02-18T10:09:55.5324472Z     'Content-Type': 'application/json; charset=utf-8'
2026-02-18T10:09:55.5324490Z     'Server': 'Microsoft-HTTPAPI/2.0'
2026-02-18T10:09:55.5324507Z     'Strict-Transport-Security': 'REDACTED'
2026-02-18T10:09:55.5324524Z     'X-Content-Type-Options': 'REDACTED'
2026-02-18T10:09:55.5324541Z     'Date': 'Wed, 18 Feb 2026 10:09:55 GMT'
2026-02-18T10:09:55.5332411Z 2026-02-18 10:09:55,532 - azure.monitor.opentelemetry.exporter.export._base - INFO - Transmission succeeded: Item received: 3. Items accepted: 3
2026-02-18T10:09:56.5483344Z 2026-02-18 10:09:56,547 - azure.core.pipeline.policies.http_logging_policy - INFO - Request URL: 'https://westus2-2.in.applicationinsights.azure.com//v2.1/track'
2026-02-18T10:09:56.5483681Z Request method: 'POST'
2026-02-18T10:09:56.5483705Z Request headers:
2026-02-18T10:09:56.5483789Z     'Content-Type': 'application/json'
2026-02-18T10:09:56.5483807Z     'Content-Length': '3720'
2026-02-18T10:09:56.5483827Z     'Accept': 'application/json'
2026-02-18T10:09:56.5483847Z     'x-ms-client-request-id': 'f9d5aff2-0cb1-11f1-b7fb-0adf85178b07'
2026-02-18T10:09:56.5483871Z     'User-Agent': 'azsdk-python-azuremonitorclient/unknown Python/3.11.14 (Linux-6.6.119.3-1.azl3-x86_64-with-glibc2.31)'
2026-02-18T10:09:56.5483891Z A body is sent with the request
2026-02-18T10:09:56.6347534Z 2026-02-18 10:09:56,634 - azure.core.pipeline.policies.http_logging_policy - INFO - Response status: 200
2026-02-18T10:09:56.6347936Z Response headers:
2026-02-18T10:09:56.6347962Z     'Transfer-Encoding': 'chunked'
2026-02-18T10:09:56.6347983Z     'Content-Type': 'application/json; charset=utf-8'
2026-02-18T10:09:56.6348054Z     'Server': 'Microsoft-HTTPAPI/2.0'
2026-02-18T10:09:56.6348073Z     'Strict-Transport-Security': 'REDACTED'
2026-02-18T10:09:56.6348091Z     'X-Content-Type-Options': 'REDACTED'
2026-02-18T10:09:56.6348108Z     'Date': 'Wed, 18 Feb 2026 10:09:55 GMT'
2026-02-18T10:09:56.6354399Z 2026-02-18 10:09:56,635 - azure.monitor.opentelemetry.exporter.export._base - INFO - Transmission succeeded: Item received: 3. Items accepted: 3
2026-02-18T10:10:00.5346986Z 2026-02-18 10:10:00,534 - azure.core.pipeline.policies.http_logging_policy - INFO - Request URL: 'https://westus2-2.in.applicationinsights.azure.com//v2.1/track'
2026-02-18T10:10:00.5347631Z Request method: 'POST'
2026-02-18T10:10:00.5347659Z Request headers:
2026-02-18T10:10:00.5347680Z     'Content-Type': 'application/json'
2026-02-18T10:10:00.5347698Z     'Content-Length': '3720'
2026-02-18T10:10:00.5347717Z     'Accept': 'application/json'
2026-02-18T10:10:00.5347740Z     'x-ms-client-request-id': 'fc361552-0cb1-11f1-a748-0adf85178b07'
2026-02-18T10:10:00.5347765Z     'User-Agent': 'azsdk-python-azuremonitorclient/unknown Python/3.11.14 (Linux-6.6.119.3-1.azl3-x86_64-with-glibc2.31)'
2026-02-18T10:10:00.5347784Z A body is sent with the request
2026-02-18T10:10:00.6498348Z 2026-02-18 10:10:00,649 - azure.core.pipeline.policies.http_logging_policy - INFO - Response status: 200
2026-02-18T10:10:00.6498962Z Response headers:
2026-02-18T10:10:00.6498988Z     'Transfer-Encoding': 'chunked'
2026-02-18T10:10:00.6499060Z     'Content-Type': 'application/json; charset=utf-8'
2026-02-18T10:10:00.6499075Z     'Server': 'Microsoft-HTTPAPI/2.0'
2026-02-18T10:10:00.6499096Z     'Strict-Transport-Security': 'REDACTED'
2026-02-18T10:10:00.6499112Z     'X-Content-Type-Options': 'REDACTED'
2026-02-18T10:10:00.6499128Z     'Date': 'Wed, 18 Feb 2026 10:10:00 GMT'
2026-02-18T10:10:00.6503955Z 2026-02-18 10:10:00,650 - azure.monitor.opentelemetry.exporter.export._base - INFO - Transmission succeeded: Item received: 3. Items accepted: 3
2026-02-18T10:10:01.6377054Z 2026-02-18 10:10:01,637 - azure.core.pipeline.policies.http_logging_policy - INFO - Request URL: 'https://westus2-2.in.applicationinsights.azure.com//v2.1/track'
2026-02-18T10:10:01.6377484Z Request method: 'POST'
2026-02-18T10:10:01.6377508Z Request headers:
2026-02-18T10:10:01.6377587Z     'Content-Type': 'application/json'
2026-02-18T10:10:01.6377605Z     'Content-Length': '3720'
2026-02-18T10:10:01.6377626Z     'Accept': 'application/json'
2026-02-18T10:10:01.6377644Z     'x-ms-client-request-id': 'fcde614e-0cb1-11f1-b7fb-0adf85178b07'
2026-02-18T10:10:01.6377664Z     'User-Agent': 'azsdk-python-azuremonitorclient/unknown Python/3.11.14 (Linux-6.6.119.3-1.azl3-x86_64-with-glibc2.31)'
2026-02-18T10:10:01.6377679Z A body is sent with the request
2026-02-18T10:10:01.7955267Z 2026-02-18 10:10:01,795 - azure.core.pipeline.policies.http_logging_policy - INFO - Response status: 200
2026-02-18T10:10:01.7955608Z Response headers:
2026-02-18T10:10:01.7955632Z     'Transfer-Encoding': 'chunked'
2026-02-18T10:10:01.7955649Z     'Content-Type': 'application/json; charset=utf-8'
2026-02-18T10:10:01.7955665Z     'Server': 'Microsoft-HTTPAPI/2.0'
2026-02-18T10:10:01.7955738Z     'Strict-Transport-Security': 'REDACTED'
2026-02-18T10:10:01.7955757Z     'X-Content-Type-Options': 'REDACTED'
2026-02-18T10:10:01.7955773Z     'Date': 'Wed, 18 Feb 2026 10:10:00 GMT'
2026-02-18T10:10:01.7967374Z 2026-02-18 10:10:01,796 - azure.monitor.opentelemetry.exporter.export._base - INFO - Transmission succeeded: Item received: 3. Items accepted: 3
2026-02-18T10:10:05.6522105Z 2026-02-18 10:10:05,651 - azure.core.pipeline.policies.http_logging_policy - INFO - Request URL: 'https://westus2-2.in.applicationinsights.azure.com//v2.1/track'
2026-02-18T10:10:05.6522437Z Request method: 'POST'
2026-02-18T10:10:05.6522464Z Request headers:
2026-02-18T10:10:05.6522482Z     'Content-Type': 'application/json'
2026-02-18T10:10:05.6522503Z     'Content-Length': '3718'
2026-02-18T10:10:05.6522522Z     'Accept': 'application/json'
2026-02-18T10:10:05.6522761Z     'x-ms-client-request-id': 'ff42edd8-0cb1-11f1-a748-0adf85178b07'
2026-02-18T10:10:05.6522785Z     'User-Agent': 'azsdk-python-azuremonitorclient/unknown Python/3.11.14 (Linux-6.6.119.3-1.azl3-x86_64-with-glibc2.31)'
2026-02-18T10:10:05.6522801Z A body is sent with the request
2026-02-18T10:10:05.7399102Z 2026-02-18 10:10:05,739 - azure.core.pipeline.policies.http_logging_policy - INFO - Response status: 200
2026-02-18T10:10:05.7399369Z Response headers:
2026-02-18T10:10:05.7399394Z     'Transfer-Encoding': 'chunked'
2026-02-18T10:10:05.7399413Z     'Content-Type': 'application/json; charset=utf-8'
2026-02-18T10:10:05.7399433Z     'Server': 'Microsoft-HTTPAPI/2.0'
2026-02-18T10:10:05.7399452Z     'Strict-Transport-Security': 'REDACTED'
2026-02-18T10:10:05.7399471Z     'X-Content-Type-Options': 'REDACTED'
2026-02-18T10:10:05.7399490Z     'Date': 'Wed, 18 Feb 2026 10:10:05 GMT'
2026-02-18T10:10:05.7408461Z 2026-02-18 10:10:05,740 - azure.monitor.opentelemetry.exporter.export._base - INFO - Transmission succeeded: Item received: 3. Items accepted: 3
2026-02-18T10:10:06.7986276Z 2026-02-18 10:10:06,798 - azure.core.pipeline.policies.http_logging_policy - INFO - Request URL: 'https://westus2-2.in.applicationinsights.azure.com//v2.1/track'
2026-02-18T10:10:06.7986881Z Request method: 'POST'
2026-02-18T10:10:06.7986911Z Request headers:
2026-02-18T10:10:06.7986936Z     'Content-Type': 'application/json'
2026-02-18T10:10:06.7986955Z     'Content-Length': '3720'
2026-02-18T10:10:06.7986972Z     'Accept': 'application/json'
2026-02-18T10:10:06.7986992Z     'x-ms-client-request-id': 'fff1e18a-0cb1-11f1-b7fb-0adf85178b07'
2026-02-18T10:10:06.7987016Z     'User-Agent': 'azsdk-python-azuremonitorclient/unknown Python/3.11.14 (Linux-6.6.119.3-1.azl3-x86_64-with-glibc2.31)'
2026-02-18T10:10:06.7987095Z A body is sent with the request
2026-02-18T10:10:06.8389600Z 2026-02-18 10:10:06,838 - azure.core.pipeline.policies.http_logging_policy - INFO - Response status: 200
2026-02-18T10:10:06.8389887Z Response headers:
2026-02-18T10:10:06.8389914Z     'Transfer-Encoding': 'chunked'
2026-02-18T10:10:06.8389931Z     'Content-Type': 'application/json; charset=utf-8'
2026-02-18T10:10:06.8389948Z     'Server': 'Microsoft-HTTPAPI/2.0'
2026-02-18T10:10:06.8389965Z     'Strict-Transport-Security': 'REDACTED'
2026-02-18T10:10:06.8389987Z     'X-Content-Type-Options': 'REDACTED'
2026-02-18T10:10:06.8390006Z     'Date': 'Wed, 18 Feb 2026 10:10:05 GMT'
2026-02-18T10:10:06.8395226Z 2026-02-18 10:10:06,839 - azure.monitor.opentelemetry.exporter.export._base - INFO - Transmission succeeded: Item received: 3. Items accepted: 3
2026-02-18T10:10:10.7428320Z 2026-02-18 10:10:10,742 - azure.core.pipeline.policies.http_logging_policy - INFO - Request URL: 'https://westus2-2.in.applicationinsights.azure.com//v2.1/track'
2026-02-18T10:10:10.7428631Z Request method: 'POST'
2026-02-18T10:10:10.7428656Z Request headers:
2026-02-18T10:10:10.7428676Z     'Content-Type': 'application/json'
2026-02-18T10:10:10.7428692Z     'Content-Length': '3720'
2026-02-18T10:10:10.7428708Z     'Accept': 'application/json'
2026-02-18T10:10:10.7428731Z     'x-ms-client-request-id': '024bba00-0cb2-11f1-a748-0adf85178b07'
2026-02-18T10:10:10.7428753Z     'User-Agent': 'azsdk-python-azuremonitorclient/unknown Python/3.11.14 (Linux-6.6.119.3-1.azl3-x86_64-with-glibc2.31)'
2026-02-18T10:10:10.7428769Z A body is sent with the request
2026-02-18T10:10:10.8623428Z 2026-02-18 10:10:10,862 - azure.core.pipeline.policies.http_logging_policy - INFO - Response status: 200
2026-02-18T10:10:10.8624146Z Response headers:
2026-02-18T10:10:10.8624175Z     'Transfer-Encoding': 'chunked'
2026-02-18T10:10:10.8624192Z     'Content-Type': 'application/json; charset=utf-8'
2026-02-18T10:10:10.8624207Z     'Server': 'Microsoft-HTTPAPI/2.0'
2026-02-18T10:10:10.8624221Z     'Strict-Transport-Security': 'REDACTED'
2026-02-18T10:10:10.8624236Z     'X-Content-Type-Options': 'REDACTED'
2026-02-18T10:10:10.8624254Z     'Date': 'Wed, 18 Feb 2026 10:10:10 GMT'
2026-02-18T10:10:10.8632896Z 2026-02-18 10:10:10,862 - azure.monitor.opentelemetry.exporter.export._base - INFO - Transmission succeeded: Item received: 3. Items accepted: 3
2026-02-18T10:10:11.8414158Z 2026-02-18 10:10:11,840 - azure.core.pipeline.policies.http_logging_policy - INFO - Request URL: 'https://westus2-2.in.applicationinsights.azure.com//v2.1/track'
2026-02-18T10:10:11.8414443Z Request method: 'POST'
2026-02-18T10:10:11.8416388Z Request headers:
2026-02-18T10:10:11.8416429Z     'Content-Type': 'application/json'
2026-02-18T10:10:11.8416447Z     'Content-Length': '3720'
2026-02-18T10:10:11.8416461Z     'Accept': 'application/json'
2026-02-18T10:10:11.8416480Z     'x-ms-client-request-id': '02f351c0-0cb2-11f1-b7fb-0adf85178b07'
2026-02-18T10:10:11.8416503Z     'User-Agent': 'azsdk-python-azuremonitorclient/unknown Python/3.11.14 (Linux-6.6.119.3-1.azl3-x86_64-with-glibc2.31)'
2026-02-18T10:10:11.8416519Z A body is sent with the request
2026-02-18T10:10:11.9395327Z 2026-02-18 10:10:11,939 - azure.core.pipeline.policies.http_logging_policy - INFO - Response status: 200
2026-02-18T10:10:11.9395587Z Response headers:
2026-02-18T10:10:11.9395613Z     'Transfer-Encoding': 'chunked'
2026-02-18T10:10:11.9395637Z     'Content-Type': 'application/json; charset=utf-8'
2026-02-18T10:10:11.9395711Z     'Server': 'Microsoft-HTTPAPI/2.0'
2026-02-18T10:10:11.9395730Z     'Strict-Transport-Security': 'REDACTED'
2026-02-18T10:10:11.9395748Z     'X-Content-Type-Options': 'REDACTED'
2026-02-18T10:10:11.9395764Z     'Date': 'Wed, 18 Feb 2026 10:10:10 GMT'
2026-02-18T10:10:11.9400185Z 2026-02-18 10:10:11,939 - azure.monitor.opentelemetry.exporter.export._base - INFO - Transmission succeeded: Item received: 3. Items accepted: 3
2026-02-18T10:10:15.8651148Z 2026-02-18 10:10:15,864 - azure.core.pipeline.policies.http_logging_policy - INFO - Request URL: 'https://westus2-2.in.applicationinsights.azure.com//v2.1/track'
2026-02-18T10:10:15.8651643Z Request method: 'POST'
2026-02-18T10:10:15.8651667Z Request headers:
2026-02-18T10:10:15.8651688Z     'Content-Type': 'application/json'
2026-02-18T10:10:15.8651708Z     'Content-Length': '3720'
2026-02-18T10:10:15.8651789Z     'Accept': 'application/json'
2026-02-18T10:10:15.8651809Z     'x-ms-client-request-id': '05595162-0cb2-11f1-a748-0adf85178b07'
2026-02-18T10:10:15.8651826Z     'User-Agent': 'azsdk-python-azuremonitorclient/unknown Python/3.11.14 (Linux-6.6.119.3-1.azl3-x86_64-with-glibc2.31)'
2026-02-18T10:10:15.8651841Z A body is sent with the request
2026-02-18T10:10:15.9598012Z 2026-02-18 10:10:15,959 - azure.core.pipeline.policies.http_logging_policy - INFO - Response status: 200
2026-02-18T10:10:15.9598560Z Response headers:
2026-02-18T10:10:15.9598589Z     'Transfer-Encoding': 'chunked'
2026-02-18T10:10:15.9598609Z     'Content-Type': 'application/json; charset=utf-8'
2026-02-18T10:10:15.9598625Z     'Server': 'Microsoft-HTTPAPI/2.0'
2026-02-18T10:10:15.9598642Z     'Strict-Transport-Security': 'REDACTED'
2026-02-18T10:10:15.9598705Z     'X-Content-Type-Options': 'REDACTED'
2026-02-18T10:10:15.9598725Z     'Date': 'Wed, 18 Feb 2026 10:10:15 GMT'
2026-02-18T10:10:15.9603642Z 2026-02-18 10:10:15,959 - azure.monitor.opentelemetry.exporter.export._base - INFO - Transmission succeeded: Item received: 3. Items accepted: 3
2026-02-18T10:10:16.9415435Z 2026-02-18 10:10:16,941 - azure.core.pipeline.policies.http_logging_policy - INFO - Request URL: 'https://westus2-2.in.applicationinsights.azure.com//v2.1/track'
2026-02-18T10:10:16.9415752Z Request method: 'POST'
2026-02-18T10:10:16.9415774Z Request headers:
2026-02-18T10:10:16.9415801Z     'Content-Type': 'application/json'
2026-02-18T10:10:16.9415820Z     'Content-Length': '3720'
2026-02-18T10:10:16.9415839Z     'Accept': 'application/json'
2026-02-18T10:10:16.9415859Z     'x-ms-client-request-id': '05fd92ae-0cb2-11f1-b7fb-0adf85178b07'
2026-02-18T10:10:16.9415940Z     'User-Agent': 'azsdk-python-azuremonitorclient/unknown Python/3.11.14 (Linux-6.6.119.3-1.azl3-x86_64-with-glibc2.31)'
2026-02-18T10:10:16.9415961Z A body is sent with the request
2026-02-18T10:10:16.9784994Z 2026-02-18 10:10:16,978 - azure.core.pipeline.policies.http_logging_policy - INFO - Response status: 200
2026-02-18T10:10:16.9785297Z Response headers:
2026-02-18T10:10:16.9785327Z     'Transfer-Encoding': 'chunked'
2026-02-18T10:10:16.9785351Z     'Content-Type': 'application/json; charset=utf-8'
2026-02-18T10:10:16.9785374Z     'Server': 'Microsoft-HTTPAPI/2.0'
2026-02-18T10:10:16.9785398Z     'Strict-Transport-Security': 'REDACTED'
2026-02-18T10:10:16.9785417Z     'X-Content-Type-Options': 'REDACTED'
2026-02-18T10:10:16.9785437Z     'Date': 'Wed, 18 Feb 2026 10:10:16 GMT'
2026-02-18T10:10:16.9792184Z 2026-02-18 10:10:16,978 - azure.monitor.opentelemetry.exporter.export._base - INFO - Transmission succeeded: Item received: 3. Items accepted: 3
2026-02-18T10:10:20.9617545Z 2026-02-18 10:10:20,961 - azure.core.pipeline.policies.http_logging_policy - INFO - Request URL: 'https://westus2-2.in.applicationinsights.azure.com//v2.1/track'
2026-02-18T10:10:20.9618186Z Request method: 'POST'
2026-02-18T10:10:20.9618211Z Request headers:
2026-02-18T10:10:20.9618227Z     'Content-Type': 'application/json'
2026-02-18T10:10:20.9618253Z     'Content-Length': '3720'
2026-02-18T10:10:20.9618269Z     'Accept': 'application/json'
2026-02-18T10:10:20.9618286Z     'x-ms-client-request-id': '086300b0-0cb2-11f1-a748-0adf85178b07'
2026-02-18T10:10:20.9618305Z     'User-Agent': 'azsdk-python-azuremonitorclient/unknown Python/3.11.14 (Linux-6.6.119.3-1.azl3-x86_64-with-glibc2.31)'
2026-02-18T10:10:20.9618322Z A body is sent with the request
2026-02-18T10:10:21.0062502Z 2026-02-18 10:10:21,006 - azure.core.pipeline.policies.http_logging_policy - INFO - Response status: 200
2026-02-18T10:10:21.0063298Z Response headers:
2026-02-18T10:10:21.0063333Z     'Transfer-Encoding': 'chunked'
2026-02-18T10:10:21.0063357Z     'Content-Type': 'application/json; charset=utf-8'
2026-02-18T10:10:21.0063383Z     'Server': 'Microsoft-HTTPAPI/2.0'
2026-02-18T10:10:21.0063402Z     'Strict-Transport-Security': 'REDACTED'
2026-02-18T10:10:21.0063420Z     'X-Content-Type-Options': 'REDACTED'
2026-02-18T10:10:21.0063437Z     'Date': 'Wed, 18 Feb 2026 10:10:20 GMT'
2026-02-18T10:10:21.0066854Z 2026-02-18 10:10:21,006 - azure.monitor.opentelemetry.exporter.export._base - INFO - Transmission succeeded: Item received: 3. Items accepted: 3
2026-02-18T10:10:21.9812195Z 2026-02-18 10:10:21,981 - azure.core.pipeline.policies.http_logging_policy - INFO - Request URL: 'https://westus2-2.in.applicationinsights.azure.com//v2.1/track'
2026-02-18T10:10:21.9812588Z Request method: 'POST'
2026-02-18T10:10:21.9812612Z Request headers:
2026-02-18T10:10:21.9812630Z     'Content-Type': 'application/json'
2026-02-18T10:10:21.9812649Z     'Content-Length': '3720'
2026-02-18T10:10:21.9812666Z     'Accept': 'application/json'
2026-02-18T10:10:21.9812685Z     'x-ms-client-request-id': '08fe9052-0cb2-11f1-b7fb-0adf85178b07'
2026-02-18T10:10:21.9812706Z     'User-Agent': 'azsdk-python-azuremonitorclient/unknown Python/3.11.14 (Linux-6.6.119.3-1.azl3-x86_64-with-glibc2.31)'
2026-02-18T10:10:21.9812722Z A body is sent with the request
2026-02-18T10:10:22.0994552Z 2026-02-18 10:10:22,099 - azure.core.pipeline.policies.http_logging_policy - INFO - Response status: 200
2026-02-18T10:10:22.0994843Z Response headers:
2026-02-18T10:10:22.0994867Z     'Transfer-Encoding': 'chunked'
2026-02-18T10:10:22.0994950Z     'Content-Type': 'application/json; charset=utf-8'
2026-02-18T10:10:22.0994968Z     'Server': 'Microsoft-HTTPAPI/2.0'
2026-02-18T10:10:22.0994987Z     'Strict-Transport-Security': 'REDACTED'
2026-02-18T10:10:22.0995005Z     'X-Content-Type-Options': 'REDACTED'
2026-02-18T10:10:22.0995026Z     'Date': 'Wed, 18 Feb 2026 10:10:21 GMT'
2026-02-18T10:10:22.0999523Z 2026-02-18 10:10:22,099 - azure.monitor.opentelemetry.exporter.export._base - INFO - Transmission succeeded: Item received: 3. Items accepted: 3
2026-02-18T10:10:26.0117895Z 2026-02-18 10:10:26,011 - azure.core.pipeline.policies.http_logging_policy - INFO - Request URL: 'https://westus2-2.in.applicationinsights.azure.com//v2.1/track'
2026-02-18T10:10:26.0118315Z Request method: 'POST'
2026-02-18T10:10:26.0118339Z Request headers:
2026-02-18T10:10:26.0118420Z     'Content-Type': 'application/json'
2026-02-18T10:10:26.0118441Z     'Content-Length': '3720'
2026-02-18T10:10:26.0118459Z     'Accept': 'application/json'
2026-02-18T10:10:26.0118477Z     'x-ms-client-request-id': '0b656618-0cb2-11f1-a748-0adf85178b07'
2026-02-18T10:10:26.0118500Z     'User-Agent': 'azsdk-python-azuremonitorclient/unknown Python/3.11.14 (Linux-6.6.119.3-1.azl3-x86_64-with-glibc2.31)'
2026-02-18T10:10:26.0118521Z A body is sent with the request
2026-02-18T10:10:26.1678062Z 2026-02-18 10:10:26,167 - azure.core.pipeline.policies.http_logging_policy - INFO - Response status: 200
2026-02-18T10:10:26.1678814Z Response headers:
2026-02-18T10:10:26.1678848Z     'Transfer-Encoding': 'chunked'
2026-02-18T10:10:26.1678873Z     'Content-Type': 'application/json; charset=utf-8'
2026-02-18T10:10:26.1678896Z     'Server': 'Microsoft-HTTPAPI/2.0'
2026-02-18T10:10:26.1678982Z     'Strict-Transport-Security': 'REDACTED'
2026-02-18T10:10:26.1679008Z     'X-Content-Type-Options': 'REDACTED'
2026-02-18T10:10:26.1679027Z     'Date': 'Wed, 18 Feb 2026 10:10:25 GMT'
2026-02-18T10:10:26.1685046Z 2026-02-18 10:10:26,168 - azure.monitor.opentelemetry.exporter.export._base - INFO - Transmission succeeded: Item received: 3. Items accepted: 3
2026-02-18T10:10:27.1014978Z 2026-02-18 10:10:27,101 - azure.core.pipeline.policies.http_logging_policy - INFO - Request URL: 'https://westus2-2.in.applicationinsights.azure.com//v2.1/track'
2026-02-18T10:10:27.1015267Z Request method: 'POST'
2026-02-18T10:10:27.1015291Z Request headers:
2026-02-18T10:10:27.1015311Z     'Content-Type': 'application/json'
2026-02-18T10:10:27.1015327Z     'Content-Length': '3720'
2026-02-18T10:10:27.1015348Z     'Accept': 'application/json'
2026-02-18T10:10:27.1015424Z     'x-ms-client-request-id': '0c0bdbc4-0cb2-11f1-b7fb-0adf85178b07'
2026-02-18T10:10:27.1015444Z     'User-Agent': 'azsdk-python-azuremonitorclient/unknown Python/3.11.14 (Linux-6.6.119.3-1.azl3-x86_64-with-glibc2.31)'
2026-02-18T10:10:27.1015461Z A body is sent with the request
2026-02-18T10:10:27.2621188Z 2026-02-18 10:10:27,261 - azure.core.pipeline.policies.http_logging_policy - INFO - Response status: 200
2026-02-18T10:10:27.2621512Z Response headers:
2026-02-18T10:10:27.2621546Z     'Transfer-Encoding': 'chunked'
2026-02-18T10:10:27.2621565Z     'Content-Type': 'application/json; charset=utf-8'
2026-02-18T10:10:27.2621582Z     'Server': 'Microsoft-HTTPAPI/2.0'
2026-02-18T10:10:27.2621607Z     'Strict-Transport-Security': 'REDACTED'
2026-02-18T10:10:27.2621624Z     'X-Content-Type-Options': 'REDACTED'
2026-02-18T10:10:27.2621641Z     'Date': 'Wed, 18 Feb 2026 10:10:26 GMT'
2026-02-18T10:10:27.2624837Z 2026-02-18 10:10:27,262 - azure.monitor.opentelemetry.exporter.export._base - INFO - Transmission succeeded: Item received: 3. Items accepted: 3
2026-02-18T10:10:31.1699227Z 2026-02-18 10:10:31,169 - azure.core.pipeline.policies.http_logging_policy - INFO - Request URL: 'https://westus2-2.in.applicationinsights.azure.com//v2.1/track'
2026-02-18T10:10:31.1699819Z Request method: 'POST'
2026-02-18T10:10:31.1699847Z Request headers:
2026-02-18T10:10:31.1699869Z     'Content-Type': 'application/json'
2026-02-18T10:10:31.1699889Z     'Content-Length': '3720'
2026-02-18T10:10:31.1699910Z     'Accept': 'application/json'
2026-02-18T10:10:31.1699934Z     'x-ms-client-request-id': '0e78a482-0cb2-11f1-a748-0adf85178b07'
2026-02-18T10:10:31.1699958Z     'User-Agent': 'azsdk-python-azuremonitorclient/unknown Python/3.11.14 (Linux-6.6.119.3-1.azl3-x86_64-with-glibc2.31)'
2026-02-18T10:10:31.1700037Z A body is sent with the request
2026-02-18T10:10:31.3088256Z 2026-02-18 10:10:31,308 - azure.core.pipeline.policies.http_logging_policy - INFO - Response status: 200
2026-02-18T10:10:31.3088727Z Response headers:
2026-02-18T10:10:31.3088758Z     'Transfer-Encoding': 'chunked'
2026-02-18T10:10:31.3088781Z     'Content-Type': 'application/json; charset=utf-8'
2026-02-18T10:10:31.3088807Z     'Server': 'Microsoft-HTTPAPI/2.0'
2026-02-18T10:10:31.3088827Z     'Strict-Transport-Security': 'REDACTED'
2026-02-18T10:10:31.3088846Z     'X-Content-Type-Options': 'REDACTED'
2026-02-18T10:10:31.3088866Z     'Date': 'Wed, 18 Feb 2026 10:10:30 GMT'
2026-02-18T10:10:31.3088893Z 2026-02-18 10:10:31,308 - azure.monitor.opentelemetry.exporter.export._base - INFO - Transmission succeeded: Item received: 3. Items accepted: 3
2026-02-18T10:10:32.2648851Z 2026-02-18 10:10:32,264 - azure.core.pipeline.policies.http_logging_policy - INFO - Request URL: 'https://westus2-2.in.applicationinsights.azure.com//v2.1/track'
2026-02-18T10:10:32.2649190Z Request method: 'POST'
2026-02-18T10:10:32.2649218Z Request headers:
2026-02-18T10:10:32.2649241Z     'Content-Type': 'application/json'
2026-02-18T10:10:32.2649264Z     'Content-Length': '3720'
2026-02-18T10:10:32.2649283Z     'Accept': 'application/json'
2026-02-18T10:10:32.2649306Z     'x-ms-client-request-id': '0f1fb66e-0cb2-11f1-b7fb-0adf85178b07'
2026-02-18T10:10:32.2649332Z     'User-Agent': 'azsdk-python-azuremonitorclient/unknown Python/3.11.14 (Linux-6.6.119.3-1.azl3-x86_64-with-glibc2.31)'
2026-02-18T10:10:32.2649355Z A body is sent with the request
2026-02-18T10:10:32.3251117Z 2026-02-18 10:10:32,324 - azure.core.pipeline.policies.http_logging_policy - INFO - Response status: 200
2026-02-18T10:10:32.3251452Z Response headers:
2026-02-18T10:10:32.3251535Z     'Transfer-Encoding': 'chunked'
2026-02-18T10:10:32.3251556Z     'Content-Type': 'application/json; charset=utf-8'
2026-02-18T10:10:32.3251573Z     'Server': 'Microsoft-HTTPAPI/2.0'
2026-02-18T10:10:32.3251591Z     'Strict-Transport-Security': 'REDACTED'
2026-02-18T10:10:32.3251609Z     'X-Content-Type-Options': 'REDACTED'
2026-02-18T10:10:32.3251626Z     'Date': 'Wed, 18 Feb 2026 10:10:31 GMT'
2026-02-18T10:10:32.3257010Z 2026-02-18 10:10:32,325 - azure.monitor.opentelemetry.exporter.export._base - INFO - Transmission succeeded: Item received: 3. Items accepted: 3
2026-02-18T10:10:36.3101946Z 2026-02-18 10:10:36,310 - azure.core.pipeline.policies.http_logging_policy - INFO - Request URL: 'https://westus2-2.in.applicationinsights.azure.com//v2.1/track'
2026-02-18T10:10:36.3102264Z Request method: 'POST'
2026-02-18T10:10:36.3102287Z Request headers:
2026-02-18T10:10:36.3102371Z     'Content-Type': 'application/json'
2026-02-18T10:10:36.3102391Z     'Content-Length': '3720'
2026-02-18T10:10:36.3102414Z     'Accept': 'application/json'
2026-02-18T10:10:36.3102434Z     'x-ms-client-request-id': '1188fece-0cb2-11f1-a748-0adf85178b07'
2026-02-18T10:10:36.3102456Z     'User-Agent': 'azsdk-python-azuremonitorclient/unknown Python/3.11.14 (Linux-6.6.119.3-1.azl3-x86_64-with-glibc2.31)'
2026-02-18T10:10:36.3102474Z A body is sent with the request
2026-02-18T10:10:36.4478866Z 2026-02-18 10:10:36,447 - azure.core.pipeline.policies.http_logging_policy - INFO - Response status: 200
2026-02-18T10:10:36.4479191Z Response headers:
2026-02-18T10:10:36.4479229Z     'Transfer-Encoding': 'chunked'
2026-02-18T10:10:36.4479253Z     'Content-Type': 'application/json; charset=utf-8'
2026-02-18T10:10:36.4479338Z     'Server': 'Microsoft-HTTPAPI/2.0'
2026-02-18T10:10:36.4479366Z     'Strict-Transport-Security': 'REDACTED'
2026-02-18T10:10:36.4479387Z     'X-Content-Type-Options': 'REDACTED'
2026-02-18T10:10:36.4479412Z     'Date': 'Wed, 18 Feb 2026 10:10:35 GMT'
2026-02-18T10:10:36.4483792Z 2026-02-18 10:10:36,448 - azure.monitor.opentelemetry.exporter.export._base - INFO - Transmission succeeded: Item received: 3. Items accepted: 3
2026-02-18T10:10:37.3281470Z 2026-02-18 10:10:37,327 - azure.core.pipeline.policies.http_logging_policy - INFO - Request URL: 'https://westus2-2.in.applicationinsights.azure.com//v2.1/track'
2026-02-18T10:10:37.3281741Z Request method: 'POST'
2026-02-18T10:10:37.3281764Z Request headers:
2026-02-18T10:10:37.3281787Z     'Content-Type': 'application/json'
2026-02-18T10:10:37.3281804Z     'Content-Length': '3719'
2026-02-18T10:10:37.3281872Z     'Accept': 'application/json'
2026-02-18T10:10:37.3281893Z     'x-ms-client-request-id': '12244ba4-0cb2-11f1-b7fb-0adf85178b07'
2026-02-18T10:10:37.3281915Z     'User-Agent': 'azsdk-python-azuremonitorclient/unknown Python/3.11.14 (Linux-6.6.119.3-1.azl3-x86_64-with-glibc2.31)'
2026-02-18T10:10:37.3281935Z A body is sent with the request
2026-02-18T10:10:41.4506149Z 2026-02-18 10:10:41,450 - azure.core.pipeline.policies.http_logging_policy - INFO - Request URL: 'https://westus2-2.in.applicationinsights.azure.com//v2.1/track'
2026-02-18T10:10:41.4506494Z Request method: 'POST'
2026-02-18T10:10:41.4506526Z Request headers:
2026-02-18T10:10:41.4506548Z     'Content-Type': 'application/json'
2026-02-18T10:10:41.4506573Z     'Content-Length': '3719'
2026-02-18T10:10:41.4506593Z     'Accept': 'application/json'
2026-02-18T10:10:41.4506613Z     'x-ms-client-request-id': '14995a14-0cb2-11f1-a748-0adf85178b07'
2026-02-18T10:10:41.4506708Z     'User-Agent': 'azsdk-python-azuremonitorclient/unknown Python/3.11.14 (Linux-6.6.119.3-1.azl3-x86_64-with-glibc2.31)'
2026-02-18T10:10:41.4506729Z A body is sent with the request
2026-02-18T10:10:41.5073406Z 2026-02-18 10:10:41,507 - azure.core.pipeline.policies.http_logging_policy - INFO - Response status: 200
2026-02-18T10:10:41.5074065Z Response headers:
2026-02-18T10:10:41.5074093Z     'Transfer-Encoding': 'chunked'
2026-02-18T10:10:41.5074118Z     'Content-Type': 'application/json; charset=utf-8'
2026-02-18T10:10:41.5074134Z     'Server': 'Microsoft-HTTPAPI/2.0'
2026-02-18T10:10:41.5074154Z     'Strict-Transport-Security': 'REDACTED'
2026-02-18T10:10:41.5074171Z     'X-Content-Type-Options': 'REDACTED'
2026-02-18T10:10:41.5074187Z     'Date': 'Wed, 18 Feb 2026 10:10:40 GMT'
2026-02-18T10:10:41.5078062Z 2026-02-18 10:10:41,507 - azure.monitor.opentelemetry.exporter.export._base - INFO - Transmission succeeded: Item received: 3. Items accepted: 3
2026-02-18T10:10:42.1221872Z 2026-02-18 10:10:42,121 - azure.core.pipeline.policies.http_logging_policy - INFO - Response status: 200
2026-02-18T10:10:42.1222392Z Response headers:
2026-02-18T10:10:42.1222420Z     'Transfer-Encoding': 'chunked'
2026-02-18T10:10:42.1222440Z     'Content-Type': 'application/json; charset=utf-8'
2026-02-18T10:10:42.1222462Z     'Server': 'Microsoft-HTTPAPI/2.0'
2026-02-18T10:10:42.1222479Z     'Strict-Transport-Security': 'REDACTED'
2026-02-18T10:10:42.1222493Z     'X-Content-Type-Options': 'REDACTED'
2026-02-18T10:10:42.1222509Z     'Date': 'Wed, 18 Feb 2026 10:10:41 GMT'
2026-02-18T10:10:42.1226709Z 2026-02-18 10:10:42,122 - azure.monitor.opentelemetry.exporter.export._base - INFO - Transmission succeeded: Item received: 3. Items accepted: 3
2026-02-18T10:10:46.5103031Z 2026-02-18 10:10:46,509 - azure.core.pipeline.policies.http_logging_policy - INFO - Request URL: 'https://westus2-2.in.applicationinsights.azure.com//v2.1/track'
2026-02-18T10:10:46.5103344Z Request method: 'POST'
2026-02-18T10:10:46.5103371Z Request headers:
2026-02-18T10:10:46.5103390Z     'Content-Type': 'application/json'
2026-02-18T10:10:46.5103406Z     'Content-Length': '3719'
2026-02-18T10:10:46.5103420Z     'Accept': 'application/json'
2026-02-18T10:10:46.5103436Z     'x-ms-client-request-id': '179d4518-0cb2-11f1-a748-0adf85178b07'
2026-02-18T10:10:46.5103459Z     'User-Agent': 'azsdk-python-azuremonitorclient/unknown Python/3.11.14 (Linux-6.6.119.3-1.azl3-x86_64-with-glibc2.31)'
2026-02-18T10:10:46.5103476Z A body is sent with the request
2026-02-18T10:10:46.6135177Z 2026-02-18 10:10:46,613 - azure.core.pipeline.policies.http_logging_policy - INFO - Response status: 200
2026-02-18T10:10:46.6135890Z Response headers:
2026-02-18T10:10:46.6135921Z     'Transfer-Encoding': 'chunked'
2026-02-18T10:10:46.6135941Z     'Content-Type': 'application/json; charset=utf-8'
2026-02-18T10:10:46.6135959Z     'Server': 'Microsoft-HTTPAPI/2.0'
2026-02-18T10:10:46.6135979Z     'Strict-Transport-Security': 'REDACTED'
2026-02-18T10:10:46.6136001Z     'X-Content-Type-Options': 'REDACTED'
2026-02-18T10:10:46.6136018Z     'Date': 'Wed, 18 Feb 2026 10:10:46 GMT'
2026-02-18T10:10:46.6140587Z 2026-02-18 10:10:46,613 - azure.monitor.opentelemetry.exporter.export._base - INFO - Transmission succeeded: Item received: 3. Items accepted: 3
2026-02-18T10:10:47.1244359Z 2026-02-18 10:10:47,124 - azure.core.pipeline.policies.http_logging_policy - INFO - Request URL: 'https://westus2-2.in.applicationinsights.azure.com//v2.1/track'
2026-02-18T10:10:47.1244742Z Request method: 'POST'
2026-02-18T10:10:47.1244769Z Request headers:
2026-02-18T10:10:47.1244786Z     'Content-Type': 'application/json'
2026-02-18T10:10:47.1244803Z     'Content-Length': '3720'
2026-02-18T10:10:47.1244819Z     'Accept': 'application/json'
2026-02-18T10:10:47.1244837Z     'x-ms-client-request-id': '17fb1a44-0cb2-11f1-b7fb-0adf85178b07'
2026-02-18T10:10:47.1244860Z     'User-Agent': 'azsdk-python-azuremonitorclient/unknown Python/3.11.14 (Linux-6.6.119.3-1.azl3-x86_64-with-glibc2.31)'
2026-02-18T10:10:47.1244877Z A body is sent with the request
2026-02-18T10:10:47.2058392Z 2026-02-18 10:10:47,205 - azure.core.pipeline.policies.http_logging_policy - INFO - Response status: 200
2026-02-18T10:10:47.2058731Z Response headers:
2026-02-18T10:10:47.2058757Z     'Transfer-Encoding': 'chunked'
2026-02-18T10:10:47.2058837Z     'Content-Type': 'application/json; charset=utf-8'
2026-02-18T10:10:47.2058857Z     'Server': 'Microsoft-HTTPAPI/2.0'
2026-02-18T10:10:47.2058873Z     'Strict-Transport-Security': 'REDACTED'
2026-02-18T10:10:47.2058888Z     'X-Content-Type-Options': 'REDACTED'
2026-02-18T10:10:47.2058904Z     'Date': 'Wed, 18 Feb 2026 10:10:46 GMT'
2026-02-18T10:10:47.2063480Z 2026-02-18 10:10:47,206 - azure.monitor.opentelemetry.exporter.export._base - INFO - Transmission succeeded: Item received: 3. Items accepted: 3
2026-02-18T10:10:51.6156901Z 2026-02-18 10:10:51,615 - azure.core.pipeline.policies.http_logging_policy - INFO - Request URL: 'https://westus2-2.in.applicationinsights.azure.com//v2.1/track'
2026-02-18T10:10:51.6157128Z Request method: 'POST'
2026-02-18T10:10:51.6157151Z Request headers:
2026-02-18T10:10:51.6157169Z     'Content-Type': 'application/json'
2026-02-18T10:10:51.6157243Z     'Content-Length': '3720'
2026-02-18T10:10:51.6157264Z     'Accept': 'application/json'
2026-02-18T10:10:51.6157286Z     'x-ms-client-request-id': '1aa86d0a-0cb2-11f1-a748-0adf85178b07'
2026-02-18T10:10:51.6157309Z     'User-Agent': 'azsdk-python-azuremonitorclient/unknown Python/3.11.14 (Linux-6.6.119.3-1.azl3-x86_64-with-glibc2.31)'
2026-02-18T10:10:51.6157327Z A body is sent with the request
2026-02-18T10:10:51.7138587Z 2026-02-18 10:10:51,713 - azure.core.pipeline.policies.http_logging_policy - INFO - Response status: 200
2026-02-18T10:10:51.7138878Z Response headers:
2026-02-18T10:10:51.7138904Z     'Transfer-Encoding': 'chunked'
2026-02-18T10:10:51.7138926Z     'Content-Type': 'application/json; charset=utf-8'
2026-02-18T10:10:51.7138942Z     'Server': 'Microsoft-HTTPAPI/2.0'
2026-02-18T10:10:51.7139019Z     'Strict-Transport-Security': 'REDACTED'
2026-02-18T10:10:51.7139036Z     'X-Content-Type-Options': 'REDACTED'
2026-02-18T10:10:51.7139052Z     'Date': 'Wed, 18 Feb 2026 10:10:51 GMT'
2026-02-18T10:10:51.7148026Z 2026-02-18 10:10:51,714 - azure.monitor.opentelemetry.exporter.export._base - INFO - Transmission succeeded: Item received: 3. Items accepted: 3
2026-02-18T10:10:52.2083026Z 2026-02-18 10:10:52,208 - azure.core.pipeline.policies.http_logging_policy - INFO - Request URL: 'https://westus2-2.in.applicationinsights.azure.com//v2.1/track'
2026-02-18T10:10:52.2083570Z Request method: 'POST'
2026-02-18T10:10:52.2083604Z Request headers:
2026-02-18T10:10:52.2083634Z     'Content-Type': 'application/json'
2026-02-18T10:10:52.2083665Z     'Content-Length': '3720'
2026-02-18T10:10:52.2083689Z     'Accept': 'application/json'
2026-02-18T10:10:52.2083775Z     'x-ms-client-request-id': '1b02d920-0cb2-11f1-b7fb-0adf85178b07'
2026-02-18T10:10:52.2083802Z     'User-Agent': 'azsdk-python-azuremonitorclient/unknown Python/3.11.14 (Linux-6.6.119.3-1.azl3-x86_64-with-glibc2.31)'
2026-02-18T10:10:52.2083820Z A body is sent with the request
2026-02-18T10:10:52.2774259Z 2026-02-18 10:10:52,277 - azure.core.pipeline.policies.http_logging_policy - INFO - Response status: 200
2026-02-18T10:10:52.2774583Z Response headers:
2026-02-18T10:10:52.2774612Z     'Transfer-Encoding': 'chunked'
2026-02-18T10:10:52.2774633Z     'Content-Type': 'application/json; charset=utf-8'
2026-02-18T10:10:52.2774652Z     'Server': 'Microsoft-HTTPAPI/2.0'
2026-02-18T10:10:52.2774674Z     'Strict-Transport-Security': 'REDACTED'
2026-02-18T10:10:52.2774698Z     'X-Content-Type-Options': 'REDACTED'
2026-02-18T10:10:52.2774721Z     'Date': 'Wed, 18 Feb 2026 10:10:51 GMT'
2026-02-18T10:10:52.2774792Z     'Connection': 'close'
2026-02-18T10:10:52.2791648Z 2026-02-18 10:10:52,278 - azure.monitor.opentelemetry.exporter.export._base - INFO - Transmission succeeded: Item received: 3. Items accepted: 3
2026-02-18T10:10:54.9110687Z 2026-02-18 10:10:54,908 - azure.core.pipeline.policies.http_logging_policy - INFO - Request URL: 'https://westus-0.in.applicationinsights.azure.com//v2.1/track'
2026-02-18T10:10:54.9111255Z Request method: 'POST'
2026-02-18T10:10:54.9111285Z Request headers:
2026-02-18T10:10:54.9111306Z     'Content-Type': 'application/json'
2026-02-18T10:10:54.9111330Z     'Content-Length': '1430'
2026-02-18T10:10:54.9111357Z     'Accept': 'application/json'
2026-02-18T10:10:54.9111379Z     'x-ms-client-request-id': '1c9eeb52-0cb2-11f1-8577-0adf85178b07'
2026-02-18T10:10:54.9111455Z     'User-Agent': 'azsdk-python-azuremonitorclient/unknown Python/3.11.14 (Linux-6.6.119.3-1.azl3-x86_64-with-glibc2.31)'
2026-02-18T10:10:54.9111475Z A body is sent with the request
2026-02-18T10:10:54.9111501Z 2026-02-18 10:10:54,908 - azure.core.pipeline.policies.http_logging_policy - INFO - Request URL: 'https://westus-0.in.applicationinsights.azure.com//v2.1/track'
2026-02-18T10:10:54.9111519Z Request method: 'POST'
2026-02-18T10:10:54.9111537Z Request headers:
2026-02-18T10:10:54.9111553Z     'Content-Type': 'application/json'
2026-02-18T10:10:54.9111570Z     'Content-Length': '1431'
2026-02-18T10:10:54.9111588Z     'Accept': 'application/json'
2026-02-18T10:10:54.9111607Z     'x-ms-client-request-id': '1c9eec24-0cb2-11f1-b6ff-0adf85178b07'
2026-02-18T10:10:54.9111628Z     'User-Agent': 'azsdk-python-azuremonitorclient/unknown Python/3.11.14 (Linux-6.6.119.3-1.azl3-x86_64-with-glibc2.31)'
2026-02-18T10:10:54.9111646Z A body is sent with the request
2026-02-18T10:10:55.1034312Z 2026-02-18 10:10:55,103 - azure.core.pipeline.policies.http_logging_policy - INFO - Response status: 200
2026-02-18T10:10:55.1035022Z Response headers:
2026-02-18T10:10:55.1035060Z     'Transfer-Encoding': 'chunked'
2026-02-18T10:10:55.1035082Z     'Content-Type': 'application/json; charset=utf-8'
2026-02-18T10:10:55.1035108Z     'Server': 'Microsoft-HTTPAPI/2.0'
2026-02-18T10:10:55.1035128Z     'Strict-Transport-Security': 'REDACTED'
2026-02-18T10:10:55.1035148Z     'X-Content-Type-Options': 'REDACTED'
2026-02-18T10:10:55.1035168Z     'Date': 'Wed, 18 Feb 2026 10:10:54 GMT'
2026-02-18T10:10:55.1147340Z 2026-02-18 10:10:55,114 - azure.core.pipeline.policies.http_logging_policy - INFO - Request URL: 'https://westus2-2.in.applicationinsights.azure.com//v2.1/track'
2026-02-18T10:10:55.1147620Z Request method: 'POST'
2026-02-18T10:10:55.1147649Z Request headers:
2026-02-18T10:10:55.1147705Z     'Content-Type': 'application/json'
2026-02-18T10:10:55.1147728Z     'Content-Length': '815'
2026-02-18T10:10:55.1147748Z     'Accept': 'application/json'
2026-02-18T10:10:55.1147772Z     'x-ms-client-request-id': '1cbe56b8-0cb2-11f1-9015-0adf85178b07'
2026-02-18T10:10:55.1147798Z     'User-Agent': 'azsdk-python-azuremonitorclient/unknown Python/3.11.14 (Linux-6.6.119.3-1.azl3-x86_64-with-glibc2.31)'
2026-02-18T10:10:55.1147821Z A body is sent with the request
2026-02-18T10:10:55.1508782Z 2026-02-18 10:10:55,150 - azure.core.pipeline.policies.http_logging_policy - INFO - Response status: 200
2026-02-18T10:10:55.1509023Z Response headers:
2026-02-18T10:10:55.1509052Z     'Transfer-Encoding': 'chunked'
2026-02-18T10:10:55.1509076Z     'Content-Type': 'application/json; charset=utf-8'
2026-02-18T10:10:55.1509765Z     'Server': 'Microsoft-HTTPAPI/2.0'
2026-02-18T10:10:55.1509794Z     'Strict-Transport-Security': 'REDACTED'
2026-02-18T10:10:55.1509813Z     'X-Content-Type-Options': 'REDACTED'
2026-02-18T10:10:55.1509829Z     'Date': 'Wed, 18 Feb 2026 10:10:54 GMT'
2026-02-18T10:10:55.1509845Z     'Connection': 'close'
2026-02-18T10:10:55.1639042Z 2026-02-18 10:10:55,163 - azure.core.pipeline.policies.http_logging_policy - INFO - Request URL: 'https://westus2-2.in.applicationinsights.azure.com//v2.1/track'
2026-02-18T10:10:55.1639273Z Request method: 'POST'
2026-02-18T10:10:55.1639302Z Request headers:
2026-02-18T10:10:55.1639328Z     'Content-Type': 'application/json'
2026-02-18T10:10:55.1639349Z     'Content-Length': '815'
2026-02-18T10:10:55.1639370Z     'Accept': 'application/json'
2026-02-18T10:10:55.1639770Z     'x-ms-client-request-id': '1cc5d820-0cb2-11f1-8a68-0adf85178b07'
2026-02-18T10:10:55.1639800Z     'User-Agent': 'azsdk-python-azuremonitorclient/unknown Python/3.11.14 (Linux-6.6.119.3-1.azl3-x86_64-with-glibc2.31)'
2026-02-18T10:10:55.1639820Z A body is sent with the request
2026-02-18T10:10:55.2425856Z 2026-02-18 10:10:55,242 - azure.core.pipeline.policies.http_logging_policy - INFO - Response status: 200
2026-02-18T10:10:55.2426186Z Response headers:
2026-02-18T10:10:55.2426211Z     'Transfer-Encoding': 'chunked'
2026-02-18T10:10:55.2426230Z     'Content-Type': 'application/json; charset=utf-8'
2026-02-18T10:10:55.2426250Z     'Server': 'Microsoft-HTTPAPI/2.0'
2026-02-18T10:10:55.2426267Z     'Strict-Transport-Security': 'REDACTED'
2026-02-18T10:10:55.2426283Z     'X-Content-Type-Options': 'REDACTED'
2026-02-18T10:10:55.2426353Z     'Date': 'Wed, 18 Feb 2026 10:10:54 GMT'
2026-02-18T10:10:55.2433624Z 2026-02-18 10:10:55,242 - azure.monitor.opentelemetry.exporter.export._base - INFO - Transmission succeeded: Item received: 1. Items accepted: 1
2026-02-18T10:10:55.2788964Z 2026-02-18 10:10:55,278 - azure.core.pipeline.policies.http_logging_policy - INFO - Response status: 200
2026-02-18T10:10:55.2789843Z Response headers:
2026-02-18T10:10:55.2789877Z     'Transfer-Encoding': 'chunked'
2026-02-18T10:10:55.2789895Z     'Content-Type': 'application/json; charset=utf-8'
2026-02-18T10:10:55.2789912Z     'Server': 'Microsoft-HTTPAPI/2.0'
2026-02-18T10:10:55.2789933Z     'Strict-Transport-Security': 'REDACTED'
2026-02-18T10:10:55.2789948Z     'X-Content-Type-Options': 'REDACTED'
2026-02-18T10:10:55.2789963Z     'Date': 'Wed, 18 Feb 2026 10:10:54 GMT'
2026-02-18T10:10:55.2790032Z 2026-02-18 10:10:55,278 - azure.monitor.opentelemetry.exporter.export._base - INFO - Transmission succeeded: Item received: 1. Items accepted: 1
2026-02-18T10:10:55.5580510Z 2026-02-18 10:10:55,553 - app.dependencies - INFO - Market data provider: Mock
2026-02-18T10:10:55.5581104Z 2026-02-18 10:10:55,554 - azure.identity._credentials.environment - INFO - Incomplete environment configuration for EnvironmentCredential. These variables are set: AZURE_CLIENT_ID
2026-02-18T10:10:55.5581135Z 2026-02-18 10:10:55,554 - azure.identity._credentials.managed_identity - INFO - ManagedIdentityCredential will use App Service managed identity
2026-02-18T10:10:55.5581154Z 2026-02-18 10:10:55,554 - app.dependencies - INFO - Market data provider: Mock
2026-02-18T10:10:55.5581179Z 2026-02-18 10:10:55,556 - azure.identity._credentials.environment - INFO - Incomplete environment configuration for EnvironmentCredential. These variables are set: AZURE_CLIENT_ID
2026-02-18T10:10:55.5581204Z 2026-02-18 10:10:55,556 - azure.identity._credentials.managed_identity - INFO - ManagedIdentityCredential will use App Service managed identity
2026-02-18T10:10:55.5902182Z 2026-02-18 10:10:55,588 - azure.core.pipeline.policies.http_logging_policy - INFO - Request URL: 'http://169.254.129.2:8081/msi/token?api-version=REDACTED&resource=REDACTED&client_id=REDACTED'
2026-02-18T10:10:55.5902547Z Request method: 'GET'
2026-02-18T10:10:55.5902569Z Request headers:
2026-02-18T10:10:55.5902590Z     'X-IDENTITY-HEADER': 'REDACTED'
2026-02-18T10:10:55.5902613Z     'User-Agent': 'azsdk-python-identity/1.17.1 Python/3.11.14 (Linux-6.6.119.3-1.azl3-x86_64-with-glibc2.31)'
2026-02-18T10:10:55.5902633Z     'traceparent': '00-913dacef3d8d7d5e8959536bdbbc9d65-58a673e537df2819-01'
2026-02-18T10:10:55.5902655Z No body was attached to the request
2026-02-18T10:10:55.5902678Z 2026-02-18 10:10:55,588 - azure.core.pipeline.policies.http_logging_policy - INFO - Request URL: 'http://169.254.129.2:8081/msi/token?api-version=REDACTED&resource=REDACTED&client_id=REDACTED'
2026-02-18T10:10:55.5902696Z Request method: 'GET'
2026-02-18T10:10:55.5902711Z Request headers:
2026-02-18T10:10:55.5902726Z     'X-IDENTITY-HEADER': 'REDACTED'
2026-02-18T10:10:55.5902760Z     'User-Agent': 'azsdk-python-identity/1.17.1 Python/3.11.14 (Linux-6.6.119.3-1.azl3-x86_64-with-glibc2.31)'
2026-02-18T10:10:55.5902782Z     'traceparent': '00-3a61bc9a61cd0de9fa337be66e1756f2-daa65e8278d32141-01'
2026-02-18T10:10:55.5902798Z No body was attached to the request
2026-02-18T10:10:56.7233572Z 2026-02-18 10:10:56,721 - azure.core.pipeline.policies.http_logging_policy - INFO - Request URL: 'https://westus2-2.in.applicationinsights.azure.com//v2.1/track'
2026-02-18T10:10:56.7233873Z Request method: 'POST'
2026-02-18T10:10:56.7233900Z Request headers:
2026-02-18T10:10:56.7233922Z     'Content-Type': 'application/json'
2026-02-18T10:10:56.7233940Z     'Content-Length': '14540'
2026-02-18T10:10:56.7233957Z     'Accept': 'application/json'
2026-02-18T10:10:56.7233977Z     'x-ms-client-request-id': '1db37710-0cb2-11f1-a748-0adf85178b07'
2026-02-18T10:10:56.7234003Z     'User-Agent': 'azsdk-python-azuremonitorclient/unknown Python/3.11.14 (Linux-6.6.119.3-1.azl3-x86_64-with-glibc2.31)'
2026-02-18T10:10:56.7234075Z A body is sent with the request
2026-02-18T10:10:56.7952247Z 2026-02-18 10:10:56,794 - azure.core.pipeline.policies.http_logging_policy - INFO - Response status: 200
2026-02-18T10:10:56.7953846Z Response headers:
2026-02-18T10:10:56.7953884Z     'Transfer-Encoding': 'chunked'
2026-02-18T10:10:56.7953904Z     'Content-Type': 'application/json; charset=utf-8'
2026-02-18T10:10:56.7953923Z     'Server': 'Microsoft-HTTPAPI/2.0'
2026-02-18T10:10:56.7953941Z     'Strict-Transport-Security': 'REDACTED'
2026-02-18T10:10:56.7953957Z     'X-Content-Type-Options': 'REDACTED'
2026-02-18T10:10:56.7953975Z     'Date': 'Wed, 18 Feb 2026 10:10:56 GMT'
2026-02-18T10:10:56.7954006Z 2026-02-18 10:10:56,794 - azure.monitor.opentelemetry.exporter.export._base - INFO - Transmission succeeded: Item received: 12. Items accepted: 12
2026-02-18T10:10:57.2885518Z 2026-02-18 10:10:57,288 - azure.core.pipeline.policies.http_logging_policy - INFO - Request URL: 'https://westus2-2.in.applicationinsights.azure.com//v2.1/track'
2026-02-18T10:10:57.2886147Z Request method: 'POST'
2026-02-18T10:10:57.2886174Z Request headers:
2026-02-18T10:10:57.2886198Z     'Content-Type': 'application/json'
2026-02-18T10:10:57.2886217Z     'Content-Length': '14589'
2026-02-18T10:10:57.2886234Z     'Accept': 'application/json'
2026-02-18T10:10:57.2886253Z     'x-ms-client-request-id': '1e0a0bfc-0cb2-11f1-b7fb-0adf85178b07'
2026-02-18T10:10:57.2886273Z     'User-Agent': 'azsdk-python-azuremonitorclient/unknown Python/3.11.14 (Linux-6.6.119.3-1.azl3-x86_64-with-glibc2.31)'
2026-02-18T10:10:57.2886293Z A body is sent with the request
2026-02-18T10:10:57.4155847Z 2026-02-18 10:10:57,415 - azure.core.pipeline.policies.http_logging_policy - INFO - Response status: 200
2026-02-18T10:10:57.4156504Z Response headers:
2026-02-18T10:10:57.4156533Z     'Transfer-Encoding': 'chunked'
2026-02-18T10:10:57.4156551Z     'Content-Type': 'application/json; charset=utf-8'
2026-02-18T10:10:57.4156567Z     'Server': 'Microsoft-HTTPAPI/2.0'
2026-02-18T10:10:57.4156583Z     'Strict-Transport-Security': 'REDACTED'
2026-02-18T10:10:57.4156599Z     'X-Content-Type-Options': 'REDACTED'
2026-02-18T10:10:57.4156616Z     'Date': 'Wed, 18 Feb 2026 10:10:57 GMT'
2026-02-18T10:10:57.4162721Z 2026-02-18 10:10:57,415 - azure.monitor.opentelemetry.exporter.export._base - INFO - Transmission succeeded: Item received: 12. Items accepted: 12
2026-02-18T10:10:58.1640103Z 2026-02-18 10:10:58,163 - azure.core.pipeline.policies.http_logging_policy - INFO - Response status: 200
2026-02-18T10:10:58.1640654Z Response headers:
2026-02-18T10:10:58.1640734Z     'Content-Type': 'application/json; charset=utf-8'
2026-02-18T10:10:58.1640754Z     'Date': 'Wed, 18 Feb 2026 10:10:57 GMT'
2026-02-18T10:10:58.1640772Z     'Server': 'Kestrel'
2026-02-18T10:10:58.1640788Z     'Transfer-Encoding': 'chunked'
2026-02-18T10:10:58.1640803Z     'X-CORRELATION-ID': 'REDACTED'
2026-02-18T10:10:58.1640824Z 2026-02-18 10:10:58,163 - azure.core.pipeline.policies.http_logging_policy - INFO - Response status: 200
2026-02-18T10:10:58.1640837Z Response headers:
2026-02-18T10:10:58.1640851Z     'Content-Type': 'application/json; charset=utf-8'
2026-02-18T10:10:58.1640866Z     'Date': 'Wed, 18 Feb 2026 10:10:57 GMT'
2026-02-18T10:10:58.1640881Z     'Server': 'Kestrel'
2026-02-18T10:10:58.1640897Z     'Transfer-Encoding': 'chunked'
2026-02-18T10:10:58.1640925Z     'X-CORRELATION-ID': 'REDACTED'
2026-02-18T10:10:58.1640946Z 2026-02-18 10:10:58,163 - azure.identity._credentials.chained - INFO - DefaultAzureCredential acquired a token from ManagedIdentityCredential
2026-02-18T10:10:58.1640966Z 2026-02-18 10:10:58,163 - azure.identity._credentials.chained - INFO - DefaultAzureCredential acquired a token from ManagedIdentityCredential
2026-02-18T10:10:58.4249108Z 2026-02-18 10:10:58,422 - azure.identity._credentials.environment - INFO - Incomplete environment configuration for EnvironmentCredential. These variables are set: AZURE_CLIENT_ID
2026-02-18T10:10:58.4249426Z 2026-02-18 10:10:58,422 - azure.identity._credentials.environment - INFO - Incomplete environment configuration for EnvironmentCredential. These variables are set: AZURE_CLIENT_ID
2026-02-18T10:10:58.4249454Z 2026-02-18 10:10:58,422 - azure.identity._credentials.managed_identity - INFO - ManagedIdentityCredential will use App Service managed identity
2026-02-18T10:10:58.4249485Z 2026-02-18 10:10:58,422 - azure.identity._credentials.managed_identity - INFO - ManagedIdentityCredential will use App Service managed identity
2026-02-18T10:10:58.4249512Z 2026-02-18 10:10:58,423 - azure.core.pipeline.policies.http_logging_policy - INFO - Request URL: 'http://169.254.129.2:8081/msi/token?api-version=REDACTED&resource=REDACTED&client_id=REDACTED'
2026-02-18T10:10:58.4249530Z Request method: 'GET'
2026-02-18T10:10:58.4249595Z Request headers:
2026-02-18T10:10:58.4249617Z     'X-IDENTITY-HEADER': 'REDACTED'
2026-02-18T10:10:58.4249641Z     'User-Agent': 'azsdk-python-identity/1.17.1 Python/3.11.14 (Linux-6.6.119.3-1.azl3-x86_64-with-glibc2.31)'
2026-02-18T10:10:58.4249659Z     'traceparent': '00-62745276859bdd93689ef81972cb80f8-ad125289f3985281-01'
2026-02-18T10:10:58.4249677Z No body was attached to the request
2026-02-18T10:10:58.4249700Z 2026-02-18 10:10:58,423 - azure.core.pipeline.policies.http_logging_policy - INFO - Request URL: 'http://169.254.129.2:8081/msi/token?api-version=REDACTED&resource=REDACTED&client_id=REDACTED'
2026-02-18T10:10:58.4249717Z Request method: 'GET'
2026-02-18T10:10:58.4249734Z Request headers:
2026-02-18T10:10:58.4249752Z     'X-IDENTITY-HEADER': 'REDACTED'
2026-02-18T10:10:58.4249773Z     'User-Agent': 'azsdk-python-identity/1.17.1 Python/3.11.14 (Linux-6.6.119.3-1.azl3-x86_64-with-glibc2.31)'
2026-02-18T10:10:58.4249793Z     'traceparent': '00-8bfa03465555b2b5895f73abb4d53050-19789f26c3fb63e5-01'
2026-02-18T10:10:58.4249822Z No body was attached to the request
2026-02-18T10:10:58.4527337Z 2026-02-18 10:10:58,451 - azure.core.pipeline.policies.http_logging_policy - INFO - Response status: 200
2026-02-18T10:10:58.4527598Z Response headers:
2026-02-18T10:10:58.4527625Z     'Content-Type': 'application/json; charset=utf-8'
2026-02-18T10:10:58.4527644Z     'Date': 'Wed, 18 Feb 2026 10:10:57 GMT'
2026-02-18T10:10:58.4527663Z     'Server': 'Kestrel'
2026-02-18T10:10:58.4527685Z     'Transfer-Encoding': 'chunked'
2026-02-18T10:10:58.4527701Z     'X-CORRELATION-ID': 'REDACTED'
2026-02-18T10:10:58.4527721Z 2026-02-18 10:10:58,451 - azure.identity._credentials.chained - INFO - DefaultAzureCredential acquired a token from ManagedIdentityCredential
2026-02-18T10:10:58.4527740Z 2026-02-18 10:10:58,451 - azure.core.pipeline.policies.http_logging_policy - INFO - Response status: 200
2026-02-18T10:10:58.4527790Z Response headers:
2026-02-18T10:10:58.4527811Z     'Content-Type': 'application/json; charset=utf-8'
2026-02-18T10:10:58.4527827Z     'Date': 'Wed, 18 Feb 2026 10:10:57 GMT'
2026-02-18T10:10:58.4527846Z     'Server': 'Kestrel'
2026-02-18T10:10:58.4527864Z     'Transfer-Encoding': 'chunked'
2026-02-18T10:10:58.4527882Z     'X-CORRELATION-ID': 'REDACTED'
2026-02-18T10:10:58.4528033Z 2026-02-18 10:10:58,452 - azure.identity._credentials.chained - INFO - DefaultAzureCredential acquired a token from ManagedIdentityCredential
2026-02-18T10:10:58.5808950Z 2026-02-18 10:10:58,580 - app.main - INFO - Background scan completed: 40 results
2026-02-18T10:10:58.5904848Z 2026-02-18 10:10:58,589 - app.main - INFO - Background scan completed: 40 results
2026-02-18T10:11:00.1652603Z 2026-02-18 10:11:00,165 - azure.core.pipeline.policies.http_logging_policy - INFO - Request URL: 'https://westus2-2.in.applicationinsights.azure.com//v2.1/track'
2026-02-18T10:11:00.1653130Z Request method: 'POST'
2026-02-18T10:11:00.1653153Z Request headers:
2026-02-18T10:11:00.1653170Z     'Content-Type': 'application/json'
2026-02-18T10:11:00.1653187Z     'Content-Length': '6308'
2026-02-18T10:11:00.1653202Z     'Accept': 'application/json'
2026-02-18T10:11:00.1653219Z     'x-ms-client-request-id': '1fc0fcb2-0cb2-11f1-bf03-0adf85178b07'
2026-02-18T10:11:00.1653237Z     'User-Agent': 'azsdk-python-azuremonitorclient/unknown Python/3.11.14 (Linux-6.6.119.3-1.azl3-x86_64-with-glibc2.31)'
2026-02-18T10:11:00.1653252Z A body is sent with the request
2026-02-18T10:11:00.2013691Z 2026-02-18 10:11:00,201 - azure.core.pipeline.policies.http_logging_policy - INFO - Request URL: 'https://westus2-2.in.applicationinsights.azure.com//v2.1/track'
2026-02-18T10:11:00.2014067Z Request method: 'POST'
2026-02-18T10:11:00.2014092Z Request headers:
2026-02-18T10:11:00.2014110Z     'Content-Type': 'application/json'
2026-02-18T10:11:00.2014128Z     'Content-Length': '6307'
2026-02-18T10:11:00.2014147Z     'Accept': 'application/json'
2026-02-18T10:11:00.2014166Z     'x-ms-client-request-id': '1fc67f66-0cb2-11f1-8c70-0adf85178b07'
2026-02-18T10:11:00.2014188Z     'User-Agent': 'azsdk-python-azuremonitorclient/unknown Python/3.11.14 (Linux-6.6.119.3-1.azl3-x86_64-with-glibc2.31)'
2026-02-18T10:11:00.2014207Z A body is sent with the request
2026-02-18T10:11:00.3286819Z 2026-02-18 10:11:00,328 - azure.core.pipeline.policies.http_logging_policy - INFO - Response status: 200
2026-02-18T10:11:00.3287139Z Response headers:
2026-02-18T10:11:00.3287163Z     'Transfer-Encoding': 'chunked'
2026-02-18T10:11:00.3287238Z     'Content-Type': 'application/json; charset=utf-8'
2026-02-18T10:11:00.3287256Z     'Server': 'Microsoft-HTTPAPI/2.0'
2026-02-18T10:11:00.3287274Z     'Strict-Transport-Security': 'REDACTED'
2026-02-18T10:11:00.3287292Z     'X-Content-Type-Options': 'REDACTED'
2026-02-18T10:11:00.3287308Z     'Date': 'Wed, 18 Feb 2026 10:10:59 GMT'
2026-02-18T10:11:00.3292940Z 2026-02-18 10:11:00,328 - azure.monitor.opentelemetry.exporter.export._base - INFO - Transmission succeeded: Item received: 5. Items accepted: 5
2026-02-18T10:11:00.6483184Z 2026-02-18 10:11:00,648 - azure.core.pipeline.policies.http_logging_policy - INFO - Response status: 200
2026-02-18T10:11:00.6483559Z Response headers:
2026-02-18T10:11:00.6483591Z     'Transfer-Encoding': 'chunked'
2026-02-18T10:11:00.6483618Z     'Content-Type': 'application/json; charset=utf-8'
2026-02-18T10:11:00.6483703Z     'Server': 'Microsoft-HTTPAPI/2.0'
2026-02-18T10:11:00.6483728Z     'Strict-Transport-Security': 'REDACTED'
2026-02-18T10:11:00.6483749Z     'X-Content-Type-Options': 'REDACTED'
2026-02-18T10:11:00.6483770Z     'Date': 'Wed, 18 Feb 2026 10:11:00 GMT'
2026-02-18T10:11:00.6488591Z 2026-02-18 10:11:00,648 - azure.monitor.opentelemetry.exporter.export._base - INFO - Transmission succeeded: Item received: 5. Items accepted: 5
2026-02-18T10:11:01.8002598Z 2026-02-18 10:11:01,800 - azure.core.pipeline.policies.http_logging_policy - INFO - Request URL: 'https://westus2-2.in.applicationinsights.azure.com//v2.1/track'
2026-02-18T10:11:01.8002941Z Request method: 'POST'
2026-02-18T10:11:01.8002973Z Request headers:
2026-02-18T10:11:01.8002994Z     'Content-Type': 'application/json'
2026-02-18T10:11:01.8003013Z     'Content-Length': '16325'
2026-02-18T10:11:01.8003096Z     'Accept': 'application/json'
2026-02-18T10:11:01.8003118Z     'x-ms-client-request-id': '20ba7864-0cb2-11f1-a748-0adf85178b07'
2026-02-18T10:11:01.8003139Z     'User-Agent': 'azsdk-python-azuremonitorclient/unknown Python/3.11.14 (Linux-6.6.119.3-1.azl3-x86_64-with-glibc2.31)'
2026-02-18T10:11:01.8003157Z A body is sent with the request
2026-02-18T10:11:01.9050567Z 2026-02-18 10:11:01,904 - azure.core.pipeline.policies.http_logging_policy - INFO - Response status: 200
2026-02-18T10:11:01.9051124Z Response headers:
2026-02-18T10:11:01.9051156Z     'Transfer-Encoding': 'chunked'
2026-02-18T10:11:01.9051176Z     'Content-Type': 'application/json; charset=utf-8'
2026-02-18T10:11:01.9051193Z     'Server': 'Microsoft-HTTPAPI/2.0'
2026-02-18T10:11:01.9051210Z     'Strict-Transport-Security': 'REDACTED'
2026-02-18T10:11:01.9051229Z     'X-Content-Type-Options': 'REDACTED'
2026-02-18T10:11:01.9051307Z     'Date': 'Wed, 18 Feb 2026 10:11:01 GMT'
2026-02-18T10:11:01.9056477Z 2026-02-18 10:11:01,905 - azure.monitor.opentelemetry.exporter.export._base - INFO - Transmission succeeded: Item received: 14. Items accepted: 14
2026-02-18T10:11:02.4191753Z 2026-02-18 10:11:02,418 - azure.core.pipeline.policies.http_logging_policy - INFO - Request URL: 'https://westus2-2.in.applicationinsights.azure.com//v2.1/track'
2026-02-18T10:11:02.4192083Z Request method: 'POST'
2026-02-18T10:11:02.4192112Z Request headers:
2026-02-18T10:11:02.4192135Z     'Content-Type': 'application/json'
2026-02-18T10:11:02.4192153Z     'Content-Length': '16329'
2026-02-18T10:11:02.4192170Z     'Accept': 'application/json'
2026-02-18T10:11:02.4192187Z     'x-ms-client-request-id': '2118e66a-0cb2-11f1-b7fb-0adf85178b07'
2026-02-18T10:11:02.4192270Z     'User-Agent': 'azsdk-python-azuremonitorclient/unknown Python/3.11.14 (Linux-6.6.119.3-1.azl3-x86_64-with-glibc2.31)'
2026-02-18T10:11:02.4192289Z A body is sent with the request
2026-02-18T10:11:02.5233338Z 2026-02-18 10:11:02,523 - azure.core.pipeline.policies.http_logging_policy - INFO - Response status: 200
2026-02-18T10:11:02.5233662Z Response headers:
2026-02-18T10:11:02.5233690Z     'Transfer-Encoding': 'chunked'
2026-02-18T10:11:02.5233711Z     'Content-Type': 'application/json; charset=utf-8'
2026-02-18T10:11:02.5233731Z     'Server': 'Microsoft-HTTPAPI/2.0'
2026-02-18T10:11:02.5233748Z     'Strict-Transport-Security': 'REDACTED'
2026-02-18T10:11:02.5233765Z     'X-Content-Type-Options': 'REDACTED'
2026-02-18T10:11:02.5233783Z     'Date': 'Wed, 18 Feb 2026 10:11:02 GMT'
2026-02-18T10:11:02.5236448Z 2026-02-18 10:11:02,523 - azure.monitor.opentelemetry.exporter.export._base - INFO - Transmission succeeded: Item received: 14. Items accepted: 14
2026-02-18T10:11:06.9072529Z 2026-02-18 10:11:06,907 - azure.core.pipeline.policies.http_logging_policy - INFO - Request URL: 'https://westus2-2.in.applicationinsights.azure.com//v2.1/track'
2026-02-18T10:11:06.9072967Z Request method: 'POST'
2026-02-18T10:11:06.9072986Z Request headers:
2026-02-18T10:11:06.9073004Z     'Content-Type': 'application/json'
2026-02-18T10:11:06.9073023Z     'Content-Length': '3723'
2026-02-18T10:11:06.9073042Z     'Accept': 'application/json'
2026-02-18T10:11:06.9073063Z     'x-ms-client-request-id': '23c5b87a-0cb2-11f1-a748-0adf85178b07'
2026-02-18T10:11:06.9073085Z     'User-Agent': 'azsdk-python-azuremonitorclient/unknown Python/3.11.14 (Linux-6.6.119.3-1.azl3-x86_64-with-glibc2.31)'
2026-02-18T10:11:06.9073104Z A body is sent with the request
2026-02-18T10:11:07.1878933Z 2026-02-18 10:11:07,187 - azure.core.pipeline.policies.http_logging_policy - INFO - Response status: 200
2026-02-18T10:11:07.1879525Z Response headers:
2026-02-18T10:11:07.1879549Z     'Transfer-Encoding': 'chunked'
2026-02-18T10:11:07.1879568Z     'Content-Type': 'application/json; charset=utf-8'
2026-02-18T10:11:07.1879585Z     'Server': 'Microsoft-HTTPAPI/2.0'
2026-02-18T10:11:07.1879601Z     'Strict-Transport-Security': 'REDACTED'
2026-02-18T10:11:07.1879617Z     'X-Content-Type-Options': 'REDACTED'
2026-02-18T10:11:07.1879632Z     'Date': 'Wed, 18 Feb 2026 10:11:06 GMT'
2026-02-18T10:11:07.1884454Z 2026-02-18 10:11:07,188 - azure.monitor.opentelemetry.exporter.export._base - INFO - Transmission succeeded: Item received: 3. Items accepted: 3
2026-02-18T10:11:07.5257750Z 2026-02-18 10:11:07,525 - azure.core.pipeline.policies.http_logging_policy - INFO - Request URL: 'https://westus2-2.in.applicationinsights.azure.com//v2.1/track'
2026-02-18T10:11:07.5258112Z Request method: 'POST'
2026-02-18T10:11:07.5258137Z Request headers:
2026-02-18T10:11:07.5258152Z     'Content-Type': 'application/json'
2026-02-18T10:11:07.5258168Z     'Content-Length': '3723'
2026-02-18T10:11:07.5258185Z     'Accept': 'application/json'
2026-02-18T10:11:07.5258203Z     'x-ms-client-request-id': '24241d98-0cb2-11f1-b7fb-0adf85178b07'
2026-02-18T10:11:07.5258227Z     'User-Agent': 'azsdk-python-azuremonitorclient/unknown Python/3.11.14 (Linux-6.6.119.3-1.azl3-x86_64-with-glibc2.31)'
2026-02-18T10:11:07.5258247Z A body is sent with the request
2026-02-18T10:11:07.5870441Z 2026-02-18 10:11:07,586 - azure.core.pipeline.policies.http_logging_policy - INFO - Response status: 200
2026-02-18T10:11:07.5870779Z Response headers:
2026-02-18T10:11:07.5870803Z     'Transfer-Encoding': 'chunked'
2026-02-18T10:11:07.5870877Z     'Content-Type': 'application/json; charset=utf-8'
2026-02-18T10:11:07.5870897Z     'Server': 'Microsoft-HTTPAPI/2.0'
2026-02-18T10:11:07.5870917Z     'Strict-Transport-Security': 'REDACTED'
2026-02-18T10:11:07.5870935Z     'X-Content-Type-Options': 'REDACTED'
2026-02-18T10:11:07.5870952Z     'Date': 'Wed, 18 Feb 2026 10:11:07 GMT'
2026-02-18T10:11:07.5875991Z 2026-02-18 10:11:07,587 - azure.monitor.opentelemetry.exporter.export._base - INFO - Transmission succeeded: Item received: 3. Items accepted: 3
2026-02-18T10:11:12.1899588Z 2026-02-18 10:11:12,189 - azure.core.pipeline.policies.http_logging_policy - INFO - Request URL: 'https://westus2-2.in.applicationinsights.azure.com//v2.1/track'
2026-02-18T10:11:12.1900011Z Request method: 'POST'
2026-02-18T10:11:12.1900034Z Request headers:
2026-02-18T10:11:12.1900051Z     'Content-Type': 'application/json'
2026-02-18T10:11:12.1900132Z     'Content-Length': '3720'
2026-02-18T10:11:12.1900147Z     'Accept': 'application/json'
2026-02-18T10:11:12.1900163Z     'x-ms-client-request-id': '26ebcfe4-0cb2-11f1-a748-0adf85178b07'
2026-02-18T10:11:12.1900184Z     'User-Agent': 'azsdk-python-azuremonitorclient/unknown Python/3.11.14 (Linux-6.6.119.3-1.azl3-x86_64-with-glibc2.31)'
2026-02-18T10:11:12.1900199Z A body is sent with the request
2026-02-18T10:11:12.4839816Z 2026-02-18 10:11:12,483 - azure.core.pipeline.policies.http_logging_policy - INFO - Response status: 200
2026-02-18T10:11:12.4840427Z Response headers:
2026-02-18T10:11:12.4840459Z     'Transfer-Encoding': 'chunked'
2026-02-18T10:11:12.4840483Z     'Content-Type': 'application/json; charset=utf-8'
2026-02-18T10:11:12.4840504Z     'Server': 'Microsoft-HTTPAPI/2.0'
2026-02-18T10:11:12.4840591Z     'Strict-Transport-Security': 'REDACTED'
2026-02-18T10:11:12.4840613Z     'X-Content-Type-Options': 'REDACTED'
2026-02-18T10:11:12.4840633Z     'Date': 'Wed, 18 Feb 2026 10:11:11 GMT'
2026-02-18T10:11:12.4843739Z 2026-02-18 10:11:12,484 - azure.monitor.opentelemetry.exporter.export._base - INFO - Transmission succeeded: Item received: 3. Items accepted: 3
2026-02-18T10:11:12.5891066Z 2026-02-18 10:11:12,588 - azure.core.pipeline.policies.http_logging_policy - INFO - Request URL: 'https://westus2-2.in.applicationinsights.azure.com//v2.1/track'
2026-02-18T10:11:12.5891551Z Request method: 'POST'
2026-02-18T10:11:12.5891579Z Request headers:
2026-02-18T10:11:12.5891597Z     'Content-Type': 'application/json'
2026-02-18T10:11:12.5891612Z     'Content-Length': '3720'
2026-02-18T10:11:12.5891629Z     'Accept': 'application/json'
2026-02-18T10:11:12.5891706Z     'x-ms-client-request-id': '2728b1a2-0cb2-11f1-b7fb-0adf85178b07'
2026-02-18T10:11:12.5891729Z     'User-Agent': 'azsdk-python-azuremonitorclient/unknown Python/3.11.14 (Linux-6.6.119.3-1.azl3-x86_64-with-glibc2.31)'
2026-02-18T10:11:12.5891744Z A body is sent with the request
2026-02-18T10:11:12.6975605Z 2026-02-18 10:11:12,697 - azure.core.pipeline.policies.http_logging_policy - INFO - Response status: 200
2026-02-18T10:11:12.6975934Z Response headers:
2026-02-18T10:11:12.6975965Z     'Transfer-Encoding': 'chunked'
2026-02-18T10:11:12.6975988Z     'Content-Type': 'application/json; charset=utf-8'
2026-02-18T10:11:12.6976005Z     'Server': 'Microsoft-HTTPAPI/2.0'
2026-02-18T10:11:12.6976021Z     'Strict-Transport-Security': 'REDACTED'
2026-02-18T10:11:12.6976039Z     'X-Content-Type-Options': 'REDACTED'
2026-02-18T10:11:12.6976055Z     'Date': 'Wed, 18 Feb 2026 10:11:12 GMT'
2026-02-18T10:11:12.6978840Z 2026-02-18 10:11:12,697 - azure.monitor.opentelemetry.exporter.export._base - INFO - Transmission succeeded: Item received: 3. Items accepted: 3
2026-02-18T10:11:17.4862453Z 2026-02-18 10:11:17,486 - azure.core.pipeline.policies.http_logging_policy - INFO - Request URL: 'https://westus2-2.in.applicationinsights.azure.com//v2.1/track'
2026-02-18T10:11:17.4862796Z Request method: 'POST'
2026-02-18T10:11:17.4862818Z Request headers:
2026-02-18T10:11:17.4862840Z     'Content-Type': 'application/json'
2026-02-18T10:11:17.4862859Z     'Content-Length': '3720'
2026-02-18T10:11:17.4862879Z     'Accept': 'application/json'
2026-02-18T10:11:17.4862899Z     'x-ms-client-request-id': '2a13f57a-0cb2-11f1-a748-0adf85178b07'
2026-02-18T10:11:17.4862923Z     'User-Agent': 'azsdk-python-azuremonitorclient/unknown Python/3.11.14 (Linux-6.6.119.3-1.azl3-x86_64-with-glibc2.31)'
2026-02-18T10:11:17.4863004Z A body is sent with the request
2026-02-18T10:11:17.5723417Z 2026-02-18 10:11:17,572 - azure.core.pipeline.policies.http_logging_policy - INFO - Response status: 200
2026-02-18T10:11:17.5723713Z Response headers:
2026-02-18T10:11:17.5723738Z     'Transfer-Encoding': 'chunked'
2026-02-18T10:11:17.5723760Z     'Content-Type': 'application/json; charset=utf-8'
2026-02-18T10:11:17.5723776Z     'Server': 'Microsoft-HTTPAPI/2.0'
2026-02-18T10:11:17.5723796Z     'Strict-Transport-Security': 'REDACTED'
2026-02-18T10:11:17.5723817Z     'X-Content-Type-Options': 'REDACTED'
2026-02-18T10:11:17.5723836Z     'Date': 'Wed, 18 Feb 2026 10:11:16 GMT'
2026-02-18T10:11:17.5729209Z 2026-02-18 10:11:17,572 - azure.monitor.opentelemetry.exporter.export._base - INFO - Transmission succeeded: Item received: 3. Items accepted: 3
2026-02-18T10:11:17.6996538Z 2026-02-18 10:11:17,699 - azure.core.pipeline.policies.http_logging_policy - INFO - Request URL: 'https://westus2-2.in.applicationinsights.azure.com//v2.1/track'
2026-02-18T10:11:17.6996885Z Request method: 'POST'
2026-02-18T10:11:17.6996910Z Request headers:
2026-02-18T10:11:17.6996937Z     'Content-Type': 'application/json'
2026-02-18T10:11:17.6996956Z     'Content-Length': '3719'
2026-02-18T10:11:17.6996973Z     'Accept': 'application/json'
2026-02-18T10:11:17.6996999Z     'x-ms-client-request-id': '2a34840c-0cb2-11f1-b7fb-0adf85178b07'
2026-02-18T10:11:17.6997023Z     'User-Agent': 'azsdk-python-azuremonitorclient/unknown Python/3.11.14 (Linux-6.6.119.3-1.azl3-x86_64-with-glibc2.31)'
2026-02-18T10:11:17.6997041Z A body is sent with the request
2026-02-18T10:11:18.0104785Z 2026-02-18 10:11:18,010 - azure.core.pipeline.policies.http_logging_policy - INFO - Response status: 200
2026-02-18T10:11:18.0105192Z Response headers:
2026-02-18T10:11:18.0105215Z     'Transfer-Encoding': 'chunked'
2026-02-18T10:11:18.0105234Z     'Content-Type': 'application/json; charset=utf-8'
2026-02-18T10:11:18.0105250Z     'Server': 'Microsoft-HTTPAPI/2.0'
2026-02-18T10:11:18.0105267Z     'Strict-Transport-Security': 'REDACTED'
2026-02-18T10:11:18.0105287Z     'X-Content-Type-Options': 'REDACTED'
2026-02-18T10:11:18.0105305Z     'Date': 'Wed, 18 Feb 2026 10:11:17 GMT'
2026-02-18T10:11:18.0108005Z 2026-02-18 10:11:18,010 - azure.monitor.opentelemetry.exporter.export._base - INFO - Transmission succeeded: Item received: 3. Items accepted: 3
2026-02-18T10:11:22.5743917Z 2026-02-18 10:11:22,574 - azure.core.pipeline.policies.http_logging_policy - INFO - Request URL: 'https://westus2-2.in.applicationinsights.azure.com//v2.1/track'
2026-02-18T10:11:22.5744491Z Request method: 'POST'
2026-02-18T10:11:22.5744580Z Request headers:
2026-02-18T10:11:22.5744601Z     'Content-Type': 'application/json'
2026-02-18T10:11:22.5744621Z     'Content-Length': '3720'
2026-02-18T10:11:22.5744640Z     'Accept': 'application/json'
2026-02-18T10:11:22.5744660Z     'x-ms-client-request-id': '2d1c5898-0cb2-11f1-a748-0adf85178b07'
2026-02-18T10:11:22.5744681Z     'User-Agent': 'azsdk-python-azuremonitorclient/unknown Python/3.11.14 (Linux-6.6.119.3-1.azl3-x86_64-with-glibc2.31)'
2026-02-18T10:11:22.5744700Z A body is sent with the request
2026-02-18T10:11:22.6450606Z 2026-02-18 10:11:22,644 - azure.core.pipeline.policies.http_logging_policy - INFO - Response status: 200
2026-02-18T10:11:22.6451058Z Response headers:
2026-02-18T10:11:22.6451090Z     'Transfer-Encoding': 'chunked'
2026-02-18T10:11:22.6451111Z     'Content-Type': 'application/json; charset=utf-8'
2026-02-18T10:11:22.6451192Z     'Server': 'Microsoft-HTTPAPI/2.0'
2026-02-18T10:11:22.6451210Z     'Strict-Transport-Security': 'REDACTED'
2026-02-18T10:11:22.6451227Z     'X-Content-Type-Options': 'REDACTED'
2026-02-18T10:11:22.6451244Z     'Date': 'Wed, 18 Feb 2026 10:11:22 GMT'
2026-02-18T10:11:22.6455129Z 2026-02-18 10:11:22,645 - azure.monitor.opentelemetry.exporter.export._base - INFO - Transmission succeeded: Item received: 3. Items accepted: 3
2026-02-18T10:11:23.0141574Z 2026-02-18 10:11:23,013 - azure.core.pipeline.policies.http_logging_policy - INFO - Request URL: 'https://westus2-2.in.applicationinsights.azure.com//v2.1/track'
2026-02-18T10:11:23.0141900Z Request method: 'POST'
2026-02-18T10:11:23.0141925Z Request headers:
2026-02-18T10:11:23.0141949Z     'Content-Type': 'application/json'
2026-02-18T10:11:23.0141966Z     'Content-Length': '3719'
2026-02-18T10:11:23.0142042Z     'Accept': 'application/json'
2026-02-18T10:11:23.0142061Z     'x-ms-client-request-id': '2d5f73e4-0cb2-11f1-b7fb-0adf85178b07'
2026-02-18T10:11:23.0142082Z     'User-Agent': 'azsdk-python-azuremonitorclient/unknown Python/3.11.14 (Linux-6.6.119.3-1.azl3-x86_64-with-glibc2.31)'
2026-02-18T10:11:23.0142099Z A body is sent with the request
2026-02-18T10:11:23.0935289Z 2026-02-18 10:11:23,093 - azure.core.pipeline.policies.http_logging_policy - INFO - Response status: 200
2026-02-18T10:11:23.0935633Z Response headers:
2026-02-18T10:11:23.0935660Z     'Transfer-Encoding': 'chunked'
2026-02-18T10:11:23.0935680Z     'Content-Type': 'application/json; charset=utf-8'
2026-02-18T10:11:23.0935703Z     'Server': 'Microsoft-HTTPAPI/2.0'
2026-02-18T10:11:23.0935719Z     'Strict-Transport-Security': 'REDACTED'
2026-02-18T10:11:23.0935797Z     'X-Content-Type-Options': 'REDACTED'
2026-02-18T10:11:23.0935814Z     'Date': 'Wed, 18 Feb 2026 10:11:22 GMT'
2026-02-18T10:11:23.0940729Z 2026-02-18 10:11:23,093 - azure.monitor.opentelemetry.exporter.export._base - INFO - Transmission succeeded: Item received: 3. Items accepted: 3
2026-02-18T10:11:27.6493069Z 2026-02-18 10:11:27,647 - azure.core.pipeline.policies.http_logging_policy - INFO - Request URL: 'https://westus2-2.in.applicationinsights.azure.com//v2.1/track'
2026-02-18T10:11:27.6493848Z Request method: 'POST'
2026-02-18T10:11:27.6493875Z Request headers:
2026-02-18T10:11:27.6493899Z     'Content-Type': 'application/json'
2026-02-18T10:11:27.6493921Z     'Content-Length': '3720'
2026-02-18T10:11:27.6493939Z     'Accept': 'application/json'
2026-02-18T10:11:27.6493956Z     'x-ms-client-request-id': '30226460-0cb2-11f1-a748-0adf85178b07'
2026-02-18T10:11:27.6494027Z     'User-Agent': 'azsdk-python-azuremonitorclient/unknown Python/3.11.14 (Linux-6.6.119.3-1.azl3-x86_64-with-glibc2.31)'
2026-02-18T10:11:27.6494047Z A body is sent with the request
2026-02-18T10:11:27.7334894Z 2026-02-18 10:11:27,733 - azure.core.pipeline.policies.http_logging_policy - INFO - Response status: 200
2026-02-18T10:11:27.7335234Z Response headers:
2026-02-18T10:11:27.7335259Z     'Transfer-Encoding': 'chunked'
2026-02-18T10:11:27.7335280Z     'Content-Type': 'application/json; charset=utf-8'
2026-02-18T10:11:27.7335298Z     'Server': 'Microsoft-HTTPAPI/2.0'
2026-02-18T10:11:27.7335318Z     'Strict-Transport-Security': 'REDACTED'
2026-02-18T10:11:27.7335340Z     'X-Content-Type-Options': 'REDACTED'
2026-02-18T10:11:27.7335358Z     'Date': 'Wed, 18 Feb 2026 10:11:27 GMT'
2026-02-18T10:11:27.7340831Z 2026-02-18 10:11:27,733 - azure.monitor.opentelemetry.exporter.export._base - INFO - Transmission succeeded: Item received: 3. Items accepted: 3
2026-02-18T10:11:28.0958022Z 2026-02-18 10:11:28,095 - azure.core.pipeline.policies.http_logging_policy - INFO - Request URL: 'https://westus2-2.in.applicationinsights.azure.com//v2.1/track'
2026-02-18T10:11:28.0958380Z Request method: 'POST'
2026-02-18T10:11:28.0958402Z Request headers:
2026-02-18T10:11:28.0958421Z     'Content-Type': 'application/json'
2026-02-18T10:11:28.0958442Z     'Content-Length': '3719'
2026-02-18T10:11:28.0958460Z     'Accept': 'application/json'
2026-02-18T10:11:28.0958485Z     'x-ms-client-request-id': '3066d9ce-0cb2-11f1-b7fb-0adf85178b07'
2026-02-18T10:11:28.0958507Z     'User-Agent': 'azsdk-python-azuremonitorclient/unknown Python/3.11.14 (Linux-6.6.119.3-1.azl3-x86_64-with-glibc2.31)'
2026-02-18T10:11:28.0958524Z A body is sent with the request
2026-02-18T10:11:28.2141102Z 2026-02-18 10:11:28,213 - azure.core.pipeline.policies.http_logging_policy - INFO - Response status: 200
2026-02-18T10:11:28.2141411Z Response headers:
2026-02-18T10:11:28.2141440Z     'Transfer-Encoding': 'chunked'
2026-02-18T10:11:28.2141458Z     'Content-Type': 'application/json; charset=utf-8'
2026-02-18T10:11:28.2141474Z     'Server': 'Microsoft-HTTPAPI/2.0'
2026-02-18T10:11:28.2141492Z     'Strict-Transport-Security': 'REDACTED'
2026-02-18T10:11:28.2141509Z     'X-Content-Type-Options': 'REDACTED'
2026-02-18T10:11:28.2141528Z     'Date': 'Wed, 18 Feb 2026 10:11:27 GMT'
2026-02-18T10:11:28.2143767Z 2026-02-18 10:11:28,214 - azure.monitor.opentelemetry.exporter.export._base - INFO - Transmission succeeded: Item received: 3. Items accepted: 3
2026-02-18T10:11:32.7361346Z 2026-02-18 10:11:32,735 - azure.core.pipeline.policies.http_logging_policy - INFO - Request URL: 'https://westus2-2.in.applicationinsights.azure.com//v2.1/track'
2026-02-18T10:11:32.7361923Z Request method: 'POST'
2026-02-18T10:11:32.7361950Z Request headers:
2026-02-18T10:11:32.7361969Z     'Content-Type': 'application/json'
2026-02-18T10:11:32.7361985Z     'Content-Length': '3720'
2026-02-18T10:11:32.7362002Z     'Accept': 'application/json'
2026-02-18T10:11:32.7362022Z     'x-ms-client-request-id': '332ae876-0cb2-11f1-a748-0adf85178b07'
2026-02-18T10:11:32.7362044Z     'User-Agent': 'azsdk-python-azuremonitorclient/unknown Python/3.11.14 (Linux-6.6.119.3-1.azl3-x86_64-with-glibc2.31)'
2026-02-18T10:11:32.7362061Z A body is sent with the request
2026-02-18T10:11:32.8530611Z 2026-02-18 10:11:32,852 - azure.core.pipeline.policies.http_logging_policy - INFO - Response status: 200
2026-02-18T10:11:32.8530966Z Response headers:
2026-02-18T10:11:32.8530991Z     'Transfer-Encoding': 'chunked'
2026-02-18T10:11:32.8531072Z     'Content-Type': 'application/json; charset=utf-8'
2026-02-18T10:11:32.8531089Z     'Server': 'Microsoft-HTTPAPI/2.0'
2026-02-18T10:11:32.8531107Z     'Strict-Transport-Security': 'REDACTED'
2026-02-18T10:11:32.8531125Z     'X-Content-Type-Options': 'REDACTED'
2026-02-18T10:11:32.8531142Z     'Date': 'Wed, 18 Feb 2026 10:11:32 GMT'
2026-02-18T10:11:32.8536131Z 2026-02-18 10:11:32,853 - azure.monitor.opentelemetry.exporter.export._base - INFO - Transmission succeeded: Item received: 3. Items accepted: 3
2026-02-18T10:11:33.2159908Z 2026-02-18 10:11:33,215 - azure.core.pipeline.policies.http_logging_policy - INFO - Request URL: 'https://westus2-2.in.applicationinsights.azure.com//v2.1/track'
2026-02-18T10:11:33.2160234Z Request method: 'POST'
2026-02-18T10:11:33.2160259Z Request headers:
2026-02-18T10:11:33.2160329Z     'Content-Type': 'application/json'
2026-02-18T10:11:33.2160351Z     'Content-Length': '3720'
2026-02-18T10:11:33.2160372Z     'Accept': 'application/json'
2026-02-18T10:11:33.2160395Z     'x-ms-client-request-id': '337421f8-0cb2-11f1-b7fb-0adf85178b07'
2026-02-18T10:11:33.2160416Z     'User-Agent': 'azsdk-python-azuremonitorclient/unknown Python/3.11.14 (Linux-6.6.119.3-1.azl3-x86_64-with-glibc2.31)'
2026-02-18T10:11:33.2160433Z A body is sent with the request
2026-02-18T10:11:33.2816039Z 2026-02-18 10:11:33,281 - azure.core.pipeline.policies.http_logging_policy - INFO - Response status: 200
2026-02-18T10:11:33.2816335Z Response headers:
2026-02-18T10:11:33.2816359Z     'Transfer-Encoding': 'chunked'
2026-02-18T10:11:33.2816378Z     'Content-Type': 'application/json; charset=utf-8'
2026-02-18T10:11:33.2816395Z     'Server': 'Microsoft-HTTPAPI/2.0'
2026-02-18T10:11:33.2816465Z     'Strict-Transport-Security': 'REDACTED'
2026-02-18T10:11:33.2816481Z     'X-Content-Type-Options': 'REDACTED'
2026-02-18T10:11:33.2816499Z     'Date': 'Wed, 18 Feb 2026 10:11:32 GMT'
2026-02-18T10:11:33.2820218Z 2026-02-18 10:11:33,281 - azure.monitor.opentelemetry.exporter.export._base - INFO - Transmission succeeded: Item received: 3. Items accepted: 3
2026-02-18T10:11:37.8549604Z 2026-02-18 10:11:37,854 - azure.core.pipeline.policies.http_logging_policy - INFO - Request URL: 'https://westus2-2.in.applicationinsights.azure.com//v2.1/track'
2026-02-18T10:11:37.8549955Z Request method: 'POST'
2026-02-18T10:11:37.8549980Z Request headers:
2026-02-18T10:11:37.8549999Z     'Content-Type': 'application/json'
2026-02-18T10:11:37.8550014Z     'Content-Length': '3720'
2026-02-18T10:11:37.8550035Z     'Accept': 'application/json'
2026-02-18T10:11:37.8550116Z     'x-ms-client-request-id': '3637f91e-0cb2-11f1-a748-0adf85178b07'
2026-02-18T10:11:37.8550143Z     'User-Agent': 'azsdk-python-azuremonitorclient/unknown Python/3.11.14 (Linux-6.6.119.3-1.azl3-x86_64-with-glibc2.31)'
2026-02-18T10:11:37.8550159Z A body is sent with the request
2026-02-18T10:11:38.1184181Z 2026-02-18 10:11:38,117 - azure.core.pipeline.policies.http_logging_policy - INFO - Response status: 200
2026-02-18T10:11:38.1184536Z Response headers:
2026-02-18T10:11:38.1184564Z     'Transfer-Encoding': 'chunked'
2026-02-18T10:11:38.1184591Z     'Content-Type': 'application/json; charset=utf-8'
2026-02-18T10:11:38.1184608Z     'Server': 'Microsoft-HTTPAPI/2.0'
2026-02-18T10:11:38.1184626Z     'Strict-Transport-Security': 'REDACTED'
2026-02-18T10:11:38.1184645Z     'X-Content-Type-Options': 'REDACTED'
2026-02-18T10:11:38.1184661Z     'Date': 'Wed, 18 Feb 2026 10:11:37 GMT'
2026-02-18T10:11:38.1195783Z 2026-02-18 10:11:38,119 - azure.monitor.opentelemetry.exporter.export._base - INFO - Transmission succeeded: Item received: 3. Items accepted: 3
2026-02-18T10:11:38.2835661Z 2026-02-18 10:11:38,283 - azure.core.pipeline.policies.http_logging_policy - INFO - Request URL: 'https://westus2-2.in.applicationinsights.azure.com//v2.1/track'
2026-02-18T10:11:38.2835971Z Request method: 'POST'
2026-02-18T10:11:38.2835993Z Request headers:
2026-02-18T10:11:38.2836014Z     'Content-Type': 'application/json'
2026-02-18T10:11:38.2836036Z     'Content-Length': '3720'
2026-02-18T10:11:38.2836055Z     'Accept': 'application/json'
2026-02-18T10:11:38.2836078Z     'x-ms-client-request-id': '36796174-0cb2-11f1-b7fb-0adf85178b07'
2026-02-18T10:11:38.2836106Z     'User-Agent': 'azsdk-python-azuremonitorclient/unknown Python/3.11.14 (Linux-6.6.119.3-1.azl3-x86_64-with-glibc2.31)'
2026-02-18T10:11:38.2836182Z A body is sent with the request
2026-02-18T10:11:38.4151501Z 2026-02-18 10:11:38,414 - azure.core.pipeline.policies.http_logging_policy - INFO - Response status: 200
2026-02-18T10:11:38.4151800Z Response headers:
2026-02-18T10:11:38.4151825Z     'Transfer-Encoding': 'chunked'
2026-02-18T10:11:38.4151849Z     'Content-Type': 'application/json; charset=utf-8'
2026-02-18T10:11:38.4151864Z     'Server': 'Microsoft-HTTPAPI/2.0'
2026-02-18T10:11:38.4151881Z     'Strict-Transport-Security': 'REDACTED'
2026-02-18T10:11:38.4151898Z     'X-Content-Type-Options': 'REDACTED'
2026-02-18T10:11:38.4151914Z     'Date': 'Wed, 18 Feb 2026 10:11:37 GMT'
2026-02-18T10:11:38.4158032Z 2026-02-18 10:11:38,415 - azure.monitor.opentelemetry.exporter.export._base - INFO - Transmission succeeded: Item received: 3. Items accepted: 3
2026-02-18T10:11:43.1217299Z 2026-02-18 10:11:43,121 - azure.core.pipeline.policies.http_logging_policy - INFO - Request URL: 'https://westus2-2.in.applicationinsights.azure.com//v2.1/track'
2026-02-18T10:11:43.1217621Z Request method: 'POST'
2026-02-18T10:11:43.1217646Z Request headers:
2026-02-18T10:11:43.1217669Z     'Content-Type': 'application/json'
2026-02-18T10:11:43.1217688Z     'Content-Length': '3720'
2026-02-18T10:11:43.1217706Z     'Accept': 'application/json'
2026-02-18T10:11:43.1217726Z     'x-ms-client-request-id': '395b9f10-0cb2-11f1-a748-0adf85178b07'
2026-02-18T10:11:43.1217747Z     'User-Agent': 'azsdk-python-azuremonitorclient/unknown Python/3.11.14 (Linux-6.6.119.3-1.azl3-x86_64-with-glibc2.31)'
2026-02-18T10:11:43.1217770Z A body is sent with the request
2026-02-18T10:11:43.2333787Z 2026-02-18 10:11:43,233 - azure.core.pipeline.policies.http_logging_policy - INFO - Response status: 200
2026-02-18T10:11:43.2334148Z Response headers:
2026-02-18T10:11:43.2334181Z     'Transfer-Encoding': 'chunked'
2026-02-18T10:11:43.2334200Z     'Content-Type': 'application/json; charset=utf-8'
2026-02-18T10:11:43.2334216Z     'Server': 'Microsoft-HTTPAPI/2.0'
2026-02-18T10:11:43.2334234Z     'Strict-Transport-Security': 'REDACTED'
2026-02-18T10:11:43.2334251Z     'X-Content-Type-Options': 'REDACTED'
2026-02-18T10:11:43.2334267Z     'Date': 'Wed, 18 Feb 2026 10:11:42 GMT'
2026-02-18T10:11:43.2342456Z 2026-02-18 10:11:43,233 - azure.monitor.opentelemetry.exporter.export._base - INFO - Transmission succeeded: Item received: 3. Items accepted: 3
2026-02-18T10:11:43.4171199Z 2026-02-18 10:11:43,416 - azure.core.pipeline.policies.http_logging_policy - INFO - Request URL: 'https://westus2-2.in.applicationinsights.azure.com//v2.1/track'
2026-02-18T10:11:43.4171811Z Request method: 'POST'
2026-02-18T10:11:43.4171883Z Request headers:
2026-02-18T10:11:43.4171903Z     'Content-Type': 'application/json'
2026-02-18T10:11:43.4171920Z     'Content-Length': '3720'
2026-02-18T10:11:43.4171940Z     'Accept': 'application/json'
2026-02-18T10:11:43.4171962Z     'x-ms-client-request-id': '3988affa-0cb2-11f1-b7fb-0adf85178b07'
2026-02-18T10:11:43.4171982Z     'User-Agent': 'azsdk-python-azuremonitorclient/unknown Python/3.11.14 (Linux-6.6.119.3-1.azl3-x86_64-with-glibc2.31)'
2026-02-18T10:11:43.4171998Z A body is sent with the request
2026-02-18T10:11:43.4991473Z 2026-02-18 10:11:43,498 - azure.core.pipeline.policies.http_logging_policy - INFO - Response status: 200
2026-02-18T10:11:43.4991729Z Response headers:
2026-02-18T10:11:43.4991758Z     'Transfer-Encoding': 'chunked'
2026-02-18T10:11:43.4991779Z     'Content-Type': 'application/json; charset=utf-8'
2026-02-18T10:11:43.4991834Z     'Server': 'Microsoft-HTTPAPI/2.0'
2026-02-18T10:11:43.4991851Z     'Strict-Transport-Security': 'REDACTED'
2026-02-18T10:11:43.4991867Z     'X-Content-Type-Options': 'REDACTED'
2026-02-18T10:11:43.4991882Z     'Date': 'Wed, 18 Feb 2026 10:11:42 GMT'
2026-02-18T10:11:43.4996057Z 2026-02-18 10:11:43,499 - azure.monitor.opentelemetry.exporter.export._base - INFO - Transmission succeeded: Item received: 3. Items accepted: 3
2026-02-18T10:11:48.2358087Z 2026-02-18 10:11:48,235 - azure.core.pipeline.policies.http_logging_policy - INFO - Request URL: 'https://westus2-2.in.applicationinsights.azure.com//v2.1/track'
2026-02-18T10:11:48.2358474Z Request method: 'POST'
2026-02-18T10:11:48.2358502Z Request headers:
2026-02-18T10:11:48.2358526Z     'Content-Type': 'application/json'
2026-02-18T10:11:48.2358549Z     'Content-Length': '3720'
2026-02-18T10:11:48.2358643Z     'Accept': 'application/json'
2026-02-18T10:11:48.2358668Z     'x-ms-client-request-id': '3c67f564-0cb2-11f1-a748-0adf85178b07'
2026-02-18T10:11:48.2358697Z     'User-Agent': 'azsdk-python-azuremonitorclient/unknown Python/3.11.14 (Linux-6.6.119.3-1.azl3-x86_64-with-glibc2.31)'
2026-02-18T10:11:48.2358718Z A body is sent with the request
2026-02-18T10:11:48.4550244Z 2026-02-18 10:11:48,454 - azure.core.pipeline.policies.http_logging_policy - INFO - Response status: 200
2026-02-18T10:11:48.4550557Z Response headers:
2026-02-18T10:11:48.4550580Z     'Transfer-Encoding': 'chunked'
2026-02-18T10:11:48.4550604Z     'Content-Type': 'application/json; charset=utf-8'
2026-02-18T10:11:48.4550621Z     'Server': 'Microsoft-HTTPAPI/2.0'
2026-02-18T10:11:48.4550638Z     'Strict-Transport-Security': 'REDACTED'
2026-02-18T10:11:48.4550712Z     'X-Content-Type-Options': 'REDACTED'
2026-02-18T10:11:48.4550731Z     'Date': 'Wed, 18 Feb 2026 10:11:47 GMT'
2026-02-18T10:11:48.4556527Z 2026-02-18 10:11:48,455 - azure.monitor.opentelemetry.exporter.export._base - INFO - Transmission succeeded: Item received: 3. Items accepted: 3
2026-02-18T10:11:48.5010444Z 2026-02-18 10:11:48,500 - azure.core.pipeline.policies.http_logging_policy - INFO - Request URL: 'https://westus2-2.in.applicationinsights.azure.com//v2.1/track'
2026-02-18T10:11:48.5010902Z Request method: 'POST'
2026-02-18T10:11:48.5010930Z Request headers:
2026-02-18T10:11:48.5010947Z     'Content-Type': 'application/json'
2026-02-18T10:11:48.5010965Z     'Content-Length': '3720'
2026-02-18T10:11:48.5010983Z     'Accept': 'application/json'
2026-02-18T10:11:48.5011003Z     'x-ms-client-request-id': '3c907174-0cb2-11f1-b7fb-0adf85178b07'
2026-02-18T10:11:48.5011055Z     'User-Agent': 'azsdk-python-azuremonitorclient/unknown Python/3.11.14 (Linux-6.6.119.3-1.azl3-x86_64-with-glibc2.31)'
2026-02-18T10:11:48.5011075Z A body is sent with the request
2026-02-18T10:11:48.6809257Z 2026-02-18 10:11:48,680 - azure.core.pipeline.policies.http_logging_policy - INFO - Response status: 200
2026-02-18T10:11:48.6809617Z Response headers:
2026-02-18T10:11:48.6809642Z     'Transfer-Encoding': 'chunked'
2026-02-18T10:11:48.6809662Z     'Content-Type': 'application/json; charset=utf-8'
2026-02-18T10:11:48.6809684Z     'Server': 'Microsoft-HTTPAPI/2.0'
2026-02-18T10:11:48.6809701Z     'Strict-Transport-Security': 'REDACTED'
2026-02-18T10:11:48.6809717Z     'X-Content-Type-Options': 'REDACTED'
2026-02-18T10:11:48.6809736Z     'Date': 'Wed, 18 Feb 2026 10:11:47 GMT'
2026-02-18T10:11:48.6815742Z 2026-02-18 10:11:48,681 - azure.monitor.opentelemetry.exporter.export._base - INFO - Transmission succeeded: Item received: 3. Items accepted: 3
2026-02-18T10:11:53.4572339Z 2026-02-18 10:11:53,457 - azure.core.pipeline.policies.http_logging_policy - INFO - Request URL: 'https://westus2-2.in.applicationinsights.azure.com//v2.1/track'
2026-02-18T10:11:53.4572639Z Request method: 'POST'
2026-02-18T10:11:53.4572664Z Request headers:
2026-02-18T10:11:53.4572681Z     'Content-Type': 'application/json'
2026-02-18T10:11:53.4572703Z     'Content-Length': '3719'
2026-02-18T10:11:53.4572721Z     'Accept': 'application/json'
2026-02-18T10:11:53.4572740Z     'x-ms-client-request-id': '3f84b020-0cb2-11f1-a748-0adf85178b07'
2026-02-18T10:11:53.4572764Z     'User-Agent': 'azsdk-python-azuremonitorclient/unknown Python/3.11.14 (Linux-6.6.119.3-1.azl3-x86_64-with-glibc2.31)'
2026-02-18T10:11:53.4572781Z A body is sent with the request
2026-02-18T10:11:53.5428430Z 2026-02-18 10:11:53,542 - azure.core.pipeline.policies.http_logging_policy - INFO - Response status: 200
2026-02-18T10:11:53.5428715Z Response headers:
2026-02-18T10:11:53.5428740Z     'Transfer-Encoding': 'chunked'
2026-02-18T10:11:53.5428761Z     'Content-Type': 'application/json; charset=utf-8'
2026-02-18T10:11:53.5428778Z     'Server': 'Microsoft-HTTPAPI/2.0'
2026-02-18T10:11:53.5428796Z     'Strict-Transport-Security': 'REDACTED'
2026-02-18T10:11:53.5428819Z     'X-Content-Type-Options': 'REDACTED'
2026-02-18T10:11:53.5428836Z     'Date': 'Wed, 18 Feb 2026 10:11:52 GMT'
2026-02-18T10:11:53.5435941Z 2026-02-18 10:11:53,543 - azure.monitor.opentelemetry.exporter.export._base - INFO - Transmission succeeded: Item received: 3. Items accepted: 3
2026-02-18T10:11:53.6829082Z 2026-02-18 10:11:53,682 - azure.core.pipeline.policies.http_logging_policy - INFO - Request URL: 'https://westus2-2.in.applicationinsights.azure.com//v2.1/track'
2026-02-18T10:11:53.6829847Z Request method: 'POST'
2026-02-18T10:11:53.6829871Z Request headers:
2026-02-18T10:11:53.6829890Z     'Content-Type': 'application/json'
2026-02-18T10:11:53.6829908Z     'Content-Length': '3720'
2026-02-18T10:11:53.6829927Z     'Accept': 'application/json'
2026-02-18T10:11:53.6829944Z     'x-ms-client-request-id': '3fa720c4-0cb2-11f1-b7fb-0adf85178b07'
2026-02-18T10:11:53.6829966Z     'User-Agent': 'azsdk-python-azuremonitorclient/unknown Python/3.11.14 (Linux-6.6.119.3-1.azl3-x86_64-with-glibc2.31)'
2026-02-18T10:11:53.6829984Z A body is sent with the request
2026-02-18T10:11:53.7598520Z 2026-02-18 10:11:53,759 - azure.core.pipeline.policies.http_logging_policy - INFO - Response status: 200
2026-02-18T10:11:53.7598861Z Response headers:
2026-02-18T10:11:53.7598891Z     'Transfer-Encoding': 'chunked'
2026-02-18T10:11:53.7598968Z     'Content-Type': 'application/json; charset=utf-8'
2026-02-18T10:11:53.7598985Z     'Server': 'Microsoft-HTTPAPI/2.0'
2026-02-18T10:11:53.7599001Z     'Strict-Transport-Security': 'REDACTED'
2026-02-18T10:11:53.7599018Z     'X-Content-Type-Options': 'REDACTED'
2026-02-18T10:11:53.7599034Z     'Date': 'Wed, 18 Feb 2026 10:11:52 GMT'
2026-02-18T10:11:53.7609026Z 2026-02-18 10:11:53,760 - azure.monitor.opentelemetry.exporter.export._base - INFO - Transmission succeeded: Item received: 3. Items accepted: 3
2026-02-18T10:11:55.1216923Z 2026-02-18 10:11:55,121 - azure.core.pipeline.policies.http_logging_policy - INFO - Request URL: 'https://westus2-2.in.applicationinsights.azure.com//v2.1/track'
2026-02-18T10:11:55.1217263Z Request method: 'POST'
2026-02-18T10:11:55.1217287Z Request headers:
2026-02-18T10:11:55.1217377Z     'Content-Type': 'application/json'
2026-02-18T10:11:55.1217398Z     'Content-Length': '1089'
2026-02-18T10:11:55.1217419Z     'Accept': 'application/json'
2026-02-18T10:11:55.1217442Z     'x-ms-client-request-id': '4082acd4-0cb2-11f1-ba88-0adf85178b07'
2026-02-18T10:11:55.1217469Z     'User-Agent': 'azsdk-python-azuremonitorclient/unknown Python/3.11.14 (Linux-6.6.119.3-1.azl3-x86_64-with-glibc2.31)'
2026-02-18T10:11:55.1217495Z A body is sent with the request
2026-02-18T10:11:55.1433513Z 2026-02-18 10:11:55,143 - azure.core.pipeline.policies.http_logging_policy - INFO - Response status: 200
2026-02-18T10:11:55.1433785Z Response headers:
2026-02-18T10:11:55.1433811Z     'Transfer-Encoding': 'chunked'
2026-02-18T10:11:55.1433835Z     'Content-Type': 'application/json; charset=utf-8'
2026-02-18T10:11:55.1435343Z     'Server': 'Microsoft-HTTPAPI/2.0'
2026-02-18T10:11:55.1435431Z     'Strict-Transport-Security': 'REDACTED'
2026-02-18T10:11:55.1435449Z     'X-Content-Type-Options': 'REDACTED'
2026-02-18T10:11:55.1435467Z     'Date': 'Wed, 18 Feb 2026 10:11:54 GMT'
2026-02-18T10:11:55.1447249Z 2026-02-18 10:11:55,143 - azure.monitor.opentelemetry.exporter.export._base - INFO - Transmission succeeded: Item received: 1. Items accepted: 1
2026-02-18T10:11:55.1706735Z 2026-02-18 10:11:55,170 - azure.core.pipeline.policies.http_logging_policy - INFO - Request URL: 'https://westus2-2.in.applicationinsights.azure.com//v2.1/track'
2026-02-18T10:11:55.1706937Z Request method: 'POST'
2026-02-18T10:11:55.1706962Z Request headers:
2026-02-18T10:11:55.1706981Z     'Content-Type': 'application/json'
2026-02-18T10:11:55.1707002Z     'Content-Length': '1089'
2026-02-18T10:11:55.1707018Z     'Accept': 'application/json'
2026-02-18T10:11:55.1707070Z     'x-ms-client-request-id': '408a275c-0cb2-11f1-ab40-0adf85178b07'
2026-02-18T10:11:55.1707343Z     'User-Agent': 'azsdk-python-azuremonitorclient/unknown Python/3.11.14 (Linux-6.6.119.3-1.azl3-x86_64-with-glibc2.31)'
2026-02-18T10:11:55.1707367Z A body is sent with the request
2026-02-18T10:11:55.1935121Z 2026-02-18 10:11:55,193 - azure.core.pipeline.policies.http_logging_policy - INFO - Response status: 200
2026-02-18T10:11:55.1935355Z Response headers:
2026-02-18T10:11:55.1935385Z     'Transfer-Encoding': 'chunked'
2026-02-18T10:11:55.1935406Z     'Content-Type': 'application/json; charset=utf-8'
2026-02-18T10:11:55.1935422Z     'Server': 'Microsoft-HTTPAPI/2.0'
2026-02-18T10:11:55.1935438Z     'Strict-Transport-Security': 'REDACTED'
2026-02-18T10:11:55.1935455Z     'X-Content-Type-Options': 'REDACTED'
2026-02-18T10:11:55.1935475Z     'Date': 'Wed, 18 Feb 2026 10:11:55 GMT'
2026-02-18T10:11:55.1941843Z 2026-02-18 10:11:55,193 - azure.monitor.opentelemetry.exporter.export._base - INFO - Transmission succeeded: Item received: 1. Items accepted: 1
2026-02-18T10:11:58.5456729Z 2026-02-18 10:11:58,545 - azure.core.pipeline.policies.http_logging_policy - INFO - Request URL: 'https://westus2-2.in.applicationinsights.azure.com//v2.1/track'
2026-02-18T10:11:58.5458848Z Request method: 'POST'
2026-02-18T10:11:58.5458891Z Request headers:
2026-02-18T10:11:58.5458910Z     'Content-Type': 'application/json'
2026-02-18T10:11:58.5458929Z     'Content-Length': '7440'
2026-02-18T10:11:58.5458949Z     'Accept': 'application/json'
2026-02-18T10:11:58.5458968Z     'x-ms-client-request-id': '428d20ae-0cb2-11f1-a748-0adf85178b07'
2026-02-18T10:11:58.5458986Z     'User-Agent': 'azsdk-python-azuremonitorclient/unknown Python/3.11.14 (Linux-6.6.119.3-1.azl3-x86_64-with-glibc2.31)'
2026-02-18T10:11:58.5459001Z A body is sent with the request
2026-02-18T10:11:58.6622834Z 2026-02-18 10:11:58,662 - azure.core.pipeline.policies.http_logging_policy - INFO - Response status: 200
2026-02-18T10:11:58.6623213Z Response headers:
2026-02-18T10:11:58.6623299Z     'Transfer-Encoding': 'chunked'
2026-02-18T10:11:58.6623324Z     'Content-Type': 'application/json; charset=utf-8'
2026-02-18T10:11:58.6623346Z     'Server': 'Microsoft-HTTPAPI/2.0'
2026-02-18T10:11:58.6623366Z     'Strict-Transport-Security': 'REDACTED'
2026-02-18T10:11:58.6623384Z     'X-Content-Type-Options': 'REDACTED'
2026-02-18T10:11:58.6623401Z     'Date': 'Wed, 18 Feb 2026 10:11:58 GMT'
2026-02-18T10:11:58.6628052Z 2026-02-18 10:11:58,662 - azure.monitor.opentelemetry.exporter.export._base - INFO - Transmission succeeded: Item received: 6. Items accepted: 6
2026-02-18T10:11:58.7632907Z 2026-02-18 10:11:58,762 - azure.core.pipeline.policies.http_logging_policy - INFO - Request URL: 'https://westus2-2.in.applicationinsights.azure.com//v2.1/track'
2026-02-18T10:11:58.7633371Z Request method: 'POST'
2026-02-18T10:11:58.7633396Z Request headers:
2026-02-18T10:11:58.7633474Z     'Content-Type': 'application/json'
2026-02-18T10:11:58.7633490Z     'Content-Length': '7439'
2026-02-18T10:11:58.7633507Z     'Accept': 'application/json'
2026-02-18T10:11:58.7633526Z     'x-ms-client-request-id': '42ae4f72-0cb2-11f1-b7fb-0adf85178b07'
2026-02-18T10:11:58.7633547Z     'User-Agent': 'azsdk-python-azuremonitorclient/unknown Python/3.11.14 (Linux-6.6.119.3-1.azl3-x86_64-with-glibc2.31)'
2026-02-18T10:11:58.7633561Z A body is sent with the request
2026-02-18T10:11:58.8980835Z 2026-02-18 10:11:58,897 - azure.core.pipeline.policies.http_logging_policy - INFO - Response status: 200
2026-02-18T10:11:58.8981137Z Response headers:
2026-02-18T10:11:58.8981169Z     'Transfer-Encoding': 'chunked'
2026-02-18T10:11:58.8981188Z     'Content-Type': 'application/json; charset=utf-8'
2026-02-18T10:11:58.8981265Z     'Server': 'Microsoft-HTTPAPI/2.0'
2026-02-18T10:11:58.8981285Z     'Strict-Transport-Security': 'REDACTED'
2026-02-18T10:11:58.8981301Z     'X-Content-Type-Options': 'REDACTED'
2026-02-18T10:11:58.8981318Z     'Date': 'Wed, 18 Feb 2026 10:11:58 GMT'
2026-02-18T10:11:58.8987136Z 2026-02-18 10:11:58,898 - azure.monitor.opentelemetry.exporter.export._base - INFO - Transmission succeeded: Item received: 6. Items accepted: 6
2026-02-18T10:12:03.6651077Z 2026-02-18 10:12:03,664 - azure.core.pipeline.policies.http_logging_policy - INFO - Request URL: 'https://westus2-2.in.applicationinsights.azure.com//v2.1/track'
2026-02-18T10:12:03.6651601Z Request method: 'POST'
2026-02-18T10:12:03.6651632Z Request headers:
2026-02-18T10:12:03.6651656Z     'Content-Type': 'application/json'
2026-02-18T10:12:03.6651677Z     'Content-Length': '3720'
2026-02-18T10:12:03.6651752Z     'Accept': 'application/json'
2026-02-18T10:12:03.6651776Z     'x-ms-client-request-id': '459a468c-0cb2-11f1-a748-0adf85178b07'
2026-02-18T10:12:03.6651803Z     'User-Agent': 'azsdk-python-azuremonitorclient/unknown Python/3.11.14 (Linux-6.6.119.3-1.azl3-x86_64-with-glibc2.31)'
2026-02-18T10:12:03.6651825Z A body is sent with the request
2026-02-18T10:12:03.7049236Z 2026-02-18 10:12:03,704 - azure.core.pipeline.policies.http_logging_policy - INFO - Response status: 200
2026-02-18T10:12:03.7049466Z Response headers:
2026-02-18T10:12:03.7049488Z     'Transfer-Encoding': 'chunked'
2026-02-18T10:12:03.7049507Z     'Content-Type': 'application/json; charset=utf-8'
2026-02-18T10:12:03.7049522Z     'Server': 'Microsoft-HTTPAPI/2.0'
2026-02-18T10:12:03.7049543Z     'Strict-Transport-Security': 'REDACTED'
2026-02-18T10:12:03.7049562Z     'X-Content-Type-Options': 'REDACTED'
2026-02-18T10:12:03.7049614Z     'Date': 'Wed, 18 Feb 2026 10:12:03 GMT'
2026-02-18T10:12:03.7055621Z 2026-02-18 10:12:03,705 - azure.monitor.opentelemetry.exporter.export._base - INFO - Transmission succeeded: Item received: 3. Items accepted: 3
2026-02-18T10:12:03.9006287Z 2026-02-18 10:12:03,900 - azure.core.pipeline.policies.http_logging_policy - INFO - Request URL: 'https://westus2-2.in.applicationinsights.azure.com//v2.1/track'
2026-02-18T10:12:03.9006690Z Request method: 'POST'
2026-02-18T10:12:03.9006714Z Request headers:
2026-02-18T10:12:03.9006733Z     'Content-Type': 'application/json'
2026-02-18T10:12:03.9006748Z     'Content-Length': '3719'
2026-02-18T10:12:03.9006763Z     'Accept': 'application/json'
2026-02-18T10:12:03.9006786Z     'x-ms-client-request-id': '45be39c0-0cb2-11f1-b7fb-0adf85178b07'
2026-02-18T10:12:03.9006863Z     'User-Agent': 'azsdk-python-azuremonitorclient/unknown Python/3.11.14 (Linux-6.6.119.3-1.azl3-x86_64-with-glibc2.31)'
2026-02-18T10:12:03.9006881Z A body is sent with the request
2026-02-18T10:12:03.9453443Z 2026-02-18 10:12:03,945 - azure.core.pipeline.policies.http_logging_policy - INFO - Response status: 200
2026-02-18T10:12:03.9453733Z Response headers:
2026-02-18T10:12:03.9453764Z     'Transfer-Encoding': 'chunked'
2026-02-18T10:12:03.9453788Z     'Content-Type': 'application/json; charset=utf-8'
2026-02-18T10:12:03.9453807Z     'Server': 'Microsoft-HTTPAPI/2.0'
2026-02-18T10:12:03.9453825Z     'Strict-Transport-Security': 'REDACTED'
2026-02-18T10:12:03.9453844Z     'X-Content-Type-Options': 'REDACTED'
2026-02-18T10:12:03.9453866Z     'Date': 'Wed, 18 Feb 2026 10:12:03 GMT'
2026-02-18T10:12:03.9458243Z 2026-02-18 10:12:03,945 - azure.monitor.opentelemetry.exporter.export._base - INFO - Transmission succeeded: Item received: 3. Items accepted: 3
2026-02-18T10:12:08.7259499Z 2026-02-18 10:12:08,725 - azure.core.pipeline.policies.http_logging_policy - INFO - Request URL: 'https://westus2-2.in.applicationinsights.azure.com//v2.1/track'
2026-02-18T10:12:08.7259904Z Request method: 'POST'
2026-02-18T10:12:08.7259930Z Request headers:
2026-02-18T10:12:08.7259951Z     'Content-Type': 'application/json'
2026-02-18T10:12:08.7259970Z     'Content-Length': '3720'
2026-02-18T10:12:08.7259989Z     'Accept': 'application/json'
2026-02-18T10:12:08.7260011Z     'x-ms-client-request-id': '489e844c-0cb2-11f1-a748-0adf85178b07'
2026-02-18T10:12:08.7260035Z     'User-Agent': 'azsdk-python-azuremonitorclient/unknown Python/3.11.14 (Linux-6.6.119.3-1.azl3-x86_64-with-glibc2.31)'
2026-02-18T10:12:08.7260055Z A body is sent with the request
2026-02-18T10:12:08.8686692Z 2026-02-18 10:12:08,843 - azure.core.pipeline.policies.http_logging_policy - INFO - Response status: 200
2026-02-18T10:12:08.8687078Z Response headers:
2026-02-18T10:12:08.8687105Z     'Transfer-Encoding': 'chunked'
2026-02-18T10:12:08.8687123Z     'Content-Type': 'application/json; charset=utf-8'
2026-02-18T10:12:08.8687140Z     'Server': 'Microsoft-HTTPAPI/2.0'
2026-02-18T10:12:08.8687157Z     'Strict-Transport-Security': 'REDACTED'
2026-02-18T10:12:08.8687173Z     'X-Content-Type-Options': 'REDACTED'
2026-02-18T10:12:08.8687187Z     'Date': 'Wed, 18 Feb 2026 10:12:08 GMT'
2026-02-18T10:12:08.8883213Z 2026-02-18 10:12:08,879 - azure.monitor.opentelemetry.exporter.export._base - INFO - Transmission succeeded: Item received: 3. Items accepted: 3
2026-02-18T10:12:08.9726767Z 2026-02-18 10:12:08,962 - azure.core.pipeline.policies.http_logging_policy - INFO - Request URL: 'https://westus2-2.in.applicationinsights.azure.com//v2.1/track'
2026-02-18T10:12:08.9727190Z Request method: 'POST'
2026-02-18T10:12:08.9727215Z Request headers:
2026-02-18T10:12:08.9727234Z     'Content-Type': 'application/json'
2026-02-18T10:12:08.9727252Z     'Content-Length': '3718'
2026-02-18T10:12:08.9727272Z     'Accept': 'application/json'
2026-02-18T10:12:08.9727290Z     'x-ms-client-request-id': '48c2246a-0cb2-11f1-b7fb-0adf85178b07'
2026-02-18T10:12:08.9727311Z     'User-Agent': 'azsdk-python-azuremonitorclient/unknown Python/3.11.14 (Linux-6.6.119.3-1.azl3-x86_64-with-glibc2.31)'
2026-02-18T10:12:08.9727331Z A body is sent with the request
2026-02-18T10:12:09.0643505Z 2026-02-18 10:12:09,063 - azure.core.pipeline.policies.http_logging_policy - INFO - Response status: 200
2026-02-18T10:12:09.0644032Z Response headers:
2026-02-18T10:12:09.0644057Z     'Transfer-Encoding': 'chunked'
2026-02-18T10:12:09.0644142Z     'Content-Type': 'application/json; charset=utf-8'
2026-02-18T10:12:09.0644160Z     'Server': 'Microsoft-HTTPAPI/2.0'
2026-02-18T10:12:09.0644177Z     'Strict-Transport-Security': 'REDACTED'
2026-02-18T10:12:09.0644193Z     'X-Content-Type-Options': 'REDACTED'
2026-02-18T10:12:09.0644207Z     'Date': 'Wed, 18 Feb 2026 10:12:08 GMT'
2026-02-18T10:12:09.0765973Z 2026-02-18 10:12:09,076 - azure.monitor.opentelemetry.exporter.export._base - INFO - Transmission succeeded: Item received: 3. Items accepted: 3
2026-02-18T10:12:13.9006376Z 2026-02-18 10:12:13,894 - azure.core.pipeline.policies.http_logging_policy - INFO - Request URL: 'https://westus2-2.in.applicationinsights.azure.com//v2.1/track'
2026-02-18T10:12:13.9157948Z Request method: 'POST'
2026-02-18T10:12:13.9158068Z Request headers:
2026-02-18T10:12:13.9158090Z     'Content-Type': 'application/json'
2026-02-18T10:12:13.9158161Z     'Content-Length': '3719'
2026-02-18T10:12:13.9158180Z     'Accept': 'application/json'
2026-02-18T10:12:13.9158201Z     'x-ms-client-request-id': '4bb33c40-0cb2-11f1-a748-0adf85178b07'
2026-02-18T10:12:13.9158223Z     'User-Agent': 'azsdk-python-azuremonitorclient/unknown Python/3.11.14 (Linux-6.6.119.3-1.azl3-x86_64-with-glibc2.31)'
2026-02-18T10:12:13.9158240Z A body is sent with the request
2026-02-18T10:12:14.0490527Z 2026-02-18 10:12:14,048 - azure.core.pipeline.policies.http_logging_policy - INFO - Response status: 200
2026-02-18T10:12:14.0490867Z Response headers:
2026-02-18T10:12:14.0490894Z     'Transfer-Encoding': 'chunked'
2026-02-18T10:12:14.0490913Z     'Content-Type': 'application/json; charset=utf-8'
2026-02-18T10:12:14.0490931Z     'Server': 'Microsoft-HTTPAPI/2.0'
2026-02-18T10:12:14.0491009Z     'Strict-Transport-Security': 'REDACTED'
2026-02-18T10:12:14.0491027Z     'X-Content-Type-Options': 'REDACTED'
2026-02-18T10:12:14.0491044Z     'Date': 'Wed, 18 Feb 2026 10:12:13 GMT'
2026-02-18T10:12:14.0734787Z 2026-02-18 10:12:14,063 - azure.monitor.opentelemetry.exporter.export._base - INFO - Transmission succeeded: Item received: 3. Items accepted: 3
2026-02-18T10:12:14.1161327Z 2026-02-18 10:12:14,112 - azure.core.pipeline.policies.http_logging_policy - INFO - Request URL: 'https://westus2-2.in.applicationinsights.azure.com//v2.1/track'
2026-02-18T10:12:14.1161534Z Request method: 'POST'
2026-02-18T10:12:14.1161557Z Request headers:
2026-02-18T10:12:14.1166494Z     'Content-Type': 'application/json'
2026-02-18T10:12:14.1166550Z     'Content-Length': '3720'
2026-02-18T10:12:14.1166569Z     'Accept': 'application/json'
2026-02-18T10:12:14.1166655Z     'x-ms-client-request-id': '4bd4709a-0cb2-11f1-b7fb-0adf85178b07'
2026-02-18T10:12:14.1166679Z     'User-Agent': 'azsdk-python-azuremonitorclient/unknown Python/3.11.14 (Linux-6.6.119.3-1.azl3-x86_64-with-glibc2.31)'
2026-02-18T10:12:14.1166696Z A body is sent with the request
2026-02-18T10:12:14.2772201Z 2026-02-18 10:12:14,276 - azure.core.pipeline.policies.http_logging_policy - INFO - Response status: 200
2026-02-18T10:12:14.2772559Z Response headers:
2026-02-18T10:12:14.2772582Z     'Transfer-Encoding': 'chunked'
2026-02-18T10:12:14.2772601Z     'Content-Type': 'application/json; charset=utf-8'
2026-02-18T10:12:14.2772618Z     'Server': 'Microsoft-HTTPAPI/2.0'
2026-02-18T10:12:14.2772636Z     'Strict-Transport-Security': 'REDACTED'
2026-02-18T10:12:14.2772655Z     'X-Content-Type-Options': 'REDACTED'
2026-02-18T10:12:14.2772677Z     'Date': 'Wed, 18 Feb 2026 10:12:14 GMT'
2026-02-18T10:12:14.2810862Z 2026-02-18 10:12:14,280 - azure.monitor.opentelemetry.exporter.export._base - INFO - Transmission succeeded: Item received: 3. Items accepted: 3
2026-02-18T10:12:19.0704233Z 2026-02-18 10:12:19,069 - azure.core.pipeline.policies.http_logging_policy - INFO - Request URL: 'https://westus2-2.in.applicationinsights.azure.com//v2.1/track'
2026-02-18T10:12:19.0704602Z Request method: 'POST'
2026-02-18T10:12:19.0704627Z Request headers:
2026-02-18T10:12:19.0704647Z     'Content-Type': 'application/json'
2026-02-18T10:12:19.0704664Z     'Content-Length': '3720'
2026-02-18T10:12:19.0704684Z     'Accept': 'application/json'
2026-02-18T10:12:19.0704705Z     'x-ms-client-request-id': '4ec89e34-0cb2-11f1-a748-0adf85178b07'
2026-02-18T10:12:19.0704730Z     'User-Agent': 'azsdk-python-azuremonitorclient/unknown Python/3.11.14 (Linux-6.6.119.3-1.azl3-x86_64-with-glibc2.31)'
2026-02-18T10:12:19.0704806Z A body is sent with the request
2026-02-18T10:12:19.1284025Z 2026-02-18 10:12:19,126 - azure.core.pipeline.policies.http_logging_policy - INFO - Response status: 200
2026-02-18T10:12:19.1284386Z Response headers:
2026-02-18T10:12:19.1284415Z     'Transfer-Encoding': 'chunked'
2026-02-18T10:12:19.1284436Z     'Content-Type': 'application/json; charset=utf-8'
2026-02-18T10:12:19.1284453Z     'Server': 'Microsoft-HTTPAPI/2.0'
2026-02-18T10:12:19.1284472Z     'Strict-Transport-Security': 'REDACTED'
2026-02-18T10:12:19.1284492Z     'X-Content-Type-Options': 'REDACTED'
2026-02-18T10:12:19.1284514Z     'Date': 'Wed, 18 Feb 2026 10:12:18 GMT'
2026-02-18T10:12:19.1284545Z 2026-02-18 10:12:19,128 - azure.monitor.opentelemetry.exporter.export._base - INFO - Transmission succeeded: Item received: 3. Items accepted: 3
2026-02-18T10:12:19.2858040Z 2026-02-18 10:12:19,285 - azure.core.pipeline.policies.http_logging_policy - INFO - Request URL: 'https://westus2-2.in.applicationinsights.azure.com//v2.1/track'
2026-02-18T10:12:19.2858418Z Request method: 'POST'
2026-02-18T10:12:19.2858442Z Request headers:
2026-02-18T10:12:19.2858463Z     'Content-Type': 'application/json'
2026-02-18T10:12:19.2858480Z     'Content-Length': '3719'
2026-02-18T10:12:19.2858499Z     'Accept': 'application/json'
2026-02-18T10:12:19.2858517Z     'x-ms-client-request-id': '4ee9c28a-0cb2-11f1-b7fb-0adf85178b07'
2026-02-18T10:12:19.2858538Z     'User-Agent': 'azsdk-python-azuremonitorclient/unknown Python/3.11.14 (Linux-6.6.119.3-1.azl3-x86_64-with-glibc2.31)'
2026-02-18T10:12:19.2858556Z A body is sent with the request
2026-02-18T10:12:19.3499120Z 2026-02-18 10:12:19,349 - azure.core.pipeline.policies.http_logging_policy - INFO - Response status: 200
2026-02-18T10:12:19.3499488Z Response headers:
2026-02-18T10:12:19.3499568Z     'Transfer-Encoding': 'chunked'
2026-02-18T10:12:19.3499586Z     'Content-Type': 'application/json; charset=utf-8'
2026-02-18T10:12:19.3499604Z     'Server': 'Microsoft-HTTPAPI/2.0'
2026-02-18T10:12:19.3499622Z     'Strict-Transport-Security': 'REDACTED'
2026-02-18T10:12:19.3499637Z     'X-Content-Type-Options': 'REDACTED'
2026-02-18T10:12:19.3499653Z     'Date': 'Wed, 18 Feb 2026 10:12:19 GMT'
2026-02-18T10:12:19.3507476Z 2026-02-18 10:12:19,350 - azure.monitor.opentelemetry.exporter.export._base - INFO - Transmission succeeded: Item received: 3. Items accepted: 3
2026-02-18T10:12:24.1297299Z 2026-02-18 10:12:24,129 - azure.core.pipeline.policies.http_logging_policy - INFO - Request URL: 'https://westus2-2.in.applicationinsights.azure.com//v2.1/track'
2026-02-18T10:12:24.1297648Z Request method: 'POST'
2026-02-18T10:12:24.1297675Z Request headers:
2026-02-18T10:12:24.1297750Z     'Content-Type': 'application/json'
2026-02-18T10:12:24.1297766Z     'Content-Length': '3718'
2026-02-18T10:12:24.1297784Z     'Accept': 'application/json'
2026-02-18T10:12:24.1297805Z     'x-ms-client-request-id': '51ccf288-0cb2-11f1-a748-0adf85178b07'
2026-02-18T10:12:24.1297829Z     'User-Agent': 'azsdk-python-azuremonitorclient/unknown Python/3.11.14 (Linux-6.6.119.3-1.azl3-x86_64-with-glibc2.31)'
2026-02-18T10:12:24.1297848Z A body is sent with the request
2026-02-18T10:12:24.2693661Z 2026-02-18 10:12:24,269 - azure.core.pipeline.policies.http_logging_policy - INFO - Response status: 200
2026-02-18T10:12:24.2694009Z Response headers:
2026-02-18T10:12:24.2694040Z     'Transfer-Encoding': 'chunked'
2026-02-18T10:12:24.2694058Z     'Content-Type': 'application/json; charset=utf-8'
2026-02-18T10:12:24.2694134Z     'Server': 'Microsoft-HTTPAPI/2.0'
2026-02-18T10:12:24.2694155Z     'Strict-Transport-Security': 'REDACTED'
2026-02-18T10:12:24.2694171Z     'X-Content-Type-Options': 'REDACTED'
2026-02-18T10:12:24.2694189Z     'Date': 'Wed, 18 Feb 2026 10:12:23 GMT'
2026-02-18T10:12:24.2701375Z 2026-02-18 10:12:24,269 - azure.monitor.opentelemetry.exporter.export._base - INFO - Transmission succeeded: Item received: 3. Items accepted: 3
2026-02-18T10:12:24.3521218Z 2026-02-18 10:12:24,351 - azure.core.pipeline.policies.http_logging_policy - INFO - Request URL: 'https://westus2-2.in.applicationinsights.azure.com//v2.1/track'
2026-02-18T10:12:24.3521777Z Request method: 'POST'
2026-02-18T10:12:24.3521802Z Request headers:
2026-02-18T10:12:24.3521820Z     'Content-Type': 'application/json'
2026-02-18T10:12:24.3521841Z     'Content-Length': '3720'
2026-02-18T10:12:24.3521918Z     'Accept': 'application/json'
2026-02-18T10:12:24.3521941Z     'x-ms-client-request-id': '51eee0a0-0cb2-11f1-b7fb-0adf85178b07'
2026-02-18T10:12:24.3521967Z     'User-Agent': 'azsdk-python-azuremonitorclient/unknown Python/3.11.14 (Linux-6.6.119.3-1.azl3-x86_64-with-glibc2.31)'
2026-02-18T10:12:24.3521985Z A body is sent with the request
2026-02-18T10:12:24.5544069Z 2026-02-18 10:12:24,554 - azure.core.pipeline.policies.http_logging_policy - INFO - Response status: 200
2026-02-18T10:12:24.5544430Z Response headers:
2026-02-18T10:12:24.5544456Z     'Transfer-Encoding': 'chunked'
2026-02-18T10:12:24.5544476Z     'Content-Type': 'application/json; charset=utf-8'
2026-02-18T10:12:24.5544494Z     'Server': 'Microsoft-HTTPAPI/2.0'
2026-02-18T10:12:24.5544510Z     'Strict-Transport-Security': 'REDACTED'
2026-02-18T10:12:24.5544526Z     'X-Content-Type-Options': 'REDACTED'
2026-02-18T10:12:24.5544608Z     'Date': 'Wed, 18 Feb 2026 10:12:24 GMT'
2026-02-18T10:12:24.5548864Z 2026-02-18 10:12:24,554 - azure.monitor.opentelemetry.exporter.export._base - INFO - Transmission succeeded: Item received: 3. Items accepted: 3
2026-02-18T10:12:29.2964168Z 2026-02-18 10:12:29,295 - azure.core.pipeline.policies.http_logging_policy - INFO - Request URL: 'https://westus2-2.in.applicationinsights.azure.com//v2.1/track'
2026-02-18T10:12:29.2964551Z Request method: 'POST'
2026-02-18T10:12:29.2964576Z Request headers:
2026-02-18T10:12:29.2964595Z     'Content-Type': 'application/json'
2026-02-18T10:12:29.2964618Z     'Content-Length': '3720'
2026-02-18T10:12:29.2964640Z     'Accept': 'application/json'
2026-02-18T10:12:29.2964659Z     'x-ms-client-request-id': '54e092c2-0cb2-11f1-a748-0adf85178b07'
2026-02-18T10:12:29.2964737Z     'User-Agent': 'azsdk-python-azuremonitorclient/unknown Python/3.11.14 (Linux-6.6.119.3-1.azl3-x86_64-with-glibc2.31)'
2026-02-18T10:12:29.2964761Z A body is sent with the request
2026-02-18T10:12:29.4376354Z 2026-02-18 10:12:29,437 - azure.core.pipeline.policies.http_logging_policy - INFO - Response status: 200
2026-02-18T10:12:29.4376707Z Response headers:
2026-02-18T10:12:29.4376737Z     'Transfer-Encoding': 'chunked'
2026-02-18T10:12:29.4376761Z     'Content-Type': 'application/json; charset=utf-8'
2026-02-18T10:12:29.4376779Z     'Server': 'Microsoft-HTTPAPI/2.0'
2026-02-18T10:12:29.4376795Z     'Strict-Transport-Security': 'REDACTED'
2026-02-18T10:12:29.4376811Z     'X-Content-Type-Options': 'REDACTED'
2026-02-18T10:12:29.4376828Z     'Date': 'Wed, 18 Feb 2026 10:12:28 GMT'
2026-02-18T10:12:29.4526243Z 2026-02-18 10:12:29,437 - azure.monitor.opentelemetry.exporter.export._base - INFO - Transmission succeeded: Item received: 3. Items accepted: 3
2026-02-18T10:12:29.5658331Z 2026-02-18 10:12:29,565 - azure.core.pipeline.policies.http_logging_policy - INFO - Request URL: 'https://westus2-2.in.applicationinsights.azure.com//v2.1/track'
2026-02-18T10:12:29.5659029Z Request method: 'POST'
2026-02-18T10:12:29.5659055Z Request headers:
2026-02-18T10:12:29.5659078Z     'Content-Type': 'application/json'
2026-02-18T10:12:29.5659098Z     'Content-Length': '3720'
2026-02-18T10:12:29.5659120Z     'Accept': 'application/json'
2026-02-18T10:12:29.5659138Z     'x-ms-client-request-id': '550a6c96-0cb2-11f1-b7fb-0adf85178b07'
2026-02-18T10:12:29.5659158Z     'User-Agent': 'azsdk-python-azuremonitorclient/unknown Python/3.11.14 (Linux-6.6.119.3-1.azl3-x86_64-with-glibc2.31)'
2026-02-18T10:12:29.5659174Z A body is sent with the request
2026-02-18T10:12:29.7362486Z 2026-02-18 10:12:29,735 - azure.core.pipeline.policies.http_logging_policy - INFO - Response status: 200
2026-02-18T10:12:29.7362810Z Response headers:
2026-02-18T10:12:29.7362836Z     'Transfer-Encoding': 'chunked'
2026-02-18T10:12:29.7362858Z     'Content-Type': 'application/json; charset=utf-8'
2026-02-18T10:12:29.7362877Z     'Server': 'Microsoft-HTTPAPI/2.0'
2026-02-18T10:12:29.7362895Z     'Strict-Transport-Security': 'REDACTED'
2026-02-18T10:12:29.7362915Z     'X-Content-Type-Options': 'REDACTED'
2026-02-18T10:12:29.7362934Z     'Date': 'Wed, 18 Feb 2026 10:12:29 GMT'
2026-02-18T10:12:29.7362959Z 2026-02-18 10:12:29,735 - azure.monitor.opentelemetry.exporter.export._base - INFO - Transmission succeeded: Item received: 3. Items accepted: 3
2026-02-18T10:12:34.4549764Z 2026-02-18 10:12:34,454 - azure.core.pipeline.policies.http_logging_policy - INFO - Request URL: 'https://westus2-2.in.applicationinsights.azure.com//v2.1/track'
2026-02-18T10:12:34.4550028Z Request method: 'POST'
2026-02-18T10:12:34.4550090Z Request headers:
2026-02-18T10:12:34.4550108Z     'Content-Type': 'application/json'
2026-02-18T10:12:34.4550128Z     'Content-Length': '3719'
2026-02-18T10:12:34.4550144Z     'Accept': 'application/json'
2026-02-18T10:12:34.4550162Z     'x-ms-client-request-id': '57f473f2-0cb2-11f1-a748-0adf85178b07'
2026-02-18T10:12:34.4550182Z     'User-Agent': 'azsdk-python-azuremonitorclient/unknown Python/3.11.14 (Linux-6.6.119.3-1.azl3-x86_64-with-glibc2.31)'
2026-02-18T10:12:34.4550198Z A body is sent with the request
2026-02-18T10:12:34.6075095Z 2026-02-18 10:12:34,607 - azure.core.pipeline.policies.http_logging_policy - INFO - Response status: 200
2026-02-18T10:12:34.6075637Z Response headers:
2026-02-18T10:12:34.6075669Z     'Transfer-Encoding': 'chunked'
2026-02-18T10:12:34.6075751Z     'Content-Type': 'application/json; charset=utf-8'
2026-02-18T10:12:34.6075775Z     'Server': 'Microsoft-HTTPAPI/2.0'
2026-02-18T10:12:34.6075797Z     'Strict-Transport-Security': 'REDACTED'
2026-02-18T10:12:34.6075816Z     'X-Content-Type-Options': 'REDACTED'
2026-02-18T10:12:34.6075834Z     'Date': 'Wed, 18 Feb 2026 10:12:33 GMT'
2026-02-18T10:12:34.6079941Z 2026-02-18 10:12:34,607 - azure.monitor.opentelemetry.exporter.export._base - INFO - Transmission succeeded: Item received: 3. Items accepted: 3
2026-02-18T10:12:34.7374908Z 2026-02-18 10:12:34,737 - azure.core.pipeline.policies.http_logging_policy - INFO - Request URL: 'https://westus2-2.in.applicationinsights.azure.com//v2.1/track'
2026-02-18T10:12:34.7375234Z Request method: 'POST'
2026-02-18T10:12:34.7375258Z Request headers:
2026-02-18T10:12:34.7375282Z     'Content-Type': 'application/json'
2026-02-18T10:12:34.7375369Z     'Content-Length': '3720'
2026-02-18T10:12:34.7375388Z     'Accept': 'application/json'
2026-02-18T10:12:34.7375405Z     'x-ms-client-request-id': '581f8f92-0cb2-11f1-b7fb-0adf85178b07'
2026-02-18T10:12:34.7375425Z     'User-Agent': 'azsdk-python-azuremonitorclient/unknown Python/3.11.14 (Linux-6.6.119.3-1.azl3-x86_64-with-glibc2.31)'
2026-02-18T10:12:34.7375440Z A body is sent with the request
2026-02-18T10:12:34.8423629Z 2026-02-18 10:12:34,842 - azure.core.pipeline.policies.http_logging_policy - INFO - Response status: 200
2026-02-18T10:12:34.8423950Z Response headers:
2026-02-18T10:12:34.8423974Z     'Transfer-Encoding': 'chunked'
2026-02-18T10:12:34.8423991Z     'Content-Type': 'application/json; charset=utf-8'
2026-02-18T10:12:34.8424007Z     'Server': 'Microsoft-HTTPAPI/2.0'
2026-02-18T10:12:34.8424025Z     'Strict-Transport-Security': 'REDACTED'
2026-02-18T10:12:34.8424110Z     'X-Content-Type-Options': 'REDACTED'
2026-02-18T10:12:34.8424127Z     'Date': 'Wed, 18 Feb 2026 10:12:34 GMT'
2026-02-18T10:12:34.8426724Z 2026-02-18 10:12:34,842 - azure.monitor.opentelemetry.exporter.export._base - INFO - Transmission succeeded: Item received: 3. Items accepted: 3
2026-02-18T10:12:39.6096294Z 2026-02-18 10:12:39,609 - azure.core.pipeline.policies.http_logging_policy - INFO - Request URL: 'https://westus2-2.in.applicationinsights.azure.com//v2.1/track'
2026-02-18T10:12:39.6096627Z Request method: 'POST'
2026-02-18T10:12:39.6096652Z Request headers:
2026-02-18T10:12:39.6096669Z     'Content-Type': 'application/json'
2026-02-18T10:12:39.6096686Z     'Content-Length': '3719'
2026-02-18T10:12:39.6096704Z     'Accept': 'application/json'
2026-02-18T10:12:39.6096722Z     'x-ms-client-request-id': '5b06fe3e-0cb2-11f1-a748-0adf85178b07'
2026-02-18T10:12:39.6096814Z     'User-Agent': 'azsdk-python-azuremonitorclient/unknown Python/3.11.14 (Linux-6.6.119.3-1.azl3-x86_64-with-glibc2.31)'
2026-02-18T10:12:39.6096832Z A body is sent with the request
2026-02-18T10:12:39.6845758Z 2026-02-18 10:12:39,684 - azure.core.pipeline.policies.http_logging_policy - INFO - Response status: 200
2026-02-18T10:12:39.6846054Z Response headers:
2026-02-18T10:12:39.6846082Z     'Transfer-Encoding': 'chunked'
2026-02-18T10:12:39.6846101Z     'Content-Type': 'application/json; charset=utf-8'
2026-02-18T10:12:39.6846125Z     'Server': 'Microsoft-HTTPAPI/2.0'
2026-02-18T10:12:39.6846150Z     'Strict-Transport-Security': 'REDACTED'
2026-02-18T10:12:39.6846169Z     'X-Content-Type-Options': 'REDACTED'
2026-02-18T10:12:39.6846188Z     'Date': 'Wed, 18 Feb 2026 10:12:39 GMT'
2026-02-18T10:12:39.6851173Z 2026-02-18 10:12:39,684 - azure.monitor.opentelemetry.exporter.export._base - INFO - Transmission succeeded: Item received: 3. Items accepted: 3
2026-02-18T10:12:39.8442036Z 2026-02-18 10:12:39,844 - azure.core.pipeline.policies.http_logging_policy - INFO - Request URL: 'https://westus2-2.in.applicationinsights.azure.com//v2.1/track'
2026-02-18T10:12:39.8442354Z Request method: 'POST'
2026-02-18T10:12:39.8442376Z Request headers:
2026-02-18T10:12:39.8442398Z     'Content-Type': 'application/json'
2026-02-18T10:12:39.8442418Z     'Content-Length': '3720'
2026-02-18T10:12:39.8442439Z     'Accept': 'application/json'
2026-02-18T10:12:39.8442458Z     'x-ms-client-request-id': '5b2aca62-0cb2-11f1-b7fb-0adf85178b07'
2026-02-18T10:12:39.8442478Z     'User-Agent': 'azsdk-python-azuremonitorclient/unknown Python/3.11.14 (Linux-6.6.119.3-1.azl3-x86_64-with-glibc2.31)'
2026-02-18T10:12:39.8442494Z A body is sent with the request
2026-02-18T10:12:39.9277582Z 2026-02-18 10:12:39,927 - azure.core.pipeline.policies.http_logging_policy - INFO - Response status: 200
2026-02-18T10:12:39.9278816Z Response headers:
2026-02-18T10:12:39.9278869Z     'Transfer-Encoding': 'chunked'
2026-02-18T10:12:39.9278898Z     'Content-Type': 'application/json; charset=utf-8'
2026-02-18T10:12:39.9278915Z     'Server': 'Microsoft-HTTPAPI/2.0'
2026-02-18T10:12:39.9278932Z     'Strict-Transport-Security': 'REDACTED'
2026-02-18T10:12:39.9278950Z     'X-Content-Type-Options': 'REDACTED'
2026-02-18T10:12:39.9278971Z     'Date': 'Wed, 18 Feb 2026 10:12:39 GMT'
2026-02-18T10:12:39.9290066Z 2026-02-18 10:12:39,928 - azure.monitor.opentelemetry.exporter.export._base - INFO - Transmission succeeded: Item received: 3. Items accepted: 3
2026-02-18T10:12:44.6866274Z 2026-02-18 10:12:44,686 - azure.core.pipeline.policies.http_logging_policy - INFO - Request URL: 'https://westus2-2.in.applicationinsights.azure.com//v2.1/track'
2026-02-18T10:12:44.6866602Z Request method: 'POST'
2026-02-18T10:12:44.6866626Z Request headers:
2026-02-18T10:12:44.6866645Z     'Content-Type': 'application/json'
2026-02-18T10:12:44.6866663Z     'Content-Length': '3719'
2026-02-18T10:12:44.6866682Z     'Accept': 'application/json'
2026-02-18T10:12:44.6866701Z     'x-ms-client-request-id': '5e0dae3e-0cb2-11f1-a748-0adf85178b07'
2026-02-18T10:12:44.6866724Z     'User-Agent': 'azsdk-python-azuremonitorclient/unknown Python/3.11.14 (Linux-6.6.119.3-1.azl3-x86_64-with-glibc2.31)'
2026-02-18T10:12:44.6866742Z A body is sent with the request
2026-02-18T10:12:44.8001950Z 2026-02-18 10:12:44,800 - azure.core.pipeline.policies.http_logging_policy - INFO - Response status: 200
2026-02-18T10:12:44.8002244Z Response headers:
2026-02-18T10:12:44.8002323Z     'Transfer-Encoding': 'chunked'
2026-02-18T10:12:44.8002342Z     'Content-Type': 'application/json; charset=utf-8'
2026-02-18T10:12:44.8002357Z     'Server': 'Microsoft-HTTPAPI/2.0'
2026-02-18T10:12:44.8002373Z     'Strict-Transport-Security': 'REDACTED'
2026-02-18T10:12:44.8002390Z     'X-Content-Type-Options': 'REDACTED'
2026-02-18T10:12:44.8002407Z     'Date': 'Wed, 18 Feb 2026 10:12:44 GMT'
2026-02-18T10:12:44.8008686Z 2026-02-18 10:12:44,800 - azure.monitor.opentelemetry.exporter.export._base - INFO - Transmission succeeded: Item received: 3. Items accepted: 3
2026-02-18T10:12:44.9308887Z 2026-02-18 10:12:44,930 - azure.core.pipeline.policies.http_logging_policy - INFO - Request URL: 'https://westus2-2.in.applicationinsights.azure.com//v2.1/track'
2026-02-18T10:12:44.9311080Z Request method: 'POST'
2026-02-18T10:12:44.9311128Z Request headers:
2026-02-18T10:12:44.9311211Z     'Content-Type': 'application/json'
2026-02-18T10:12:44.9311227Z     'Content-Length': '3719'
2026-02-18T10:12:44.9311242Z     'Accept': 'application/json'
2026-02-18T10:12:44.9311260Z     'x-ms-client-request-id': '5e32f4dc-0cb2-11f1-b7fb-0adf85178b07'
2026-02-18T10:12:44.9311280Z     'User-Agent': 'azsdk-python-azuremonitorclient/unknown Python/3.11.14 (Linux-6.6.119.3-1.azl3-x86_64-with-glibc2.31)'
2026-02-18T10:12:44.9311297Z A body is sent with the request
2026-02-18T10:12:45.0785312Z 2026-02-18 10:12:45,077 - azure.core.pipeline.policies.http_logging_policy - INFO - Response status: 200
2026-02-18T10:12:45.0785659Z Response headers:
2026-02-18T10:12:45.0785684Z     'Transfer-Encoding': 'chunked'
2026-02-18T10:12:45.0785707Z     'Content-Type': 'application/json; charset=utf-8'
2026-02-18T10:12:45.0785782Z     'Server': 'Microsoft-HTTPAPI/2.0'
2026-02-18T10:12:45.0785804Z     'Strict-Transport-Security': 'REDACTED'
2026-02-18T10:12:45.0785961Z     'X-Content-Type-Options': 'REDACTED'
2026-02-18T10:12:45.0785978Z     'Date': 'Wed, 18 Feb 2026 10:12:44 GMT'
2026-02-18T10:12:45.0794427Z 2026-02-18 10:12:45,078 - azure.monitor.opentelemetry.exporter.export._base - INFO - Transmission succeeded: Item received: 3. Items accepted: 3
2026-02-18T10:12:49.8031862Z 2026-02-18 10:12:49,802 - azure.core.pipeline.policies.http_logging_policy - INFO - Request URL: 'https://westus2-2.in.applicationinsights.azure.com//v2.1/track'
2026-02-18T10:12:49.8032149Z Request method: 'POST'
2026-02-18T10:12:49.8032174Z Request headers:
2026-02-18T10:12:49.8032191Z     'Content-Type': 'application/json'
2026-02-18T10:12:49.8032213Z     'Content-Length': '3720'
2026-02-18T10:12:49.8032289Z     'Accept': 'application/json'
2026-02-18T10:12:49.8032309Z     'x-ms-client-request-id': '611a654a-0cb2-11f1-a748-0adf85178b07'
2026-02-18T10:12:49.8032366Z     'User-Agent': 'azsdk-python-azuremonitorclient/unknown Python/3.11.14 (Linux-6.6.119.3-1.azl3-x86_64-with-glibc2.31)'
2026-02-18T10:12:49.8032385Z A body is sent with the request
2026-02-18T10:12:49.8521659Z 2026-02-18 10:12:49,851 - azure.core.pipeline.policies.http_logging_policy - INFO - Response status: 200
2026-02-18T10:12:49.8521948Z Response headers:
2026-02-18T10:12:49.8521972Z     'Transfer-Encoding': 'chunked'
2026-02-18T10:12:49.8521995Z     'Content-Type': 'application/json; charset=utf-8'
2026-02-18T10:12:49.8522012Z     'Server': 'Microsoft-HTTPAPI/2.0'
2026-02-18T10:12:49.8522030Z     'Strict-Transport-Security': 'REDACTED'
2026-02-18T10:12:49.8522049Z     'X-Content-Type-Options': 'REDACTED'
2026-02-18T10:12:49.8522109Z     'Date': 'Wed, 18 Feb 2026 10:12:49 GMT'
2026-02-18T10:12:49.8522125Z     'Connection': 'close'
2026-02-18T10:12:49.8540084Z 2026-02-18 10:12:49,853 - azure.monitor.opentelemetry.exporter.export._base - INFO - Transmission succeeded: Item received: 3. Items accepted: 3
2026-02-18T10:12:50.0806380Z 2026-02-18 10:12:50,080 - azure.core.pipeline.policies.http_logging_policy - INFO - Request URL: 'https://westus2-2.in.applicationinsights.azure.com//v2.1/track'
2026-02-18T10:12:50.0806671Z Request method: 'POST'
2026-02-18T10:12:50.0806698Z Request headers:
2026-02-18T10:12:50.0806723Z     'Content-Type': 'application/json'
2026-02-18T10:12:50.0806742Z     'Content-Length': '3718'
2026-02-18T10:12:50.0806759Z     'Accept': 'application/json'
2026-02-18T10:12:50.0806779Z     'x-ms-client-request-id': '6144be44-0cb2-11f1-b7fb-0adf85178b07'
2026-02-18T10:12:50.0806867Z     'User-Agent': 'azsdk-python-azuremonitorclient/unknown Python/3.11.14 (Linux-6.6.119.3-1.azl3-x86_64-with-glibc2.31)'
2026-02-18T10:12:50.0806888Z A body is sent with the request
2026-02-18T10:12:50.1802593Z 2026-02-18 10:12:50,179 - azure.core.pipeline.policies.http_logging_policy - INFO - Response status: 200
2026-02-18T10:12:50.1802959Z Response headers:
2026-02-18T10:12:50.1802982Z     'Transfer-Encoding': 'chunked'
2026-02-18T10:12:50.1803000Z     'Content-Type': 'application/json; charset=utf-8'
2026-02-18T10:12:50.1803018Z     'Server': 'Microsoft-HTTPAPI/2.0'
2026-02-18T10:12:50.1803036Z     'Strict-Transport-Security': 'REDACTED'
2026-02-18T10:12:50.1803053Z     'X-Content-Type-Options': 'REDACTED'
2026-02-18T10:12:50.1803073Z     'Date': 'Wed, 18 Feb 2026 10:12:49 GMT'
2026-02-18T10:12:50.1815674Z 2026-02-18 10:12:50,180 - azure.monitor.opentelemetry.exporter.export._base - INFO - Transmission succeeded: Item received: 3. Items accepted: 3
2026-02-18T10:12:54.8570505Z 2026-02-18 10:12:54,856 - azure.core.pipeline.policies.http_logging_policy - INFO - Request URL: 'https://westus2-2.in.applicationinsights.azure.com//v2.1/track'
2026-02-18T10:12:54.8571267Z Request method: 'POST'
2026-02-18T10:12:54.8571292Z Request headers:
2026-02-18T10:12:54.8571312Z     'Content-Type': 'application/json'
2026-02-18T10:12:54.8571336Z     'Content-Length': '3744'
2026-02-18T10:12:54.8571356Z     'Accept': 'application/json'
2026-02-18T10:12:54.8571377Z     'x-ms-client-request-id': '641d8aa6-0cb2-11f1-a748-0adf85178b07'
2026-02-18T10:12:54.8571401Z     'User-Agent': 'azsdk-python-azuremonitorclient/unknown Python/3.11.14 (Linux-6.6.119.3-1.azl3-x86_64-with-glibc2.31)'
2026-02-18T10:12:54.8571420Z A body is sent with the request
2026-02-18T10:12:55.0045400Z 2026-02-18 10:12:55,004 - azure.core.pipeline.policies.http_logging_policy - INFO - Response status: 200
2026-02-18T10:12:55.0045708Z Response headers:
2026-02-18T10:12:55.0045738Z     'Transfer-Encoding': 'chunked'
2026-02-18T10:12:55.0045758Z     'Content-Type': 'application/json; charset=utf-8'
2026-02-18T10:12:55.0045778Z     'Server': 'Microsoft-HTTPAPI/2.0'
2026-02-18T10:12:55.0045795Z     'Strict-Transport-Security': 'REDACTED'
2026-02-18T10:12:55.0045814Z     'X-Content-Type-Options': 'REDACTED'
2026-02-18T10:12:55.0045839Z     'Date': 'Wed, 18 Feb 2026 10:12:54 GMT'
2026-02-18T10:12:55.0051040Z 2026-02-18 10:12:55,004 - azure.monitor.opentelemetry.exporter.export._base - INFO - Transmission succeeded: Item received: 3. Items accepted: 3
2026-02-18T10:12:55.1829923Z 2026-02-18 10:12:55,182 - azure.core.pipeline.policies.http_logging_policy - INFO - Request URL: 'https://westus2-2.in.applicationinsights.azure.com//v2.1/track'
2026-02-18T10:12:55.1830234Z Request method: 'POST'
2026-02-18T10:12:55.1830257Z Request headers:
2026-02-18T10:12:55.1830276Z     'Content-Type': 'application/json'
2026-02-18T10:12:55.1830294Z     'Content-Length': '3720'
2026-02-18T10:12:55.1830310Z     'Accept': 'application/json'
2026-02-18T10:12:55.1830329Z     'x-ms-client-request-id': '644f4be0-0cb2-11f1-b7fb-0adf85178b07'
2026-02-18T10:12:55.1830350Z     'User-Agent': 'azsdk-python-azuremonitorclient/unknown Python/3.11.14 (Linux-6.6.119.3-1.azl3-x86_64-with-glibc2.31)'
2026-02-18T10:12:55.1830367Z A body is sent with the request
2026-02-18T10:12:55.2265848Z 2026-02-18 10:12:55,226 - azure.core.pipeline.policies.http_logging_policy - INFO - Response status: 200
2026-02-18T10:12:55.2266156Z Response headers:
2026-02-18T10:12:55.2266222Z     'Transfer-Encoding': 'chunked'
2026-02-18T10:12:55.2266245Z     'Content-Type': 'application/json; charset=utf-8'
2026-02-18T10:12:55.2266261Z     'Server': 'Microsoft-HTTPAPI/2.0'
2026-02-18T10:12:55.2266279Z     'Strict-Transport-Security': 'REDACTED'
2026-02-18T10:12:55.2266295Z     'X-Content-Type-Options': 'REDACTED'
2026-02-18T10:12:55.2266310Z     'Date': 'Wed, 18 Feb 2026 10:12:54 GMT'
2026-02-18T10:12:55.2272954Z 2026-02-18 10:12:55,226 - azure.monitor.opentelemetry.exporter.export._base - INFO - Transmission succeeded: Item received: 3. Items accepted: 3
2026-02-18T10:13:00.0094424Z 2026-02-18 10:13:00,009 - azure.core.pipeline.policies.http_logging_policy - INFO - Request URL: 'https://westus2-2.in.applicationinsights.azure.com//v2.1/track'
2026-02-18T10:13:00.0094734Z Request method: 'POST'
2026-02-18T10:13:00.0094756Z Request headers:
2026-02-18T10:13:00.0094832Z     'Content-Type': 'application/json'
2026-02-18T10:13:00.0094850Z     'Content-Length': '3719'
2026-02-18T10:13:00.0094867Z     'Accept': 'application/json'
2026-02-18T10:13:00.0094885Z     'x-ms-client-request-id': '672fc1fa-0cb2-11f1-a748-0adf85178b07'
2026-02-18T10:13:00.0094905Z     'User-Agent': 'azsdk-python-azuremonitorclient/unknown Python/3.11.14 (Linux-6.6.119.3-1.azl3-x86_64-with-glibc2.31)'
2026-02-18T10:13:00.0094924Z A body is sent with the request
2026-02-18T10:13:00.2285248Z 2026-02-18 10:13:00,228 - azure.core.pipeline.policies.http_logging_policy - INFO - Request URL: 'https://westus2-2.in.applicationinsights.azure.com//v2.1/track'
2026-02-18T10:13:00.2285534Z Request method: 'POST'
2026-02-18T10:13:00.2285554Z Request headers:
2026-02-18T10:13:00.2285573Z     'Content-Type': 'application/json'
2026-02-18T10:13:00.2285646Z     'Content-Length': '3719'
2026-02-18T10:13:00.2285663Z     'Accept': 'application/json'
2026-02-18T10:13:00.2285680Z     'x-ms-client-request-id': '675130ba-0cb2-11f1-b7fb-0adf85178b07'
2026-02-18T10:13:00.2285701Z     'User-Agent': 'azsdk-python-azuremonitorclient/unknown Python/3.11.14 (Linux-6.6.119.3-1.azl3-x86_64-with-glibc2.31)'
2026-02-18T10:13:00.2285717Z A body is sent with the request
2026-02-18T10:13:00.2328907Z 2026-02-18 10:13:00,232 - azure.core.pipeline.policies.http_logging_policy - INFO - Response status: 200
2026-02-18T10:13:00.2329035Z Response headers:
2026-02-18T10:13:00.2329061Z     'Transfer-Encoding': 'chunked'
2026-02-18T10:13:00.2329077Z     'Content-Type': 'application/json; charset=utf-8'
2026-02-18T10:13:00.2329094Z     'Server': 'Microsoft-HTTPAPI/2.0'
2026-02-18T10:13:00.2329109Z     'Strict-Transport-Security': 'REDACTED'
2026-02-18T10:13:00.2329158Z     'X-Content-Type-Options': 'REDACTED'
2026-02-18T10:13:00.2329176Z     'Date': 'Wed, 18 Feb 2026 10:12:59 GMT'
2026-02-18T10:13:00.2342357Z 2026-02-18 10:13:00,233 - azure.monitor.opentelemetry.exporter.export._base - INFO - Transmission succeeded: Item received: 3. Items accepted: 3
2026-02-18T10:13:00.2873179Z 2026-02-18 10:13:00,287 - azure.core.pipeline.policies.http_logging_policy - INFO - Response status: 200
2026-02-18T10:13:00.2873713Z Response headers:
2026-02-18T10:13:00.2873741Z     'Transfer-Encoding': 'chunked'
2026-02-18T10:13:00.2873763Z     'Content-Type': 'application/json; charset=utf-8'
2026-02-18T10:13:00.2873780Z     'Server': 'Microsoft-HTTPAPI/2.0'
2026-02-18T10:13:00.2873798Z     'Strict-Transport-Security': 'REDACTED'
2026-02-18T10:13:00.2873817Z     'X-Content-Type-Options': 'REDACTED'
2026-02-18T10:13:00.2873870Z     'Date': 'Wed, 18 Feb 2026 10:13:00 GMT'
2026-02-18T10:13:00.2877035Z 2026-02-18 10:13:00,287 - azure.monitor.opentelemetry.exporter.export._base - INFO - Transmission succeeded: Item received: 3. Items accepted: 3
2026-02-18T10:13:05.2356895Z 2026-02-18 10:13:05,235 - azure.core.pipeline.policies.http_logging_policy - INFO - Request URL: 'https://westus2-2.in.applicationinsights.azure.com//v2.1/track'
2026-02-18T10:13:05.2357231Z Request method: 'POST'
2026-02-18T10:13:05.2357255Z Request headers:
2026-02-18T10:13:05.2357277Z     'Content-Type': 'application/json'
2026-02-18T10:13:05.2357296Z     'Content-Length': '3719'
2026-02-18T10:13:05.2357314Z     'Accept': 'application/json'
2026-02-18T10:13:05.2357333Z     'x-ms-client-request-id': '6a4d38e0-0cb2-11f1-a748-0adf85178b07'
2026-02-18T10:13:05.2357410Z     'User-Agent': 'azsdk-python-azuremonitorclient/unknown Python/3.11.14 (Linux-6.6.119.3-1.azl3-x86_64-with-glibc2.31)'
2026-02-18T10:13:05.2357433Z A body is sent with the request
2026-02-18T10:13:05.2895738Z 2026-02-18 10:13:05,289 - azure.core.pipeline.policies.http_logging_policy - INFO - Request URL: 'https://westus2-2.in.applicationinsights.azure.com//v2.1/track'
2026-02-18T10:13:05.2896048Z Request method: 'POST'
2026-02-18T10:13:05.2896244Z Request headers:
2026-02-18T10:13:05.2896271Z     'Content-Type': 'application/json'
2026-02-18T10:13:05.2896289Z     'Content-Length': '3720'
2026-02-18T10:13:05.2896312Z     'Accept': 'application/json'
2026-02-18T10:13:05.2896333Z     'x-ms-client-request-id': '6a556fb0-0cb2-11f1-b7fb-0adf85178b07'
2026-02-18T10:13:05.2896359Z     'User-Agent': 'azsdk-python-azuremonitorclient/unknown Python/3.11.14 (Linux-6.6.119.3-1.azl3-x86_64-with-glibc2.31)'
2026-02-18T10:13:05.2896377Z A body is sent with the request
2026-02-18T10:13:05.3266826Z 2026-02-18 10:13:05,326 - azure.core.pipeline.policies.http_logging_policy - INFO - Response status: 200
2026-02-18T10:13:05.3267116Z Response headers:
2026-02-18T10:13:05.3267139Z     'Transfer-Encoding': 'chunked'
2026-02-18T10:13:05.3267157Z     'Content-Type': 'application/json; charset=utf-8'
2026-02-18T10:13:05.3267174Z     'Server': 'Microsoft-HTTPAPI/2.0'
2026-02-18T10:13:05.3267192Z     'Strict-Transport-Security': 'REDACTED'
2026-02-18T10:13:05.3267215Z     'X-Content-Type-Options': 'REDACTED'
2026-02-18T10:13:05.3267233Z     'Date': 'Wed, 18 Feb 2026 10:13:04 GMT'
2026-02-18T10:13:05.3270495Z 2026-02-18 10:13:05,326 - azure.monitor.opentelemetry.exporter.export._base - INFO - Transmission succeeded: Item received: 3. Items accepted: 3
2026-02-18T10:13:05.3574875Z 2026-02-18 10:13:05,357 - azure.core.pipeline.policies.http_logging_policy - INFO - Response status: 200
2026-02-18T10:13:05.3575098Z Response headers:
2026-02-18T10:13:05.3575121Z     'Transfer-Encoding': 'chunked'
2026-02-18T10:13:05.3575141Z     'Content-Type': 'application/json; charset=utf-8'
2026-02-18T10:13:05.3575158Z     'Server': 'Microsoft-HTTPAPI/2.0'
2026-02-18T10:13:05.3575176Z     'Strict-Transport-Security': 'REDACTED'
2026-02-18T10:13:05.3575197Z     'X-Content-Type-Options': 'REDACTED'
2026-02-18T10:13:05.3575219Z     'Date': 'Wed, 18 Feb 2026 10:13:05 GMT'
2026-02-18T10:13:05.3579168Z 2026-02-18 10:13:05,357 - azure.monitor.opentelemetry.exporter.export._base - INFO - Transmission succeeded: Item received: 3. Items accepted: 3
2026-02-18T10:13:10.3287118Z 2026-02-18 10:13:10,328 - azure.core.pipeline.policies.http_logging_policy - INFO - Request URL: 'https://westus2-2.in.applicationinsights.azure.com//v2.1/track'
2026-02-18T10:13:10.3287529Z Request method: 'POST'
2026-02-18T10:13:10.3287551Z Request headers:
2026-02-18T10:13:10.3287570Z     'Content-Type': 'application/json'
2026-02-18T10:13:10.3287587Z     'Content-Length': '3720'
2026-02-18T10:13:10.3287605Z     'Accept': 'application/json'
2026-02-18T10:13:10.3287623Z     'x-ms-client-request-id': '6d565ab2-0cb2-11f1-a748-0adf85178b07'
2026-02-18T10:13:10.3287645Z     'User-Agent': 'azsdk-python-azuremonitorclient/unknown Python/3.11.14 (Linux-6.6.119.3-1.azl3-x86_64-with-glibc2.31)'
2026-02-18T10:13:10.3287663Z A body is sent with the request
2026-02-18T10:13:10.3595657Z 2026-02-18 10:13:10,359 - azure.core.pipeline.policies.http_logging_policy - INFO - Request URL: 'https://westus2-2.in.applicationinsights.azure.com//v2.1/track'
2026-02-18T10:13:10.3596015Z Request method: 'POST'
2026-02-18T10:13:10.3596080Z Request headers:
2026-02-18T10:13:10.3596102Z     'Content-Type': 'application/json'
2026-02-18T10:13:10.3596119Z     'Content-Length': '3720'
2026-02-18T10:13:10.3596134Z     'Accept': 'application/json'
2026-02-18T10:13:10.3596151Z     'x-ms-client-request-id': '6d5b116a-0cb2-11f1-b7fb-0adf85178b07'
2026-02-18T10:13:10.3596175Z     'User-Agent': 'azsdk-python-azuremonitorclient/unknown Python/3.11.14 (Linux-6.6.119.3-1.azl3-x86_64-with-glibc2.31)'
2026-02-18T10:13:10.3596194Z A body is sent with the request
2026-02-18T10:13:10.5015110Z 2026-02-18 10:13:10,501 - azure.core.pipeline.policies.http_logging_policy - INFO - Response status: 200
2026-02-18T10:13:10.5015456Z Response headers:
2026-02-18T10:13:10.5015484Z     'Transfer-Encoding': 'chunked'
2026-02-18T10:13:10.5015506Z     'Content-Type': 'application/json; charset=utf-8'
2026-02-18T10:13:10.5015585Z     'Server': 'Microsoft-HTTPAPI/2.0'
2026-02-18T10:13:10.5015603Z     'Strict-Transport-Security': 'REDACTED'
2026-02-18T10:13:10.5015619Z     'X-Content-Type-Options': 'REDACTED'
2026-02-18T10:13:10.5015638Z     'Date': 'Wed, 18 Feb 2026 10:13:09 GMT'
2026-02-18T10:13:10.5020586Z 2026-02-18 10:13:10,501 - azure.monitor.opentelemetry.exporter.export._base - INFO - Transmission succeeded: Item received: 3. Items accepted: 3
2026-02-18T10:13:10.7911074Z 2026-02-18 10:13:10,790 - azure.core.pipeline.policies.http_logging_policy - INFO - Response status: 200
2026-02-18T10:13:10.7911409Z Response headers:
2026-02-18T10:13:10.7911434Z     'Transfer-Encoding': 'chunked'
2026-02-18T10:13:10.7911452Z     'Content-Type': 'application/json; charset=utf-8'
2026-02-18T10:13:10.7911473Z     'Server': 'Microsoft-HTTPAPI/2.0'
2026-02-18T10:13:10.7911551Z     'Strict-Transport-Security': 'REDACTED'
2026-02-18T10:13:10.7911573Z     'X-Content-Type-Options': 'REDACTED'
2026-02-18T10:13:10.7911588Z     'Date': 'Wed, 18 Feb 2026 10:13:10 GMT'
2026-02-18T10:13:10.7919235Z 2026-02-18 10:13:10,791 - azure.monitor.opentelemetry.exporter.export._base - INFO - Transmission succeeded: Item received: 3. Items accepted: 3
2026-02-18T10:13:15.5036663Z 2026-02-18 10:13:15,503 - azure.core.pipeline.policies.http_logging_policy - INFO - Request URL: 'https://westus2-2.in.applicationinsights.azure.com//v2.1/track'
2026-02-18T10:13:15.5036992Z Request method: 'POST'
2026-02-18T10:13:15.5037017Z Request headers:
2026-02-18T10:13:15.5037035Z     'Content-Type': 'application/json'
2026-02-18T10:13:15.5037055Z     'Content-Length': '3720'
2026-02-18T10:13:15.5037079Z     'Accept': 'application/json'
2026-02-18T10:13:15.5037159Z     'x-ms-client-request-id': '706bfd2e-0cb2-11f1-a748-0adf85178b07'
2026-02-18T10:13:15.5037182Z     'User-Agent': 'azsdk-python-azuremonitorclient/unknown Python/3.11.14 (Linux-6.6.119.3-1.azl3-x86_64-with-glibc2.31)'
2026-02-18T10:13:15.5037203Z A body is sent with the request
2026-02-18T10:13:15.6514226Z 2026-02-18 10:13:15,651 - azure.core.pipeline.policies.http_logging_policy - INFO - Response status: 200
2026-02-18T10:13:15.6514528Z Response headers:
2026-02-18T10:13:15.6514552Z     'Transfer-Encoding': 'chunked'
2026-02-18T10:13:15.6514570Z     'Content-Type': 'application/json; charset=utf-8'
2026-02-18T10:13:15.6514587Z     'Server': 'Microsoft-HTTPAPI/2.0'
2026-02-18T10:13:15.6514603Z     'Strict-Transport-Security': 'REDACTED'
2026-02-18T10:13:15.6514625Z     'X-Content-Type-Options': 'REDACTED'
2026-02-18T10:13:15.6514645Z     'Date': 'Wed, 18 Feb 2026 10:13:14 GMT'
2026-02-18T10:13:15.6520842Z 2026-02-18 10:13:15,651 - azure.monitor.opentelemetry.exporter.export._base - INFO - Transmission succeeded: Item received: 3. Items accepted: 3
2026-02-18T10:13:15.7951838Z 2026-02-18 10:13:15,793 - azure.core.pipeline.policies.http_logging_policy - INFO - Request URL: 'https://westus2-2.in.applicationinsights.azure.com//v2.1/track'
2026-02-18T10:13:15.7952162Z Request method: 'POST'
2026-02-18T10:13:15.7952185Z Request headers:
2026-02-18T10:13:15.7952205Z     'Content-Type': 'application/json'
2026-02-18T10:13:15.7952222Z     'Content-Length': '3720'
2026-02-18T10:13:15.7952242Z     'Accept': 'application/json'
2026-02-18T10:13:15.7952285Z     'x-ms-client-request-id': '70983646-0cb2-11f1-b7fb-0adf85178b07'
2026-02-18T10:13:15.7952311Z     'User-Agent': 'azsdk-python-azuremonitorclient/unknown Python/3.11.14 (Linux-6.6.119.3-1.azl3-x86_64-with-glibc2.31)'
2026-02-18T10:13:15.7952383Z A body is sent with the request
2026-02-18T10:13:15.8612386Z 2026-02-18 10:13:15,860 - azure.core.pipeline.policies.http_logging_policy - INFO - Response status: 200
2026-02-18T10:13:15.8612708Z Response headers:
2026-02-18T10:13:15.8612738Z     'Transfer-Encoding': 'chunked'
2026-02-18T10:13:15.8612758Z     'Content-Type': 'application/json; charset=utf-8'
2026-02-18T10:13:15.8612775Z     'Server': 'Microsoft-HTTPAPI/2.0'
2026-02-18T10:13:15.8612792Z     'Strict-Transport-Security': 'REDACTED'
2026-02-18T10:13:15.8612807Z     'X-Content-Type-Options': 'REDACTED'
2026-02-18T10:13:15.8612824Z     'Date': 'Wed, 18 Feb 2026 10:13:15 GMT'
2026-02-18T10:13:15.8616879Z 2026-02-18 10:13:15,861 - azure.monitor.opentelemetry.exporter.export._base - INFO - Transmission succeeded: Item received: 3. Items accepted: 3
2026-02-18T10:13:20.6537310Z 2026-02-18 10:13:20,653 - azure.core.pipeline.policies.http_logging_policy - INFO - Request URL: 'https://westus2-2.in.applicationinsights.azure.com//v2.1/track'
2026-02-18T10:13:20.6537629Z Request method: 'POST'
2026-02-18T10:13:20.6537660Z Request headers:
2026-02-18T10:13:20.6537689Z     'Content-Type': 'application/json'
2026-02-18T10:13:20.6537714Z     'Content-Length': '3719'
2026-02-18T10:13:20.6537738Z     'Accept': 'application/json'
2026-02-18T10:13:20.6537761Z     'x-ms-client-request-id': '737dd19a-0cb2-11f1-a748-0adf85178b07'
2026-02-18T10:13:20.6537786Z     'User-Agent': 'azsdk-python-azuremonitorclient/unknown Python/3.11.14 (Linux-6.6.119.3-1.azl3-x86_64-with-glibc2.31)'
2026-02-18T10:13:20.6537813Z A body is sent with the request
2026-02-18T10:13:20.7916753Z 2026-02-18 10:13:20,791 - azure.core.pipeline.policies.http_logging_policy - INFO - Response status: 200
2026-02-18T10:13:20.7917100Z Response headers:
2026-02-18T10:13:20.7917126Z     'Transfer-Encoding': 'chunked'
2026-02-18T10:13:20.7917148Z     'Content-Type': 'application/json; charset=utf-8'
2026-02-18T10:13:20.7917166Z     'Server': 'Microsoft-HTTPAPI/2.0'
2026-02-18T10:13:20.7917184Z     'Strict-Transport-Security': 'REDACTED'
2026-02-18T10:13:20.7917202Z     'X-Content-Type-Options': 'REDACTED'
2026-02-18T10:13:20.7917219Z     'Date': 'Wed, 18 Feb 2026 10:13:19 GMT'
2026-02-18T10:13:20.7925140Z 2026-02-18 10:13:20,792 - azure.monitor.opentelemetry.exporter.export._base - INFO - Transmission succeeded: Item received: 3. Items accepted: 3
2026-02-18T10:13:20.8633459Z 2026-02-18 10:13:20,863 - azure.core.pipeline.policies.http_logging_policy - INFO - Request URL: 'https://westus2-2.in.applicationinsights.azure.com//v2.1/track'
2026-02-18T10:13:20.8634047Z Request method: 'POST'
2026-02-18T10:13:20.8634122Z Request headers:
2026-02-18T10:13:20.8634140Z     'Content-Type': 'application/json'
2026-02-18T10:13:20.8634156Z     'Content-Length': '3720'
2026-02-18T10:13:20.8634170Z     'Accept': 'application/json'
2026-02-18T10:13:20.8634188Z     'x-ms-client-request-id': '739dd012-0cb2-11f1-b7fb-0adf85178b07'
2026-02-18T10:13:20.8634208Z     'User-Agent': 'azsdk-python-azuremonitorclient/unknown Python/3.11.14 (Linux-6.6.119.3-1.azl3-x86_64-with-glibc2.31)'
2026-02-18T10:13:20.8634224Z A body is sent with the request
2026-02-18T10:13:20.9304520Z 2026-02-18 10:13:20,930 - azure.core.pipeline.policies.http_logging_policy - INFO - Response status: 200
2026-02-18T10:13:20.9304796Z Response headers:
2026-02-18T10:13:20.9304824Z     'Transfer-Encoding': 'chunked'
2026-02-18T10:13:20.9304845Z     'Content-Type': 'application/json; charset=utf-8'
2026-02-18T10:13:20.9304899Z     'Server': 'Microsoft-HTTPAPI/2.0'
2026-02-18T10:13:20.9304916Z     'Strict-Transport-Security': 'REDACTED'
2026-02-18T10:13:20.9304934Z     'X-Content-Type-Options': 'REDACTED'
2026-02-18T10:13:20.9304952Z     'Date': 'Wed, 18 Feb 2026 10:13:20 GMT'
2026-02-18T10:13:20.9312691Z 2026-02-18 10:13:20,930 - azure.monitor.opentelemetry.exporter.export._base - INFO - Transmission succeeded: Item received: 3. Items accepted: 3
2026-02-18T10:13:25.7951423Z 2026-02-18 10:13:25,794 - azure.core.pipeline.policies.http_logging_policy - INFO - Request URL: 'https://westus2-2.in.applicationinsights.azure.com//v2.1/track'
2026-02-18T10:13:25.7951748Z Request method: 'POST'
2026-02-18T10:13:25.7951772Z Request headers:
2026-02-18T10:13:25.7951793Z     'Content-Type': 'application/json'
2026-02-18T10:13:25.7951813Z     'Content-Length': '3720'
2026-02-18T10:13:25.7951897Z     'Accept': 'application/json'
2026-02-18T10:13:25.7951918Z     'x-ms-client-request-id': '768e55c6-0cb2-11f1-a748-0adf85178b07'
2026-02-18T10:13:25.7951941Z     'User-Agent': 'azsdk-python-azuremonitorclient/unknown Python/3.11.14 (Linux-6.6.119.3-1.azl3-x86_64-with-glibc2.31)'
2026-02-18T10:13:25.7951962Z A body is sent with the request
2026-02-18T10:13:25.9328527Z 2026-02-18 10:13:25,932 - azure.core.pipeline.policies.http_logging_policy - INFO - Request URL: 'https://westus2-2.in.applicationinsights.azure.com//v2.1/track'
2026-02-18T10:13:25.9329174Z Request method: 'POST'
2026-02-18T10:13:25.9329210Z Request headers:
2026-02-18T10:13:25.9329228Z     'Content-Type': 'application/json'
2026-02-18T10:13:25.9329246Z     'Content-Length': '3720'
2026-02-18T10:13:25.9329265Z     'Accept': 'application/json'
2026-02-18T10:13:25.9329339Z     'x-ms-client-request-id': '76a35a70-0cb2-11f1-b7fb-0adf85178b07'
2026-02-18T10:13:25.9329366Z     'User-Agent': 'azsdk-python-azuremonitorclient/unknown Python/3.11.14 (Linux-6.6.119.3-1.azl3-x86_64-with-glibc2.31)'
2026-02-18T10:13:25.9329383Z A body is sent with the request
2026-02-18T10:13:26.2518446Z 2026-02-18 10:13:26,251 - azure.core.pipeline.policies.http_logging_policy - INFO - Response status: 200
2026-02-18T10:13:26.2518808Z Response headers:
2026-02-18T10:13:26.2518839Z     'Transfer-Encoding': 'chunked'
2026-02-18T10:13:26.2518867Z     'Content-Type': 'application/json; charset=utf-8'
2026-02-18T10:13:26.2518888Z     'Server': 'Microsoft-HTTPAPI/2.0'
2026-02-18T10:13:26.2518913Z     'Strict-Transport-Security': 'REDACTED'
2026-02-18T10:13:26.2518935Z     'X-Content-Type-Options': 'REDACTED'
2026-02-18T10:13:26.2518952Z     'Date': 'Wed, 18 Feb 2026 10:13:25 GMT'
2026-02-18T10:13:26.2522923Z 2026-02-18 10:13:26,252 - azure.monitor.opentelemetry.exporter.export._base - INFO - Transmission succeeded: Item received: 3. Items accepted: 3
2026-02-18T10:13:26.5334405Z 2026-02-18 10:13:26,533 - azure.core.pipeline.policies.http_logging_policy - INFO - Response status: 200
2026-02-18T10:13:26.5334706Z Response headers:
2026-02-18T10:13:26.5334731Z     'Transfer-Encoding': 'chunked'
2026-02-18T10:13:26.5334748Z     'Content-Type': 'application/json; charset=utf-8'
2026-02-18T10:13:26.5334766Z     'Server': 'Microsoft-HTTPAPI/2.0'
2026-02-18T10:13:26.5334785Z     'Strict-Transport-Security': 'REDACTED'
2026-02-18T10:13:26.5334805Z     'X-Content-Type-Options': 'REDACTED'
2026-02-18T10:13:26.5334826Z     'Date': 'Wed, 18 Feb 2026 10:13:25 GMT'
2026-02-18T10:13:26.5346163Z 2026-02-18 10:13:26,534 - azure.monitor.opentelemetry.exporter.export._base - INFO - Transmission succeeded: Item received: 3. Items accepted: 3
2026-02-18T10:13:31.2554756Z 2026-02-18 10:13:31,255 - azure.core.pipeline.policies.http_logging_policy - INFO - Request URL: 'https://westus2-2.in.applicationinsights.azure.com//v2.1/track'
2026-02-18T10:13:31.2555100Z Request method: 'POST'
2026-02-18T10:13:31.2555125Z Request headers:
2026-02-18T10:13:31.2555150Z     'Content-Type': 'application/json'
2026-02-18T10:13:31.2555169Z     'Content-Length': '3720'
2026-02-18T10:13:31.2555186Z     'Accept': 'application/json'
2026-02-18T10:13:31.2555206Z     'x-ms-client-request-id': '79cf7be8-0cb2-11f1-b7fb-0adf85178b07'
2026-02-18T10:13:31.2555234Z     'User-Agent': 'azsdk-python-azuremonitorclient/unknown Python/3.11.14 (Linux-6.6.119.3-1.azl3-x86_64-with-glibc2.31)'
2026-02-18T10:13:31.2555250Z A body is sent with the request
2026-02-18T10:13:31.5367988Z 2026-02-18 10:13:31,536 - azure.core.pipeline.policies.http_logging_policy - INFO - Request URL: 'https://westus2-2.in.applicationinsights.azure.com//v2.1/track'
2026-02-18T10:13:31.5368435Z Request method: 'POST'
2026-02-18T10:13:31.5368463Z Request headers:
2026-02-18T10:13:31.5368482Z     'Content-Type': 'application/json'
2026-02-18T10:13:31.5368499Z     'Content-Length': '3720'
2026-02-18T10:13:31.5368514Z     'Accept': 'application/json'
2026-02-18T10:13:31.5368530Z     'x-ms-client-request-id': '79fa741a-0cb2-11f1-a748-0adf85178b07'
2026-02-18T10:13:31.5368552Z     'User-Agent': 'azsdk-python-azuremonitorclient/unknown Python/3.11.14 (Linux-6.6.119.3-1.azl3-x86_64-with-glibc2.31)'
2026-02-18T10:13:31.5368574Z A body is sent with the request
2026-02-18T10:13:31.5982040Z 2026-02-18 10:13:31,598 - azure.core.pipeline.policies.http_logging_policy - INFO - Response status: 200
2026-02-18T10:13:31.5982407Z Response headers:
2026-02-18T10:13:31.5982434Z     'Transfer-Encoding': 'chunked'
2026-02-18T10:13:31.5982456Z     'Content-Type': 'application/json; charset=utf-8'
2026-02-18T10:13:31.5982474Z     'Server': 'Microsoft-HTTPAPI/2.0'
2026-02-18T10:13:31.5982491Z     'Strict-Transport-Security': 'REDACTED'
2026-02-18T10:13:31.5982507Z     'X-Content-Type-Options': 'REDACTED'
2026-02-18T10:13:31.5982522Z     'Date': 'Wed, 18 Feb 2026 10:13:31 GMT'
2026-02-18T10:13:31.5992408Z 2026-02-18 10:13:31,598 - azure.monitor.opentelemetry.exporter.export._base - INFO - Transmission succeeded: Item received: 3. Items accepted: 3
2026-02-18T10:13:31.7261709Z 2026-02-18 10:13:31,725 - azure.core.pipeline.policies.http_logging_policy - INFO - Response status: 200
2026-02-18T10:13:31.7262111Z Response headers:
2026-02-18T10:13:31.7262140Z     'Transfer-Encoding': 'chunked'
2026-02-18T10:13:31.7262211Z     'Content-Type': 'application/json; charset=utf-8'
2026-02-18T10:13:31.7262230Z     'Server': 'Microsoft-HTTPAPI/2.0'
2026-02-18T10:13:31.7262252Z     'Strict-Transport-Security': 'REDACTED'
2026-02-18T10:13:31.7262275Z     'X-Content-Type-Options': 'REDACTED'
2026-02-18T10:13:31.7262295Z     'Date': 'Wed, 18 Feb 2026 10:13:30 GMT'
2026-02-18T10:13:31.7262469Z 2026-02-18 10:13:31,725 - azure.monitor.opentelemetry.exporter.export._base - INFO - Transmission succeeded: Item received: 3. Items accepted: 3
2026-02-18T10:13:36.6005371Z 2026-02-18 10:13:36,600 - azure.core.pipeline.policies.http_logging_policy - INFO - Request URL: 'https://westus2-2.in.applicationinsights.azure.com//v2.1/track'
2026-02-18T10:13:36.6005832Z Request method: 'POST'
2026-02-18T10:13:36.6005858Z Request headers:
2026-02-18T10:13:36.6005940Z     'Content-Type': 'application/json'
2026-02-18T10:13:36.6005957Z     'Content-Length': '3719'
2026-02-18T10:13:36.6005978Z     'Accept': 'application/json'
2026-02-18T10:13:36.6005998Z     'x-ms-client-request-id': '7cff1986-0cb2-11f1-b7fb-0adf85178b07'
2026-02-18T10:13:36.6006018Z     'User-Agent': 'azsdk-python-azuremonitorclient/unknown Python/3.11.14 (Linux-6.6.119.3-1.azl3-x86_64-with-glibc2.31)'
2026-02-18T10:13:36.6006034Z A body is sent with the request
2026-02-18T10:13:36.6615846Z 2026-02-18 10:13:36,661 - azure.core.pipeline.policies.http_logging_policy - INFO - Response status: 200
2026-02-18T10:13:36.6616428Z Response headers:
2026-02-18T10:13:36.6616459Z     'Transfer-Encoding': 'chunked'
2026-02-18T10:13:36.6616477Z     'Content-Type': 'application/json; charset=utf-8'
2026-02-18T10:13:36.6616495Z     'Server': 'Microsoft-HTTPAPI/2.0'
2026-02-18T10:13:36.6616542Z     'Strict-Transport-Security': 'REDACTED'
2026-02-18T10:13:36.6616560Z     'X-Content-Type-Options': 'REDACTED'
2026-02-18T10:13:36.6616581Z     'Date': 'Wed, 18 Feb 2026 10:13:36 GMT'
2026-02-18T10:13:36.6622275Z 2026-02-18 10:13:36,661 - azure.monitor.opentelemetry.exporter.export._base - INFO - Transmission succeeded: Item received: 3. Items accepted: 3
2026-02-18T10:13:36.7276839Z 2026-02-18 10:13:36,727 - azure.core.pipeline.policies.http_logging_policy - INFO - Request URL: 'https://westus2-2.in.applicationinsights.azure.com//v2.1/track'
2026-02-18T10:13:36.7277110Z Request method: 'POST'
2026-02-18T10:13:36.7277137Z Request headers:
2026-02-18T10:13:36.7277167Z     'Content-Type': 'application/json'
2026-02-18T10:13:36.7277191Z     'Content-Length': '3720'
2026-02-18T10:13:36.7277214Z     'Accept': 'application/json'
2026-02-18T10:13:36.7277289Z     'x-ms-client-request-id': '7d127e54-0cb2-11f1-a748-0adf85178b07'
2026-02-18T10:13:36.7277318Z     'User-Agent': 'azsdk-python-azuremonitorclient/unknown Python/3.11.14 (Linux-6.6.119.3-1.azl3-x86_64-with-glibc2.31)'
2026-02-18T10:13:36.7277340Z A body is sent with the request
2026-02-18T10:13:36.7918625Z 2026-02-18 10:13:36,791 - azure.core.pipeline.policies.http_logging_policy - INFO - Response status: 200
2026-02-18T10:13:36.7918878Z Response headers:
2026-02-18T10:13:36.7918904Z     'Transfer-Encoding': 'chunked'
2026-02-18T10:13:36.7918926Z     'Content-Type': 'application/json; charset=utf-8'
2026-02-18T10:13:36.7918948Z     'Server': 'Microsoft-HTTPAPI/2.0'
2026-02-18T10:13:36.7918973Z     'Strict-Transport-Security': 'REDACTED'
2026-02-18T10:13:36.7918992Z     'X-Content-Type-Options': 'REDACTED'
2026-02-18T10:13:36.7919009Z     'Date': 'Wed, 18 Feb 2026 10:13:35 GMT'
2026-02-18T10:13:36.7925764Z 2026-02-18 10:13:36,792 - azure.monitor.opentelemetry.exporter.export._base - INFO - Transmission succeeded: Item received: 3. Items accepted: 3
2026-02-18T10:13:41.6637208Z 2026-02-18 10:13:41,663 - azure.core.pipeline.policies.http_logging_policy - INFO - Request URL: 'https://westus2-2.in.applicationinsights.azure.com//v2.1/track'
2026-02-18T10:13:41.6637606Z Request method: 'POST'
2026-02-18T10:13:41.6637632Z Request headers:
2026-02-18T10:13:41.6637649Z     'Content-Type': 'application/json'
2026-02-18T10:13:41.6637667Z     'Content-Length': '3720'
2026-02-18T10:13:41.6637688Z     'Accept': 'application/json'
2026-02-18T10:13:41.6637705Z     'x-ms-client-request-id': '8003b330-0cb2-11f1-b7fb-0adf85178b07'
2026-02-18T10:13:41.6637728Z     'User-Agent': 'azsdk-python-azuremonitorclient/unknown Python/3.11.14 (Linux-6.6.119.3-1.azl3-x86_64-with-glibc2.31)'
2026-02-18T10:13:41.6637776Z A body is sent with the request
2026-02-18T10:13:41.7533367Z 2026-02-18 10:13:41,753 - azure.core.pipeline.policies.http_logging_policy - INFO - Response status: 200
2026-02-18T10:13:41.7533991Z Response headers:
2026-02-18T10:13:41.7534016Z     'Transfer-Encoding': 'chunked'
2026-02-18T10:13:41.7534033Z     'Content-Type': 'application/json; charset=utf-8'
2026-02-18T10:13:41.7534052Z     'Server': 'Microsoft-HTTPAPI/2.0'
2026-02-18T10:13:41.7534068Z     'Strict-Transport-Security': 'REDACTED'
2026-02-18T10:13:41.7534082Z     'X-Content-Type-Options': 'REDACTED'
2026-02-18T10:13:41.7534098Z     'Date': 'Wed, 18 Feb 2026 10:13:41 GMT'
2026-02-18T10:13:41.7541158Z 2026-02-18 10:13:41,753 - azure.monitor.opentelemetry.exporter.export._base - INFO - Transmission succeeded: Item received: 3. Items accepted: 3
2026-02-18T10:13:41.7947192Z 2026-02-18 10:13:41,794 - azure.core.pipeline.policies.http_logging_policy - INFO - Request URL: 'https://westus2-2.in.applicationinsights.azure.com//v2.1/track'
2026-02-18T10:13:41.7947400Z Request method: 'POST'
2026-02-18T10:13:41.7947422Z Request headers:
2026-02-18T10:13:41.7947440Z     'Content-Type': 'application/json'
2026-02-18T10:13:41.7947457Z     'Content-Length': '3720'
2026-02-18T10:13:41.7947477Z     'Accept': 'application/json'
2026-02-18T10:13:41.7947496Z     'x-ms-client-request-id': '8017b07e-0cb2-11f1-a748-0adf85178b07'
2026-02-18T10:13:41.7947518Z     'User-Agent': 'azsdk-python-azuremonitorclient/unknown Python/3.11.14 (Linux-6.6.119.3-1.azl3-x86_64-with-glibc2.31)'
2026-02-18T10:13:41.7947537Z A body is sent with the request
2026-02-18T10:13:41.8917055Z 2026-02-18 10:13:41,891 - azure.core.pipeline.policies.http_logging_policy - INFO - Response status: 200
2026-02-18T10:13:41.8917396Z Response headers:
2026-02-18T10:13:41.8917423Z     'Transfer-Encoding': 'chunked'
2026-02-18T10:13:41.8917438Z     'Content-Type': 'application/json; charset=utf-8'
2026-02-18T10:13:41.8917454Z     'Server': 'Microsoft-HTTPAPI/2.0'
2026-02-18T10:13:41.8917472Z     'Strict-Transport-Security': 'REDACTED'
2026-02-18T10:13:41.8917490Z     'X-Content-Type-Options': 'REDACTED'
2026-02-18T10:13:41.8917508Z     'Date': 'Wed, 18 Feb 2026 10:13:40 GMT'
2026-02-18T10:13:41.8921490Z 2026-02-18 10:13:41,891 - azure.monitor.opentelemetry.exporter.export._base - INFO - Transmission succeeded: Item received: 3. Items accepted: 3
2026-02-18T10:13:46.7555927Z 2026-02-18 10:13:46,755 - azure.core.pipeline.policies.http_logging_policy - INFO - Request URL: 'https://westus2-2.in.applicationinsights.azure.com//v2.1/track'
2026-02-18T10:13:46.7556225Z Request method: 'POST'
2026-02-18T10:13:46.7556312Z Request headers:
2026-02-18T10:13:46.7556330Z     'Content-Type': 'application/json'
2026-02-18T10:13:46.7556347Z     'Content-Length': '3719'
2026-02-18T10:13:46.7556364Z     'Accept': 'application/json'
2026-02-18T10:13:46.7556383Z     'x-ms-client-request-id': '830ca870-0cb2-11f1-b7fb-0adf85178b07'
2026-02-18T10:13:46.7556408Z     'User-Agent': 'azsdk-python-azuremonitorclient/unknown Python/3.11.14 (Linux-6.6.119.3-1.azl3-x86_64-with-glibc2.31)'
2026-02-18T10:13:46.7556427Z A body is sent with the request
2026-02-18T10:13:46.8424821Z 2026-02-18 10:13:46,842 - azure.core.pipeline.policies.http_logging_policy - INFO - Response status: 200
2026-02-18T10:13:46.8425097Z Response headers:
2026-02-18T10:13:46.8425123Z     'Transfer-Encoding': 'chunked'
2026-02-18T10:13:46.8425147Z     'Content-Type': 'application/json; charset=utf-8'
2026-02-18T10:13:46.8425220Z     'Server': 'Microsoft-HTTPAPI/2.0'
2026-02-18T10:13:46.8425239Z     'Strict-Transport-Security': 'REDACTED'
2026-02-18T10:13:46.8425257Z     'X-Content-Type-Options': 'REDACTED'
2026-02-18T10:13:46.8425275Z     'Date': 'Wed, 18 Feb 2026 10:13:46 GMT'
2026-02-18T10:13:46.8431438Z 2026-02-18 10:13:46,842 - azure.monitor.opentelemetry.exporter.export._base - INFO - Transmission succeeded: Item received: 3. Items accepted: 3
2026-02-18T10:13:46.8938793Z 2026-02-18 10:13:46,893 - azure.core.pipeline.policies.http_logging_policy - INFO - Request URL: 'https://westus2-2.in.applicationinsights.azure.com//v2.1/track'
2026-02-18T10:13:46.8939091Z Request method: 'POST'
2026-02-18T10:13:46.8939121Z Request headers:
2026-02-18T10:13:46.8939147Z     'Content-Type': 'application/json'
2026-02-18T10:13:46.8939171Z     'Content-Length': '3720'
2026-02-18T10:13:46.8939247Z     'Accept': 'application/json'
2026-02-18T10:13:46.8939273Z     'x-ms-client-request-id': '8321c08e-0cb2-11f1-a748-0adf85178b07'
2026-02-18T10:13:46.8939303Z     'User-Agent': 'azsdk-python-azuremonitorclient/unknown Python/3.11.14 (Linux-6.6.119.3-1.azl3-x86_64-with-glibc2.31)'
2026-02-18T10:13:46.8939324Z A body is sent with the request
2026-02-18T10:13:46.9710316Z 2026-02-18 10:13:46,970 - azure.core.pipeline.policies.http_logging_policy - INFO - Response status: 200
2026-02-18T10:13:46.9710853Z Response headers:
2026-02-18T10:13:46.9710891Z     'Transfer-Encoding': 'chunked'
2026-02-18T10:13:46.9710914Z     'Content-Type': 'application/json; charset=utf-8'
2026-02-18T10:13:46.9710935Z     'Server': 'Microsoft-HTTPAPI/2.0'
2026-02-18T10:13:46.9710959Z     'Strict-Transport-Security': 'REDACTED'
2026-02-18T10:13:46.9711021Z     'X-Content-Type-Options': 'REDACTED'
2026-02-18T10:13:46.9711046Z     'Date': 'Wed, 18 Feb 2026 10:13:45 GMT'
2026-02-18T10:13:46.9717230Z 2026-02-18 10:13:46,971 - azure.monitor.opentelemetry.exporter.export._base - INFO - Transmission succeeded: Item received: 3. Items accepted: 3
2026-02-18T10:13:51.8443707Z 2026-02-18 10:13:51,844 - azure.core.pipeline.policies.http_logging_policy - INFO - Request URL: 'https://westus2-2.in.applicationinsights.azure.com//v2.1/track'
2026-02-18T10:13:51.8444004Z Request method: 'POST'
2026-02-18T10:13:51.8444031Z Request headers:
2026-02-18T10:13:51.8444054Z     'Content-Type': 'application/json'
2026-02-18T10:13:51.8444072Z     'Content-Length': '3719'
2026-02-18T10:13:51.8444096Z     'Accept': 'application/json'
2026-02-18T10:13:51.8444117Z     'x-ms-client-request-id': '861524de-0cb2-11f1-b7fb-0adf85178b07'
2026-02-18T10:13:51.8444186Z     'User-Agent': 'azsdk-python-azuremonitorclient/unknown Python/3.11.14 (Linux-6.6.119.3-1.azl3-x86_64-with-glibc2.31)'
2026-02-18T10:13:51.8444205Z A body is sent with the request
2026-02-18T10:13:51.9607280Z 2026-02-18 10:13:51,960 - azure.core.pipeline.policies.http_logging_policy - INFO - Response status: 200
2026-02-18T10:13:51.9607557Z Response headers:
2026-02-18T10:13:51.9607587Z     'Transfer-Encoding': 'chunked'
2026-02-18T10:13:51.9607615Z     'Content-Type': 'application/json; charset=utf-8'
2026-02-18T10:13:51.9607630Z     'Server': 'Microsoft-HTTPAPI/2.0'
2026-02-18T10:13:51.9607648Z     'Strict-Transport-Security': 'REDACTED'
2026-02-18T10:13:51.9607665Z     'X-Content-Type-Options': 'REDACTED'
2026-02-18T10:13:51.9607683Z     'Date': 'Wed, 18 Feb 2026 10:13:51 GMT'
2026-02-18T10:13:51.9611574Z 2026-02-18 10:13:51,960 - azure.monitor.opentelemetry.exporter.export._base - INFO - Transmission succeeded: Item received: 3. Items accepted: 3
2026-02-18T10:13:51.9738837Z 2026-02-18 10:13:51,973 - azure.core.pipeline.policies.http_logging_policy - INFO - Request URL: 'https://westus2-2.in.applicationinsights.azure.com//v2.1/track'
2026-02-18T10:13:51.9739032Z Request method: 'POST'
2026-02-18T10:13:51.9739056Z Request headers:
2026-02-18T10:13:51.9739084Z     'Content-Type': 'application/json'
2026-02-18T10:13:51.9739102Z     'Content-Length': '3720'
2026-02-18T10:13:51.9739120Z     'Accept': 'application/json'
2026-02-18T10:13:51.9739141Z     'x-ms-client-request-id': '8628e654-0cb2-11f1-a748-0adf85178b07'
2026-02-18T10:13:51.9739406Z     'User-Agent': 'azsdk-python-azuremonitorclient/unknown Python/3.11.14 (Linux-6.6.119.3-1.azl3-x86_64-with-glibc2.31)'
2026-02-18T10:13:51.9739433Z A body is sent with the request
2026-02-18T10:13:52.0477863Z 2026-02-18 10:13:52,047 - azure.core.pipeline.policies.http_logging_policy - INFO - Response status: 200
2026-02-18T10:13:52.0478071Z Response headers:
2026-02-18T10:13:52.0478096Z     'Transfer-Encoding': 'chunked'
2026-02-18T10:13:52.0478115Z     'Content-Type': 'application/json; charset=utf-8'
2026-02-18T10:13:52.0478135Z     'Server': 'Microsoft-HTTPAPI/2.0'
2026-02-18T10:13:52.0478156Z     'Strict-Transport-Security': 'REDACTED'
2026-02-18T10:13:52.0478171Z     'X-Content-Type-Options': 'REDACTED'
2026-02-18T10:13:52.0478188Z     'Date': 'Wed, 18 Feb 2026 10:13:52 GMT'
2026-02-18T10:13:52.0482183Z 2026-02-18 10:13:52,047 - azure.monitor.opentelemetry.exporter.export._base - INFO - Transmission succeeded: Item received: 3. Items accepted: 3
2026-02-18T10:13:56.9626083Z 2026-02-18 10:13:56,962 - azure.core.pipeline.policies.http_logging_policy - INFO - Request URL: 'https://westus2-2.in.applicationinsights.azure.com//v2.1/track'
2026-02-18T10:13:56.9626450Z Request method: 'POST'
2026-02-18T10:13:56.9626473Z Request headers:
2026-02-18T10:13:56.9626493Z     'Content-Type': 'application/json'
2026-02-18T10:13:56.9626512Z     'Content-Length': '3720'
2026-02-18T10:13:56.9626530Z     'Accept': 'application/json'
2026-02-18T10:13:56.9626550Z     'x-ms-client-request-id': '89221d30-0cb2-11f1-b7fb-0adf85178b07'
2026-02-18T10:13:56.9626572Z     'User-Agent': 'azsdk-python-azuremonitorclient/unknown Python/3.11.14 (Linux-6.6.119.3-1.azl3-x86_64-with-glibc2.31)'
2026-02-18T10:13:56.9626591Z A body is sent with the request
2026-02-18T10:13:57.0495839Z 2026-02-18 10:13:57,049 - azure.core.pipeline.policies.http_logging_policy - INFO - Request URL: 'https://westus2-2.in.applicationinsights.azure.com//v2.1/track'
2026-02-18T10:13:57.0496287Z Request method: 'POST'
2026-02-18T10:13:57.0496367Z Request headers:
2026-02-18T10:13:57.0496388Z     'Content-Type': 'application/json'
2026-02-18T10:13:57.0496407Z     'Content-Length': '3720'
2026-02-18T10:13:57.0496424Z     'Accept': 'application/json'
2026-02-18T10:13:57.0496444Z     'x-ms-client-request-id': '892f6454-0cb2-11f1-a748-0adf85178b07'
2026-02-18T10:13:57.0496468Z     'User-Agent': 'azsdk-python-azuremonitorclient/unknown Python/3.11.14 (Linux-6.6.119.3-1.azl3-x86_64-with-glibc2.31)'
2026-02-18T10:13:57.0496487Z A body is sent with the request
2026-02-18T10:13:57.1187162Z 2026-02-18 10:13:57,118 - azure.core.pipeline.policies.http_logging_policy - INFO - Response status: 200
2026-02-18T10:13:57.1187478Z Response headers:
2026-02-18T10:13:57.1187508Z     'Transfer-Encoding': 'chunked'
2026-02-18T10:13:57.1187536Z     'Content-Type': 'application/json; charset=utf-8'
2026-02-18T10:13:57.1187621Z     'Server': 'Microsoft-HTTPAPI/2.0'
2026-02-18T10:13:57.1187647Z     'Strict-Transport-Security': 'REDACTED'
2026-02-18T10:13:57.1187671Z     'X-Content-Type-Options': 'REDACTED'
2026-02-18T10:13:57.1187695Z     'Date': 'Wed, 18 Feb 2026 10:13:56 GMT'
2026-02-18T10:13:57.1194782Z 2026-02-18 10:13:57,119 - azure.monitor.opentelemetry.exporter.export._base - INFO - Transmission succeeded: Item received: 3. Items accepted: 3
2026-02-18T10:13:57.1698697Z 2026-02-18 10:13:57,169 - azure.core.pipeline.policies.http_logging_policy - INFO - Response status: 200
2026-02-18T10:13:57.1698992Z Response headers:
2026-02-18T10:13:57.1699017Z     'Transfer-Encoding': 'chunked'
2026-02-18T10:13:57.1699036Z     'Content-Type': 'application/json; charset=utf-8'
2026-02-18T10:13:57.1699060Z     'Server': 'Microsoft-HTTPAPI/2.0'
2026-02-18T10:13:57.1699142Z     'Strict-Transport-Security': 'REDACTED'
2026-02-18T10:13:57.1699161Z     'X-Content-Type-Options': 'REDACTED'
2026-02-18T10:13:57.1699177Z     'Date': 'Wed, 18 Feb 2026 10:13:57 GMT'
2026-02-18T10:13:57.1705419Z 2026-02-18 10:13:57,170 - azure.monitor.opentelemetry.exporter.export._base - INFO - Transmission succeeded: Item received: 3. Items accepted: 3
2026-02-18T10:14:02.1207963Z 2026-02-18 10:14:02,120 - azure.core.pipeline.policies.http_logging_policy - INFO - Request URL: 'https://westus2-2.in.applicationinsights.azure.com//v2.1/track'
2026-02-18T10:14:02.1208312Z Request method: 'POST'
2026-02-18T10:14:02.1208332Z Request headers:
2026-02-18T10:14:02.1208348Z     'Content-Type': 'application/json'
2026-02-18T10:14:02.1208365Z     'Content-Length': '3719'
2026-02-18T10:14:02.1208386Z     'Accept': 'application/json'
2026-02-18T10:14:02.1208465Z     'x-ms-client-request-id': '8c353304-0cb2-11f1-b7fb-0adf85178b07'
2026-02-18T10:14:02.1208489Z     'User-Agent': 'azsdk-python-azuremonitorclient/unknown Python/3.11.14 (Linux-6.6.119.3-1.azl3-x86_64-with-glibc2.31)'
2026-02-18T10:14:02.1208507Z A body is sent with the request
2026-02-18T10:14:02.1684126Z 2026-02-18 10:14:02,168 - azure.core.pipeline.policies.http_logging_policy - INFO - Response status: 200
2026-02-18T10:14:02.1684467Z Response headers:
2026-02-18T10:14:02.1684492Z     'Transfer-Encoding': 'chunked'
2026-02-18T10:14:02.1684514Z     'Content-Type': 'application/json; charset=utf-8'
2026-02-18T10:14:02.1684530Z     'Server': 'Microsoft-HTTPAPI/2.0'
2026-02-18T10:14:02.1684551Z     'Strict-Transport-Security': 'REDACTED'
2026-02-18T10:14:02.1684570Z     'X-Content-Type-Options': 'REDACTED'
2026-02-18T10:14:02.1684586Z     'Date': 'Wed, 18 Feb 2026 10:14:01 GMT'
2026-02-18T10:14:02.1690896Z 2026-02-18 10:14:02,168 - azure.monitor.opentelemetry.exporter.export._base - INFO - Transmission succeeded: Item received: 3. Items accepted: 3
2026-02-18T10:14:02.1718326Z 2026-02-18 10:14:02,171 - azure.core.pipeline.policies.http_logging_policy - INFO - Request URL: 'https://westus2-2.in.applicationinsights.azure.com//v2.1/track'
2026-02-18T10:14:02.1718491Z Request method: 'POST'
2026-02-18T10:14:02.1718512Z Request headers:
2026-02-18T10:14:02.1718533Z     'Content-Type': 'application/json'
2026-02-18T10:14:02.1718551Z     'Content-Length': '3719'
2026-02-18T10:14:02.1718568Z     'Accept': 'application/json'
2026-02-18T10:14:02.1718590Z     'x-ms-client-request-id': '8c3cff4e-0cb2-11f1-a748-0adf85178b07'
2026-02-18T10:14:02.1718613Z     'User-Agent': 'azsdk-python-azuremonitorclient/unknown Python/3.11.14 (Linux-6.6.119.3-1.azl3-x86_64-with-glibc2.31)'
2026-02-18T10:14:02.1718667Z A body is sent with the request
2026-02-18T10:14:02.2473996Z 2026-02-18 10:14:02,247 - azure.core.pipeline.policies.http_logging_policy - INFO - Response status: 200
2026-02-18T10:14:02.2474327Z Response headers:
2026-02-18T10:14:02.2474536Z     'Transfer-Encoding': 'chunked'
2026-02-18T10:14:02.2474554Z     'Content-Type': 'application/json; charset=utf-8'
2026-02-18T10:14:02.2474570Z     'Server': 'Microsoft-HTTPAPI/2.0'
2026-02-18T10:14:02.2474585Z     'Strict-Transport-Security': 'REDACTED'
2026-02-18T10:14:02.2474601Z     'X-Content-Type-Options': 'REDACTED'
2026-02-18T10:14:02.2474620Z     'Date': 'Wed, 18 Feb 2026 10:14:02 GMT'
2026-02-18T10:14:02.2481267Z 2026-02-18 10:14:02,247 - azure.monitor.opentelemetry.exporter.export._base - INFO - Transmission succeeded: Item received: 3. Items accepted: 3
2026-02-18T10:14:07.1704911Z 2026-02-18 10:14:07,170 - azure.core.pipeline.policies.http_logging_policy - INFO - Request URL: 'https://westus2-2.in.applicationinsights.azure.com//v2.1/track'
2026-02-18T10:14:07.1705557Z Request method: 'POST'
2026-02-18T10:14:07.1705589Z Request headers:
2026-02-18T10:14:07.1705604Z     'Content-Type': 'application/json'
2026-02-18T10:14:07.1705619Z     'Content-Length': '3720'
2026-02-18T10:14:07.1705639Z     'Accept': 'application/json'
2026-02-18T10:14:07.1705659Z     'x-ms-client-request-id': '8f37b716-0cb2-11f1-b7fb-0adf85178b07'
2026-02-18T10:14:07.1705680Z     'User-Agent': 'azsdk-python-azuremonitorclient/unknown Python/3.11.14 (Linux-6.6.119.3-1.azl3-x86_64-with-glibc2.31)'
2026-02-18T10:14:07.1705700Z A body is sent with the request
2026-02-18T10:14:07.2496046Z 2026-02-18 10:14:07,249 - azure.core.pipeline.policies.http_logging_policy - INFO - Request URL: 'https://westus2-2.in.applicationinsights.azure.com//v2.1/track'
2026-02-18T10:14:07.2496610Z Request method: 'POST'
2026-02-18T10:14:07.2496637Z Request headers:
2026-02-18T10:14:07.2496656Z     'Content-Type': 'application/json'
2026-02-18T10:14:07.2496677Z     'Content-Length': '3719'
2026-02-18T10:14:07.2496698Z     'Accept': 'application/json'
2026-02-18T10:14:07.2496723Z     'x-ms-client-request-id': '8f43ca1a-0cb2-11f1-a748-0adf85178b07'
2026-02-18T10:14:07.2496746Z     'User-Agent': 'azsdk-python-azuremonitorclient/unknown Python/3.11.14 (Linux-6.6.119.3-1.azl3-x86_64-with-glibc2.31)'
2026-02-18T10:14:07.2496766Z A body is sent with the request
2026-02-18T10:14:07.2940340Z 2026-02-18 10:14:07,293 - azure.core.pipeline.policies.http_logging_policy - INFO - Response status: 200
2026-02-18T10:14:07.2940629Z Response headers:
2026-02-18T10:14:07.2940653Z     'Transfer-Encoding': 'chunked'
2026-02-18T10:14:07.2940713Z     'Content-Type': 'application/json; charset=utf-8'
2026-02-18T10:14:07.2940729Z     'Server': 'Microsoft-HTTPAPI/2.0'
2026-02-18T10:14:07.2940745Z     'Strict-Transport-Security': 'REDACTED'
2026-02-18T10:14:07.2940763Z     'X-Content-Type-Options': 'REDACTED'
2026-02-18T10:14:07.2940781Z     'Date': 'Wed, 18 Feb 2026 10:14:06 GMT'
2026-02-18T10:14:07.2947637Z 2026-02-18 10:14:07,294 - azure.monitor.opentelemetry.exporter.export._base - INFO - Transmission succeeded: Item received: 3. Items accepted: 3
2026-02-18T10:14:07.3896009Z 2026-02-18 10:14:07,389 - azure.core.pipeline.policies.http_logging_policy - INFO - Response status: 200
2026-02-18T10:14:07.3896351Z Response headers:
2026-02-18T10:14:07.3896375Z     'Transfer-Encoding': 'chunked'
2026-02-18T10:14:07.3896395Z     'Content-Type': 'application/json; charset=utf-8'
2026-02-18T10:14:07.3896464Z     'Server': 'Microsoft-HTTPAPI/2.0'
2026-02-18T10:14:07.3896483Z     'Strict-Transport-Security': 'REDACTED'
2026-02-18T10:14:07.3896499Z     'X-Content-Type-Options': 'REDACTED'
2026-02-18T10:14:07.3896517Z     'Date': 'Wed, 18 Feb 2026 10:14:07 GMT'
2026-02-18T10:14:07.3908013Z 2026-02-18 10:14:07,390 - azure.monitor.opentelemetry.exporter.export._base - INFO - Transmission succeeded: Item received: 3. Items accepted: 3
2026-02-18T10:14:12.2967250Z 2026-02-18 10:14:12,296 - azure.core.pipeline.policies.http_logging_policy - INFO - Request URL: 'https://westus2-2.in.applicationinsights.azure.com//v2.1/track'
2026-02-18T10:14:12.2967597Z Request method: 'POST'
2026-02-18T10:14:12.2967625Z Request headers:
2026-02-18T10:14:12.2967642Z     'Content-Type': 'application/json'
2026-02-18T10:14:12.2967660Z     'Content-Length': '3720'
2026-02-18T10:14:12.2967746Z     'Accept': 'application/json'
2026-02-18T10:14:12.2967764Z     'x-ms-client-request-id': '9245eb58-0cb2-11f1-b7fb-0adf85178b07'
2026-02-18T10:14:12.2967786Z     'User-Agent': 'azsdk-python-azuremonitorclient/unknown Python/3.11.14 (Linux-6.6.119.3-1.azl3-x86_64-with-glibc2.31)'
2026-02-18T10:14:12.2967804Z A body is sent with the request
2026-02-18T10:14:12.3674895Z 2026-02-18 10:14:12,367 - azure.core.pipeline.policies.http_logging_policy - INFO - Response status: 200
2026-02-18T10:14:12.3675207Z Response headers:
2026-02-18T10:14:12.3675240Z     'Transfer-Encoding': 'chunked'
2026-02-18T10:14:12.3675262Z     'Content-Type': 'application/json; charset=utf-8'
2026-02-18T10:14:12.3675281Z     'Server': 'Microsoft-HTTPAPI/2.0'
2026-02-18T10:14:12.3675300Z     'Strict-Transport-Security': 'REDACTED'
2026-02-18T10:14:12.3675384Z     'X-Content-Type-Options': 'REDACTED'
2026-02-18T10:14:12.3675405Z     'Date': 'Wed, 18 Feb 2026 10:14:12 GMT'
2026-02-18T10:14:12.3680898Z 2026-02-18 10:14:12,367 - azure.monitor.opentelemetry.exporter.export._base - INFO - Transmission succeeded: Item received: 3. Items accepted: 3
2026-02-18T10:14:12.3930702Z 2026-02-18 10:14:12,392 - azure.core.pipeline.policies.http_logging_policy - INFO - Request URL: 'https://westus2-2.in.applicationinsights.azure.com//v2.1/track'
2026-02-18T10:14:12.3935403Z Request method: 'POST'
2026-02-18T10:14:12.3935506Z Request headers:
2026-02-18T10:14:12.3935530Z     'Content-Type': 'application/json'
2026-02-18T10:14:12.3935548Z     'Content-Length': '3720'
2026-02-18T10:14:12.3935566Z     'Accept': 'application/json'
2026-02-18T10:14:12.3935587Z     'x-ms-client-request-id': '9254871c-0cb2-11f1-a748-0adf85178b07'
2026-02-18T10:14:12.3935628Z     'User-Agent': 'azsdk-python-azuremonitorclient/unknown Python/3.11.14 (Linux-6.6.119.3-1.azl3-x86_64-with-glibc2.31)'
2026-02-18T10:14:12.3935646Z A body is sent with the request
2026-02-18T10:14:12.4566249Z 2026-02-18 10:14:12,456 - azure.core.pipeline.policies.http_logging_policy - INFO - Response status: 200
2026-02-18T10:14:12.4567320Z Response headers:
2026-02-18T10:14:12.4567352Z     'Transfer-Encoding': 'chunked'
2026-02-18T10:14:12.4567371Z     'Content-Type': 'application/json; charset=utf-8'
2026-02-18T10:14:12.4567393Z     'Server': 'Microsoft-HTTPAPI/2.0'
2026-02-18T10:14:12.4567410Z     'Strict-Transport-Security': 'REDACTED'
2026-02-18T10:14:12.4567426Z     'X-Content-Type-Options': 'REDACTED'
2026-02-18T10:14:12.4567442Z     'Date': 'Wed, 18 Feb 2026 10:14:12 GMT'
2026-02-18T10:14:12.4575915Z 2026-02-18 10:14:12,456 - azure.monitor.opentelemetry.exporter.export._base - INFO - Transmission succeeded: Item received: 3. Items accepted: 3
2026-02-18T10:14:17.3703963Z 2026-02-18 10:14:17,370 - azure.core.pipeline.policies.http_logging_policy - INFO - Request URL: 'https://westus2-2.in.applicationinsights.azure.com//v2.1/track'
2026-02-18T10:14:17.3705099Z Request method: 'POST'
2026-02-18T10:14:17.3705155Z Request headers:
2026-02-18T10:14:17.3705185Z     'Content-Type': 'application/json'
2026-02-18T10:14:17.3705205Z     'Content-Length': '3720'
2026-02-18T10:14:17.3705224Z     'Accept': 'application/json'
2026-02-18T10:14:17.3705242Z     'x-ms-client-request-id': '954c1692-0cb2-11f1-b7fb-0adf85178b07'
2026-02-18T10:14:17.3705264Z     'User-Agent': 'azsdk-python-azuremonitorclient/unknown Python/3.11.14 (Linux-6.6.119.3-1.azl3-x86_64-with-glibc2.31)'
2026-02-18T10:14:17.3705281Z A body is sent with the request
2026-02-18T10:14:17.4557876Z 2026-02-18 10:14:17,455 - azure.core.pipeline.policies.http_logging_policy - INFO - Response status: 200
2026-02-18T10:14:17.4558164Z Response headers:
2026-02-18T10:14:17.4558189Z     'Transfer-Encoding': 'chunked'
2026-02-18T10:14:17.4558210Z     'Content-Type': 'application/json; charset=utf-8'
2026-02-18T10:14:17.4558227Z     'Server': 'Microsoft-HTTPAPI/2.0'
2026-02-18T10:14:17.4558244Z     'Strict-Transport-Security': 'REDACTED'
2026-02-18T10:14:17.4558261Z     'X-Content-Type-Options': 'REDACTED'
2026-02-18T10:14:17.4558280Z     'Date': 'Wed, 18 Feb 2026 10:14:17 GMT'
2026-02-18T10:14:17.4564041Z 2026-02-18 10:14:17,456 - azure.monitor.opentelemetry.exporter.export._base - INFO - Transmission succeeded: Item received: 3. Items accepted: 3
2026-02-18T10:14:17.4592594Z 2026-02-18 10:14:17,459 - azure.core.pipeline.policies.http_logging_policy - INFO - Request URL: 'https://westus2-2.in.applicationinsights.azure.com//v2.1/track'
2026-02-18T10:14:17.4592812Z Request method: 'POST'
2026-02-18T10:14:17.4592832Z Request headers:
2026-02-18T10:14:17.4592850Z     'Content-Type': 'application/json'
2026-02-18T10:14:17.4592867Z     'Content-Length': '3720'
2026-02-18T10:14:17.4592884Z     'Accept': 'application/json'
2026-02-18T10:14:17.4592903Z     'x-ms-client-request-id': '9559a55a-0cb2-11f1-a748-0adf85178b07'
2026-02-18T10:14:17.4592925Z     'User-Agent': 'azsdk-python-azuremonitorclient/unknown Python/3.11.14 (Linux-6.6.119.3-1.azl3-x86_64-with-glibc2.31)'
2026-02-18T10:14:17.4592941Z A body is sent with the request
2026-02-18T10:14:17.6893638Z 2026-02-18 10:14:17,689 - azure.core.pipeline.policies.http_logging_policy - INFO - Response status: 200
2026-02-18T10:14:17.6893977Z Response headers:
2026-02-18T10:14:17.6894007Z     'Transfer-Encoding': 'chunked'
2026-02-18T10:14:17.6894080Z     'Content-Type': 'application/json; charset=utf-8'
2026-02-18T10:14:17.6894097Z     'Server': 'Microsoft-HTTPAPI/2.0'
2026-02-18T10:14:17.6894116Z     'Strict-Transport-Security': 'REDACTED'
2026-02-18T10:14:17.6894132Z     'X-Content-Type-Options': 'REDACTED'
2026-02-18T10:14:17.6894149Z     'Date': 'Wed, 18 Feb 2026 10:14:17 GMT'
2026-02-18T10:14:17.6902626Z 2026-02-18 10:14:17,689 - azure.monitor.opentelemetry.exporter.export._base - INFO - Transmission succeeded: Item received: 3. Items accepted: 3
2026-02-18T10:14:22.4586937Z 2026-02-18 10:14:22,458 - azure.core.pipeline.policies.http_logging_policy - INFO - Request URL: 'https://westus2-2.in.applicationinsights.azure.com//v2.1/track'
2026-02-18T10:14:22.4587379Z Request method: 'POST'
2026-02-18T10:14:22.4587404Z Request headers:
2026-02-18T10:14:22.4587486Z     'Content-Type': 'application/json'
2026-02-18T10:14:22.4587507Z     'Content-Length': '3720'
2026-02-18T10:14:22.4587527Z     'Accept': 'application/json'
2026-02-18T10:14:22.4587544Z     'x-ms-client-request-id': '985481f8-0cb2-11f1-b7fb-0adf85178b07'
2026-02-18T10:14:22.4587561Z     'User-Agent': 'azsdk-python-azuremonitorclient/unknown Python/3.11.14 (Linux-6.6.119.3-1.azl3-x86_64-with-glibc2.31)'
2026-02-18T10:14:22.4587576Z A body is sent with the request
2026-02-18T10:14:22.5504870Z 2026-02-18 10:14:22,549 - azure.core.pipeline.policies.http_logging_policy - INFO - Response status: 200
2026-02-18T10:14:22.5505163Z Response headers:
2026-02-18T10:14:22.5505189Z     'Transfer-Encoding': 'chunked'
2026-02-18T10:14:22.5505213Z     'Content-Type': 'application/json; charset=utf-8'
2026-02-18T10:14:22.5505230Z     'Server': 'Microsoft-HTTPAPI/2.0'
2026-02-18T10:14:22.5505304Z     'Strict-Transport-Security': 'REDACTED'
2026-02-18T10:14:22.5505324Z     'X-Content-Type-Options': 'REDACTED'
2026-02-18T10:14:22.5505340Z     'Date': 'Wed, 18 Feb 2026 10:14:22 GMT'
2026-02-18T10:14:22.5526877Z 2026-02-18 10:14:22,550 - azure.monitor.opentelemetry.exporter.export._base - INFO - Transmission succeeded: Item received: 3. Items accepted: 3
2026-02-18T10:14:22.6916945Z 2026-02-18 10:14:22,691 - azure.core.pipeline.policies.http_logging_policy - INFO - Request URL: 'https://westus2-2.in.applicationinsights.azure.com//v2.1/track'
2026-02-18T10:14:22.6917254Z Request method: 'POST'
2026-02-18T10:14:22.6917278Z Request headers:
2026-02-18T10:14:22.6917299Z     'Content-Type': 'application/json'
2026-02-18T10:14:22.6917316Z     'Content-Length': '3720'
2026-02-18T10:14:22.6917337Z     'Accept': 'application/json'
2026-02-18T10:14:22.6917416Z     'x-ms-client-request-id': '987812bc-0cb2-11f1-a748-0adf85178b07'
2026-02-18T10:14:22.6917440Z     'User-Agent': 'azsdk-python-azuremonitorclient/unknown Python/3.11.14 (Linux-6.6.119.3-1.azl3-x86_64-with-glibc2.31)'
2026-02-18T10:14:22.6917459Z A body is sent with the request
2026-02-18T10:14:22.7392318Z 2026-02-18 10:14:22,739 - azure.core.pipeline.policies.http_logging_policy - INFO - Response status: 200
2026-02-18T10:14:22.7392587Z Response headers:
2026-02-18T10:14:22.7392609Z     'Transfer-Encoding': 'chunked'
2026-02-18T10:14:22.7392627Z     'Content-Type': 'application/json; charset=utf-8'
2026-02-18T10:14:22.7392645Z     'Server': 'Microsoft-HTTPAPI/2.0'
2026-02-18T10:14:22.7392663Z     'Strict-Transport-Security': 'REDACTED'
2026-02-18T10:14:22.7392682Z     'X-Content-Type-Options': 'REDACTED'
2026-02-18T10:14:22.7392704Z     'Date': 'Wed, 18 Feb 2026 10:14:22 GMT'
2026-02-18T10:14:22.7397197Z 2026-02-18 10:14:22,739 - azure.monitor.opentelemetry.exporter.export._base - INFO - Transmission succeeded: Item received: 3. Items accepted: 3
2026-02-18T10:14:27.5535670Z 2026-02-18 10:14:27,553 - azure.core.pipeline.policies.http_logging_policy - INFO - Request URL: 'https://westus2-2.in.applicationinsights.azure.com//v2.1/track'
2026-02-18T10:14:27.5536327Z Request method: 'POST'
2026-02-18T10:14:27.5536357Z Request headers:
2026-02-18T10:14:27.5536376Z     'Content-Type': 'application/json'
2026-02-18T10:14:27.5536392Z     'Content-Length': '3719'
2026-02-18T10:14:27.5536408Z     'Accept': 'application/json'
2026-02-18T10:14:27.5536426Z     'x-ms-client-request-id': '9b5deda8-0cb2-11f1-b7fb-0adf85178b07'
2026-02-18T10:14:27.5536449Z     'User-Agent': 'azsdk-python-azuremonitorclient/unknown Python/3.11.14 (Linux-6.6.119.3-1.azl3-x86_64-with-glibc2.31)'
2026-02-18T10:14:27.5536519Z A body is sent with the request
2026-02-18T10:14:27.7414758Z 2026-02-18 10:14:27,741 - azure.core.pipeline.policies.http_logging_policy - INFO - Request URL: 'https://westus2-2.in.applicationinsights.azure.com//v2.1/track'
2026-02-18T10:14:27.7415215Z Request method: 'POST'
2026-02-18T10:14:27.7415238Z Request headers:
2026-02-18T10:14:27.7415256Z     'Content-Type': 'application/json'
2026-02-18T10:14:27.7415277Z     'Content-Length': '3720'
2026-02-18T10:14:27.7415296Z     'Accept': 'application/json'
2026-02-18T10:14:27.7415315Z     'x-ms-client-request-id': '9b7a9b2e-0cb2-11f1-a748-0adf85178b07'
2026-02-18T10:14:27.7415339Z     'User-Agent': 'azsdk-python-azuremonitorclient/unknown Python/3.11.14 (Linux-6.6.119.3-1.azl3-x86_64-with-glibc2.31)'
2026-02-18T10:14:27.7415356Z A body is sent with the request
2026-02-18T10:14:27.8492078Z 2026-02-18 10:14:27,848 - azure.core.pipeline.policies.http_logging_policy - INFO - Response status: 200
2026-02-18T10:14:27.8492738Z Response headers:
2026-02-18T10:14:27.8492765Z     'Transfer-Encoding': 'chunked'
2026-02-18T10:14:27.8492785Z     'Content-Type': 'application/json; charset=utf-8'
2026-02-18T10:14:27.8492801Z     'Server': 'Microsoft-HTTPAPI/2.0'
2026-02-18T10:14:27.8492816Z     'Strict-Transport-Security': 'REDACTED'
2026-02-18T10:14:27.8492833Z     'X-Content-Type-Options': 'REDACTED'
2026-02-18T10:14:27.8492849Z     'Date': 'Wed, 18 Feb 2026 10:14:27 GMT'
2026-02-18T10:14:27.8499033Z 2026-02-18 10:14:27,849 - azure.monitor.opentelemetry.exporter.export._base - INFO - Transmission succeeded: Item received: 3. Items accepted: 3
2026-02-18T10:14:27.8682996Z 2026-02-18 10:14:27,868 - azure.core.pipeline.policies.http_logging_policy - INFO - Response status: 200
2026-02-18T10:14:27.8683243Z Response headers:
2026-02-18T10:14:27.8683277Z     'Transfer-Encoding': 'chunked'
2026-02-18T10:14:27.8683299Z     'Content-Type': 'application/json; charset=utf-8'
2026-02-18T10:14:27.8683321Z     'Server': 'Microsoft-HTTPAPI/2.0'
2026-02-18T10:14:27.8683345Z     'Strict-Transport-Security': 'REDACTED'
2026-02-18T10:14:27.8683368Z     'X-Content-Type-Options': 'REDACTED'
2026-02-18T10:14:27.8683387Z     'Date': 'Wed, 18 Feb 2026 10:14:27 GMT'
2026-02-18T10:14:27.8688763Z 2026-02-18 10:14:27,868 - azure.monitor.opentelemetry.exporter.export._base - INFO - Transmission succeeded: Item received: 3. Items accepted: 3
2026-02-18T10:14:32.8513990Z 2026-02-18 10:14:32,851 - azure.core.pipeline.policies.http_logging_policy - INFO - Request URL: 'https://westus2-2.in.applicationinsights.azure.com//v2.1/track'
2026-02-18T10:14:32.8514328Z Request method: 'POST'
2026-02-18T10:14:32.8514410Z Request headers:
2026-02-18T10:14:32.8514432Z     'Content-Type': 'application/json'
2026-02-18T10:14:32.8514450Z     'Content-Length': '3720'
2026-02-18T10:14:32.8514467Z     'Accept': 'application/json'
2026-02-18T10:14:32.8514486Z     'x-ms-client-request-id': '9e864fac-0cb2-11f1-a748-0adf85178b07'
2026-02-18T10:14:32.8514506Z     'User-Agent': 'azsdk-python-azuremonitorclient/unknown Python/3.11.14 (Linux-6.6.119.3-1.azl3-x86_64-with-glibc2.31)'
2026-02-18T10:14:32.8514523Z A body is sent with the request
2026-02-18T10:14:32.8705164Z 2026-02-18 10:14:32,870 - azure.core.pipeline.policies.http_logging_policy - INFO - Request URL: 'https://westus2-2.in.applicationinsights.azure.com//v2.1/track'
2026-02-18T10:14:32.8705448Z Request method: 'POST'
2026-02-18T10:14:32.8705472Z Request headers:
2026-02-18T10:14:32.8705493Z     'Content-Type': 'application/json'
2026-02-18T10:14:32.8705549Z     'Content-Length': '3719'
2026-02-18T10:14:32.8705567Z     'Accept': 'application/json'
2026-02-18T10:14:32.8705586Z     'x-ms-client-request-id': '9e893c08-0cb2-11f1-b7fb-0adf85178b07'
2026-02-18T10:14:32.8705608Z     'User-Agent': 'azsdk-python-azuremonitorclient/unknown Python/3.11.14 (Linux-6.6.119.3-1.azl3-x86_64-with-glibc2.31)'
2026-02-18T10:14:32.8705626Z A body is sent with the request
2026-02-18T10:14:32.9536803Z 2026-02-18 10:14:32,953 - azure.core.pipeline.policies.http_logging_policy - INFO - Response status: 200
2026-02-18T10:14:32.9537482Z Response headers:
2026-02-18T10:14:32.9537514Z     'Transfer-Encoding': 'chunked'
2026-02-18T10:14:32.9537538Z     'Content-Type': 'application/json; charset=utf-8'
2026-02-18T10:14:32.9537555Z     'Server': 'Microsoft-HTTPAPI/2.0'
2026-02-18T10:14:32.9537633Z     'Strict-Transport-Security': 'REDACTED'
2026-02-18T10:14:32.9537655Z     'X-Content-Type-Options': 'REDACTED'
2026-02-18T10:14:32.9537674Z     'Date': 'Wed, 18 Feb 2026 10:14:32 GMT'
2026-02-18T10:14:32.9543281Z 2026-02-18 10:14:32,954 - azure.monitor.opentelemetry.exporter.export._base - INFO - Transmission succeeded: Item received: 3. Items accepted: 3
2026-02-18T10:14:32.9969544Z 2026-02-18 10:14:32,996 - azure.core.pipeline.policies.http_logging_policy - INFO - Response status: 200
2026-02-18T10:14:32.9969862Z Response headers:
2026-02-18T10:14:32.9969887Z     'Transfer-Encoding': 'chunked'
2026-02-18T10:14:32.9969907Z     'Content-Type': 'application/json; charset=utf-8'
2026-02-18T10:14:32.9969928Z     'Server': 'Microsoft-HTTPAPI/2.0'
2026-02-18T10:14:32.9969946Z     'Strict-Transport-Security': 'REDACTED'
2026-02-18T10:14:32.9970016Z     'X-Content-Type-Options': 'REDACTED'
2026-02-18T10:14:32.9970034Z     'Date': 'Wed, 18 Feb 2026 10:14:32 GMT'
2026-02-18T10:14:32.9975208Z 2026-02-18 10:14:32,997 - azure.monitor.opentelemetry.exporter.export._base - INFO - Transmission succeeded: Item received: 3. Items accepted: 3
2026-02-18T10:14:37.9558527Z 2026-02-18 10:14:37,955 - azure.core.pipeline.policies.http_logging_policy - INFO - Request URL: 'https://westus2-2.in.applicationinsights.azure.com//v2.1/track'
2026-02-18T10:14:37.9559002Z Request method: 'POST'
2026-02-18T10:14:37.9559026Z Request headers:
2026-02-18T10:14:37.9559045Z     'Content-Type': 'application/json'
2026-02-18T10:14:37.9559062Z     'Content-Length': '3719'
2026-02-18T10:14:37.9559082Z     'Accept': 'application/json'
2026-02-18T10:14:37.9559102Z     'x-ms-client-request-id': 'a191323e-0cb2-11f1-a748-0adf85178b07'
2026-02-18T10:14:37.9559124Z     'User-Agent': 'azsdk-python-azuremonitorclient/unknown Python/3.11.14 (Linux-6.6.119.3-1.azl3-x86_64-with-glibc2.31)'
2026-02-18T10:14:37.9559142Z A body is sent with the request
2026-02-18T10:14:37.9996918Z 2026-02-18 10:14:37,999 - azure.core.pipeline.policies.http_logging_policy - INFO - Request URL: 'https://westus2-2.in.applicationinsights.azure.com//v2.1/track'
2026-02-18T10:14:37.9998212Z Request method: 'POST'
2026-02-18T10:14:37.9998686Z Request headers:
2026-02-18T10:14:37.9998709Z     'Content-Type': 'application/json'
2026-02-18T10:14:37.9998724Z     'Content-Length': '3720'
2026-02-18T10:14:37.9998740Z     'Accept': 'application/json'
2026-02-18T10:14:37.9998759Z     'x-ms-client-request-id': 'a197e340-0cb2-11f1-b7fb-0adf85178b07'
2026-02-18T10:14:37.9998778Z     'User-Agent': 'azsdk-python-azuremonitorclient/unknown Python/3.11.14 (Linux-6.6.119.3-1.azl3-x86_64-with-glibc2.31)'
2026-02-18T10:14:37.9998795Z A body is sent with the request
2026-02-18T10:14:38.0700349Z 2026-02-18 10:14:38,069 - azure.core.pipeline.policies.http_logging_policy - INFO - Response status: 200
2026-02-18T10:14:38.0700703Z Response headers:
2026-02-18T10:14:38.0700725Z     'Transfer-Encoding': 'chunked'
2026-02-18T10:14:38.0700795Z     'Content-Type': 'application/json; charset=utf-8'
2026-02-18T10:14:38.0700814Z     'Server': 'Microsoft-HTTPAPI/2.0'
2026-02-18T10:14:38.0700830Z     'Strict-Transport-Security': 'REDACTED'
2026-02-18T10:14:38.0700848Z     'X-Content-Type-Options': 'REDACTED'
2026-02-18T10:14:38.0700865Z     'Date': 'Wed, 18 Feb 2026 10:14:37 GMT'
2026-02-18T10:14:38.0706433Z 2026-02-18 10:14:38,070 - azure.monitor.opentelemetry.exporter.export._base - INFO - Transmission succeeded: Item received: 3. Items accepted: 3
2026-02-18T10:14:38.0718678Z 2026-02-18 10:14:38,071 - azure.core.pipeline.policies.http_logging_policy - INFO - Response status: 200
2026-02-18T10:14:38.0718859Z Response headers:
2026-02-18T10:14:38.0718909Z     'Transfer-Encoding': 'chunked'
2026-02-18T10:14:38.0718925Z     'Content-Type': 'application/json; charset=utf-8'
2026-02-18T10:14:38.0718941Z     'Server': 'Microsoft-HTTPAPI/2.0'
2026-02-18T10:14:38.0718956Z     'Strict-Transport-Security': 'REDACTED'
2026-02-18T10:14:38.0718972Z     'X-Content-Type-Options': 'REDACTED'
2026-02-18T10:14:38.0718989Z     'Date': 'Wed, 18 Feb 2026 10:14:37 GMT'
2026-02-18T10:14:38.0723055Z 2026-02-18 10:14:38,072 - azure.monitor.opentelemetry.exporter.export._base - INFO - Transmission succeeded: Item received: 3. Items accepted: 3
2026-02-18T10:14:43.0722807Z 2026-02-18 10:14:43,071 - azure.core.pipeline.policies.http_logging_policy - INFO - Request URL: 'https://westus2-2.in.applicationinsights.azure.com//v2.1/track'
2026-02-18T10:14:43.0723161Z Request method: 'POST'
2026-02-18T10:14:43.0723187Z Request headers:
2026-02-18T10:14:43.0723278Z     'Content-Type': 'application/json'
2026-02-18T10:14:43.0723297Z     'Content-Length': '3720'
2026-02-18T10:14:43.0723313Z     'Accept': 'application/json'
2026-02-18T10:14:43.0723332Z     'x-ms-client-request-id': 'a49dd9fa-0cb2-11f1-a748-0adf85178b07'
2026-02-18T10:14:43.0723354Z     'User-Agent': 'azsdk-python-azuremonitorclient/unknown Python/3.11.14 (Linux-6.6.119.3-1.azl3-x86_64-with-glibc2.31)'
2026-02-18T10:14:43.0723372Z A body is sent with the request
2026-02-18T10:14:43.0761463Z 2026-02-18 10:14:43,075 - azure.core.pipeline.policies.http_logging_policy - INFO - Request URL: 'https://westus2-2.in.applicationinsights.azure.com//v2.1/track'
2026-02-18T10:14:43.0761591Z Request method: 'POST'
2026-02-18T10:14:43.0761612Z Request headers:
2026-02-18T10:14:43.0761637Z     'Content-Type': 'application/json'
2026-02-18T10:14:43.0761686Z     'Content-Length': '3720'
2026-02-18T10:14:43.0761704Z     'Accept': 'application/json'
2026-02-18T10:14:43.0761722Z     'x-ms-client-request-id': 'a49e7c2a-0cb2-11f1-b7fb-0adf85178b07'
2026-02-18T10:14:43.0761743Z     'User-Agent': 'azsdk-python-azuremonitorclient/unknown Python/3.11.14 (Linux-6.6.119.3-1.azl3-x86_64-with-glibc2.31)'
2026-02-18T10:14:43.0761761Z A body is sent with the request
2026-02-18T10:14:43.1790537Z 2026-02-18 10:14:43,178 - azure.core.pipeline.policies.http_logging_policy - INFO - Response status: 200
2026-02-18T10:14:43.1790830Z Response headers:
2026-02-18T10:14:43.1790863Z     'Transfer-Encoding': 'chunked'
2026-02-18T10:14:43.1790881Z     'Content-Type': 'application/json; charset=utf-8'
2026-02-18T10:14:43.1790903Z     'Server': 'Microsoft-HTTPAPI/2.0'
2026-02-18T10:14:43.1790920Z     'Strict-Transport-Security': 'REDACTED'
2026-02-18T10:14:43.1791001Z     'X-Content-Type-Options': 'REDACTED'
2026-02-18T10:14:43.1791019Z     'Date': 'Wed, 18 Feb 2026 10:14:42 GMT'
2026-02-18T10:14:43.1803486Z 2026-02-18 10:14:43,180 - azure.monitor.opentelemetry.exporter.export._base - INFO - Transmission succeeded: Item received: 3. Items accepted: 3
2026-02-18T10:14:43.2039650Z 2026-02-18 10:14:43,203 - azure.core.pipeline.policies.http_logging_policy - INFO - Response status: 200
2026-02-18T10:14:43.2039888Z Response headers:
2026-02-18T10:14:43.2039915Z     'Transfer-Encoding': 'chunked'
2026-02-18T10:14:43.2039939Z     'Content-Type': 'application/json; charset=utf-8'
2026-02-18T10:14:43.2039957Z     'Server': 'Microsoft-HTTPAPI/2.0'
2026-02-18T10:14:43.2039982Z     'Strict-Transport-Security': 'REDACTED'
2026-02-18T10:14:43.2040002Z     'X-Content-Type-Options': 'REDACTED'
2026-02-18T10:14:43.2040062Z     'Date': 'Wed, 18 Feb 2026 10:14:43 GMT'
2026-02-18T10:14:43.2044920Z 2026-02-18 10:14:43,204 - azure.monitor.opentelemetry.exporter.export._base - INFO - Transmission succeeded: Item received: 3. Items accepted: 3
2026-02-18T10:14:48.1828560Z 2026-02-18 10:14:48,182 - azure.core.pipeline.policies.http_logging_policy - INFO - Request URL: 'https://westus2-2.in.applicationinsights.azure.com//v2.1/track'
2026-02-18T10:14:48.1829068Z Request method: 'POST'
2026-02-18T10:14:48.1829097Z Request headers:
2026-02-18T10:14:48.1829115Z     'Content-Type': 'application/json'
2026-02-18T10:14:48.1829536Z     'Content-Length': '3719'
2026-02-18T10:14:48.1829557Z     'Accept': 'application/json'
2026-02-18T10:14:48.1829574Z     'x-ms-client-request-id': 'a7a9b6be-0cb2-11f1-b7fb-0adf85178b07'
2026-02-18T10:14:48.1829642Z     'User-Agent': 'azsdk-python-azuremonitorclient/unknown Python/3.11.14 (Linux-6.6.119.3-1.azl3-x86_64-with-glibc2.31)'
2026-02-18T10:14:48.1829666Z A body is sent with the request
2026-02-18T10:14:48.2066652Z 2026-02-18 10:14:48,206 - azure.core.pipeline.policies.http_logging_policy - INFO - Request URL: 'https://westus2-2.in.applicationinsights.azure.com//v2.1/track'
2026-02-18T10:14:48.2067618Z Request method: 'POST'
2026-02-18T10:14:48.2067651Z Request headers:
2026-02-18T10:14:48.2067671Z     'Content-Type': 'application/json'
2026-02-18T10:14:48.2067685Z     'Content-Length': '3719'
2026-02-18T10:14:48.2067699Z     'Accept': 'application/json'
2026-02-18T10:14:48.2067715Z     'x-ms-client-request-id': 'a7ad51b6-0cb2-11f1-a748-0adf85178b07'
2026-02-18T10:14:48.2067734Z     'User-Agent': 'azsdk-python-azuremonitorclient/unknown Python/3.11.14 (Linux-6.6.119.3-1.azl3-x86_64-with-glibc2.31)'
2026-02-18T10:14:48.2067749Z A body is sent with the request
2026-02-18T10:14:48.2595656Z 2026-02-18 10:14:48,259 - azure.core.pipeline.policies.http_logging_policy - INFO - Response status: 200
2026-02-18T10:14:48.2595919Z Response headers:
2026-02-18T10:14:48.2595941Z     'Transfer-Encoding': 'chunked'
2026-02-18T10:14:48.2596021Z     'Content-Type': 'application/json; charset=utf-8'
2026-02-18T10:14:48.2596039Z     'Server': 'Microsoft-HTTPAPI/2.0'
2026-02-18T10:14:48.2596057Z     'Strict-Transport-Security': 'REDACTED'
2026-02-18T10:14:48.2596075Z     'X-Content-Type-Options': 'REDACTED'
2026-02-18T10:14:48.2596093Z     'Date': 'Wed, 18 Feb 2026 10:14:47 GMT'
2026-02-18T10:14:48.2602467Z 2026-02-18 10:14:48,259 - azure.monitor.opentelemetry.exporter.export._base - INFO - Transmission succeeded: Item received: 3. Items accepted: 3
2026-02-18T10:14:48.3450770Z 2026-02-18 10:14:48,344 - azure.core.pipeline.policies.http_logging_policy - INFO - Response status: 200
2026-02-18T10:14:48.3451171Z Response headers:
2026-02-18T10:14:48.3451198Z     'Transfer-Encoding': 'chunked'
2026-02-18T10:14:48.3451217Z     'Content-Type': 'application/json; charset=utf-8'
2026-02-18T10:14:48.3451293Z     'Server': 'Microsoft-HTTPAPI/2.0'
2026-02-18T10:14:48.3451312Z     'Strict-Transport-Security': 'REDACTED'
2026-02-18T10:14:48.3451329Z     'X-Content-Type-Options': 'REDACTED'
2026-02-18T10:14:48.3451347Z     'Date': 'Wed, 18 Feb 2026 10:14:48 GMT'
2026-02-18T10:14:48.3454605Z 2026-02-18 10:14:48,345 - azure.monitor.opentelemetry.exporter.export._base - INFO - Transmission succeeded: Item received: 3. Items accepted: 3
2026-02-18T10:14:53.2614339Z 2026-02-18 10:14:53,261 - azure.core.pipeline.policies.http_logging_policy - INFO - Request URL: 'https://westus2-2.in.applicationinsights.azure.com//v2.1/track'
2026-02-18T10:14:53.2614711Z Request method: 'POST'
2026-02-18T10:14:53.2614737Z Request headers:
2026-02-18T10:14:53.2614758Z     'Content-Type': 'application/json'
2026-02-18T10:14:53.2614779Z     'Content-Length': '3720'
2026-02-18T10:14:53.2614855Z     'Accept': 'application/json'
2026-02-18T10:14:53.2614877Z     'x-ms-client-request-id': 'aab0a354-0cb2-11f1-b7fb-0adf85178b07'
2026-02-18T10:14:53.2614898Z     'User-Agent': 'azsdk-python-azuremonitorclient/unknown Python/3.11.14 (Linux-6.6.119.3-1.azl3-x86_64-with-glibc2.31)'
2026-02-18T10:14:53.2614917Z A body is sent with the request
2026-02-18T10:14:53.3085816Z 2026-02-18 10:14:53,308 - azure.core.pipeline.policies.http_logging_policy - INFO - Response status: 200
2026-02-18T10:14:53.3086144Z Response headers:
2026-02-18T10:14:53.3086172Z     'Transfer-Encoding': 'chunked'
2026-02-18T10:14:53.3086197Z     'Content-Type': 'application/json; charset=utf-8'
2026-02-18T10:14:53.3086215Z     'Server': 'Microsoft-HTTPAPI/2.0'
2026-02-18T10:14:53.3086232Z     'Strict-Transport-Security': 'REDACTED'
2026-02-18T10:14:53.3086304Z     'X-Content-Type-Options': 'REDACTED'
2026-02-18T10:14:53.3086326Z     'Date': 'Wed, 18 Feb 2026 10:14:52 GMT'
2026-02-18T10:14:53.3092090Z 2026-02-18 10:14:53,308 - azure.monitor.opentelemetry.exporter.export._base - INFO - Transmission succeeded: Item received: 3. Items accepted: 3
2026-02-18T10:14:53.3485473Z 2026-02-18 10:14:53,348 - azure.core.pipeline.policies.http_logging_policy - INFO - Request URL: 'https://westus2-2.in.applicationinsights.azure.com//v2.1/track'
2026-02-18T10:14:53.3485904Z Request method: 'POST'
2026-02-18T10:14:53.3485930Z Request headers:
2026-02-18T10:14:53.3485952Z     'Content-Type': 'application/json'
2026-02-18T10:14:53.3485970Z     'Content-Length': '3720'
2026-02-18T10:14:53.3485986Z     'Accept': 'application/json'
2026-02-18T10:14:53.3486004Z     'x-ms-client-request-id': 'aabdefc8-0cb2-11f1-a748-0adf85178b07'
2026-02-18T10:14:53.3486073Z     'User-Agent': 'azsdk-python-azuremonitorclient/unknown Python/3.11.14 (Linux-6.6.119.3-1.azl3-x86_64-with-glibc2.31)'
2026-02-18T10:14:53.3486090Z A body is sent with the request
2026-02-18T10:14:53.4870423Z 2026-02-18 10:14:53,486 - azure.core.pipeline.policies.http_logging_policy - INFO - Response status: 200
2026-02-18T10:14:53.4870960Z Response headers:
2026-02-18T10:14:53.4870989Z     'Transfer-Encoding': 'chunked'
2026-02-18T10:14:53.4871008Z     'Content-Type': 'application/json; charset=utf-8'
2026-02-18T10:14:53.4871029Z     'Server': 'Microsoft-HTTPAPI/2.0'
2026-02-18T10:14:53.4871048Z     'Strict-Transport-Security': 'REDACTED'
2026-02-18T10:14:53.4871064Z     'X-Content-Type-Options': 'REDACTED'
2026-02-18T10:14:53.4871083Z     'Date': 'Wed, 18 Feb 2026 10:14:53 GMT'
2026-02-18T10:14:53.4875282Z 2026-02-18 10:14:53,487 - azure.monitor.opentelemetry.exporter.export._base - INFO - Transmission succeeded: Item received: 3. Items accepted: 3
2026-02-18T10:14:58.3116929Z 2026-02-18 10:14:58,310 - azure.core.pipeline.policies.http_logging_policy - INFO - Request URL: 'https://westus2-2.in.applicationinsights.azure.com//v2.1/track'
2026-02-18T10:14:58.3117269Z Request method: 'POST'
2026-02-18T10:14:58.3117299Z Request headers:
2026-02-18T10:14:58.3117323Z     'Content-Type': 'application/json'
2026-02-18T10:14:58.3117340Z     'Content-Length': '3720'
2026-02-18T10:14:58.3117356Z     'Accept': 'application/json'
2026-02-18T10:14:58.3117374Z     'x-ms-client-request-id': 'adb32928-0cb2-11f1-b7fb-0adf85178b07'
2026-02-18T10:14:58.3117394Z     'User-Agent': 'azsdk-python-azuremonitorclient/unknown Python/3.11.14 (Linux-6.6.119.3-1.azl3-x86_64-with-glibc2.31)'
2026-02-18T10:14:58.3117415Z A body is sent with the request
2026-02-18T10:14:58.4001435Z 2026-02-18 10:14:58,399 - azure.core.pipeline.policies.http_logging_policy - INFO - Response status: 200
2026-02-18T10:14:58.4001769Z Response headers:
2026-02-18T10:14:58.4001795Z     'Transfer-Encoding': 'chunked'
2026-02-18T10:14:58.4001822Z     'Content-Type': 'application/json; charset=utf-8'
2026-02-18T10:14:58.4001837Z     'Server': 'Microsoft-HTTPAPI/2.0'
2026-02-18T10:14:58.4001855Z     'Strict-Transport-Security': 'REDACTED'
2026-02-18T10:14:58.4001872Z     'X-Content-Type-Options': 'REDACTED'
2026-02-18T10:14:58.4001890Z     'Date': 'Wed, 18 Feb 2026 10:14:57 GMT'
2026-02-18T10:14:58.4006478Z 2026-02-18 10:14:58,400 - azure.monitor.opentelemetry.exporter.export._base - INFO - Transmission succeeded: Item received: 3. Items accepted: 3
2026-02-18T10:14:58.4900140Z 2026-02-18 10:14:58,489 - azure.core.pipeline.policies.http_logging_policy - INFO - Request URL: 'https://westus2-2.in.applicationinsights.azure.com//v2.1/track'
2026-02-18T10:14:58.4900796Z Request method: 'POST'
2026-02-18T10:14:58.4900819Z Request headers:
2026-02-18T10:14:58.4900835Z     'Content-Type': 'application/json'
2026-02-18T10:14:58.4900850Z     'Content-Length': '3720'
2026-02-18T10:14:58.4900866Z     'Accept': 'application/json'
2026-02-18T10:14:58.4900881Z     'x-ms-client-request-id': 'adce711a-0cb2-11f1-a748-0adf85178b07'
2026-02-18T10:14:58.4900900Z     'User-Agent': 'azsdk-python-azuremonitorclient/unknown Python/3.11.14 (Linux-6.6.119.3-1.azl3-x86_64-with-glibc2.31)'
2026-02-18T10:14:58.4900916Z A body is sent with the request
2026-02-18T10:14:58.5999285Z 2026-02-18 10:14:58,599 - azure.core.pipeline.policies.http_logging_policy - INFO - Response status: 200
2026-02-18T10:14:58.6001450Z Response headers:
2026-02-18T10:14:58.6001494Z     'Transfer-Encoding': 'chunked'
2026-02-18T10:14:58.6001553Z     'Content-Type': 'application/json; charset=utf-8'
2026-02-18T10:14:58.6001572Z     'Server': 'Microsoft-HTTPAPI/2.0'
2026-02-18T10:14:58.6001588Z     'Strict-Transport-Security': 'REDACTED'
2026-02-18T10:14:58.6001604Z     'X-Content-Type-Options': 'REDACTED'
2026-02-18T10:14:58.6001620Z     'Date': 'Wed, 18 Feb 2026 10:14:58 GMT'
2026-02-18T10:14:58.6005638Z 2026-02-18 10:14:58,600 - azure.monitor.opentelemetry.exporter.export._base - INFO - Transmission succeeded: Item received: 3. Items accepted: 3
2026-02-18T10:15:03.4027338Z 2026-02-18 10:15:03,402 - azure.core.pipeline.policies.http_logging_policy - INFO - Request URL: 'https://westus2-2.in.applicationinsights.azure.com//v2.1/track'
2026-02-18T10:15:03.4027679Z Request method: 'POST'
2026-02-18T10:15:03.4027708Z Request headers:
2026-02-18T10:15:03.4027791Z     'Content-Type': 'application/json'
2026-02-18T10:15:03.4027812Z     'Content-Length': '3720'
2026-02-18T10:15:03.4027829Z     'Accept': 'application/json'
2026-02-18T10:15:03.4027849Z     'x-ms-client-request-id': 'b0bc1382-0cb2-11f1-b7fb-0adf85178b07'
2026-02-18T10:15:03.4027871Z     'User-Agent': 'azsdk-python-azuremonitorclient/unknown Python/3.11.14 (Linux-6.6.119.3-1.azl3-x86_64-with-glibc2.31)'
2026-02-18T10:15:03.4027888Z A body is sent with the request
2026-02-18T10:15:03.6024289Z 2026-02-18 10:15:03,602 - azure.core.pipeline.policies.http_logging_policy - INFO - Request URL: 'https://westus2-2.in.applicationinsights.azure.com//v2.1/track'
2026-02-18T10:15:03.6024641Z Request method: 'POST'
2026-02-18T10:15:03.6024666Z Request headers:
2026-02-18T10:15:03.6024685Z     'Content-Type': 'application/json'
2026-02-18T10:15:03.6024703Z     'Content-Length': '3720'
2026-02-18T10:15:03.6024776Z     'Accept': 'application/json'
2026-02-18T10:15:03.6024795Z     'x-ms-client-request-id': 'b0da8db2-0cb2-11f1-a748-0adf85178b07'
2026-02-18T10:15:03.6024819Z     'User-Agent': 'azsdk-python-azuremonitorclient/unknown Python/3.11.14 (Linux-6.6.119.3-1.azl3-x86_64-with-glibc2.31)'
2026-02-18T10:15:03.6024837Z A body is sent with the request
2026-02-18T10:15:03.6185082Z 2026-02-18 10:15:03,618 - azure.core.pipeline.policies.http_logging_policy - INFO - Response status: 200
2026-02-18T10:15:03.6185968Z Response headers:
2026-02-18T10:15:03.6186007Z     'Transfer-Encoding': 'chunked'
2026-02-18T10:15:03.6186029Z     'Content-Type': 'application/json; charset=utf-8'
2026-02-18T10:15:03.6186050Z     'Server': 'Microsoft-HTTPAPI/2.0'
2026-02-18T10:15:03.6186066Z     'Strict-Transport-Security': 'REDACTED'
2026-02-18T10:15:03.6186123Z     'X-Content-Type-Options': 'REDACTED'
2026-02-18T10:15:03.6186141Z     'Date': 'Wed, 18 Feb 2026 10:15:02 GMT'
2026-02-18T10:15:03.6190540Z 2026-02-18 10:15:03,618 - azure.monitor.opentelemetry.exporter.export._base - INFO - Transmission succeeded: Item received: 3. Items accepted: 3
2026-02-18T10:15:03.6983887Z 2026-02-18 10:15:03,697 - azure.core.pipeline.policies.http_logging_policy - INFO - Response status: 200
2026-02-18T10:15:03.6984235Z Response headers:
2026-02-18T10:15:03.6984263Z     'Transfer-Encoding': 'chunked'
2026-02-18T10:15:03.6984282Z     'Content-Type': 'application/json; charset=utf-8'
2026-02-18T10:15:03.6984302Z     'Server': 'Microsoft-HTTPAPI/2.0'
2026-02-18T10:15:03.6984322Z     'Strict-Transport-Security': 'REDACTED'
2026-02-18T10:15:03.6984338Z     'X-Content-Type-Options': 'REDACTED'
2026-02-18T10:15:03.6984409Z     'Date': 'Wed, 18 Feb 2026 10:15:03 GMT'
2026-02-18T10:15:03.6988357Z 2026-02-18 10:15:03,698 - azure.monitor.opentelemetry.exporter.export._base - INFO - Transmission succeeded: Item received: 3. Items accepted: 3
2026-02-18T10:15:08.6212450Z 2026-02-18 10:15:08,620 - azure.core.pipeline.policies.http_logging_policy - INFO - Request URL: 'https://westus2-2.in.applicationinsights.azure.com//v2.1/track'
2026-02-18T10:15:08.6212808Z Request method: 'POST'
2026-02-18T10:15:08.6212839Z Request headers:
2026-02-18T10:15:08.6212855Z     'Content-Type': 'application/json'
2026-02-18T10:15:08.6212870Z     'Content-Length': '3720'
2026-02-18T10:15:08.6212892Z     'Accept': 'application/json'
2026-02-18T10:15:08.6212910Z     'x-ms-client-request-id': 'b3d85986-0cb2-11f1-b7fb-0adf85178b07'
2026-02-18T10:15:08.6212932Z     'User-Agent': 'azsdk-python-azuremonitorclient/unknown Python/3.11.14 (Linux-6.6.119.3-1.azl3-x86_64-with-glibc2.31)'
2026-02-18T10:15:08.6213014Z A body is sent with the request
2026-02-18T10:15:08.7032582Z 2026-02-18 10:15:08,702 - azure.core.pipeline.policies.http_logging_policy - INFO - Request URL: 'https://westus2-2.in.applicationinsights.azure.com//v2.1/track'
2026-02-18T10:15:08.7033590Z Request method: 'POST'
2026-02-18T10:15:08.7033625Z Request headers:
2026-02-18T10:15:08.7033646Z     'Content-Type': 'application/json'
2026-02-18T10:15:08.7033663Z     'Content-Length': '3719'
2026-02-18T10:15:08.7033679Z     'Accept': 'application/json'
2026-02-18T10:15:08.7033698Z     'x-ms-client-request-id': 'b3e4bdb6-0cb2-11f1-a748-0adf85178b07'
2026-02-18T10:15:08.7033721Z     'User-Agent': 'azsdk-python-azuremonitorclient/unknown Python/3.11.14 (Linux-6.6.119.3-1.azl3-x86_64-with-glibc2.31)'
2026-02-18T10:15:08.7033744Z A body is sent with the request
2026-02-18T10:15:08.7742645Z 2026-02-18 10:15:08,774 - azure.core.pipeline.policies.http_logging_policy - INFO - Response status: 200
2026-02-18T10:15:08.7742949Z Response headers:
2026-02-18T10:15:08.7742974Z     'Transfer-Encoding': 'chunked'
2026-02-18T10:15:08.7742994Z     'Content-Type': 'application/json; charset=utf-8'
2026-02-18T10:15:08.7743016Z     'Server': 'Microsoft-HTTPAPI/2.0'
2026-02-18T10:15:08.7743036Z     'Strict-Transport-Security': 'REDACTED'
2026-02-18T10:15:08.7743054Z     'X-Content-Type-Options': 'REDACTED'
2026-02-18T10:15:08.7743070Z     'Date': 'Wed, 18 Feb 2026 10:15:07 GMT'
2026-02-18T10:15:08.7749903Z 2026-02-18 10:15:08,774 - azure.monitor.opentelemetry.exporter.export._base - INFO - Transmission succeeded: Item received: 3. Items accepted: 3
2026-02-18T10:15:08.8175962Z 2026-02-18 10:15:08,817 - azure.core.pipeline.policies.http_logging_policy - INFO - Response status: 200
2026-02-18T10:15:08.8176478Z Response headers:
2026-02-18T10:15:08.8176505Z     'Transfer-Encoding': 'chunked'
2026-02-18T10:15:08.8176523Z     'Content-Type': 'application/json; charset=utf-8'
2026-02-18T10:15:08.8176540Z     'Server': 'Microsoft-HTTPAPI/2.0'
2026-02-18T10:15:08.8176558Z     'Strict-Transport-Security': 'REDACTED'
2026-02-18T10:15:08.8176574Z     'X-Content-Type-Options': 'REDACTED'
2026-02-18T10:15:08.8176590Z     'Date': 'Wed, 18 Feb 2026 10:15:08 GMT'
2026-02-18T10:15:08.8179929Z 2026-02-18 10:15:08,817 - azure.monitor.opentelemetry.exporter.export._base - INFO - Transmission succeeded: Item received: 3. Items accepted: 3
2026-02-18T10:15:13.7762693Z 2026-02-18 10:15:13,776 - azure.core.pipeline.policies.http_logging_policy - INFO - Request URL: 'https://westus2-2.in.applicationinsights.azure.com//v2.1/track'
2026-02-18T10:15:13.7763134Z Request method: 'POST'
2026-02-18T10:15:13.7763219Z Request headers:
2026-02-18T10:15:13.7763236Z     'Content-Type': 'application/json'
2026-02-18T10:15:13.7763250Z     'Content-Length': '3720'
2026-02-18T10:15:13.7763267Z     'Accept': 'application/json'
2026-02-18T10:15:13.7763285Z     'x-ms-client-request-id': 'b6eaf43a-0cb2-11f1-b7fb-0adf85178b07'
2026-02-18T10:15:13.7763308Z     'User-Agent': 'azsdk-python-azuremonitorclient/unknown Python/3.11.14 (Linux-6.6.119.3-1.azl3-x86_64-with-glibc2.31)'
2026-02-18T10:15:13.7763326Z A body is sent with the request
2026-02-18T10:15:13.8198232Z 2026-02-18 10:15:13,819 - azure.core.pipeline.policies.http_logging_policy - INFO - Request URL: 'https://westus2-2.in.applicationinsights.azure.com//v2.1/track'
2026-02-18T10:15:13.8198638Z Request method: 'POST'
2026-02-18T10:15:13.8198664Z Request headers:
2026-02-18T10:15:13.8198729Z     'Content-Type': 'application/json'
2026-02-18T10:15:13.8198749Z     'Content-Length': '3720'
2026-02-18T10:15:13.8198768Z     'Accept': 'application/json'
2026-02-18T10:15:13.8198785Z     'x-ms-client-request-id': 'b6f19b6e-0cb2-11f1-a748-0adf85178b07'
2026-02-18T10:15:13.8198804Z     'User-Agent': 'azsdk-python-azuremonitorclient/unknown Python/3.11.14 (Linux-6.6.119.3-1.azl3-x86_64-with-glibc2.31)'
2026-02-18T10:15:13.8198820Z A body is sent with the request
2026-02-18T10:15:13.8760893Z 2026-02-18 10:15:13,875 - azure.core.pipeline.policies.http_logging_policy - INFO - Response status: 200
2026-02-18T10:15:13.8761202Z Response headers:
2026-02-18T10:15:13.8761233Z     'Transfer-Encoding': 'chunked'
2026-02-18T10:15:13.8761254Z     'Content-Type': 'application/json; charset=utf-8'
2026-02-18T10:15:13.8761273Z     'Server': 'Microsoft-HTTPAPI/2.0'
2026-02-18T10:15:13.8761355Z     'Strict-Transport-Security': 'REDACTED'
2026-02-18T10:15:13.8761373Z     'X-Content-Type-Options': 'REDACTED'
2026-02-18T10:15:13.8761388Z     'Date': 'Wed, 18 Feb 2026 10:15:13 GMT'
2026-02-18T10:15:13.8767303Z 2026-02-18 10:15:13,876 - azure.monitor.opentelemetry.exporter.export._base - INFO - Transmission succeeded: Item received: 3. Items accepted: 3
2026-02-18T10:15:13.8967513Z 2026-02-18 10:15:13,896 - azure.core.pipeline.policies.http_logging_policy - INFO - Response status: 200
2026-02-18T10:15:13.8967713Z Response headers:
2026-02-18T10:15:13.8967737Z     'Transfer-Encoding': 'chunked'
2026-02-18T10:15:13.8967763Z     'Content-Type': 'application/json; charset=utf-8'
2026-02-18T10:15:13.8967781Z     'Server': 'Microsoft-HTTPAPI/2.0'
2026-02-18T10:15:13.8967797Z     'Strict-Transport-Security': 'REDACTED'
2026-02-18T10:15:13.8967851Z     'X-Content-Type-Options': 'REDACTED'
2026-02-18T10:15:13.8967867Z     'Date': 'Wed, 18 Feb 2026 10:15:13 GMT'
2026-02-18T10:15:13.8972457Z 2026-02-18 10:15:13,896 - azure.monitor.opentelemetry.exporter.export._base - INFO - Transmission succeeded: Item received: 3. Items accepted: 3
2026-02-18T10:15:18.8780257Z 2026-02-18 10:15:18,877 - azure.core.pipeline.policies.http_logging_policy - INFO - Request URL: 'https://westus2-2.in.applicationinsights.azure.com//v2.1/track'
2026-02-18T10:15:18.8780640Z Request method: 'POST'
2026-02-18T10:15:18.8780663Z Request headers:
2026-02-18T10:15:18.8780684Z     'Content-Type': 'application/json'
2026-02-18T10:15:18.8780702Z     'Content-Length': '3720'
2026-02-18T10:15:18.8780719Z     'Accept': 'application/json'
2026-02-18T10:15:18.8780738Z     'x-ms-client-request-id': 'b9f56caa-0cb2-11f1-a748-0adf85178b07'
2026-02-18T10:15:18.8780825Z     'User-Agent': 'azsdk-python-azuremonitorclient/unknown Python/3.11.14 (Linux-6.6.119.3-1.azl3-x86_64-with-glibc2.31)'
2026-02-18T10:15:18.8780843Z A body is sent with the request
2026-02-18T10:15:18.8997759Z 2026-02-18 10:15:18,899 - azure.core.pipeline.policies.http_logging_policy - INFO - Request URL: 'https://westus2-2.in.applicationinsights.azure.com//v2.1/track'
2026-02-18T10:15:18.8998004Z Request method: 'POST'
2026-02-18T10:15:18.8998027Z Request headers:
2026-02-18T10:15:18.8998050Z     'Content-Type': 'application/json'
2026-02-18T10:15:18.8998069Z     'Content-Length': '3718'
2026-02-18T10:15:18.8998086Z     'Accept': 'application/json'
2026-02-18T10:15:18.8998105Z     'x-ms-client-request-id': 'b9f8bc34-0cb2-11f1-b7fb-0adf85178b07'
2026-02-18T10:15:18.8998125Z     'User-Agent': 'azsdk-python-azuremonitorclient/unknown Python/3.11.14 (Linux-6.6.119.3-1.azl3-x86_64-with-glibc2.31)'
2026-02-18T10:15:18.8998178Z A body is sent with the request
2026-02-18T10:15:18.9773785Z 2026-02-18 10:15:18,977 - azure.core.pipeline.policies.http_logging_policy - INFO - Response status: 200
2026-02-18T10:15:18.9774097Z Response headers:
2026-02-18T10:15:18.9774125Z     'Transfer-Encoding': 'chunked'
2026-02-18T10:15:18.9774145Z     'Content-Type': 'application/json; charset=utf-8'
2026-02-18T10:15:18.9774165Z     'Server': 'Microsoft-HTTPAPI/2.0'
2026-02-18T10:15:18.9774188Z     'Strict-Transport-Security': 'REDACTED'
2026-02-18T10:15:18.9774206Z     'X-Content-Type-Options': 'REDACTED'
2026-02-18T10:15:18.9774222Z     'Date': 'Wed, 18 Feb 2026 10:15:18 GMT'
2026-02-18T10:15:18.9778634Z 2026-02-18 10:15:18,977 - azure.monitor.opentelemetry.exporter.export._base - INFO - Transmission succeeded: Item received: 3. Items accepted: 3
2026-02-18T10:15:19.0164400Z 2026-02-18 10:15:19,016 - azure.core.pipeline.policies.http_logging_policy - INFO - Response status: 200
2026-02-18T10:15:19.0164655Z Response headers:
2026-02-18T10:15:19.0164685Z     'Transfer-Encoding': 'chunked'
2026-02-18T10:15:19.0164706Z     'Content-Type': 'application/json; charset=utf-8'
2026-02-18T10:15:19.0164722Z     'Server': 'Microsoft-HTTPAPI/2.0'
2026-02-18T10:15:19.0164743Z     'Strict-Transport-Security': 'REDACTED'
2026-02-18T10:15:19.0164761Z     'X-Content-Type-Options': 'REDACTED'
2026-02-18T10:15:19.0164779Z     'Date': 'Wed, 18 Feb 2026 10:15:18 GMT'
2026-02-18T10:15:19.0168566Z 2026-02-18 10:15:19,016 - azure.monitor.opentelemetry.exporter.export._base - INFO - Transmission succeeded: Item received: 3. Items accepted: 3
2026-02-18T10:15:23.9802578Z 2026-02-18 10:15:23,979 - azure.core.pipeline.policies.http_logging_policy - INFO - Request URL: 'https://westus2-2.in.applicationinsights.azure.com//v2.1/track'
2026-02-18T10:15:23.9802915Z Request method: 'POST'
2026-02-18T10:15:23.9802938Z Request headers:
2026-02-18T10:15:23.9802957Z     'Content-Type': 'application/json'
2026-02-18T10:15:23.9802972Z     'Content-Length': '3720'
2026-02-18T10:15:23.9802987Z     'Accept': 'application/json'
2026-02-18T10:15:23.9803012Z     'x-ms-client-request-id': 'bcffd9a8-0cb2-11f1-b7fb-0adf85178b07'
2026-02-18T10:15:23.9803031Z     'User-Agent': 'azsdk-python-azuremonitorclient/unknown Python/3.11.14 (Linux-6.6.119.3-1.azl3-x86_64-with-glibc2.31)'
2026-02-18T10:15:23.9803048Z A body is sent with the request
2026-02-18T10:15:24.0186997Z 2026-02-18 10:15:24,018 - azure.core.pipeline.policies.http_logging_policy - INFO - Request URL: 'https://westus2-2.in.applicationinsights.azure.com//v2.1/track'
2026-02-18T10:15:24.0187453Z Request method: 'POST'
2026-02-18T10:15:24.0187477Z Request headers:
2026-02-18T10:15:24.0187494Z     'Content-Type': 'application/json'
2026-02-18T10:15:24.0187511Z     'Content-Length': '3720'
2026-02-18T10:15:24.0187530Z     'Accept': 'application/json'
2026-02-18T10:15:24.0187550Z     'x-ms-client-request-id': 'bd05d1e6-0cb2-11f1-a748-0adf85178b07'
2026-02-18T10:15:24.0187570Z     'User-Agent': 'azsdk-python-azuremonitorclient/unknown Python/3.11.14 (Linux-6.6.119.3-1.azl3-x86_64-with-glibc2.31)'
2026-02-18T10:15:24.0187585Z A body is sent with the request
2026-02-18T10:15:24.1499763Z 2026-02-18 10:15:24,149 - azure.core.pipeline.policies.http_logging_policy - INFO - Response status: 200
2026-02-18T10:15:24.1500092Z Response headers:
2026-02-18T10:15:24.1500115Z     'Transfer-Encoding': 'chunked'
2026-02-18T10:15:24.1500191Z     'Content-Type': 'application/json; charset=utf-8'
2026-02-18T10:15:24.1500212Z     'Server': 'Microsoft-HTTPAPI/2.0'
2026-02-18T10:15:24.1500228Z     'Strict-Transport-Security': 'REDACTED'
2026-02-18T10:15:24.1500245Z     'X-Content-Type-Options': 'REDACTED'
2026-02-18T10:15:24.1500260Z     'Date': 'Wed, 18 Feb 2026 10:15:23 GMT'
2026-02-18T10:15:24.1504019Z 2026-02-18 10:15:24,150 - azure.monitor.opentelemetry.exporter.export._base - INFO - Transmission succeeded: Item received: 3. Items accepted: 3
2026-02-18T10:15:24.1570490Z 2026-02-18 10:15:24,156 - azure.core.pipeline.policies.http_logging_policy - INFO - Response status: 200
2026-02-18T10:15:24.1570692Z Response headers:
2026-02-18T10:15:24.1570714Z     'Transfer-Encoding': 'chunked'
2026-02-18T10:15:24.1570733Z     'Content-Type': 'application/json; charset=utf-8'
2026-02-18T10:15:24.1570784Z     'Server': 'Microsoft-HTTPAPI/2.0'
2026-02-18T10:15:24.1570804Z     'Strict-Transport-Security': 'REDACTED'
2026-02-18T10:15:24.1570820Z     'X-Content-Type-Options': 'REDACTED'
2026-02-18T10:15:24.1570836Z     'Date': 'Wed, 18 Feb 2026 10:15:23 GMT'
2026-02-18T10:15:24.1580556Z 2026-02-18 10:15:24,157 - azure.monitor.opentelemetry.exporter.export._base - INFO - Transmission succeeded: Item received: 3. Items accepted: 3
2026-02-18T10:15:29.1520409Z 2026-02-18 10:15:29,151 - azure.core.pipeline.policies.http_logging_policy - INFO - Request URL: 'https://westus2-2.in.applicationinsights.azure.com//v2.1/track'
2026-02-18T10:15:29.1520707Z Request method: 'POST'
2026-02-18T10:15:29.1520733Z Request headers:
2026-02-18T10:15:29.1520753Z     'Content-Type': 'application/json'
2026-02-18T10:15:29.1520772Z     'Content-Length': '3719'
2026-02-18T10:15:29.1520853Z     'Accept': 'application/json'
2026-02-18T10:15:29.1520875Z     'x-ms-client-request-id': 'c0151ce8-0cb2-11f1-b7fb-0adf85178b07'
2026-02-18T10:15:29.1520896Z     'User-Agent': 'azsdk-python-azuremonitorclient/unknown Python/3.11.14 (Linux-6.6.119.3-1.azl3-x86_64-with-glibc2.31)'
2026-02-18T10:15:29.1520913Z A body is sent with the request
2026-02-18T10:15:29.1593299Z 2026-02-18 10:15:29,159 - azure.core.pipeline.policies.http_logging_policy - INFO - Request URL: 'https://westus2-2.in.applicationinsights.azure.com//v2.1/track'
2026-02-18T10:15:29.1593649Z Request method: 'POST'
2026-02-18T10:15:29.1593675Z Request headers:
2026-02-18T10:15:29.1593694Z     'Content-Type': 'application/json'
2026-02-18T10:15:29.1593710Z     'Content-Length': '3720'
2026-02-18T10:15:29.1593728Z     'Accept': 'application/json'
2026-02-18T10:15:29.1593749Z     'x-ms-client-request-id': 'c0163c18-0cb2-11f1-a748-0adf85178b07'
2026-02-18T10:15:29.1593801Z     'User-Agent': 'azsdk-python-azuremonitorclient/unknown Python/3.11.14 (Linux-6.6.119.3-1.azl3-x86_64-with-glibc2.31)'
2026-02-18T10:15:29.1593817Z A body is sent with the request
2026-02-18T10:15:29.2554045Z 2026-02-18 10:15:29,255 - azure.core.pipeline.policies.http_logging_policy - INFO - Response status: 200
2026-02-18T10:15:29.2554363Z Response headers:
2026-02-18T10:15:29.2554393Z     'Transfer-Encoding': 'chunked'
2026-02-18T10:15:29.2554424Z     'Content-Type': 'application/json; charset=utf-8'
2026-02-18T10:15:29.2554445Z     'Server': 'Microsoft-HTTPAPI/2.0'
2026-02-18T10:15:29.2554467Z     'Strict-Transport-Security': 'REDACTED'
2026-02-18T10:15:29.2554487Z     'X-Content-Type-Options': 'REDACTED'
2026-02-18T10:15:29.2554506Z     'Date': 'Wed, 18 Feb 2026 10:15:29 GMT'
2026-02-18T10:15:29.2561008Z 2026-02-18 10:15:29,255 - azure.monitor.opentelemetry.exporter.export._base - INFO - Transmission succeeded: Item received: 3. Items accepted: 3
2026-02-18T10:15:29.3066746Z 2026-02-18 10:15:29,306 - azure.core.pipeline.policies.http_logging_policy - INFO - Response status: 200
2026-02-18T10:15:29.3067030Z Response headers:
2026-02-18T10:15:29.3067054Z     'Transfer-Encoding': 'chunked'
2026-02-18T10:15:29.3067074Z     'Content-Type': 'application/json; charset=utf-8'
2026-02-18T10:15:29.3067095Z     'Server': 'Microsoft-HTTPAPI/2.0'
2026-02-18T10:15:29.3067112Z     'Strict-Transport-Security': 'REDACTED'
2026-02-18T10:15:29.3067128Z     'X-Content-Type-Options': 'REDACTED'
2026-02-18T10:15:29.3067144Z     'Date': 'Wed, 18 Feb 2026 10:15:29 GMT'
2026-02-18T10:15:29.3074324Z 2026-02-18 10:15:29,307 - azure.monitor.opentelemetry.exporter.export._base - INFO - Transmission succeeded: Item received: 3. Items accepted: 3
2026-02-18T10:15:34.2579645Z 2026-02-18 10:15:34,257 - azure.core.pipeline.policies.http_logging_policy - INFO - Request URL: 'https://westus2-2.in.applicationinsights.azure.com//v2.1/track'
2026-02-18T10:15:34.2580248Z Request method: 'POST'
2026-02-18T10:15:34.2580273Z Request headers:
2026-02-18T10:15:34.2580291Z     'Content-Type': 'application/json'
2026-02-18T10:15:34.2580311Z     'Content-Length': '3720'
2026-02-18T10:15:34.2580328Z     'Accept': 'application/json'
2026-02-18T10:15:34.2580350Z     'x-ms-client-request-id': 'c320354e-0cb2-11f1-b7fb-0adf85178b07'
2026-02-18T10:15:34.2580370Z     'User-Agent': 'azsdk-python-azuremonitorclient/unknown Python/3.11.14 (Linux-6.6.119.3-1.azl3-x86_64-with-glibc2.31)'
2026-02-18T10:15:34.2580386Z A body is sent with the request
2026-02-18T10:15:34.3097104Z 2026-02-18 10:15:34,309 - azure.core.pipeline.policies.http_logging_policy - INFO - Request URL: 'https://westus2-2.in.applicationinsights.azure.com//v2.1/track'
2026-02-18T10:15:34.3097572Z Request method: 'POST'
2026-02-18T10:15:34.3097596Z Request headers:
2026-02-18T10:15:34.3097614Z     'Content-Type': 'application/json'
2026-02-18T10:15:34.3097632Z     'Content-Length': '3720'
2026-02-18T10:15:34.3097650Z     'Accept': 'application/json'
2026-02-18T10:15:34.3097667Z     'x-ms-client-request-id': 'c32818e0-0cb2-11f1-a748-0adf85178b07'
2026-02-18T10:15:34.3097688Z     'User-Agent': 'azsdk-python-azuremonitorclient/unknown Python/3.11.14 (Linux-6.6.119.3-1.azl3-x86_64-with-glibc2.31)'
2026-02-18T10:15:34.3097706Z A body is sent with the request
2026-02-18T10:15:34.3835033Z 2026-02-18 10:15:34,383 - azure.core.pipeline.policies.http_logging_policy - INFO - Response status: 200
2026-02-18T10:15:34.3835317Z Response headers:
2026-02-18T10:15:34.3835379Z     'Transfer-Encoding': 'chunked'
2026-02-18T10:15:34.3835399Z     'Content-Type': 'application/json; charset=utf-8'
2026-02-18T10:15:34.3835418Z     'Server': 'Microsoft-HTTPAPI/2.0'
2026-02-18T10:15:34.3835436Z     'Strict-Transport-Security': 'REDACTED'
2026-02-18T10:15:34.3835452Z     'X-Content-Type-Options': 'REDACTED'
2026-02-18T10:15:34.3835468Z     'Date': 'Wed, 18 Feb 2026 10:15:34 GMT'
2026-02-18T10:15:34.3840721Z 2026-02-18 10:15:34,383 - azure.monitor.opentelemetry.exporter.export._base - INFO - Transmission succeeded: Item received: 3. Items accepted: 3
2026-02-18T10:15:34.4334172Z 2026-02-18 10:15:34,433 - azure.core.pipeline.policies.http_logging_policy - INFO - Response status: 200
2026-02-18T10:15:34.4334407Z Response headers:
2026-02-18T10:15:34.4334436Z     'Transfer-Encoding': 'chunked'
2026-02-18T10:15:34.4334504Z     'Content-Type': 'application/json; charset=utf-8'
2026-02-18T10:15:34.4334525Z     'Server': 'Microsoft-HTTPAPI/2.0'
2026-02-18T10:15:34.4334545Z     'Strict-Transport-Security': 'REDACTED'
2026-02-18T10:15:34.4334566Z     'X-Content-Type-Options': 'REDACTED'
2026-02-18T10:15:34.4334586Z     'Date': 'Wed, 18 Feb 2026 10:15:34 GMT'
2026-02-18T10:15:34.4340395Z 2026-02-18 10:15:34,433 - azure.monitor.opentelemetry.exporter.export._base - INFO - Transmission succeeded: Item received: 3. Items accepted: 3
2026-02-18T10:15:39.3861129Z 2026-02-18 10:15:39,385 - azure.core.pipeline.policies.http_logging_policy - INFO - Request URL: 'https://westus2-2.in.applicationinsights.azure.com//v2.1/track'
2026-02-18T10:15:39.3861597Z Request method: 'POST'
2026-02-18T10:15:39.3861624Z Request headers:
2026-02-18T10:15:39.3861647Z     'Content-Type': 'application/json'
2026-02-18T10:15:39.3861720Z     'Content-Length': '3718'
2026-02-18T10:15:39.3861735Z     'Accept': 'application/json'
2026-02-18T10:15:39.3861751Z     'x-ms-client-request-id': 'c62eb3aa-0cb2-11f1-b7fb-0adf85178b07'
2026-02-18T10:15:39.3861770Z     'User-Agent': 'azsdk-python-azuremonitorclient/unknown Python/3.11.14 (Linux-6.6.119.3-1.azl3-x86_64-with-glibc2.31)'
2026-02-18T10:15:39.3861786Z A body is sent with the request
2026-02-18T10:15:39.4354222Z 2026-02-18 10:15:39,435 - azure.core.pipeline.policies.http_logging_policy - INFO - Request URL: 'https://westus2-2.in.applicationinsights.azure.com//v2.1/track'
2026-02-18T10:15:39.4354479Z Request method: 'POST'
2026-02-18T10:15:39.4354506Z Request headers:
2026-02-18T10:15:39.4354527Z     'Content-Type': 'application/json'
2026-02-18T10:15:39.4354544Z     'Content-Length': '3719'
2026-02-18T10:15:39.4354607Z     'Accept': 'application/json'
2026-02-18T10:15:39.4354627Z     'x-ms-client-request-id': 'c6363c24-0cb2-11f1-a748-0adf85178b07'
2026-02-18T10:15:39.4354650Z     'User-Agent': 'azsdk-python-azuremonitorclient/unknown Python/3.11.14 (Linux-6.6.119.3-1.azl3-x86_64-with-glibc2.31)'
2026-02-18T10:15:39.4354669Z A body is sent with the request
2026-02-18T10:15:39.4558159Z 2026-02-18 10:15:39,455 - azure.core.pipeline.policies.http_logging_policy - INFO - Response status: 200
2026-02-18T10:15:39.4558432Z Response headers:
2026-02-18T10:15:39.4558456Z     'Transfer-Encoding': 'chunked'
2026-02-18T10:15:39.4558475Z     'Content-Type': 'application/json; charset=utf-8'
2026-02-18T10:15:39.4558491Z     'Server': 'Microsoft-HTTPAPI/2.0'
2026-02-18T10:15:39.4558510Z     'Strict-Transport-Security': 'REDACTED'
2026-02-18T10:15:39.4558531Z     'X-Content-Type-Options': 'REDACTED'
2026-02-18T10:15:39.4558590Z     'Date': 'Wed, 18 Feb 2026 10:15:39 GMT'
2026-02-18T10:15:39.4563469Z 2026-02-18 10:15:39,456 - azure.monitor.opentelemetry.exporter.export._base - INFO - Transmission succeeded: Item received: 3. Items accepted: 3
2026-02-18T10:15:39.5387528Z 2026-02-18 10:15:39,538 - azure.core.pipeline.policies.http_logging_policy - INFO - Response status: 200
2026-02-18T10:15:39.5387810Z Response headers:
2026-02-18T10:15:39.5387836Z     'Transfer-Encoding': 'chunked'
2026-02-18T10:15:39.5387854Z     'Content-Type': 'application/json; charset=utf-8'
2026-02-18T10:15:39.5387875Z     'Server': 'Microsoft-HTTPAPI/2.0'
2026-02-18T10:15:39.5387895Z     'Strict-Transport-Security': 'REDACTED'
2026-02-18T10:15:39.5387913Z     'X-Content-Type-Options': 'REDACTED'
2026-02-18T10:15:39.5388598Z     'Date': 'Wed, 18 Feb 2026 10:15:39 GMT'
2026-02-18T10:15:39.5392440Z 2026-02-18 10:15:39,539 - azure.monitor.opentelemetry.exporter.export._base - INFO - Transmission succeeded: Item received: 3. Items accepted: 3
2026-02-18T10:15:44.4584325Z 2026-02-18 10:15:44,458 - azure.core.pipeline.policies.http_logging_policy - INFO - Request URL: 'https://westus2-2.in.applicationinsights.azure.com//v2.1/track'
2026-02-18T10:15:44.4584797Z Request method: 'POST'
2026-02-18T10:15:44.4584828Z Request headers:
2026-02-18T10:15:44.4584851Z     'Content-Type': 'application/json'
2026-02-18T10:15:44.4584869Z     'Content-Length': '3720'
2026-02-18T10:15:44.4584885Z     'Accept': 'application/json'
2026-02-18T10:15:44.4584902Z     'x-ms-client-request-id': 'c934a7e4-0cb2-11f1-b7fb-0adf85178b07'
2026-02-18T10:15:44.4584920Z     'User-Agent': 'azsdk-python-azuremonitorclient/unknown Python/3.11.14 (Linux-6.6.119.3-1.azl3-x86_64-with-glibc2.31)'
2026-02-18T10:15:44.4584936Z A body is sent with the request
2026-02-18T10:15:44.5417915Z 2026-02-18 10:15:44,541 - azure.core.pipeline.policies.http_logging_policy - INFO - Request URL: 'https://westus2-2.in.applicationinsights.azure.com//v2.1/track'
2026-02-18T10:15:44.5418400Z Request method: 'POST'
2026-02-18T10:15:44.5418426Z Request headers:
2026-02-18T10:15:44.5418445Z     'Content-Type': 'application/json'
2026-02-18T10:15:44.5418464Z     'Content-Length': '3720'
2026-02-18T10:15:44.5418488Z     'Accept': 'application/json'
2026-02-18T10:15:44.5418507Z     'x-ms-client-request-id': 'c94167a4-0cb2-11f1-a748-0adf85178b07'
2026-02-18T10:15:44.5418527Z     'User-Agent': 'azsdk-python-azuremonitorclient/unknown Python/3.11.14 (Linux-6.6.119.3-1.azl3-x86_64-with-glibc2.31)'
2026-02-18T10:15:44.5418543Z A body is sent with the request
2026-02-18T10:15:44.5763375Z 2026-02-18 10:15:44,576 - azure.core.pipeline.policies.http_logging_policy - INFO - Response status: 200
2026-02-18T10:15:44.5764028Z Response headers:
2026-02-18T10:15:44.5764052Z     'Transfer-Encoding': 'chunked'
2026-02-18T10:15:44.5764070Z     'Content-Type': 'application/json; charset=utf-8'
2026-02-18T10:15:44.5764087Z     'Server': 'Microsoft-HTTPAPI/2.0'
2026-02-18T10:15:44.5764103Z     'Strict-Transport-Security': 'REDACTED'
2026-02-18T10:15:44.5764120Z     'X-Content-Type-Options': 'REDACTED'
2026-02-18T10:15:44.5764135Z     'Date': 'Wed, 18 Feb 2026 10:15:44 GMT'
2026-02-18T10:15:44.5771054Z 2026-02-18 10:15:44,576 - azure.monitor.opentelemetry.exporter.export._base - INFO - Transmission succeeded: Item received: 3. Items accepted: 3
2026-02-18T10:15:44.5841833Z 2026-02-18 10:15:44,583 - azure.core.pipeline.policies.http_logging_policy - INFO - Response status: 200
2026-02-18T10:15:44.5842065Z Response headers:
2026-02-18T10:15:44.5842089Z     'Transfer-Encoding': 'chunked'
2026-02-18T10:15:44.5842107Z     'Content-Type': 'application/json; charset=utf-8'
2026-02-18T10:15:44.5842124Z     'Server': 'Microsoft-HTTPAPI/2.0'
2026-02-18T10:15:44.5842140Z     'Strict-Transport-Security': 'REDACTED'
2026-02-18T10:15:44.5842156Z     'X-Content-Type-Options': 'REDACTED'
2026-02-18T10:15:44.5842172Z     'Date': 'Wed, 18 Feb 2026 10:15:44 GMT'
2026-02-18T10:15:44.5847662Z 2026-02-18 10:15:44,584 - azure.monitor.opentelemetry.exporter.export._base - INFO - Transmission succeeded: Item received: 3. Items accepted: 3
2026-02-18T10:15:49.5785072Z 2026-02-18 10:15:49,578 - azure.core.pipeline.policies.http_logging_policy - INFO - Request URL: 'https://westus2-2.in.applicationinsights.azure.com//v2.1/track'
2026-02-18T10:15:49.5785425Z Request method: 'POST'
2026-02-18T10:15:49.5785515Z Request headers:
2026-02-18T10:15:49.5785535Z     'Content-Type': 'application/json'
2026-02-18T10:15:49.5785551Z     'Content-Length': '3720'
2026-02-18T10:15:49.5785565Z     'Accept': 'application/json'
2026-02-18T10:15:49.5785581Z     'x-ms-client-request-id': 'cc41f19e-0cb2-11f1-b7fb-0adf85178b07'
2026-02-18T10:15:49.5785600Z     'User-Agent': 'azsdk-python-azuremonitorclient/unknown Python/3.11.14 (Linux-6.6.119.3-1.azl3-x86_64-with-glibc2.31)'
2026-02-18T10:15:49.5785616Z A body is sent with the request
2026-02-18T10:15:49.5887083Z 2026-02-18 10:15:49,588 - azure.core.pipeline.policies.http_logging_policy - INFO - Request URL: 'https://westus2-2.in.applicationinsights.azure.com//v2.1/track'
2026-02-18T10:15:49.5889085Z Request method: 'POST'
2026-02-18T10:15:49.5889153Z Request headers:
2026-02-18T10:15:49.5889178Z     'Content-Type': 'application/json'
2026-02-18T10:15:49.5889231Z     'Content-Length': '3720'
2026-02-18T10:15:49.5889248Z     'Accept': 'application/json'
2026-02-18T10:15:49.5889267Z     'x-ms-client-request-id': 'cc437460-0cb2-11f1-a748-0adf85178b07'
2026-02-18T10:15:49.5889288Z     'User-Agent': 'azsdk-python-azuremonitorclient/unknown Python/3.11.14 (Linux-6.6.119.3-1.azl3-x86_64-with-glibc2.31)'
2026-02-18T10:15:49.5889727Z A body is sent with the request
2026-02-18T10:15:49.6757845Z 2026-02-18 10:15:49,675 - azure.core.pipeline.policies.http_logging_policy - INFO - Response status: 200
2026-02-18T10:15:49.6758246Z Response headers:
2026-02-18T10:15:49.6758279Z     'Transfer-Encoding': 'chunked'
2026-02-18T10:15:49.6758303Z     'Content-Type': 'application/json; charset=utf-8'
2026-02-18T10:15:49.6758324Z     'Server': 'Microsoft-HTTPAPI/2.0'
2026-02-18T10:15:49.6758408Z     'Strict-Transport-Security': 'REDACTED'
2026-02-18T10:15:49.6758435Z     'X-Content-Type-Options': 'REDACTED'
2026-02-18T10:15:49.6758456Z     'Date': 'Wed, 18 Feb 2026 10:15:49 GMT'
2026-02-18T10:15:49.6765492Z 2026-02-18 10:15:49,676 - azure.monitor.opentelemetry.exporter.export._base - INFO - Transmission succeeded: Item received: 3. Items accepted: 3
2026-02-18T10:15:49.7267819Z 2026-02-18 10:15:49,726 - azure.core.pipeline.policies.http_logging_policy - INFO - Response status: 200
2026-02-18T10:15:49.7268810Z Response headers:
2026-02-18T10:15:49.7268853Z     'Transfer-Encoding': 'chunked'
2026-02-18T10:15:49.7268881Z     'Content-Type': 'application/json; charset=utf-8'
2026-02-18T10:15:49.7268899Z     'Server': 'Microsoft-HTTPAPI/2.0'
2026-02-18T10:15:49.7268918Z     'Strict-Transport-Security': 'REDACTED'
2026-02-18T10:15:49.7268985Z     'X-Content-Type-Options': 'REDACTED'
2026-02-18T10:15:49.7269010Z     'Date': 'Wed, 18 Feb 2026 10:15:49 GMT'
2026-02-18T10:15:49.7274301Z 2026-02-18 10:15:49,727 - azure.monitor.opentelemetry.exporter.export._base - INFO - Transmission succeeded: Item received: 3. Items accepted: 3
2026-02-18T10:15:54.6784222Z 2026-02-18 10:15:54,678 - azure.core.pipeline.policies.http_logging_policy - INFO - Request URL: 'https://westus2-2.in.applicationinsights.azure.com//v2.1/track'
2026-02-18T10:15:54.6784563Z Request method: 'POST'
2026-02-18T10:15:54.6784588Z Request headers:
2026-02-18T10:15:54.6784612Z     'Content-Type': 'application/json'
2026-02-18T10:15:54.6784627Z     'Content-Length': '3719'
2026-02-18T10:15:54.6784641Z     'Accept': 'application/json'
2026-02-18T10:15:54.6784659Z     'x-ms-client-request-id': 'cf4c1d38-0cb2-11f1-b7fb-0adf85178b07'
2026-02-18T10:15:54.6784742Z     'User-Agent': 'azsdk-python-azuremonitorclient/unknown Python/3.11.14 (Linux-6.6.119.3-1.azl3-x86_64-with-glibc2.31)'
2026-02-18T10:15:54.6784762Z A body is sent with the request
2026-02-18T10:15:54.7301598Z 2026-02-18 10:15:54,729 - azure.core.pipeline.policies.http_logging_policy - INFO - Request URL: 'https://westus2-2.in.applicationinsights.azure.com//v2.1/track'
2026-02-18T10:15:54.7301911Z Request method: 'POST'
2026-02-18T10:15:54.7301935Z Request headers:
2026-02-18T10:15:54.7301955Z     'Content-Type': 'application/json'
2026-02-18T10:15:54.7301973Z     'Content-Length': '3720'
2026-02-18T10:15:54.7301993Z     'Accept': 'application/json'
2026-02-18T10:15:54.7302013Z     'x-ms-client-request-id': 'cf53f9cc-0cb2-11f1-a748-0adf85178b07'
2026-02-18T10:15:54.7302038Z     'User-Agent': 'azsdk-python-azuremonitorclient/unknown Python/3.11.14 (Linux-6.6.119.3-1.azl3-x86_64-with-glibc2.31)'
2026-02-18T10:15:54.7302058Z A body is sent with the request
2026-02-18T10:15:54.7414310Z 2026-02-18 10:15:54,741 - azure.core.pipeline.policies.http_logging_policy - INFO - Response status: 200
2026-02-18T10:15:54.7414584Z Response headers:
2026-02-18T10:15:54.7414614Z     'Transfer-Encoding': 'chunked'
2026-02-18T10:15:54.7414638Z     'Content-Type': 'application/json; charset=utf-8'
2026-02-18T10:15:54.7414656Z     'Server': 'Microsoft-HTTPAPI/2.0'
2026-02-18T10:15:54.7414671Z     'Strict-Transport-Security': 'REDACTED'
2026-02-18T10:15:54.7414687Z     'X-Content-Type-Options': 'REDACTED'
2026-02-18T10:15:54.7414703Z     'Date': 'Wed, 18 Feb 2026 10:15:54 GMT'
2026-02-18T10:15:54.7419453Z 2026-02-18 10:15:54,741 - azure.monitor.opentelemetry.exporter.export._base - INFO - Transmission succeeded: Item received: 3. Items accepted: 3
2026-02-18T10:15:54.8342440Z 2026-02-18 10:15:54,834 - azure.core.pipeline.policies.http_logging_policy - INFO - Response status: 200
2026-02-18T10:15:54.8343126Z Response headers:
2026-02-18T10:15:54.8343161Z     'Transfer-Encoding': 'chunked'
2026-02-18T10:15:54.8343186Z     'Content-Type': 'application/json; charset=utf-8'
2026-02-18T10:15:54.8343210Z     'Server': 'Microsoft-HTTPAPI/2.0'
2026-02-18T10:15:54.8343233Z     'Strict-Transport-Security': 'REDACTED'
2026-02-18T10:15:54.8343253Z     'X-Content-Type-Options': 'REDACTED'
2026-02-18T10:15:54.8343273Z     'Date': 'Wed, 18 Feb 2026 10:15:54 GMT'
2026-02-18T10:15:54.8348812Z 2026-02-18 10:15:54,834 - azure.monitor.opentelemetry.exporter.export._base - INFO - Transmission succeeded: Item received: 3. Items accepted: 3
2026-02-18T10:15:59.7436153Z 2026-02-18 10:15:59,743 - azure.core.pipeline.policies.http_logging_policy - INFO - Request URL: 'https://westus2-2.in.applicationinsights.azure.com//v2.1/track'
2026-02-18T10:15:59.7436552Z Request method: 'POST'
2026-02-18T10:15:59.7436574Z Request headers:
2026-02-18T10:15:59.7436592Z     'Content-Type': 'application/json'
2026-02-18T10:15:59.7436608Z     'Content-Length': '3720'
2026-02-18T10:15:59.7436627Z     'Accept': 'application/json'
2026-02-18T10:15:59.7436644Z     'x-ms-client-request-id': 'd2510142-0cb2-11f1-b7fb-0adf85178b07'
2026-02-18T10:15:59.7436667Z     'User-Agent': 'azsdk-python-azuremonitorclient/unknown Python/3.11.14 (Linux-6.6.119.3-1.azl3-x86_64-with-glibc2.31)'
2026-02-18T10:15:59.7436684Z A body is sent with the request
2026-02-18T10:15:59.8237450Z 2026-02-18 10:15:59,823 - azure.core.pipeline.policies.http_logging_policy - INFO - Response status: 200
2026-02-18T10:15:59.8237803Z Response headers:
2026-02-18T10:15:59.8237830Z     'Transfer-Encoding': 'chunked'
2026-02-18T10:15:59.8237905Z     'Content-Type': 'application/json; charset=utf-8'
2026-02-18T10:15:59.8237923Z     'Server': 'Microsoft-HTTPAPI/2.0'
2026-02-18T10:15:59.8237942Z     'Strict-Transport-Security': 'REDACTED'
2026-02-18T10:15:59.8237965Z     'X-Content-Type-Options': 'REDACTED'
2026-02-18T10:15:59.8237983Z     'Date': 'Wed, 18 Feb 2026 10:15:59 GMT'
2026-02-18T10:15:59.8252019Z 2026-02-18 10:15:59,824 - azure.monitor.opentelemetry.exporter.export._base - INFO - Transmission succeeded: Item received: 3. Items accepted: 3
2026-02-18T10:15:59.8370951Z 2026-02-18 10:15:59,836 - azure.core.pipeline.policies.http_logging_policy - INFO - Request URL: 'https://westus2-2.in.applicationinsights.azure.com//v2.1/track'
2026-02-18T10:15:59.8371452Z Request method: 'POST'
2026-02-18T10:15:59.8371479Z Request headers:
2026-02-18T10:15:59.8371534Z     'Content-Type': 'application/json'
2026-02-18T10:15:59.8371553Z     'Content-Length': '3720'
2026-02-18T10:15:59.8371571Z     'Accept': 'application/json'
2026-02-18T10:15:59.8371589Z     'x-ms-client-request-id': 'd25f48a6-0cb2-11f1-a748-0adf85178b07'
2026-02-18T10:15:59.8371612Z     'User-Agent': 'azsdk-python-azuremonitorclient/unknown Python/3.11.14 (Linux-6.6.119.3-1.azl3-x86_64-with-glibc2.31)'
2026-02-18T10:15:59.8371633Z A body is sent with the request
2026-02-18T10:15:59.9712806Z 2026-02-18 10:15:59,970 - azure.core.pipeline.policies.http_logging_policy - INFO - Response status: 200
2026-02-18T10:15:59.9716088Z Response headers:
2026-02-18T10:15:59.9716151Z     'Transfer-Encoding': 'chunked'
2026-02-18T10:15:59.9716173Z     'Content-Type': 'application/json; charset=utf-8'
2026-02-18T10:15:59.9716188Z     'Server': 'Microsoft-HTTPAPI/2.0'
2026-02-18T10:15:59.9716254Z     'Strict-Transport-Security': 'REDACTED'
2026-02-18T10:15:59.9716270Z     'X-Content-Type-Options': 'REDACTED'
2026-02-18T10:15:59.9716286Z     'Date': 'Wed, 18 Feb 2026 10:15:59 GMT'
2026-02-18T10:15:59.9737503Z 2026-02-18 10:15:59,972 - azure.monitor.opentelemetry.exporter.export._base - INFO - Transmission succeeded: Item received: 3. Items accepted: 3
2026-02-18T10:16:04.8274281Z 2026-02-18 10:16:04,827 - azure.core.pipeline.policies.http_logging_policy - INFO - Request URL: 'https://westus2-2.in.applicationinsights.azure.com//v2.1/track'
2026-02-18T10:16:04.8274874Z Request method: 'POST'
2026-02-18T10:16:04.8274901Z Request headers:
2026-02-18T10:16:04.8274928Z     'Content-Type': 'application/json'
2026-02-18T10:16:04.8274944Z     'Content-Length': '3720'
2026-02-18T10:16:04.8274959Z     'Accept': 'application/json'
2026-02-18T10:16:04.8275047Z     'x-ms-client-request-id': 'd558bc40-0cb2-11f1-b7fb-0adf85178b07'
2026-02-18T10:16:04.8275072Z     'User-Agent': 'azsdk-python-azuremonitorclient/unknown Python/3.11.14 (Linux-6.6.119.3-1.azl3-x86_64-with-glibc2.31)'
2026-02-18T10:16:04.8275093Z A body is sent with the request
2026-02-18T10:16:04.9756392Z 2026-02-18 10:16:04,975 - azure.core.pipeline.policies.http_logging_policy - INFO - Request URL: 'https://westus2-2.in.applicationinsights.azure.com//v2.1/track'
2026-02-18T10:16:04.9756725Z Request method: 'POST'
2026-02-18T10:16:04.9756754Z Request headers:
2026-02-18T10:16:04.9756775Z     'Content-Type': 'application/json'
2026-02-18T10:16:04.9756792Z     'Content-Length': '3720'
2026-02-18T10:16:04.9756811Z     'Accept': 'application/json'
2026-02-18T10:16:04.9756830Z     'x-ms-client-request-id': 'd56f5cd4-0cb2-11f1-a748-0adf85178b07'
2026-02-18T10:16:04.9756904Z     'User-Agent': 'azsdk-python-azuremonitorclient/unknown Python/3.11.14 (Linux-6.6.119.3-1.azl3-x86_64-with-glibc2.31)'
2026-02-18T10:16:04.9756925Z A body is sent with the request
2026-02-18T10:16:04.9791602Z 2026-02-18 10:16:04,978 - azure.core.pipeline.policies.http_logging_policy - INFO - Response status: 200
2026-02-18T10:16:04.9791919Z Response headers:
2026-02-18T10:16:04.9791943Z     'Transfer-Encoding': 'chunked'
2026-02-18T10:16:04.9791965Z     'Content-Type': 'application/json; charset=utf-8'
2026-02-18T10:16:04.9791982Z     'Server': 'Microsoft-HTTPAPI/2.0'
2026-02-18T10:16:04.9791997Z     'Strict-Transport-Security': 'REDACTED'
2026-02-18T10:16:04.9792013Z     'X-Content-Type-Options': 'REDACTED'
2026-02-18T10:16:04.9792033Z     'Date': 'Wed, 18 Feb 2026 10:16:04 GMT'
2026-02-18T10:16:04.9801835Z 2026-02-18 10:16:04,979 - azure.monitor.opentelemetry.exporter.export._base - INFO - Transmission succeeded: Item received: 3. Items accepted: 3
2026-02-18T10:16:05.0145256Z 2026-02-18 10:16:05,014 - azure.core.pipeline.policies.http_logging_policy - INFO - Response status: 200
2026-02-18T10:16:05.0145571Z Response headers:
2026-02-18T10:16:05.0145595Z     'Transfer-Encoding': 'chunked'
2026-02-18T10:16:05.0145621Z     'Content-Type': 'application/json; charset=utf-8'
2026-02-18T10:16:05.0145639Z     'Server': 'Microsoft-HTTPAPI/2.0'
2026-02-18T10:16:05.0145655Z     'Strict-Transport-Security': 'REDACTED'
2026-02-18T10:16:05.0145670Z     'X-Content-Type-Options': 'REDACTED'
2026-02-18T10:16:05.0145687Z     'Date': 'Wed, 18 Feb 2026 10:16:04 GMT'
2026-02-18T10:16:05.0153393Z 2026-02-18 10:16:05,014 - azure.monitor.opentelemetry.exporter.export._base - INFO - Transmission succeeded: Item received: 3. Items accepted: 3
2026-02-18T10:16:09.9815765Z 2026-02-18 10:16:09,981 - azure.core.pipeline.policies.http_logging_policy - INFO - Request URL: 'https://westus2-2.in.applicationinsights.azure.com//v2.1/track'
2026-02-18T10:16:09.9816220Z Request method: 'POST'
2026-02-18T10:16:09.9816245Z Request headers:
2026-02-18T10:16:09.9816262Z     'Content-Type': 'application/json'
2026-02-18T10:16:09.9816284Z     'Content-Length': '3718'
2026-02-18T10:16:09.9816301Z     'Accept': 'application/json'
2026-02-18T10:16:09.9816319Z     'x-ms-client-request-id': 'd86b3250-0cb2-11f1-b7fb-0adf85178b07'
2026-02-18T10:16:09.9816341Z     'User-Agent': 'azsdk-python-azuremonitorclient/unknown Python/3.11.14 (Linux-6.6.119.3-1.azl3-x86_64-with-glibc2.31)'
2026-02-18T10:16:09.9816359Z A body is sent with the request
2026-02-18T10:16:10.0167018Z 2026-02-18 10:16:10,016 - azure.core.pipeline.policies.http_logging_policy - INFO - Request URL: 'https://westus2-2.in.applicationinsights.azure.com//v2.1/track'
2026-02-18T10:16:10.0167394Z Request method: 'POST'
2026-02-18T10:16:10.0167414Z Request headers:
2026-02-18T10:16:10.0167430Z     'Content-Type': 'application/json'
2026-02-18T10:16:10.0167447Z     'Content-Length': '3719'
2026-02-18T10:16:10.0167461Z     'Accept': 'application/json'
2026-02-18T10:16:10.0167478Z     'x-ms-client-request-id': 'd8709128-0cb2-11f1-a748-0adf85178b07'
2026-02-18T10:16:10.0167499Z     'User-Agent': 'azsdk-python-azuremonitorclient/unknown Python/3.11.14 (Linux-6.6.119.3-1.azl3-x86_64-with-glibc2.31)'
2026-02-18T10:16:10.0167516Z A body is sent with the request
2026-02-18T10:16:10.0426647Z 2026-02-18 10:16:10,042 - azure.core.pipeline.policies.http_logging_policy - INFO - Response status: 200
2026-02-18T10:16:10.0426920Z Response headers:
2026-02-18T10:16:10.0428341Z     'Transfer-Encoding': 'chunked'
2026-02-18T10:16:10.0428390Z     'Content-Type': 'application/json; charset=utf-8'
2026-02-18T10:16:10.0428406Z     'Server': 'Microsoft-HTTPAPI/2.0'
2026-02-18T10:16:10.0428421Z     'Strict-Transport-Security': 'REDACTED'
2026-02-18T10:16:10.0428437Z     'X-Content-Type-Options': 'REDACTED'
2026-02-18T10:16:10.0428454Z     'Date': 'Wed, 18 Feb 2026 10:16:09 GMT'
2026-02-18T10:16:10.0433140Z 2026-02-18 10:16:10,043 - azure.monitor.opentelemetry.exporter.export._base - INFO - Transmission succeeded: Item received: 3. Items accepted: 3
2026-02-18T10:16:10.1046396Z 2026-02-18 10:16:10,104 - azure.core.pipeline.policies.http_logging_policy - INFO - Response status: 200
2026-02-18T10:16:10.1046691Z Response headers:
2026-02-18T10:16:10.1046719Z     'Transfer-Encoding': 'chunked'
2026-02-18T10:16:10.1046796Z     'Content-Type': 'application/json; charset=utf-8'
2026-02-18T10:16:10.1046815Z     'Server': 'Microsoft-HTTPAPI/2.0'
2026-02-18T10:16:10.1046831Z     'Strict-Transport-Security': 'REDACTED'
2026-02-18T10:16:10.1046847Z     'X-Content-Type-Options': 'REDACTED'
2026-02-18T10:16:10.1046864Z     'Date': 'Wed, 18 Feb 2026 10:16:09 GMT'
2026-02-18T10:16:10.1052866Z 2026-02-18 10:16:10,104 - azure.monitor.opentelemetry.exporter.export._base - INFO - Transmission succeeded: Item received: 3. Items accepted: 3
2026-02-18T10:16:15.0448509Z 2026-02-18 10:16:15,044 - azure.core.pipeline.policies.http_logging_policy - INFO - Request URL: 'https://westus2-2.in.applicationinsights.azure.com//v2.1/track'
2026-02-18T10:16:15.0448819Z Request method: 'POST'
2026-02-18T10:16:15.0448841Z Request headers:
2026-02-18T10:16:15.0448866Z     'Content-Type': 'application/json'
2026-02-18T10:16:15.0448931Z     'Content-Length': '3719'
2026-02-18T10:16:15.0448949Z     'Accept': 'application/json'
2026-02-18T10:16:15.0448967Z     'x-ms-client-request-id': 'db6fcd44-0cb2-11f1-b7fb-0adf85178b07'
2026-02-18T10:16:15.0448988Z     'User-Agent': 'azsdk-python-azuremonitorclient/unknown Python/3.11.14 (Linux-6.6.119.3-1.azl3-x86_64-with-glibc2.31)'
2026-02-18T10:16:15.0449007Z A body is sent with the request
2026-02-18T10:16:15.1069741Z 2026-02-18 10:16:15,106 - azure.core.pipeline.policies.http_logging_policy - INFO - Request URL: 'https://westus2-2.in.applicationinsights.azure.com//v2.1/track'
2026-02-18T10:16:15.1070083Z Request method: 'POST'
2026-02-18T10:16:15.1070110Z Request headers:
2026-02-18T10:16:15.1070127Z     'Content-Type': 'application/json'
2026-02-18T10:16:15.1070147Z     'Content-Length': '3720'
2026-02-18T10:16:15.1070164Z     'Accept': 'application/json'
2026-02-18T10:16:15.1070236Z     'x-ms-client-request-id': 'db79464e-0cb2-11f1-a748-0adf85178b07'
2026-02-18T10:16:15.1070257Z     'User-Agent': 'azsdk-python-azuremonitorclient/unknown Python/3.11.14 (Linux-6.6.119.3-1.azl3-x86_64-with-glibc2.31)'
2026-02-18T10:16:15.1070273Z A body is sent with the request
2026-02-18T10:16:15.1669534Z 2026-02-18 10:16:15,166 - azure.core.pipeline.policies.http_logging_policy - INFO - Response status: 200
2026-02-18T10:16:15.1670521Z Response headers:
2026-02-18T10:16:15.1670549Z     'Transfer-Encoding': 'chunked'
2026-02-18T10:16:15.1670567Z     'Content-Type': 'application/json; charset=utf-8'
2026-02-18T10:16:15.1670584Z     'Server': 'Microsoft-HTTPAPI/2.0'
2026-02-18T10:16:15.1670605Z     'Strict-Transport-Security': 'REDACTED'
2026-02-18T10:16:15.1670627Z     'X-Content-Type-Options': 'REDACTED'
2026-02-18T10:16:15.1670701Z     'Date': 'Wed, 18 Feb 2026 10:16:14 GMT'
2026-02-18T10:16:15.1678348Z 2026-02-18 10:16:15,167 - azure.monitor.opentelemetry.exporter.export._base - INFO - Transmission succeeded: Item received: 3. Items accepted: 3
2026-02-18T10:16:15.1925197Z 2026-02-18 10:16:15,192 - azure.core.pipeline.policies.http_logging_policy - INFO - Response status: 200
2026-02-18T10:16:15.1926025Z Response headers:
2026-02-18T10:16:15.1926053Z     'Transfer-Encoding': 'chunked'
2026-02-18T10:16:15.1926080Z     'Content-Type': 'application/json; charset=utf-8'
2026-02-18T10:16:15.1926097Z     'Server': 'Microsoft-HTTPAPI/2.0'
2026-02-18T10:16:15.1926115Z     'Strict-Transport-Security': 'REDACTED'
2026-02-18T10:16:15.1926135Z     'X-Content-Type-Options': 'REDACTED'
2026-02-18T10:16:15.1926150Z     'Date': 'Wed, 18 Feb 2026 10:16:14 GMT'
2026-02-18T10:16:15.1931626Z 2026-02-18 10:16:15,192 - azure.monitor.opentelemetry.exporter.export._base - INFO - Transmission succeeded: Item received: 3. Items accepted: 3
2026-02-18T10:16:20.1822471Z 2026-02-18 10:16:20,179 - azure.core.pipeline.policies.http_logging_policy - INFO - Request URL: 'https://westus2-2.in.applicationinsights.azure.com//v2.1/track'
2026-02-18T10:16:20.1822869Z Request method: 'POST'
2026-02-18T10:16:20.1822895Z Request headers:
2026-02-18T10:16:20.1822911Z     'Content-Type': 'application/json'
2026-02-18T10:16:20.1822928Z     'Content-Length': '3719'
2026-02-18T10:16:20.1822946Z     'Accept': 'application/json'
2026-02-18T10:16:20.1822968Z     'x-ms-client-request-id': 'de7f3bdc-0cb2-11f1-b7fb-0adf85178b07'
2026-02-18T10:16:20.1822993Z     'User-Agent': 'azsdk-python-azuremonitorclient/unknown Python/3.11.14 (Linux-6.6.119.3-1.azl3-x86_64-with-glibc2.31)'
2026-02-18T10:16:20.1823013Z A body is sent with the request
2026-02-18T10:16:20.1994791Z 2026-02-18 10:16:20,197 - azure.core.pipeline.policies.http_logging_policy - INFO - Request URL: 'https://westus2-2.in.applicationinsights.azure.com//v2.1/track'
2026-02-18T10:16:20.1995381Z Request method: 'POST'
2026-02-18T10:16:20.1995412Z Request headers:
2026-02-18T10:16:20.1995438Z     'Content-Type': 'application/json'
2026-02-18T10:16:20.1995456Z     'Content-Length': '3717'
2026-02-18T10:16:20.1996174Z     'Accept': 'application/json'
2026-02-18T10:16:20.1996220Z     'x-ms-client-request-id': 'de820fce-0cb2-11f1-a748-0adf85178b07'
2026-02-18T10:16:20.1996244Z     'User-Agent': 'azsdk-python-azuremonitorclient/unknown Python/3.11.14 (Linux-6.6.119.3-1.azl3-x86_64-with-glibc2.31)'
2026-02-18T10:16:20.1996266Z A body is sent with the request
2026-02-18T10:16:20.2548152Z 2026-02-18 10:16:20,254 - azure.core.pipeline.policies.http_logging_policy - INFO - Response status: 200
2026-02-18T10:16:20.2549630Z Response headers:
2026-02-18T10:16:20.2549680Z     'Transfer-Encoding': 'chunked'
2026-02-18T10:16:20.2549700Z     'Content-Type': 'application/json; charset=utf-8'
2026-02-18T10:16:20.2549716Z     'Server': 'Microsoft-HTTPAPI/2.0'
2026-02-18T10:16:20.2549735Z     'Strict-Transport-Security': 'REDACTED'
2026-02-18T10:16:20.2549753Z     'X-Content-Type-Options': 'REDACTED'
2026-02-18T10:16:20.2549773Z     'Date': 'Wed, 18 Feb 2026 10:16:19 GMT'
2026-02-18T10:16:20.2574233Z 2026-02-18 10:16:20,255 - azure.monitor.opentelemetry.exporter.export._base - INFO - Transmission succeeded: Item received: 3. Items accepted: 3
2026-02-18T10:16:20.2662239Z 2026-02-18 10:16:20,266 - azure.core.pipeline.policies.http_logging_policy - INFO - Response status: 200
2026-02-18T10:16:20.2662404Z Response headers:
2026-02-18T10:16:20.2662467Z     'Transfer-Encoding': 'chunked'
2026-02-18T10:16:20.2662484Z     'Content-Type': 'application/json; charset=utf-8'
2026-02-18T10:16:20.2662501Z     'Server': 'Microsoft-HTTPAPI/2.0'
2026-02-18T10:16:20.2662518Z     'Strict-Transport-Security': 'REDACTED'
2026-02-18T10:16:20.2662534Z     'X-Content-Type-Options': 'REDACTED'
2026-02-18T10:16:20.2662552Z     'Date': 'Wed, 18 Feb 2026 10:16:20 GMT'
2026-02-18T10:16:20.2665774Z 2026-02-18 10:16:20,266 - azure.monitor.opentelemetry.exporter.export._base - INFO - Transmission succeeded: Item received: 3. Items accepted: 3
2026-02-18T10:16:25.2601891Z 2026-02-18 10:16:25,259 - azure.core.pipeline.policies.http_logging_policy - INFO - Request URL: 'https://westus2-2.in.applicationinsights.azure.com//v2.1/track'
2026-02-18T10:16:25.2602261Z Request method: 'POST'
2026-02-18T10:16:25.2602289Z Request headers:
2026-02-18T10:16:25.2602380Z     'Content-Type': 'application/json'
2026-02-18T10:16:25.2602400Z     'Content-Length': '3720'
2026-02-18T10:16:25.2602419Z     'Accept': 'application/json'
2026-02-18T10:16:25.2602439Z     'x-ms-client-request-id': 'e1868740-0cb2-11f1-a748-0adf85178b07'
2026-02-18T10:16:25.2602461Z     'User-Agent': 'azsdk-python-azuremonitorclient/unknown Python/3.11.14 (Linux-6.6.119.3-1.azl3-x86_64-with-glibc2.31)'
2026-02-18T10:16:25.2602479Z A body is sent with the request
2026-02-18T10:16:25.2719968Z 2026-02-18 10:16:25,271 - azure.core.pipeline.policies.http_logging_policy - INFO - Request URL: 'https://westus2-2.in.applicationinsights.azure.com//v2.1/track'
2026-02-18T10:16:25.2720217Z Request method: 'POST'
2026-02-18T10:16:25.2720389Z Request headers:
2026-02-18T10:16:25.2720411Z     'Content-Type': 'application/json'
2026-02-18T10:16:25.2720429Z     'Content-Length': '3718'
2026-02-18T10:16:25.2720480Z     'Accept': 'application/json'
2026-02-18T10:16:25.2720499Z     'x-ms-client-request-id': 'e18834e6-0cb2-11f1-b7fb-0adf85178b07'
2026-02-18T10:16:25.2720520Z     'User-Agent': 'azsdk-python-azuremonitorclient/unknown Python/3.11.14 (Linux-6.6.119.3-1.azl3-x86_64-with-glibc2.31)'
2026-02-18T10:16:25.2720538Z A body is sent with the request
2026-02-18T10:16:25.3950696Z 2026-02-18 10:16:25,394 - azure.core.pipeline.policies.http_logging_policy - INFO - Response status: 200
2026-02-18T10:16:25.3952599Z Response headers:
2026-02-18T10:16:25.3952639Z     'Transfer-Encoding': 'chunked'
2026-02-18T10:16:25.3952661Z     'Content-Type': 'application/json; charset=utf-8'
2026-02-18T10:16:25.3952677Z     'Server': 'Microsoft-HTTPAPI/2.0'
2026-02-18T10:16:25.3952695Z     'Strict-Transport-Security': 'REDACTED'
2026-02-18T10:16:25.3952779Z     'X-Content-Type-Options': 'REDACTED'
2026-02-18T10:16:25.3952798Z     'Date': 'Wed, 18 Feb 2026 10:16:25 GMT'
2026-02-18T10:16:25.3979750Z 2026-02-18 10:16:25,396 - azure.monitor.opentelemetry.exporter.export._base - INFO - Transmission succeeded: Item received: 3. Items accepted: 3
2026-02-18T10:16:25.4041499Z 2026-02-18 10:16:25,403 - azure.core.pipeline.policies.http_logging_policy - INFO - Response status: 200
2026-02-18T10:16:25.4041680Z Response headers:
2026-02-18T10:16:25.4041709Z     'Transfer-Encoding': 'chunked'
2026-02-18T10:16:25.4041728Z     'Content-Type': 'application/json; charset=utf-8'
2026-02-18T10:16:25.4041744Z     'Server': 'Microsoft-HTTPAPI/2.0'
2026-02-18T10:16:25.4041762Z     'Strict-Transport-Security': 'REDACTED'
2026-02-18T10:16:25.4041779Z     'X-Content-Type-Options': 'REDACTED'
2026-02-18T10:16:25.4041830Z     'Date': 'Wed, 18 Feb 2026 10:16:25 GMT'
2026-02-18T10:16:25.4062787Z 2026-02-18 10:16:25,405 - azure.monitor.opentelemetry.exporter.export._base - INFO - Transmission succeeded: Item received: 3. Items accepted: 3
2026-02-18T10:16:30.4010075Z 2026-02-18 10:16:30,400 - azure.core.pipeline.policies.http_logging_policy - INFO - Request URL: 'https://westus2-2.in.applicationinsights.azure.com//v2.1/track'
2026-02-18T10:16:30.4010423Z Request method: 'POST'
2026-02-18T10:16:30.4010448Z Request headers:
2026-02-18T10:16:30.4010471Z     'Content-Type': 'application/json'
2026-02-18T10:16:30.4010489Z     'Content-Length': '3720'
2026-02-18T10:16:30.4010507Z     'Accept': 'application/json'
2026-02-18T10:16:30.4010526Z     'x-ms-client-request-id': 'e496f2f8-0cb2-11f1-b7fb-0adf85178b07'
2026-02-18T10:16:30.4010550Z     'User-Agent': 'azsdk-python-azuremonitorclient/unknown Python/3.11.14 (Linux-6.6.119.3-1.azl3-x86_64-with-glibc2.31)'
2026-02-18T10:16:30.4010631Z A body is sent with the request
2026-02-18T10:16:30.4084087Z 2026-02-18 10:16:30,408 - azure.core.pipeline.policies.http_logging_policy - INFO - Request URL: 'https://westus2-2.in.applicationinsights.azure.com//v2.1/track'
2026-02-18T10:16:30.4084470Z Request method: 'POST'
2026-02-18T10:16:30.4084496Z Request headers:
2026-02-18T10:16:30.4084523Z     'Content-Type': 'application/json'
2026-02-18T10:16:30.4084544Z     'Content-Length': '3720'
2026-02-18T10:16:30.4084566Z     'Accept': 'application/json'
2026-02-18T10:16:30.4084590Z     'x-ms-client-request-id': 'e4980cce-0cb2-11f1-a748-0adf85178b07'
2026-02-18T10:16:30.4084618Z     'User-Agent': 'azsdk-python-azuremonitorclient/unknown Python/3.11.14 (Linux-6.6.119.3-1.azl3-x86_64-with-glibc2.31)'
2026-02-18T10:16:30.4084636Z A body is sent with the request
2026-02-18T10:16:30.4756522Z 2026-02-18 10:16:30,475 - azure.core.pipeline.policies.http_logging_policy - INFO - Response status: 200
2026-02-18T10:16:30.4757144Z Response headers:
2026-02-18T10:16:30.4757179Z     'Transfer-Encoding': 'chunked'
2026-02-18T10:16:30.4757212Z     'Content-Type': 'application/json; charset=utf-8'
2026-02-18T10:16:30.4757232Z     'Server': 'Microsoft-HTTPAPI/2.0'
2026-02-18T10:16:30.4757252Z     'Strict-Transport-Security': 'REDACTED'
2026-02-18T10:16:30.4757272Z     'X-Content-Type-Options': 'REDACTED'
2026-02-18T10:16:30.4757292Z     'Date': 'Wed, 18 Feb 2026 10:16:30 GMT'
2026-02-18T10:16:30.4764665Z 2026-02-18 10:16:30,475 - azure.monitor.opentelemetry.exporter.export._base - INFO - Transmission succeeded: Item received: 3. Items accepted: 3
2026-02-18T10:16:30.5236225Z 2026-02-18 10:16:30,523 - azure.core.pipeline.policies.http_logging_policy - INFO - Response status: 200
2026-02-18T10:16:30.5236571Z Response headers:
2026-02-18T10:16:30.5236598Z     'Transfer-Encoding': 'chunked'
2026-02-18T10:16:30.5236616Z     'Content-Type': 'application/json; charset=utf-8'
2026-02-18T10:16:30.5236633Z     'Server': 'Microsoft-HTTPAPI/2.0'
2026-02-18T10:16:30.5236653Z     'Strict-Transport-Security': 'REDACTED'
2026-02-18T10:16:30.5236672Z     'X-Content-Type-Options': 'REDACTED'
2026-02-18T10:16:30.5236691Z     'Date': 'Wed, 18 Feb 2026 10:16:30 GMT'
2026-02-18T10:16:30.5242308Z 2026-02-18 10:16:30,523 - azure.monitor.opentelemetry.exporter.export._base - INFO - Transmission succeeded: Item received: 3. Items accepted: 3
2026-02-18T10:16:35.4778931Z 2026-02-18 10:16:35,477 - azure.core.pipeline.policies.http_logging_policy - INFO - Request URL: 'https://westus2-2.in.applicationinsights.azure.com//v2.1/track'
2026-02-18T10:16:35.4779620Z Request method: 'POST'
2026-02-18T10:16:35.4779701Z Request headers:
2026-02-18T10:16:35.4779720Z     'Content-Type': 'application/json'
2026-02-18T10:16:35.4779735Z     'Content-Length': '3720'
2026-02-18T10:16:35.4779749Z     'Accept': 'application/json'
2026-02-18T10:16:35.4779766Z     'x-ms-client-request-id': 'e79da096-0cb2-11f1-a748-0adf85178b07'
2026-02-18T10:16:35.4779786Z     'User-Agent': 'azsdk-python-azuremonitorclient/unknown Python/3.11.14 (Linux-6.6.119.3-1.azl3-x86_64-with-glibc2.31)'
2026-02-18T10:16:35.4779805Z A body is sent with the request
2026-02-18T10:16:35.5269963Z 2026-02-18 10:16:35,526 - azure.core.pipeline.policies.http_logging_policy - INFO - Request URL: 'https://westus2-2.in.applicationinsights.azure.com//v2.1/track'
2026-02-18T10:16:35.5270234Z Request method: 'POST'
2026-02-18T10:16:35.5270260Z Request headers:
2026-02-18T10:16:35.5270337Z     'Content-Type': 'application/json'
2026-02-18T10:16:35.5270354Z     'Content-Length': '3720'
2026-02-18T10:16:35.5270370Z     'Accept': 'application/json'
2026-02-18T10:16:35.5270390Z     'x-ms-client-request-id': 'e7a5116e-0cb2-11f1-b7fb-0adf85178b07'
2026-02-18T10:16:35.5270414Z     'User-Agent': 'azsdk-python-azuremonitorclient/unknown Python/3.11.14 (Linux-6.6.119.3-1.azl3-x86_64-with-glibc2.31)'
2026-02-18T10:16:35.5270430Z A body is sent with the request
2026-02-18T10:16:35.6052069Z 2026-02-18 10:16:35,604 - azure.core.pipeline.policies.http_logging_policy - INFO - Response status: 200
2026-02-18T10:16:35.6052521Z Response headers:
2026-02-18T10:16:35.6052549Z     'Transfer-Encoding': 'chunked'
2026-02-18T10:16:35.6052572Z     'Content-Type': 'application/json; charset=utf-8'
2026-02-18T10:16:35.6052592Z     'Server': 'Microsoft-HTTPAPI/2.0'
2026-02-18T10:16:35.6052666Z     'Strict-Transport-Security': 'REDACTED'
2026-02-18T10:16:35.6052683Z     'X-Content-Type-Options': 'REDACTED'
2026-02-18T10:16:35.6052700Z     'Date': 'Wed, 18 Feb 2026 10:16:35 GMT'
2026-02-18T10:16:35.6058435Z 2026-02-18 10:16:35,605 - azure.monitor.opentelemetry.exporter.export._base - INFO - Transmission succeeded: Item received: 3. Items accepted: 3
2026-02-18T10:16:35.6459457Z 2026-02-18 10:16:35,645 - azure.core.pipeline.policies.http_logging_policy - INFO - Response status: 200
2026-02-18T10:16:35.6460122Z Response headers:
2026-02-18T10:16:35.6460151Z     'Transfer-Encoding': 'chunked'
2026-02-18T10:16:35.6460169Z     'Content-Type': 'application/json; charset=utf-8'
2026-02-18T10:16:35.6460188Z     'Server': 'Microsoft-HTTPAPI/2.0'
2026-02-18T10:16:35.6460216Z     'Strict-Transport-Security': 'REDACTED'
2026-02-18T10:16:35.6460273Z     'X-Content-Type-Options': 'REDACTED'
2026-02-18T10:16:35.6460287Z     'Date': 'Wed, 18 Feb 2026 10:16:35 GMT'
2026-02-18T10:16:35.6465940Z 2026-02-18 10:16:35,646 - azure.monitor.opentelemetry.exporter.export._base - INFO - Transmission succeeded: Item received: 3. Items accepted: 3
2026-02-18T10:16:40.6074130Z 2026-02-18 10:16:40,607 - azure.core.pipeline.policies.http_logging_policy - INFO - Request URL: 'https://westus2-2.in.applicationinsights.azure.com//v2.1/track'
2026-02-18T10:16:40.6074484Z Request method: 'POST'
2026-02-18T10:16:40.6074505Z Request headers:
2026-02-18T10:16:40.6074523Z     'Content-Type': 'application/json'
2026-02-18T10:16:40.6074539Z     'Content-Length': '3719'
2026-02-18T10:16:40.6074555Z     'Accept': 'application/json'
2026-02-18T10:16:40.6074571Z     'x-ms-client-request-id': 'eaac4ee0-0cb2-11f1-a748-0adf85178b07'
2026-02-18T10:16:40.6074594Z     'User-Agent': 'azsdk-python-azuremonitorclient/unknown Python/3.11.14 (Linux-6.6.119.3-1.azl3-x86_64-with-glibc2.31)'
2026-02-18T10:16:40.6074610Z A body is sent with the request
2026-02-18T10:16:40.6403632Z 2026-02-18 10:16:40,640 - azure.core.pipeline.policies.http_logging_policy - INFO - Response status: 200
2026-02-18T10:16:40.6403956Z Response headers:
2026-02-18T10:16:40.6404035Z     'Transfer-Encoding': 'chunked'
2026-02-18T10:16:40.6404055Z     'Content-Type': 'application/json; charset=utf-8'
2026-02-18T10:16:40.6404073Z     'Server': 'Microsoft-HTTPAPI/2.0'
2026-02-18T10:16:40.6404089Z     'Strict-Transport-Security': 'REDACTED'
2026-02-18T10:16:40.6404108Z     'X-Content-Type-Options': 'REDACTED'
2026-02-18T10:16:40.6404124Z     'Date': 'Wed, 18 Feb 2026 10:16:40 GMT'
2026-02-18T10:16:40.6409512Z 2026-02-18 10:16:40,640 - azure.monitor.opentelemetry.exporter.export._base - INFO - Transmission succeeded: Item received: 3. Items accepted: 3
2026-02-18T10:16:40.6480943Z 2026-02-18 10:16:40,647 - azure.core.pipeline.policies.http_logging_policy - INFO - Request URL: 'https://westus2-2.in.applicationinsights.azure.com//v2.1/track'
2026-02-18T10:16:40.6481174Z Request method: 'POST'
2026-02-18T10:16:40.6481198Z Request headers:
2026-02-18T10:16:40.6481259Z     'Content-Type': 'application/json'
2026-02-18T10:16:40.6481280Z     'Content-Length': '3720'
2026-02-18T10:16:40.6481296Z     'Accept': 'application/json'
2026-02-18T10:16:40.6481316Z     'x-ms-client-request-id': 'eab28c56-0cb2-11f1-b7fb-0adf85178b07'
2026-02-18T10:16:40.6481338Z     'User-Agent': 'azsdk-python-azuremonitorclient/unknown Python/3.11.14 (Linux-6.6.119.3-1.azl3-x86_64-with-glibc2.31)'
2026-02-18T10:16:40.6481355Z A body is sent with the request
2026-02-18T10:16:40.7487712Z 2026-02-18 10:16:40,747 - azure.core.pipeline.policies.http_logging_policy - INFO - Response status: 200
2026-02-18T10:16:40.7488698Z Response headers:
2026-02-18T10:16:40.7488736Z     'Transfer-Encoding': 'chunked'
2026-02-18T10:16:40.7488757Z     'Content-Type': 'application/json; charset=utf-8'
2026-02-18T10:16:40.7488831Z     'Server': 'Microsoft-HTTPAPI/2.0'
2026-02-18T10:16:40.7488849Z     'Strict-Transport-Security': 'REDACTED'
2026-02-18T10:16:40.7488868Z     'X-Content-Type-Options': 'REDACTED'
2026-02-18T10:16:40.7488887Z     'Date': 'Wed, 18 Feb 2026 10:16:40 GMT'
2026-02-18T10:16:40.7503908Z 2026-02-18 10:16:40,750 - azure.monitor.opentelemetry.exporter.export._base - INFO - Transmission succeeded: Item received: 3. Items accepted: 3
2026-02-18T10:16:45.6428265Z 2026-02-18 10:16:45,642 - azure.core.pipeline.policies.http_logging_policy - INFO - Request URL: 'https://westus2-2.in.applicationinsights.azure.com//v2.1/track'
2026-02-18T10:16:45.6428588Z Request method: 'POST'
2026-02-18T10:16:45.6428613Z Request headers:
2026-02-18T10:16:45.6428637Z     'Content-Type': 'application/json'
2026-02-18T10:16:45.6428655Z     'Content-Length': '3720'
2026-02-18T10:16:45.6428734Z     'Accept': 'application/json'
2026-02-18T10:16:45.6428755Z     'x-ms-client-request-id': 'edacacde-0cb2-11f1-a748-0adf85178b07'
2026-02-18T10:16:45.6428777Z     'User-Agent': 'azsdk-python-azuremonitorclient/unknown Python/3.11.14 (Linux-6.6.119.3-1.azl3-x86_64-with-glibc2.31)'
2026-02-18T10:16:45.6428794Z A body is sent with the request
2026-02-18T10:16:45.7532306Z 2026-02-18 10:16:45,752 - azure.core.pipeline.policies.http_logging_policy - INFO - Response status: 200
2026-02-18T10:16:45.7532657Z Response headers:
2026-02-18T10:16:45.7532683Z     'Transfer-Encoding': 'chunked'
2026-02-18T10:16:45.7532706Z     'Content-Type': 'application/json; charset=utf-8'
2026-02-18T10:16:45.7532724Z     'Server': 'Microsoft-HTTPAPI/2.0'
2026-02-18T10:16:45.7532742Z     'Strict-Transport-Security': 'REDACTED'
2026-02-18T10:16:45.7532760Z     'X-Content-Type-Options': 'REDACTED'
2026-02-18T10:16:45.7532831Z     'Date': 'Wed, 18 Feb 2026 10:16:45 GMT'
2026-02-18T10:16:45.7532853Z 2026-02-18 10:16:45,752 - azure.monitor.opentelemetry.exporter.export._base - INFO - Transmission succeeded: Item received: 3. Items accepted: 3
2026-02-18T10:16:45.7536557Z 2026-02-18 10:16:45,753 - azure.core.pipeline.policies.http_logging_policy - INFO - Request URL: 'https://westus2-2.in.applicationinsights.azure.com//v2.1/track'
2026-02-18T10:16:45.7536640Z Request method: 'POST'
2026-02-18T10:16:45.7536660Z Request headers:
2026-02-18T10:16:45.7536839Z     'Content-Type': 'application/json'
2026-02-18T10:16:45.7536860Z     'Content-Length': '3720'
2026-02-18T10:16:45.7536876Z     'Accept': 'application/json'
2026-02-18T10:16:45.7537581Z     'x-ms-client-request-id': 'edbd8af4-0cb2-11f1-b7fb-0adf85178b07'
2026-02-18T10:16:45.7537619Z     'User-Agent': 'azsdk-python-azuremonitorclient/unknown Python/3.11.14 (Linux-6.6.119.3-1.azl3-x86_64-with-glibc2.31)'
2026-02-18T10:16:45.7537653Z A body is sent with the request
2026-02-18T10:16:45.8365680Z 2026-02-18 10:16:45,835 - azure.core.pipeline.policies.http_logging_policy - INFO - Response status: 200
2026-02-18T10:16:45.8366082Z Response headers:
2026-02-18T10:16:45.8366889Z     'Transfer-Encoding': 'chunked'
2026-02-18T10:16:45.8366921Z     'Content-Type': 'application/json; charset=utf-8'
2026-02-18T10:16:45.8366939Z     'Server': 'Microsoft-HTTPAPI/2.0'
2026-02-18T10:16:45.8366959Z     'Strict-Transport-Security': 'REDACTED'
2026-02-18T10:16:45.8366976Z     'X-Content-Type-Options': 'REDACTED'
2026-02-18T10:16:45.8366990Z     'Date': 'Wed, 18 Feb 2026 10:16:45 GMT'
2026-02-18T10:16:45.8367197Z 2026-02-18 10:16:45,835 - azure.monitor.opentelemetry.exporter.export._base - INFO - Transmission succeeded: Item received: 3. Items accepted: 3
2026-02-18T10:16:50.7574253Z 2026-02-18 10:16:50,755 - azure.core.pipeline.policies.http_logging_policy - INFO - Request URL: 'https://westus2-2.in.applicationinsights.azure.com//v2.1/track'
2026-02-18T10:16:50.7574610Z Request method: 'POST'
2026-02-18T10:16:50.7574636Z Request headers:
2026-02-18T10:16:50.7574657Z     'Content-Type': 'application/json'
2026-02-18T10:16:50.7574678Z     'Content-Length': '3720'
2026-02-18T10:16:50.7574695Z     'Accept': 'application/json'
2026-02-18T10:16:50.7574719Z     'x-ms-client-request-id': 'f0b8defc-0cb2-11f1-a748-0adf85178b07'
2026-02-18T10:16:50.7574744Z     'User-Agent': 'azsdk-python-azuremonitorclient/unknown Python/3.11.14 (Linux-6.6.119.3-1.azl3-x86_64-with-glibc2.31)'
2026-02-18T10:16:50.7574762Z A body is sent with the request
2026-02-18T10:16:50.8077902Z 2026-02-18 10:16:50,807 - azure.core.pipeline.policies.http_logging_policy - INFO - Response status: 200
2026-02-18T10:16:50.8078290Z Response headers:
2026-02-18T10:16:50.8078314Z     'Transfer-Encoding': 'chunked'
2026-02-18T10:16:50.8078335Z     'Content-Type': 'application/json; charset=utf-8'
2026-02-18T10:16:50.8078351Z     'Server': 'Microsoft-HTTPAPI/2.0'
2026-02-18T10:16:50.8078367Z     'Strict-Transport-Security': 'REDACTED'
2026-02-18T10:16:50.8078385Z     'X-Content-Type-Options': 'REDACTED'
2026-02-18T10:16:50.8078403Z     'Date': 'Wed, 18 Feb 2026 10:16:50 GMT'
2026-02-18T10:16:50.8083925Z 2026-02-18 10:16:50,808 - azure.monitor.opentelemetry.exporter.export._base - INFO - Transmission succeeded: Item received: 3. Items accepted: 3
2026-02-18T10:16:50.8377193Z 2026-02-18 10:16:50,837 - azure.core.pipeline.policies.http_logging_policy - INFO - Request URL: 'https://westus2-2.in.applicationinsights.azure.com//v2.1/track'
2026-02-18T10:16:50.8377878Z Request method: 'POST'
2026-02-18T10:16:50.8377958Z Request headers:
2026-02-18T10:16:50.8377975Z     'Content-Type': 'application/json'
2026-02-18T10:16:50.8377990Z     'Content-Length': '3720'
2026-02-18T10:16:50.8378005Z     'Accept': 'application/json'
2026-02-18T10:16:50.8378022Z     'x-ms-client-request-id': 'f0c55b32-0cb2-11f1-b7fb-0adf85178b07'
2026-02-18T10:16:50.8378044Z     'User-Agent': 'azsdk-python-azuremonitorclient/unknown Python/3.11.14 (Linux-6.6.119.3-1.azl3-x86_64-with-glibc2.31)'
2026-02-18T10:16:50.8378060Z A body is sent with the request
2026-02-18T10:16:50.8984374Z 2026-02-18 10:16:50,898 - azure.core.pipeline.policies.http_logging_policy - INFO - Response status: 200
2026-02-18T10:16:50.8984705Z Response headers:
2026-02-18T10:16:50.8984732Z     'Transfer-Encoding': 'chunked'
2026-02-18T10:16:50.8984812Z     'Content-Type': 'application/json; charset=utf-8'
2026-02-18T10:16:50.8984835Z     'Server': 'Microsoft-HTTPAPI/2.0'
2026-02-18T10:16:50.8984856Z     'Strict-Transport-Security': 'REDACTED'
2026-02-18T10:16:50.8984874Z     'X-Content-Type-Options': 'REDACTED'
2026-02-18T10:16:50.8984890Z     'Date': 'Wed, 18 Feb 2026 10:16:50 GMT'
2026-02-18T10:16:50.8991737Z 2026-02-18 10:16:50,898 - azure.monitor.opentelemetry.exporter.export._base - INFO - Transmission succeeded: Item received: 3. Items accepted: 3
2026-02-18T10:16:55.8108997Z 2026-02-18 10:16:55,809 - azure.core.pipeline.policies.http_logging_policy - INFO - Request URL: 'https://westus2-2.in.applicationinsights.azure.com//v2.1/track'
2026-02-18T10:16:55.8109755Z Request method: 'POST'
2026-02-18T10:16:55.8109783Z Request headers:
2026-02-18T10:16:55.8109806Z     'Content-Type': 'application/json'
2026-02-18T10:16:55.8109891Z     'Content-Length': '3719'
2026-02-18T10:16:55.8109911Z     'Accept': 'application/json'
2026-02-18T10:16:55.8109931Z     'x-ms-client-request-id': 'f3bc10ec-0cb2-11f1-a748-0adf85178b07'
2026-02-18T10:16:55.8109952Z     'User-Agent': 'azsdk-python-azuremonitorclient/unknown Python/3.11.14 (Linux-6.6.119.3-1.azl3-x86_64-with-glibc2.31)'
2026-02-18T10:16:55.8109969Z A body is sent with the request
2026-02-18T10:16:55.8580983Z 2026-02-18 10:16:55,857 - azure.core.pipeline.policies.http_logging_policy - INFO - Response status: 200
2026-02-18T10:16:55.8581336Z Response headers:
2026-02-18T10:16:55.8581359Z     'Transfer-Encoding': 'chunked'
2026-02-18T10:16:55.8581380Z     'Content-Type': 'application/json; charset=utf-8'
2026-02-18T10:16:55.8581399Z     'Server': 'Microsoft-HTTPAPI/2.0'
2026-02-18T10:16:55.8581416Z     'Strict-Transport-Security': 'REDACTED'
2026-02-18T10:16:55.8581493Z     'X-Content-Type-Options': 'REDACTED'
2026-02-18T10:16:55.8581510Z     'Date': 'Wed, 18 Feb 2026 10:16:55 GMT'
2026-02-18T10:16:55.8598555Z 2026-02-18 10:16:55,858 - azure.monitor.opentelemetry.exporter.export._base - INFO - Transmission succeeded: Item received: 3. Items accepted: 3
2026-02-18T10:16:55.9011531Z 2026-02-18 10:16:55,900 - azure.core.pipeline.policies.http_logging_policy - INFO - Request URL: 'https://westus2-2.in.applicationinsights.azure.com//v2.1/track'
2026-02-18T10:16:55.9011867Z Request method: 'POST'
2026-02-18T10:16:55.9011889Z Request headers:
2026-02-18T10:16:55.9011908Z     'Content-Type': 'application/json'
2026-02-18T10:16:55.9011933Z     'Content-Length': '3720'
2026-02-18T10:16:55.9011952Z     'Accept': 'application/json'
2026-02-18T10:16:55.9011972Z     'x-ms-client-request-id': 'f3c9f59a-0cb2-11f1-b7fb-0adf85178b07'
2026-02-18T10:16:55.9012051Z     'User-Agent': 'azsdk-python-azuremonitorclient/unknown Python/3.11.14 (Linux-6.6.119.3-1.azl3-x86_64-with-glibc2.31)'
2026-02-18T10:16:55.9012067Z A body is sent with the request
2026-02-18T10:16:55.9674372Z 2026-02-18 10:16:55,967 - azure.core.pipeline.policies.http_logging_policy - INFO - Response status: 200
2026-02-18T10:16:55.9674653Z Response headers:
2026-02-18T10:16:55.9674682Z     'Transfer-Encoding': 'chunked'
2026-02-18T10:16:55.9674705Z     'Content-Type': 'application/json; charset=utf-8'
2026-02-18T10:16:55.9674720Z     'Server': 'Microsoft-HTTPAPI/2.0'
2026-02-18T10:16:55.9674740Z     'Strict-Transport-Security': 'REDACTED'
2026-02-18T10:16:55.9674758Z     'X-Content-Type-Options': 'REDACTED'
2026-02-18T10:16:55.9674774Z     'Date': 'Wed, 18 Feb 2026 10:16:55 GMT'
2026-02-18T10:16:55.9680930Z 2026-02-18 10:16:55,967 - azure.monitor.opentelemetry.exporter.export._base - INFO - Transmission succeeded: Item received: 3. Items accepted: 3
2026-02-18T10:17:00.8604120Z 2026-02-18 10:17:00,860 - azure.core.pipeline.policies.http_logging_policy - INFO - Request URL: 'https://westus2-2.in.applicationinsights.azure.com//v2.1/track'
2026-02-18T10:17:00.8604475Z Request method: 'POST'
2026-02-18T10:17:00.8604498Z Request headers:
2026-02-18T10:17:00.8604514Z     'Content-Type': 'application/json'
2026-02-18T10:17:00.8604532Z     'Content-Length': '3720'
2026-02-18T10:17:00.8604553Z     'Accept': 'application/json'
2026-02-18T10:17:00.8604575Z     'x-ms-client-request-id': 'f6beb394-0cb2-11f1-a748-0adf85178b07'
2026-02-18T10:17:00.8604598Z     'User-Agent': 'azsdk-python-azuremonitorclient/unknown Python/3.11.14 (Linux-6.6.119.3-1.azl3-x86_64-with-glibc2.31)'
2026-02-18T10:17:00.8604616Z A body is sent with the request
2026-02-18T10:17:00.9696988Z 2026-02-18 10:17:00,969 - azure.core.pipeline.policies.http_logging_policy - INFO - Request URL: 'https://westus2-2.in.applicationinsights.azure.com//v2.1/track'
2026-02-18T10:17:00.9697292Z Request method: 'POST'
2026-02-18T10:17:00.9697313Z Request headers:
2026-02-18T10:17:00.9697329Z     'Content-Type': 'application/json'
2026-02-18T10:17:00.9697350Z     'Content-Length': '3720'
2026-02-18T10:17:00.9697368Z     'Accept': 'application/json'
2026-02-18T10:17:00.9697388Z     'x-ms-client-request-id': 'f6cf6022-0cb2-11f1-b7fb-0adf85178b07'
2026-02-18T10:17:00.9697412Z     'User-Agent': 'azsdk-python-azuremonitorclient/unknown Python/3.11.14 (Linux-6.6.119.3-1.azl3-x86_64-with-glibc2.31)'
2026-02-18T10:17:00.9697432Z A body is sent with the request
2026-02-18T10:17:01.1130706Z 2026-02-18 10:17:01,112 - azure.core.pipeline.policies.http_logging_policy - INFO - Response status: 200
2026-02-18T10:17:01.1132072Z Response headers:
2026-02-18T10:17:01.1132113Z     'Transfer-Encoding': 'chunked'
2026-02-18T10:17:01.1132129Z     'Content-Type': 'application/json; charset=utf-8'
2026-02-18T10:17:01.1132144Z     'Server': 'Microsoft-HTTPAPI/2.0'
2026-02-18T10:17:01.1132159Z     'Strict-Transport-Security': 'REDACTED'
2026-02-18T10:17:01.1132173Z     'X-Content-Type-Options': 'REDACTED'
2026-02-18T10:17:01.1132186Z     'Date': 'Wed, 18 Feb 2026 10:17:00 GMT'
2026-02-18T10:17:01.1154159Z 2026-02-18 10:17:01,115 - azure.monitor.opentelemetry.exporter.export._base - INFO - Transmission succeeded: Item received: 3. Items accepted: 3
2026-02-18T10:17:01.1204147Z 2026-02-18 10:17:01,120 - azure.core.pipeline.policies.http_logging_policy - INFO - Response status: 200
2026-02-18T10:17:01.1204341Z Response headers:
2026-02-18T10:17:01.1204393Z     'Transfer-Encoding': 'chunked'
2026-02-18T10:17:01.1204417Z     'Content-Type': 'application/json; charset=utf-8'
2026-02-18T10:17:01.1204437Z     'Server': 'Microsoft-HTTPAPI/2.0'
2026-02-18T10:17:01.1204456Z     'Strict-Transport-Security': 'REDACTED'
2026-02-18T10:17:01.1204473Z     'X-Content-Type-Options': 'REDACTED'
2026-02-18T10:17:01.1204490Z     'Date': 'Wed, 18 Feb 2026 10:17:00 GMT'
2026-02-18T10:17:01.1209183Z 2026-02-18 10:17:01,120 - azure.monitor.opentelemetry.exporter.export._base - INFO - Transmission succeeded: Item received: 3. Items accepted: 3
2026-02-18T10:17:06.1169722Z 2026-02-18 10:17:06,116 - azure.core.pipeline.policies.http_logging_policy - INFO - Request URL: 'https://westus2-2.in.applicationinsights.azure.com//v2.1/track'
2026-02-18T10:17:06.1170111Z Request method: 'POST'
2026-02-18T10:17:06.1170139Z Request headers:
2026-02-18T10:17:06.1170232Z     'Content-Type': 'application/json'
2026-02-18T10:17:06.1170258Z     'Content-Length': '3719'
2026-02-18T10:17:06.1170281Z     'Accept': 'application/json'
2026-02-18T10:17:06.1170305Z     'x-ms-client-request-id': 'f9e0c72e-0cb2-11f1-a748-0adf85178b07'
2026-02-18T10:17:06.1170333Z     'User-Agent': 'azsdk-python-azuremonitorclient/unknown Python/3.11.14 (Linux-6.6.119.3-1.azl3-x86_64-with-glibc2.31)'
2026-02-18T10:17:06.1170353Z A body is sent with the request
2026-02-18T10:17:06.1223303Z 2026-02-18 10:17:06,122 - azure.core.pipeline.policies.http_logging_policy - INFO - Request URL: 'https://westus2-2.in.applicationinsights.azure.com//v2.1/track'
2026-02-18T10:17:06.1223537Z Request method: 'POST'
2026-02-18T10:17:06.1223562Z Request headers:
2026-02-18T10:17:06.1223580Z     'Content-Type': 'application/json'
2026-02-18T10:17:06.1223641Z     'Content-Length': '3719'
2026-02-18T10:17:06.1223661Z     'Accept': 'application/json'
2026-02-18T10:17:06.1223679Z     'x-ms-client-request-id': 'f9e19c62-0cb2-11f1-b7fb-0adf85178b07'
2026-02-18T10:17:06.1223702Z     'User-Agent': 'azsdk-python-azuremonitorclient/unknown Python/3.11.14 (Linux-6.6.119.3-1.azl3-x86_64-with-glibc2.31)'
2026-02-18T10:17:06.1223720Z A body is sent with the request
2026-02-18T10:17:06.2099478Z 2026-02-18 10:17:06,209 - azure.core.pipeline.policies.http_logging_policy - INFO - Response status: 200
2026-02-18T10:17:06.2100144Z Response headers:
2026-02-18T10:17:06.2100178Z     'Transfer-Encoding': 'chunked'
2026-02-18T10:17:06.2100199Z     'Content-Type': 'application/json; charset=utf-8'
2026-02-18T10:17:06.2100222Z     'Server': 'Microsoft-HTTPAPI/2.0'
2026-02-18T10:17:06.2100242Z     'Strict-Transport-Security': 'REDACTED'
2026-02-18T10:17:06.2100324Z     'X-Content-Type-Options': 'REDACTED'
2026-02-18T10:17:06.2100343Z     'Date': 'Wed, 18 Feb 2026 10:17:05 GMT'
2026-02-18T10:17:06.2106215Z 2026-02-18 10:17:06,210 - azure.monitor.opentelemetry.exporter.export._base - INFO - Transmission succeeded: Item received: 3. Items accepted: 3
2026-02-18T10:17:06.2131595Z 2026-02-18 10:17:06,213 - azure.core.pipeline.policies.http_logging_policy - INFO - Response status: 200
2026-02-18T10:17:06.2131762Z Response headers:
2026-02-18T10:17:06.2131787Z     'Transfer-Encoding': 'chunked'
2026-02-18T10:17:06.2131810Z     'Content-Type': 'application/json; charset=utf-8'
2026-02-18T10:17:06.2131828Z     'Server': 'Microsoft-HTTPAPI/2.0'
2026-02-18T10:17:06.2131844Z     'Strict-Transport-Security': 'REDACTED'
2026-02-18T10:17:06.2131861Z     'X-Content-Type-Options': 'REDACTED'
2026-02-18T10:17:06.2131904Z     'Date': 'Wed, 18 Feb 2026 10:17:05 GMT'
2026-02-18T10:17:06.2136639Z 2026-02-18 10:17:06,213 - azure.monitor.opentelemetry.exporter.export._base - INFO - Transmission succeeded: Item received: 3. Items accepted: 3
2026-02-18T10:17:11.2804600Z 2026-02-18 10:17:11,273 - azure.core.pipeline.policies.http_logging_policy - INFO - Request URL: 'https://westus2-2.in.applicationinsights.azure.com//v2.1/track'
2026-02-18T10:17:11.2805071Z Request method: 'POST'
2026-02-18T10:17:11.2805095Z Request headers:
2026-02-18T10:17:11.2805120Z     'Content-Type': 'application/json'
2026-02-18T10:17:11.2805138Z     'Content-Length': '3720'
2026-02-18T10:17:11.2805156Z     'Accept': 'application/json'
2026-02-18T10:17:11.2805176Z     'x-ms-client-request-id': 'fcf38db6-0cb2-11f1-a748-0adf85178b07'
2026-02-18T10:17:11.2805201Z     'User-Agent': 'azsdk-python-azuremonitorclient/unknown Python/3.11.14 (Linux-6.6.119.3-1.azl3-x86_64-with-glibc2.31)'
2026-02-18T10:17:11.2805279Z A body is sent with the request
2026-02-18T10:17:11.2980922Z 2026-02-18 10:17:11,289 - azure.core.pipeline.policies.http_logging_policy - INFO - Request URL: 'https://westus2-2.in.applicationinsights.azure.com//v2.1/track'
2026-02-18T10:17:11.2981263Z Request method: 'POST'
2026-02-18T10:17:11.2981292Z Request headers:
2026-02-18T10:17:11.2981311Z     'Content-Type': 'application/json'
2026-02-18T10:17:11.2981326Z     'Content-Length': '3720'
2026-02-18T10:17:11.2981342Z     'Accept': 'application/json'
2026-02-18T10:17:11.2981363Z     'x-ms-client-request-id': 'fcf62102-0cb2-11f1-b7fb-0adf85178b07'
2026-02-18T10:17:11.2981387Z     'User-Agent': 'azsdk-python-azuremonitorclient/unknown Python/3.11.14 (Linux-6.6.119.3-1.azl3-x86_64-with-glibc2.31)'
2026-02-18T10:17:11.2981407Z A body is sent with the request
2026-02-18T10:17:11.3731462Z 2026-02-18 10:17:11,370 - azure.core.pipeline.policies.http_logging_policy - INFO - Response status: 200
2026-02-18T10:17:11.3731776Z Response headers:
2026-02-18T10:17:11.3731807Z     'Transfer-Encoding': 'chunked'
2026-02-18T10:17:11.3731831Z     'Content-Type': 'application/json; charset=utf-8'
2026-02-18T10:17:11.3731850Z     'Server': 'Microsoft-HTTPAPI/2.0'
2026-02-18T10:17:11.3731869Z     'Strict-Transport-Security': 'REDACTED'
2026-02-18T10:17:11.3731887Z     'X-Content-Type-Options': 'REDACTED'
2026-02-18T10:17:11.3731906Z     'Date': 'Wed, 18 Feb 2026 10:17:10 GMT'
2026-02-18T10:17:11.4101756Z 2026-02-18 10:17:11,409 - azure.monitor.opentelemetry.exporter.export._base - INFO - Transmission succeeded: Item received: 3. Items accepted: 3
2026-02-18T10:17:11.4975058Z 2026-02-18 10:17:11,490 - azure.core.pipeline.policies.http_logging_policy - INFO - Response status: 200
2026-02-18T10:17:11.4975983Z Response headers:
2026-02-18T10:17:11.4976005Z     'Transfer-Encoding': 'chunked'
2026-02-18T10:17:11.4976024Z     'Content-Type': 'application/json; charset=utf-8'
2026-02-18T10:17:11.4976041Z     'Server': 'Microsoft-HTTPAPI/2.0'
2026-02-18T10:17:11.4976061Z     'Strict-Transport-Security': 'REDACTED'
2026-02-18T10:17:11.4976079Z     'X-Content-Type-Options': 'REDACTED'
2026-02-18T10:17:11.4976096Z     'Date': 'Wed, 18 Feb 2026 10:17:10 GMT'
2026-02-18T10:17:11.5016490Z 2026-02-18 10:17:11,501 - azure.monitor.opentelemetry.exporter.export._base - INFO - Transmission succeeded: Item received: 3. Items accepted: 3
2026-02-18T10:17:16.4318024Z 2026-02-18 10:17:16,423 - azure.core.pipeline.policies.http_logging_policy - INFO - Request URL: 'https://westus2-2.in.applicationinsights.azure.com//v2.1/track'
2026-02-18T10:17:16.4318391Z Request method: 'POST'
2026-02-18T10:17:16.4318478Z Request headers:
2026-02-18T10:17:16.4318498Z     'Content-Type': 'application/json'
2026-02-18T10:17:16.4318515Z     'Content-Length': '3718'
2026-02-18T10:17:16.4318534Z     'Accept': 'application/json'
2026-02-18T10:17:16.4318555Z     'x-ms-client-request-id': '00048b86-0cb3-11f1-a748-0adf85178b07'
2026-02-18T10:17:16.4318578Z     'User-Agent': 'azsdk-python-azuremonitorclient/unknown Python/3.11.14 (Linux-6.6.119.3-1.azl3-x86_64-with-glibc2.31)'
2026-02-18T10:17:16.4318597Z A body is sent with the request
2026-02-18T10:17:16.5165480Z 2026-02-18 10:17:16,513 - azure.core.pipeline.policies.http_logging_policy - INFO - Request URL: 'https://westus2-2.in.applicationinsights.azure.com//v2.1/track'
2026-02-18T10:17:16.5166553Z Request method: 'POST'
2026-02-18T10:17:16.5166586Z Request headers:
2026-02-18T10:17:16.5166665Z     'Content-Type': 'application/json'
2026-02-18T10:17:16.5166685Z     'Content-Length': '3720'
2026-02-18T10:17:16.5167198Z     'Accept': 'application/json'
2026-02-18T10:17:16.5167222Z     'x-ms-client-request-id': '00131eee-0cb3-11f1-b7fb-0adf85178b07'
2026-02-18T10:17:16.5167242Z     'User-Agent': 'azsdk-python-azuremonitorclient/unknown Python/3.11.14 (Linux-6.6.119.3-1.azl3-x86_64-with-glibc2.31)'
2026-02-18T10:17:16.5167256Z A body is sent with the request
2026-02-18T10:17:16.5674901Z 2026-02-18 10:17:16,566 - azure.core.pipeline.policies.http_logging_policy - INFO - Response status: 200
2026-02-18T10:17:16.5675568Z Response headers:
2026-02-18T10:17:16.5675600Z     'Transfer-Encoding': 'chunked'
2026-02-18T10:17:16.5675624Z     'Content-Type': 'application/json; charset=utf-8'
2026-02-18T10:17:16.5675642Z     'Server': 'Microsoft-HTTPAPI/2.0'
2026-02-18T10:17:16.5675722Z     'Strict-Transport-Security': 'REDACTED'
2026-02-18T10:17:16.5675738Z     'X-Content-Type-Options': 'REDACTED'
2026-02-18T10:17:16.5675753Z     'Date': 'Wed, 18 Feb 2026 10:17:16 GMT'
2026-02-18T10:17:16.5727786Z 2026-02-18 10:17:16,567 - azure.monitor.opentelemetry.exporter.export._base - INFO - Transmission succeeded: Item received: 3. Items accepted: 3
2026-02-18T10:17:16.6039168Z 2026-02-18 10:17:16,603 - azure.core.pipeline.policies.http_logging_policy - INFO - Response status: 200
2026-02-18T10:17:16.6039831Z Response headers:
2026-02-18T10:17:16.6039860Z     'Transfer-Encoding': 'chunked'
2026-02-18T10:17:16.6039886Z     'Content-Type': 'application/json; charset=utf-8'
2026-02-18T10:17:16.6039907Z     'Server': 'Microsoft-HTTPAPI/2.0'
2026-02-18T10:17:16.6039927Z     'Strict-Transport-Security': 'REDACTED'
2026-02-18T10:17:16.6040010Z     'X-Content-Type-Options': 'REDACTED'
2026-02-18T10:17:16.6040030Z     'Date': 'Wed, 18 Feb 2026 10:17:15 GMT'
2026-02-18T10:17:16.6088103Z 2026-02-18 10:17:16,608 - azure.monitor.opentelemetry.exporter.export._base - INFO - Transmission succeeded: Item received: 3. Items accepted: 3
2026-02-18T10:17:21.5694489Z 2026-02-18 10:17:21,569 - azure.core.pipeline.policies.http_logging_policy - INFO - Request URL: 'https://westus2-2.in.applicationinsights.azure.com//v2.1/track'
2026-02-18T10:17:21.5694855Z Request method: 'POST'
2026-02-18T10:17:21.5694879Z Request headers:
2026-02-18T10:17:21.5694900Z     'Content-Type': 'application/json'
2026-02-18T10:17:21.5694929Z     'Content-Length': '3720'
2026-02-18T10:17:21.5694947Z     'Accept': 'application/json'
2026-02-18T10:17:21.5694967Z     'x-ms-client-request-id': '0316a3d6-0cb3-11f1-a748-0adf85178b07'
2026-02-18T10:17:21.5695052Z     'User-Agent': 'azsdk-python-azuremonitorclient/unknown Python/3.11.14 (Linux-6.6.119.3-1.azl3-x86_64-with-glibc2.31)'
2026-02-18T10:17:21.5695073Z A body is sent with the request
2026-02-18T10:17:21.6114046Z 2026-02-18 10:17:21,611 - azure.core.pipeline.policies.http_logging_policy - INFO - Request URL: 'https://westus2-2.in.applicationinsights.azure.com//v2.1/track'
2026-02-18T10:17:21.6114377Z Request method: 'POST'
2026-02-18T10:17:21.6114400Z Request headers:
2026-02-18T10:17:21.6114429Z     'Content-Type': 'application/json'
2026-02-18T10:17:21.6114448Z     'Content-Length': '3719'
2026-02-18T10:17:21.6114464Z     'Accept': 'application/json'
2026-02-18T10:17:21.6114484Z     'x-ms-client-request-id': '031d0c26-0cb3-11f1-b7fb-0adf85178b07'
2026-02-18T10:17:21.6114503Z     'User-Agent': 'azsdk-python-azuremonitorclient/unknown Python/3.11.14 (Linux-6.6.119.3-1.azl3-x86_64-with-glibc2.31)'
2026-02-18T10:17:21.6114575Z A body is sent with the request
2026-02-18T10:17:21.6643966Z 2026-02-18 10:17:21,664 - azure.core.pipeline.policies.http_logging_policy - INFO - Response status: 200
2026-02-18T10:17:21.6644238Z Response headers:
2026-02-18T10:17:21.6644264Z     'Transfer-Encoding': 'chunked'
2026-02-18T10:17:21.6644561Z     'Content-Type': 'application/json; charset=utf-8'
2026-02-18T10:17:21.6644585Z     'Server': 'Microsoft-HTTPAPI/2.0'
2026-02-18T10:17:21.6644604Z     'Strict-Transport-Security': 'REDACTED'
2026-02-18T10:17:21.6644622Z     'X-Content-Type-Options': 'REDACTED'
2026-02-18T10:17:21.6644638Z     'Date': 'Wed, 18 Feb 2026 10:17:21 GMT'
2026-02-18T10:17:21.6652279Z 2026-02-18 10:17:21,664 - azure.monitor.opentelemetry.exporter.export._base - INFO - Transmission succeeded: Item received: 3. Items accepted: 3
2026-02-18T10:17:21.7658191Z 2026-02-18 10:17:21,765 - azure.core.pipeline.policies.http_logging_policy - INFO - Response status: 200
2026-02-18T10:17:21.7658756Z Response headers:
2026-02-18T10:17:21.7658786Z     'Transfer-Encoding': 'chunked'
2026-02-18T10:17:21.7658808Z     'Content-Type': 'application/json; charset=utf-8'
2026-02-18T10:17:21.7658825Z     'Server': 'Microsoft-HTTPAPI/2.0'
2026-02-18T10:17:21.7658841Z     'Strict-Transport-Security': 'REDACTED'
2026-02-18T10:17:21.7658857Z     'X-Content-Type-Options': 'REDACTED'
2026-02-18T10:17:21.7658878Z     'Date': 'Wed, 18 Feb 2026 10:17:20 GMT'
2026-02-18T10:17:21.7663817Z 2026-02-18 10:17:21,766 - azure.monitor.opentelemetry.exporter.export._base - INFO - Transmission succeeded: Item received: 3. Items accepted: 3
2026-02-18T10:17:26.6797568Z 2026-02-18 10:17:26,679 - azure.core.pipeline.policies.http_logging_policy - INFO - Request URL: 'https://westus2-2.in.applicationinsights.azure.com//v2.1/track'
2026-02-18T10:17:26.6798895Z Request method: 'POST'
2026-02-18T10:17:26.6798930Z Request headers:
2026-02-18T10:17:26.6798950Z     'Content-Type': 'application/json'
2026-02-18T10:17:26.6798969Z     'Content-Length': '3720'
2026-02-18T10:17:26.6798985Z     'Accept': 'application/json'
2026-02-18T10:17:26.6799004Z     'x-ms-client-request-id': '062268f8-0cb3-11f1-a748-0adf85178b07'
2026-02-18T10:17:26.6799025Z     'User-Agent': 'azsdk-python-azuremonitorclient/unknown Python/3.11.14 (Linux-6.6.119.3-1.azl3-x86_64-with-glibc2.31)'
2026-02-18T10:17:26.6799042Z A body is sent with the request
2026-02-18T10:17:26.7739281Z 2026-02-18 10:17:26,773 - azure.core.pipeline.policies.http_logging_policy - INFO - Request URL: 'https://westus2-2.in.applicationinsights.azure.com//v2.1/track'
2026-02-18T10:17:26.7739697Z Request method: 'POST'
2026-02-18T10:17:26.7739726Z Request headers:
2026-02-18T10:17:26.7739746Z     'Content-Type': 'application/json'
2026-02-18T10:17:26.7739765Z     'Content-Length': '3719'
2026-02-18T10:17:26.7739786Z     'Accept': 'application/json'
2026-02-18T10:17:26.7739805Z     'x-ms-client-request-id': '0630aefe-0cb3-11f1-b7fb-0adf85178b07'
2026-02-18T10:17:26.7739828Z     'User-Agent': 'azsdk-python-azuremonitorclient/unknown Python/3.11.14 (Linux-6.6.119.3-1.azl3-x86_64-with-glibc2.31)'
2026-02-18T10:17:26.7739844Z A body is sent with the request
2026-02-18T10:17:26.8901582Z 2026-02-18 10:17:26,889 - azure.core.pipeline.policies.http_logging_policy - INFO - Response status: 200
2026-02-18T10:17:26.8902036Z Response headers:
2026-02-18T10:17:26.8902062Z     'Transfer-Encoding': 'chunked'
2026-02-18T10:17:26.8902140Z     'Content-Type': 'application/json; charset=utf-8'
2026-02-18T10:17:26.8902159Z     'Server': 'Microsoft-HTTPAPI/2.0'
2026-02-18T10:17:26.8902178Z     'Strict-Transport-Security': 'REDACTED'
2026-02-18T10:17:26.8902193Z     'X-Content-Type-Options': 'REDACTED'
2026-02-18T10:17:26.8902207Z     'Date': 'Wed, 18 Feb 2026 10:17:25 GMT'
2026-02-18T10:17:26.8902227Z 2026-02-18 10:17:26,889 - azure.monitor.opentelemetry.exporter.export._base - INFO - Transmission succeeded: Item received: 3. Items accepted: 3
2026-02-18T10:17:27.3184758Z 2026-02-18 10:17:27,311 - azure.core.pipeline.policies.http_logging_policy - INFO - Response status: 200
2026-02-18T10:17:27.3185083Z Response headers:
2026-02-18T10:17:27.3185109Z     'Transfer-Encoding': 'chunked'
2026-02-18T10:17:27.3185126Z     'Content-Type': 'application/json; charset=utf-8'
2026-02-18T10:17:27.3185141Z     'Server': 'Microsoft-HTTPAPI/2.0'
2026-02-18T10:17:27.3185214Z     'Strict-Transport-Security': 'REDACTED'
2026-02-18T10:17:27.3185229Z     'X-Content-Type-Options': 'REDACTED'
2026-02-18T10:17:27.3185244Z     'Date': 'Wed, 18 Feb 2026 10:17:26 GMT'
2026-02-18T10:17:27.3227222Z 2026-02-18 10:17:27,322 - azure.monitor.opentelemetry.exporter.export._base - INFO - Transmission succeeded: Item received: 3. Items accepted: 3
2026-02-18T10:17:31.8917551Z 2026-02-18 10:17:31,891 - azure.core.pipeline.policies.http_logging_policy - INFO - Request URL: 'https://westus2-2.in.applicationinsights.azure.com//v2.1/track'
2026-02-18T10:17:31.8917930Z Request method: 'POST'
2026-02-18T10:17:31.8917963Z Request headers:
2026-02-18T10:17:31.8917986Z     'Content-Type': 'application/json'
2026-02-18T10:17:31.8918006Z     'Content-Length': '3720'
2026-02-18T10:17:31.8918027Z     'Accept': 'application/json'
2026-02-18T10:17:31.8918118Z     'x-ms-client-request-id': '093db394-0cb3-11f1-b7fb-0adf85178b07'
2026-02-18T10:17:31.8918146Z     'User-Agent': 'azsdk-python-azuremonitorclient/unknown Python/3.11.14 (Linux-6.6.119.3-1.azl3-x86_64-with-glibc2.31)'
2026-02-18T10:17:31.8918167Z A body is sent with the request
2026-02-18T10:17:31.9617878Z 2026-02-18 10:17:31,961 - azure.core.pipeline.policies.http_logging_policy - INFO - Response status: 200
2026-02-18T10:17:31.9618163Z Response headers:
2026-02-18T10:17:31.9618191Z     'Transfer-Encoding': 'chunked'
2026-02-18T10:17:31.9618213Z     'Content-Type': 'application/json; charset=utf-8'
2026-02-18T10:17:31.9618230Z     'Server': 'Microsoft-HTTPAPI/2.0'
2026-02-18T10:17:31.9618245Z     'Strict-Transport-Security': 'REDACTED'
2026-02-18T10:17:31.9618261Z     'X-Content-Type-Options': 'REDACTED'
2026-02-18T10:17:31.9618350Z     'Date': 'Wed, 18 Feb 2026 10:17:31 GMT'
2026-02-18T10:17:31.9623287Z 2026-02-18 10:17:31,962 - azure.monitor.opentelemetry.exporter.export._base - INFO - Transmission succeeded: Item received: 3. Items accepted: 3
2026-02-18T10:17:32.3291193Z 2026-02-18 10:17:32,328 - azure.core.pipeline.policies.http_logging_policy - INFO - Request URL: 'https://westus2-2.in.applicationinsights.azure.com//v2.1/track'
2026-02-18T10:17:32.3291457Z Request method: 'POST'
2026-02-18T10:17:32.3291479Z Request headers:
2026-02-18T10:17:32.3291497Z     'Content-Type': 'application/json'
2026-02-18T10:17:32.3291521Z     'Content-Length': '3720'
2026-02-18T10:17:32.3291537Z     'Accept': 'application/json'
2026-02-18T10:17:32.3291558Z     'x-ms-client-request-id': '0980729c-0cb3-11f1-a748-0adf85178b07'
2026-02-18T10:17:32.3291577Z     'User-Agent': 'azsdk-python-azuremonitorclient/unknown Python/3.11.14 (Linux-6.6.119.3-1.azl3-x86_64-with-glibc2.31)'
2026-02-18T10:17:32.3291657Z A body is sent with the request
2026-02-18T10:17:32.5621667Z 2026-02-18 10:17:32,561 - azure.core.pipeline.policies.http_logging_policy - INFO - Response status: 200
2026-02-18T10:17:32.5621966Z Response headers:
2026-02-18T10:17:32.5621992Z     'Transfer-Encoding': 'chunked'
2026-02-18T10:17:32.5622012Z     'Content-Type': 'application/json; charset=utf-8'
2026-02-18T10:17:32.5622030Z     'Server': 'Microsoft-HTTPAPI/2.0'
2026-02-18T10:17:32.5622049Z     'Strict-Transport-Security': 'REDACTED'
2026-02-18T10:17:32.5622066Z     'X-Content-Type-Options': 'REDACTED'
2026-02-18T10:17:32.5622081Z     'Date': 'Wed, 18 Feb 2026 10:17:32 GMT'
2026-02-18T10:17:32.5628382Z 2026-02-18 10:17:32,562 - azure.monitor.opentelemetry.exporter.export._base - INFO - Transmission succeeded: Item received: 3. Items accepted: 3
2026-02-18T10:17:36.9640573Z 2026-02-18 10:17:36,963 - azure.core.pipeline.policies.http_logging_policy - INFO - Request URL: 'https://westus2-2.in.applicationinsights.azure.com//v2.1/track'
2026-02-18T10:17:36.9641128Z Request method: 'POST'
2026-02-18T10:17:36.9641159Z Request headers:
2026-02-18T10:17:36.9641181Z     'Content-Type': 'application/json'
2026-02-18T10:17:36.9641198Z     'Content-Length': '3719'
2026-02-18T10:17:36.9641218Z     'Accept': 'application/json'
2026-02-18T10:17:36.9641241Z     'x-ms-client-request-id': '0c43abac-0cb3-11f1-b7fb-0adf85178b07'
2026-02-18T10:17:36.9641261Z     'User-Agent': 'azsdk-python-azuremonitorclient/unknown Python/3.11.14 (Linux-6.6.119.3-1.azl3-x86_64-with-glibc2.31)'
2026-02-18T10:17:36.9641280Z A body is sent with the request
2026-02-18T10:17:37.0383387Z 2026-02-18 10:17:37,038 - azure.core.pipeline.policies.http_logging_policy - INFO - Response status: 200
2026-02-18T10:17:37.0383744Z Response headers:
2026-02-18T10:17:37.0383769Z     'Transfer-Encoding': 'chunked'
2026-02-18T10:17:37.0383788Z     'Content-Type': 'application/json; charset=utf-8'
2026-02-18T10:17:37.0383803Z     'Server': 'Microsoft-HTTPAPI/2.0'
2026-02-18T10:17:37.0383819Z     'Strict-Transport-Security': 'REDACTED'
2026-02-18T10:17:37.0383837Z     'X-Content-Type-Options': 'REDACTED'
2026-02-18T10:17:37.0383853Z     'Date': 'Wed, 18 Feb 2026 10:17:36 GMT'
2026-02-18T10:17:37.0387960Z 2026-02-18 10:17:37,038 - azure.monitor.opentelemetry.exporter.export._base - INFO - Transmission succeeded: Item received: 3. Items accepted: 3
2026-02-18T10:17:37.5659995Z 2026-02-18 10:17:37,564 - azure.core.pipeline.policies.http_logging_policy - INFO - Request URL: 'https://westus2-2.in.applicationinsights.azure.com//v2.1/track'
2026-02-18T10:17:37.5660363Z Request method: 'POST'
2026-02-18T10:17:37.5660468Z Request headers:
2026-02-18T10:17:37.5660507Z     'Content-Type': 'application/json'
2026-02-18T10:17:37.5660541Z     'Content-Length': '3720'
2026-02-18T10:17:37.5660577Z     'Accept': 'application/json'
2026-02-18T10:17:37.5660617Z     'x-ms-client-request-id': '0c9f4e44-0cb3-11f1-a748-0adf85178b07'
2026-02-18T10:17:37.5660664Z     'User-Agent': 'azsdk-python-azuremonitorclient/unknown Python/3.11.14 (Linux-6.6.119.3-1.azl3-x86_64-with-glibc2.31)'
2026-02-18T10:17:37.5660687Z A body is sent with the request
2026-02-18T10:17:37.6073978Z 2026-02-18 10:17:37,607 - azure.core.pipeline.policies.http_logging_policy - INFO - Response status: 200
2026-02-18T10:17:37.6074292Z Response headers:
2026-02-18T10:17:37.6074325Z     'Transfer-Encoding': 'chunked'
2026-02-18T10:17:37.6074401Z     'Content-Type': 'application/json; charset=utf-8'
2026-02-18T10:17:37.6074425Z     'Server': 'Microsoft-HTTPAPI/2.0'
2026-02-18T10:17:37.6074450Z     'Strict-Transport-Security': 'REDACTED'
2026-02-18T10:17:37.6074472Z     'X-Content-Type-Options': 'REDACTED'
2026-02-18T10:17:37.6074492Z     'Date': 'Wed, 18 Feb 2026 10:17:37 GMT'
2026-02-18T10:17:37.6079384Z 2026-02-18 10:17:37,607 - azure.monitor.opentelemetry.exporter.export._base - INFO - Transmission succeeded: Item received: 3. Items accepted: 3
2026-02-18T10:17:42.0408093Z 2026-02-18 10:17:42,040 - azure.core.pipeline.policies.http_logging_policy - INFO - Request URL: 'https://westus2-2.in.applicationinsights.azure.com//v2.1/track'
2026-02-18T10:17:42.0408464Z Request method: 'POST'
2026-02-18T10:17:42.0408492Z Request headers:
2026-02-18T10:17:42.0408510Z     'Content-Type': 'application/json'
2026-02-18T10:17:42.0408597Z     'Content-Length': '3718'
2026-02-18T10:17:42.0408618Z     'Accept': 'application/json'
2026-02-18T10:17:42.0408635Z     'x-ms-client-request-id': '0f4a5080-0cb3-11f1-b7fb-0adf85178b07'
2026-02-18T10:17:42.0408660Z     'User-Agent': 'azsdk-python-azuremonitorclient/unknown Python/3.11.14 (Linux-6.6.119.3-1.azl3-x86_64-with-glibc2.31)'
2026-02-18T10:17:42.0408680Z A body is sent with the request
2026-02-18T10:17:42.1325497Z 2026-02-18 10:17:42,132 - azure.core.pipeline.policies.http_logging_policy - INFO - Response status: 200
2026-02-18T10:17:42.1326116Z Response headers:
2026-02-18T10:17:42.1326145Z     'Transfer-Encoding': 'chunked'
2026-02-18T10:17:42.1326164Z     'Content-Type': 'application/json; charset=utf-8'
2026-02-18T10:17:42.1326181Z     'Server': 'Microsoft-HTTPAPI/2.0'
2026-02-18T10:17:42.1326199Z     'Strict-Transport-Security': 'REDACTED'
2026-02-18T10:17:42.1326277Z     'X-Content-Type-Options': 'REDACTED'
2026-02-18T10:17:42.1326292Z     'Date': 'Wed, 18 Feb 2026 10:17:42 GMT'
2026-02-18T10:17:42.1330146Z 2026-02-18 10:17:42,132 - azure.monitor.opentelemetry.exporter.export._base - INFO - Transmission succeeded: Item received: 3. Items accepted: 3
2026-02-18T10:17:42.6093468Z 2026-02-18 10:17:42,609 - azure.core.pipeline.policies.http_logging_policy - INFO - Request URL: 'https://westus2-2.in.applicationinsights.azure.com//v2.1/track'
2026-02-18T10:17:42.6093759Z Request method: 'POST'
2026-02-18T10:17:42.6093784Z Request headers:
2026-02-18T10:17:42.6093803Z     'Content-Type': 'application/json'
2026-02-18T10:17:42.6093819Z     'Content-Length': '3719'
2026-02-18T10:17:42.6093835Z     'Accept': 'application/json'
2026-02-18T10:17:42.6093853Z     'x-ms-client-request-id': '0fa11564-0cb3-11f1-a748-0adf85178b07'
2026-02-18T10:17:42.6093934Z     'User-Agent': 'azsdk-python-azuremonitorclient/unknown Python/3.11.14 (Linux-6.6.119.3-1.azl3-x86_64-with-glibc2.31)'
2026-02-18T10:17:42.6093954Z A body is sent with the request
2026-02-18T10:17:42.7348139Z 2026-02-18 10:17:42,734 - azure.core.pipeline.policies.http_logging_policy - INFO - Response status: 200
2026-02-18T10:17:42.7348460Z Response headers:
2026-02-18T10:17:42.7348491Z     'Transfer-Encoding': 'chunked'
2026-02-18T10:17:42.7348514Z     'Content-Type': 'application/json; charset=utf-8'
2026-02-18T10:17:42.7348538Z     'Server': 'Microsoft-HTTPAPI/2.0'
2026-02-18T10:17:42.7348559Z     'Strict-Transport-Security': 'REDACTED'
2026-02-18T10:17:42.7348579Z     'X-Content-Type-Options': 'REDACTED'
2026-02-18T10:17:42.7348599Z     'Date': 'Wed, 18 Feb 2026 10:17:42 GMT'
2026-02-18T10:17:42.7356641Z 2026-02-18 10:17:42,735 - azure.monitor.opentelemetry.exporter.export._base - INFO - Transmission succeeded: Item received: 3. Items accepted: 3
2026-02-18T10:17:47.1349781Z 2026-02-18 10:17:47,134 - azure.core.pipeline.policies.http_logging_policy - INFO - Request URL: 'https://westus2-2.in.applicationinsights.azure.com//v2.1/track'
2026-02-18T10:17:47.1350141Z Request method: 'POST'
2026-02-18T10:17:47.1350164Z Request headers:
2026-02-18T10:17:47.1350184Z     'Content-Type': 'application/json'
2026-02-18T10:17:47.1350210Z     'Content-Length': '3720'
2026-02-18T10:17:47.1350231Z     'Accept': 'application/json'
2026-02-18T10:17:47.1350256Z     'x-ms-client-request-id': '1253a01a-0cb3-11f1-b7fb-0adf85178b07'
2026-02-18T10:17:47.1350285Z     'User-Agent': 'azsdk-python-azuremonitorclient/unknown Python/3.11.14 (Linux-6.6.119.3-1.azl3-x86_64-with-glibc2.31)'
2026-02-18T10:17:47.1350310Z A body is sent with the request
2026-02-18T10:17:47.2451482Z 2026-02-18 10:17:47,244 - azure.core.pipeline.policies.http_logging_policy - INFO - Response status: 200
2026-02-18T10:17:47.2451826Z Response headers:
2026-02-18T10:17:47.2451857Z     'Transfer-Encoding': 'chunked'
2026-02-18T10:17:47.2451880Z     'Content-Type': 'application/json; charset=utf-8'
2026-02-18T10:17:47.2451905Z     'Server': 'Microsoft-HTTPAPI/2.0'
2026-02-18T10:17:47.2451929Z     'Strict-Transport-Security': 'REDACTED'
2026-02-18T10:17:47.2451949Z     'X-Content-Type-Options': 'REDACTED'
2026-02-18T10:17:47.2451970Z     'Date': 'Wed, 18 Feb 2026 10:17:47 GMT'
2026-02-18T10:17:47.2457032Z 2026-02-18 10:17:47,245 - azure.monitor.opentelemetry.exporter.export._base - INFO - Transmission succeeded: Item received: 3. Items accepted: 3
2026-02-18T10:17:47.7371551Z 2026-02-18 10:17:47,736 - azure.core.pipeline.policies.http_logging_policy - INFO - Request URL: 'https://westus2-2.in.applicationinsights.azure.com//v2.1/track'
2026-02-18T10:17:47.7371878Z Request method: 'POST'
2026-02-18T10:17:47.7371900Z Request headers:
2026-02-18T10:17:47.7371920Z     'Content-Type': 'application/json'
2026-02-18T10:17:47.7371940Z     'Content-Length': '3718'
2026-02-18T10:17:47.7371959Z     'Accept': 'application/json'
2026-02-18T10:17:47.7371980Z     'x-ms-client-request-id': '12af863c-0cb3-11f1-a748-0adf85178b07'
2026-02-18T10:17:47.7372002Z     'User-Agent': 'azsdk-python-azuremonitorclient/unknown Python/3.11.14 (Linux-6.6.119.3-1.azl3-x86_64-with-glibc2.31)'
2026-02-18T10:17:47.7372021Z A body is sent with the request
2026-02-18T10:17:47.8398941Z 2026-02-18 10:17:47,839 - azure.core.pipeline.policies.http_logging_policy - INFO - Response status: 200
2026-02-18T10:17:47.8399284Z Response headers:
2026-02-18T10:17:47.8399365Z     'Transfer-Encoding': 'chunked'
2026-02-18T10:17:47.8399383Z     'Content-Type': 'application/json; charset=utf-8'
2026-02-18T10:17:47.8399398Z     'Server': 'Microsoft-HTTPAPI/2.0'
2026-02-18T10:17:47.8399413Z     'Strict-Transport-Security': 'REDACTED'
2026-02-18T10:17:47.8399430Z     'X-Content-Type-Options': 'REDACTED'
2026-02-18T10:17:47.8399446Z     'Date': 'Wed, 18 Feb 2026 10:17:47 GMT'
2026-02-18T10:17:47.8404588Z 2026-02-18 10:17:47,840 - azure.monitor.opentelemetry.exporter.export._base - INFO - Transmission succeeded: Item received: 3. Items accepted: 3
2026-02-18T10:17:52.2475675Z 2026-02-18 10:17:52,247 - azure.core.pipeline.policies.http_logging_policy - INFO - Request URL: 'https://westus2-2.in.applicationinsights.azure.com//v2.1/track'
2026-02-18T10:17:52.2476192Z Request method: 'POST'
2026-02-18T10:17:52.2476222Z Request headers:
2026-02-18T10:17:52.2476312Z     'Content-Type': 'application/json'
2026-02-18T10:17:52.2476332Z     'Content-Length': '3720'
2026-02-18T10:17:52.2476351Z     'Accept': 'application/json'
2026-02-18T10:17:52.2476372Z     'x-ms-client-request-id': '155fbef6-0cb3-11f1-b7fb-0adf85178b07'
2026-02-18T10:17:52.2476394Z     'User-Agent': 'azsdk-python-azuremonitorclient/unknown Python/3.11.14 (Linux-6.6.119.3-1.azl3-x86_64-with-glibc2.31)'
2026-02-18T10:17:52.2476411Z A body is sent with the request
2026-02-18T10:17:52.3359256Z 2026-02-18 10:17:52,335 - azure.core.pipeline.policies.http_logging_policy - INFO - Response status: 200
2026-02-18T10:17:52.3359589Z Response headers:
2026-02-18T10:17:52.3359622Z     'Transfer-Encoding': 'chunked'
2026-02-18T10:17:52.3359647Z     'Content-Type': 'application/json; charset=utf-8'
2026-02-18T10:17:52.3359725Z     'Server': 'Microsoft-HTTPAPI/2.0'
2026-02-18T10:17:52.3359749Z     'Strict-Transport-Security': 'REDACTED'
2026-02-18T10:17:52.3359769Z     'X-Content-Type-Options': 'REDACTED'
2026-02-18T10:17:52.3359789Z     'Date': 'Wed, 18 Feb 2026 10:17:52 GMT'
2026-02-18T10:17:52.3362910Z 2026-02-18 10:17:52,336 - azure.monitor.opentelemetry.exporter.export._base - INFO - Transmission succeeded: Item received: 3. Items accepted: 3
2026-02-18T10:17:52.8417762Z 2026-02-18 10:17:52,841 - azure.core.pipeline.policies.http_logging_policy - INFO - Request URL: 'https://westus2-2.in.applicationinsights.azure.com//v2.1/track'
2026-02-18T10:17:52.8418113Z Request method: 'POST'
2026-02-18T10:17:52.8418142Z Request headers:
2026-02-18T10:17:52.8418159Z     'Content-Type': 'application/json'
2026-02-18T10:17:52.8418174Z     'Content-Length': '3720'
2026-02-18T10:17:52.8418256Z     'Accept': 'application/json'
2026-02-18T10:17:52.8418278Z     'x-ms-client-request-id': '15ba6dce-0cb3-11f1-a748-0adf85178b07'
2026-02-18T10:17:52.8418301Z     'User-Agent': 'azsdk-python-azuremonitorclient/unknown Python/3.11.14 (Linux-6.6.119.3-1.azl3-x86_64-with-glibc2.31)'
2026-02-18T10:17:52.8418322Z A body is sent with the request
2026-02-18T10:17:52.9262531Z 2026-02-18 10:17:52,926 - azure.core.pipeline.policies.http_logging_policy - INFO - Response status: 200
2026-02-18T10:17:52.9262852Z Response headers:
2026-02-18T10:17:52.9262876Z     'Transfer-Encoding': 'chunked'
2026-02-18T10:17:52.9262897Z     'Content-Type': 'application/json; charset=utf-8'
2026-02-18T10:17:52.9262916Z     'Server': 'Microsoft-HTTPAPI/2.0'
2026-02-18T10:17:52.9262936Z     'Strict-Transport-Security': 'REDACTED'
2026-02-18T10:17:52.9262955Z     'X-Content-Type-Options': 'REDACTED'
2026-02-18T10:17:52.9263020Z     'Date': 'Wed, 18 Feb 2026 10:17:52 GMT'
2026-02-18T10:17:52.9269025Z 2026-02-18 10:17:52,926 - azure.monitor.opentelemetry.exporter.export._base - INFO - Transmission succeeded: Item received: 3. Items accepted: 3
2026-02-18T10:17:57.3380614Z 2026-02-18 10:17:57,337 - azure.core.pipeline.policies.http_logging_policy - INFO - Request URL: 'https://westus2-2.in.applicationinsights.azure.com//v2.1/track'
2026-02-18T10:17:57.3380903Z Request method: 'POST'
2026-02-18T10:17:57.3380933Z Request headers:
2026-02-18T10:17:57.3380950Z     'Content-Type': 'application/json'
2026-02-18T10:17:57.3380966Z     'Content-Length': '3719'
2026-02-18T10:17:57.3380982Z     'Accept': 'application/json'
2026-02-18T10:17:57.3381000Z     'x-ms-client-request-id': '18688150-0cb3-11f1-b7fb-0adf85178b07'
2026-02-18T10:17:57.3381080Z     'User-Agent': 'azsdk-python-azuremonitorclient/unknown Python/3.11.14 (Linux-6.6.119.3-1.azl3-x86_64-with-glibc2.31)'
2026-02-18T10:17:57.3381102Z A body is sent with the request
2026-02-18T10:17:57.3774647Z 2026-02-18 10:17:57,377 - azure.core.pipeline.policies.http_logging_policy - INFO - Response status: 200
2026-02-18T10:17:57.3774925Z Response headers:
2026-02-18T10:17:57.3775256Z     'Transfer-Encoding': 'chunked'
2026-02-18T10:17:57.3775283Z     'Content-Type': 'application/json; charset=utf-8'
2026-02-18T10:17:57.3775302Z     'Server': 'Microsoft-HTTPAPI/2.0'
2026-02-18T10:17:57.3775321Z     'Strict-Transport-Security': 'REDACTED'
2026-02-18T10:17:57.3775337Z     'X-Content-Type-Options': 'REDACTED'
2026-02-18T10:17:57.3775354Z     'Date': 'Wed, 18 Feb 2026 10:17:57 GMT'
2026-02-18T10:17:57.3778300Z 2026-02-18 10:17:57,377 - azure.monitor.opentelemetry.exporter.export._base - INFO - Transmission succeeded: Item received: 3. Items accepted: 3
2026-02-18T10:17:57.9283988Z 2026-02-18 10:17:57,928 - azure.core.pipeline.policies.http_logging_policy - INFO - Request URL: 'https://westus2-2.in.applicationinsights.azure.com//v2.1/track'
2026-02-18T10:17:57.9284586Z Request method: 'POST'
2026-02-18T10:17:57.9284617Z Request headers:
2026-02-18T10:17:57.9284637Z     'Content-Type': 'application/json'
2026-02-18T10:17:57.9284668Z     'Content-Length': '3720'
2026-02-18T10:17:57.9284688Z     'Accept': 'application/json'
2026-02-18T10:17:57.9284708Z     'x-ms-client-request-id': '18c29532-0cb3-11f1-a748-0adf85178b07'
2026-02-18T10:17:57.9284734Z     'User-Agent': 'azsdk-python-azuremonitorclient/unknown Python/3.11.14 (Linux-6.6.119.3-1.azl3-x86_64-with-glibc2.31)'
2026-02-18T10:17:57.9284755Z A body is sent with the request
2026-02-18T10:17:57.9720109Z 2026-02-18 10:17:57,971 - azure.core.pipeline.policies.http_logging_policy - INFO - Response status: 200
2026-02-18T10:17:57.9720410Z Response headers:
2026-02-18T10:17:57.9720440Z     'Transfer-Encoding': 'chunked'
2026-02-18T10:17:57.9720467Z     'Content-Type': 'application/json; charset=utf-8'
2026-02-18T10:17:57.9720487Z     'Server': 'Microsoft-HTTPAPI/2.0'
2026-02-18T10:17:57.9720508Z     'Strict-Transport-Security': 'REDACTED'
2026-02-18T10:17:57.9720527Z     'X-Content-Type-Options': 'REDACTED'
2026-02-18T10:17:57.9720547Z     'Date': 'Wed, 18 Feb 2026 10:17:57 GMT'
2026-02-18T10:17:57.9725657Z 2026-02-18 10:17:57,972 - azure.monitor.opentelemetry.exporter.export._base - INFO - Transmission succeeded: Item received: 3. Items accepted: 3
2026-02-18T10:18:02.3803843Z 2026-02-18 10:18:02,380 - azure.core.pipeline.policies.http_logging_policy - INFO - Request URL: 'https://westus2-2.in.applicationinsights.azure.com//v2.1/track'
2026-02-18T10:18:02.3804346Z Request method: 'POST'
2026-02-18T10:18:02.3804372Z Request headers:
2026-02-18T10:18:02.3804391Z     'Content-Type': 'application/json'
2026-02-18T10:18:02.3804410Z     'Content-Length': '3720'
2026-02-18T10:18:02.3804426Z     'Accept': 'application/json'
2026-02-18T10:18:02.3804444Z     'x-ms-client-request-id': '1b69e3f8-0cb3-11f1-b7fb-0adf85178b07'
2026-02-18T10:18:02.3804463Z     'User-Agent': 'azsdk-python-azuremonitorclient/unknown Python/3.11.14 (Linux-6.6.119.3-1.azl3-x86_64-with-glibc2.31)'
2026-02-18T10:18:02.3804478Z A body is sent with the request
2026-02-18T10:18:02.5070716Z 2026-02-18 10:18:02,506 - azure.core.pipeline.policies.http_logging_policy - INFO - Response status: 200
2026-02-18T10:18:02.5072962Z Response headers:
2026-02-18T10:18:02.5073028Z     'Transfer-Encoding': 'chunked'
2026-02-18T10:18:02.5073068Z     'Content-Type': 'application/json; charset=utf-8'
2026-02-18T10:18:02.5073088Z     'Server': 'Microsoft-HTTPAPI/2.0'
2026-02-18T10:18:02.5073109Z     'Strict-Transport-Security': 'REDACTED'
2026-02-18T10:18:02.5073126Z     'X-Content-Type-Options': 'REDACTED'
2026-02-18T10:18:02.5073140Z     'Date': 'Wed, 18 Feb 2026 10:18:02 GMT'
2026-02-18T10:18:02.5073161Z 2026-02-18 10:18:02,506 - azure.monitor.opentelemetry.exporter.export._base - INFO - Transmission succeeded: Item received: 3. Items accepted: 3
2026-02-18T10:18:02.9746097Z 2026-02-18 10:18:02,974 - azure.core.pipeline.policies.http_logging_policy - INFO - Request URL: 'https://westus2-2.in.applicationinsights.azure.com//v2.1/track'
2026-02-18T10:18:02.9746624Z Request method: 'POST'
2026-02-18T10:18:02.9746649Z Request headers:
2026-02-18T10:18:02.9746669Z     'Content-Type': 'application/json'
2026-02-18T10:18:02.9746746Z     'Content-Length': '3718'
2026-02-18T10:18:02.9746764Z     'Accept': 'application/json'
2026-02-18T10:18:02.9746784Z     'x-ms-client-request-id': '1bc49190-0cb3-11f1-a748-0adf85178b07'
2026-02-18T10:18:02.9746807Z     'User-Agent': 'azsdk-python-azuremonitorclient/unknown Python/3.11.14 (Linux-6.6.119.3-1.azl3-x86_64-with-glibc2.31)'
2026-02-18T10:18:02.9746824Z A body is sent with the request
2026-02-18T10:18:03.0961671Z 2026-02-18 10:18:03,095 - azure.core.pipeline.policies.http_logging_policy - INFO - Response status: 200
2026-02-18T10:18:03.0961984Z Response headers:
2026-02-18T10:18:03.0962009Z     'Transfer-Encoding': 'chunked'
2026-02-18T10:18:03.0962032Z     'Content-Type': 'application/json; charset=utf-8'
2026-02-18T10:18:03.0962049Z     'Server': 'Microsoft-HTTPAPI/2.0'
2026-02-18T10:18:03.0962073Z     'Strict-Transport-Security': 'REDACTED'
2026-02-18T10:18:03.0962153Z     'X-Content-Type-Options': 'REDACTED'
2026-02-18T10:18:03.0962174Z     'Date': 'Wed, 18 Feb 2026 10:18:02 GMT'
2026-02-18T10:18:03.0966006Z 2026-02-18 10:18:03,096 - azure.monitor.opentelemetry.exporter.export._base - INFO - Transmission succeeded: Item received: 3. Items accepted: 3
2026-02-18T10:18:07.5098630Z 2026-02-18 10:18:07,509 - azure.core.pipeline.policies.http_logging_policy - INFO - Request URL: 'https://westus2-2.in.applicationinsights.azure.com//v2.1/track'
2026-02-18T10:18:07.5099210Z Request method: 'POST'
2026-02-18T10:18:07.5099238Z Request headers:
2026-02-18T10:18:07.5099259Z     'Content-Type': 'application/json'
2026-02-18T10:18:07.5099278Z     'Content-Length': '3720'
2026-02-18T10:18:07.5099299Z     'Accept': 'application/json'
2026-02-18T10:18:07.5099323Z     'x-ms-client-request-id': '1e7886f8-0cb3-11f1-b7fb-0adf85178b07'
2026-02-18T10:18:07.5099421Z     'User-Agent': 'azsdk-python-azuremonitorclient/unknown Python/3.11.14 (Linux-6.6.119.3-1.azl3-x86_64-with-glibc2.31)'
2026-02-18T10:18:07.5099441Z A body is sent with the request
2026-02-18T10:18:07.6155583Z 2026-02-18 10:18:07,614 - azure.core.pipeline.policies.http_logging_policy - INFO - Response status: 200
2026-02-18T10:18:07.6156036Z Response headers:
2026-02-18T10:18:07.6156064Z     'Transfer-Encoding': 'chunked'
2026-02-18T10:18:07.6156085Z     'Content-Type': 'application/json; charset=utf-8'
2026-02-18T10:18:07.6156102Z     'Server': 'Microsoft-HTTPAPI/2.0'
2026-02-18T10:18:07.6156122Z     'Strict-Transport-Security': 'REDACTED'
2026-02-18T10:18:07.6156143Z     'X-Content-Type-Options': 'REDACTED'
2026-02-18T10:18:07.6156160Z     'Date': 'Wed, 18 Feb 2026 10:18:07 GMT'
2026-02-18T10:18:07.6156351Z 2026-02-18 10:18:07,615 - azure.monitor.opentelemetry.exporter.export._base - INFO - Transmission succeeded: Item received: 3. Items accepted: 3
2026-02-18T10:18:08.0984117Z 2026-02-18 10:18:08,098 - azure.core.pipeline.policies.http_logging_policy - INFO - Request URL: 'https://westus2-2.in.applicationinsights.azure.com//v2.1/track'
2026-02-18T10:18:08.0984632Z Request method: 'POST'
2026-02-18T10:18:08.0984658Z Request headers:
2026-02-18T10:18:08.0984679Z     'Content-Type': 'application/json'
2026-02-18T10:18:08.0984696Z     'Content-Length': '3720'
2026-02-18T10:18:08.0984713Z     'Accept': 'application/json'
2026-02-18T10:18:08.0984731Z     'x-ms-client-request-id': '1ed26862-0cb3-11f1-a748-0adf85178b07'
2026-02-18T10:18:08.0984755Z     'User-Agent': 'azsdk-python-azuremonitorclient/unknown Python/3.11.14 (Linux-6.6.119.3-1.azl3-x86_64-with-glibc2.31)'
2026-02-18T10:18:08.0984772Z A body is sent with the request
2026-02-18T10:18:08.1743114Z 2026-02-18 10:18:08,173 - azure.core.pipeline.policies.http_logging_policy - INFO - Response status: 200
2026-02-18T10:18:08.1743521Z Response headers:
2026-02-18T10:18:08.1743547Z     'Transfer-Encoding': 'chunked'
2026-02-18T10:18:08.1743576Z     'Content-Type': 'application/json; charset=utf-8'
2026-02-18T10:18:08.1743596Z     'Server': 'Microsoft-HTTPAPI/2.0'
2026-02-18T10:18:08.1743616Z     'Strict-Transport-Security': 'REDACTED'
2026-02-18T10:18:08.1743635Z     'X-Content-Type-Options': 'REDACTED'
2026-02-18T10:18:08.1743655Z     'Date': 'Wed, 18 Feb 2026 10:18:07 GMT'
2026-02-18T10:18:08.1748317Z 2026-02-18 10:18:08,174 - azure.monitor.opentelemetry.exporter.export._base - INFO - Transmission succeeded: Item received: 3. Items accepted: 3
2026-02-18T10:18:12.6195546Z 2026-02-18 10:18:12,618 - azure.core.pipeline.policies.http_logging_policy - INFO - Request URL: 'https://westus2-2.in.applicationinsights.azure.com//v2.1/track'
2026-02-18T10:18:12.6195884Z Request method: 'POST'
2026-02-18T10:18:12.6195907Z Request headers:
2026-02-18T10:18:12.6195929Z     'Content-Type': 'application/json'
2026-02-18T10:18:12.6195950Z     'Content-Length': '3719'
2026-02-18T10:18:12.6195970Z     'Accept': 'application/json'
2026-02-18T10:18:12.6195992Z     'x-ms-client-request-id': '21842d5c-0cb3-11f1-b7fb-0adf85178b07'
2026-02-18T10:18:12.6196016Z     'User-Agent': 'azsdk-python-azuremonitorclient/unknown Python/3.11.14 (Linux-6.6.119.3-1.azl3-x86_64-with-glibc2.31)'
2026-02-18T10:18:12.6196036Z A body is sent with the request
2026-02-18T10:18:12.6863795Z 2026-02-18 10:18:12,686 - azure.core.pipeline.policies.http_logging_policy - INFO - Response status: 200
2026-02-18T10:18:12.6864143Z Response headers:
2026-02-18T10:18:12.6864229Z     'Transfer-Encoding': 'chunked'
2026-02-18T10:18:12.6864249Z     'Content-Type': 'application/json; charset=utf-8'
2026-02-18T10:18:12.6864265Z     'Server': 'Microsoft-HTTPAPI/2.0'
2026-02-18T10:18:12.6864281Z     'Strict-Transport-Security': 'REDACTED'
2026-02-18T10:18:12.6864297Z     'X-Content-Type-Options': 'REDACTED'
2026-02-18T10:18:12.6864314Z     'Date': 'Wed, 18 Feb 2026 10:18:12 GMT'
2026-02-18T10:18:12.6882078Z 2026-02-18 10:18:12,686 - azure.monitor.opentelemetry.exporter.export._base - INFO - Transmission succeeded: Item received: 3. Items accepted: 3
2026-02-18T10:18:13.1769763Z 2026-02-18 10:18:13,176 - azure.core.pipeline.policies.http_logging_policy - INFO - Request URL: 'https://westus2-2.in.applicationinsights.azure.com//v2.1/track'
2026-02-18T10:18:13.1770119Z Request method: 'POST'
2026-02-18T10:18:13.1770144Z Request headers:
2026-02-18T10:18:13.1770232Z     'Content-Type': 'application/json'
2026-02-18T10:18:13.1770249Z     'Content-Length': '3720'
2026-02-18T10:18:13.1770267Z     'Accept': 'application/json'
2026-02-18T10:18:13.1770287Z     'x-ms-client-request-id': '21d95430-0cb3-11f1-a748-0adf85178b07'
2026-02-18T10:18:13.1770307Z     'User-Agent': 'azsdk-python-azuremonitorclient/unknown Python/3.11.14 (Linux-6.6.119.3-1.azl3-x86_64-with-glibc2.31)'
2026-02-18T10:18:13.1770327Z A body is sent with the request
2026-02-18T10:18:13.2453671Z 2026-02-18 10:18:13,244 - azure.core.pipeline.policies.http_logging_policy - INFO - Response status: 200
2026-02-18T10:18:13.2454928Z Response headers:
2026-02-18T10:18:13.2454968Z     'Transfer-Encoding': 'chunked'
2026-02-18T10:18:13.2454987Z     'Content-Type': 'application/json; charset=utf-8'
2026-02-18T10:18:13.2455010Z     'Server': 'Microsoft-HTTPAPI/2.0'
2026-02-18T10:18:13.2455752Z     'Strict-Transport-Security': 'REDACTED'
2026-02-18T10:18:13.2455779Z     'X-Content-Type-Options': 'REDACTED'
2026-02-18T10:18:13.2455796Z     'Date': 'Wed, 18 Feb 2026 10:18:12 GMT'
2026-02-18T10:18:13.2462145Z 2026-02-18 10:18:13,245 - azure.monitor.opentelemetry.exporter.export._base - INFO - Transmission succeeded: Item received: 3. Items accepted: 3
2026-02-18T10:18:17.6896724Z 2026-02-18 10:18:17,689 - azure.core.pipeline.policies.http_logging_policy - INFO - Request URL: 'https://westus2-2.in.applicationinsights.azure.com//v2.1/track'
2026-02-18T10:18:17.6897057Z Request method: 'POST'
2026-02-18T10:18:17.6897084Z Request headers:
2026-02-18T10:18:17.6897104Z     'Content-Type': 'application/json'
2026-02-18T10:18:17.6897124Z     'Content-Length': '3720'
2026-02-18T10:18:17.6897149Z     'Accept': 'application/json'
2026-02-18T10:18:17.6897248Z     'x-ms-client-request-id': '2489ea82-0cb3-11f1-b7fb-0adf85178b07'
2026-02-18T10:18:17.6897274Z     'User-Agent': 'azsdk-python-azuremonitorclient/unknown Python/3.11.14 (Linux-6.6.119.3-1.azl3-x86_64-with-glibc2.31)'
2026-02-18T10:18:17.6897298Z A body is sent with the request
2026-02-18T10:18:17.7606621Z 2026-02-18 10:18:17,760 - azure.core.pipeline.policies.http_logging_policy - INFO - Response status: 200
2026-02-18T10:18:17.7606977Z Response headers:
2026-02-18T10:18:17.7607006Z     'Transfer-Encoding': 'chunked'
2026-02-18T10:18:17.7607027Z     'Content-Type': 'application/json; charset=utf-8'
2026-02-18T10:18:17.7607045Z     'Server': 'Microsoft-HTTPAPI/2.0'
2026-02-18T10:18:17.7607069Z     'Strict-Transport-Security': 'REDACTED'
2026-02-18T10:18:17.7607088Z     'X-Content-Type-Options': 'REDACTED'
2026-02-18T10:18:17.7607168Z     'Date': 'Wed, 18 Feb 2026 10:18:17 GMT'
2026-02-18T10:18:17.7612622Z 2026-02-18 10:18:17,761 - azure.monitor.opentelemetry.exporter.export._base - INFO - Transmission succeeded: Item received: 3. Items accepted: 3
2026-02-18T10:18:18.2479618Z 2026-02-18 10:18:18,247 - azure.core.pipeline.policies.http_logging_policy - INFO - Request URL: 'https://westus2-2.in.applicationinsights.azure.com//v2.1/track'
2026-02-18T10:18:18.2480099Z Request method: 'POST'
2026-02-18T10:18:18.2480122Z Request headers:
2026-02-18T10:18:18.2480139Z     'Content-Type': 'application/json'
2026-02-18T10:18:18.2480156Z     'Content-Length': '3720'
2026-02-18T10:18:18.2480179Z     'Accept': 'application/json'
2026-02-18T10:18:18.2480201Z     'x-ms-client-request-id': '24df1728-0cb3-11f1-a748-0adf85178b07'
2026-02-18T10:18:18.2480220Z     'User-Agent': 'azsdk-python-azuremonitorclient/unknown Python/3.11.14 (Linux-6.6.119.3-1.azl3-x86_64-with-glibc2.31)'
2026-02-18T10:18:18.2480306Z A body is sent with the request
2026-02-18T10:18:18.3436524Z 2026-02-18 10:18:18,343 - azure.core.pipeline.policies.http_logging_policy - INFO - Response status: 200
2026-02-18T10:18:18.3436826Z Response headers:
2026-02-18T10:18:18.3436856Z     'Transfer-Encoding': 'chunked'
2026-02-18T10:18:18.3436874Z     'Content-Type': 'application/json; charset=utf-8'
2026-02-18T10:18:18.3436890Z     'Server': 'Microsoft-HTTPAPI/2.0'
2026-02-18T10:18:18.3436908Z     'Strict-Transport-Security': 'REDACTED'
2026-02-18T10:18:18.3436925Z     'X-Content-Type-Options': 'REDACTED'
2026-02-18T10:18:18.3436944Z     'Date': 'Wed, 18 Feb 2026 10:18:17 GMT'
2026-02-18T10:18:18.3443151Z 2026-02-18 10:18:18,343 - azure.monitor.opentelemetry.exporter.export._base - INFO - Transmission succeeded: Item received: 3. Items accepted: 3
2026-02-18T10:18:22.7631887Z 2026-02-18 10:18:22,762 - azure.core.pipeline.policies.http_logging_policy - INFO - Request URL: 'https://westus2-2.in.applicationinsights.azure.com//v2.1/track'
2026-02-18T10:18:22.7632238Z Request method: 'POST'
2026-02-18T10:18:22.7632264Z Request headers:
2026-02-18T10:18:22.7632283Z     'Content-Type': 'application/json'
2026-02-18T10:18:22.7632299Z     'Content-Length': '3720'
2026-02-18T10:18:22.7632315Z     'Accept': 'application/json'
2026-02-18T10:18:22.7632334Z     'x-ms-client-request-id': '27900f04-0cb3-11f1-b7fb-0adf85178b07'
2026-02-18T10:18:22.7632359Z     'User-Agent': 'azsdk-python-azuremonitorclient/unknown Python/3.11.14 (Linux-6.6.119.3-1.azl3-x86_64-with-glibc2.31)'
2026-02-18T10:18:22.7632376Z A body is sent with the request
2026-02-18T10:18:22.8942358Z 2026-02-18 10:18:22,893 - azure.core.pipeline.policies.http_logging_policy - INFO - Response status: 200
2026-02-18T10:18:22.8942741Z Response headers:
2026-02-18T10:18:22.8942765Z     'Transfer-Encoding': 'chunked'
2026-02-18T10:18:22.8942787Z     'Content-Type': 'application/json; charset=utf-8'
2026-02-18T10:18:22.8942807Z     'Server': 'Microsoft-HTTPAPI/2.0'
2026-02-18T10:18:22.8942826Z     'Strict-Transport-Security': 'REDACTED'
2026-02-18T10:18:22.8942845Z     'X-Content-Type-Options': 'REDACTED'
2026-02-18T10:18:22.8942864Z     'Date': 'Wed, 18 Feb 2026 10:18:22 GMT'
2026-02-18T10:18:22.8942891Z 2026-02-18 10:18:22,893 - azure.monitor.opentelemetry.exporter.export._base - INFO - Transmission succeeded: Item received: 3. Items accepted: 3
2026-02-18T10:18:23.3461882Z 2026-02-18 10:18:23,345 - azure.core.pipeline.policies.http_logging_policy - INFO - Request URL: 'https://westus2-2.in.applicationinsights.azure.com//v2.1/track'
2026-02-18T10:18:23.3462381Z Request method: 'POST'
2026-02-18T10:18:23.3462461Z Request headers:
2026-02-18T10:18:23.3462479Z     'Content-Type': 'application/json'
2026-02-18T10:18:23.3462496Z     'Content-Length': '3718'
2026-02-18T10:18:23.3462516Z     'Accept': 'application/json'
2026-02-18T10:18:23.3462538Z     'x-ms-client-request-id': '27e905aa-0cb3-11f1-a748-0adf85178b07'
2026-02-18T10:18:23.3462558Z     'User-Agent': 'azsdk-python-azuremonitorclient/unknown Python/3.11.14 (Linux-6.6.119.3-1.azl3-x86_64-with-glibc2.31)'
2026-02-18T10:18:23.3462575Z A body is sent with the request
2026-02-18T10:18:23.5024018Z 2026-02-18 10:18:23,502 - azure.core.pipeline.policies.http_logging_policy - INFO - Response status: 200
2026-02-18T10:18:23.5024566Z Response headers:
2026-02-18T10:18:23.5024602Z     'Transfer-Encoding': 'chunked'
2026-02-18T10:18:23.5024629Z     'Content-Type': 'application/json; charset=utf-8'
2026-02-18T10:18:23.5024706Z     'Server': 'Microsoft-HTTPAPI/2.0'
2026-02-18T10:18:23.5024727Z     'Strict-Transport-Security': 'REDACTED'
2026-02-18T10:18:23.5024748Z     'X-Content-Type-Options': 'REDACTED'
2026-02-18T10:18:23.5024768Z     'Date': 'Wed, 18 Feb 2026 10:18:23 GMT'
2026-02-18T10:18:23.5034834Z 2026-02-18 10:18:23,503 - azure.monitor.opentelemetry.exporter.export._base - INFO - Transmission succeeded: Item received: 3. Items accepted: 3
2026-02-18T10:18:27.8960439Z 2026-02-18 10:18:27,895 - azure.core.pipeline.policies.http_logging_policy - INFO - Request URL: 'https://westus2-2.in.applicationinsights.azure.com//v2.1/track'
2026-02-18T10:18:27.8960783Z Request method: 'POST'
2026-02-18T10:18:27.8960804Z Request headers:
2026-02-18T10:18:27.8960824Z     'Content-Type': 'application/json'
2026-02-18T10:18:27.8960842Z     'Content-Length': '3720'
2026-02-18T10:18:27.8960933Z     'Accept': 'application/json'
2026-02-18T10:18:27.8960951Z     'x-ms-client-request-id': '2a9f4502-0cb3-11f1-b7fb-0adf85178b07'
2026-02-18T10:18:27.8960972Z     'User-Agent': 'azsdk-python-azuremonitorclient/unknown Python/3.11.14 (Linux-6.6.119.3-1.azl3-x86_64-with-glibc2.31)'
2026-02-18T10:18:27.8960990Z A body is sent with the request
2026-02-18T10:18:27.9520801Z 2026-02-18 10:18:27,951 - azure.core.pipeline.policies.http_logging_policy - INFO - Response status: 200
2026-02-18T10:18:27.9521135Z Response headers:
2026-02-18T10:18:27.9521162Z     'Transfer-Encoding': 'chunked'
2026-02-18T10:18:27.9521185Z     'Content-Type': 'application/json; charset=utf-8'
2026-02-18T10:18:27.9521205Z     'Server': 'Microsoft-HTTPAPI/2.0'
2026-02-18T10:18:27.9521225Z     'Strict-Transport-Security': 'REDACTED'
2026-02-18T10:18:27.9521305Z     'X-Content-Type-Options': 'REDACTED'
2026-02-18T10:18:27.9521323Z     'Date': 'Wed, 18 Feb 2026 10:18:27 GMT'
2026-02-18T10:18:27.9526571Z 2026-02-18 10:18:27,952 - azure.monitor.opentelemetry.exporter.export._base - INFO - Transmission succeeded: Item received: 3. Items accepted: 3
2026-02-18T10:18:28.5051558Z 2026-02-18 10:18:28,504 - azure.core.pipeline.policies.http_logging_policy - INFO - Request URL: 'https://westus2-2.in.applicationinsights.azure.com//v2.1/track'
2026-02-18T10:18:28.5051950Z Request method: 'POST'
2026-02-18T10:18:28.5051972Z Request headers:
2026-02-18T10:18:28.5051989Z     'Content-Type': 'application/json'
2026-02-18T10:18:28.5052014Z     'Content-Length': '3720'
2026-02-18T10:18:28.5052030Z     'Accept': 'application/json'
2026-02-18T10:18:28.5052047Z     'x-ms-client-request-id': '2afc3a0a-0cb3-11f1-a748-0adf85178b07'
2026-02-18T10:18:28.5052126Z     'User-Agent': 'azsdk-python-azuremonitorclient/unknown Python/3.11.14 (Linux-6.6.119.3-1.azl3-x86_64-with-glibc2.31)'
2026-02-18T10:18:28.5052145Z A body is sent with the request
2026-02-18T10:18:28.6134724Z 2026-02-18 10:18:28,613 - azure.core.pipeline.policies.http_logging_policy - INFO - Response status: 200
2026-02-18T10:18:28.6135239Z Response headers:
2026-02-18T10:18:28.6135265Z     'Transfer-Encoding': 'chunked'
2026-02-18T10:18:28.6135286Z     'Content-Type': 'application/json; charset=utf-8'
2026-02-18T10:18:28.6135312Z     'Server': 'Microsoft-HTTPAPI/2.0'
2026-02-18T10:18:28.6135330Z     'Strict-Transport-Security': 'REDACTED'
2026-02-18T10:18:28.6135346Z     'X-Content-Type-Options': 'REDACTED'
2026-02-18T10:18:28.6135361Z     'Date': 'Wed, 18 Feb 2026 10:18:28 GMT'
2026-02-18T10:18:28.6141590Z 2026-02-18 10:18:28,613 - azure.monitor.opentelemetry.exporter.export._base - INFO - Transmission succeeded: Item received: 3. Items accepted: 3
2026-02-18T10:18:32.9541594Z 2026-02-18 10:18:32,953 - azure.core.pipeline.policies.http_logging_policy - INFO - Request URL: 'https://westus2-2.in.applicationinsights.azure.com//v2.1/track'
2026-02-18T10:18:32.9541942Z Request method: 'POST'
2026-02-18T10:18:32.9541970Z Request headers:
2026-02-18T10:18:32.9541989Z     'Content-Type': 'application/json'
2026-02-18T10:18:32.9542014Z     'Content-Length': '3720'
2026-02-18T10:18:32.9542033Z     'Accept': 'application/json'
2026-02-18T10:18:32.9542055Z     'x-ms-client-request-id': '2da316ca-0cb3-11f1-b7fb-0adf85178b07'
2026-02-18T10:18:32.9542077Z     'User-Agent': 'azsdk-python-azuremonitorclient/unknown Python/3.11.14 (Linux-6.6.119.3-1.azl3-x86_64-with-glibc2.31)'
2026-02-18T10:18:32.9542095Z A body is sent with the request
2026-02-18T10:18:33.0846435Z 2026-02-18 10:18:33,084 - azure.core.pipeline.policies.http_logging_policy - INFO - Response status: 200
2026-02-18T10:18:33.0846748Z Response headers:
2026-02-18T10:18:33.0846782Z     'Transfer-Encoding': 'chunked'
2026-02-18T10:18:33.0846804Z     'Content-Type': 'application/json; charset=utf-8'
2026-02-18T10:18:33.0846821Z     'Server': 'Microsoft-HTTPAPI/2.0'
2026-02-18T10:18:33.0846841Z     'Strict-Transport-Security': 'REDACTED'
2026-02-18T10:18:33.0846860Z     'X-Content-Type-Options': 'REDACTED'
2026-02-18T10:18:33.0846878Z     'Date': 'Wed, 18 Feb 2026 10:18:32 GMT'
2026-02-18T10:18:33.0853999Z 2026-02-18 10:18:33,084 - azure.monitor.opentelemetry.exporter.export._base - INFO - Transmission succeeded: Item received: 3. Items accepted: 3
2026-02-18T10:18:33.6154819Z 2026-02-18 10:18:33,615 - azure.core.pipeline.policies.http_logging_policy - INFO - Request URL: 'https://westus2-2.in.applicationinsights.azure.com//v2.1/track'
2026-02-18T10:18:33.6155239Z Request method: 'POST'
2026-02-18T10:18:33.6155260Z Request headers:
2026-02-18T10:18:33.6155278Z     'Content-Type': 'application/json'
2026-02-18T10:18:33.6155295Z     'Content-Length': '3719'
2026-02-18T10:18:33.6155313Z     'Accept': 'application/json'
2026-02-18T10:18:33.6155334Z     'x-ms-client-request-id': '2e08004e-0cb3-11f1-a748-0adf85178b07'
2026-02-18T10:18:33.6155356Z     'User-Agent': 'azsdk-python-azuremonitorclient/unknown Python/3.11.14 (Linux-6.6.119.3-1.azl3-x86_64-with-glibc2.31)'
2026-02-18T10:18:33.6155373Z A body is sent with the request
2026-02-18T10:18:33.7503905Z 2026-02-18 10:18:33,750 - azure.core.pipeline.policies.http_logging_policy - INFO - Response status: 200
2026-02-18T10:18:33.7504235Z Response headers:
2026-02-18T10:18:33.7504261Z     'Transfer-Encoding': 'chunked'
2026-02-18T10:18:33.7504342Z     'Content-Type': 'application/json; charset=utf-8'
2026-02-18T10:18:33.7504359Z     'Server': 'Microsoft-HTTPAPI/2.0'
2026-02-18T10:18:33.7504376Z     'Strict-Transport-Security': 'REDACTED'
2026-02-18T10:18:33.7504392Z     'X-Content-Type-Options': 'REDACTED'
2026-02-18T10:18:33.7504409Z     'Date': 'Wed, 18 Feb 2026 10:18:33 GMT'
2026-02-18T10:18:33.7512657Z 2026-02-18 10:18:33,750 - azure.monitor.opentelemetry.exporter.export._base - INFO - Transmission succeeded: Item received: 3. Items accepted: 3
2026-02-18T10:18:38.0866420Z 2026-02-18 10:18:38,086 - azure.core.pipeline.policies.http_logging_policy - INFO - Request URL: 'https://westus2-2.in.applicationinsights.azure.com//v2.1/track'
2026-02-18T10:18:38.0867034Z Request method: 'POST'
2026-02-18T10:18:38.0867061Z Request headers:
2026-02-18T10:18:38.0867142Z     'Content-Type': 'application/json'
2026-02-18T10:18:38.0867159Z     'Content-Length': '3718'
2026-02-18T10:18:38.0867173Z     'Accept': 'application/json'
2026-02-18T10:18:38.0867194Z     'x-ms-client-request-id': '30b23dfa-0cb3-11f1-b7fb-0adf85178b07'
2026-02-18T10:18:38.0867217Z     'User-Agent': 'azsdk-python-azuremonitorclient/unknown Python/3.11.14 (Linux-6.6.119.3-1.azl3-x86_64-with-glibc2.31)'
2026-02-18T10:18:38.0867234Z A body is sent with the request
2026-02-18T10:18:38.1822589Z 2026-02-18 10:18:38,181 - azure.core.pipeline.policies.http_logging_policy - INFO - Response status: 200
2026-02-18T10:18:38.1823174Z Response headers:
2026-02-18T10:18:38.1823203Z     'Transfer-Encoding': 'chunked'
2026-02-18T10:18:38.1823220Z     'Content-Type': 'application/json; charset=utf-8'
2026-02-18T10:18:38.1823237Z     'Server': 'Microsoft-HTTPAPI/2.0'
2026-02-18T10:18:38.1823318Z     'Strict-Transport-Security': 'REDACTED'
2026-02-18T10:18:38.1823338Z     'X-Content-Type-Options': 'REDACTED'
2026-02-18T10:18:38.1823356Z     'Date': 'Wed, 18 Feb 2026 10:18:37 GMT'
2026-02-18T10:18:38.1830347Z 2026-02-18 10:18:38,182 - azure.monitor.opentelemetry.exporter.export._base - INFO - Transmission succeeded: Item received: 3. Items accepted: 3
2026-02-18T10:18:38.7526651Z 2026-02-18 10:18:38,752 - azure.core.pipeline.policies.http_logging_policy - INFO - Request URL: 'https://westus2-2.in.applicationinsights.azure.com//v2.1/track'
2026-02-18T10:18:38.7527173Z Request method: 'POST'
2026-02-18T10:18:38.7527339Z Request headers:
2026-02-18T10:18:38.7527362Z     'Content-Type': 'application/json'
2026-02-18T10:18:38.7527377Z     'Content-Length': '3720'
2026-02-18T10:18:38.7527398Z     'Accept': 'application/json'
2026-02-18T10:18:38.7527484Z     'x-ms-client-request-id': '3117def8-0cb3-11f1-a748-0adf85178b07'
2026-02-18T10:18:38.7527505Z     'User-Agent': 'azsdk-python-azuremonitorclient/unknown Python/3.11.14 (Linux-6.6.119.3-1.azl3-x86_64-with-glibc2.31)'
2026-02-18T10:18:38.7527520Z A body is sent with the request
2026-02-18T10:18:38.8211851Z 2026-02-18 10:18:38,820 - azure.core.pipeline.policies.http_logging_policy - INFO - Response status: 200
2026-02-18T10:18:38.8212219Z Response headers:
2026-02-18T10:18:38.8212245Z     'Transfer-Encoding': 'chunked'
2026-02-18T10:18:38.8212270Z     'Content-Type': 'application/json; charset=utf-8'
2026-02-18T10:18:38.8212292Z     'Server': 'Microsoft-HTTPAPI/2.0'
2026-02-18T10:18:38.8212309Z     'Strict-Transport-Security': 'REDACTED'
2026-02-18T10:18:38.8212326Z     'X-Content-Type-Options': 'REDACTED'
2026-02-18T10:18:38.8212341Z     'Date': 'Wed, 18 Feb 2026 10:18:38 GMT'
2026-02-18T10:18:38.8217304Z 2026-02-18 10:18:38,821 - azure.monitor.opentelemetry.exporter.export._base - INFO - Transmission succeeded: Item received: 3. Items accepted: 3
2026-02-18T10:18:43.1843549Z 2026-02-18 10:18:43,184 - azure.core.pipeline.policies.http_logging_policy - INFO - Request URL: 'https://westus2-2.in.applicationinsights.azure.com//v2.1/track'
2026-02-18T10:18:43.1844018Z Request method: 'POST'
2026-02-18T10:18:43.1844053Z Request headers:
2026-02-18T10:18:43.1844070Z     'Content-Type': 'application/json'
2026-02-18T10:18:43.1844092Z     'Content-Length': '3720'
2026-02-18T10:18:43.1844108Z     'Accept': 'application/json'
2026-02-18T10:18:43.1844125Z     'x-ms-client-request-id': '33bc1610-0cb3-11f1-b7fb-0adf85178b07'
2026-02-18T10:18:43.1844145Z     'User-Agent': 'azsdk-python-azuremonitorclient/unknown Python/3.11.14 (Linux-6.6.119.3-1.azl3-x86_64-with-glibc2.31)'
2026-02-18T10:18:43.1844220Z A body is sent with the request
2026-02-18T10:18:43.3037139Z 2026-02-18 10:18:43,302 - azure.core.pipeline.policies.http_logging_policy - INFO - Response status: 200
2026-02-18T10:18:43.3037493Z Response headers:
2026-02-18T10:18:43.3037515Z     'Transfer-Encoding': 'chunked'
2026-02-18T10:18:43.3037532Z     'Content-Type': 'application/json; charset=utf-8'
2026-02-18T10:18:43.3037547Z     'Server': 'Microsoft-HTTPAPI/2.0'
2026-02-18T10:18:43.3037563Z     'Strict-Transport-Security': 'REDACTED'
2026-02-18T10:18:43.3037585Z     'X-Content-Type-Options': 'REDACTED'
2026-02-18T10:18:43.3037606Z     'Date': 'Wed, 18 Feb 2026 10:18:43 GMT'
2026-02-18T10:18:43.3037627Z 2026-02-18 10:18:43,303 - azure.monitor.opentelemetry.exporter.export._base - INFO - Transmission succeeded: Item received: 3. Items accepted: 3
2026-02-18T10:18:43.8237050Z 2026-02-18 10:18:43,823 - azure.core.pipeline.policies.http_logging_policy - INFO - Request URL: 'https://westus2-2.in.applicationinsights.azure.com//v2.1/track'
2026-02-18T10:18:43.8237459Z Request method: 'POST'
2026-02-18T10:18:43.8237483Z Request headers:
2026-02-18T10:18:43.8237501Z     'Content-Type': 'application/json'
2026-02-18T10:18:43.8237518Z     'Content-Length': '3720'
2026-02-18T10:18:43.8237534Z     'Accept': 'application/json'
2026-02-18T10:18:43.8237551Z     'x-ms-client-request-id': '341da772-0cb3-11f1-a748-0adf85178b07'
2026-02-18T10:18:43.8237573Z     'User-Agent': 'azsdk-python-azuremonitorclient/unknown Python/3.11.14 (Linux-6.6.119.3-1.azl3-x86_64-with-glibc2.31)'
2026-02-18T10:18:43.8237592Z A body is sent with the request
2026-02-18T10:18:43.9349125Z 2026-02-18 10:18:43,934 - azure.core.pipeline.policies.http_logging_policy - INFO - Response status: 200
2026-02-18T10:18:43.9349896Z Response headers:
2026-02-18T10:18:43.9349982Z     'Transfer-Encoding': 'chunked'
2026-02-18T10:18:43.9350001Z     'Content-Type': 'application/json; charset=utf-8'
2026-02-18T10:18:43.9350018Z     'Server': 'Microsoft-HTTPAPI/2.0'
2026-02-18T10:18:43.9350036Z     'Strict-Transport-Security': 'REDACTED'
2026-02-18T10:18:43.9350053Z     'X-Content-Type-Options': 'REDACTED'
2026-02-18T10:18:43.9350072Z     'Date': 'Wed, 18 Feb 2026 10:18:43 GMT'
2026-02-18T10:18:43.9354930Z 2026-02-18 10:18:43,935 - azure.monitor.opentelemetry.exporter.export._base - INFO - Transmission succeeded: Item received: 3. Items accepted: 3
2026-02-18T10:18:48.3055753Z 2026-02-18 10:18:48,305 - azure.core.pipeline.policies.http_logging_policy - INFO - Request URL: 'https://westus2-2.in.applicationinsights.azure.com//v2.1/track'
2026-02-18T10:18:48.3056227Z Request method: 'POST'
2026-02-18T10:18:48.3056253Z Request headers:
2026-02-18T10:18:48.3056329Z     'Content-Type': 'application/json'
2026-02-18T10:18:48.3056346Z     'Content-Length': '3720'
2026-02-18T10:18:48.3056362Z     'Accept': 'application/json'
2026-02-18T10:18:48.3056382Z     'x-ms-client-request-id': '36c98626-0cb3-11f1-b7fb-0adf85178b07'
2026-02-18T10:18:48.3056406Z     'User-Agent': 'azsdk-python-azuremonitorclient/unknown Python/3.11.14 (Linux-6.6.119.3-1.azl3-x86_64-with-glibc2.31)'
2026-02-18T10:18:48.3056422Z A body is sent with the request
2026-02-18T10:18:48.3392331Z 2026-02-18 10:18:48,339 - azure.core.pipeline.policies.http_logging_policy - INFO - Response status: 200
2026-02-18T10:18:48.3392675Z Response headers:
2026-02-18T10:18:48.3392704Z     'Transfer-Encoding': 'chunked'
2026-02-18T10:18:48.3392729Z     'Content-Type': 'application/json; charset=utf-8'
2026-02-18T10:18:48.3392801Z     'Server': 'Microsoft-HTTPAPI/2.0'
2026-02-18T10:18:48.3392827Z     'Strict-Transport-Security': 'REDACTED'
2026-02-18T10:18:48.3392848Z     'X-Content-Type-Options': 'REDACTED'
2026-02-18T10:18:48.3392868Z     'Date': 'Wed, 18 Feb 2026 10:18:48 GMT'
2026-02-18T10:18:48.3398289Z 2026-02-18 10:18:48,339 - azure.monitor.opentelemetry.exporter.export._base - INFO - Transmission succeeded: Item received: 3. Items accepted: 3
2026-02-18T10:18:48.9375602Z 2026-02-18 10:18:48,937 - azure.core.pipeline.policies.http_logging_policy - INFO - Request URL: 'https://westus2-2.in.applicationinsights.azure.com//v2.1/track'
2026-02-18T10:18:48.9375918Z Request method: 'POST'
2026-02-18T10:18:48.9375944Z Request headers:
2026-02-18T10:18:48.9375965Z     'Content-Type': 'application/json'
2026-02-18T10:18:48.9375989Z     'Content-Length': '3720'
2026-02-18T10:18:48.9376073Z     'Accept': 'application/json'
2026-02-18T10:18:48.9376094Z     'x-ms-client-request-id': '3729f650-0cb3-11f1-a748-0adf85178b07'
2026-02-18T10:18:48.9376115Z     'User-Agent': 'azsdk-python-azuremonitorclient/unknown Python/3.11.14 (Linux-6.6.119.3-1.azl3-x86_64-with-glibc2.31)'
2026-02-18T10:18:48.9376133Z A body is sent with the request
2026-02-18T10:18:49.0557456Z 2026-02-18 10:18:49,055 - azure.core.pipeline.policies.http_logging_policy - INFO - Response status: 200
2026-02-18T10:18:49.0557818Z Response headers:
2026-02-18T10:18:49.0557843Z     'Transfer-Encoding': 'chunked'
2026-02-18T10:18:49.0557869Z     'Content-Type': 'application/json; charset=utf-8'
2026-02-18T10:18:49.0557887Z     'Server': 'Microsoft-HTTPAPI/2.0'
2026-02-18T10:18:49.0557904Z     'Strict-Transport-Security': 'REDACTED'
2026-02-18T10:18:49.0557920Z     'X-Content-Type-Options': 'REDACTED'
2026-02-18T10:18:49.0557999Z     'Date': 'Wed, 18 Feb 2026 10:18:48 GMT'
2026-02-18T10:18:49.0564498Z 2026-02-18 10:18:49,056 - azure.monitor.opentelemetry.exporter.export._base - INFO - Transmission succeeded: Item received: 3. Items accepted: 3
2026-02-18T10:18:53.3411934Z 2026-02-18 10:18:53,340 - azure.core.pipeline.policies.http_logging_policy - INFO - Request URL: 'https://westus2-2.in.applicationinsights.azure.com//v2.1/track'
2026-02-18T10:18:53.3412649Z Request method: 'POST'
2026-02-18T10:18:53.3412678Z Request headers:
2026-02-18T10:18:53.3412699Z     'Content-Type': 'application/json'
2026-02-18T10:18:53.3412717Z     'Content-Length': '3720'
2026-02-18T10:18:53.3412732Z     'Accept': 'application/json'
2026-02-18T10:18:53.3412749Z     'x-ms-client-request-id': '39c9e636-0cb3-11f1-b7fb-0adf85178b07'
2026-02-18T10:18:53.3412864Z     'User-Agent': 'azsdk-python-azuremonitorclient/unknown Python/3.11.14 (Linux-6.6.119.3-1.azl3-x86_64-with-glibc2.31)'
2026-02-18T10:18:53.3412883Z A body is sent with the request
2026-02-18T10:18:53.4654477Z 2026-02-18 10:18:53,465 - azure.core.pipeline.policies.http_logging_policy - INFO - Response status: 200
2026-02-18T10:18:53.4655042Z Response headers:
2026-02-18T10:18:53.4655066Z     'Transfer-Encoding': 'chunked'
2026-02-18T10:18:53.4655084Z     'Content-Type': 'application/json; charset=utf-8'
2026-02-18T10:18:53.4655102Z     'Server': 'Microsoft-HTTPAPI/2.0'
2026-02-18T10:18:53.4655120Z     'Strict-Transport-Security': 'REDACTED'
2026-02-18T10:18:53.4655138Z     'X-Content-Type-Options': 'REDACTED'
2026-02-18T10:18:53.4655158Z     'Date': 'Wed, 18 Feb 2026 10:18:53 GMT'
2026-02-18T10:18:53.4658895Z 2026-02-18 10:18:53,465 - azure.monitor.opentelemetry.exporter.export._base - INFO - Transmission succeeded: Item received: 3. Items accepted: 3
2026-02-18T10:18:54.0582885Z 2026-02-18 10:18:54,058 - azure.core.pipeline.policies.http_logging_policy - INFO - Request URL: 'https://westus2-2.in.applicationinsights.azure.com//v2.1/track'
2026-02-18T10:18:54.0583517Z Request method: 'POST'
2026-02-18T10:18:54.0583542Z Request headers:
2026-02-18T10:18:54.0583558Z     'Content-Type': 'application/json'
2026-02-18T10:18:54.0583576Z     'Content-Length': '3720'
2026-02-18T10:18:54.0584933Z     'Accept': 'application/json'
2026-02-18T10:18:54.0584965Z     'x-ms-client-request-id': '3a37516c-0cb3-11f1-a748-0adf85178b07'
2026-02-18T10:18:54.0584990Z     'User-Agent': 'azsdk-python-azuremonitorclient/unknown Python/3.11.14 (Linux-6.6.119.3-1.azl3-x86_64-with-glibc2.31)'
2026-02-18T10:18:54.0585008Z A body is sent with the request
2026-02-18T10:18:54.1495439Z 2026-02-18 10:18:54,149 - azure.core.pipeline.policies.http_logging_policy - INFO - Response status: 200
2026-02-18T10:18:54.1498778Z Response headers:
2026-02-18T10:18:54.1498826Z     'Transfer-Encoding': 'chunked'
2026-02-18T10:18:54.1498850Z     'Content-Type': 'application/json; charset=utf-8'
2026-02-18T10:18:54.1498869Z     'Server': 'Microsoft-HTTPAPI/2.0'
2026-02-18T10:18:54.1498889Z     'Strict-Transport-Security': 'REDACTED'
2026-02-18T10:18:54.1498905Z     'X-Content-Type-Options': 'REDACTED'
2026-02-18T10:18:54.1498921Z     'Date': 'Wed, 18 Feb 2026 10:18:53 GMT'
2026-02-18T10:18:54.1500363Z 2026-02-18 10:18:54,149 - azure.monitor.opentelemetry.exporter.export._base - INFO - Transmission succeeded: Item received: 3. Items accepted: 3
2026-02-18T10:18:58.4677666Z 2026-02-18 10:18:58,467 - azure.core.pipeline.policies.http_logging_policy - INFO - Request URL: 'https://westus2-2.in.applicationinsights.azure.com//v2.1/track'
2026-02-18T10:18:58.4678068Z Request method: 'POST'
2026-02-18T10:18:58.4678092Z Request headers:
2026-02-18T10:18:58.4678109Z     'Content-Type': 'application/json'
2026-02-18T10:18:58.4678126Z     'Content-Length': '3719'
2026-02-18T10:18:58.4678142Z     'Accept': 'application/json'
2026-02-18T10:18:58.4678162Z     'x-ms-client-request-id': '3cd8287e-0cb3-11f1-b7fb-0adf85178b07'
2026-02-18T10:18:58.4678182Z     'User-Agent': 'azsdk-python-azuremonitorclient/unknown Python/3.11.14 (Linux-6.6.119.3-1.azl3-x86_64-with-glibc2.31)'
2026-02-18T10:18:58.4678199Z A body is sent with the request
2026-02-18T10:18:58.6518984Z 2026-02-18 10:18:58,651 - azure.core.pipeline.policies.http_logging_policy - INFO - Response status: 200
2026-02-18T10:18:58.6519379Z Response headers:
2026-02-18T10:18:58.6519409Z     'Transfer-Encoding': 'chunked'
2026-02-18T10:18:58.6519512Z     'Content-Type': 'application/json; charset=utf-8'
2026-02-18T10:18:58.6519533Z     'Server': 'Microsoft-HTTPAPI/2.0'
2026-02-18T10:18:58.6519554Z     'Strict-Transport-Security': 'REDACTED'
2026-02-18T10:18:58.6519574Z     'X-Content-Type-Options': 'REDACTED'
2026-02-18T10:18:58.6519593Z     'Date': 'Wed, 18 Feb 2026 10:18:58 GMT'
2026-02-18T10:18:58.6526445Z 2026-02-18 10:18:58,652 - azure.monitor.opentelemetry.exporter.export._base - INFO - Transmission succeeded: Item received: 3. Items accepted: 3
2026-02-18T10:18:59.1530656Z 2026-02-18 10:18:59,152 - azure.core.pipeline.policies.http_logging_policy - INFO - Request URL: 'https://westus2-2.in.applicationinsights.azure.com//v2.1/track'
2026-02-18T10:18:59.1531030Z Request method: 'POST'
2026-02-18T10:18:59.1531053Z Request headers:
2026-02-18T10:18:59.1531070Z     'Content-Type': 'application/json'
2026-02-18T10:18:59.1531153Z     'Content-Length': '3719'
2026-02-18T10:18:59.1531171Z     'Accept': 'application/json'
2026-02-18T10:18:59.1531191Z     'x-ms-client-request-id': '3d40ba24-0cb3-11f1-a748-0adf85178b07'
2026-02-18T10:18:59.1531213Z     'User-Agent': 'azsdk-python-azuremonitorclient/unknown Python/3.11.14 (Linux-6.6.119.3-1.azl3-x86_64-with-glibc2.31)'
2026-02-18T10:18:59.1531232Z A body is sent with the request
2026-02-18T10:18:59.2462379Z 2026-02-18 10:18:59,246 - azure.core.pipeline.policies.http_logging_policy - INFO - Response status: 200
2026-02-18T10:18:59.2462734Z Response headers:
2026-02-18T10:18:59.2462768Z     'Transfer-Encoding': 'chunked'
2026-02-18T10:18:59.2462796Z     'Content-Type': 'application/json; charset=utf-8'
2026-02-18T10:18:59.2462816Z     'Server': 'Microsoft-HTTPAPI/2.0'
2026-02-18T10:18:59.2462895Z     'Strict-Transport-Security': 'REDACTED'
2026-02-18T10:18:59.2462919Z     'X-Content-Type-Options': 'REDACTED'
2026-02-18T10:18:59.2462940Z     'Date': 'Wed, 18 Feb 2026 10:18:58 GMT'
2026-02-18T10:18:59.2470429Z 2026-02-18 10:18:59,246 - azure.monitor.opentelemetry.exporter.export._base - INFO - Transmission succeeded: Item received: 3. Items accepted: 3
2026-02-18T10:19:03.6540750Z 2026-02-18 10:19:03,653 - azure.core.pipeline.policies.http_logging_policy - INFO - Request URL: 'https://westus2-2.in.applicationinsights.azure.com//v2.1/track'
2026-02-18T10:19:03.6541090Z Request method: 'POST'
2026-02-18T10:19:03.6541114Z Request headers:
2026-02-18T10:19:03.6541136Z     'Content-Type': 'application/json'
2026-02-18T10:19:03.6541155Z     'Content-Length': '3720'
2026-02-18T10:19:03.6541170Z     'Accept': 'application/json'
2026-02-18T10:19:03.6541258Z     'x-ms-client-request-id': '3fef8340-0cb3-11f1-b7fb-0adf85178b07'
2026-02-18T10:19:03.6541281Z     'User-Agent': 'azsdk-python-azuremonitorclient/unknown Python/3.11.14 (Linux-6.6.119.3-1.azl3-x86_64-with-glibc2.31)'
2026-02-18T10:19:03.6541300Z A body is sent with the request
2026-02-18T10:19:03.9539698Z 2026-02-18 10:19:03,953 - azure.core.pipeline.policies.http_logging_policy - INFO - Response status: 200
2026-02-18T10:19:03.9540054Z Response headers:
2026-02-18T10:19:03.9540081Z     'Transfer-Encoding': 'chunked'
2026-02-18T10:19:03.9540098Z     'Content-Type': 'application/json; charset=utf-8'
2026-02-18T10:19:03.9540117Z     'Server': 'Microsoft-HTTPAPI/2.0'
2026-02-18T10:19:03.9540134Z     'Strict-Transport-Security': 'REDACTED'
2026-02-18T10:19:03.9540155Z     'X-Content-Type-Options': 'REDACTED'
2026-02-18T10:19:03.9540172Z     'Date': 'Wed, 18 Feb 2026 10:19:03 GMT'
2026-02-18T10:19:03.9545905Z 2026-02-18 10:19:03,954 - azure.monitor.opentelemetry.exporter.export._base - INFO - Transmission succeeded: Item received: 3. Items accepted: 3
2026-02-18T10:19:04.2485820Z 2026-02-18 10:19:04,248 - azure.core.pipeline.policies.http_logging_policy - INFO - Request URL: 'https://westus2-2.in.applicationinsights.azure.com//v2.1/track'
2026-02-18T10:19:04.2486155Z Request method: 'POST'
2026-02-18T10:19:04.2486181Z Request headers:
2026-02-18T10:19:04.2486204Z     'Content-Type': 'application/json'
2026-02-18T10:19:04.2486223Z     'Content-Length': '3720'
2026-02-18T10:19:04.2486243Z     'Accept': 'application/json'
2026-02-18T10:19:04.2486268Z     'x-ms-client-request-id': '404a3c36-0cb3-11f1-a748-0adf85178b07'
2026-02-18T10:19:04.2486295Z     'User-Agent': 'azsdk-python-azuremonitorclient/unknown Python/3.11.14 (Linux-6.6.119.3-1.azl3-x86_64-with-glibc2.31)'
2026-02-18T10:19:04.2486378Z A body is sent with the request
2026-02-18T10:19:04.3738612Z 2026-02-18 10:19:04,373 - azure.core.pipeline.policies.http_logging_policy - INFO - Response status: 200
2026-02-18T10:19:04.3739013Z Response headers:
2026-02-18T10:19:04.3739045Z     'Transfer-Encoding': 'chunked'
2026-02-18T10:19:04.3739069Z     'Content-Type': 'application/json; charset=utf-8'
2026-02-18T10:19:04.3739095Z     'Server': 'Microsoft-HTTPAPI/2.0'
2026-02-18T10:19:04.3739117Z     'Strict-Transport-Security': 'REDACTED'
2026-02-18T10:19:04.3739138Z     'X-Content-Type-Options': 'REDACTED'
2026-02-18T10:19:04.3739160Z     'Date': 'Wed, 18 Feb 2026 10:19:03 GMT'
2026-02-18T10:19:04.3746305Z 2026-02-18 10:19:04,374 - azure.monitor.opentelemetry.exporter.export._base - INFO - Transmission succeeded: Item received: 3. Items accepted: 3
2026-02-18T10:19:08.9562085Z 2026-02-18 10:19:08,955 - azure.core.pipeline.policies.http_logging_policy - INFO - Request URL: 'https://westus2-2.in.applicationinsights.azure.com//v2.1/track'
2026-02-18T10:19:08.9562658Z Request method: 'POST'
2026-02-18T10:19:08.9562693Z Request headers:
2026-02-18T10:19:08.9562719Z     'Content-Type': 'application/json'
2026-02-18T10:19:08.9562740Z     'Content-Length': '3720'
2026-02-18T10:19:08.9562759Z     'Accept': 'application/json'
2026-02-18T10:19:08.9562778Z     'x-ms-client-request-id': '43188d46-0cb3-11f1-b7fb-0adf85178b07'
2026-02-18T10:19:08.9562803Z     'User-Agent': 'azsdk-python-azuremonitorclient/unknown Python/3.11.14 (Linux-6.6.119.3-1.azl3-x86_64-with-glibc2.31)'
2026-02-18T10:19:08.9562829Z A body is sent with the request
2026-02-18T10:19:09.0000093Z 2026-02-18 10:19:08,999 - azure.core.pipeline.policies.http_logging_policy - INFO - Response status: 200
2026-02-18T10:19:09.0000615Z Response headers:
2026-02-18T10:19:09.0000638Z     'Transfer-Encoding': 'chunked'
2026-02-18T10:19:09.0000656Z     'Content-Type': 'application/json; charset=utf-8'
2026-02-18T10:19:09.0000673Z     'Server': 'Microsoft-HTTPAPI/2.0'
2026-02-18T10:19:09.0000692Z     'Strict-Transport-Security': 'REDACTED'
2026-02-18T10:19:09.0000709Z     'X-Content-Type-Options': 'REDACTED'
2026-02-18T10:19:09.0000724Z     'Date': 'Wed, 18 Feb 2026 10:19:08 GMT'
2026-02-18T10:19:09.0006938Z 2026-02-18 10:19:09,000 - azure.monitor.opentelemetry.exporter.export._base - INFO - Transmission succeeded: Item received: 3. Items accepted: 3
2026-02-18T10:19:09.3761637Z 2026-02-18 10:19:09,375 - azure.core.pipeline.policies.http_logging_policy - INFO - Request URL: 'https://westus2-2.in.applicationinsights.azure.com//v2.1/track'
2026-02-18T10:19:09.3762169Z Request method: 'POST'
2026-02-18T10:19:09.3762263Z Request headers:
2026-02-18T10:19:09.3762282Z     'Content-Type': 'application/json'
2026-02-18T10:19:09.3762299Z     'Content-Length': '3720'
2026-02-18T10:19:09.3762312Z     'Accept': 'application/json'
2026-02-18T10:19:09.3762329Z     'x-ms-client-request-id': '4358a57a-0cb3-11f1-a748-0adf85178b07'
2026-02-18T10:19:09.3762348Z     'User-Agent': 'azsdk-python-azuremonitorclient/unknown Python/3.11.14 (Linux-6.6.119.3-1.azl3-x86_64-with-glibc2.31)'
2026-02-18T10:19:09.3762366Z A body is sent with the request
2026-02-18T10:19:09.5107104Z 2026-02-18 10:19:09,510 - azure.core.pipeline.policies.http_logging_policy - INFO - Response status: 200
2026-02-18T10:19:09.5107469Z Response headers:
2026-02-18T10:19:09.5107493Z     'Transfer-Encoding': 'chunked'
2026-02-18T10:19:09.5107512Z     'Content-Type': 'application/json; charset=utf-8'
2026-02-18T10:19:09.5107598Z     'Server': 'Microsoft-HTTPAPI/2.0'
2026-02-18T10:19:09.5107617Z     'Strict-Transport-Security': 'REDACTED'
2026-02-18T10:19:09.5107632Z     'X-Content-Type-Options': 'REDACTED'
2026-02-18T10:19:09.5107649Z     'Date': 'Wed, 18 Feb 2026 10:19:09 GMT'
2026-02-18T10:19:09.5110790Z 2026-02-18 10:19:09,510 - azure.monitor.opentelemetry.exporter.export._base - INFO - Transmission succeeded: Item received: 3. Items accepted: 3
2026-02-18T10:19:14.0023470Z 2026-02-18 10:19:14,002 - azure.core.pipeline.policies.http_logging_policy - INFO - Request URL: 'https://westus2-2.in.applicationinsights.azure.com//v2.1/track'
2026-02-18T10:19:14.0023993Z Request method: 'POST'
2026-02-18T10:19:14.0024028Z Request headers:
2026-02-18T10:19:14.0024050Z     'Content-Type': 'application/json'
2026-02-18T10:19:14.0024069Z     'Content-Length': '3720'
2026-02-18T10:19:14.0024155Z     'Accept': 'application/json'
2026-02-18T10:19:14.0024174Z     'x-ms-client-request-id': '461a8b7a-0cb3-11f1-b7fb-0adf85178b07'
2026-02-18T10:19:14.0024194Z     'User-Agent': 'azsdk-python-azuremonitorclient/unknown Python/3.11.14 (Linux-6.6.119.3-1.azl3-x86_64-with-glibc2.31)'
2026-02-18T10:19:14.0024210Z A body is sent with the request
2026-02-18T10:19:14.1105341Z 2026-02-18 10:19:14,110 - azure.core.pipeline.policies.http_logging_policy - INFO - Response status: 200
2026-02-18T10:19:14.1105699Z Response headers:
2026-02-18T10:19:14.1105734Z     'Transfer-Encoding': 'chunked'
2026-02-18T10:19:14.1105761Z     'Content-Type': 'application/json; charset=utf-8'
2026-02-18T10:19:14.1105787Z     'Server': 'Microsoft-HTTPAPI/2.0'
2026-02-18T10:19:14.1105810Z     'Strict-Transport-Security': 'REDACTED'
2026-02-18T10:19:14.1105896Z     'X-Content-Type-Options': 'REDACTED'
2026-02-18T10:19:14.1105921Z     'Date': 'Wed, 18 Feb 2026 10:19:13 GMT'
2026-02-18T10:19:14.1113600Z 2026-02-18 10:19:14,110 - azure.monitor.opentelemetry.exporter.export._base - INFO - Transmission succeeded: Item received: 3. Items accepted: 3
2026-02-18T10:19:14.5126622Z 2026-02-18 10:19:14,512 - azure.core.pipeline.policies.http_logging_policy - INFO - Request URL: 'https://westus2-2.in.applicationinsights.azure.com//v2.1/track'
2026-02-18T10:19:14.5126956Z Request method: 'POST'
2026-02-18T10:19:14.5126978Z Request headers:
2026-02-18T10:19:14.5126998Z     'Content-Type': 'application/json'
2026-02-18T10:19:14.5127017Z     'Content-Length': '3720'
2026-02-18T10:19:14.5127036Z     'Accept': 'application/json'
2026-02-18T10:19:14.5127056Z     'x-ms-client-request-id': '46686a5c-0cb3-11f1-a748-0adf85178b07'
2026-02-18T10:19:14.5127146Z     'User-Agent': 'azsdk-python-azuremonitorclient/unknown Python/3.11.14 (Linux-6.6.119.3-1.azl3-x86_64-with-glibc2.31)'
2026-02-18T10:19:14.5127164Z A body is sent with the request
2026-02-18T10:19:14.5849686Z 2026-02-18 10:19:14,584 - azure.core.pipeline.policies.http_logging_policy - INFO - Response status: 200
2026-02-18T10:19:14.5850020Z Response headers:
2026-02-18T10:19:14.5850046Z     'Transfer-Encoding': 'chunked'
2026-02-18T10:19:14.5850067Z     'Content-Type': 'application/json; charset=utf-8'
2026-02-18T10:19:14.5850083Z     'Server': 'Microsoft-HTTPAPI/2.0'
2026-02-18T10:19:14.5850100Z     'Strict-Transport-Security': 'REDACTED'
2026-02-18T10:19:14.5850117Z     'X-Content-Type-Options': 'REDACTED'
2026-02-18T10:19:14.5850134Z     'Date': 'Wed, 18 Feb 2026 10:19:14 GMT'
2026-02-18T10:19:14.5854921Z 2026-02-18 10:19:14,585 - azure.monitor.opentelemetry.exporter.export._base - INFO - Transmission succeeded: Item received: 3. Items accepted: 3
2026-02-18T10:19:19.1126882Z 2026-02-18 10:19:19,112 - azure.core.pipeline.policies.http_logging_policy - INFO - Request URL: 'https://westus2-2.in.applicationinsights.azure.com//v2.1/track'
2026-02-18T10:19:19.1127138Z Request method: 'POST'
2026-02-18T10:19:19.1127156Z Request headers:
2026-02-18T10:19:19.1127172Z     'Content-Type': 'application/json'
2026-02-18T10:19:19.1127188Z     'Content-Length': '3720'
2026-02-18T10:19:19.1127205Z     'Accept': 'application/json'
2026-02-18T10:19:19.1127224Z     'x-ms-client-request-id': '49265060-0cb3-11f1-b7fb-0adf85178b07'
2026-02-18T10:19:19.1127245Z     'User-Agent': 'azsdk-python-azuremonitorclient/unknown Python/3.11.14 (Linux-6.6.119.3-1.azl3-x86_64-with-glibc2.31)'
2026-02-18T10:19:19.1127264Z A body is sent with the request
2026-02-18T10:19:19.1569557Z 2026-02-18 10:19:19,156 - azure.core.pipeline.policies.http_logging_policy - INFO - Response status: 200
2026-02-18T10:19:19.1569920Z Response headers:
2026-02-18T10:19:19.1570002Z     'Transfer-Encoding': 'chunked'
2026-02-18T10:19:19.1570021Z     'Content-Type': 'application/json; charset=utf-8'
2026-02-18T10:19:19.1570038Z     'Server': 'Microsoft-HTTPAPI/2.0'
2026-02-18T10:19:19.1570054Z     'Strict-Transport-Security': 'REDACTED'
2026-02-18T10:19:19.1570069Z     'X-Content-Type-Options': 'REDACTED'
2026-02-18T10:19:19.1570088Z     'Date': 'Wed, 18 Feb 2026 10:19:18 GMT'
2026-02-18T10:19:19.1575100Z 2026-02-18 10:19:19,157 - azure.monitor.opentelemetry.exporter.export._base - INFO - Transmission succeeded: Item received: 3. Items accepted: 3
2026-02-18T10:19:19.5876210Z 2026-02-18 10:19:19,587 - azure.core.pipeline.policies.http_logging_policy - INFO - Request URL: 'https://westus2-2.in.applicationinsights.azure.com//v2.1/track'
2026-02-18T10:19:19.5876519Z Request method: 'POST'
2026-02-18T10:19:19.5876550Z Request headers:
2026-02-18T10:19:19.5876637Z     'Content-Type': 'application/json'
2026-02-18T10:19:19.5876663Z     'Content-Length': '3720'
2026-02-18T10:19:19.5876687Z     'Accept': 'application/json'
2026-02-18T10:19:19.5876710Z     'x-ms-client-request-id': '496ec9ee-0cb3-11f1-a748-0adf85178b07'
2026-02-18T10:19:19.5876738Z     'User-Agent': 'azsdk-python-azuremonitorclient/unknown Python/3.11.14 (Linux-6.6.119.3-1.azl3-x86_64-with-glibc2.31)'
2026-02-18T10:19:19.5876760Z A body is sent with the request
2026-02-18T10:19:19.7428127Z 2026-02-18 10:19:19,742 - azure.core.pipeline.policies.http_logging_policy - INFO - Response status: 200
2026-02-18T10:19:19.7428496Z Response headers:
2026-02-18T10:19:19.7428524Z     'Transfer-Encoding': 'chunked'
2026-02-18T10:19:19.7428543Z     'Content-Type': 'application/json; charset=utf-8'
2026-02-18T10:19:19.7428620Z     'Server': 'Microsoft-HTTPAPI/2.0'
2026-02-18T10:19:19.7428641Z     'Strict-Transport-Security': 'REDACTED'
2026-02-18T10:19:19.7428660Z     'X-Content-Type-Options': 'REDACTED'
2026-02-18T10:19:19.7428676Z     'Date': 'Wed, 18 Feb 2026 10:19:19 GMT'
2026-02-18T10:19:19.7434428Z 2026-02-18 10:19:19,743 - azure.monitor.opentelemetry.exporter.export._base - INFO - Transmission succeeded: Item received: 3. Items accepted: 3
2026-02-18T10:19:24.1595588Z 2026-02-18 10:19:24,159 - azure.core.pipeline.policies.http_logging_policy - INFO - Request URL: 'https://westus2-2.in.applicationinsights.azure.com//v2.1/track'
2026-02-18T10:19:24.1595886Z Request method: 'POST'
2026-02-18T10:19:24.1595910Z Request headers:
2026-02-18T10:19:24.1595930Z     'Content-Type': 'application/json'
2026-02-18T10:19:24.1595947Z     'Content-Length': '3720'
2026-02-18T10:19:24.1596024Z     'Accept': 'application/json'
2026-02-18T10:19:24.1596045Z     'x-ms-client-request-id': '4c286ae6-0cb3-11f1-b7fb-0adf85178b07'
2026-02-18T10:19:24.1596066Z     'User-Agent': 'azsdk-python-azuremonitorclient/unknown Python/3.11.14 (Linux-6.6.119.3-1.azl3-x86_64-with-glibc2.31)'
2026-02-18T10:19:24.1596082Z A body is sent with the request
2026-02-18T10:19:24.2102642Z 2026-02-18 10:19:24,210 - azure.core.pipeline.policies.http_logging_policy - INFO - Response status: 200
2026-02-18T10:19:24.2102957Z Response headers:
2026-02-18T10:19:24.2102984Z     'Transfer-Encoding': 'chunked'
2026-02-18T10:19:24.2103006Z     'Content-Type': 'application/json; charset=utf-8'
2026-02-18T10:19:24.2103024Z     'Server': 'Microsoft-HTTPAPI/2.0'
2026-02-18T10:19:24.2103041Z     'Strict-Transport-Security': 'REDACTED'
2026-02-18T10:19:24.2103057Z     'X-Content-Type-Options': 'REDACTED'
2026-02-18T10:19:24.2103132Z     'Date': 'Wed, 18 Feb 2026 10:19:23 GMT'
2026-02-18T10:19:24.2106223Z 2026-02-18 10:19:24,210 - azure.monitor.opentelemetry.exporter.export._base - INFO - Transmission succeeded: Item received: 3. Items accepted: 3
2026-02-18T10:19:24.7449140Z 2026-02-18 10:19:24,744 - azure.core.pipeline.policies.http_logging_policy - INFO - Request URL: 'https://westus2-2.in.applicationinsights.azure.com//v2.1/track'
2026-02-18T10:19:24.7449497Z Request method: 'POST'
2026-02-18T10:19:24.7449524Z Request headers:
2026-02-18T10:19:24.7449547Z     'Content-Type': 'application/json'
2026-02-18T10:19:24.7449572Z     'Content-Length': '3720'
2026-02-18T10:19:24.7449595Z     'Accept': 'application/json'
2026-02-18T10:19:24.7449620Z     'x-ms-client-request-id': '4c81b93e-0cb3-11f1-a748-0adf85178b07'
2026-02-18T10:19:24.7449703Z     'User-Agent': 'azsdk-python-azuremonitorclient/unknown Python/3.11.14 (Linux-6.6.119.3-1.azl3-x86_64-with-glibc2.31)'
2026-02-18T10:19:24.7449726Z A body is sent with the request
2026-02-18T10:19:24.8747589Z 2026-02-18 10:19:24,874 - azure.core.pipeline.policies.http_logging_policy - INFO - Response status: 200
2026-02-18T10:19:24.8747905Z Response headers:
2026-02-18T10:19:24.8747929Z     'Transfer-Encoding': 'chunked'
2026-02-18T10:19:24.8747948Z     'Content-Type': 'application/json; charset=utf-8'
2026-02-18T10:19:24.8747964Z     'Server': 'Microsoft-HTTPAPI/2.0'
2026-02-18T10:19:24.8747988Z     'Strict-Transport-Security': 'REDACTED'
2026-02-18T10:19:24.8748006Z     'X-Content-Type-Options': 'REDACTED'
2026-02-18T10:19:24.8748025Z     'Date': 'Wed, 18 Feb 2026 10:19:24 GMT'
2026-02-18T10:19:24.8754052Z 2026-02-18 10:19:24,875 - azure.monitor.opentelemetry.exporter.export._base - INFO - Transmission succeeded: Item received: 3. Items accepted: 3
2026-02-18T10:19:29.2126718Z 2026-02-18 10:19:29,212 - azure.core.pipeline.policies.http_logging_policy - INFO - Request URL: 'https://westus2-2.in.applicationinsights.azure.com//v2.1/track'
2026-02-18T10:19:29.2127259Z Request method: 'POST'
2026-02-18T10:19:29.2127287Z Request headers:
2026-02-18T10:19:29.2127307Z     'Content-Type': 'application/json'
2026-02-18T10:19:29.2127323Z     'Content-Length': '3720'
2026-02-18T10:19:29.2127341Z     'Accept': 'application/json'
2026-02-18T10:19:29.2127365Z     'x-ms-client-request-id': '4f2b75b2-0cb3-11f1-b7fb-0adf85178b07'
2026-02-18T10:19:29.2127387Z     'User-Agent': 'azsdk-python-azuremonitorclient/unknown Python/3.11.14 (Linux-6.6.119.3-1.azl3-x86_64-with-glibc2.31)'
2026-02-18T10:19:29.2127408Z A body is sent with the request
2026-02-18T10:19:29.3267731Z 2026-02-18 10:19:29,326 - azure.core.pipeline.policies.http_logging_policy - INFO - Response status: 200
2026-02-18T10:19:29.3268074Z Response headers:
2026-02-18T10:19:29.3268096Z     'Transfer-Encoding': 'chunked'
2026-02-18T10:19:29.3268113Z     'Content-Type': 'application/json; charset=utf-8'
2026-02-18T10:19:29.3268129Z     'Server': 'Microsoft-HTTPAPI/2.0'
2026-02-18T10:19:29.3268146Z     'Strict-Transport-Security': 'REDACTED'
2026-02-18T10:19:29.3268161Z     'X-Content-Type-Options': 'REDACTED'
2026-02-18T10:19:29.3268178Z     'Date': 'Wed, 18 Feb 2026 10:19:28 GMT'
2026-02-18T10:19:29.3274202Z 2026-02-18 10:19:29,327 - azure.monitor.opentelemetry.exporter.export._base - INFO - Transmission succeeded: Item received: 3. Items accepted: 3
2026-02-18T10:19:29.8770258Z 2026-02-18 10:19:29,876 - azure.core.pipeline.policies.http_logging_policy - INFO - Request URL: 'https://westus2-2.in.applicationinsights.azure.com//v2.1/track'
2026-02-18T10:19:29.8770668Z Request method: 'POST'
2026-02-18T10:19:29.8770692Z Request headers:
2026-02-18T10:19:29.8770709Z     'Content-Type': 'application/json'
2026-02-18T10:19:29.8770725Z     'Content-Length': '3720'
2026-02-18T10:19:29.8770742Z     'Accept': 'application/json'
2026-02-18T10:19:29.8770762Z     'x-ms-client-request-id': '4f90d43e-0cb3-11f1-a748-0adf85178b07'
2026-02-18T10:19:29.8770784Z     'User-Agent': 'azsdk-python-azuremonitorclient/unknown Python/3.11.14 (Linux-6.6.119.3-1.azl3-x86_64-with-glibc2.31)'
2026-02-18T10:19:29.8770801Z A body is sent with the request
2026-02-18T10:19:29.9472923Z 2026-02-18 10:19:29,947 - azure.core.pipeline.policies.http_logging_policy - INFO - Response status: 200
2026-02-18T10:19:29.9473299Z Response headers:
2026-02-18T10:19:29.9473329Z     'Transfer-Encoding': 'chunked'
2026-02-18T10:19:29.9473408Z     'Content-Type': 'application/json; charset=utf-8'
2026-02-18T10:19:29.9473428Z     'Server': 'Microsoft-HTTPAPI/2.0'
2026-02-18T10:19:29.9473447Z     'Strict-Transport-Security': 'REDACTED'
2026-02-18T10:19:29.9473466Z     'X-Content-Type-Options': 'REDACTED'
2026-02-18T10:19:29.9473484Z     'Date': 'Wed, 18 Feb 2026 10:19:29 GMT'
2026-02-18T10:19:29.9481023Z 2026-02-18 10:19:29,947 - azure.monitor.opentelemetry.exporter.export._base - INFO - Transmission succeeded: Item received: 3. Items accepted: 3
2026-02-18T10:19:34.3293570Z 2026-02-18 10:19:34,329 - azure.core.pipeline.policies.http_logging_policy - INFO - Request URL: 'https://westus2-2.in.applicationinsights.azure.com//v2.1/track'
2026-02-18T10:19:34.3293902Z Request method: 'POST'
2026-02-18T10:19:34.3293930Z Request headers:
2026-02-18T10:19:34.3293955Z     'Content-Type': 'application/json'
2026-02-18T10:19:34.3294041Z     'Content-Length': '3720'
2026-02-18T10:19:34.3294058Z     'Accept': 'application/json'
2026-02-18T10:19:34.3294078Z     'x-ms-client-request-id': '5238325e-0cb3-11f1-b7fb-0adf85178b07'
2026-02-18T10:19:34.3294102Z     'User-Agent': 'azsdk-python-azuremonitorclient/unknown Python/3.11.14 (Linux-6.6.119.3-1.azl3-x86_64-with-glibc2.31)'
2026-02-18T10:19:34.3294118Z A body is sent with the request
2026-02-18T10:19:34.4139736Z 2026-02-18 10:19:34,413 - azure.core.pipeline.policies.http_logging_policy - INFO - Response status: 200
2026-02-18T10:19:34.4140021Z Response headers:
2026-02-18T10:19:34.4140048Z     'Transfer-Encoding': 'chunked'
2026-02-18T10:19:34.4140068Z     'Content-Type': 'application/json; charset=utf-8'
2026-02-18T10:19:34.4140086Z     'Server': 'Microsoft-HTTPAPI/2.0'
2026-02-18T10:19:34.4140158Z     'Strict-Transport-Security': 'REDACTED'
2026-02-18T10:19:34.4140176Z     'X-Content-Type-Options': 'REDACTED'
2026-02-18T10:19:34.4140193Z     'Date': 'Wed, 18 Feb 2026 10:19:33 GMT'
2026-02-18T10:19:34.4144950Z 2026-02-18 10:19:34,414 - azure.monitor.opentelemetry.exporter.export._base - INFO - Transmission succeeded: Item received: 3. Items accepted: 3
2026-02-18T10:19:34.9504589Z 2026-02-18 10:19:34,950 - azure.core.pipeline.policies.http_logging_policy - INFO - Request URL: 'https://westus2-2.in.applicationinsights.azure.com//v2.1/track'
2026-02-18T10:19:34.9505128Z Request method: 'POST'
2026-02-18T10:19:34.9505157Z Request headers:
2026-02-18T10:19:34.9505181Z     'Content-Type': 'application/json'
2026-02-18T10:19:34.9505202Z     'Content-Length': '3719'
2026-02-18T10:19:34.9505221Z     'Accept': 'application/json'
2026-02-18T10:19:34.9505296Z     'x-ms-client-request-id': '5296f906-0cb3-11f1-a748-0adf85178b07'
2026-02-18T10:19:34.9505317Z     'User-Agent': 'azsdk-python-azuremonitorclient/unknown Python/3.11.14 (Linux-6.6.119.3-1.azl3-x86_64-with-glibc2.31)'
2026-02-18T10:19:34.9505334Z A body is sent with the request
2026-02-18T10:19:35.0765058Z 2026-02-18 10:19:35,076 - azure.core.pipeline.policies.http_logging_policy - INFO - Response status: 200
2026-02-18T10:19:35.0765852Z Response headers:
2026-02-18T10:19:35.0766688Z     'Transfer-Encoding': 'chunked'
2026-02-18T10:19:35.0766725Z     'Content-Type': 'application/json; charset=utf-8'
2026-02-18T10:19:35.0766750Z     'Server': 'Microsoft-HTTPAPI/2.0'
2026-02-18T10:19:35.0766769Z     'Strict-Transport-Security': 'REDACTED'
2026-02-18T10:19:35.0766785Z     'X-Content-Type-Options': 'REDACTED'
2026-02-18T10:19:35.0766803Z     'Date': 'Wed, 18 Feb 2026 10:19:34 GMT'
2026-02-18T10:19:35.0775390Z 2026-02-18 10:19:35,076 - azure.monitor.opentelemetry.exporter.export._base - INFO - Transmission succeeded: Item received: 3. Items accepted: 3
2026-02-18T10:19:39.4163173Z 2026-02-18 10:19:39,416 - azure.core.pipeline.policies.http_logging_policy - INFO - Request URL: 'https://westus2-2.in.applicationinsights.azure.com//v2.1/track'
2026-02-18T10:19:39.4163687Z Request method: 'POST'
2026-02-18T10:19:39.4163718Z Request headers:
2026-02-18T10:19:39.4163744Z     'Content-Type': 'application/json'
2026-02-18T10:19:39.4163770Z     'Content-Length': '3720'
2026-02-18T10:19:39.4163794Z     'Accept': 'application/json'
2026-02-18T10:19:39.4163816Z     'x-ms-client-request-id': '5540682c-0cb3-11f1-b7fb-0adf85178b07'
2026-02-18T10:19:39.4163840Z     'User-Agent': 'azsdk-python-azuremonitorclient/unknown Python/3.11.14 (Linux-6.6.119.3-1.azl3-x86_64-with-glibc2.31)'
2026-02-18T10:19:39.4163918Z A body is sent with the request
2026-02-18T10:19:39.5499423Z 2026-02-18 10:19:39,549 - azure.core.pipeline.policies.http_logging_policy - INFO - Response status: 200
2026-02-18T10:19:39.5499778Z Response headers:
2026-02-18T10:19:39.5499807Z     'Transfer-Encoding': 'chunked'
2026-02-18T10:19:39.5499834Z     'Content-Type': 'application/json; charset=utf-8'
2026-02-18T10:19:39.5499853Z     'Server': 'Microsoft-HTTPAPI/2.0'
2026-02-18T10:19:39.5499871Z     'Strict-Transport-Security': 'REDACTED'
2026-02-18T10:19:39.5499889Z     'X-Content-Type-Options': 'REDACTED'
2026-02-18T10:19:39.5499907Z     'Date': 'Wed, 18 Feb 2026 10:19:38 GMT'
2026-02-18T10:19:39.5507030Z 2026-02-18 10:19:39,550 - azure.monitor.opentelemetry.exporter.export._base - INFO - Transmission succeeded: Item received: 3. Items accepted: 3
2026-02-18T10:19:40.0788029Z 2026-02-18 10:19:40,078 - azure.core.pipeline.policies.http_logging_policy - INFO - Request URL: 'https://westus2-2.in.applicationinsights.azure.com//v2.1/track'
2026-02-18T10:19:40.0788308Z Request method: 'POST'
2026-02-18T10:19:40.0788332Z Request headers:
2026-02-18T10:19:40.0788358Z     'Content-Type': 'application/json'
2026-02-18T10:19:40.0788375Z     'Content-Length': '3720'
2026-02-18T10:19:40.0788391Z     'Accept': 'application/json'
2026-02-18T10:19:40.0788411Z     'x-ms-client-request-id': '55a57ff0-0cb3-11f1-a748-0adf85178b07'
2026-02-18T10:19:40.0788436Z     'User-Agent': 'azsdk-python-azuremonitorclient/unknown Python/3.11.14 (Linux-6.6.119.3-1.azl3-x86_64-with-glibc2.31)'
2026-02-18T10:19:40.0788458Z A body is sent with the request
2026-02-18T10:19:40.1419484Z 2026-02-18 10:19:40,141 - azure.core.pipeline.policies.http_logging_policy - INFO - Response status: 200
2026-02-18T10:19:40.1419901Z Response headers:
2026-02-18T10:19:40.1419928Z     'Transfer-Encoding': 'chunked'
2026-02-18T10:19:40.1419947Z     'Content-Type': 'application/json; charset=utf-8'
2026-02-18T10:19:40.1419963Z     'Server': 'Microsoft-HTTPAPI/2.0'
2026-02-18T10:19:40.1419982Z     'Strict-Transport-Security': 'REDACTED'
2026-02-18T10:19:40.1419998Z     'X-Content-Type-Options': 'REDACTED'
2026-02-18T10:19:40.1420015Z     'Date': 'Wed, 18 Feb 2026 10:19:39 GMT'
2026-02-18T10:19:40.1424692Z 2026-02-18 10:19:40,142 - azure.monitor.opentelemetry.exporter.export._base - INFO - Transmission succeeded: Item received: 3. Items accepted: 3
2026-02-18T10:19:44.5520133Z 2026-02-18 10:19:44,551 - azure.core.pipeline.policies.http_logging_policy - INFO - Request URL: 'https://westus2-2.in.applicationinsights.azure.com//v2.1/track'
2026-02-18T10:19:44.5520488Z Request method: 'POST'
2026-02-18T10:19:44.5520571Z Request headers:
2026-02-18T10:19:44.5520590Z     'Content-Type': 'application/json'
2026-02-18T10:19:44.5520608Z     'Content-Length': '3720'
2026-02-18T10:19:44.5520626Z     'Accept': 'application/json'
2026-02-18T10:19:44.5520647Z     'x-ms-client-request-id': '58500e28-0cb3-11f1-b7fb-0adf85178b07'
2026-02-18T10:19:44.5520668Z     'User-Agent': 'azsdk-python-azuremonitorclient/unknown Python/3.11.14 (Linux-6.6.119.3-1.azl3-x86_64-with-glibc2.31)'
2026-02-18T10:19:44.5520687Z A body is sent with the request
2026-02-18T10:19:44.6423302Z 2026-02-18 10:19:44,642 - azure.core.pipeline.policies.http_logging_policy - INFO - Response status: 200
2026-02-18T10:19:44.6423611Z Response headers:
2026-02-18T10:19:44.6423641Z     'Transfer-Encoding': 'chunked'
2026-02-18T10:19:44.6423661Z     'Content-Type': 'application/json; charset=utf-8'
2026-02-18T10:19:44.6423733Z     'Server': 'Microsoft-HTTPAPI/2.0'
2026-02-18T10:19:44.6423753Z     'Strict-Transport-Security': 'REDACTED'
2026-02-18T10:19:44.6423770Z     'X-Content-Type-Options': 'REDACTED'
2026-02-18T10:19:44.6423785Z     'Date': 'Wed, 18 Feb 2026 10:19:43 GMT'
2026-02-18T10:19:44.6430976Z 2026-02-18 10:19:44,642 - azure.monitor.opentelemetry.exporter.export._base - INFO - Transmission succeeded: Item received: 3. Items accepted: 3
2026-02-18T10:19:45.1457708Z 2026-02-18 10:19:45,145 - azure.core.pipeline.policies.http_logging_policy - INFO - Request URL: 'https://westus2-2.in.applicationinsights.azure.com//v2.1/track'
2026-02-18T10:19:45.1458025Z Request method: 'POST'
2026-02-18T10:19:45.1458053Z Request headers:
2026-02-18T10:19:45.1458074Z     'Content-Type': 'application/json'
2026-02-18T10:19:45.1458095Z     'Content-Length': '3719'
2026-02-18T10:19:45.1458174Z     'Accept': 'application/json'
2026-02-18T10:19:45.1458197Z     'x-ms-client-request-id': '58aaa694-0cb3-11f1-a748-0adf85178b07'
2026-02-18T10:19:45.1458222Z     'User-Agent': 'azsdk-python-azuremonitorclient/unknown Python/3.11.14 (Linux-6.6.119.3-1.azl3-x86_64-with-glibc2.31)'
2026-02-18T10:19:45.1458240Z A body is sent with the request
2026-02-18T10:19:45.2453616Z 2026-02-18 10:19:45,245 - azure.core.pipeline.policies.http_logging_policy - INFO - Response status: 200
2026-02-18T10:19:45.2453915Z Response headers:
2026-02-18T10:19:45.2453942Z     'Transfer-Encoding': 'chunked'
2026-02-18T10:19:45.2453964Z     'Content-Type': 'application/json; charset=utf-8'
2026-02-18T10:19:45.2453985Z     'Server': 'Microsoft-HTTPAPI/2.0'
2026-02-18T10:19:45.2454002Z     'Strict-Transport-Security': 'REDACTED'
2026-02-18T10:19:45.2454080Z     'X-Content-Type-Options': 'REDACTED'
2026-02-18T10:19:45.2454102Z     'Date': 'Wed, 18 Feb 2026 10:19:44 GMT'
2026-02-18T10:19:45.2460008Z 2026-02-18 10:19:45,245 - azure.monitor.opentelemetry.exporter.export._base - INFO - Transmission succeeded: Item received: 3. Items accepted: 3
2026-02-18T10:19:49.6444441Z 2026-02-18 10:19:49,644 - azure.core.pipeline.policies.http_logging_policy - INFO - Request URL: 'https://westus2-2.in.applicationinsights.azure.com//v2.1/track'
2026-02-18T10:19:49.6444961Z Request method: 'POST'
2026-02-18T10:19:49.6444984Z Request headers:
2026-02-18T10:19:49.6445002Z     'Content-Type': 'application/json'
2026-02-18T10:19:49.6445019Z     'Content-Length': '3720'
2026-02-18T10:19:49.6445035Z     'Accept': 'application/json'
2026-02-18T10:19:49.6445052Z     'x-ms-client-request-id': '5b591902-0cb3-11f1-b7fb-0adf85178b07'
2026-02-18T10:19:49.6445136Z     'User-Agent': 'azsdk-python-azuremonitorclient/unknown Python/3.11.14 (Linux-6.6.119.3-1.azl3-x86_64-with-glibc2.31)'
2026-02-18T10:19:49.6445157Z A body is sent with the request
2026-02-18T10:19:49.6907539Z 2026-02-18 10:19:49,690 - azure.core.pipeline.policies.http_logging_policy - INFO - Response status: 200
2026-02-18T10:19:49.6908015Z Response headers:
2026-02-18T10:19:49.6908043Z     'Transfer-Encoding': 'chunked'
2026-02-18T10:19:49.6908060Z     'Content-Type': 'application/json; charset=utf-8'
2026-02-18T10:19:49.6908078Z     'Server': 'Microsoft-HTTPAPI/2.0'
2026-02-18T10:19:49.6908098Z     'Strict-Transport-Security': 'REDACTED'
2026-02-18T10:19:49.6908115Z     'X-Content-Type-Options': 'REDACTED'
2026-02-18T10:19:49.6908138Z     'Date': 'Wed, 18 Feb 2026 10:19:49 GMT'
2026-02-18T10:19:49.6915852Z 2026-02-18 10:19:49,691 - azure.monitor.opentelemetry.exporter.export._base - INFO - Transmission succeeded: Item received: 3. Items accepted: 3
2026-02-18T10:19:50.2479453Z 2026-02-18 10:19:50,247 - azure.core.pipeline.policies.http_logging_policy - INFO - Request URL: 'https://westus2-2.in.applicationinsights.azure.com//v2.1/track'
2026-02-18T10:19:50.2479804Z Request method: 'POST'
2026-02-18T10:19:50.2479828Z Request headers:
2026-02-18T10:19:50.2479842Z     'Content-Type': 'application/json'
2026-02-18T10:19:50.2479859Z     'Content-Length': '3720'
2026-02-18T10:19:50.2479874Z     'Accept': 'application/json'
2026-02-18T10:19:50.2479896Z     'x-ms-client-request-id': '5bb52c6a-0cb3-11f1-a748-0adf85178b07'
2026-02-18T10:19:50.2479917Z     'User-Agent': 'azsdk-python-azuremonitorclient/unknown Python/3.11.14 (Linux-6.6.119.3-1.azl3-x86_64-with-glibc2.31)'
2026-02-18T10:19:50.2479934Z A body is sent with the request
2026-02-18T10:19:50.3156954Z 2026-02-18 10:19:50,315 - azure.core.pipeline.policies.http_logging_policy - INFO - Response status: 200
2026-02-18T10:19:50.3157314Z Response headers:
2026-02-18T10:19:50.3157339Z     'Transfer-Encoding': 'chunked'
2026-02-18T10:19:50.3157357Z     'Content-Type': 'application/json; charset=utf-8'
2026-02-18T10:19:50.3157372Z     'Server': 'Microsoft-HTTPAPI/2.0'
2026-02-18T10:19:50.3157390Z     'Strict-Transport-Security': 'REDACTED'
2026-02-18T10:19:50.3157407Z     'X-Content-Type-Options': 'REDACTED'
2026-02-18T10:19:50.3157427Z     'Date': 'Wed, 18 Feb 2026 10:19:49 GMT'
2026-02-18T10:19:50.3162457Z 2026-02-18 10:19:50,315 - azure.monitor.opentelemetry.exporter.export._base - INFO - Transmission succeeded: Item received: 3. Items accepted: 3
2026-02-18T10:19:54.6932621Z 2026-02-18 10:19:54,693 - azure.core.pipeline.policies.http_logging_policy - INFO - Request URL: 'https://westus2-2.in.applicationinsights.azure.com//v2.1/track'
2026-02-18T10:19:54.6933387Z Request method: 'POST'
2026-02-18T10:19:54.6933415Z Request headers:
2026-02-18T10:19:54.6933436Z     'Content-Type': 'application/json'
2026-02-18T10:19:54.6933458Z     'Content-Length': '3720'
2026-02-18T10:19:54.6933481Z     'Accept': 'application/json'
2026-02-18T10:19:54.6933504Z     'x-ms-client-request-id': '5e5b7bb8-0cb3-11f1-b7fb-0adf85178b07'
2026-02-18T10:19:54.6933527Z     'User-Agent': 'azsdk-python-azuremonitorclient/unknown Python/3.11.14 (Linux-6.6.119.3-1.azl3-x86_64-with-glibc2.31)'
2026-02-18T10:19:54.6933545Z A body is sent with the request
2026-02-18T10:19:54.8067497Z 2026-02-18 10:19:54,806 - azure.core.pipeline.policies.http_logging_policy - INFO - Response status: 200
2026-02-18T10:19:54.8067837Z Response headers:
2026-02-18T10:19:54.8067863Z     'Transfer-Encoding': 'chunked'
2026-02-18T10:19:54.8067941Z     'Content-Type': 'application/json; charset=utf-8'
2026-02-18T10:19:54.8067958Z     'Server': 'Microsoft-HTTPAPI/2.0'
2026-02-18T10:19:54.8067974Z     'Strict-Transport-Security': 'REDACTED'
2026-02-18T10:19:54.8067991Z     'X-Content-Type-Options': 'REDACTED'
2026-02-18T10:19:54.8068006Z     'Date': 'Wed, 18 Feb 2026 10:19:54 GMT'
2026-02-18T10:19:54.8068023Z     'Connection': 'close'
2026-02-18T10:19:54.8090445Z 2026-02-18 10:19:54,808 - azure.monitor.opentelemetry.exporter.export._base - INFO - Transmission succeeded: Item received: 3. Items accepted: 3
2026-02-18T10:19:55.3177849Z 2026-02-18 10:19:55,317 - azure.core.pipeline.policies.http_logging_policy - INFO - Request URL: 'https://westus2-2.in.applicationinsights.azure.com//v2.1/track'
2026-02-18T10:19:55.3178380Z Request method: 'POST'
2026-02-18T10:19:55.3178410Z Request headers:
2026-02-18T10:19:55.3178488Z     'Content-Type': 'application/json'
2026-02-18T10:19:55.3178503Z     'Content-Length': '3720'
2026-02-18T10:19:55.3178519Z     'Accept': 'application/json'
2026-02-18T10:19:55.3178535Z     'x-ms-client-request-id': '5ebac7da-0cb3-11f1-a748-0adf85178b07'
2026-02-18T10:19:55.3178554Z     'User-Agent': 'azsdk-python-azuremonitorclient/unknown Python/3.11.14 (Linux-6.6.119.3-1.azl3-x86_64-with-glibc2.31)'
2026-02-18T10:19:55.3178570Z A body is sent with the request
2026-02-18T10:19:55.4381540Z 2026-02-18 10:19:55,437 - azure.core.pipeline.policies.http_logging_policy - INFO - Response status: 200
2026-02-18T10:19:55.4381866Z Response headers:
2026-02-18T10:19:55.4381890Z     'Transfer-Encoding': 'chunked'
2026-02-18T10:19:55.4381908Z     'Content-Type': 'application/json; charset=utf-8'
2026-02-18T10:19:55.4381978Z     'Server': 'Microsoft-HTTPAPI/2.0'
2026-02-18T10:19:55.4381997Z     'Strict-Transport-Security': 'REDACTED'
2026-02-18T10:19:55.4382014Z     'X-Content-Type-Options': 'REDACTED'
2026-02-18T10:19:55.4382031Z     'Date': 'Wed, 18 Feb 2026 10:19:54 GMT'
2026-02-18T10:19:55.4386012Z 2026-02-18 10:19:55,438 - azure.monitor.opentelemetry.exporter.export._base - INFO - Transmission succeeded: Item received: 3. Items accepted: 3
2026-02-18T10:19:59.8107609Z 2026-02-18 10:19:59,810 - azure.core.pipeline.policies.http_logging_policy - INFO - Request URL: 'https://westus2-2.in.applicationinsights.azure.com//v2.1/track'
2026-02-18T10:19:59.8107953Z Request method: 'POST'
2026-02-18T10:19:59.8107978Z Request headers:
2026-02-18T10:19:59.8107997Z     'Content-Type': 'application/json'
2026-02-18T10:19:59.8108013Z     'Content-Length': '3746'
2026-02-18T10:19:59.8108089Z     'Accept': 'application/json'
2026-02-18T10:19:59.8108110Z     'x-ms-client-request-id': '61685bf0-0cb3-11f1-b7fb-0adf85178b07'
2026-02-18T10:19:59.8108134Z     'User-Agent': 'azsdk-python-azuremonitorclient/unknown Python/3.11.14 (Linux-6.6.119.3-1.azl3-x86_64-with-glibc2.31)'
2026-02-18T10:19:59.8108153Z A body is sent with the request
2026-02-18T10:20:00.0021106Z 2026-02-18 10:20:00,001 - azure.core.pipeline.policies.http_logging_policy - INFO - Response status: 200
2026-02-18T10:20:00.0021879Z Response headers:
2026-02-18T10:20:00.0021913Z     'Transfer-Encoding': 'chunked'
2026-02-18T10:20:00.0021937Z     'Content-Type': 'application/json; charset=utf-8'
2026-02-18T10:20:00.0021962Z     'Server': 'Microsoft-HTTPAPI/2.0'
2026-02-18T10:20:00.0021985Z     'Strict-Transport-Security': 'REDACTED'
2026-02-18T10:20:00.0022009Z     'X-Content-Type-Options': 'REDACTED'
2026-02-18T10:20:00.0022099Z     'Date': 'Wed, 18 Feb 2026 10:19:59 GMT'
2026-02-18T10:20:00.0026826Z 2026-02-18 10:20:00,002 - azure.monitor.opentelemetry.exporter.export._base - INFO - Transmission succeeded: Item received: 3. Items accepted: 3
2026-02-18T10:20:00.4405265Z 2026-02-18 10:20:00,440 - azure.core.pipeline.policies.http_logging_policy - INFO - Request URL: 'https://westus2-2.in.applicationinsights.azure.com//v2.1/track'
2026-02-18T10:20:00.4405729Z Request method: 'POST'
2026-02-18T10:20:00.4405755Z Request headers:
2026-02-18T10:20:00.4405774Z     'Content-Type': 'application/json'
2026-02-18T10:20:00.4405793Z     'Content-Length': '3720'
2026-02-18T10:20:00.4405810Z     'Accept': 'application/json'
2026-02-18T10:20:00.4405827Z     'x-ms-client-request-id': '61c8738c-0cb3-11f1-a748-0adf85178b07'
2026-02-18T10:20:00.4405904Z     'User-Agent': 'azsdk-python-azuremonitorclient/unknown Python/3.11.14 (Linux-6.6.119.3-1.azl3-x86_64-with-glibc2.31)'
2026-02-18T10:20:00.4405922Z A body is sent with the request
2026-02-18T10:20:00.5124961Z 2026-02-18 10:20:00,512 - azure.core.pipeline.policies.http_logging_policy - INFO - Response status: 200
2026-02-18T10:20:00.5125302Z Response headers:
2026-02-18T10:20:00.5125329Z     'Transfer-Encoding': 'chunked'
2026-02-18T10:20:00.5125351Z     'Content-Type': 'application/json; charset=utf-8'
2026-02-18T10:20:00.5125367Z     'Server': 'Microsoft-HTTPAPI/2.0'
2026-02-18T10:20:00.5125384Z     'Strict-Transport-Security': 'REDACTED'
2026-02-18T10:20:00.5125401Z     'X-Content-Type-Options': 'REDACTED'
2026-02-18T10:20:00.5125418Z     'Date': 'Wed, 18 Feb 2026 10:19:59 GMT'
2026-02-18T10:20:00.5130461Z 2026-02-18 10:20:00,512 - azure.monitor.opentelemetry.exporter.export._base - INFO - Transmission succeeded: Item received: 3. Items accepted: 3
2026-02-18T10:20:05.0111389Z 2026-02-18 10:20:05,010 - azure.core.pipeline.policies.http_logging_policy - INFO - Request URL: 'https://westus2-2.in.applicationinsights.azure.com//v2.1/track'
2026-02-18T10:20:05.0111731Z Request method: 'POST'
2026-02-18T10:20:05.0111760Z Request headers:
2026-02-18T10:20:05.0111783Z     'Content-Type': 'application/json'
2026-02-18T10:20:05.0111800Z     'Content-Length': '3718'
2026-02-18T10:20:05.0111816Z     'Accept': 'application/json'
2026-02-18T10:20:05.0111838Z     'x-ms-client-request-id': '6481dc12-0cb3-11f1-b7fb-0adf85178b07'
2026-02-18T10:20:05.0111861Z     'User-Agent': 'azsdk-python-azuremonitorclient/unknown Python/3.11.14 (Linux-6.6.119.3-1.azl3-x86_64-with-glibc2.31)'
2026-02-18T10:20:05.0111883Z A body is sent with the request
2026-02-18T10:20:05.1375003Z 2026-02-18 10:20:05,137 - azure.core.pipeline.policies.http_logging_policy - INFO - Response status: 200
2026-02-18T10:20:05.1375348Z Response headers:
2026-02-18T10:20:05.1375376Z     'Transfer-Encoding': 'chunked'
2026-02-18T10:20:05.1375395Z     'Content-Type': 'application/json; charset=utf-8'
2026-02-18T10:20:05.1375416Z     'Server': 'Microsoft-HTTPAPI/2.0'
2026-02-18T10:20:05.1375434Z     'Strict-Transport-Security': 'REDACTED'
2026-02-18T10:20:05.1375451Z     'X-Content-Type-Options': 'REDACTED'
2026-02-18T10:20:05.1375465Z     'Date': 'Wed, 18 Feb 2026 10:20:04 GMT'
2026-02-18T10:20:05.1380337Z 2026-02-18 10:20:05,137 - azure.monitor.opentelemetry.exporter.export._base - INFO - Transmission succeeded: Item received: 3. Items accepted: 3
2026-02-18T10:20:05.5155343Z 2026-02-18 10:20:05,515 - azure.core.pipeline.policies.http_logging_policy - INFO - Request URL: 'https://westus2-2.in.applicationinsights.azure.com//v2.1/track'
2026-02-18T10:20:05.5155919Z Request method: 'POST'
2026-02-18T10:20:05.5155945Z Request headers:
2026-02-18T10:20:05.5155962Z     'Content-Type': 'application/json'
2026-02-18T10:20:05.5155977Z     'Content-Length': '3720'
2026-02-18T10:20:05.5155993Z     'Accept': 'application/json'
2026-02-18T10:20:05.5156013Z     'x-ms-client-request-id': '64ced292-0cb3-11f1-a748-0adf85178b07'
2026-02-18T10:20:05.5156033Z     'User-Agent': 'azsdk-python-azuremonitorclient/unknown Python/3.11.14 (Linux-6.6.119.3-1.azl3-x86_64-with-glibc2.31)'
2026-02-18T10:20:05.5156050Z A body is sent with the request
2026-02-18T10:20:05.5856308Z 2026-02-18 10:20:05,585 - azure.core.pipeline.policies.http_logging_policy - INFO - Response status: 200
2026-02-18T10:20:05.5856657Z Response headers:
2026-02-18T10:20:05.5856681Z     'Transfer-Encoding': 'chunked'
2026-02-18T10:20:05.5856756Z     'Content-Type': 'application/json; charset=utf-8'
2026-02-18T10:20:05.5856774Z     'Server': 'Microsoft-HTTPAPI/2.0'
2026-02-18T10:20:05.5856791Z     'Strict-Transport-Security': 'REDACTED'
2026-02-18T10:20:05.5856808Z     'X-Content-Type-Options': 'REDACTED'
2026-02-18T10:20:05.5856826Z     'Date': 'Wed, 18 Feb 2026 10:20:04 GMT'
2026-02-18T10:20:05.5861807Z 2026-02-18 10:20:05,585 - azure.monitor.opentelemetry.exporter.export._base - INFO - Transmission succeeded: Item received: 3. Items accepted: 3
2026-02-18T10:20:10.1399565Z 2026-02-18 10:20:10,139 - azure.core.pipeline.policies.http_logging_policy - INFO - Request URL: 'https://westus2-2.in.applicationinsights.azure.com//v2.1/track'
2026-02-18T10:20:10.1401263Z Request method: 'POST'
2026-02-18T10:20:10.1401296Z Request headers:
2026-02-18T10:20:10.1401380Z     'Content-Type': 'application/json'
2026-02-18T10:20:10.1401403Z     'Content-Length': '3720'
2026-02-18T10:20:10.1401427Z     'Accept': 'application/json'
2026-02-18T10:20:10.1401450Z     'x-ms-client-request-id': '679073b4-0cb3-11f1-b7fb-0adf85178b07'
2026-02-18T10:20:10.1401472Z     'User-Agent': 'azsdk-python-azuremonitorclient/unknown Python/3.11.14 (Linux-6.6.119.3-1.azl3-x86_64-with-glibc2.31)'
2026-02-18T10:20:10.1401490Z A body is sent with the request
2026-02-18T10:20:10.1865730Z 2026-02-18 10:20:10,186 - azure.core.pipeline.policies.http_logging_policy - INFO - Response status: 200
2026-02-18T10:20:10.1866128Z Response headers:
2026-02-18T10:20:10.1866166Z     'Transfer-Encoding': 'chunked'
2026-02-18T10:20:10.1866189Z     'Content-Type': 'application/json; charset=utf-8'
2026-02-18T10:20:10.1866211Z     'Server': 'Microsoft-HTTPAPI/2.0'
2026-02-18T10:20:10.1866300Z     'Strict-Transport-Security': 'REDACTED'
2026-02-18T10:20:10.1866322Z     'X-Content-Type-Options': 'REDACTED'
2026-02-18T10:20:10.1866344Z     'Date': 'Wed, 18 Feb 2026 10:20:09 GMT'
2026-02-18T10:20:10.1873547Z 2026-02-18 10:20:10,186 - azure.monitor.opentelemetry.exporter.export._base - INFO - Transmission succeeded: Item received: 3. Items accepted: 3
2026-02-18T10:20:10.5894982Z 2026-02-18 10:20:10,587 - azure.core.pipeline.policies.http_logging_policy - INFO - Request URL: 'https://westus2-2.in.applicationinsights.azure.com//v2.1/track'
2026-02-18T10:20:10.5895360Z Request method: 'POST'
2026-02-18T10:20:10.5895382Z Request headers:
2026-02-18T10:20:10.5895408Z     'Content-Type': 'application/json'
2026-02-18T10:20:10.5895425Z     'Content-Length': '3720'
2026-02-18T10:20:10.5895440Z     'Accept': 'application/json'
2026-02-18T10:20:10.5895516Z     'x-ms-client-request-id': '67d4dacc-0cb3-11f1-a748-0adf85178b07'
2026-02-18T10:20:10.5895541Z     'User-Agent': 'azsdk-python-azuremonitorclient/unknown Python/3.11.14 (Linux-6.6.119.3-1.azl3-x86_64-with-glibc2.31)'
2026-02-18T10:20:10.5895561Z A body is sent with the request
2026-02-18T10:20:10.6684097Z 2026-02-18 10:20:10,667 - azure.core.pipeline.policies.http_logging_policy - INFO - Response status: 200
2026-02-18T10:20:10.6684679Z Response headers:
2026-02-18T10:20:10.6684705Z     'Transfer-Encoding': 'chunked'
2026-02-18T10:20:10.6684723Z     'Content-Type': 'application/json; charset=utf-8'
2026-02-18T10:20:10.6684744Z     'Server': 'Microsoft-HTTPAPI/2.0'
2026-02-18T10:20:10.6684759Z     'Strict-Transport-Security': 'REDACTED'
2026-02-18T10:20:10.6684774Z     'X-Content-Type-Options': 'REDACTED'
2026-02-18T10:20:10.6684792Z     'Date': 'Wed, 18 Feb 2026 10:20:10 GMT'
2026-02-18T10:20:10.6684863Z 2026-02-18 10:20:10,668 - azure.monitor.opentelemetry.exporter.export._base - INFO - Transmission succeeded: Item received: 3. Items accepted: 3
2026-02-18T10:20:15.1903600Z 2026-02-18 10:20:15,189 - azure.core.pipeline.policies.http_logging_policy - INFO - Request URL: 'https://westus2-2.in.applicationinsights.azure.com//v2.1/track'
2026-02-18T10:20:15.1903971Z Request method: 'POST'
2026-02-18T10:20:15.1903998Z Request headers:
2026-02-18T10:20:15.1904020Z     'Content-Type': 'application/json'
2026-02-18T10:20:15.1904036Z     'Content-Length': '3720'
2026-02-18T10:20:15.1904059Z     'Accept': 'application/json'
2026-02-18T10:20:15.1904079Z     'x-ms-client-request-id': '6a92f73a-0cb3-11f1-b7fb-0adf85178b07'
2026-02-18T10:20:15.1904103Z     'User-Agent': 'azsdk-python-azuremonitorclient/unknown Python/3.11.14 (Linux-6.6.119.3-1.azl3-x86_64-with-glibc2.31)'
2026-02-18T10:20:15.1904122Z A body is sent with the request
2026-02-18T10:20:15.3601535Z 2026-02-18 10:20:15,359 - azure.core.pipeline.policies.http_logging_policy - INFO - Response status: 200
2026-02-18T10:20:15.3601842Z Response headers:
2026-02-18T10:20:15.3601866Z     'Transfer-Encoding': 'chunked'
2026-02-18T10:20:15.3601891Z     'Content-Type': 'application/json; charset=utf-8'
2026-02-18T10:20:15.3601909Z     'Server': 'Microsoft-HTTPAPI/2.0'
2026-02-18T10:20:15.3601929Z     'Strict-Transport-Security': 'REDACTED'
2026-02-18T10:20:15.3601948Z     'X-Content-Type-Options': 'REDACTED'
2026-02-18T10:20:15.3601967Z     'Date': 'Wed, 18 Feb 2026 10:20:14 GMT'
2026-02-18T10:20:15.3605197Z 2026-02-18 10:20:15,360 - azure.monitor.opentelemetry.exporter.export._base - INFO - Transmission succeeded: Item received: 3. Items accepted: 3
2026-02-18T10:20:15.6701323Z 2026-02-18 10:20:15,669 - azure.core.pipeline.policies.http_logging_policy - INFO - Request URL: 'https://westus2-2.in.applicationinsights.azure.com//v2.1/track'
2026-02-18T10:20:15.6701902Z Request method: 'POST'
2026-02-18T10:20:15.6701931Z Request headers:
2026-02-18T10:20:15.6701947Z     'Content-Type': 'application/json'
2026-02-18T10:20:15.6701961Z     'Content-Length': '3720'
2026-02-18T10:20:15.6701975Z     'Accept': 'application/json'
2026-02-18T10:20:15.6701991Z     'x-ms-client-request-id': '6adc4886-0cb3-11f1-a748-0adf85178b07'
2026-02-18T10:20:15.6702009Z     'User-Agent': 'azsdk-python-azuremonitorclient/unknown Python/3.11.14 (Linux-6.6.119.3-1.azl3-x86_64-with-glibc2.31)'
2026-02-18T10:20:15.6702024Z A body is sent with the request
2026-02-18T10:20:15.7310704Z 2026-02-18 10:20:15,730 - azure.core.pipeline.policies.http_logging_policy - INFO - Response status: 200
2026-02-18T10:20:15.7311077Z Response headers:
2026-02-18T10:20:15.7311167Z     'Transfer-Encoding': 'chunked'
2026-02-18T10:20:15.7311192Z     'Content-Type': 'application/json; charset=utf-8'
2026-02-18T10:20:15.7311213Z     'Server': 'Microsoft-HTTPAPI/2.0'
2026-02-18T10:20:15.7311236Z     'Strict-Transport-Security': 'REDACTED'
2026-02-18T10:20:15.7311258Z     'X-Content-Type-Options': 'REDACTED'
2026-02-18T10:20:15.7311279Z     'Date': 'Wed, 18 Feb 2026 10:20:15 GMT'
2026-02-18T10:20:15.7317792Z 2026-02-18 10:20:15,731 - azure.monitor.opentelemetry.exporter.export._base - INFO - Transmission succeeded: Item received: 3. Items accepted: 3
2026-02-18T10:20:20.3621687Z 2026-02-18 10:20:20,361 - azure.core.pipeline.policies.http_logging_policy - INFO - Request URL: 'https://westus2-2.in.applicationinsights.azure.com//v2.1/track'
2026-02-18T10:20:20.3622193Z Request method: 'POST'
2026-02-18T10:20:20.3622224Z Request headers:
2026-02-18T10:20:20.3622330Z     'Content-Type': 'application/json'
2026-02-18T10:20:20.3622347Z     'Content-Length': '3720'
2026-02-18T10:20:20.3622362Z     'Accept': 'application/json'
2026-02-18T10:20:20.3622380Z     'x-ms-client-request-id': '6da8407e-0cb3-11f1-b7fb-0adf85178b07'
2026-02-18T10:20:20.3622402Z     'User-Agent': 'azsdk-python-azuremonitorclient/unknown Python/3.11.14 (Linux-6.6.119.3-1.azl3-x86_64-with-glibc2.31)'
2026-02-18T10:20:20.3622417Z A body is sent with the request
2026-02-18T10:20:20.4508875Z 2026-02-18 10:20:20,450 - azure.core.pipeline.policies.http_logging_policy - INFO - Response status: 200
2026-02-18T10:20:20.4509249Z Response headers:
2026-02-18T10:20:20.4509701Z     'Transfer-Encoding': 'chunked'
2026-02-18T10:20:20.4509724Z     'Content-Type': 'application/json; charset=utf-8'
2026-02-18T10:20:20.4509811Z     'Server': 'Microsoft-HTTPAPI/2.0'
2026-02-18T10:20:20.4509831Z     'Strict-Transport-Security': 'REDACTED'
2026-02-18T10:20:20.4509847Z     'X-Content-Type-Options': 'REDACTED'
2026-02-18T10:20:20.4509866Z     'Date': 'Wed, 18 Feb 2026 10:20:20 GMT'
2026-02-18T10:20:20.4516858Z 2026-02-18 10:20:20,451 - azure.monitor.opentelemetry.exporter.export._base - INFO - Transmission succeeded: Item received: 3. Items accepted: 3
2026-02-18T10:20:20.7332814Z 2026-02-18 10:20:20,733 - azure.core.pipeline.policies.http_logging_policy - INFO - Request URL: 'https://westus2-2.in.applicationinsights.azure.com//v2.1/track'
2026-02-18T10:20:20.7333180Z Request method: 'POST'
2026-02-18T10:20:20.7333214Z Request headers:
2026-02-18T10:20:20.7333242Z     'Content-Type': 'application/json'
2026-02-18T10:20:20.7333269Z     'Content-Length': '3720'
2026-02-18T10:20:20.7333358Z     'Accept': 'application/json'
2026-02-18T10:20:20.7333381Z     'x-ms-client-request-id': '6de0df06-0cb3-11f1-a748-0adf85178b07'
2026-02-18T10:20:20.7333407Z     'User-Agent': 'azsdk-python-azuremonitorclient/unknown Python/3.11.14 (Linux-6.6.119.3-1.azl3-x86_64-with-glibc2.31)'
2026-02-18T10:20:20.7333429Z A body is sent with the request
2026-02-18T10:20:20.8383705Z 2026-02-18 10:20:20,838 - azure.core.pipeline.policies.http_logging_policy - INFO - Response status: 200
2026-02-18T10:20:20.8384176Z Response headers:
2026-02-18T10:20:20.8384206Z     'Transfer-Encoding': 'chunked'
2026-02-18T10:20:20.8384224Z     'Content-Type': 'application/json; charset=utf-8'
2026-02-18T10:20:20.8384241Z     'Server': 'Microsoft-HTTPAPI/2.0'
2026-02-18T10:20:20.8384259Z     'Strict-Transport-Security': 'REDACTED'
2026-02-18T10:20:20.8384277Z     'X-Content-Type-Options': 'REDACTED'
2026-02-18T10:20:20.8384363Z     'Date': 'Wed, 18 Feb 2026 10:20:20 GMT'
2026-02-18T10:20:20.8404880Z 2026-02-18 10:20:20,839 - azure.monitor.opentelemetry.exporter.export._base - INFO - Transmission succeeded: Item received: 3. Items accepted: 3
2026-02-18T10:20:25.4530440Z 2026-02-18 10:20:25,452 - azure.core.pipeline.policies.http_logging_policy - INFO - Request URL: 'https://westus2-2.in.applicationinsights.azure.com//v2.1/track'
2026-02-18T10:20:25.4531143Z Request method: 'POST'
2026-02-18T10:20:25.4531171Z Request headers:
2026-02-18T10:20:25.4531187Z     'Content-Type': 'application/json'
2026-02-18T10:20:25.4531202Z     'Content-Length': '3720'
2026-02-18T10:20:25.4531216Z     'Accept': 'application/json'
2026-02-18T10:20:25.4531236Z     'x-ms-client-request-id': '70b10d28-0cb3-11f1-b7fb-0adf85178b07'
2026-02-18T10:20:25.4531325Z     'User-Agent': 'azsdk-python-azuremonitorclient/unknown Python/3.11.14 (Linux-6.6.119.3-1.azl3-x86_64-with-glibc2.31)'
2026-02-18T10:20:25.4531344Z A body is sent with the request
2026-02-18T10:20:25.5576947Z 2026-02-18 10:20:25,557 - azure.core.pipeline.policies.http_logging_policy - INFO - Response status: 200
2026-02-18T10:20:25.5577394Z Response headers:
2026-02-18T10:20:25.5577619Z     'Transfer-Encoding': 'chunked'
2026-02-18T10:20:25.5577645Z     'Content-Type': 'application/json; charset=utf-8'
2026-02-18T10:20:25.5577663Z     'Server': 'Microsoft-HTTPAPI/2.0'
2026-02-18T10:20:25.5577683Z     'Strict-Transport-Security': 'REDACTED'
2026-02-18T10:20:25.5577701Z     'X-Content-Type-Options': 'REDACTED'
2026-02-18T10:20:25.5577729Z     'Date': 'Wed, 18 Feb 2026 10:20:25 GMT'
2026-02-18T10:20:25.5604247Z 2026-02-18 10:20:25,560 - azure.monitor.opentelemetry.exporter.export._base - INFO - Transmission succeeded: Item received: 3. Items accepted: 3
2026-02-18T10:20:25.8419817Z 2026-02-18 10:20:25,841 - azure.core.pipeline.policies.http_logging_policy - INFO - Request URL: 'https://westus2-2.in.applicationinsights.azure.com//v2.1/track'
2026-02-18T10:20:25.8420160Z Request method: 'POST'
2026-02-18T10:20:25.8420182Z Request headers:
2026-02-18T10:20:25.8420199Z     'Content-Type': 'application/json'
2026-02-18T10:20:25.8420216Z     'Content-Length': '3720'
2026-02-18T10:20:25.8420232Z     'Accept': 'application/json'
2026-02-18T10:20:25.8420253Z     'x-ms-client-request-id': '70ec6864-0cb3-11f1-a748-0adf85178b07'
2026-02-18T10:20:25.8420279Z     'User-Agent': 'azsdk-python-azuremonitorclient/unknown Python/3.11.14 (Linux-6.6.119.3-1.azl3-x86_64-with-glibc2.31)'
2026-02-18T10:20:25.8420298Z A body is sent with the request
2026-02-18T10:20:25.8944740Z 2026-02-18 10:20:25,894 - azure.core.pipeline.policies.http_logging_policy - INFO - Response status: 200
2026-02-18T10:20:25.8945085Z Response headers:
2026-02-18T10:20:25.8945114Z     'Transfer-Encoding': 'chunked'
2026-02-18T10:20:25.8945139Z     'Content-Type': 'application/json; charset=utf-8'
2026-02-18T10:20:25.8945161Z     'Server': 'Microsoft-HTTPAPI/2.0'
2026-02-18T10:20:25.8945183Z     'Strict-Transport-Security': 'REDACTED'
2026-02-18T10:20:25.8945205Z     'X-Content-Type-Options': 'REDACTED'
2026-02-18T10:20:25.8945228Z     'Date': 'Wed, 18 Feb 2026 10:20:25 GMT'
2026-02-18T10:20:25.8952759Z 2026-02-18 10:20:25,894 - azure.monitor.opentelemetry.exporter.export._base - INFO - Transmission succeeded: Item received: 3. Items accepted: 3
2026-02-18T10:20:30.5621072Z 2026-02-18 10:20:30,561 - azure.core.pipeline.policies.http_logging_policy - INFO - Request URL: 'https://westus2-2.in.applicationinsights.azure.com//v2.1/track'
2026-02-18T10:20:30.5621512Z Request method: 'POST'
2026-02-18T10:20:30.5621542Z Request headers:
2026-02-18T10:20:30.5621568Z     'Content-Type': 'application/json'
2026-02-18T10:20:30.5621591Z     'Content-Length': '3719'
2026-02-18T10:20:30.5621614Z     'Accept': 'application/json'
2026-02-18T10:20:30.5621638Z     'x-ms-client-request-id': '73bca1f8-0cb3-11f1-b7fb-0adf85178b07'
2026-02-18T10:20:30.5621666Z     'User-Agent': 'azsdk-python-azuremonitorclient/unknown Python/3.11.14 (Linux-6.6.119.3-1.azl3-x86_64-with-glibc2.31)'
2026-02-18T10:20:30.5621688Z A body is sent with the request
2026-02-18T10:20:30.6915283Z 2026-02-18 10:20:30,690 - azure.core.pipeline.policies.http_logging_policy - INFO - Response status: 200
2026-02-18T10:20:30.6915595Z Response headers:
2026-02-18T10:20:30.6915619Z     'Transfer-Encoding': 'chunked'
2026-02-18T10:20:30.6915706Z     'Content-Type': 'application/json; charset=utf-8'
2026-02-18T10:20:30.6915726Z     'Server': 'Microsoft-HTTPAPI/2.0'
2026-02-18T10:20:30.6915746Z     'Strict-Transport-Security': 'REDACTED'
2026-02-18T10:20:30.6915765Z     'X-Content-Type-Options': 'REDACTED'
2026-02-18T10:20:30.6915784Z     'Date': 'Wed, 18 Feb 2026 10:20:30 GMT'
2026-02-18T10:20:30.6915810Z 2026-02-18 10:20:30,691 - azure.monitor.opentelemetry.exporter.export._base - INFO - Transmission succeeded: Item received: 3. Items accepted: 3
2026-02-18T10:20:30.8986228Z 2026-02-18 10:20:30,896 - azure.core.pipeline.policies.http_logging_policy - INFO - Request URL: 'https://westus2-2.in.applicationinsights.azure.com//v2.1/track'
2026-02-18T10:20:30.8986564Z Request method: 'POST'
2026-02-18T10:20:30.8986587Z Request headers:
2026-02-18T10:20:30.8986607Z     'Content-Type': 'application/json'
2026-02-18T10:20:30.8986707Z     'Content-Length': '3720'
2026-02-18T10:20:30.8986727Z     'Accept': 'application/json'
2026-02-18T10:20:30.8986748Z     'x-ms-client-request-id': '73efc2cc-0cb3-11f1-a748-0adf85178b07'
2026-02-18T10:20:30.8986770Z     'User-Agent': 'azsdk-python-azuremonitorclient/unknown Python/3.11.14 (Linux-6.6.119.3-1.azl3-x86_64-with-glibc2.31)'
2026-02-18T10:20:30.8986790Z A body is sent with the request
2026-02-18T10:20:31.1724388Z 2026-02-18 10:20:31,172 - azure.core.pipeline.policies.http_logging_policy - INFO - Response status: 200
2026-02-18T10:20:31.1725217Z Response headers:
2026-02-18T10:20:31.1725250Z     'Transfer-Encoding': 'chunked'
2026-02-18T10:20:31.1725270Z     'Content-Type': 'application/json; charset=utf-8'
2026-02-18T10:20:31.1725289Z     'Server': 'Microsoft-HTTPAPI/2.0'
2026-02-18T10:20:31.1725307Z     'Strict-Transport-Security': 'REDACTED'
2026-02-18T10:20:31.1725385Z     'X-Content-Type-Options': 'REDACTED'
2026-02-18T10:20:31.1725401Z     'Date': 'Wed, 18 Feb 2026 10:20:30 GMT'
2026-02-18T10:20:31.1732145Z 2026-02-18 10:20:31,172 - azure.monitor.opentelemetry.exporter.export._base - INFO - Transmission succeeded: Item received: 3. Items accepted: 3
2026-02-18T10:20:35.6933772Z 2026-02-18 10:20:35,693 - azure.core.pipeline.policies.http_logging_policy - INFO - Request URL: 'https://westus2-2.in.applicationinsights.azure.com//v2.1/track'
2026-02-18T10:20:35.6934113Z Request method: 'POST'
2026-02-18T10:20:35.6934135Z Request headers:
2026-02-18T10:20:35.6934157Z     'Content-Type': 'application/json'
2026-02-18T10:20:35.6934175Z     'Content-Length': '3720'
2026-02-18T10:20:35.6934193Z     'Accept': 'application/json'
2026-02-18T10:20:35.6934211Z     'x-ms-client-request-id': '76cb962e-0cb3-11f1-b7fb-0adf85178b07'
2026-02-18T10:20:35.6934302Z     'User-Agent': 'azsdk-python-azuremonitorclient/unknown Python/3.11.14 (Linux-6.6.119.3-1.azl3-x86_64-with-glibc2.31)'
2026-02-18T10:20:35.6934320Z A body is sent with the request
2026-02-18T10:20:35.7680750Z 2026-02-18 10:20:35,767 - azure.core.pipeline.policies.http_logging_policy - INFO - Response status: 200
2026-02-18T10:20:35.7681094Z Response headers:
2026-02-18T10:20:35.7681124Z     'Transfer-Encoding': 'chunked'
2026-02-18T10:20:35.7681148Z     'Content-Type': 'application/json; charset=utf-8'
2026-02-18T10:20:35.7681167Z     'Server': 'Microsoft-HTTPAPI/2.0'
2026-02-18T10:20:35.7681185Z     'Strict-Transport-Security': 'REDACTED'
2026-02-18T10:20:35.7681204Z     'X-Content-Type-Options': 'REDACTED'
2026-02-18T10:20:35.7681222Z     'Date': 'Wed, 18 Feb 2026 10:20:35 GMT'
2026-02-18T10:20:35.7688457Z 2026-02-18 10:20:35,768 - azure.monitor.opentelemetry.exporter.export._base - INFO - Transmission succeeded: Item received: 3. Items accepted: 3
2026-02-18T10:20:36.1745557Z 2026-02-18 10:20:36,174 - azure.core.pipeline.policies.http_logging_policy - INFO - Request URL: 'https://westus2-2.in.applicationinsights.azure.com//v2.1/track'
2026-02-18T10:20:36.1745892Z Request method: 'POST'
2026-02-18T10:20:36.1745915Z Request headers:
2026-02-18T10:20:36.1745933Z     'Content-Type': 'application/json'
2026-02-18T10:20:36.1745951Z     'Content-Length': '3719'
2026-02-18T10:20:36.1745968Z     'Accept': 'application/json'
2026-02-18T10:20:36.1745986Z     'x-ms-client-request-id': '771507dc-0cb3-11f1-a748-0adf85178b07'
2026-02-18T10:20:36.1746009Z     'User-Agent': 'azsdk-python-azuremonitorclient/unknown Python/3.11.14 (Linux-6.6.119.3-1.azl3-x86_64-with-glibc2.31)'
2026-02-18T10:20:36.1746025Z A body is sent with the request
2026-02-18T10:20:36.3353381Z 2026-02-18 10:20:36,335 - azure.core.pipeline.policies.http_logging_policy - INFO - Response status: 200
2026-02-18T10:20:36.3353690Z Response headers:
2026-02-18T10:20:36.3353768Z     'Transfer-Encoding': 'chunked'
2026-02-18T10:20:36.3353787Z     'Content-Type': 'application/json; charset=utf-8'
2026-02-18T10:20:36.3353806Z     'Server': 'Microsoft-HTTPAPI/2.0'
2026-02-18T10:20:36.3353824Z     'Strict-Transport-Security': 'REDACTED'
2026-02-18T10:20:36.3353840Z     'X-Content-Type-Options': 'REDACTED'
2026-02-18T10:20:36.3353856Z     'Date': 'Wed, 18 Feb 2026 10:20:35 GMT'
2026-02-18T10:20:36.3356956Z 2026-02-18 10:20:36,335 - azure.monitor.opentelemetry.exporter.export._base - INFO - Transmission succeeded: Item received: 3. Items accepted: 3
2026-02-18T10:20:40.7703665Z 2026-02-18 10:20:40,770 - azure.core.pipeline.policies.http_logging_policy - INFO - Request URL: 'https://westus2-2.in.applicationinsights.azure.com//v2.1/track'
2026-02-18T10:20:40.7704121Z Request method: 'POST'
2026-02-18T10:20:40.7704148Z Request headers:
2026-02-18T10:20:40.7704222Z     'Content-Type': 'application/json'
2026-02-18T10:20:40.7704239Z     'Content-Length': '3719'
2026-02-18T10:20:40.7704254Z     'Accept': 'application/json'
2026-02-18T10:20:40.7704274Z     'x-ms-client-request-id': '79d24a20-0cb3-11f1-b7fb-0adf85178b07'
2026-02-18T10:20:40.7704294Z     'User-Agent': 'azsdk-python-azuremonitorclient/unknown Python/3.11.14 (Linux-6.6.119.3-1.azl3-x86_64-with-glibc2.31)'
2026-02-18T10:20:40.7704313Z A body is sent with the request
2026-02-18T10:20:40.8745006Z 2026-02-18 10:20:40,874 - azure.core.pipeline.policies.http_logging_policy - INFO - Response status: 200
2026-02-18T10:20:40.8745360Z Response headers:
2026-02-18T10:20:40.8745386Z     'Transfer-Encoding': 'chunked'
2026-02-18T10:20:40.8745408Z     'Content-Type': 'application/json; charset=utf-8'
2026-02-18T10:20:40.8745494Z     'Server': 'Microsoft-HTTPAPI/2.0'
2026-02-18T10:20:40.8745512Z     'Strict-Transport-Security': 'REDACTED'
2026-02-18T10:20:40.8745528Z     'X-Content-Type-Options': 'REDACTED'
2026-02-18T10:20:40.8745546Z     'Date': 'Wed, 18 Feb 2026 10:20:40 GMT'
2026-02-18T10:20:40.8751373Z 2026-02-18 10:20:40,874 - azure.monitor.opentelemetry.exporter.export._base - INFO - Transmission succeeded: Item received: 3. Items accepted: 3
2026-02-18T10:20:41.3378520Z 2026-02-18 10:20:41,337 - azure.core.pipeline.policies.http_logging_policy - INFO - Request URL: 'https://westus2-2.in.applicationinsights.azure.com//v2.1/track'
2026-02-18T10:20:41.3379235Z Request method: 'POST'
2026-02-18T10:20:41.3379260Z Request headers:
2026-02-18T10:20:41.3379277Z     'Content-Type': 'application/json'
2026-02-18T10:20:41.3379293Z     'Content-Length': '3719'
2026-02-18T10:20:41.3379371Z     'Accept': 'application/json'
2026-02-18T10:20:41.3379390Z     'x-ms-client-request-id': '7a28e27c-0cb3-11f1-a748-0adf85178b07'
2026-02-18T10:20:41.3379409Z     'User-Agent': 'azsdk-python-azuremonitorclient/unknown Python/3.11.14 (Linux-6.6.119.3-1.azl3-x86_64-with-glibc2.31)'
2026-02-18T10:20:41.3379422Z A body is sent with the request
2026-02-18T10:20:41.4714211Z 2026-02-18 10:20:41,471 - azure.core.pipeline.policies.http_logging_policy - INFO - Response status: 200
2026-02-18T10:20:41.4714537Z Response headers:
2026-02-18T10:20:41.4714564Z     'Transfer-Encoding': 'chunked'
2026-02-18T10:20:41.4714585Z     'Content-Type': 'application/json; charset=utf-8'
2026-02-18T10:20:41.4714603Z     'Server': 'Microsoft-HTTPAPI/2.0'
2026-02-18T10:20:41.4714622Z     'Strict-Transport-Security': 'REDACTED'
2026-02-18T10:20:41.4714642Z     'X-Content-Type-Options': 'REDACTED'
2026-02-18T10:20:41.4714714Z     'Date': 'Wed, 18 Feb 2026 10:20:40 GMT'
2026-02-18T10:20:41.4722378Z 2026-02-18 10:20:41,471 - azure.monitor.opentelemetry.exporter.export._base - INFO - Transmission succeeded: Item received: 3. Items accepted: 3
2026-02-18T10:20:45.8766468Z 2026-02-18 10:20:45,876 - azure.core.pipeline.policies.http_logging_policy - INFO - Request URL: 'https://westus2-2.in.applicationinsights.azure.com//v2.1/track'
2026-02-18T10:20:45.8767100Z Request method: 'POST'
2026-02-18T10:20:45.8767133Z Request headers:
2026-02-18T10:20:45.8767161Z     'Content-Type': 'application/json'
2026-02-18T10:20:45.8767184Z     'Content-Length': '3720'
2026-02-18T10:20:45.8767206Z     'Accept': 'application/json'
2026-02-18T10:20:45.8767298Z     'x-ms-client-request-id': '7cdd71d6-0cb3-11f1-b7fb-0adf85178b07'
2026-02-18T10:20:45.8767327Z     'User-Agent': 'azsdk-python-azuremonitorclient/unknown Python/3.11.14 (Linux-6.6.119.3-1.azl3-x86_64-with-glibc2.31)'
2026-02-18T10:20:45.8767351Z A body is sent with the request
2026-02-18T10:20:46.0030713Z 2026-02-18 10:20:46,002 - azure.core.pipeline.policies.http_logging_policy - INFO - Response status: 200
2026-02-18T10:20:46.0031037Z Response headers:
2026-02-18T10:20:46.0031067Z     'Transfer-Encoding': 'chunked'
2026-02-18T10:20:46.0031086Z     'Content-Type': 'application/json; charset=utf-8'
2026-02-18T10:20:46.0031105Z     'Server': 'Microsoft-HTTPAPI/2.0'
2026-02-18T10:20:46.0031124Z     'Strict-Transport-Security': 'REDACTED'
2026-02-18T10:20:46.0031143Z     'X-Content-Type-Options': 'REDACTED'
2026-02-18T10:20:46.0031221Z     'Date': 'Wed, 18 Feb 2026 10:20:45 GMT'
2026-02-18T10:20:46.0037972Z 2026-02-18 10:20:46,003 - azure.monitor.opentelemetry.exporter.export._base - INFO - Transmission succeeded: Item received: 3. Items accepted: 3
2026-02-18T10:20:46.4733057Z 2026-02-18 10:20:46,473 - azure.core.pipeline.policies.http_logging_policy - INFO - Request URL: 'https://westus2-2.in.applicationinsights.azure.com//v2.1/track'
2026-02-18T10:20:46.4733350Z Request method: 'POST'
2026-02-18T10:20:46.4733376Z Request headers:
2026-02-18T10:20:46.4733400Z     'Content-Type': 'application/json'
2026-02-18T10:20:46.4733416Z     'Content-Length': '3719'
2026-02-18T10:20:46.4733433Z     'Accept': 'application/json'
2026-02-18T10:20:46.4733449Z     'x-ms-client-request-id': '7d387f36-0cb3-11f1-a748-0adf85178b07'
2026-02-18T10:20:46.4733470Z     'User-Agent': 'azsdk-python-azuremonitorclient/unknown Python/3.11.14 (Linux-6.6.119.3-1.azl3-x86_64-with-glibc2.31)'
2026-02-18T10:20:46.4733552Z A body is sent with the request
2026-02-18T10:20:46.5114030Z 2026-02-18 10:20:46,511 - azure.core.pipeline.policies.http_logging_policy - INFO - Response status: 200
2026-02-18T10:20:46.5114272Z Response headers:
2026-02-18T10:20:46.5114298Z     'Transfer-Encoding': 'chunked'
2026-02-18T10:20:46.5114325Z     'Content-Type': 'application/json; charset=utf-8'
2026-02-18T10:20:46.5114350Z     'Server': 'Microsoft-HTTPAPI/2.0'
2026-02-18T10:20:46.5114373Z     'Strict-Transport-Security': 'REDACTED'
2026-02-18T10:20:46.5114397Z     'X-Content-Type-Options': 'REDACTED'
2026-02-18T10:20:46.5114418Z     'Date': 'Wed, 18 Feb 2026 10:20:45 GMT'
2026-02-18T10:20:46.5119359Z 2026-02-18 10:20:46,511 - azure.monitor.opentelemetry.exporter.export._base - INFO - Transmission succeeded: Item received: 3. Items accepted: 3
2026-02-18T10:20:51.0053435Z 2026-02-18 10:20:51,005 - azure.core.pipeline.policies.http_logging_policy - INFO - Request URL: 'https://westus2-2.in.applicationinsights.azure.com//v2.1/track'
2026-02-18T10:20:51.0053764Z Request method: 'POST'
2026-02-18T10:20:51.0053793Z Request headers:
2026-02-18T10:20:51.0053817Z     'Content-Type': 'application/json'
2026-02-18T10:20:51.0053841Z     'Content-Length': '3720'
2026-02-18T10:20:51.0053863Z     'Accept': 'application/json'
2026-02-18T10:20:51.0053886Z     'x-ms-client-request-id': '7fec068a-0cb3-11f1-b7fb-0adf85178b07'
2026-02-18T10:20:51.0053914Z     'User-Agent': 'azsdk-python-azuremonitorclient/unknown Python/3.11.14 (Linux-6.6.119.3-1.azl3-x86_64-with-glibc2.31)'
2026-02-18T10:20:51.0053935Z A body is sent with the request
2026-02-18T10:20:51.1024344Z 2026-02-18 10:20:51,102 - azure.core.pipeline.policies.http_logging_policy - INFO - Response status: 200
2026-02-18T10:20:51.1025502Z Response headers:
2026-02-18T10:20:51.1025539Z     'Transfer-Encoding': 'chunked'
2026-02-18T10:20:51.1025559Z     'Content-Type': 'application/json; charset=utf-8'
2026-02-18T10:20:51.1025577Z     'Server': 'Microsoft-HTTPAPI/2.0'
2026-02-18T10:20:51.1025967Z     'Strict-Transport-Security': 'REDACTED'
2026-02-18T10:20:51.1025983Z     'X-Content-Type-Options': 'REDACTED'
2026-02-18T10:20:51.1025997Z     'Date': 'Wed, 18 Feb 2026 10:20:50 GMT'
2026-02-18T10:20:51.1030977Z 2026-02-18 10:20:51,102 - azure.monitor.opentelemetry.exporter.export._base - INFO - Transmission succeeded: Item received: 3. Items accepted: 3
2026-02-18T10:20:51.5133495Z 2026-02-18 10:20:51,513 - azure.core.pipeline.policies.http_logging_policy - INFO - Request URL: 'https://westus2-2.in.applicationinsights.azure.com//v2.1/track'
2026-02-18T10:20:51.5134166Z Request method: 'POST'
2026-02-18T10:20:51.5134248Z Request headers:
2026-02-18T10:20:51.5134267Z     'Content-Type': 'application/json'
2026-02-18T10:20:51.5134282Z     'Content-Length': '3720'
2026-02-18T10:20:51.5134299Z     'Accept': 'application/json'
2026-02-18T10:20:51.5134315Z     'x-ms-client-request-id': '80398b3a-0cb3-11f1-a748-0adf85178b07'
2026-02-18T10:20:51.5134333Z     'User-Agent': 'azsdk-python-azuremonitorclient/unknown Python/3.11.14 (Linux-6.6.119.3-1.azl3-x86_64-with-glibc2.31)'
2026-02-18T10:20:51.5134349Z A body is sent with the request
2026-02-18T10:20:51.7362778Z 2026-02-18 10:20:51,736 - azure.core.pipeline.policies.http_logging_policy - INFO - Response status: 200
2026-02-18T10:20:51.7363120Z Response headers:
2026-02-18T10:20:51.7363149Z     'Transfer-Encoding': 'chunked'
2026-02-18T10:20:51.7363234Z     'Content-Type': 'application/json; charset=utf-8'
2026-02-18T10:20:51.7363253Z     'Server': 'Microsoft-HTTPAPI/2.0'
2026-02-18T10:20:51.7363271Z     'Strict-Transport-Security': 'REDACTED'
2026-02-18T10:20:51.7363288Z     'X-Content-Type-Options': 'REDACTED'
2026-02-18T10:20:51.7363307Z     'Date': 'Wed, 18 Feb 2026 10:20:51 GMT'
2026-02-18T10:20:51.7368292Z 2026-02-18 10:20:51,736 - azure.monitor.opentelemetry.exporter.export._base - INFO - Transmission succeeded: Item received: 3. Items accepted: 3
2026-02-18T10:20:56.1050801Z 2026-02-18 10:20:56,104 - azure.core.pipeline.policies.http_logging_policy - INFO - Request URL: 'https://westus2-2.in.applicationinsights.azure.com//v2.1/track'
2026-02-18T10:20:56.1051144Z Request method: 'POST'
2026-02-18T10:20:56.1051175Z Request headers:
2026-02-18T10:20:56.1051199Z     'Content-Type': 'application/json'
2026-02-18T10:20:56.1051284Z     'Content-Length': '3720'
2026-02-18T10:20:56.1051306Z     'Accept': 'application/json'
2026-02-18T10:20:56.1051326Z     'x-ms-client-request-id': '82f62acc-0cb3-11f1-b7fb-0adf85178b07'
2026-02-18T10:20:56.1051349Z     'User-Agent': 'azsdk-python-azuremonitorclient/unknown Python/3.11.14 (Linux-6.6.119.3-1.azl3-x86_64-with-glibc2.31)'
2026-02-18T10:20:56.1051366Z A body is sent with the request
2026-02-18T10:20:56.1992502Z 2026-02-18 10:20:56,199 - azure.core.pipeline.policies.http_logging_policy - INFO - Response status: 200
2026-02-18T10:20:56.1992857Z Response headers:
2026-02-18T10:20:56.1992885Z     'Transfer-Encoding': 'chunked'
2026-02-18T10:20:56.1992909Z     'Content-Type': 'application/json; charset=utf-8'
2026-02-18T10:20:56.1992938Z     'Server': 'Microsoft-HTTPAPI/2.0'
2026-02-18T10:20:56.1992959Z     'Strict-Transport-Security': 'REDACTED'
2026-02-18T10:20:56.1993050Z     'X-Content-Type-Options': 'REDACTED'
2026-02-18T10:20:56.1993072Z     'Date': 'Wed, 18 Feb 2026 10:20:55 GMT'
2026-02-18T10:20:56.2000894Z 2026-02-18 10:20:56,199 - azure.monitor.opentelemetry.exporter.export._base - INFO - Transmission succeeded: Item received: 3. Items accepted: 3
2026-02-18T10:20:56.7381584Z 2026-02-18 10:20:56,737 - azure.core.pipeline.policies.http_logging_policy - INFO - Request URL: 'https://westus2-2.in.applicationinsights.azure.com//v2.1/track'
2026-02-18T10:20:56.7382164Z Request method: 'POST'
2026-02-18T10:20:56.7382193Z Request headers:
2026-02-18T10:20:56.7382219Z     'Content-Type': 'application/json'
2026-02-18T10:20:56.7382240Z     'Content-Length': '3720'
2026-02-18T10:20:56.7382264Z     'Accept': 'application/json'
2026-02-18T10:20:56.7382284Z     'x-ms-client-request-id': '8356c8d2-0cb3-11f1-a748-0adf85178b07'
2026-02-18T10:20:56.7382404Z     'User-Agent': 'azsdk-python-azuremonitorclient/unknown Python/3.11.14 (Linux-6.6.119.3-1.azl3-x86_64-with-glibc2.31)'
2026-02-18T10:20:56.7382425Z A body is sent with the request
2026-02-18T10:20:56.7857781Z 2026-02-18 10:20:56,785 - azure.core.pipeline.policies.http_logging_policy - INFO - Response status: 200
2026-02-18T10:20:56.7858382Z Response headers:
2026-02-18T10:20:56.7858414Z     'Transfer-Encoding': 'chunked'
2026-02-18T10:20:56.7858436Z     'Content-Type': 'application/json; charset=utf-8'
2026-02-18T10:20:56.7858456Z     'Server': 'Microsoft-HTTPAPI/2.0'
2026-02-18T10:20:56.7858477Z     'Strict-Transport-Security': 'REDACTED'
2026-02-18T10:20:56.7858498Z     'X-Content-Type-Options': 'REDACTED'
2026-02-18T10:20:56.7858525Z     'Date': 'Wed, 18 Feb 2026 10:20:56 GMT'
2026-02-18T10:20:56.7864276Z 2026-02-18 10:20:56,785 - azure.monitor.opentelemetry.exporter.export._base - INFO - Transmission succeeded: Item received: 3. Items accepted: 3
2026-02-18T10:21:01.2020930Z 2026-02-18 10:21:01,201 - azure.core.pipeline.policies.http_logging_policy - INFO - Request URL: 'https://westus2-2.in.applicationinsights.azure.com//v2.1/track'
2026-02-18T10:21:01.2021262Z Request method: 'POST'
2026-02-18T10:21:01.2021286Z Request headers:
2026-02-18T10:21:01.2021303Z     'Content-Type': 'application/json'
2026-02-18T10:21:01.2021318Z     'Content-Length': '3719'
2026-02-18T10:21:01.2021335Z     'Accept': 'application/json'
2026-02-18T10:21:01.2021354Z     'x-ms-client-request-id': '85ffee6a-0cb3-11f1-b7fb-0adf85178b07'
2026-02-18T10:21:01.2021375Z     'User-Agent': 'azsdk-python-azuremonitorclient/unknown Python/3.11.14 (Linux-6.6.119.3-1.azl3-x86_64-with-glibc2.31)'
2026-02-18T10:21:01.2021390Z A body is sent with the request
2026-02-18T10:21:01.3118121Z 2026-02-18 10:21:01,311 - azure.core.pipeline.policies.http_logging_policy - INFO - Response status: 200
2026-02-18T10:21:01.3118437Z Response headers:
2026-02-18T10:21:01.3118464Z     'Transfer-Encoding': 'chunked'
2026-02-18T10:21:01.3118482Z     'Content-Type': 'application/json; charset=utf-8'
2026-02-18T10:21:01.3118497Z     'Server': 'Microsoft-HTTPAPI/2.0'
2026-02-18T10:21:01.3118520Z     'Strict-Transport-Security': 'REDACTED'
2026-02-18T10:21:01.3118538Z     'X-Content-Type-Options': 'REDACTED'
2026-02-18T10:21:01.3118554Z     'Date': 'Wed, 18 Feb 2026 10:21:00 GMT'
2026-02-18T10:21:01.3122811Z 2026-02-18 10:21:01,312 - azure.monitor.opentelemetry.exporter.export._base - INFO - Transmission succeeded: Item received: 3. Items accepted: 3
2026-02-18T10:21:01.7882333Z 2026-02-18 10:21:01,787 - azure.core.pipeline.policies.http_logging_policy - INFO - Request URL: 'https://westus2-2.in.applicationinsights.azure.com//v2.1/track'
2026-02-18T10:21:01.7882663Z Request method: 'POST'
2026-02-18T10:21:01.7882686Z Request headers:
2026-02-18T10:21:01.7882706Z     'Content-Type': 'application/json'
2026-02-18T10:21:01.7882724Z     'Content-Length': '3720'
2026-02-18T10:21:01.7882741Z     'Accept': 'application/json'
2026-02-18T10:21:01.7882759Z     'x-ms-client-request-id': '865957b6-0cb3-11f1-a748-0adf85178b07'
2026-02-18T10:21:01.7882779Z     'User-Agent': 'azsdk-python-azuremonitorclient/unknown Python/3.11.14 (Linux-6.6.119.3-1.azl3-x86_64-with-glibc2.31)'
2026-02-18T10:21:01.7882795Z A body is sent with the request
2026-02-18T10:21:01.8477260Z 2026-02-18 10:21:01,847 - azure.core.pipeline.policies.http_logging_policy - INFO - Response status: 200
2026-02-18T10:21:01.8477564Z Response headers:
2026-02-18T10:21:01.8477668Z     'Transfer-Encoding': 'chunked'
2026-02-18T10:21:01.8477687Z     'Content-Type': 'application/json; charset=utf-8'
2026-02-18T10:21:01.8477706Z     'Server': 'Microsoft-HTTPAPI/2.0'
2026-02-18T10:21:01.8477724Z     'Strict-Transport-Security': 'REDACTED'
2026-02-18T10:21:01.8477740Z     'X-Content-Type-Options': 'REDACTED'
2026-02-18T10:21:01.8477756Z     'Date': 'Wed, 18 Feb 2026 10:21:01 GMT'
2026-02-18T10:21:01.8483183Z 2026-02-18 10:21:01,847 - azure.monitor.opentelemetry.exporter.export._base - INFO - Transmission succeeded: Item received: 3. Items accepted: 3
2026-02-18T10:21:06.3138347Z 2026-02-18 10:21:06,313 - azure.core.pipeline.policies.http_logging_policy - INFO - Request URL: 'https://westus2-2.in.applicationinsights.azure.com//v2.1/track'
2026-02-18T10:21:06.3138676Z Request method: 'POST'
2026-02-18T10:21:06.3138699Z Request headers:
2026-02-18T10:21:06.3138782Z     'Content-Type': 'application/json'
2026-02-18T10:21:06.3138800Z     'Content-Length': '3719'
2026-02-18T10:21:06.3138816Z     'Accept': 'application/json'
2026-02-18T10:21:06.3138835Z     'x-ms-client-request-id': '890bec9e-0cb3-11f1-b7fb-0adf85178b07'
2026-02-18T10:21:06.3138854Z     'User-Agent': 'azsdk-python-azuremonitorclient/unknown Python/3.11.14 (Linux-6.6.119.3-1.azl3-x86_64-with-glibc2.31)'
2026-02-18T10:21:06.3138870Z A body is sent with the request
2026-02-18T10:21:06.4448861Z 2026-02-18 10:21:06,444 - azure.core.pipeline.policies.http_logging_policy - INFO - Response status: 200
2026-02-18T10:21:06.4449228Z Response headers:
2026-02-18T10:21:06.4449250Z     'Transfer-Encoding': 'chunked'
2026-02-18T10:21:06.4449268Z     'Content-Type': 'application/json; charset=utf-8'
2026-02-18T10:21:06.4449352Z     'Server': 'Microsoft-HTTPAPI/2.0'
2026-02-18T10:21:06.4449372Z     'Strict-Transport-Security': 'REDACTED'
2026-02-18T10:21:06.4449388Z     'X-Content-Type-Options': 'REDACTED'
2026-02-18T10:21:06.4449405Z     'Date': 'Wed, 18 Feb 2026 10:21:05 GMT'
2026-02-18T10:21:06.4452427Z 2026-02-18 10:21:06,445 - azure.monitor.opentelemetry.exporter.export._base - INFO - Transmission succeeded: Item received: 3. Items accepted: 3
2026-02-18T10:21:06.8495866Z 2026-02-18 10:21:06,849 - azure.core.pipeline.policies.http_logging_policy - INFO - Request URL: 'https://westus2-2.in.applicationinsights.azure.com//v2.1/track'
2026-02-18T10:21:06.8496206Z Request method: 'POST'
2026-02-18T10:21:06.8496230Z Request headers:
2026-02-18T10:21:06.8496247Z     'Content-Type': 'application/json'
2026-02-18T10:21:06.8496263Z     'Content-Length': '3720'
2026-02-18T10:21:06.8496348Z     'Accept': 'application/json'
2026-02-18T10:21:06.8496372Z     'x-ms-client-request-id': '895dabc4-0cb3-11f1-a748-0adf85178b07'
2026-02-18T10:21:06.8496398Z     'User-Agent': 'azsdk-python-azuremonitorclient/unknown Python/3.11.14 (Linux-6.6.119.3-1.azl3-x86_64-with-glibc2.31)'
2026-02-18T10:21:06.8496416Z A body is sent with the request
2026-02-18T10:21:06.9846564Z 2026-02-18 10:21:06,984 - azure.core.pipeline.policies.http_logging_policy - INFO - Response status: 200
2026-02-18T10:21:06.9846950Z Response headers:
2026-02-18T10:21:06.9846981Z     'Transfer-Encoding': 'chunked'
2026-02-18T10:21:06.9847007Z     'Content-Type': 'application/json; charset=utf-8'
2026-02-18T10:21:06.9847028Z     'Server': 'Microsoft-HTTPAPI/2.0'
2026-02-18T10:21:06.9847053Z     'Strict-Transport-Security': 'REDACTED'
2026-02-18T10:21:06.9847075Z     'X-Content-Type-Options': 'REDACTED'
2026-02-18T10:21:06.9847171Z     'Date': 'Wed, 18 Feb 2026 10:21:06 GMT'
2026-02-18T10:21:06.9854804Z 2026-02-18 10:21:06,984 - azure.monitor.opentelemetry.exporter.export._base - INFO - Transmission succeeded: Item received: 3. Items accepted: 3
2026-02-18T10:21:11.4471349Z 2026-02-18 10:21:11,446 - azure.core.pipeline.policies.http_logging_policy - INFO - Request URL: 'https://westus2-2.in.applicationinsights.azure.com//v2.1/track'
2026-02-18T10:21:11.4473283Z Request method: 'POST'
2026-02-18T10:21:11.4473347Z Request headers:
2026-02-18T10:21:11.4473368Z     'Content-Type': 'application/json'
2026-02-18T10:21:11.4473386Z     'Content-Length': '3720'
2026-02-18T10:21:11.4473403Z     'Accept': 'application/json'
2026-02-18T10:21:11.4473424Z     'x-ms-client-request-id': '8c1b302a-0cb3-11f1-b7fb-0adf85178b07'
2026-02-18T10:21:11.4473511Z     'User-Agent': 'azsdk-python-azuremonitorclient/unknown Python/3.11.14 (Linux-6.6.119.3-1.azl3-x86_64-with-glibc2.31)'
2026-02-18T10:21:11.4473531Z A body is sent with the request
2026-02-18T10:21:11.5496406Z 2026-02-18 10:21:11,549 - azure.core.pipeline.policies.http_logging_policy - INFO - Response status: 200
2026-02-18T10:21:11.5496748Z Response headers:
2026-02-18T10:21:11.5496779Z     'Transfer-Encoding': 'chunked'
2026-02-18T10:21:11.5496800Z     'Content-Type': 'application/json; charset=utf-8'
2026-02-18T10:21:11.5496817Z     'Server': 'Microsoft-HTTPAPI/2.0'
2026-02-18T10:21:11.5496833Z     'Strict-Transport-Security': 'REDACTED'
2026-02-18T10:21:11.5496849Z     'X-Content-Type-Options': 'REDACTED'
2026-02-18T10:21:11.5496867Z     'Date': 'Wed, 18 Feb 2026 10:21:10 GMT'
2026-02-18T10:21:11.5503603Z 2026-02-18 10:21:11,549 - azure.monitor.opentelemetry.exporter.export._base - INFO - Transmission succeeded: Item received: 3. Items accepted: 3
2026-02-18T10:21:11.9867409Z 2026-02-18 10:21:11,986 - azure.core.pipeline.policies.http_logging_policy - INFO - Request URL: 'https://westus2-2.in.applicationinsights.azure.com//v2.1/track'
2026-02-18T10:21:11.9867891Z Request method: 'POST'
2026-02-18T10:21:11.9867922Z Request headers:
2026-02-18T10:21:11.9867947Z     'Content-Type': 'application/json'
2026-02-18T10:21:11.9867965Z     'Content-Length': '3720'
2026-02-18T10:21:11.9867983Z     'Accept': 'application/json'
2026-02-18T10:21:11.9868004Z     'x-ms-client-request-id': '8c6d8942-0cb3-11f1-a748-0adf85178b07'
2026-02-18T10:21:11.9868024Z     'User-Agent': 'azsdk-python-azuremonitorclient/unknown Python/3.11.14 (Linux-6.6.119.3-1.azl3-x86_64-with-glibc2.31)'
2026-02-18T10:21:11.9868049Z A body is sent with the request
2026-02-18T10:21:12.0810166Z 2026-02-18 10:21:12,080 - azure.core.pipeline.policies.http_logging_policy - INFO - Response status: 200
2026-02-18T10:21:12.0810452Z Response headers:
2026-02-18T10:21:12.0810472Z     'Transfer-Encoding': 'chunked'
2026-02-18T10:21:12.0810497Z     'Content-Type': 'application/json; charset=utf-8'
2026-02-18T10:21:12.0810513Z     'Server': 'Microsoft-HTTPAPI/2.0'
2026-02-18T10:21:12.0810528Z     'Strict-Transport-Security': 'REDACTED'
2026-02-18T10:21:12.0810544Z     'X-Content-Type-Options': 'REDACTED'
2026-02-18T10:21:12.0810557Z     'Date': 'Wed, 18 Feb 2026 10:21:11 GMT'
2026-02-18T10:21:12.0816707Z 2026-02-18 10:21:12,081 - azure.monitor.opentelemetry.exporter.export._base - INFO - Transmission succeeded: Item received: 3. Items accepted: 3
2026-02-18T10:21:16.5518706Z 2026-02-18 10:21:16,551 - azure.core.pipeline.policies.http_logging_policy - INFO - Request URL: 'https://westus2-2.in.applicationinsights.azure.com//v2.1/track'
2026-02-18T10:21:16.5519065Z Request method: 'POST'
2026-02-18T10:21:16.5519085Z Request headers:
2026-02-18T10:21:16.5519102Z     'Content-Type': 'application/json'
2026-02-18T10:21:16.5519118Z     'Content-Length': '3720'
2026-02-18T10:21:16.5519135Z     'Accept': 'application/json'
2026-02-18T10:21:16.5519153Z     'x-ms-client-request-id': '8f261f46-0cb3-11f1-b7fb-0adf85178b07'
2026-02-18T10:21:16.5519177Z     'User-Agent': 'azsdk-python-azuremonitorclient/unknown Python/3.11.14 (Linux-6.6.119.3-1.azl3-x86_64-with-glibc2.31)'
2026-02-18T10:21:16.5519197Z A body is sent with the request
2026-02-18T10:21:16.6036363Z 2026-02-18 10:21:16,603 - azure.core.pipeline.policies.http_logging_policy - INFO - Response status: 200
2026-02-18T10:21:16.6036797Z Response headers:
2026-02-18T10:21:16.6036825Z     'Transfer-Encoding': 'chunked'
2026-02-18T10:21:16.6036917Z     'Content-Type': 'application/json; charset=utf-8'
2026-02-18T10:21:16.6036936Z     'Server': 'Microsoft-HTTPAPI/2.0'
2026-02-18T10:21:16.6036956Z     'Strict-Transport-Security': 'REDACTED'
2026-02-18T10:21:16.6036973Z     'X-Content-Type-Options': 'REDACTED'
2026-02-18T10:21:16.6036988Z     'Date': 'Wed, 18 Feb 2026 10:21:15 GMT'
2026-02-18T10:21:16.6042973Z 2026-02-18 10:21:16,604 - azure.monitor.opentelemetry.exporter.export._base - INFO - Transmission succeeded: Item received: 3. Items accepted: 3
2026-02-18T10:21:17.0834384Z 2026-02-18 10:21:17,083 - azure.core.pipeline.policies.http_logging_policy - INFO - Request URL: 'https://westus2-2.in.applicationinsights.azure.com//v2.1/track'
2026-02-18T10:21:17.0834744Z Request method: 'POST'
2026-02-18T10:21:17.0834776Z Request headers:
2026-02-18T10:21:17.0834800Z     'Content-Type': 'application/json'
2026-02-18T10:21:17.0834881Z     'Content-Length': '3719'
2026-02-18T10:21:17.0834902Z     'Accept': 'application/json'
2026-02-18T10:21:17.0834923Z     'x-ms-client-request-id': '8f772f08-0cb3-11f1-a748-0adf85178b07'
2026-02-18T10:21:17.0834948Z     'User-Agent': 'azsdk-python-azuremonitorclient/unknown Python/3.11.14 (Linux-6.6.119.3-1.azl3-x86_64-with-glibc2.31)'
2026-02-18T10:21:17.0834968Z A body is sent with the request
2026-02-18T10:21:17.2001133Z 2026-02-18 10:21:17,199 - azure.core.pipeline.policies.http_logging_policy - INFO - Response status: 200
2026-02-18T10:21:17.2002098Z Response headers:
2026-02-18T10:21:17.2002143Z     'Transfer-Encoding': 'chunked'
2026-02-18T10:21:17.2002167Z     'Content-Type': 'application/json; charset=utf-8'
2026-02-18T10:21:17.2002183Z     'Server': 'Microsoft-HTTPAPI/2.0'
2026-02-18T10:21:17.2002257Z     'Strict-Transport-Security': 'REDACTED'
2026-02-18T10:21:17.2002278Z     'X-Content-Type-Options': 'REDACTED'
2026-02-18T10:21:17.2002297Z     'Date': 'Wed, 18 Feb 2026 10:21:16 GMT'
2026-02-18T10:21:17.2002321Z 2026-02-18 10:21:17,199 - azure.monitor.opentelemetry.exporter.export._base - INFO - Transmission succeeded: Item received: 3. Items accepted: 3
2026-02-18T10:21:21.6062931Z 2026-02-18 10:21:21,606 - azure.core.pipeline.policies.http_logging_policy - INFO - Request URL: 'https://westus2-2.in.applicationinsights.azure.com//v2.1/track'
2026-02-18T10:21:21.6063249Z Request method: 'POST'
2026-02-18T10:21:21.6063283Z Request headers:
2026-02-18T10:21:21.6063323Z     'Content-Type': 'application/json'
2026-02-18T10:21:21.6063342Z     'Content-Length': '3720'
2026-02-18T10:21:21.6063361Z     'Accept': 'application/json'
2026-02-18T10:21:21.6063382Z     'x-ms-client-request-id': '92295df2-0cb3-11f1-b7fb-0adf85178b07'
2026-02-18T10:21:21.6063470Z     'User-Agent': 'azsdk-python-azuremonitorclient/unknown Python/3.11.14 (Linux-6.6.119.3-1.azl3-x86_64-with-glibc2.31)'
2026-02-18T10:21:21.6063488Z A body is sent with the request
2026-02-18T10:21:21.6743829Z 2026-02-18 10:21:21,674 - azure.core.pipeline.policies.http_logging_policy - INFO - Response status: 200
2026-02-18T10:21:21.6744466Z Response headers:
2026-02-18T10:21:21.6744495Z     'Transfer-Encoding': 'chunked'
2026-02-18T10:21:21.6744514Z     'Content-Type': 'application/json; charset=utf-8'
2026-02-18T10:21:21.6744531Z     'Server': 'Microsoft-HTTPAPI/2.0'
2026-02-18T10:21:21.6744546Z     'Strict-Transport-Security': 'REDACTED'
2026-02-18T10:21:21.6744566Z     'X-Content-Type-Options': 'REDACTED'
2026-02-18T10:21:21.6744580Z     'Date': 'Wed, 18 Feb 2026 10:21:20 GMT'
2026-02-18T10:21:21.6753629Z 2026-02-18 10:21:21,674 - azure.monitor.opentelemetry.exporter.export._base - INFO - Transmission succeeded: Item received: 3. Items accepted: 3
2026-02-18T10:21:22.2026376Z 2026-02-18 10:21:22,201 - azure.core.pipeline.policies.http_logging_policy - INFO - Request URL: 'https://westus2-2.in.applicationinsights.azure.com//v2.1/track'
2026-02-18T10:21:22.2027110Z Request method: 'POST'
2026-02-18T10:21:22.2027137Z Request headers:
2026-02-18T10:21:22.2027158Z     'Content-Type': 'application/json'
2026-02-18T10:21:22.2027177Z     'Content-Length': '3720'
2026-02-18T10:21:22.2027195Z     'Accept': 'application/json'
2026-02-18T10:21:22.2027214Z     'x-ms-client-request-id': '92843088-0cb3-11f1-a748-0adf85178b07'
2026-02-18T10:21:22.2027236Z     'User-Agent': 'azsdk-python-azuremonitorclient/unknown Python/3.11.14 (Linux-6.6.119.3-1.azl3-x86_64-with-glibc2.31)'
2026-02-18T10:21:22.2027259Z A body is sent with the request
2026-02-18T10:21:22.3717076Z 2026-02-18 10:21:22,370 - azure.core.pipeline.policies.http_logging_policy - INFO - Response status: 200
2026-02-18T10:21:22.3717386Z Response headers:
2026-02-18T10:21:22.3717411Z     'Transfer-Encoding': 'chunked'
2026-02-18T10:21:22.3717434Z     'Content-Type': 'application/json; charset=utf-8'
2026-02-18T10:21:22.3717455Z     'Server': 'Microsoft-HTTPAPI/2.0'
2026-02-18T10:21:22.3717472Z     'Strict-Transport-Security': 'REDACTED'
2026-02-18T10:21:22.3717491Z     'X-Content-Type-Options': 'REDACTED'
2026-02-18T10:21:22.3717511Z     'Date': 'Wed, 18 Feb 2026 10:21:21 GMT'
2026-02-18T10:21:22.3717538Z 2026-02-18 10:21:22,370 - azure.monitor.opentelemetry.exporter.export._base - INFO - Transmission succeeded: Item received: 3. Items accepted: 3
2026-02-18T10:21:26.6777548Z 2026-02-18 10:21:26,676 - azure.core.pipeline.policies.http_logging_policy - INFO - Request URL: 'https://westus2-2.in.applicationinsights.azure.com//v2.1/track'
2026-02-18T10:21:26.6778091Z Request method: 'POST'
2026-02-18T10:21:26.6778114Z Request headers:
2026-02-18T10:21:26.6778134Z     'Content-Type': 'application/json'
2026-02-18T10:21:26.6778152Z     'Content-Length': '3720'
2026-02-18T10:21:26.6778169Z     'Accept': 'application/json'
2026-02-18T10:21:26.6778187Z     'x-ms-client-request-id': '952f0952-0cb3-11f1-b7fb-0adf85178b07'
2026-02-18T10:21:26.6778205Z     'User-Agent': 'azsdk-python-azuremonitorclient/unknown Python/3.11.14 (Linux-6.6.119.3-1.azl3-x86_64-with-glibc2.31)'
2026-02-18T10:21:26.6778220Z A body is sent with the request
2026-02-18T10:21:26.8140767Z 2026-02-18 10:21:26,813 - azure.core.pipeline.policies.http_logging_policy - INFO - Response status: 200
2026-02-18T10:21:26.8141081Z Response headers:
2026-02-18T10:21:26.8141161Z     'Transfer-Encoding': 'chunked'
2026-02-18T10:21:26.8141184Z     'Content-Type': 'application/json; charset=utf-8'
2026-02-18T10:21:26.8141201Z     'Server': 'Microsoft-HTTPAPI/2.0'
2026-02-18T10:21:26.8141220Z     'Strict-Transport-Security': 'REDACTED'
2026-02-18T10:21:26.8141236Z     'X-Content-Type-Options': 'REDACTED'
2026-02-18T10:21:26.8141252Z     'Date': 'Wed, 18 Feb 2026 10:21:25 GMT'
2026-02-18T10:21:26.8150258Z 2026-02-18 10:21:26,814 - azure.monitor.opentelemetry.exporter.export._base - INFO - Transmission succeeded: Item received: 3. Items accepted: 3
2026-02-18T10:21:27.3724313Z 2026-02-18 10:21:27,372 - azure.core.pipeline.policies.http_logging_policy - INFO - Request URL: 'https://westus2-2.in.applicationinsights.azure.com//v2.1/track'
2026-02-18T10:21:27.3724621Z Request method: 'POST'
2026-02-18T10:21:27.3724641Z Request headers:
2026-02-18T10:21:27.3724722Z     'Content-Type': 'application/json'
2026-02-18T10:21:27.3724743Z     'Content-Length': '3720'
2026-02-18T10:21:27.3724762Z     'Accept': 'application/json'
2026-02-18T10:21:27.3724781Z     'x-ms-client-request-id': '95993408-0cb3-11f1-a748-0adf85178b07'
2026-02-18T10:21:27.3724805Z     'User-Agent': 'azsdk-python-azuremonitorclient/unknown Python/3.11.14 (Linux-6.6.119.3-1.azl3-x86_64-with-glibc2.31)'
2026-02-18T10:21:27.3724823Z A body is sent with the request
2026-02-18T10:21:27.5838571Z 2026-02-18 10:21:27,583 - azure.core.pipeline.policies.http_logging_policy - INFO - Response status: 200
2026-02-18T10:21:27.5838944Z Response headers:
2026-02-18T10:21:27.5838971Z     'Transfer-Encoding': 'chunked'
2026-02-18T10:21:27.5838991Z     'Content-Type': 'application/json; charset=utf-8'
2026-02-18T10:21:27.5839009Z     'Server': 'Microsoft-HTTPAPI/2.0'
2026-02-18T10:21:27.5839084Z     'Strict-Transport-Security': 'REDACTED'
2026-02-18T10:21:27.5839104Z     'X-Content-Type-Options': 'REDACTED'
2026-02-18T10:21:27.5839120Z     'Date': 'Wed, 18 Feb 2026 10:21:26 GMT'
2026-02-18T10:21:27.5843186Z 2026-02-18 10:21:27,584 - azure.monitor.opentelemetry.exporter.export._base - INFO - Transmission succeeded: Item received: 3. Items accepted: 3
2026-02-18T10:21:31.8168592Z 2026-02-18 10:21:31,816 - azure.core.pipeline.policies.http_logging_policy - INFO - Request URL: 'https://westus2-2.in.applicationinsights.azure.com//v2.1/track'
2026-02-18T10:21:31.8168926Z Request method: 'POST'
2026-02-18T10:21:31.8168950Z Request headers:
2026-02-18T10:21:31.8168970Z     'Content-Type': 'application/json'
2026-02-18T10:21:31.8168989Z     'Content-Length': '3720'
2026-02-18T10:21:31.8169009Z     'Accept': 'application/json'
2026-02-18T10:21:31.8169029Z     'x-ms-client-request-id': '983f5d36-0cb3-11f1-b7fb-0adf85178b07'
2026-02-18T10:21:31.8169052Z     'User-Agent': 'azsdk-python-azuremonitorclient/unknown Python/3.11.14 (Linux-6.6.119.3-1.azl3-x86_64-with-glibc2.31)'
2026-02-18T10:21:31.8169070Z A body is sent with the request
2026-02-18T10:21:31.8640225Z 2026-02-18 10:21:31,863 - azure.core.pipeline.policies.http_logging_policy - INFO - Response status: 200
2026-02-18T10:21:31.8640527Z Response headers:
2026-02-18T10:21:31.8640598Z     'Transfer-Encoding': 'chunked'
2026-02-18T10:21:31.8640617Z     'Content-Type': 'application/json; charset=utf-8'
2026-02-18T10:21:31.8640636Z     'Server': 'Microsoft-HTTPAPI/2.0'
2026-02-18T10:21:31.8640654Z     'Strict-Transport-Security': 'REDACTED'
2026-02-18T10:21:31.8640669Z     'X-Content-Type-Options': 'REDACTED'
2026-02-18T10:21:31.8640684Z     'Date': 'Wed, 18 Feb 2026 10:21:30 GMT'
2026-02-18T10:21:31.8644539Z 2026-02-18 10:21:31,864 - azure.monitor.opentelemetry.exporter.export._base - INFO - Transmission succeeded: Item received: 3. Items accepted: 3
2026-02-18T10:21:32.5859555Z 2026-02-18 10:21:32,585 - azure.core.pipeline.policies.http_logging_policy - INFO - Request URL: 'https://westus2-2.in.applicationinsights.azure.com//v2.1/track'
2026-02-18T10:21:32.5859911Z Request method: 'POST'
2026-02-18T10:21:32.5859937Z Request headers:
2026-02-18T10:21:32.5860022Z     'Content-Type': 'application/json'
2026-02-18T10:21:32.5860039Z     'Content-Length': '3720'
2026-02-18T10:21:32.5860054Z     'Accept': 'application/json'
2026-02-18T10:21:32.5860071Z     'x-ms-client-request-id': '98b4b932-0cb3-11f1-a748-0adf85178b07'
2026-02-18T10:21:32.5860092Z     'User-Agent': 'azsdk-python-azuremonitorclient/unknown Python/3.11.14 (Linux-6.6.119.3-1.azl3-x86_64-with-glibc2.31)'
2026-02-18T10:21:32.5860110Z A body is sent with the request
2026-02-18T10:21:32.7438457Z 2026-02-18 10:21:32,743 - azure.core.pipeline.policies.http_logging_policy - INFO - Response status: 200
2026-02-18T10:21:32.7438796Z Response headers:
2026-02-18T10:21:32.7438821Z     'Transfer-Encoding': 'chunked'
2026-02-18T10:21:32.7438838Z     'Content-Type': 'application/json; charset=utf-8'
2026-02-18T10:21:32.7438912Z     'Server': 'Microsoft-HTTPAPI/2.0'
2026-02-18T10:21:32.7438931Z     'Strict-Transport-Security': 'REDACTED'
2026-02-18T10:21:32.7438950Z     'X-Content-Type-Options': 'REDACTED'
2026-02-18T10:21:32.7438971Z     'Date': 'Wed, 18 Feb 2026 10:21:32 GMT'
2026-02-18T10:21:32.7438986Z     'Connection': 'close'
2026-02-18T10:21:32.7453296Z 2026-02-18 10:21:32,744 - azure.monitor.opentelemetry.exporter.export._base - INFO - Transmission succeeded: Item received: 3. Items accepted: 3
