2026-02-18T23:49:21.1278504Z     'Server': 'Kestrel'
2026-02-18T23:49:21.1278526Z     'Transfer-Encoding': 'chunked'
2026-02-18T23:49:21.1278548Z     'X-CORRELATION-ID': 'REDACTED'
2026-02-18T23:49:21.1365752Z 2026-02-18 23:49:21,136 - azure.identity._credentials.chained - INFO - DefaultAzureCredential acquired a token from ManagedIdentityCredential
2026-02-18T23:49:21.1383286Z 2026-02-18 23:49:21,121 - azure.identity._credentials.chained - INFO - DefaultAzureCredential acquired a token from ManagedIdentityCredential
2026-02-18T23:49:21.2605465Z 2026-02-18 23:49:21,243 - app.main - INFO - ← POST /api/logs 200
2026-02-18T23:49:21.2605851Z 169.254.130.1:47825 - "POST /api/logs HTTP/1.1" 200
2026-02-18T23:49:21.2605887Z 2026-02-18 23:49:21,253 - app.main - INFO - ← POST /api/logs 200
2026-02-18T23:49:21.2605913Z 169.254.130.1:47805 - "POST /api/logs HTTP/1.1" 200
2026-02-18T23:49:21.3801972Z 2026-02-18 23:49:21,366 - azure.identity._credentials.environment - INFO - Incomplete environment configuration for EnvironmentCredential. These variables are set: AZURE_CLIENT_ID
2026-02-18T23:49:21.3929212Z 2026-02-18 23:49:21,392 - azure.identity._credentials.managed_identity - INFO - ManagedIdentityCredential will use App Service managed identity
2026-02-18T23:49:21.4001244Z 2026-02-18 23:49:21,399 - azure.core.pipeline.policies.http_logging_policy - INFO - Request URL: 'http://169.254.130.4:8081/msi/token?api-version=REDACTED&resource=REDACTED&client_id=REDACTED'
2026-02-18T23:49:21.4001412Z Request method: 'GET'
2026-02-18T23:49:21.4001445Z Request headers:
2026-02-18T23:49:21.4001535Z     'X-IDENTITY-HEADER': 'REDACTED'
2026-02-18T23:49:21.4001563Z     'User-Agent': 'azsdk-python-identity/1.17.1 Python/3.11.14 (Linux-6.6.119.3-1.azl3-x86_64-with-glibc2.31)'
2026-02-18T23:49:21.4001592Z     'traceparent': '00-bf366fccb7c86c9332de8763e55d3b56-fef6a97f40a5e01c-01'
2026-02-18T23:49:21.4001615Z No body was attached to the request
2026-02-18T23:49:21.4093650Z 2026-02-18 23:49:21,409 - app.providers.yahoo_provider - INFO - Fetched 139 contracts for META (exp=2026-02-18)
2026-02-18T23:49:21.4307690Z 2026-02-18 23:49:21,430 - app.main - INFO - ← GET /api/scan 200
2026-02-18T23:49:21.4315712Z 169.254.130.1:47797 - "GET /api/scan HTTP/1.1" 200
2026-02-18T23:49:21.5254954Z 2026-02-18 23:49:21,525 - azure.core.pipeline.policies.http_logging_policy - INFO - Response status: 200
2026-02-18T23:49:21.5255486Z Response headers:
2026-02-18T23:49:21.5255578Z     'Content-Type': 'application/json; charset=utf-8'
2026-02-18T23:49:21.5255603Z     'Date': 'Wed, 18 Feb 2026 23:49:21 GMT'
2026-02-18T23:49:21.5255624Z     'Server': 'Kestrel'
2026-02-18T23:49:21.5255648Z     'Transfer-Encoding': 'chunked'
2026-02-18T23:49:21.5255670Z     'X-CORRELATION-ID': 'REDACTED'
2026-02-18T23:49:21.5367276Z 2026-02-18 23:49:21,527 - azure.identity._credentials.chained - INFO - DefaultAzureCredential acquired a token from ManagedIdentityCredential
2026-02-18T23:49:21.5503039Z 2026-02-18 23:49:21,542 - app.main - INFO - → POST /api/logs
2026-02-18T23:49:21.5523315Z 2026-02-18 23:49:21,552 - app.main - INFO - ← POST /api/logs 200
2026-02-18T23:49:21.5628535Z 169.254.130.1:47805 - "POST /api/logs HTTP/1.1" 200
2026-02-18T23:49:21.5796460Z 2026-02-18 23:49:21,579 - app.main - INFO - → POST /api/logs
2026-02-18T23:49:21.5902417Z 2026-02-18 23:49:21,589 - app.main - INFO - ← POST /api/logs 200
2026-02-18T23:49:21.5909611Z 169.254.130.1:47797 - "POST /api/logs HTTP/1.1" 200
2026-02-18T23:49:21.6517794Z 2026-02-18 23:49:21,651 - app.main - INFO - ← GET /api/portfolio 200
2026-02-18T23:49:21.6529826Z 169.254.130.1:47789 - "GET /api/portfolio HTTP/1.1" 200
2026-02-18T23:49:21.6803557Z 2026-02-18 23:49:21,680 - app.main - INFO - → GET /api/portfolio
2026-02-18T23:49:21.6966635Z 2026-02-18 23:49:21,696 - azure.identity._credentials.environment - INFO - Incomplete environment configuration for EnvironmentCredential. These variables are set: AZURE_CLIENT_ID
2026-02-18T23:49:21.6974315Z 2026-02-18 23:49:21,697 - azure.identity._credentials.managed_identity - INFO - ManagedIdentityCredential will use App Service managed identity
2026-02-18T23:49:21.6994490Z 2026-02-18 23:49:21,699 - azure.core.pipeline.policies.http_logging_policy - INFO - Request URL: 'http://169.254.130.4:8081/msi/token?api-version=REDACTED&resource=REDACTED&client_id=REDACTED'
2026-02-18T23:49:21.6994718Z Request method: 'GET'
2026-02-18T23:49:21.6994745Z Request headers:
2026-02-18T23:49:21.6994769Z     'X-IDENTITY-HEADER': 'REDACTED'
2026-02-18T23:49:21.6994796Z     'User-Agent': 'azsdk-python-identity/1.17.1 Python/3.11.14 (Linux-6.6.119.3-1.azl3-x86_64-with-glibc2.31)'
2026-02-18T23:49:21.6994821Z     'traceparent': '00-cd8676a0663daa7a37a00832001f0969-9ccb1319111482fb-01'
2026-02-18T23:49:21.6994843Z No body was attached to the request
2026-02-18T23:49:21.7284369Z /tmp/8de6f43366ae4c5/antenv/lib/python3.11/site-packages/yfinance/scrapers/quote.py:147: Pandas4Warning: Timestamp.utcnow is deprecated and will be removed in a future version. Use Timestamp.now('UTC') instead.
2026-02-18T23:49:21.7284908Z   dnow = pd.Timestamp.utcnow().tz_convert(self.timezone).date()
2026-02-18T23:49:21.7840516Z 2026-02-18 23:49:21,783 - azure.core.pipeline.policies.http_logging_policy - INFO - Response status: 200
2026-02-18T23:49:21.7841158Z Response headers:
2026-02-18T23:49:21.7841290Z     'Content-Type': 'application/json; charset=utf-8'
2026-02-18T23:49:21.7841314Z     'Date': 'Wed, 18 Feb 2026 23:49:21 GMT'
2026-02-18T23:49:21.7841336Z     'Server': 'Kestrel'
2026-02-18T23:49:21.7841358Z     'Transfer-Encoding': 'chunked'
2026-02-18T23:49:21.7841379Z     'X-CORRELATION-ID': 'REDACTED'
2026-02-18T23:49:21.7929732Z 2026-02-18 23:49:21,792 - azure.identity._credentials.chained - INFO - DefaultAzureCredential acquired a token from ManagedIdentityCredential
2026-02-18T23:49:21.8684827Z 2026-02-18 23:49:21,868 - azure.identity._credentials.environment - INFO - Incomplete environment configuration for EnvironmentCredential. These variables are set: AZURE_CLIENT_ID
2026-02-18T23:49:21.8842579Z 2026-02-18 23:49:21,877 - azure.identity._credentials.managed_identity - INFO - ManagedIdentityCredential will use App Service managed identity
2026-02-18T23:49:21.8842962Z 2026-02-18 23:49:21,878 - azure.core.pipeline.policies.http_logging_policy - INFO - Request URL: 'http://169.254.130.4:8081/msi/token?api-version=REDACTED&resource=REDACTED&client_id=REDACTED'
2026-02-18T23:49:21.8842991Z Request method: 'GET'
2026-02-18T23:49:21.8843014Z Request headers:
2026-02-18T23:49:21.8843195Z     'X-IDENTITY-HEADER': 'REDACTED'
2026-02-18T23:49:21.8843221Z     'User-Agent': 'azsdk-python-identity/1.17.1 Python/3.11.14 (Linux-6.6.119.3-1.azl3-x86_64-with-glibc2.31)'
2026-02-18T23:49:21.8843245Z     'traceparent': '00-9206f74257dd6505ab0f204afa3ebf8d-31a6d720c5027a0e-01'
2026-02-18T23:49:21.8843266Z No body was attached to the request
2026-02-18T23:49:21.9480757Z 2026-02-18 23:49:21,944 - azure.core.pipeline.policies.http_logging_policy - INFO - Response status: 200
2026-02-18T23:49:21.9481466Z Response headers:
2026-02-18T23:49:21.9481512Z     'Content-Type': 'application/json; charset=utf-8'
2026-02-18T23:49:21.9481633Z     'Date': 'Wed, 18 Feb 2026 23:49:21 GMT'
2026-02-18T23:49:21.9481657Z     'Server': 'Kestrel'
2026-02-18T23:49:21.9481679Z     'Transfer-Encoding': 'chunked'
2026-02-18T23:49:21.9481701Z     'X-CORRELATION-ID': 'REDACTED'
2026-02-18T23:49:21.9502057Z 2026-02-18 23:49:21,950 - azure.identity._credentials.chained - INFO - DefaultAzureCredential acquired a token from ManagedIdentityCredential
2026-02-18T23:49:21.9964322Z 2026-02-18 23:49:21,996 - app.main - INFO - ← GET /api/portfolio 200
2026-02-18T23:49:21.9974510Z 169.254.130.1:47789 - "GET /api/portfolio HTTP/1.1" 200
2026-02-18T23:49:22.0778469Z 2026-02-18 23:49:22,077 - app.main - INFO - → POST /api/logs
2026-02-18T23:49:22.0817613Z 2026-02-18 23:49:22,081 - app.main - INFO - ← POST /api/logs 200
2026-02-18T23:49:22.0825257Z 169.254.130.1:47789 - "POST /api/logs HTTP/1.1" 200
2026-02-18T23:49:22.0893583Z 2026-02-18 23:49:22,083 - app.main - INFO - → POST /api/logs
2026-02-18T23:49:22.0990311Z 2026-02-18 23:49:22,098 - app.main - INFO - ← POST /api/logs 200
2026-02-18T23:49:22.1002732Z 169.254.130.1:47797 - "POST /api/logs HTTP/1.1" 200
2026-02-18T23:49:22.1660096Z 2026-02-18 23:49:22,165 - app.providers.yahoo_provider - INFO - Fetched 95 contracts for NVDA (exp=2026-02-18)
2026-02-18T23:49:22.6165828Z /tmp/8de6f43366ae4c5/antenv/lib/python3.11/site-packages/yfinance/scrapers/quote.py:147: Pandas4Warning: Timestamp.utcnow is deprecated and will be removed in a future version. Use Timestamp.now('UTC') instead.
2026-02-18T23:49:22.6166826Z   dnow = pd.Timestamp.utcnow().tz_convert(self.timezone).date()
2026-02-18T23:49:23.2657343Z 2026-02-18 23:49:23,265 - azure.core.pipeline.policies.http_logging_policy - INFO - Request URL: 'https://westus2-2.in.applicationinsights.azure.com//v2.1/track'
2026-02-18T23:49:23.2660315Z Request method: 'POST'
2026-02-18T23:49:23.2660420Z Request headers:
2026-02-18T23:49:23.2660488Z     'Content-Type': 'application/json'
2026-02-18T23:49:23.2660511Z     'Content-Length': '63186'
2026-02-18T23:49:23.2660533Z     'Accept': 'application/json'
2026-02-18T23:49:23.2660557Z     'x-ms-client-request-id': '737a4e36-0d24-11f1-ac5a-d2a6f0f32f9f'
2026-02-18T23:49:23.2660583Z     'User-Agent': 'azsdk-python-azuremonitorclient/unknown Python/3.11.14 (Linux-6.6.119.3-1.azl3-x86_64-with-glibc2.31)'
2026-02-18T23:49:23.2660606Z A body is sent with the request
2026-02-18T23:49:23.3070076Z 2026-02-18 23:49:23,306 - app.providers.yahoo_provider - INFO - Fetched 170 contracts for SPY (exp=2026-02-18)
2026-02-18T23:49:23.3457592Z 2026-02-18 23:49:23,345 - azure.identity._credentials.environment - INFO - Incomplete environment configuration for EnvironmentCredential. These variables are set: AZURE_CLIENT_ID
2026-02-18T23:49:23.3631723Z 2026-02-18 23:49:23,355 - azure.identity._credentials.managed_identity - INFO - ManagedIdentityCredential will use App Service managed identity
2026-02-18T23:49:23.3750249Z 2026-02-18 23:49:23,374 - azure.core.pipeline.policies.http_logging_policy - INFO - Request URL: 'http://169.254.130.4:8081/msi/token?api-version=REDACTED&resource=REDACTED&client_id=REDACTED'
2026-02-18T23:49:23.3750489Z Request method: 'GET'
2026-02-18T23:49:23.3750516Z Request headers:
2026-02-18T23:49:23.3750583Z     'X-IDENTITY-HEADER': 'REDACTED'
2026-02-18T23:49:23.3750611Z     'User-Agent': 'azsdk-python-identity/1.17.1 Python/3.11.14 (Linux-6.6.119.3-1.azl3-x86_64-with-glibc2.31)'
2026-02-18T23:49:23.3750636Z     'traceparent': '00-efd6dc8877074e79c8db49e1e29c50c5-db11ca3ce1265e41-01'
2026-02-18T23:49:23.3750659Z No body was attached to the request
2026-02-18T23:49:23.5233672Z 2026-02-18 23:49:23,491 - azure.core.pipeline.policies.http_logging_policy - INFO - Response status: 200
2026-02-18T23:49:23.5234201Z Response headers:
2026-02-18T23:49:23.5234239Z     'Content-Type': 'application/json; charset=utf-8'
2026-02-18T23:49:23.5234274Z     'Date': 'Wed, 18 Feb 2026 23:49:23 GMT'
2026-02-18T23:49:23.5234297Z     'Server': 'Kestrel'
2026-02-18T23:49:23.5234328Z     'Transfer-Encoding': 'chunked'
2026-02-18T23:49:23.5234441Z     'X-CORRELATION-ID': 'REDACTED'
2026-02-18T23:49:23.5234472Z 2026-02-18 23:49:23,499 - azure.identity._credentials.chained - INFO - DefaultAzureCredential acquired a token from ManagedIdentityCredential
2026-02-18T23:49:23.5234499Z 2026-02-18 23:49:23,517 - azure.core.pipeline.policies.http_logging_policy - INFO - Response status: 200
2026-02-18T23:49:23.5234521Z Response headers:
2026-02-18T23:49:23.5234544Z     'Transfer-Encoding': 'chunked'
2026-02-18T23:49:23.5234568Z     'Content-Type': 'application/json; charset=utf-8'
2026-02-18T23:49:23.5234591Z     'Server': 'Microsoft-HTTPAPI/2.0'
2026-02-18T23:49:23.5234615Z     'Strict-Transport-Security': 'REDACTED'
2026-02-18T23:49:23.5234637Z     'X-Content-Type-Options': 'REDACTED'
2026-02-18T23:49:23.5234660Z     'Date': 'Wed, 18 Feb 2026 23:49:22 GMT'
2026-02-18T23:49:23.5234691Z 2026-02-18 23:49:23,521 - azure.monitor.opentelemetry.exporter.export._base - INFO - Transmission succeeded: Item received: 60. Items accepted: 60
2026-02-18T23:49:24.4264204Z 2026-02-18 23:49:24,419 - azure.core.pipeline.policies.http_logging_policy - INFO - Request URL: 'https://westus2-2.in.applicationinsights.azure.com//v2.1/track'
2026-02-18T23:49:24.4264517Z Request method: 'POST'
2026-02-18T23:49:24.4264550Z Request headers:
2026-02-18T23:49:24.4264577Z     'Content-Type': 'application/json'
2026-02-18T23:49:24.4264603Z     'Content-Length': '13681'
2026-02-18T23:49:24.4264623Z     'Accept': 'application/json'
2026-02-18T23:49:24.4264645Z     'x-ms-client-request-id': '742b8412-0d24-11f1-8a4b-d2a6f0f32f9f'
2026-02-18T23:49:24.4264670Z     'User-Agent': 'azsdk-python-azuremonitorclient/unknown Python/3.11.14 (Linux-6.6.119.3-1.azl3-x86_64-with-glibc2.31)'
2026-02-18T23:49:24.4264695Z A body is sent with the request
2026-02-18T23:49:24.5794407Z 2026-02-18 23:49:24,579 - azure.core.pipeline.policies.http_logging_policy - INFO - Response status: 200
2026-02-18T23:49:24.5795221Z Response headers:
2026-02-18T23:49:24.5795256Z     'Transfer-Encoding': 'chunked'
2026-02-18T23:49:24.5795282Z     'Content-Type': 'application/json; charset=utf-8'
2026-02-18T23:49:24.5795305Z     'Server': 'Microsoft-HTTPAPI/2.0'
2026-02-18T23:49:24.5795329Z     'Strict-Transport-Security': 'REDACTED'
2026-02-18T23:49:24.5795352Z     'X-Content-Type-Options': 'REDACTED'
2026-02-18T23:49:24.5795375Z     'Date': 'Wed, 18 Feb 2026 23:49:24 GMT'
2026-02-18T23:49:24.5826189Z 2026-02-18 23:49:24,582 - azure.monitor.opentelemetry.exporter.export._base - INFO - Transmission succeeded: Item received: 11. Items accepted: 11
2026-02-18T23:49:24.9306320Z 2026-02-18 23:49:24,930 - azure.core.pipeline.policies.http_logging_policy - INFO - Request URL: 'https://westus2-2.in.applicationinsights.azure.com//v2.1/track'
2026-02-18T23:49:24.9307148Z Request method: 'POST'
2026-02-18T23:49:24.9307188Z Request headers:
2026-02-18T23:49:24.9307211Z     'Content-Type': 'application/json'
2026-02-18T23:49:24.9307233Z     'Content-Length': '20245'
2026-02-18T23:49:24.9307256Z     'Accept': 'application/json'
2026-02-18T23:49:24.9307280Z     'x-ms-client-request-id': '747987ac-0d24-11f1-9bbd-d2a6f0f32f9f'
2026-02-18T23:49:24.9307308Z     'User-Agent': 'azsdk-python-azuremonitorclient/unknown Python/3.11.14 (Linux-6.6.119.3-1.azl3-x86_64-with-glibc2.31)'
2026-02-18T23:49:24.9307331Z A body is sent with the request
2026-02-18T23:49:25.0117771Z 2026-02-18 23:49:25,011 - azure.core.pipeline.policies.http_logging_policy - INFO - Response status: 200
2026-02-18T23:49:25.0118881Z Response headers:
2026-02-18T23:49:25.0118938Z     'Transfer-Encoding': 'chunked'
2026-02-18T23:49:25.0119063Z     'Content-Type': 'application/json; charset=utf-8'
2026-02-18T23:49:25.0119087Z     'Server': 'Microsoft-HTTPAPI/2.0'
2026-02-18T23:49:25.0119109Z     'Strict-Transport-Security': 'REDACTED'
2026-02-18T23:49:25.0119132Z     'X-Content-Type-Options': 'REDACTED'
2026-02-18T23:49:25.0119156Z     'Date': 'Wed, 18 Feb 2026 23:49:24 GMT'
2026-02-18T23:49:25.0129051Z 2026-02-18 23:49:25,012 - azure.monitor.opentelemetry.exporter.export._base - INFO - Transmission succeeded: Item received: 16. Items accepted: 16
2026-02-18T23:49:25.1288794Z 2026-02-18 23:49:25,128 - azure.core.pipeline.policies.http_logging_policy - INFO - Request URL: 'https://westus2-2.in.applicationinsights.azure.com//v2.1/track'
2026-02-18T23:49:25.1289740Z Request method: 'POST'
2026-02-18T23:49:25.1289779Z Request headers:
2026-02-18T23:49:25.1289804Z     'Content-Type': 'application/json'
2026-02-18T23:49:25.1289928Z     'Content-Length': '16075'
2026-02-18T23:49:25.1289951Z     'Accept': 'application/json'
2026-02-18T23:49:25.1289976Z     'x-ms-client-request-id': '7497bcc2-0d24-11f1-9ac0-d2a6f0f32f9f'
2026-02-18T23:49:25.1290003Z     'User-Agent': 'azsdk-python-azuremonitorclient/unknown Python/3.11.14 (Linux-6.6.119.3-1.azl3-x86_64-with-glibc2.31)'
2026-02-18T23:49:25.1290025Z A body is sent with the request
2026-02-18T23:49:25.1947828Z 2026-02-18 23:49:25,194 - app.main - INFO - Background scan completed: 476 results
2026-02-18T23:49:25.2550746Z 2026-02-18 23:49:25,254 - azure.core.pipeline.policies.http_logging_policy - INFO - Response status: 200
2026-02-18T23:49:25.2551344Z Response headers:
2026-02-18T23:49:25.2551377Z     'Transfer-Encoding': 'chunked'
2026-02-18T23:49:25.2551403Z     'Content-Type': 'application/json; charset=utf-8'
2026-02-18T23:49:25.2551519Z     'Server': 'Microsoft-HTTPAPI/2.0'
2026-02-18T23:49:25.2551542Z     'Strict-Transport-Security': 'REDACTED'
2026-02-18T23:49:25.2551565Z     'X-Content-Type-Options': 'REDACTED'
2026-02-18T23:49:25.2551587Z     'Date': 'Wed, 18 Feb 2026 23:49:24 GMT'
2026-02-18T23:49:25.2568083Z 2026-02-18 23:49:25,256 - azure.monitor.opentelemetry.exporter.export._base - INFO - Transmission succeeded: Item received: 14. Items accepted: 14
2026-02-18T23:49:28.5284997Z 2026-02-18 23:49:28,528 - azure.core.pipeline.policies.http_logging_policy - INFO - Request URL: 'https://westus2-2.in.applicationinsights.azure.com//v2.1/track'
2026-02-18T23:49:28.5285348Z Request method: 'POST'
2026-02-18T23:49:28.5285379Z Request headers:
2026-02-18T23:49:28.5285402Z     'Content-Type': 'application/json'
2026-02-18T23:49:28.5285494Z     'Content-Length': '7445'
2026-02-18T23:49:28.5285517Z     'Accept': 'application/json'
2026-02-18T23:49:28.5285539Z     'x-ms-client-request-id': '769e88e8-0d24-11f1-ac5a-d2a6f0f32f9f'
2026-02-18T23:49:28.5285565Z     'User-Agent': 'azsdk-python-azuremonitorclient/unknown Python/3.11.14 (Linux-6.6.119.3-1.azl3-x86_64-with-glibc2.31)'
2026-02-18T23:49:28.5285586Z A body is sent with the request
2026-02-18T23:49:28.6306198Z 2026-02-18 23:49:28,629 - azure.core.pipeline.policies.http_logging_policy - INFO - Response status: 200
2026-02-18T23:49:28.6307746Z Response headers:
2026-02-18T23:49:28.6307806Z     'Transfer-Encoding': 'chunked'
2026-02-18T23:49:28.6307830Z     'Content-Type': 'application/json; charset=utf-8'
2026-02-18T23:49:28.6307851Z     'Server': 'Microsoft-HTTPAPI/2.0'
2026-02-18T23:49:28.6307873Z     'Strict-Transport-Security': 'REDACTED'
2026-02-18T23:49:28.6308064Z     'X-Content-Type-Options': 'REDACTED'
2026-02-18T23:49:28.6308085Z     'Date': 'Wed, 18 Feb 2026 23:49:27 GMT'
2026-02-18T23:49:28.6308112Z 2026-02-18 23:49:28,630 - azure.monitor.opentelemetry.exporter.export._base - INFO - Transmission succeeded: Item received: 6. Items accepted: 6
2026-02-18T23:49:30.2600091Z 2026-02-18 23:49:30,259 - azure.core.pipeline.policies.http_logging_policy - INFO - Request URL: 'https://westus2-2.in.applicationinsights.azure.com//v2.1/track'
2026-02-18T23:49:30.2600810Z Request method: 'POST'
2026-02-18T23:49:30.2600851Z Request headers:
2026-02-18T23:49:30.2600880Z     'Content-Type': 'application/json'
2026-02-18T23:49:30.2600902Z     'Content-Length': '4659'
2026-02-18T23:49:30.2600930Z     'Accept': 'application/json'
2026-02-18T23:49:30.2600958Z     'x-ms-client-request-id': '77a6b436-0d24-11f1-9ac0-d2a6f0f32f9f'
2026-02-18T23:49:30.2601068Z     'User-Agent': 'azsdk-python-azuremonitorclient/unknown Python/3.11.14 (Linux-6.6.119.3-1.azl3-x86_64-with-glibc2.31)'
2026-02-18T23:49:30.2601094Z A body is sent with the request
2026-02-18T23:49:30.3110270Z 2026-02-18 23:49:30,310 - azure.core.pipeline.policies.http_logging_policy - INFO - Response status: 200
2026-02-18T23:49:30.3111072Z Response headers:
2026-02-18T23:49:30.3111119Z     'Transfer-Encoding': 'chunked'
2026-02-18T23:49:30.3111144Z     'Content-Type': 'application/json; charset=utf-8'
2026-02-18T23:49:30.3111166Z     'Server': 'Microsoft-HTTPAPI/2.0'
2026-02-18T23:49:30.3111188Z     'Strict-Transport-Security': 'REDACTED'
2026-02-18T23:49:30.3111217Z     'X-Content-Type-Options': 'REDACTED'
2026-02-18T23:49:30.3111240Z     'Date': 'Wed, 18 Feb 2026 23:49:29 GMT'
2026-02-18T23:49:30.3125764Z 2026-02-18 23:49:30,312 - azure.monitor.opentelemetry.exporter.export._base - INFO - Transmission succeeded: Item received: 4. Items accepted: 4
2026-02-18T23:49:33.6340466Z 2026-02-18 23:49:33,633 - azure.core.pipeline.policies.http_logging_policy - INFO - Request URL: 'https://westus2-2.in.applicationinsights.azure.com//v2.1/track'
2026-02-18T23:49:33.6341359Z Request method: 'POST'
2026-02-18T23:49:33.6341406Z Request headers:
2026-02-18T23:49:33.6341430Z     'Content-Type': 'application/json'
2026-02-18T23:49:33.6341453Z     'Content-Length': '3720'
2026-02-18T23:49:33.6341480Z     'Accept': 'application/json'
2026-02-18T23:49:33.6341511Z     'x-ms-client-request-id': '79a99168-0d24-11f1-ac5a-d2a6f0f32f9f'
2026-02-18T23:49:33.6341539Z     'User-Agent': 'azsdk-python-azuremonitorclient/unknown Python/3.11.14 (Linux-6.6.119.3-1.azl3-x86_64-with-glibc2.31)'
2026-02-18T23:49:33.6341565Z A body is sent with the request
2026-02-18T23:49:33.9060592Z 2026-02-18 23:49:33,905 - azure.core.pipeline.policies.http_logging_policy - INFO - Response status: 200
2026-02-18T23:49:33.9061469Z Response headers:
2026-02-18T23:49:33.9061508Z     'Transfer-Encoding': 'chunked'
2026-02-18T23:49:33.9061532Z     'Content-Type': 'application/json; charset=utf-8'
2026-02-18T23:49:33.9061555Z     'Server': 'Microsoft-HTTPAPI/2.0'
2026-02-18T23:49:33.9061578Z     'Strict-Transport-Security': 'REDACTED'
2026-02-18T23:49:33.9061601Z     'X-Content-Type-Options': 'REDACTED'
2026-02-18T23:49:33.9061629Z     'Date': 'Wed, 18 Feb 2026 23:49:33 GMT'
2026-02-18T23:49:33.9075583Z 2026-02-18 23:49:33,907 - azure.monitor.opentelemetry.exporter.export._base - INFO - Transmission succeeded: Item received: 3. Items accepted: 3
2026-02-18T23:49:35.3172792Z 2026-02-18 23:49:35,316 - azure.core.pipeline.policies.http_logging_policy - INFO - Request URL: 'https://westus2-2.in.applicationinsights.azure.com//v2.1/track'
2026-02-18T23:49:35.3173253Z Request method: 'POST'
2026-02-18T23:49:35.3173281Z Request headers:
2026-02-18T23:49:35.3173304Z     'Content-Type': 'application/json'
2026-02-18T23:49:35.3173331Z     'Content-Length': '3719'
2026-02-18T23:49:35.3173355Z     'Accept': 'application/json'
2026-02-18T23:49:35.3173381Z     'x-ms-client-request-id': '7aaa629a-0d24-11f1-9ac0-d2a6f0f32f9f'
2026-02-18T23:49:35.3173410Z     'User-Agent': 'azsdk-python-azuremonitorclient/unknown Python/3.11.14 (Linux-6.6.119.3-1.azl3-x86_64-with-glibc2.31)'
2026-02-18T23:49:35.3173435Z A body is sent with the request
2026-02-18T23:49:35.4915707Z 2026-02-18 23:49:35,491 - azure.core.pipeline.policies.http_logging_policy - INFO - Response status: 200
2026-02-18T23:49:35.4916275Z Response headers:
2026-02-18T23:49:35.4916388Z     'Transfer-Encoding': 'chunked'
2026-02-18T23:49:35.4916414Z     'Content-Type': 'application/json; charset=utf-8'
2026-02-18T23:49:35.4916441Z     'Server': 'Microsoft-HTTPAPI/2.0'
2026-02-18T23:49:35.4916464Z     'Strict-Transport-Security': 'REDACTED'
2026-02-18T23:49:35.4916487Z     'X-Content-Type-Options': 'REDACTED'
2026-02-18T23:49:35.4916510Z     'Date': 'Wed, 18 Feb 2026 23:49:34 GMT'
2026-02-18T23:49:35.5036300Z 2026-02-18 23:49:35,502 - azure.monitor.opentelemetry.exporter.export._base - INFO - Transmission succeeded: Item received: 3. Items accepted: 3
2026-02-18T23:49:38.9126907Z 2026-02-18 23:49:38,910 - azure.core.pipeline.policies.http_logging_policy - INFO - Request URL: 'https://westus2-2.in.applicationinsights.azure.com//v2.1/track'
2026-02-18T23:49:38.9127326Z Request method: 'POST'
2026-02-18T23:49:38.9127447Z Request headers:
2026-02-18T23:49:38.9127472Z     'Content-Type': 'application/json'
2026-02-18T23:49:38.9127494Z     'Content-Length': '3720'
2026-02-18T23:49:38.9127517Z     'Accept': 'application/json'
2026-02-18T23:49:38.9127540Z     'x-ms-client-request-id': '7ccec368-0d24-11f1-ac5a-d2a6f0f32f9f'
2026-02-18T23:49:38.9127567Z     'User-Agent': 'azsdk-python-azuremonitorclient/unknown Python/3.11.14 (Linux-6.6.119.3-1.azl3-x86_64-with-glibc2.31)'
2026-02-18T23:49:38.9127589Z A body is sent with the request
2026-02-18T23:49:39.0168849Z 2026-02-18 23:49:39,015 - azure.core.pipeline.policies.http_logging_policy - INFO - Response status: 200
2026-02-18T23:49:39.0169645Z Response headers:
2026-02-18T23:49:39.0169688Z     'Transfer-Encoding': 'chunked'
2026-02-18T23:49:39.0169714Z     'Content-Type': 'application/json; charset=utf-8'
2026-02-18T23:49:39.0169819Z     'Server': 'Microsoft-HTTPAPI/2.0'
2026-02-18T23:49:39.0169843Z     'Strict-Transport-Security': 'REDACTED'
2026-02-18T23:49:39.0169865Z     'X-Content-Type-Options': 'REDACTED'
2026-02-18T23:49:39.0169887Z     'Date': 'Wed, 18 Feb 2026 23:49:38 GMT'
2026-02-18T23:49:39.0169909Z     'Connection': 'close'
2026-02-18T23:49:39.0203875Z 2026-02-18 23:49:39,019 - azure.monitor.opentelemetry.exporter.export._base - INFO - Transmission succeeded: Item received: 3. Items accepted: 3
2026-02-18T23:49:40.5080947Z 2026-02-18 23:49:40,506 - azure.core.pipeline.policies.http_logging_policy - INFO - Request URL: 'https://westus2-2.in.applicationinsights.azure.com//v2.1/track'
2026-02-18T23:49:40.5081445Z Request method: 'POST'
2026-02-18T23:49:40.5081486Z Request headers:
2026-02-18T23:49:40.5081513Z     'Content-Type': 'application/json'
2026-02-18T23:49:40.5081627Z     'Content-Length': '3720'
2026-02-18T23:49:40.5081654Z     'Accept': 'application/json'
2026-02-18T23:49:40.5081679Z     'x-ms-client-request-id': '7dc23070-0d24-11f1-9ac0-d2a6f0f32f9f'
2026-02-18T23:49:40.5081709Z     'User-Agent': 'azsdk-python-azuremonitorclient/unknown Python/3.11.14 (Linux-6.6.119.3-1.azl3-x86_64-with-glibc2.31)'
2026-02-18T23:49:40.5081733Z A body is sent with the request
2026-02-18T23:49:40.6157347Z 2026-02-18 23:49:40,614 - azure.core.pipeline.policies.http_logging_policy - INFO - Response status: 200
2026-02-18T23:49:40.6157896Z Response headers:
2026-02-18T23:49:40.6157931Z     'Transfer-Encoding': 'chunked'
2026-02-18T23:49:40.6157955Z     'Content-Type': 'application/json; charset=utf-8'
2026-02-18T23:49:40.6157984Z     'Server': 'Microsoft-HTTPAPI/2.0'
2026-02-18T23:49:40.6158095Z     'Strict-Transport-Security': 'REDACTED'
2026-02-18T23:49:40.6158120Z     'X-Content-Type-Options': 'REDACTED'
2026-02-18T23:49:40.6158143Z     'Date': 'Wed, 18 Feb 2026 23:49:40 GMT'
2026-02-18T23:49:40.6158174Z 2026-02-18 23:49:40,615 - azure.monitor.opentelemetry.exporter.export._base - INFO - Transmission succeeded: Item received: 3. Items accepted: 3
2026-02-18T23:49:44.0267506Z 2026-02-18 23:49:44,025 - azure.core.pipeline.policies.http_logging_policy - INFO - Request URL: 'https://westus2-2.in.applicationinsights.azure.com//v2.1/track'
2026-02-18T23:49:44.0267850Z Request method: 'POST'
2026-02-18T23:49:44.0267881Z Request headers:
2026-02-18T23:49:44.0267904Z     'Content-Type': 'application/json'
2026-02-18T23:49:44.0267925Z     'Content-Length': '3747'
2026-02-18T23:49:44.0267953Z     'Accept': 'application/json'
2026-02-18T23:49:44.0268025Z     'x-ms-client-request-id': '7fdb36f4-0d24-11f1-ac5a-d2a6f0f32f9f'
2026-02-18T23:49:44.0268055Z     'User-Agent': 'azsdk-python-azuremonitorclient/unknown Python/3.11.14 (Linux-6.6.119.3-1.azl3-x86_64-with-glibc2.31)'
2026-02-18T23:49:44.0268077Z A body is sent with the request
2026-02-18T23:49:44.2851074Z 2026-02-18 23:49:44,283 - azure.core.pipeline.policies.http_logging_policy - INFO - Response status: 200
2026-02-18T23:49:44.3299542Z Response headers:
2026-02-18T23:49:44.3299730Z     'Transfer-Encoding': 'chunked'
2026-02-18T23:49:44.3299762Z     'Content-Type': 'application/json; charset=utf-8'
2026-02-18T23:49:44.3299787Z     'Server': 'Microsoft-HTTPAPI/2.0'
2026-02-18T23:49:44.3299816Z     'Strict-Transport-Security': 'REDACTED'
2026-02-18T23:49:44.3299844Z     'X-Content-Type-Options': 'REDACTED'
2026-02-18T23:49:44.3299868Z     'Date': 'Wed, 18 Feb 2026 23:49:44 GMT'
2026-02-18T23:49:44.3299933Z 2026-02-18 23:49:44,284 - azure.monitor.opentelemetry.exporter.export._base - INFO - Transmission succeeded: Item received: 3. Items accepted: 3
2026-02-18T23:49:45.6458953Z 2026-02-18 23:49:45,642 - azure.core.pipeline.policies.http_logging_policy - INFO - Request URL: 'https://westus2-2.in.applicationinsights.azure.com//v2.1/track'
2026-02-18T23:49:45.6459384Z Request method: 'POST'
2026-02-18T23:49:45.6459411Z Request headers:
2026-02-18T23:49:45.6459435Z     'Content-Type': 'application/json'
2026-02-18T23:49:45.6459457Z     'Content-Length': '3718'
2026-02-18T23:49:45.6459479Z     'Accept': 'application/json'
2026-02-18T23:49:45.6459503Z     'x-ms-client-request-id': '80cf98f2-0d24-11f1-9ac0-d2a6f0f32f9f'
2026-02-18T23:49:45.6459531Z     'User-Agent': 'azsdk-python-azuremonitorclient/unknown Python/3.11.14 (Linux-6.6.119.3-1.azl3-x86_64-with-glibc2.31)'
2026-02-18T23:49:45.6459553Z A body is sent with the request
2026-02-18T23:49:45.6929324Z 2026-02-18 23:49:45,691 - azure.core.pipeline.policies.http_logging_policy - INFO - Response status: 200
2026-02-18T23:49:45.6929656Z Response headers:
2026-02-18T23:49:45.6929728Z     'Transfer-Encoding': 'chunked'
2026-02-18T23:49:45.6929754Z     'Content-Type': 'application/json; charset=utf-8'
2026-02-18T23:49:45.6929777Z     'Server': 'Microsoft-HTTPAPI/2.0'
2026-02-18T23:49:45.6929804Z     'Strict-Transport-Security': 'REDACTED'
2026-02-18T23:49:45.6929826Z     'X-Content-Type-Options': 'REDACTED'
2026-02-18T23:49:45.6929849Z     'Date': 'Wed, 18 Feb 2026 23:49:45 GMT'
2026-02-18T23:49:45.6929878Z 2026-02-18 23:49:45,692 - azure.monitor.opentelemetry.exporter.export._base - INFO - Transmission succeeded: Item received: 3. Items accepted: 3
2026-02-18T23:49:49.3010936Z 2026-02-18 23:49:49,291 - azure.core.pipeline.policies.http_logging_policy - INFO - Request URL: 'https://westus2-2.in.applicationinsights.azure.com//v2.1/track'
2026-02-18T23:49:49.3011595Z Request method: 'POST'
2026-02-18T23:49:49.3011629Z Request headers:
2026-02-18T23:49:49.3011715Z     'Content-Type': 'application/json'
2026-02-18T23:49:49.3011740Z     'Content-Length': '3720'
2026-02-18T23:49:49.3011763Z     'Accept': 'application/json'
2026-02-18T23:49:49.3011786Z     'x-ms-client-request-id': '82febf68-0d24-11f1-ac5a-d2a6f0f32f9f'
2026-02-18T23:49:49.3011814Z     'User-Agent': 'azsdk-python-azuremonitorclient/unknown Python/3.11.14 (Linux-6.6.119.3-1.azl3-x86_64-with-glibc2.31)'
2026-02-18T23:49:49.3011836Z A body is sent with the request
2026-02-18T23:49:49.4665455Z 2026-02-18 23:49:49,466 - azure.core.pipeline.policies.http_logging_policy - INFO - Response status: 200
2026-02-18T23:49:49.4666198Z Response headers:
2026-02-18T23:49:49.4666245Z     'Transfer-Encoding': 'chunked'
2026-02-18T23:49:49.4666274Z     'Content-Type': 'application/json; charset=utf-8'
2026-02-18T23:49:49.4666380Z     'Server': 'Microsoft-HTTPAPI/2.0'
2026-02-18T23:49:49.4666407Z     'Strict-Transport-Security': 'REDACTED'
2026-02-18T23:49:49.4666431Z     'X-Content-Type-Options': 'REDACTED'
2026-02-18T23:49:49.4666455Z     'Date': 'Wed, 18 Feb 2026 23:49:49 GMT'
2026-02-18T23:49:49.4685525Z 2026-02-18 23:49:49,468 - azure.monitor.opentelemetry.exporter.export._base - INFO - Transmission succeeded: Item received: 3. Items accepted: 3
2026-02-18T23:49:50.7002037Z 2026-02-18 23:49:50,695 - azure.core.pipeline.policies.http_logging_policy - INFO - Request URL: 'https://westus2-2.in.applicationinsights.azure.com//v2.1/track'
2026-02-18T23:49:50.7002637Z Request method: 'POST'
2026-02-18T23:49:50.7002674Z Request headers:
2026-02-18T23:49:50.7002699Z     'Content-Type': 'application/json'
2026-02-18T23:49:50.7002721Z     'Content-Length': '3720'
2026-02-18T23:49:50.7002825Z     'Accept': 'application/json'
2026-02-18T23:49:50.7002851Z     'x-ms-client-request-id': '83d4eb9c-0d24-11f1-9ac0-d2a6f0f32f9f'
2026-02-18T23:49:50.7002881Z     'User-Agent': 'azsdk-python-azuremonitorclient/unknown Python/3.11.14 (Linux-6.6.119.3-1.azl3-x86_64-with-glibc2.31)'
2026-02-18T23:49:50.7002905Z A body is sent with the request
2026-02-18T23:49:50.8030290Z 2026-02-18 23:49:50,802 - azure.core.pipeline.policies.http_logging_policy - INFO - Response status: 200
2026-02-18T23:49:50.8030746Z Response headers:
2026-02-18T23:49:50.8030788Z     'Transfer-Encoding': 'chunked'
2026-02-18T23:49:50.8030812Z     'Content-Type': 'application/json; charset=utf-8'
2026-02-18T23:49:50.8030834Z     'Server': 'Microsoft-HTTPAPI/2.0'
2026-02-18T23:49:50.8030863Z     'Strict-Transport-Security': 'REDACTED'
2026-02-18T23:49:50.8030893Z     'X-Content-Type-Options': 'REDACTED'
2026-02-18T23:49:50.8031010Z     'Date': 'Wed, 18 Feb 2026 23:49:50 GMT'
2026-02-18T23:49:50.8031040Z 2026-02-18 23:49:50,802 - azure.monitor.opentelemetry.exporter.export._base - INFO - Transmission succeeded: Item received: 3. Items accepted: 3
2026-02-18T23:49:54.4732772Z 2026-02-18 23:49:54,472 - azure.core.pipeline.policies.http_logging_policy - INFO - Request URL: 'https://westus2-2.in.applicationinsights.azure.com//v2.1/track'
2026-02-18T23:49:54.4733272Z Request method: 'POST'
2026-02-18T23:49:54.4733306Z Request headers:
2026-02-18T23:49:54.4733330Z     'Content-Type': 'application/json'
2026-02-18T23:49:54.4733353Z     'Content-Length': '3719'
2026-02-18T23:49:54.4733383Z     'Accept': 'application/json'
2026-02-18T23:49:54.4733417Z     'x-ms-client-request-id': '86155a68-0d24-11f1-ac5a-d2a6f0f32f9f'
2026-02-18T23:49:54.4733447Z     'User-Agent': 'azsdk-python-azuremonitorclient/unknown Python/3.11.14 (Linux-6.6.119.3-1.azl3-x86_64-with-glibc2.31)'
2026-02-18T23:49:54.4733540Z A body is sent with the request
2026-02-18T23:49:54.5990805Z 2026-02-18 23:49:54,597 - azure.core.pipeline.policies.http_logging_policy - INFO - Response status: 200
2026-02-18T23:49:54.5991331Z Response headers:
2026-02-18T23:49:54.5991408Z     'Transfer-Encoding': 'chunked'
2026-02-18T23:49:54.5991440Z     'Content-Type': 'application/json; charset=utf-8'
2026-02-18T23:49:54.5991466Z     'Server': 'Microsoft-HTTPAPI/2.0'
2026-02-18T23:49:54.5991497Z     'Strict-Transport-Security': 'REDACTED'
2026-02-18T23:49:54.5991524Z     'X-Content-Type-Options': 'REDACTED'
2026-02-18T23:49:54.5991550Z     'Date': 'Wed, 18 Feb 2026 23:49:54 GMT'
2026-02-18T23:49:54.6074864Z 2026-02-18 23:49:54,606 - azure.monitor.opentelemetry.exporter.export._base - INFO - Transmission succeeded: Item received: 3. Items accepted: 3
2026-02-18T23:49:55.8059687Z 2026-02-18 23:49:55,805 - azure.core.pipeline.policies.http_logging_policy - INFO - Request URL: 'https://westus2-2.in.applicationinsights.azure.com//v2.1/track'
2026-02-18T23:49:55.8060476Z Request method: 'POST'
2026-02-18T23:49:55.8060516Z Request headers:
2026-02-18T23:49:55.8060548Z     'Content-Type': 'application/json'
2026-02-18T23:49:55.8060573Z     'Content-Length': '3717'
2026-02-18T23:49:55.8060603Z     'Accept': 'application/json'
2026-02-18T23:49:55.8060631Z     'x-ms-client-request-id': '86e0b6e0-0d24-11f1-9ac0-d2a6f0f32f9f'
2026-02-18T23:49:55.8060659Z     'User-Agent': 'azsdk-python-azuremonitorclient/unknown Python/3.11.14 (Linux-6.6.119.3-1.azl3-x86_64-with-glibc2.31)'
2026-02-18T23:49:55.8060682Z A body is sent with the request
2026-02-18T23:49:55.9345448Z 2026-02-18 23:49:55,926 - azure.core.pipeline.policies.http_logging_policy - INFO - Response status: 200
2026-02-18T23:49:55.9345869Z Response headers:
2026-02-18T23:49:55.9345901Z     'Transfer-Encoding': 'chunked'
2026-02-18T23:49:55.9345926Z     'Content-Type': 'application/json; charset=utf-8'
2026-02-18T23:49:55.9345949Z     'Server': 'Microsoft-HTTPAPI/2.0'
2026-02-18T23:49:55.9345973Z     'Strict-Transport-Security': 'REDACTED'
2026-02-18T23:49:55.9345995Z     'X-Content-Type-Options': 'REDACTED'
2026-02-18T23:49:55.9346017Z     'Date': 'Wed, 18 Feb 2026 23:49:55 GMT'
2026-02-18T23:49:55.9346047Z 2026-02-18 23:49:55,933 - azure.monitor.opentelemetry.exporter.export._base - INFO - Transmission succeeded: Item received: 3. Items accepted: 3
2026-02-18T23:49:59.6099900Z 2026-02-18 23:49:59,608 - azure.core.pipeline.policies.http_logging_policy - INFO - Request URL: 'https://westus2-2.in.applicationinsights.azure.com//v2.1/track'
2026-02-18T23:49:59.6102923Z Request method: 'POST'
2026-02-18T23:49:59.6102987Z Request headers:
2026-02-18T23:49:59.6103010Z     'Content-Type': 'application/json'
2026-02-18T23:49:59.6103034Z     'Content-Length': '3720'
2026-02-18T23:49:59.6103056Z     'Accept': 'application/json'
2026-02-18T23:49:59.6103081Z     'x-ms-client-request-id': '89250d2a-0d24-11f1-ac5a-d2a6f0f32f9f'
2026-02-18T23:49:59.6103108Z     'User-Agent': 'azsdk-python-azuremonitorclient/unknown Python/3.11.14 (Linux-6.6.119.3-1.azl3-x86_64-with-glibc2.31)'
2026-02-18T23:49:59.6103130Z A body is sent with the request
2026-02-18T23:49:59.6871124Z 2026-02-18 23:49:59,686 - azure.core.pipeline.policies.http_logging_policy - INFO - Response status: 200
2026-02-18T23:49:59.6875246Z Response headers:
2026-02-18T23:49:59.6875300Z     'Transfer-Encoding': 'chunked'
2026-02-18T23:49:59.6875415Z     'Content-Type': 'application/json; charset=utf-8'
2026-02-18T23:49:59.6875439Z     'Server': 'Microsoft-HTTPAPI/2.0'
2026-02-18T23:49:59.6875462Z     'Strict-Transport-Security': 'REDACTED'
2026-02-18T23:49:59.6875484Z     'X-Content-Type-Options': 'REDACTED'
2026-02-18T23:49:59.6875506Z     'Date': 'Wed, 18 Feb 2026 23:49:59 GMT'
2026-02-18T23:49:59.6924948Z 2026-02-18 23:49:59,688 - azure.monitor.opentelemetry.exporter.export._base - INFO - Transmission succeeded: Item received: 3. Items accepted: 3
2026-02-18T23:50:00.9430083Z 2026-02-18 23:50:00,936 - azure.core.pipeline.policies.http_logging_policy - INFO - Request URL: 'https://westus2-2.in.applicationinsights.azure.com//v2.1/track'
2026-02-18T23:50:00.9430958Z Request method: 'POST'
2026-02-18T23:50:00.9431005Z Request headers:
2026-02-18T23:50:00.9431035Z     'Content-Type': 'application/json'
2026-02-18T23:50:00.9431145Z     'Content-Length': '3720'
2026-02-18T23:50:00.9431168Z     'Accept': 'application/json'
2026-02-18T23:50:00.9431192Z     'x-ms-client-request-id': '89efaf58-0d24-11f1-9ac0-d2a6f0f32f9f'
2026-02-18T23:50:00.9431219Z     'User-Agent': 'azsdk-python-azuremonitorclient/unknown Python/3.11.14 (Linux-6.6.119.3-1.azl3-x86_64-with-glibc2.31)'
2026-02-18T23:50:00.9431243Z A body is sent with the request
2026-02-18T23:50:01.0262583Z 2026-02-18 23:50:01,025 - azure.core.pipeline.policies.http_logging_policy - INFO - Response status: 200
2026-02-18T23:50:01.0263382Z Response headers:
2026-02-18T23:50:01.0263426Z     'Transfer-Encoding': 'chunked'
2026-02-18T23:50:01.0263452Z     'Content-Type': 'application/json; charset=utf-8'
2026-02-18T23:50:01.0263475Z     'Server': 'Microsoft-HTTPAPI/2.0'
2026-02-18T23:50:01.0263592Z     'Strict-Transport-Security': 'REDACTED'
2026-02-18T23:50:01.0263616Z     'X-Content-Type-Options': 'REDACTED'
2026-02-18T23:50:01.0263639Z     'Date': 'Wed, 18 Feb 2026 23:50:00 GMT'
2026-02-18T23:50:01.0271192Z 2026-02-18 23:50:01,026 - azure.monitor.opentelemetry.exporter.export._base - INFO - Transmission succeeded: Item received: 3. Items accepted: 3
2026-02-18T23:50:04.7111410Z 2026-02-18 23:50:04,701 - azure.core.pipeline.policies.http_logging_policy - INFO - Request URL: 'https://westus2-2.in.applicationinsights.azure.com//v2.1/track'
2026-02-18T23:50:04.7111747Z Request method: 'POST'
2026-02-18T23:50:04.7111783Z Request headers:
2026-02-18T23:50:04.7111810Z     'Content-Type': 'application/json'
2026-02-18T23:50:04.7111831Z     'Content-Length': '3720'
2026-02-18T23:50:04.7111853Z     'Accept': 'application/json'
2026-02-18T23:50:04.7111964Z     'x-ms-client-request-id': '8c2e290c-0d24-11f1-ac5a-d2a6f0f32f9f'
2026-02-18T23:50:04.7111992Z     'User-Agent': 'azsdk-python-azuremonitorclient/unknown Python/3.11.14 (Linux-6.6.119.3-1.azl3-x86_64-with-glibc2.31)'
2026-02-18T23:50:04.7112013Z A body is sent with the request
2026-02-18T23:50:04.8763019Z 2026-02-18 23:50:04,864 - azure.core.pipeline.policies.http_logging_policy - INFO - Response status: 200
2026-02-18T23:50:04.8763291Z Response headers:
2026-02-18T23:50:04.8763326Z     'Transfer-Encoding': 'chunked'
2026-02-18T23:50:04.8763351Z     'Content-Type': 'application/json; charset=utf-8'
2026-02-18T23:50:04.8763374Z     'Server': 'Microsoft-HTTPAPI/2.0'
2026-02-18T23:50:04.8763398Z     'Strict-Transport-Security': 'REDACTED'
2026-02-18T23:50:04.8763429Z     'X-Content-Type-Options': 'REDACTED'
2026-02-18T23:50:04.8763492Z     'Date': 'Wed, 18 Feb 2026 23:50:04 GMT'
2026-02-18T23:50:04.8763524Z 2026-02-18 23:50:04,873 - azure.monitor.opentelemetry.exporter.export._base - INFO - Transmission succeeded: Item received: 3. Items accepted: 3
2026-02-18T23:50:06.0419216Z 2026-02-18 23:50:06,033 - azure.core.pipeline.policies.http_logging_policy - INFO - Request URL: 'https://westus2-2.in.applicationinsights.azure.com//v2.1/track'
2026-02-18T23:50:06.0419646Z Request method: 'POST'
2026-02-18T23:50:06.0419681Z Request headers:
2026-02-18T23:50:06.0419708Z     'Content-Type': 'application/json'
2026-02-18T23:50:06.0419732Z     'Content-Length': '3720'
2026-02-18T23:50:06.0419754Z     'Accept': 'application/json'
2026-02-18T23:50:06.0419787Z     'x-ms-client-request-id': '8cf9678e-0d24-11f1-9ac0-d2a6f0f32f9f'
2026-02-18T23:50:06.0419907Z     'User-Agent': 'azsdk-python-azuremonitorclient/unknown Python/3.11.14 (Linux-6.6.119.3-1.azl3-x86_64-with-glibc2.31)'
2026-02-18T23:50:06.0420607Z A body is sent with the request
2026-02-18T23:50:06.1578914Z 2026-02-18 23:50:06,157 - azure.core.pipeline.policies.http_logging_policy - INFO - Request URL: 'https://westus2-2.in.applicationinsights.azure.com//v2.1/track'
2026-02-18T23:50:06.1579677Z Request method: 'POST'
2026-02-18T23:50:06.1579721Z Request headers:
2026-02-18T23:50:06.1579747Z     'Content-Type': 'application/json'
2026-02-18T23:50:06.1579769Z     'Content-Length': '4372'
2026-02-18T23:50:06.1579799Z     'Accept': 'application/json'
2026-02-18T23:50:06.1579826Z     'x-ms-client-request-id': '8d0c4b42-0d24-11f1-8766-d2a6f0f32f9f'
2026-02-18T23:50:06.1579853Z     'User-Agent': 'azsdk-python-azuremonitorclient/unknown Python/3.11.14 (Linux-6.6.119.3-1.azl3-x86_64-with-glibc2.31)'
2026-02-18T23:50:06.1579875Z A body is sent with the request
2026-02-18T23:50:06.1608786Z 2026-02-18 23:50:06,160 - azure.core.pipeline.policies.http_logging_policy - INFO - Response status: 200
2026-02-18T23:50:06.1608936Z Response headers:
2026-02-18T23:50:06.1608965Z     'Transfer-Encoding': 'chunked'
2026-02-18T23:50:06.1608989Z     'Content-Type': 'application/json; charset=utf-8'
2026-02-18T23:50:06.1609012Z     'Server': 'Microsoft-HTTPAPI/2.0'
2026-02-18T23:50:06.1609035Z     'Strict-Transport-Security': 'REDACTED'
2026-02-18T23:50:06.1609057Z     'X-Content-Type-Options': 'REDACTED'
2026-02-18T23:50:06.1609080Z     'Date': 'Wed, 18 Feb 2026 23:50:05 GMT'
2026-02-18T23:50:06.1623434Z 2026-02-18 23:50:06,162 - azure.monitor.opentelemetry.exporter.export._base - INFO - Transmission succeeded: Item received: 3. Items accepted: 3
2026-02-18T23:50:06.2367321Z 2026-02-18 23:50:06,236 - azure.core.pipeline.policies.http_logging_policy - INFO - Response status: 200
2026-02-18T23:50:06.2367902Z Response headers:
2026-02-18T23:50:06.2367938Z     'Transfer-Encoding': 'chunked'
2026-02-18T23:50:06.2367964Z     'Content-Type': 'application/json; charset=utf-8'
2026-02-18T23:50:06.2367987Z     'Server': 'Microsoft-HTTPAPI/2.0'
2026-02-18T23:50:06.2368010Z     'Strict-Transport-Security': 'REDACTED'
2026-02-18T23:50:06.2368033Z     'X-Content-Type-Options': 'REDACTED'
2026-02-18T23:50:06.2368055Z     'Date': 'Wed, 18 Feb 2026 23:50:05 GMT'
2026-02-18T23:50:06.2428666Z 2026-02-18 23:50:06,241 - azure.monitor.opentelemetry.exporter.export._base - INFO - Transmission succeeded: Item received: 4. Items accepted: 4
2026-02-18T23:50:06.7878430Z 2026-02-18 23:50:06,786 - azure.core.pipeline.policies.http_logging_policy - INFO - Request URL: 'https://westus2-2.in.applicationinsights.azure.com//v2.1/track'
2026-02-18T23:50:06.7878859Z Request method: 'POST'
2026-02-18T23:50:06.7878987Z Request headers:
2026-02-18T23:50:06.7879012Z     'Content-Type': 'application/json'
2026-02-18T23:50:06.7879035Z     'Content-Length': '2186'
2026-02-18T23:50:06.7879058Z     'Accept': 'application/json'
2026-02-18T23:50:06.7879082Z     'x-ms-client-request-id': '8d6c4af6-0d24-11f1-8f99-d2a6f0f32f9f'
2026-02-18T23:50:06.7879110Z     'User-Agent': 'azsdk-python-azuremonitorclient/unknown Python/3.11.14 (Linux-6.6.119.3-1.azl3-x86_64-with-glibc2.31)'
2026-02-18T23:50:06.7879134Z A body is sent with the request
2026-02-18T23:50:06.7954977Z 2026-02-18 23:50:06,794 - azure.core.pipeline.policies.http_logging_policy - INFO - Response status: 200
2026-02-18T23:50:06.7955238Z Response headers:
2026-02-18T23:50:06.7955266Z     'Transfer-Encoding': 'chunked'
2026-02-18T23:50:06.7955334Z     'Content-Type': 'application/json; charset=utf-8'
2026-02-18T23:50:06.7955359Z     'Server': 'Microsoft-HTTPAPI/2.0'
2026-02-18T23:50:06.7955382Z     'Strict-Transport-Security': 'REDACTED'
2026-02-18T23:50:06.7955406Z     'X-Content-Type-Options': 'REDACTED'
2026-02-18T23:50:06.7955428Z     'Date': 'Wed, 18 Feb 2026 23:50:06 GMT'
2026-02-18T23:50:06.7955457Z 2026-02-18 23:50:06,794 - azure.monitor.opentelemetry.exporter.export._base - INFO - Transmission succeeded: Item received: 2. Items accepted: 2
2026-02-18T23:50:09.8832336Z 2026-02-18 23:50:09,876 - azure.core.pipeline.policies.http_logging_policy - INFO - Request URL: 'https://westus2-2.in.applicationinsights.azure.com//v2.1/track'
2026-02-18T23:50:09.8832903Z Request method: 'POST'
2026-02-18T23:50:09.8832940Z Request headers:
2026-02-18T23:50:09.8832967Z     'Content-Type': 'application/json'
2026-02-18T23:50:09.8832993Z     'Content-Length': '7440'
2026-02-18T23:50:09.8833110Z     'Accept': 'application/json'
2026-02-18T23:50:09.8833136Z     'x-ms-client-request-id': '8f43c7aa-0d24-11f1-ac5a-d2a6f0f32f9f'
2026-02-18T23:50:09.8833165Z     'User-Agent': 'azsdk-python-azuremonitorclient/unknown Python/3.11.14 (Linux-6.6.119.3-1.azl3-x86_64-with-glibc2.31)'
2026-02-18T23:50:09.8833189Z A body is sent with the request
2026-02-18T23:50:09.9673988Z 2026-02-18 23:50:09,966 - azure.core.pipeline.policies.http_logging_policy - INFO - Response status: 200
2026-02-18T23:50:09.9674709Z Response headers:
2026-02-18T23:50:09.9674755Z     'Transfer-Encoding': 'chunked'
2026-02-18T23:50:09.9674785Z     'Content-Type': 'application/json; charset=utf-8'
2026-02-18T23:50:09.9674817Z     'Server': 'Microsoft-HTTPAPI/2.0'
2026-02-18T23:50:09.9674842Z     'Strict-Transport-Security': 'REDACTED'
2026-02-18T23:50:09.9674960Z     'X-Content-Type-Options': 'REDACTED'
2026-02-18T23:50:09.9674986Z     'Date': 'Wed, 18 Feb 2026 23:50:09 GMT'
2026-02-18T23:50:09.9675017Z 2026-02-18 23:50:09,966 - azure.monitor.opentelemetry.exporter.export._base - INFO - Transmission succeeded: Item received: 6. Items accepted: 6
2026-02-18T23:50:11.1909751Z 2026-02-18 23:50:11,188 - azure.core.pipeline.policies.http_logging_policy - INFO - Request URL: 'https://westus2-2.in.applicationinsights.azure.com//v2.1/track'
2026-02-18T23:50:11.1910457Z Request method: 'POST'
2026-02-18T23:50:11.1910492Z Request headers:
2026-02-18T23:50:11.1910528Z     'Content-Type': 'application/json'
2026-02-18T23:50:11.1910719Z     'Content-Length': '7437'
2026-02-18T23:50:11.1910752Z     'Accept': 'application/json'
2026-02-18T23:50:11.1910778Z     'x-ms-client-request-id': '900c0616-0d24-11f1-9ac0-d2a6f0f32f9f'
2026-02-18T23:50:11.1910848Z     'User-Agent': 'azsdk-python-azuremonitorclient/unknown Python/3.11.14 (Linux-6.6.119.3-1.azl3-x86_64-with-glibc2.31)'
2026-02-18T23:50:11.1910872Z A body is sent with the request
2026-02-18T23:50:11.2452224Z 2026-02-18 23:50:11,244 - azure.core.pipeline.policies.http_logging_policy - INFO - Response status: 200
2026-02-18T23:50:11.2452947Z Response headers:
2026-02-18T23:50:11.2452996Z     'Transfer-Encoding': 'chunked'
2026-02-18T23:50:11.2453030Z     'Content-Type': 'application/json; charset=utf-8'
2026-02-18T23:50:11.2453055Z     'Server': 'Microsoft-HTTPAPI/2.0'
2026-02-18T23:50:11.2453078Z     'Strict-Transport-Security': 'REDACTED'
2026-02-18T23:50:11.2453101Z     'X-Content-Type-Options': 'REDACTED'
2026-02-18T23:50:11.2453122Z     'Date': 'Wed, 18 Feb 2026 23:50:10 GMT'
2026-02-18T23:50:11.2470306Z 2026-02-18 23:50:11,246 - azure.monitor.opentelemetry.exporter.export._base - INFO - Transmission succeeded: Item received: 6. Items accepted: 6
2026-02-18T23:50:14.9720703Z 2026-02-18 23:50:14,969 - azure.core.pipeline.policies.http_logging_policy - INFO - Request URL: 'https://westus2-2.in.applicationinsights.azure.com//v2.1/track'
2026-02-18T23:50:14.9721028Z Request method: 'POST'
2026-02-18T23:50:14.9721062Z Request headers:
2026-02-18T23:50:14.9721095Z     'Content-Type': 'application/json'
2026-02-18T23:50:14.9721122Z     'Content-Length': '3720'
2026-02-18T23:50:14.9721143Z     'Accept': 'application/json'
2026-02-18T23:50:14.9721167Z     'x-ms-client-request-id': '924ce60c-0d24-11f1-ac5a-d2a6f0f32f9f'
2026-02-18T23:50:14.9721198Z     'User-Agent': 'azsdk-python-azuremonitorclient/unknown Python/3.11.14 (Linux-6.6.119.3-1.azl3-x86_64-with-glibc2.31)'
2026-02-18T23:50:14.9721224Z A body is sent with the request
2026-02-18T23:50:15.0947320Z 2026-02-18 23:50:15,094 - azure.core.pipeline.policies.http_logging_policy - INFO - Response status: 200
2026-02-18T23:50:15.0948028Z Response headers:
2026-02-18T23:50:15.0948081Z     'Transfer-Encoding': 'chunked'
2026-02-18T23:50:15.0948106Z     'Content-Type': 'application/json; charset=utf-8'
2026-02-18T23:50:15.0948131Z     'Server': 'Microsoft-HTTPAPI/2.0'
2026-02-18T23:50:15.0948161Z     'Strict-Transport-Security': 'REDACTED'
2026-02-18T23:50:15.0948182Z     'X-Content-Type-Options': 'REDACTED'
2026-02-18T23:50:15.0948203Z     'Date': 'Wed, 18 Feb 2026 23:50:14 GMT'
2026-02-18T23:50:15.0967940Z 2026-02-18 23:50:15,096 - azure.monitor.opentelemetry.exporter.export._base - INFO - Transmission succeeded: Item received: 3. Items accepted: 3
2026-02-18T23:50:16.2518968Z 2026-02-18 23:50:16,251 - azure.core.pipeline.policies.http_logging_policy - INFO - Request URL: 'https://westus2-2.in.applicationinsights.azure.com//v2.1/track'
2026-02-18T23:50:16.2519562Z Request method: 'POST'
2026-02-18T23:50:16.2519592Z Request headers:
2026-02-18T23:50:16.2519614Z     'Content-Type': 'application/json'
2026-02-18T23:50:16.2519638Z     'Content-Length': '3720'
2026-02-18T23:50:16.2519661Z     'Accept': 'application/json'
2026-02-18T23:50:16.2519689Z     'x-ms-client-request-id': '93107c84-0d24-11f1-9ac0-d2a6f0f32f9f'
2026-02-18T23:50:16.2519720Z     'User-Agent': 'azsdk-python-azuremonitorclient/unknown Python/3.11.14 (Linux-6.6.119.3-1.azl3-x86_64-with-glibc2.31)'
2026-02-18T23:50:16.2519743Z A body is sent with the request
2026-02-18T23:50:16.4059738Z 2026-02-18 23:50:16,405 - azure.core.pipeline.policies.http_logging_policy - INFO - Response status: 200
2026-02-18T23:50:16.4060297Z Response headers:
2026-02-18T23:50:16.4060416Z     'Transfer-Encoding': 'chunked'
2026-02-18T23:50:16.4060442Z     'Content-Type': 'application/json; charset=utf-8'
2026-02-18T23:50:16.4060468Z     'Server': 'Microsoft-HTTPAPI/2.0'
2026-02-18T23:50:16.4060492Z     'Strict-Transport-Security': 'REDACTED'
2026-02-18T23:50:16.4060517Z     'X-Content-Type-Options': 'REDACTED'
2026-02-18T23:50:16.4060541Z     'Date': 'Wed, 18 Feb 2026 23:50:15 GMT'
2026-02-18T23:50:16.4077008Z 2026-02-18 23:50:16,407 - azure.monitor.opentelemetry.exporter.export._base - INFO - Transmission succeeded: Item received: 3. Items accepted: 3
2026-02-18T23:50:20.1078742Z 2026-02-18 23:50:20,106 - azure.core.pipeline.policies.http_logging_policy - INFO - Request URL: 'https://westus2-2.in.applicationinsights.azure.com//v2.1/track'
2026-02-18T23:50:20.1079196Z Request method: 'POST'
2026-02-18T23:50:20.1079231Z Request headers:
2026-02-18T23:50:20.1079358Z     'Content-Type': 'application/json'
2026-02-18T23:50:20.1079383Z     'Content-Length': '3719'
2026-02-18T23:50:20.1079406Z     'Accept': 'application/json'
2026-02-18T23:50:20.1079432Z     'x-ms-client-request-id': '955cae22-0d24-11f1-ac5a-d2a6f0f32f9f'
2026-02-18T23:50:20.1079460Z     'User-Agent': 'azsdk-python-azuremonitorclient/unknown Python/3.11.14 (Linux-6.6.119.3-1.azl3-x86_64-with-glibc2.31)'
2026-02-18T23:50:20.1079483Z A body is sent with the request
2026-02-18T23:50:20.3858444Z 2026-02-18 23:50:20,384 - azure.core.pipeline.policies.http_logging_policy - INFO - Response status: 200
2026-02-18T23:50:20.3858970Z Response headers:
2026-02-18T23:50:20.3859010Z     'Transfer-Encoding': 'chunked'
2026-02-18T23:50:20.3859034Z     'Content-Type': 'application/json; charset=utf-8'
2026-02-18T23:50:20.3859148Z     'Server': 'Microsoft-HTTPAPI/2.0'
2026-02-18T23:50:20.3859173Z     'Strict-Transport-Security': 'REDACTED'
2026-02-18T23:50:20.3859196Z     'X-Content-Type-Options': 'REDACTED'
2026-02-18T23:50:20.3859219Z     'Date': 'Wed, 18 Feb 2026 23:50:19 GMT'
2026-02-18T23:50:20.3859253Z 2026-02-18 23:50:20,385 - azure.monitor.opentelemetry.exporter.export._base - INFO - Transmission succeeded: Item received: 3. Items accepted: 3
2026-02-18T23:50:21.4142556Z 2026-02-18 23:50:21,410 - azure.core.pipeline.policies.http_logging_policy - INFO - Request URL: 'https://westus2-2.in.applicationinsights.azure.com//v2.1/track'
2026-02-18T23:50:21.4143282Z Request method: 'POST'
2026-02-18T23:50:21.4143315Z Request headers:
2026-02-18T23:50:21.4143337Z     'Content-Type': 'application/json'
2026-02-18T23:50:21.4143360Z     'Content-Length': '3720'
2026-02-18T23:50:21.4143383Z     'Accept': 'application/json'
2026-02-18T23:50:21.4143506Z     'x-ms-client-request-id': '9623c200-0d24-11f1-9ac0-d2a6f0f32f9f'
2026-02-18T23:50:21.4143534Z     'User-Agent': 'azsdk-python-azuremonitorclient/unknown Python/3.11.14 (Linux-6.6.119.3-1.azl3-x86_64-with-glibc2.31)'
2026-02-18T23:50:21.4143556Z A body is sent with the request
2026-02-18T23:50:21.5080410Z 2026-02-18 23:50:21,507 - azure.core.pipeline.policies.http_logging_policy - INFO - Response status: 200
2026-02-18T23:50:21.5081197Z Response headers:
2026-02-18T23:50:21.5081241Z     'Transfer-Encoding': 'chunked'
2026-02-18T23:50:21.5081273Z     'Content-Type': 'application/json; charset=utf-8'
2026-02-18T23:50:21.5081302Z     'Server': 'Microsoft-HTTPAPI/2.0'
2026-02-18T23:50:21.5081326Z     'Strict-Transport-Security': 'REDACTED'
2026-02-18T23:50:21.5081348Z     'X-Content-Type-Options': 'REDACTED'
2026-02-18T23:50:21.5081453Z     'Date': 'Wed, 18 Feb 2026 23:50:20 GMT'
2026-02-18T23:50:21.5106472Z 2026-02-18 23:50:21,510 - azure.monitor.opentelemetry.exporter.export._base - INFO - Transmission succeeded: Item received: 3. Items accepted: 3
2026-02-18T23:50:21.7239451Z 2026-02-18 23:50:21,714 - app.main - INFO - → GET /api/portfolio
2026-02-18T23:50:21.7239787Z 2026-02-18 23:50:21,716 - app.main - INFO - → POST /api/logs
2026-02-18T23:50:21.7330056Z 2026-02-18 23:50:21,732 - app.main - INFO - → POST /api/logs
2026-02-18T23:50:21.7424314Z 2026-02-18 23:50:21,741 - azure.identity._credentials.environment - INFO - Incomplete environment configuration for EnvironmentCredential. These variables are set: AZURE_CLIENT_ID
2026-02-18T23:50:21.7493609Z 2026-02-18 23:50:21,748 - app.main - INFO - → GET /api/multi-leg-opportunities
2026-02-18T23:50:21.7570083Z 2026-02-18 23:50:21,756 - azure.identity._credentials.managed_identity - INFO - ManagedIdentityCredential will use App Service managed identity
2026-02-18T23:50:21.7594219Z 2026-02-18 23:50:21,759 - azure.core.pipeline.policies.http_logging_policy - INFO - Request URL: 'http://169.254.130.4:8081/msi/token?api-version=REDACTED&resource=REDACTED&client_id=REDACTED'
2026-02-18T23:50:21.7594354Z Request method: 'GET'
2026-02-18T23:50:21.7594386Z Request headers:
2026-02-18T23:50:21.7594411Z     'X-IDENTITY-HEADER': 'REDACTED'
2026-02-18T23:50:21.7594438Z     'User-Agent': 'azsdk-python-identity/1.17.1 Python/3.11.14 (Linux-6.6.119.3-1.azl3-x86_64-with-glibc2.31)'
2026-02-18T23:50:21.7594463Z     'traceparent': '00-e1bd0f41cb57d1f718a918ecf11fe021-33cb1420b2ecda4c-01'
2026-02-18T23:50:21.7594485Z No body was attached to the request
2026-02-18T23:50:21.7808914Z 2026-02-18 23:50:21,769 - app.main - INFO - ← POST /api/logs 200
2026-02-18T23:50:21.7809136Z 169.254.130.1:42979 - "POST /api/logs HTTP/1.1" 200
2026-02-18T23:50:21.7840663Z 2026-02-18 23:50:21,783 - app.main - INFO - → GET /api/scan
2026-02-18T23:50:21.8005465Z 2026-02-18 23:50:21,793 - app.main - INFO - → POST /api/logs
2026-02-18T23:50:21.8137361Z 2026-02-18 23:50:21,813 - azure.identity._credentials.environment - INFO - Incomplete environment configuration for EnvironmentCredential. These variables are set: AZURE_CLIENT_ID
2026-02-18T23:50:21.8344492Z 2026-02-18 23:50:21,827 - azure.identity._credentials.managed_identity - INFO - ManagedIdentityCredential will use App Service managed identity
2026-02-18T23:50:21.8345002Z 2026-02-18 23:50:21,828 - azure.core.pipeline.policies.http_logging_policy - INFO - Request URL: 'http://169.254.130.4:8081/msi/token?api-version=REDACTED&resource=REDACTED&client_id=REDACTED'
2026-02-18T23:50:21.8345038Z Request method: 'GET'
2026-02-18T23:50:21.8345061Z Request headers:
2026-02-18T23:50:21.8345085Z     'X-IDENTITY-HEADER': 'REDACTED'
2026-02-18T23:50:21.8345113Z     'User-Agent': 'azsdk-python-identity/1.17.1 Python/3.11.14 (Linux-6.6.119.3-1.azl3-x86_64-with-glibc2.31)'
2026-02-18T23:50:21.8345139Z     'traceparent': '00-a9ddda79a6ea80763767a44904a08746-b590054d43481b27-01'
2026-02-18T23:50:21.8345163Z No body was attached to the request
2026-02-18T23:50:21.8663319Z 2026-02-18 23:50:21,865 - app.main - INFO - ← GET /api/multi-leg-opportunities 200
2026-02-18T23:50:21.8724921Z 169.254.130.1:42963 - "GET /api/multi-leg-opportunities HTTP/1.1" 200
2026-02-18T23:50:21.8825125Z 2026-02-18 23:50:21,882 - app.main - INFO - ← POST /api/logs 200
2026-02-18T23:50:21.9054335Z 169.254.130.1:42965 - "POST /api/logs HTTP/1.1" 200
2026-02-18T23:50:21.9054604Z 2026-02-18 23:50:21,896 - app.main - INFO - ← POST /api/logs 200
2026-02-18T23:50:21.9054639Z 169.254.130.1:42967 - "POST /api/logs HTTP/1.1" 200
2026-02-18T23:50:21.9409397Z 2026-02-18 23:50:21,939 - app.main - INFO - → POST /api/logs
2026-02-18T23:50:21.9741661Z 2026-02-18 23:50:21,957 - azure.core.pipeline.policies.http_logging_policy - INFO - Response status: 200
2026-02-18T23:50:21.9741956Z Response headers:
2026-02-18T23:50:21.9741994Z     'Content-Type': 'application/json; charset=utf-8'
2026-02-18T23:50:21.9742019Z     'Date': 'Wed, 18 Feb 2026 23:50:21 GMT'
2026-02-18T23:50:21.9742043Z     'Server': 'Kestrel'
2026-02-18T23:50:21.9742219Z     'Transfer-Encoding': 'chunked'
2026-02-18T23:50:21.9742243Z     'X-CORRELATION-ID': 'REDACTED'
2026-02-18T23:50:21.9742272Z 2026-02-18 23:50:21,957 - azure.identity._credentials.chained - INFO - DefaultAzureCredential acquired a token from ManagedIdentityCredential
2026-02-18T23:50:21.9742306Z 2026-02-18 23:50:21,959 - app.main - INFO - → POST /api/logs
2026-02-18T23:50:22.0126499Z 2026-02-18 23:50:22,004 - app.main - INFO - ← POST /api/logs 200
2026-02-18T23:50:22.0127405Z 169.254.130.1:42967 - "POST /api/logs HTTP/1.1" 200
2026-02-18T23:50:22.0235484Z 2026-02-18 23:50:22,021 - azure.core.pipeline.policies.http_logging_policy - INFO - Response status: 200
2026-02-18T23:50:22.0238291Z Response headers:
2026-02-18T23:50:22.0238342Z     'Content-Type': 'application/json; charset=utf-8'
2026-02-18T23:50:22.0238372Z     'Date': 'Wed, 18 Feb 2026 23:50:21 GMT'
2026-02-18T23:50:22.0238428Z     'Server': 'Kestrel'
2026-02-18T23:50:22.0238453Z     'Transfer-Encoding': 'chunked'
2026-02-18T23:50:22.0238476Z     'X-CORRELATION-ID': 'REDACTED'
2026-02-18T23:50:22.0238506Z 2026-02-18 23:50:22,021 - azure.identity._credentials.chained - INFO - DefaultAzureCredential acquired a token from ManagedIdentityCredential
2026-02-18T23:50:22.0401723Z 2026-02-18 23:50:22,031 - app.main - INFO - ← POST /api/logs 200
2026-02-18T23:50:22.0401927Z 169.254.130.1:42965 - "POST /api/logs HTTP/1.1" 200
2026-02-18T23:50:22.1204964Z 2026-02-18 23:50:22,119 - azure.identity._credentials.environment - INFO - Incomplete environment configuration for EnvironmentCredential. These variables are set: AZURE_CLIENT_ID
2026-02-18T23:50:22.1225800Z 2026-02-18 23:50:22,122 - azure.identity._credentials.managed_identity - INFO - ManagedIdentityCredential will use App Service managed identity
2026-02-18T23:50:22.1240453Z 2026-02-18 23:50:22,123 - azure.core.pipeline.policies.http_logging_policy - INFO - Request URL: 'http://169.254.130.4:8081/msi/token?api-version=REDACTED&resource=REDACTED&client_id=REDACTED'
2026-02-18T23:50:22.1240815Z Request method: 'GET'
2026-02-18T23:50:22.1240841Z Request headers:
2026-02-18T23:50:22.1240865Z     'X-IDENTITY-HEADER': 'REDACTED'
2026-02-18T23:50:22.1240893Z     'User-Agent': 'azsdk-python-identity/1.17.1 Python/3.11.14 (Linux-6.6.119.3-1.azl3-x86_64-with-glibc2.31)'
2026-02-18T23:50:22.1240918Z     'traceparent': '00-077ec048c7a41830c54361fea6932a53-a6ec0e6e79ba16e0-01'
2026-02-18T23:50:22.1240940Z No body was attached to the request
2026-02-18T23:50:22.2043127Z 2026-02-18 23:50:22,203 - app.main - INFO - ← GET /api/scan 200
2026-02-18T23:50:22.2121112Z 169.254.130.1:42961 - "GET /api/scan HTTP/1.1" 200
2026-02-18T23:50:22.2241076Z 2026-02-18 23:50:22,221 - azure.core.pipeline.policies.http_logging_policy - INFO - Response status: 200
2026-02-18T23:50:22.2241658Z Response headers:
2026-02-18T23:50:22.2241690Z     'Content-Type': 'application/json; charset=utf-8'
2026-02-18T23:50:22.2241717Z     'Date': 'Wed, 18 Feb 2026 23:50:22 GMT'
2026-02-18T23:50:22.2241739Z     'Server': 'Kestrel'
2026-02-18T23:50:22.2241812Z     'Transfer-Encoding': 'chunked'
2026-02-18T23:50:22.2241833Z     'X-CORRELATION-ID': 'REDACTED'
2026-02-18T23:50:22.2241860Z 2026-02-18 23:50:22,222 - azure.identity._credentials.chained - INFO - DefaultAzureCredential acquired a token from ManagedIdentityCredential
2026-02-18T23:50:22.2337537Z 2026-02-18 23:50:22,232 - app.main - INFO - → POST /api/logs
2026-02-18T23:50:22.2434680Z 2026-02-18 23:50:22,243 - app.main - INFO - ← POST /api/logs 200
2026-02-18T23:50:22.2592967Z 169.254.130.1:42961 - "POST /api/logs HTTP/1.1" 200
2026-02-18T23:50:22.2593125Z 2026-02-18 23:50:22,253 - app.main - INFO - → POST /api/logs
2026-02-18T23:50:22.2701056Z 2026-02-18 23:50:22,269 - app.main - INFO - ← POST /api/logs 200
2026-02-18T23:50:22.2707147Z 169.254.130.1:42961 - "POST /api/logs HTTP/1.1" 200
2026-02-18T23:50:22.3121719Z 2026-02-18 23:50:22,311 - app.main - INFO - ← GET /api/portfolio 200
2026-02-18T23:50:22.3188596Z 169.254.130.1:42947 - "GET /api/portfolio HTTP/1.1" 200
2026-02-18T23:50:22.3440738Z 2026-02-18 23:50:22,343 - app.main - INFO - → GET /api/portfolio
2026-02-18T23:50:22.3488531Z 2026-02-18 23:50:22,348 - azure.identity._credentials.environment - INFO - Incomplete environment configuration for EnvironmentCredential. These variables are set: AZURE_CLIENT_ID
2026-02-18T23:50:22.3529194Z 2026-02-18 23:50:22,351 - azure.identity._credentials.managed_identity - INFO - ManagedIdentityCredential will use App Service managed identity
2026-02-18T23:50:22.3529439Z 2026-02-18 23:50:22,352 - azure.core.pipeline.policies.http_logging_policy - INFO - Request URL: 'http://169.254.130.4:8081/msi/token?api-version=REDACTED&resource=REDACTED&client_id=REDACTED'
2026-02-18T23:50:22.3529473Z Request method: 'GET'
2026-02-18T23:50:22.3529536Z Request headers:
2026-02-18T23:50:22.3529561Z     'X-IDENTITY-HEADER': 'REDACTED'
2026-02-18T23:50:22.3529589Z     'User-Agent': 'azsdk-python-identity/1.17.1 Python/3.11.14 (Linux-6.6.119.3-1.azl3-x86_64-with-glibc2.31)'
2026-02-18T23:50:22.3529615Z     'traceparent': '00-8cca3631f9ba565cde93d4febc992b4a-befd0c8b1794f7f0-01'
2026-02-18T23:50:22.3529639Z No body was attached to the request
2026-02-18T23:50:22.4037988Z 2026-02-18 23:50:22,403 - azure.core.pipeline.policies.http_logging_policy - INFO - Response status: 200
2026-02-18T23:50:22.4038938Z Response headers:
2026-02-18T23:50:22.4038979Z     'Content-Type': 'application/json; charset=utf-8'
2026-02-18T23:50:22.4039009Z     'Date': 'Wed, 18 Feb 2026 23:50:22 GMT'
2026-02-18T23:50:22.4039034Z     'Server': 'Kestrel'
2026-02-18T23:50:22.4039130Z     'Transfer-Encoding': 'chunked'
2026-02-18T23:50:22.4039154Z     'X-CORRELATION-ID': 'REDACTED'
2026-02-18T23:50:22.4107627Z 2026-02-18 23:50:22,410 - azure.identity._credentials.chained - INFO - DefaultAzureCredential acquired a token from ManagedIdentityCredential
2026-02-18T23:50:22.4831463Z 2026-02-18 23:50:22,482 - azure.identity._credentials.environment - INFO - Incomplete environment configuration for EnvironmentCredential. These variables are set: AZURE_CLIENT_ID
2026-02-18T23:50:22.4847058Z 2026-02-18 23:50:22,484 - azure.identity._credentials.managed_identity - INFO - ManagedIdentityCredential will use App Service managed identity
2026-02-18T23:50:22.4854710Z 2026-02-18 23:50:22,485 - azure.core.pipeline.policies.http_logging_policy - INFO - Request URL: 'http://169.254.130.4:8081/msi/token?api-version=REDACTED&resource=REDACTED&client_id=REDACTED'
2026-02-18T23:50:22.4854820Z Request method: 'GET'
2026-02-18T23:50:22.4854852Z Request headers:
2026-02-18T23:50:22.4854875Z     'X-IDENTITY-HEADER': 'REDACTED'
2026-02-18T23:50:22.4854990Z     'User-Agent': 'azsdk-python-identity/1.17.1 Python/3.11.14 (Linux-6.6.119.3-1.azl3-x86_64-with-glibc2.31)'
2026-02-18T23:50:22.4855016Z     'traceparent': '00-bd2ea665660ce26b1b69f6ee827231ca-b78380abc4c8f841-01'
2026-02-18T23:50:22.4855038Z No body was attached to the request
2026-02-18T23:50:22.5394768Z 2026-02-18 23:50:22,538 - azure.core.pipeline.policies.http_logging_policy - INFO - Response status: 200
2026-02-18T23:50:22.5396635Z Response headers:
2026-02-18T23:50:22.5396691Z     'Content-Type': 'application/json; charset=utf-8'
2026-02-18T23:50:22.5396716Z     'Date': 'Wed, 18 Feb 2026 23:50:22 GMT'
2026-02-18T23:50:22.5396743Z     'Server': 'Kestrel'
2026-02-18T23:50:22.5396772Z     'Transfer-Encoding': 'chunked'
2026-02-18T23:50:22.5396794Z     'X-CORRELATION-ID': 'REDACTED'
2026-02-18T23:50:22.5405860Z 2026-02-18 23:50:22,540 - azure.identity._credentials.chained - INFO - DefaultAzureCredential acquired a token from ManagedIdentityCredential
2026-02-18T23:50:22.6021145Z 2026-02-18 23:50:22,601 - app.main - INFO - ← GET /api/portfolio 200
2026-02-18T23:50:22.6043234Z 169.254.130.1:42947 - "GET /api/portfolio HTTP/1.1" 200
2026-02-18T23:50:22.6460348Z 2026-02-18 23:50:22,639 - app.main - INFO - → POST /api/logs
2026-02-18T23:50:22.6528420Z 2026-02-18 23:50:22,652 - app.main - INFO - → POST /api/logs
2026-02-18T23:50:22.6618579Z 2026-02-18 23:50:22,661 - app.main - INFO - ← POST /api/logs 200
2026-02-18T23:50:22.6632124Z 169.254.130.1:42947 - "POST /api/logs HTTP/1.1" 200
2026-02-18T23:50:22.6811281Z 2026-02-18 23:50:22,680 - app.main - INFO - ← POST /api/logs 200
2026-02-18T23:50:22.6837242Z 169.254.130.1:42961 - "POST /api/logs HTTP/1.1" 200
2026-02-18T23:50:24.6006766Z 2026-02-18 23:50:24,600 - azure.core.pipeline.policies.http_logging_policy - INFO - Request URL: 'https://westus2-2.in.applicationinsights.azure.com//v2.1/track'
2026-02-18T23:50:24.6007176Z Request method: 'POST'
2026-02-18T23:50:24.6007212Z Request headers:
2026-02-18T23:50:24.6007235Z     'Content-Type': 'application/json'
2026-02-18T23:50:24.6007264Z     'Content-Length': '3849'
2026-02-18T23:50:24.6007292Z     'Accept': 'application/json'
2026-02-18T23:50:24.6007318Z     'x-ms-client-request-id': '980a693e-0d24-11f1-8a4b-d2a6f0f32f9f'
2026-02-18T23:50:24.6007347Z     'User-Agent': 'azsdk-python-azuremonitorclient/unknown Python/3.11.14 (Linux-6.6.119.3-1.azl3-x86_64-with-glibc2.31)'
2026-02-18T23:50:24.6007457Z A body is sent with the request
2026-02-18T23:50:24.7281648Z 2026-02-18 23:50:24,726 - azure.core.pipeline.policies.http_logging_policy - INFO - Response status: 200
2026-02-18T23:50:24.7282768Z Response headers:
2026-02-18T23:50:24.7282817Z     'Transfer-Encoding': 'chunked'
2026-02-18T23:50:24.7282851Z     'Content-Type': 'application/json; charset=utf-8'
2026-02-18T23:50:24.7283037Z     'Server': 'Microsoft-HTTPAPI/2.0'
2026-02-18T23:50:24.7283062Z     'Strict-Transport-Security': 'REDACTED'
2026-02-18T23:50:24.7283085Z     'X-Content-Type-Options': 'REDACTED'
2026-02-18T23:50:24.7283107Z     'Date': 'Wed, 18 Feb 2026 23:50:24 GMT'
2026-02-18T23:50:24.7283138Z 2026-02-18 23:50:24,727 - azure.monitor.opentelemetry.exporter.export._base - INFO - Transmission succeeded: Item received: 3. Items accepted: 3
2026-02-18T23:50:25.0310999Z 2026-02-18 23:50:25,030 - azure.core.pipeline.policies.http_logging_policy - INFO - Request URL: 'https://westus2-2.in.applicationinsights.azure.com//v2.1/track'
2026-02-18T23:50:25.0311530Z Request method: 'POST'
2026-02-18T23:50:25.0311571Z Request headers:
2026-02-18T23:50:25.0311595Z     'Content-Type': 'application/json'
2026-02-18T23:50:25.0311625Z     'Content-Length': '11223'
2026-02-18T23:50:25.0311653Z     'Accept': 'application/json'
2026-02-18T23:50:25.0311679Z     'x-ms-client-request-id': '984c0420-0d24-11f1-9bbd-d2a6f0f32f9f'
2026-02-18T23:50:25.0311707Z     'User-Agent': 'azsdk-python-azuremonitorclient/unknown Python/3.11.14 (Linux-6.6.119.3-1.azl3-x86_64-with-glibc2.31)'
2026-02-18T23:50:25.0311731Z A body is sent with the request
2026-02-18T23:50:25.1100631Z 2026-02-18 23:50:25,109 - azure.core.pipeline.policies.http_logging_policy - INFO - Response status: 200
2026-02-18T23:50:25.1101427Z Response headers:
2026-02-18T23:50:25.1101472Z     'Transfer-Encoding': 'chunked'
2026-02-18T23:50:25.1101498Z     'Content-Type': 'application/json; charset=utf-8'
2026-02-18T23:50:25.1101522Z     'Server': 'Microsoft-HTTPAPI/2.0'
2026-02-18T23:50:25.1101547Z     'Strict-Transport-Security': 'REDACTED'
2026-02-18T23:50:25.1101571Z     'X-Content-Type-Options': 'REDACTED'
2026-02-18T23:50:25.1101594Z     'Date': 'Wed, 18 Feb 2026 23:50:24 GMT'
2026-02-18T23:50:25.1113606Z 2026-02-18 23:50:25,110 - azure.monitor.opentelemetry.exporter.export._base - INFO - Transmission succeeded: Item received: 9. Items accepted: 9
2026-02-18T23:50:25.4125540Z 2026-02-18 23:50:25,412 - azure.core.pipeline.policies.http_logging_policy - INFO - Request URL: 'https://westus2-2.in.applicationinsights.azure.com//v2.1/track'
2026-02-18T23:50:25.4126142Z Request method: 'POST'
2026-02-18T23:50:25.4126279Z Request headers:
2026-02-18T23:50:25.4126304Z     'Content-Type': 'application/json'
2026-02-18T23:50:25.4126328Z     'Content-Length': '29757'
2026-02-18T23:50:25.4126351Z     'Accept': 'application/json'
2026-02-18T23:50:25.4126376Z     'x-ms-client-request-id': '988657ec-0d24-11f1-ac5a-d2a6f0f32f9f'
2026-02-18T23:50:25.4126404Z     'User-Agent': 'azsdk-python-azuremonitorclient/unknown Python/3.11.14 (Linux-6.6.119.3-1.azl3-x86_64-with-glibc2.31)'
2026-02-18T23:50:25.4126427Z A body is sent with the request
2026-02-18T23:50:25.5391586Z 2026-02-18 23:50:25,538 - azure.core.pipeline.policies.http_logging_policy - INFO - Response status: 200
2026-02-18T23:50:25.5392634Z Response headers:
2026-02-18T23:50:25.5392700Z     'Transfer-Encoding': 'chunked'
2026-02-18T23:50:25.5392731Z     'Content-Type': 'application/json; charset=utf-8'
2026-02-18T23:50:25.5392834Z     'Server': 'Microsoft-HTTPAPI/2.0'
2026-02-18T23:50:25.5392855Z     'Strict-Transport-Security': 'REDACTED'
2026-02-18T23:50:25.5392875Z     'X-Content-Type-Options': 'REDACTED'
2026-02-18T23:50:25.5392895Z     'Date': 'Wed, 18 Feb 2026 23:50:24 GMT'
2026-02-18T23:50:25.5462480Z 2026-02-18 23:50:25,541 - azure.monitor.opentelemetry.exporter.export._base - INFO - Transmission succeeded: Item received: 29. Items accepted: 29
2026-02-18T23:50:26.5527462Z 2026-02-18 23:50:26,552 - azure.core.pipeline.policies.http_logging_policy - INFO - Request URL: 'https://westus2-2.in.applicationinsights.azure.com//v2.1/track'
2026-02-18T23:50:26.5528621Z Request method: 'POST'
2026-02-18T23:50:26.5528705Z Request headers:
2026-02-18T23:50:26.5528910Z     'Content-Type': 'application/json'
2026-02-18T23:50:26.5528934Z     'Content-Length': '37688'
2026-02-18T23:50:26.5529044Z     'Accept': 'application/json'
2026-02-18T23:50:26.5529068Z     'x-ms-client-request-id': '993450cc-0d24-11f1-9ac0-d2a6f0f32f9f'
2026-02-18T23:50:26.5529095Z     'User-Agent': 'azsdk-python-azuremonitorclient/unknown Python/3.11.14 (Linux-6.6.119.3-1.azl3-x86_64-with-glibc2.31)'
2026-02-18T23:50:26.5529118Z A body is sent with the request
2026-02-18T23:50:26.6872154Z 2026-02-18 23:50:26,685 - azure.core.pipeline.policies.http_logging_policy - INFO - Response status: 200
2026-02-18T23:50:26.6872658Z Response headers:
2026-02-18T23:50:26.6872695Z     'Transfer-Encoding': 'chunked'
2026-02-18T23:50:26.6872723Z     'Content-Type': 'application/json; charset=utf-8'
2026-02-18T23:50:26.6872756Z     'Server': 'Microsoft-HTTPAPI/2.0'
2026-02-18T23:50:26.6872782Z     'Strict-Transport-Security': 'REDACTED'
2026-02-18T23:50:26.6872888Z     'X-Content-Type-Options': 'REDACTED'
2026-02-18T23:50:26.6872914Z     'Date': 'Wed, 18 Feb 2026 23:50:25 GMT'
2026-02-18T23:50:26.6872944Z 2026-02-18 23:50:26,686 - azure.monitor.opentelemetry.exporter.export._base - INFO - Transmission succeeded: Item received: 34. Items accepted: 34
2026-02-18T23:50:30.5450824Z 2026-02-18 23:50:30,544 - azure.core.pipeline.policies.http_logging_policy - INFO - Request URL: 'https://westus2-2.in.applicationinsights.azure.com//v2.1/track'
2026-02-18T23:50:30.5451348Z Request method: 'POST'
2026-02-18T23:50:30.5451385Z Request headers:
2026-02-18T23:50:30.5451410Z     'Content-Type': 'application/json'
2026-02-18T23:50:30.5451433Z     'Content-Length': '3721'
2026-02-18T23:50:30.5451471Z     'Accept': 'application/json'
2026-02-18T23:50:30.5451499Z     'x-ms-client-request-id': '9b957f30-0d24-11f1-ac5a-d2a6f0f32f9f'
2026-02-18T23:50:30.5451618Z     'User-Agent': 'azsdk-python-azuremonitorclient/unknown Python/3.11.14 (Linux-6.6.119.3-1.azl3-x86_64-with-glibc2.31)'
2026-02-18T23:50:30.5451645Z A body is sent with the request
2026-02-18T23:50:30.6121687Z 2026-02-18 23:50:30,611 - azure.core.pipeline.policies.http_logging_policy - INFO - Response status: 200
2026-02-18T23:50:30.6122126Z Response headers:
2026-02-18T23:50:30.6122163Z     'Transfer-Encoding': 'chunked'
2026-02-18T23:50:30.6122193Z     'Content-Type': 'application/json; charset=utf-8'
2026-02-18T23:50:30.6122218Z     'Server': 'Microsoft-HTTPAPI/2.0'
2026-02-18T23:50:30.6122243Z     'Strict-Transport-Security': 'REDACTED'
2026-02-18T23:50:30.6122266Z     'X-Content-Type-Options': 'REDACTED'
2026-02-18T23:50:30.6122290Z     'Date': 'Wed, 18 Feb 2026 23:50:29 GMT'
2026-02-18T23:50:30.6122384Z 2026-02-18 23:50:30,611 - azure.monitor.opentelemetry.exporter.export._base - INFO - Transmission succeeded: Item received: 3. Items accepted: 3
2026-02-18T23:50:31.6899921Z 2026-02-18 23:50:31,689 - azure.core.pipeline.policies.http_logging_policy - INFO - Request URL: 'https://westus2-2.in.applicationinsights.azure.com//v2.1/track'
2026-02-18T23:50:31.6900646Z Request method: 'POST'
2026-02-18T23:50:31.6900690Z Request headers:
2026-02-18T23:50:31.6900725Z     'Content-Type': 'application/json'
2026-02-18T23:50:31.6900758Z     'Content-Length': '3722'
2026-02-18T23:50:31.6900780Z     'Accept': 'application/json'
2026-02-18T23:50:31.6900806Z     'x-ms-client-request-id': '9c441aa4-0d24-11f1-9ac0-d2a6f0f32f9f'
2026-02-18T23:50:31.6900835Z     'User-Agent': 'azsdk-python-azuremonitorclient/unknown Python/3.11.14 (Linux-6.6.119.3-1.azl3-x86_64-with-glibc2.31)'
2026-02-18T23:50:31.6900863Z A body is sent with the request
2026-02-18T23:50:31.8596615Z 2026-02-18 23:50:31,859 - azure.core.pipeline.policies.http_logging_policy - INFO - Response status: 200
2026-02-18T23:50:31.8597326Z Response headers:
2026-02-18T23:50:31.8597373Z     'Transfer-Encoding': 'chunked'
2026-02-18T23:50:31.8597405Z     'Content-Type': 'application/json; charset=utf-8'
2026-02-18T23:50:31.8597432Z     'Server': 'Microsoft-HTTPAPI/2.0'
2026-02-18T23:50:31.8597457Z     'Strict-Transport-Security': 'REDACTED'
2026-02-18T23:50:31.8597480Z     'X-Content-Type-Options': 'REDACTED'
2026-02-18T23:50:31.8597504Z     'Date': 'Wed, 18 Feb 2026 23:50:31 GMT'
2026-02-18T23:50:31.8613192Z 2026-02-18 23:50:31,860 - azure.monitor.opentelemetry.exporter.export._base - INFO - Transmission succeeded: Item received: 3. Items accepted: 3
2026-02-18T23:50:35.6195164Z 2026-02-18 23:50:35,614 - azure.core.pipeline.policies.http_logging_policy - INFO - Request URL: 'https://westus2-2.in.applicationinsights.azure.com//v2.1/track'
2026-02-18T23:50:35.6195594Z Request method: 'POST'
2026-02-18T23:50:35.6195626Z Request headers:
2026-02-18T23:50:35.6195650Z     'Content-Type': 'application/json'
2026-02-18T23:50:35.6195674Z     'Content-Length': '3719'
2026-02-18T23:50:35.6195698Z     'Accept': 'application/json'
2026-02-18T23:50:35.6195723Z     'x-ms-client-request-id': '9e9b0bb4-0d24-11f1-ac5a-d2a6f0f32f9f'
2026-02-18T23:50:35.6195752Z     'User-Agent': 'azsdk-python-azuremonitorclient/unknown Python/3.11.14 (Linux-6.6.119.3-1.azl3-x86_64-with-glibc2.31)'
2026-02-18T23:50:35.6195775Z A body is sent with the request
2026-02-18T23:50:35.8528259Z 2026-02-18 23:50:35,852 - azure.core.pipeline.policies.http_logging_policy - INFO - Response status: 200
2026-02-18T23:50:35.8528964Z Response headers:
2026-02-18T23:50:35.8529108Z     'Transfer-Encoding': 'chunked'
2026-02-18T23:50:35.8529137Z     'Content-Type': 'application/json; charset=utf-8'
2026-02-18T23:50:35.8529161Z     'Server': 'Microsoft-HTTPAPI/2.0'
2026-02-18T23:50:35.8529185Z     'Strict-Transport-Security': 'REDACTED'
2026-02-18T23:50:35.8529208Z     'X-Content-Type-Options': 'REDACTED'
2026-02-18T23:50:35.8529232Z     'Date': 'Wed, 18 Feb 2026 23:50:34 GMT'
2026-02-18T23:50:35.8554694Z 2026-02-18 23:50:35,855 - azure.monitor.opentelemetry.exporter.export._base - INFO - Transmission succeeded: Item received: 3. Items accepted: 3
2026-02-18T23:50:36.8638551Z 2026-02-18 23:50:36,863 - azure.core.pipeline.policies.http_logging_policy - INFO - Request URL: 'https://westus2-2.in.applicationinsights.azure.com//v2.1/track'
2026-02-18T23:50:36.8639245Z Request method: 'POST'
2026-02-18T23:50:36.8639287Z Request headers:
2026-02-18T23:50:36.8639373Z     'Content-Type': 'application/json'
2026-02-18T23:50:36.8639397Z     'Content-Length': '3720'
2026-02-18T23:50:36.8639420Z     'Accept': 'application/json'
2026-02-18T23:50:36.8639444Z     'x-ms-client-request-id': '9f59aa42-0d24-11f1-9ac0-d2a6f0f32f9f'
2026-02-18T23:50:36.8639472Z     'User-Agent': 'azsdk-python-azuremonitorclient/unknown Python/3.11.14 (Linux-6.6.119.3-1.azl3-x86_64-with-glibc2.31)'
2026-02-18T23:50:36.8639495Z A body is sent with the request
2026-02-18T23:50:36.9549092Z 2026-02-18 23:50:36,954 - azure.core.pipeline.policies.http_logging_policy - INFO - Response status: 200
2026-02-18T23:50:36.9549665Z Response headers:
2026-02-18T23:50:36.9549705Z     'Transfer-Encoding': 'chunked'
2026-02-18T23:50:36.9549741Z     'Content-Type': 'application/json; charset=utf-8'
2026-02-18T23:50:36.9549855Z     'Server': 'Microsoft-HTTPAPI/2.0'
2026-02-18T23:50:36.9549883Z     'Strict-Transport-Security': 'REDACTED'
2026-02-18T23:50:36.9549908Z     'X-Content-Type-Options': 'REDACTED'
2026-02-18T23:50:36.9549932Z     'Date': 'Wed, 18 Feb 2026 23:50:36 GMT'
2026-02-18T23:50:36.9619050Z 2026-02-18 23:50:36,961 - azure.monitor.opentelemetry.exporter.export._base - INFO - Transmission succeeded: Item received: 3. Items accepted: 3
2026-02-18T23:50:40.8605846Z 2026-02-18 23:50:40,858 - azure.core.pipeline.policies.http_logging_policy - INFO - Request URL: 'https://westus2-2.in.applicationinsights.azure.com//v2.1/track'
2026-02-18T23:50:40.8606315Z Request method: 'POST'
2026-02-18T23:50:40.8606349Z Request headers:
2026-02-18T23:50:40.8606373Z     'Content-Type': 'application/json'
2026-02-18T23:50:40.8606405Z     'Content-Length': '3720'
2026-02-18T23:50:40.8606526Z     'Accept': 'application/json'
2026-02-18T23:50:40.8606554Z     'x-ms-client-request-id': 'a1bb48ae-0d24-11f1-ac5a-d2a6f0f32f9f'
2026-02-18T23:50:40.8606582Z     'User-Agent': 'azsdk-python-azuremonitorclient/unknown Python/3.11.14 (Linux-6.6.119.3-1.azl3-x86_64-with-glibc2.31)'
2026-02-18T23:50:40.8606607Z A body is sent with the request
2026-02-18T23:50:41.0315825Z 2026-02-18 23:50:41,030 - azure.core.pipeline.policies.http_logging_policy - INFO - Response status: 200
2026-02-18T23:50:41.0316401Z Response headers:
2026-02-18T23:50:41.0316437Z     'Transfer-Encoding': 'chunked'
2026-02-18T23:50:41.0316469Z     'Content-Type': 'application/json; charset=utf-8'
2026-02-18T23:50:41.0316498Z     'Server': 'Microsoft-HTTPAPI/2.0'
2026-02-18T23:50:41.0316523Z     'Strict-Transport-Security': 'REDACTED'
2026-02-18T23:50:41.0316545Z     'X-Content-Type-Options': 'REDACTED'
2026-02-18T23:50:41.0316663Z     'Date': 'Wed, 18 Feb 2026 23:50:40 GMT'
2026-02-18T23:50:41.0316693Z 2026-02-18 23:50:41,031 - azure.monitor.opentelemetry.exporter.export._base - INFO - Transmission succeeded: Item received: 3. Items accepted: 3
2026-02-18T23:50:41.9652249Z 2026-02-18 23:50:41,964 - azure.core.pipeline.policies.http_logging_policy - INFO - Request URL: 'https://westus2-2.in.applicationinsights.azure.com//v2.1/track'
2026-02-18T23:50:41.9653087Z Request method: 'POST'
2026-02-18T23:50:41.9653130Z Request headers:
2026-02-18T23:50:41.9653155Z     'Content-Type': 'application/json'
2026-02-18T23:50:41.9653187Z     'Content-Length': '3720'
2026-02-18T23:50:41.9653213Z     'Accept': 'application/json'
2026-02-18T23:50:41.9653238Z     'x-ms-client-request-id': 'a26412fe-0d24-11f1-9ac0-d2a6f0f32f9f'
2026-02-18T23:50:41.9653265Z     'User-Agent': 'azsdk-python-azuremonitorclient/unknown Python/3.11.14 (Linux-6.6.119.3-1.azl3-x86_64-with-glibc2.31)'
2026-02-18T23:50:41.9653373Z A body is sent with the request
2026-02-18T23:50:42.0530293Z 2026-02-18 23:50:42,052 - azure.core.pipeline.policies.http_logging_policy - INFO - Response status: 200
2026-02-18T23:50:42.0531079Z Response headers:
2026-02-18T23:50:42.0531122Z     'Transfer-Encoding': 'chunked'
2026-02-18T23:50:42.0531153Z     'Content-Type': 'application/json; charset=utf-8'
2026-02-18T23:50:42.0531177Z     'Server': 'Microsoft-HTTPAPI/2.0'
2026-02-18T23:50:42.0531202Z     'Strict-Transport-Security': 'REDACTED'
2026-02-18T23:50:42.0531227Z     'X-Content-Type-Options': 'REDACTED'
2026-02-18T23:50:42.0531257Z     'Date': 'Wed, 18 Feb 2026 23:50:41 GMT'
2026-02-18T23:50:42.0541096Z 2026-02-18 23:50:42,053 - azure.monitor.opentelemetry.exporter.export._base - INFO - Transmission succeeded: Item received: 3. Items accepted: 3
2026-02-18T23:50:46.0341228Z 2026-02-18 23:50:46,033 - azure.core.pipeline.policies.http_logging_policy - INFO - Request URL: 'https://westus2-2.in.applicationinsights.azure.com//v2.1/track'
2026-02-18T23:50:46.0341862Z Request method: 'POST'
2026-02-18T23:50:46.0341893Z Request headers:
2026-02-18T23:50:46.0341917Z     'Content-Type': 'application/json'
2026-02-18T23:50:46.0341941Z     'Content-Length': '3718'
2026-02-18T23:50:46.0341964Z     'Accept': 'application/json'
2026-02-18T23:50:46.0341989Z     'x-ms-client-request-id': 'a4d0edb4-0d24-11f1-ac5a-d2a6f0f32f9f'
2026-02-18T23:50:46.0342017Z     'User-Agent': 'azsdk-python-azuremonitorclient/unknown Python/3.11.14 (Linux-6.6.119.3-1.azl3-x86_64-with-glibc2.31)'
2026-02-18T23:50:46.0342040Z A body is sent with the request
2026-02-18T23:50:46.1314553Z 2026-02-18 23:50:46,131 - azure.core.pipeline.policies.http_logging_policy - INFO - Response status: 200
2026-02-18T23:50:46.1315377Z Response headers:
2026-02-18T23:50:46.1315509Z     'Transfer-Encoding': 'chunked'
2026-02-18T23:50:46.1315535Z     'Content-Type': 'application/json; charset=utf-8'
2026-02-18T23:50:46.1315559Z     'Server': 'Microsoft-HTTPAPI/2.0'
2026-02-18T23:50:46.1315583Z     'Strict-Transport-Security': 'REDACTED'
2026-02-18T23:50:46.1315606Z     'X-Content-Type-Options': 'REDACTED'
2026-02-18T23:50:46.1315630Z     'Date': 'Wed, 18 Feb 2026 23:50:45 GMT'
2026-02-18T23:50:46.1360751Z 2026-02-18 23:50:46,135 - azure.monitor.opentelemetry.exporter.export._base - INFO - Transmission succeeded: Item received: 3. Items accepted: 3
2026-02-18T23:50:47.0573659Z 2026-02-18 23:50:47,057 - azure.core.pipeline.policies.http_logging_policy - INFO - Request URL: 'https://westus2-2.in.applicationinsights.azure.com//v2.1/track'
2026-02-18T23:50:47.0574542Z Request method: 'POST'
2026-02-18T23:50:47.0574650Z Request headers:
2026-02-18T23:50:47.0574677Z     'Content-Type': 'application/json'
2026-02-18T23:50:47.0574699Z     'Content-Length': '3720'
2026-02-18T23:50:47.0574721Z     'Accept': 'application/json'
2026-02-18T23:50:47.0574915Z     'x-ms-client-request-id': 'a56d11ee-0d24-11f1-9ac0-d2a6f0f32f9f'
2026-02-18T23:50:47.0574945Z     'User-Agent': 'azsdk-python-azuremonitorclient/unknown Python/3.11.14 (Linux-6.6.119.3-1.azl3-x86_64-with-glibc2.31)'
2026-02-18T23:50:47.0574971Z A body is sent with the request
2026-02-18T23:50:47.1801810Z 2026-02-18 23:50:47,179 - azure.core.pipeline.policies.http_logging_policy - INFO - Response status: 200
2026-02-18T23:50:47.1802158Z Response headers:
2026-02-18T23:50:47.1802193Z     'Transfer-Encoding': 'chunked'
2026-02-18T23:50:47.1802220Z     'Content-Type': 'application/json; charset=utf-8'
2026-02-18T23:50:47.1802329Z     'Server': 'Microsoft-HTTPAPI/2.0'
2026-02-18T23:50:47.1802353Z     'Strict-Transport-Security': 'REDACTED'
2026-02-18T23:50:47.1802376Z     'X-Content-Type-Options': 'REDACTED'
2026-02-18T23:50:47.1802400Z     'Date': 'Wed, 18 Feb 2026 23:50:46 GMT'
2026-02-18T23:50:47.1856248Z 2026-02-18 23:50:47,185 - azure.monitor.opentelemetry.exporter.export._base - INFO - Transmission succeeded: Item received: 3. Items accepted: 3
2026-02-18T23:50:51.1398585Z 2026-02-18 23:50:51,139 - azure.core.pipeline.policies.http_logging_policy - INFO - Request URL: 'https://westus2-2.in.applicationinsights.azure.com//v2.1/track'
2026-02-18T23:50:51.1399042Z Request method: 'POST'
2026-02-18T23:50:51.1399079Z Request headers:
2026-02-18T23:50:51.1399104Z     'Content-Type': 'application/json'
2026-02-18T23:50:51.1399127Z     'Content-Length': '3720'
2026-02-18T23:50:51.1399242Z     'Accept': 'application/json'
2026-02-18T23:50:51.1399272Z     'x-ms-client-request-id': 'a7dc044e-0d24-11f1-ac5a-d2a6f0f32f9f'
2026-02-18T23:50:51.1399303Z     'User-Agent': 'azsdk-python-azuremonitorclient/unknown Python/3.11.14 (Linux-6.6.119.3-1.azl3-x86_64-with-glibc2.31)'
2026-02-18T23:50:51.1399329Z A body is sent with the request
2026-02-18T23:50:51.2919985Z 2026-02-18 23:50:51,291 - azure.core.pipeline.policies.http_logging_policy - INFO - Response status: 200
2026-02-18T23:50:51.2920551Z Response headers:
2026-02-18T23:50:51.2920590Z     'Transfer-Encoding': 'chunked'
2026-02-18T23:50:51.2920616Z     'Content-Type': 'application/json; charset=utf-8'
2026-02-18T23:50:51.2920640Z     'Server': 'Microsoft-HTTPAPI/2.0'
2026-02-18T23:50:51.2920664Z     'Strict-Transport-Security': 'REDACTED'
2026-02-18T23:50:51.2920775Z     'X-Content-Type-Options': 'REDACTED'
2026-02-18T23:50:51.2920801Z     'Date': 'Wed, 18 Feb 2026 23:50:51 GMT'
2026-02-18T23:50:51.2944310Z 2026-02-18 23:50:51,294 - azure.monitor.opentelemetry.exporter.export._base - INFO - Transmission succeeded: Item received: 3. Items accepted: 3
2026-02-18T23:50:52.1906694Z 2026-02-18 23:50:52,188 - azure.core.pipeline.policies.http_logging_policy - INFO - Request URL: 'https://westus2-2.in.applicationinsights.azure.com//v2.1/track'
2026-02-18T23:50:52.1907382Z Request method: 'POST'
2026-02-18T23:50:52.1907420Z Request headers:
2026-02-18T23:50:52.1907455Z     'Content-Type': 'application/json'
2026-02-18T23:50:52.1907478Z     'Content-Length': '3720'
2026-02-18T23:50:52.1907500Z     'Accept': 'application/json'
2026-02-18T23:50:52.1907526Z     'x-ms-client-request-id': 'a87c0b4c-0d24-11f1-9ac0-d2a6f0f32f9f'
2026-02-18T23:50:52.1907639Z     'User-Agent': 'azsdk-python-azuremonitorclient/unknown Python/3.11.14 (Linux-6.6.119.3-1.azl3-x86_64-with-glibc2.31)'
2026-02-18T23:50:52.1907663Z A body is sent with the request
2026-02-18T23:50:52.3077310Z 2026-02-18 23:50:52,307 - azure.core.pipeline.policies.http_logging_policy - INFO - Response status: 200
2026-02-18T23:50:52.3078721Z Response headers:
2026-02-18T23:50:52.3078773Z     'Transfer-Encoding': 'chunked'
2026-02-18T23:50:52.3078802Z     'Content-Type': 'application/json; charset=utf-8'
2026-02-18T23:50:52.3078895Z     'Server': 'Microsoft-HTTPAPI/2.0'
2026-02-18T23:50:52.3078920Z     'Strict-Transport-Security': 'REDACTED'
2026-02-18T23:50:52.3078944Z     'X-Content-Type-Options': 'REDACTED'
2026-02-18T23:50:52.3078967Z     'Date': 'Wed, 18 Feb 2026 23:50:51 GMT'
2026-02-18T23:50:52.3086550Z 2026-02-18 23:50:52,308 - azure.monitor.opentelemetry.exporter.export._base - INFO - Transmission succeeded: Item received: 3. Items accepted: 3
2026-02-18T23:50:56.3088236Z 2026-02-18 23:50:56,302 - azure.core.pipeline.policies.http_logging_policy - INFO - Request URL: 'https://westus2-2.in.applicationinsights.azure.com//v2.1/track'
2026-02-18T23:50:56.3088727Z Request method: 'POST'
2026-02-18T23:50:56.3088761Z Request headers:
2026-02-18T23:50:56.3088786Z     'Content-Type': 'application/json'
2026-02-18T23:50:56.3088817Z     'Content-Length': '3720'
2026-02-18T23:50:56.3088845Z     'Accept': 'application/json'
2026-02-18T23:50:56.3088871Z     'x-ms-client-request-id': 'aaefd1ec-0d24-11f1-ac5a-d2a6f0f32f9f'
2026-02-18T23:50:56.3088899Z     'User-Agent': 'azsdk-python-azuremonitorclient/unknown Python/3.11.14 (Linux-6.6.119.3-1.azl3-x86_64-with-glibc2.31)'
2026-02-18T23:50:56.3088922Z A body is sent with the request
2026-02-18T23:50:56.4264867Z 2026-02-18 23:50:56,426 - azure.core.pipeline.policies.http_logging_policy - INFO - Response status: 200
2026-02-18T23:50:56.4265468Z Response headers:
2026-02-18T23:50:56.4265509Z     'Transfer-Encoding': 'chunked'
2026-02-18T23:50:56.4265536Z     'Content-Type': 'application/json; charset=utf-8'
2026-02-18T23:50:56.4265559Z     'Server': 'Microsoft-HTTPAPI/2.0'
2026-02-18T23:50:56.4265587Z     'Strict-Transport-Security': 'REDACTED'
2026-02-18T23:50:56.4265618Z     'X-Content-Type-Options': 'REDACTED'
2026-02-18T23:50:56.4265641Z     'Date': 'Wed, 18 Feb 2026 23:50:56 GMT'
2026-02-18T23:50:56.4314250Z 2026-02-18 23:50:56,427 - azure.monitor.opentelemetry.exporter.export._base - INFO - Transmission succeeded: Item received: 3. Items accepted: 3
2026-02-18T23:50:57.3191862Z 2026-02-18 23:50:57,311 - azure.core.pipeline.policies.http_logging_policy - INFO - Request URL: 'https://westus2-2.in.applicationinsights.azure.com//v2.1/track'
2026-02-18T23:50:57.3192186Z Request method: 'POST'
2026-02-18T23:50:57.3192215Z Request headers:
2026-02-18T23:50:57.3192239Z     'Content-Type': 'application/json'
2026-02-18T23:50:57.3192263Z     'Content-Length': '3720'
2026-02-18T23:50:57.3192289Z     'Accept': 'application/json'
2026-02-18T23:50:57.3192315Z     'x-ms-client-request-id': 'ab89d30a-0d24-11f1-9ac0-d2a6f0f32f9f'
2026-02-18T23:50:57.3192345Z     'User-Agent': 'azsdk-python-azuremonitorclient/unknown Python/3.11.14 (Linux-6.6.119.3-1.azl3-x86_64-with-glibc2.31)'
2026-02-18T23:50:57.3192369Z A body is sent with the request
2026-02-18T23:50:57.3741646Z 2026-02-18 23:50:57,373 - azure.core.pipeline.policies.http_logging_policy - INFO - Response status: 200
2026-02-18T23:50:57.3742317Z Response headers:
2026-02-18T23:50:57.3742436Z     'Transfer-Encoding': 'chunked'
2026-02-18T23:50:57.3742462Z     'Content-Type': 'application/json; charset=utf-8'
2026-02-18T23:50:57.3742486Z     'Server': 'Microsoft-HTTPAPI/2.0'
2026-02-18T23:50:57.3742510Z     'Strict-Transport-Security': 'REDACTED'
2026-02-18T23:50:57.3742534Z     'X-Content-Type-Options': 'REDACTED'
2026-02-18T23:50:57.3742557Z     'Date': 'Wed, 18 Feb 2026 23:50:56 GMT'
2026-02-18T23:50:57.3749684Z 2026-02-18 23:50:57,374 - azure.monitor.opentelemetry.exporter.export._base - INFO - Transmission succeeded: Item received: 3. Items accepted: 3
2026-02-18T23:51:01.4335842Z 2026-02-18 23:51:01,433 - azure.core.pipeline.policies.http_logging_policy - INFO - Request URL: 'https://westus2-2.in.applicationinsights.azure.com//v2.1/track'
2026-02-18T23:51:01.4336282Z Request method: 'POST'
2026-02-18T23:51:01.4336364Z Request headers:
2026-02-18T23:51:01.4336390Z     'Content-Type': 'application/json'
2026-02-18T23:51:01.4336413Z     'Content-Length': '3720'
2026-02-18T23:51:01.4336437Z     'Accept': 'application/json'
2026-02-18T23:51:01.4336463Z     'x-ms-client-request-id': 'adfeb7d6-0d24-11f1-ac5a-d2a6f0f32f9f'
2026-02-18T23:51:01.4336491Z     'User-Agent': 'azsdk-python-azuremonitorclient/unknown Python/3.11.14 (Linux-6.6.119.3-1.azl3-x86_64-with-glibc2.31)'
2026-02-18T23:51:01.4336515Z A body is sent with the request
2026-02-18T23:51:01.4964071Z 2026-02-18 23:51:01,496 - azure.core.pipeline.policies.http_logging_policy - INFO - Response status: 200
2026-02-18T23:51:01.4964877Z Response headers:
2026-02-18T23:51:01.4964921Z     'Transfer-Encoding': 'chunked'
2026-02-18T23:51:01.4964949Z     'Content-Type': 'application/json; charset=utf-8'
2026-02-18T23:51:01.4965063Z     'Server': 'Microsoft-HTTPAPI/2.0'
2026-02-18T23:51:01.4965089Z     'Strict-Transport-Security': 'REDACTED'
2026-02-18T23:51:01.4965112Z     'X-Content-Type-Options': 'REDACTED'
2026-02-18T23:51:01.4965136Z     'Date': 'Wed, 18 Feb 2026 23:51:01 GMT'
2026-02-18T23:51:01.4983770Z 2026-02-18 23:51:01,498 - azure.monitor.opentelemetry.exporter.export._base - INFO - Transmission succeeded: Item received: 3. Items accepted: 3
2026-02-18T23:51:02.3855611Z 2026-02-18 23:51:02,377 - azure.core.pipeline.policies.http_logging_policy - INFO - Request URL: 'https://westus2-2.in.applicationinsights.azure.com//v2.1/track'
2026-02-18T23:51:02.3855944Z Request method: 'POST'
2026-02-18T23:51:02.3855981Z Request headers:
2026-02-18T23:51:02.3856014Z     'Content-Type': 'application/json'
2026-02-18T23:51:02.3856039Z     'Content-Length': '3719'
2026-02-18T23:51:02.3856118Z     'Accept': 'application/json'
2026-02-18T23:51:02.3856145Z     'x-ms-client-request-id': 'ae8ecbd2-0d24-11f1-9ac0-d2a6f0f32f9f'
2026-02-18T23:51:02.3856173Z     'User-Agent': 'azsdk-python-azuremonitorclient/unknown Python/3.11.14 (Linux-6.6.119.3-1.azl3-x86_64-with-glibc2.31)'
2026-02-18T23:51:02.3856196Z A body is sent with the request
2026-02-18T23:51:02.5219516Z 2026-02-18 23:51:02,521 - azure.core.pipeline.policies.http_logging_policy - INFO - Response status: 200
2026-02-18T23:51:02.5219945Z Response headers:
2026-02-18T23:51:02.5219981Z     'Transfer-Encoding': 'chunked'
2026-02-18T23:51:02.5220013Z     'Content-Type': 'application/json; charset=utf-8'
2026-02-18T23:51:02.5220042Z     'Server': 'Microsoft-HTTPAPI/2.0'
2026-02-18T23:51:02.5220067Z     'Strict-Transport-Security': 'REDACTED'
2026-02-18T23:51:02.5220171Z     'X-Content-Type-Options': 'REDACTED'
2026-02-18T23:51:02.5220196Z     'Date': 'Wed, 18 Feb 2026 23:51:01 GMT'
2026-02-18T23:51:02.5235563Z 2026-02-18 23:51:02,523 - azure.monitor.opentelemetry.exporter.export._base - INFO - Transmission succeeded: Item received: 3. Items accepted: 3
2026-02-18T23:51:06.2453521Z 2026-02-18 23:51:06,243 - azure.core.pipeline.policies.http_logging_policy - INFO - Request URL: 'https://westus2-2.in.applicationinsights.azure.com//v2.1/track'
2026-02-18T23:51:06.2454202Z Request method: 'POST'
2026-02-18T23:51:06.2454239Z Request headers:
2026-02-18T23:51:06.2454264Z     'Content-Type': 'application/json'
2026-02-18T23:51:06.2454306Z     'Content-Length': '1088'
2026-02-18T23:51:06.2454331Z     'Accept': 'application/json'
2026-02-18T23:51:06.2454742Z     'x-ms-client-request-id': 'b0dcbd4a-0d24-11f1-8766-d2a6f0f32f9f'
2026-02-18T23:51:06.2454873Z     'User-Agent': 'azsdk-python-azuremonitorclient/unknown Python/3.11.14 (Linux-6.6.119.3-1.azl3-x86_64-with-glibc2.31)'
2026-02-18T23:51:06.2454900Z A body is sent with the request
2026-02-18T23:51:06.2551880Z 2026-02-18 23:51:06,255 - azure.core.pipeline.policies.http_logging_policy - INFO - Response status: 200
2026-02-18T23:51:06.2552215Z Response headers:
2026-02-18T23:51:06.2552250Z     'Transfer-Encoding': 'chunked'
2026-02-18T23:51:06.2552277Z     'Content-Type': 'application/json; charset=utf-8'
2026-02-18T23:51:06.2552301Z     'Server': 'Microsoft-HTTPAPI/2.0'
2026-02-18T23:51:06.2552326Z     'Strict-Transport-Security': 'REDACTED'
2026-02-18T23:51:06.2552350Z     'X-Content-Type-Options': 'REDACTED'
2026-02-18T23:51:06.2552376Z     'Date': 'Wed, 18 Feb 2026 23:51:06 GMT'
2026-02-18T23:51:06.2600653Z 2026-02-18 23:51:06,259 - azure.monitor.opentelemetry.exporter.export._base - INFO - Transmission succeeded: Item received: 1. Items accepted: 1
2026-02-18T23:51:06.5045568Z 2026-02-18 23:51:06,504 - azure.core.pipeline.policies.http_logging_policy - INFO - Request URL: 'https://westus2-2.in.applicationinsights.azure.com//v2.1/track'
2026-02-18T23:51:06.5046141Z Request method: 'POST'
2026-02-18T23:51:06.5046182Z Request headers:
2026-02-18T23:51:06.5046211Z     'Content-Type': 'application/json'
2026-02-18T23:51:06.5046234Z     'Content-Length': '7440'
2026-02-18T23:51:06.5046257Z     'Accept': 'application/json'
2026-02-18T23:51:06.5046281Z     'x-ms-client-request-id': 'b1047574-0d24-11f1-ac5a-d2a6f0f32f9f'
2026-02-18T23:51:06.5046313Z     'User-Agent': 'azsdk-python-azuremonitorclient/unknown Python/3.11.14 (Linux-6.6.119.3-1.azl3-x86_64-with-glibc2.31)'
2026-02-18T23:51:06.5046793Z A body is sent with the request
2026-02-18T23:51:06.6469089Z 2026-02-18 23:51:06,645 - azure.core.pipeline.policies.http_logging_policy - INFO - Response status: 200
2026-02-18T23:51:06.6469542Z Response headers:
2026-02-18T23:51:06.6469579Z     'Transfer-Encoding': 'chunked'
2026-02-18T23:51:06.6469613Z     'Content-Type': 'application/json; charset=utf-8'
2026-02-18T23:51:06.6469642Z     'Server': 'Microsoft-HTTPAPI/2.0'
2026-02-18T23:51:06.6469666Z     'Strict-Transport-Security': 'REDACTED'
2026-02-18T23:51:06.6469691Z     'X-Content-Type-Options': 'REDACTED'
2026-02-18T23:51:06.6469716Z     'Date': 'Wed, 18 Feb 2026 23:51:06 GMT'
2026-02-18T23:51:06.6469748Z 2026-02-18 23:51:06,646 - azure.monitor.opentelemetry.exporter.export._base - INFO - Transmission succeeded: Item received: 6. Items accepted: 6
2026-02-18T23:51:06.7971417Z 2026-02-18 23:51:06,796 - azure.core.pipeline.policies.http_logging_policy - INFO - Request URL: 'https://westus2-2.in.applicationinsights.azure.com//v2.1/track'
2026-02-18T23:51:06.7971959Z Request method: 'POST'
2026-02-18T23:51:06.7971993Z Request headers:
2026-02-18T23:51:06.7972015Z     'Content-Type': 'application/json'
2026-02-18T23:51:06.7972037Z     'Content-Length': '1087'
2026-02-18T23:51:06.7972076Z     'Accept': 'application/json'
2026-02-18T23:51:06.7972103Z     'x-ms-client-request-id': 'b131222c-0d24-11f1-8f99-d2a6f0f32f9f'
2026-02-18T23:51:06.7972130Z     'User-Agent': 'azsdk-python-azuremonitorclient/unknown Python/3.11.14 (Linux-6.6.119.3-1.azl3-x86_64-with-glibc2.31)'
2026-02-18T23:51:06.7972153Z A body is sent with the request
2026-02-18T23:51:06.8085717Z 2026-02-18 23:51:06,808 - azure.core.pipeline.policies.http_logging_policy - INFO - Response status: 200
2026-02-18T23:51:06.8086013Z Response headers:
2026-02-18T23:51:06.8086040Z     'Transfer-Encoding': 'chunked'
2026-02-18T23:51:06.8086063Z     'Content-Type': 'application/json; charset=utf-8'
2026-02-18T23:51:06.8086086Z     'Server': 'Microsoft-HTTPAPI/2.0'
2026-02-18T23:51:06.8086110Z     'Strict-Transport-Security': 'REDACTED'
2026-02-18T23:51:06.8086242Z     'X-Content-Type-Options': 'REDACTED'
2026-02-18T23:51:06.8086268Z     'Date': 'Wed, 18 Feb 2026 23:51:06 GMT'
2026-02-18T23:51:06.8108902Z 2026-02-18 23:51:06,810 - azure.monitor.opentelemetry.exporter.export._base - INFO - Transmission succeeded: Item received: 1. Items accepted: 1
2026-02-18T23:51:07.5460140Z 2026-02-18 23:51:07,537 - azure.core.pipeline.policies.http_logging_policy - INFO - Request URL: 'https://westus2-2.in.applicationinsights.azure.com//v2.1/track'
2026-02-18T23:51:07.5460915Z Request method: 'POST'
2026-02-18T23:51:07.5460958Z Request headers:
2026-02-18T23:51:07.5460983Z     'Content-Type': 'application/json'
2026-02-18T23:51:07.5461006Z     'Content-Length': '7438'
2026-02-18T23:51:07.5461027Z     'Accept': 'application/json'
2026-02-18T23:51:07.5461055Z     'x-ms-client-request-id': 'b1a2364c-0d24-11f1-9ac0-d2a6f0f32f9f'
2026-02-18T23:51:07.5461083Z     'User-Agent': 'azsdk-python-azuremonitorclient/unknown Python/3.11.14 (Linux-6.6.119.3-1.azl3-x86_64-with-glibc2.31)'
2026-02-18T23:51:07.5461105Z A body is sent with the request
2026-02-18T23:51:07.6989399Z 2026-02-18 23:51:07,697 - azure.core.pipeline.policies.http_logging_policy - INFO - Response status: 200
2026-02-18T23:51:07.6990188Z Response headers:
2026-02-18T23:51:07.6990230Z     'Transfer-Encoding': 'chunked'
2026-02-18T23:51:07.6990340Z     'Content-Type': 'application/json; charset=utf-8'
2026-02-18T23:51:07.6990365Z     'Server': 'Microsoft-HTTPAPI/2.0'
2026-02-18T23:51:07.6990389Z     'Strict-Transport-Security': 'REDACTED'
2026-02-18T23:51:07.6990413Z     'X-Content-Type-Options': 'REDACTED'
2026-02-18T23:51:07.6990434Z     'Date': 'Wed, 18 Feb 2026 23:51:06 GMT'
2026-02-18T23:51:07.6990463Z 2026-02-18 23:51:07,698 - azure.monitor.opentelemetry.exporter.export._base - INFO - Transmission succeeded: Item received: 6. Items accepted: 6
2026-02-18T23:51:11.6512954Z 2026-02-18 23:51:11,648 - azure.core.pipeline.policies.http_logging_policy - INFO - Request URL: 'https://westus2-2.in.applicationinsights.azure.com//v2.1/track'
2026-02-18T23:51:11.6513513Z Request method: 'POST'
2026-02-18T23:51:11.6513549Z Request headers:
2026-02-18T23:51:11.6513577Z     'Content-Type': 'application/json'
2026-02-18T23:51:11.6513696Z     'Content-Length': '3720'
2026-02-18T23:51:11.6513720Z     'Accept': 'application/json'
2026-02-18T23:51:11.6513745Z     'x-ms-client-request-id': 'b4157df8-0d24-11f1-ac5a-d2a6f0f32f9f'
2026-02-18T23:51:11.6513773Z     'User-Agent': 'azsdk-python-azuremonitorclient/unknown Python/3.11.14 (Linux-6.6.119.3-1.azl3-x86_64-with-glibc2.31)'
2026-02-18T23:51:11.6513796Z A body is sent with the request
2026-02-18T23:51:11.7255828Z 2026-02-18 23:51:11,724 - azure.core.pipeline.policies.http_logging_policy - INFO - Response status: 200
2026-02-18T23:51:11.7256396Z Response headers:
2026-02-18T23:51:11.7256433Z     'Transfer-Encoding': 'chunked'
2026-02-18T23:51:11.7256462Z     'Content-Type': 'application/json; charset=utf-8'
2026-02-18T23:51:11.7256488Z     'Server': 'Microsoft-HTTPAPI/2.0'
2026-02-18T23:51:11.7256511Z     'Strict-Transport-Security': 'REDACTED'
2026-02-18T23:51:11.7256623Z     'X-Content-Type-Options': 'REDACTED'
2026-02-18T23:51:11.7256645Z     'Date': 'Wed, 18 Feb 2026 23:51:11 GMT'
2026-02-18T23:51:11.7256674Z 2026-02-18 23:51:11,724 - azure.monitor.opentelemetry.exporter.export._base - INFO - Transmission succeeded: Item received: 3. Items accepted: 3
2026-02-18T23:51:12.7019618Z 2026-02-18 23:51:12,700 - azure.core.pipeline.policies.http_logging_policy - INFO - Request URL: 'https://westus2-2.in.applicationinsights.azure.com//v2.1/track'
2026-02-18T23:51:12.7020191Z Request method: 'POST'
2026-02-18T23:51:12.7020225Z Request headers:
2026-02-18T23:51:12.7020247Z     'Content-Type': 'application/json'
2026-02-18T23:51:12.7020277Z     'Content-Length': '3720'
2026-02-18T23:51:12.7020302Z     'Accept': 'application/json'
2026-02-18T23:51:12.7020326Z     'x-ms-client-request-id': 'b4b601ec-0d24-11f1-9ac0-d2a6f0f32f9f'
2026-02-18T23:51:12.7020446Z     'User-Agent': 'azsdk-python-azuremonitorclient/unknown Python/3.11.14 (Linux-6.6.119.3-1.azl3-x86_64-with-glibc2.31)'
2026-02-18T23:51:12.7020471Z A body is sent with the request
2026-02-18T23:51:12.8206516Z 2026-02-18 23:51:12,820 - azure.core.pipeline.policies.http_logging_policy - INFO - Response status: 200
2026-02-18T23:51:12.8207306Z Response headers:
2026-02-18T23:51:12.8207351Z     'Transfer-Encoding': 'chunked'
2026-02-18T23:51:12.8207380Z     'Content-Type': 'application/json; charset=utf-8'
2026-02-18T23:51:12.8207405Z     'Server': 'Microsoft-HTTPAPI/2.0'
2026-02-18T23:51:12.8207428Z     'Strict-Transport-Security': 'REDACTED'
2026-02-18T23:51:12.8207451Z     'X-Content-Type-Options': 'REDACTED'
2026-02-18T23:51:12.8207482Z     'Date': 'Wed, 18 Feb 2026 23:51:11 GMT'
2026-02-18T23:51:12.8216644Z 2026-02-18 23:51:12,821 - azure.monitor.opentelemetry.exporter.export._base - INFO - Transmission succeeded: Item received: 3. Items accepted: 3
2026-02-18T23:51:16.7326917Z 2026-02-18 23:51:16,727 - azure.core.pipeline.policies.http_logging_policy - INFO - Request URL: 'https://westus2-2.in.applicationinsights.azure.com//v2.1/track'
2026-02-18T23:51:16.7327418Z Request method: 'POST'
2026-02-18T23:51:16.7327451Z Request headers:
2026-02-18T23:51:16.7327475Z     'Content-Type': 'application/json'
2026-02-18T23:51:16.7327497Z     'Content-Length': '3720'
2026-02-18T23:51:16.7327519Z     'Accept': 'application/json'
2026-02-18T23:51:16.7327544Z     'x-ms-client-request-id': 'b71c6886-0d24-11f1-ac5a-d2a6f0f32f9f'
2026-02-18T23:51:16.7327575Z     'User-Agent': 'azsdk-python-azuremonitorclient/unknown Python/3.11.14 (Linux-6.6.119.3-1.azl3-x86_64-with-glibc2.31)'
2026-02-18T23:51:16.7327603Z A body is sent with the request
2026-02-18T23:51:16.8235297Z 2026-02-18 23:51:16,823 - azure.core.pipeline.policies.http_logging_policy - INFO - Response status: 200
2026-02-18T23:51:16.8235616Z Response headers:
2026-02-18T23:51:16.8235653Z     'Transfer-Encoding': 'chunked'
2026-02-18T23:51:16.8235686Z     'Content-Type': 'application/json; charset=utf-8'
2026-02-18T23:51:16.8235714Z     'Server': 'Microsoft-HTTPAPI/2.0'
2026-02-18T23:51:16.8235739Z     'Strict-Transport-Security': 'REDACTED'
2026-02-18T23:51:16.8235762Z     'X-Content-Type-Options': 'REDACTED'
2026-02-18T23:51:16.8235785Z     'Date': 'Wed, 18 Feb 2026 23:51:16 GMT'
2026-02-18T23:51:16.8370065Z 2026-02-18 23:51:16,836 - azure.monitor.opentelemetry.exporter.export._base - INFO - Transmission succeeded: Item received: 3. Items accepted: 3
2026-02-18T23:51:17.8320137Z 2026-02-18 23:51:17,829 - azure.core.pipeline.policies.http_logging_policy - INFO - Request URL: 'https://westus2-2.in.applicationinsights.azure.com//v2.1/track'
2026-02-18T23:51:17.8320509Z Request method: 'POST'
2026-02-18T23:51:17.8320537Z Request headers:
2026-02-18T23:51:17.8320561Z     'Content-Type': 'application/json'
2026-02-18T23:51:17.8320587Z     'Content-Length': '3720'
2026-02-18T23:51:17.8320609Z     'Accept': 'application/json'
2026-02-18T23:51:17.8321064Z     'x-ms-client-request-id': 'b7c48eee-0d24-11f1-9ac0-d2a6f0f32f9f'
2026-02-18T23:51:17.8321107Z     'User-Agent': 'azsdk-python-azuremonitorclient/unknown Python/3.11.14 (Linux-6.6.119.3-1.azl3-x86_64-with-glibc2.31)'
2026-02-18T23:51:17.8321130Z A body is sent with the request
2026-02-18T23:51:17.9468225Z 2026-02-18 23:51:17,945 - azure.core.pipeline.policies.http_logging_policy - INFO - Response status: 200
2026-02-18T23:51:17.9468711Z Response headers:
2026-02-18T23:51:17.9468812Z     'Transfer-Encoding': 'chunked'
2026-02-18T23:51:17.9468838Z     'Content-Type': 'application/json; charset=utf-8'
2026-02-18T23:51:17.9468861Z     'Server': 'Microsoft-HTTPAPI/2.0'
2026-02-18T23:51:17.9468883Z     'Strict-Transport-Security': 'REDACTED'
2026-02-18T23:51:17.9468906Z     'X-Content-Type-Options': 'REDACTED'
2026-02-18T23:51:17.9468965Z     'Date': 'Wed, 18 Feb 2026 23:51:17 GMT'
2026-02-18T23:51:17.9468999Z 2026-02-18 23:51:17,946 - azure.monitor.opentelemetry.exporter.export._base - INFO - Transmission succeeded: Item received: 3. Items accepted: 3
2026-02-18T23:51:21.8426913Z 2026-02-18 23:51:21,838 - azure.core.pipeline.policies.http_logging_policy - INFO - Request URL: 'https://westus2-2.in.applicationinsights.azure.com//v2.1/track'
2026-02-18T23:51:21.8427370Z Request method: 'POST'
2026-02-18T23:51:21.8427403Z Request headers:
2026-02-18T23:51:21.8427426Z     'Content-Type': 'application/json'
2026-02-18T23:51:21.8427458Z     'Content-Length': '3719'
2026-02-18T23:51:21.8427485Z     'Accept': 'application/json'
2026-02-18T23:51:21.8427508Z     'x-ms-client-request-id': 'ba2854e0-0d24-11f1-ac5a-d2a6f0f32f9f'
2026-02-18T23:51:21.8427536Z     'User-Agent': 'azsdk-python-azuremonitorclient/unknown Python/3.11.14 (Linux-6.6.119.3-1.azl3-x86_64-with-glibc2.31)'
2026-02-18T23:51:21.8427558Z A body is sent with the request
2026-02-18T23:51:21.9714190Z 2026-02-18 23:51:21,970 - azure.core.pipeline.policies.http_logging_policy - INFO - Response status: 200
2026-02-18T23:51:21.9714734Z Response headers:
2026-02-18T23:51:21.9714773Z     'Transfer-Encoding': 'chunked'
2026-02-18T23:51:21.9714801Z     'Content-Type': 'application/json; charset=utf-8'
2026-02-18T23:51:21.9714823Z     'Server': 'Microsoft-HTTPAPI/2.0'
2026-02-18T23:51:21.9714846Z     'Strict-Transport-Security': 'REDACTED'
2026-02-18T23:51:21.9714868Z     'X-Content-Type-Options': 'REDACTED'
2026-02-18T23:51:21.9714893Z     'Date': 'Wed, 18 Feb 2026 23:51:21 GMT'
2026-02-18T23:51:21.9714930Z 2026-02-18 23:51:21,970 - azure.monitor.opentelemetry.exporter.export._base - INFO - Transmission succeeded: Item received: 3. Items accepted: 3
2026-02-18T23:51:22.7396229Z 2026-02-18 23:51:22,736 - app.main - INFO - → POST /api/logs
2026-02-18T23:51:22.7572825Z 2026-02-18 23:51:22,744 - app.main - INFO - → POST /api/logs
2026-02-18T23:51:22.7572994Z 2026-02-18 23:51:22,755 - app.main - INFO - → GET /api/multi-leg-opportunities
2026-02-18T23:51:22.7732098Z 2026-02-18 23:51:22,763 - app.main - INFO - → GET /api/scan
2026-02-18T23:51:22.7732259Z 2026-02-18 23:51:22,766 - app.main - INFO - → GET /api/portfolio
2026-02-18T23:51:22.7965197Z 2026-02-18 23:51:22,781 - app.main - INFO - ← GET /api/multi-leg-opportunities 200
2026-02-18T23:51:22.7965409Z 169.254.130.1:35993 - "GET /api/multi-leg-opportunities HTTP/1.1" 200
2026-02-18T23:51:22.7965449Z 2026-02-18 23:51:22,790 - app.main - INFO - → POST /api/logs
2026-02-18T23:51:22.8144697Z 2026-02-18 23:51:22,809 - app.main - INFO - → POST /api/logs
2026-02-18T23:51:22.8335836Z 2026-02-18 23:51:22,833 - app.main - INFO - ← POST /api/logs 200
2026-02-18T23:51:22.8394797Z 169.254.130.1:35993 - "POST /api/logs HTTP/1.1" 200
2026-02-18T23:51:22.8894300Z 2026-02-18 23:51:22,889 - app.main - INFO - → POST /api/logs
2026-02-18T23:51:22.9185847Z 2026-02-18 23:51:22,918 - app.main - INFO - ← POST /api/logs 200
2026-02-18T23:51:22.9284808Z 2026-02-18 23:51:22,904 - azure.identity._credentials.environment - INFO - Incomplete environment configuration for EnvironmentCredential. These variables are set: AZURE_CLIENT_ID
2026-02-18T23:51:22.9346399Z 2026-02-18 23:51:22,934 - azure.identity._credentials.managed_identity - INFO - ManagedIdentityCredential will use App Service managed identity
2026-02-18T23:51:22.9507755Z 2026-02-18 23:51:22,942 - azure.core.pipeline.policies.http_logging_policy - INFO - Request URL: 'http://169.254.130.4:8081/msi/token?api-version=REDACTED&resource=REDACTED&client_id=REDACTED'
2026-02-18T23:51:22.9508004Z Request method: 'GET'
2026-02-18T23:51:22.9508032Z Request headers:
2026-02-18T23:51:22.9508056Z     'X-IDENTITY-HEADER': 'REDACTED'
2026-02-18T23:51:22.9508082Z     'User-Agent': 'azsdk-python-identity/1.17.1 Python/3.11.14 (Linux-6.6.119.3-1.azl3-x86_64-with-glibc2.31)'
2026-02-18T23:51:22.9508107Z     'traceparent': '00-5c03e808582e586729bd8732493d3fc3-e807edf14c95a678-01'
2026-02-18T23:51:22.9508128Z No body was attached to the request
2026-02-18T23:51:22.9707658Z 169.254.130.1:35993 - "POST /api/logs HTTP/1.1" 200
2026-02-18T23:51:22.9707841Z 2026-02-18 23:51:22,940 - azure.identity._credentials.environment - INFO - Incomplete environment configuration for EnvironmentCredential. These variables are set: AZURE_CLIENT_ID
2026-02-18T23:51:23.0065378Z 2026-02-18 23:51:23,003 - azure.identity._credentials.managed_identity - INFO - ManagedIdentityCredential will use App Service managed identity
2026-02-18T23:51:23.0198023Z 2026-02-18 23:51:22,964 - app.main - INFO - ← POST /api/logs 200
2026-02-18T23:51:23.0198155Z 169.254.130.1:35985 - "POST /api/logs HTTP/1.1" 200
2026-02-18T23:51:23.0198192Z 2026-02-18 23:51:23,004 - azure.core.pipeline.policies.http_logging_policy - INFO - Request URL: 'http://169.254.130.4:8081/msi/token?api-version=REDACTED&resource=REDACTED&client_id=REDACTED'
2026-02-18T23:51:23.0198214Z Request method: 'GET'
2026-02-18T23:51:23.0198236Z Request headers:
2026-02-18T23:51:23.0198260Z     'X-IDENTITY-HEADER': 'REDACTED'
2026-02-18T23:51:23.0198288Z     'User-Agent': 'azsdk-python-identity/1.17.1 Python/3.11.14 (Linux-6.6.119.3-1.azl3-x86_64-with-glibc2.31)'
2026-02-18T23:51:23.0198314Z     'traceparent': '00-9361be2996991c6c56f082d85b06b215-79fce355c3a0b097-01'
2026-02-18T23:51:23.0198336Z No body was attached to the request
2026-02-18T23:51:23.0707594Z 2026-02-18 23:51:23,036 - azure.core.pipeline.policies.http_logging_policy - INFO - Request URL: 'https://westus2-2.in.applicationinsights.azure.com//v2.1/track'
2026-02-18T23:51:23.1059012Z Request method: 'POST'
2026-02-18T23:51:23.1075175Z Request headers:
2026-02-18T23:51:23.1241427Z     'Content-Type': 'application/json'
2026-02-18T23:51:23.1241508Z     'Content-Length': '11797'
2026-02-18T23:51:23.1241538Z     'Accept': 'application/json'
2026-02-18T23:51:23.1241565Z     'x-ms-client-request-id': 'badf015e-0d24-11f1-9ac0-d2a6f0f32f9f'
2026-02-18T23:51:23.1241595Z     'User-Agent': 'azsdk-python-azuremonitorclient/unknown Python/3.11.14 (Linux-6.6.119.3-1.azl3-x86_64-with-glibc2.31)'
2026-02-18T23:51:23.1241618Z A body is sent with the request
2026-02-18T23:51:23.1241962Z 2026-02-18 23:51:23,106 - app.main - INFO - ← POST /api/logs 200
2026-02-18T23:51:23.1402085Z 169.254.130.1:35959 - "POST /api/logs HTTP/1.1" 200
2026-02-18T23:51:23.1739489Z 2026-02-18 23:51:23,155 - app.main - INFO - ← POST /api/logs 200
2026-02-18T23:51:23.1739754Z 169.254.130.1:36001 - "POST /api/logs HTTP/1.1" 200
2026-02-18T23:51:23.2057661Z 2026-02-18 23:51:23,204 - azure.core.pipeline.policies.http_logging_policy - INFO - Response status: 200
2026-02-18T23:51:23.2057830Z Response headers:
2026-02-18T23:51:23.2058169Z     'Transfer-Encoding': 'chunked'
2026-02-18T23:51:23.2058213Z     'Content-Type': 'application/json; charset=utf-8'
2026-02-18T23:51:23.2059882Z     'Server': 'Microsoft-HTTPAPI/2.0'
2026-02-18T23:51:23.2059943Z     'Strict-Transport-Security': 'REDACTED'
2026-02-18T23:51:23.2059972Z     'X-Content-Type-Options': 'REDACTED'
2026-02-18T23:51:23.2059994Z     'Date': 'Wed, 18 Feb 2026 23:51:22 GMT'
2026-02-18T23:51:23.2060074Z 2026-02-18 23:51:23,204 - azure.monitor.opentelemetry.exporter.export._base - INFO - Transmission succeeded: Item received: 11. Items accepted: 11
2026-02-18T23:51:23.2316743Z 2026-02-18 23:51:23,231 - azure.core.pipeline.policies.http_logging_policy - INFO - Response status: 200
2026-02-18T23:51:23.2367986Z Response headers:
2026-02-18T23:51:23.2368046Z     'Content-Type': 'application/json; charset=utf-8'
2026-02-18T23:51:23.2368071Z     'Date': 'Wed, 18 Feb 2026 23:51:23 GMT'
2026-02-18T23:51:23.2368093Z     'Server': 'Kestrel'
2026-02-18T23:51:23.2368115Z     'Transfer-Encoding': 'chunked'
2026-02-18T23:51:23.2368137Z     'X-CORRELATION-ID': 'REDACTED'
2026-02-18T23:51:23.2538650Z 2026-02-18 23:51:23,236 - azure.core.pipeline.policies.http_logging_policy - INFO - Response status: 200
2026-02-18T23:51:23.2538816Z Response headers:
2026-02-18T23:51:23.2538887Z     'Content-Type': 'application/json; charset=utf-8'
2026-02-18T23:51:23.2538915Z     'Date': 'Wed, 18 Feb 2026 23:51:23 GMT'
2026-02-18T23:51:23.2538937Z     'Server': 'Kestrel'
2026-02-18T23:51:23.2538959Z     'Transfer-Encoding': 'chunked'
2026-02-18T23:51:23.2538981Z     'X-CORRELATION-ID': 'REDACTED'
2026-02-18T23:51:23.2539009Z 2026-02-18 23:51:23,245 - azure.identity._credentials.chained - INFO - DefaultAzureCredential acquired a token from ManagedIdentityCredential
2026-02-18T23:51:23.2618596Z 2026-02-18 23:51:23,261 - azure.identity._credentials.chained - INFO - DefaultAzureCredential acquired a token from ManagedIdentityCredential
2026-02-18T23:51:23.5080757Z 2026-02-18 23:51:23,459 - azure.identity._credentials.environment - INFO - Incomplete environment configuration for EnvironmentCredential. These variables are set: AZURE_CLIENT_ID
2026-02-18T23:51:23.5081146Z 2026-02-18 23:51:23,464 - azure.identity._credentials.managed_identity - INFO - ManagedIdentityCredential will use App Service managed identity
2026-02-18T23:51:23.5081247Z 2026-02-18 23:51:23,473 - azure.core.pipeline.policies.http_logging_policy - INFO - Request URL: 'http://169.254.130.4:8081/msi/token?api-version=REDACTED&resource=REDACTED&client_id=REDACTED'
2026-02-18T23:51:23.5081272Z Request method: 'GET'
2026-02-18T23:51:23.5081293Z Request headers:
2026-02-18T23:51:23.5081316Z     'X-IDENTITY-HEADER': 'REDACTED'
2026-02-18T23:51:23.5081343Z     'User-Agent': 'azsdk-python-identity/1.17.1 Python/3.11.14 (Linux-6.6.119.3-1.azl3-x86_64-with-glibc2.31)'
2026-02-18T23:51:23.5081368Z     'traceparent': '00-0b780c69095e1cfb9a134f269b63de25-f859916707708658-01'
2026-02-18T23:51:23.5081394Z No body was attached to the request
2026-02-18T23:51:23.5081425Z 2026-02-18 23:51:23,473 - app.main - INFO - ← GET /api/scan 200
2026-02-18T23:51:23.5081450Z 169.254.130.1:35961 - "GET /api/scan HTTP/1.1" 200
2026-02-18T23:51:23.5502568Z 2026-02-18 23:51:23,543 - app.main - INFO - → POST /api/logs
2026-02-18T23:51:23.5738863Z 2026-02-18 23:51:23,566 - app.main - INFO - → POST /api/logs
2026-02-18T23:51:23.6432828Z 2026-02-18 23:51:23,605 - app.main - INFO - ← POST /api/logs 200
2026-02-18T23:51:23.6434454Z 169.254.130.1:35961 - "POST /api/logs HTTP/1.1" 200
2026-02-18T23:51:23.6434511Z 2026-02-18 23:51:23,619 - app.main - INFO - ← POST /api/logs 200
2026-02-18T23:51:23.6434537Z 169.254.130.1:36001 - "POST /api/logs HTTP/1.1" 200
2026-02-18T23:51:23.6434563Z 2026-02-18 23:51:23,633 - azure.core.pipeline.policies.http_logging_policy - INFO - Response status: 200
2026-02-18T23:51:23.6434585Z Response headers:
2026-02-18T23:51:23.6434611Z     'Content-Type': 'application/json; charset=utf-8'
2026-02-18T23:51:23.6434640Z     'Date': 'Wed, 18 Feb 2026 23:51:23 GMT'
2026-02-18T23:51:23.6434661Z     'Server': 'Kestrel'
2026-02-18T23:51:23.6435231Z     'Transfer-Encoding': 'chunked'
2026-02-18T23:51:23.6435261Z     'X-CORRELATION-ID': 'REDACTED'
2026-02-18T23:51:23.6435291Z 2026-02-18 23:51:23,633 - azure.identity._credentials.chained - INFO - DefaultAzureCredential acquired a token from ManagedIdentityCredential
2026-02-18T23:51:23.7276771Z 2026-02-18 23:51:23,727 - app.main - INFO - ← GET /api/portfolio 200
2026-02-18T23:51:23.7285232Z 169.254.130.1:35975 - "GET /api/portfolio HTTP/1.1" 200
2026-02-18T23:51:23.7601660Z 2026-02-18 23:51:23,759 - app.main - INFO - → GET /api/portfolio
2026-02-18T23:51:23.7635996Z 2026-02-18 23:51:23,763 - azure.identity._credentials.environment - INFO - Incomplete environment configuration for EnvironmentCredential. These variables are set: AZURE_CLIENT_ID
2026-02-18T23:51:23.7698946Z 2026-02-18 23:51:23,768 - azure.identity._credentials.managed_identity - INFO - ManagedIdentityCredential will use App Service managed identity
2026-02-18T23:51:23.7700089Z 2026-02-18 23:51:23,769 - azure.core.pipeline.policies.http_logging_policy - INFO - Request URL: 'http://169.254.130.4:8081/msi/token?api-version=REDACTED&resource=REDACTED&client_id=REDACTED'
2026-02-18T23:51:23.7700172Z Request method: 'GET'
2026-02-18T23:51:23.7700196Z Request headers:
2026-02-18T23:51:23.7700219Z     'X-IDENTITY-HEADER': 'REDACTED'
2026-02-18T23:51:23.7700246Z     'User-Agent': 'azsdk-python-identity/1.17.1 Python/3.11.14 (Linux-6.6.119.3-1.azl3-x86_64-with-glibc2.31)'
2026-02-18T23:51:23.7700270Z     'traceparent': '00-8467edb32e68c84d81212f6f712bee30-0e40c289698bb7f2-01'
2026-02-18T23:51:23.7700294Z No body was attached to the request
2026-02-18T23:51:23.8408715Z 2026-02-18 23:51:23,840 - azure.core.pipeline.policies.http_logging_policy - INFO - Response status: 200
2026-02-18T23:51:23.8409415Z Response headers:
2026-02-18T23:51:23.8409466Z     'Content-Type': 'application/json; charset=utf-8'
2026-02-18T23:51:23.8409557Z     'Date': 'Wed, 18 Feb 2026 23:51:23 GMT'
2026-02-18T23:51:23.8409581Z     'Server': 'Kestrel'
2026-02-18T23:51:23.8409605Z     'Transfer-Encoding': 'chunked'
2026-02-18T23:51:23.8409626Z     'X-CORRELATION-ID': 'REDACTED'
2026-02-18T23:51:23.8555492Z 2026-02-18 23:51:23,847 - azure.identity._credentials.chained - INFO - DefaultAzureCredential acquired a token from ManagedIdentityCredential
2026-02-18T23:51:23.9094381Z 2026-02-18 23:51:23,907 - azure.identity._credentials.environment - INFO - Incomplete environment configuration for EnvironmentCredential. These variables are set: AZURE_CLIENT_ID
2026-02-18T23:51:23.9094717Z 2026-02-18 23:51:23,908 - azure.identity._credentials.managed_identity - INFO - ManagedIdentityCredential will use App Service managed identity
2026-02-18T23:51:23.9252279Z 2026-02-18 23:51:23,911 - azure.core.pipeline.policies.http_logging_policy - INFO - Request URL: 'http://169.254.130.4:8081/msi/token?api-version=REDACTED&resource=REDACTED&client_id=REDACTED'
2026-02-18T23:51:23.9252541Z Request method: 'GET'
2026-02-18T23:51:23.9252626Z Request headers:
2026-02-18T23:51:23.9252653Z     'X-IDENTITY-HEADER': 'REDACTED'
2026-02-18T23:51:23.9252680Z     'User-Agent': 'azsdk-python-identity/1.17.1 Python/3.11.14 (Linux-6.6.119.3-1.azl3-x86_64-with-glibc2.31)'
2026-02-18T23:51:23.9252705Z     'traceparent': '00-6d333809e6c3950eaddb670813eb3b79-024131aaa02e5377-01'
2026-02-18T23:51:23.9252727Z No body was attached to the request
2026-02-18T23:51:23.9971580Z 2026-02-18 23:51:23,996 - azure.core.pipeline.policies.http_logging_policy - INFO - Response status: 200
2026-02-18T23:51:23.9972249Z Response headers:
2026-02-18T23:51:23.9972288Z     'Content-Type': 'application/json; charset=utf-8'
2026-02-18T23:51:23.9972313Z     'Date': 'Wed, 18 Feb 2026 23:51:23 GMT'
2026-02-18T23:51:23.9972336Z     'Server': 'Kestrel'
2026-02-18T23:51:23.9972449Z     'Transfer-Encoding': 'chunked'
2026-02-18T23:51:23.9972473Z     'X-CORRELATION-ID': 'REDACTED'
2026-02-18T23:51:24.0086868Z 2026-02-18 23:51:24,008 - azure.identity._credentials.chained - INFO - DefaultAzureCredential acquired a token from ManagedIdentityCredential
2026-02-18T23:51:24.1024808Z 2026-02-18 23:51:24,102 - app.main - INFO - ← GET /api/portfolio 200
2026-02-18T23:51:24.1132002Z 169.254.130.1:35975 - "GET /api/portfolio HTTP/1.1" 200
2026-02-18T23:51:24.1526480Z 2026-02-18 23:51:24,152 - app.main - INFO - → POST /api/logs
2026-02-18T23:51:24.1701802Z 2026-02-18 23:51:24,169 - app.main - INFO - ← POST /api/logs 200
2026-02-18T23:51:24.1801379Z 169.254.130.1:35975 - "POST /api/logs HTTP/1.1" 200
2026-02-18T23:51:24.1971171Z 2026-02-18 23:51:24,196 - app.main - INFO - → POST /api/logs
2026-02-18T23:51:24.2061189Z 2026-02-18 23:51:24,205 - app.main - INFO - ← POST /api/logs 200
2026-02-18T23:51:24.2133759Z 169.254.130.1:35975 - "POST /api/logs HTTP/1.1" 200
2026-02-18T23:51:25.1308799Z 2026-02-18 23:51:25,130 - azure.core.pipeline.policies.http_logging_policy - INFO - Request URL: 'https://westus2-2.in.applicationinsights.azure.com//v2.1/track'
2026-02-18T23:51:25.1309277Z Request method: 'POST'
2026-02-18T23:51:25.1309312Z Request headers:
2026-02-18T23:51:25.1309335Z     'Content-Type': 'application/json'
2026-02-18T23:51:25.1309359Z     'Content-Length': '13680'
2026-02-18T23:51:25.1309381Z     'Accept': 'application/json'
2026-02-18T23:51:25.1309493Z     'x-ms-client-request-id': 'bc1e9886-0d24-11f1-9bbd-d2a6f0f32f9f'
2026-02-18T23:51:25.1309523Z     'User-Agent': 'azsdk-python-azuremonitorclient/unknown Python/3.11.14 (Linux-6.6.119.3-1.azl3-x86_64-with-glibc2.31)'
2026-02-18T23:51:25.1309546Z A body is sent with the request
2026-02-18T23:51:25.2109132Z 2026-02-18 23:51:25,210 - azure.core.pipeline.policies.http_logging_policy - INFO - Response status: 200
2026-02-18T23:51:25.2110944Z Response headers:
2026-02-18T23:51:25.2110996Z     'Transfer-Encoding': 'chunked'
2026-02-18T23:51:25.2111030Z     'Content-Type': 'application/json; charset=utf-8'
2026-02-18T23:51:25.2111053Z     'Server': 'Microsoft-HTTPAPI/2.0'
2026-02-18T23:51:25.2111076Z     'Strict-Transport-Security': 'REDACTED'
2026-02-18T23:51:25.2113408Z     'X-Content-Type-Options': 'REDACTED'
2026-02-18T23:51:25.2113503Z     'Date': 'Wed, 18 Feb 2026 23:51:24 GMT'
2026-02-18T23:51:25.2135181Z 2026-02-18 23:51:25,212 - azure.monitor.opentelemetry.exporter.export._base - INFO - Transmission succeeded: Item received: 11. Items accepted: 11
2026-02-18T23:51:26.9786570Z 2026-02-18 23:51:26,976 - azure.core.pipeline.policies.http_logging_policy - INFO - Request URL: 'https://westus2-2.in.applicationinsights.azure.com//v2.1/track'
2026-02-18T23:51:26.9787069Z Request method: 'POST'
2026-02-18T23:51:26.9787105Z Request headers:
2026-02-18T23:51:26.9787128Z     'Content-Type': 'application/json'
2026-02-18T23:51:26.9787152Z     'Content-Length': '9280'
2026-02-18T23:51:26.9787174Z     'Accept': 'application/json'
2026-02-18T23:51:26.9787198Z     'x-ms-client-request-id': 'bd3847c6-0d24-11f1-ac5a-d2a6f0f32f9f'
2026-02-18T23:51:26.9787231Z     'User-Agent': 'azsdk-python-azuremonitorclient/unknown Python/3.11.14 (Linux-6.6.119.3-1.azl3-x86_64-with-glibc2.31)'
2026-02-18T23:51:26.9787263Z A body is sent with the request
2026-02-18T23:51:27.0980702Z 2026-02-18 23:51:27,097 - azure.core.pipeline.policies.http_logging_policy - INFO - Response status: 200
2026-02-18T23:51:27.0981875Z Response headers:
2026-02-18T23:51:27.0981929Z     'Transfer-Encoding': 'chunked'
2026-02-18T23:51:27.0981955Z     'Content-Type': 'application/json; charset=utf-8'
2026-02-18T23:51:27.0981978Z     'Server': 'Microsoft-HTTPAPI/2.0'
2026-02-18T23:51:27.0982003Z     'Strict-Transport-Security': 'REDACTED'
2026-02-18T23:51:27.0982032Z     'X-Content-Type-Options': 'REDACTED'
2026-02-18T23:51:27.0982055Z     'Date': 'Wed, 18 Feb 2026 23:51:26 GMT'
2026-02-18T23:51:27.1045350Z 2026-02-18 23:51:27,098 - azure.monitor.opentelemetry.exporter.export._base - INFO - Transmission succeeded: Item received: 9. Items accepted: 9
2026-02-18T23:51:28.2421506Z 2026-02-18 23:51:28,241 - azure.core.pipeline.policies.http_logging_policy - INFO - Request URL: 'https://westus2-2.in.applicationinsights.azure.com//v2.1/track'
2026-02-18T23:51:28.2421990Z Request method: 'POST'
2026-02-18T23:51:28.2422026Z Request headers:
2026-02-18T23:51:28.2422051Z     'Content-Type': 'application/json'
2026-02-18T23:51:28.2422073Z     'Content-Length': '46376'
2026-02-18T23:51:28.2422096Z     'Accept': 'application/json'
2026-02-18T23:51:28.2422131Z     'x-ms-client-request-id': 'bdf87e74-0d24-11f1-9ac0-d2a6f0f32f9f'
2026-02-18T23:51:28.2422160Z     'User-Agent': 'azsdk-python-azuremonitorclient/unknown Python/3.11.14 (Linux-6.6.119.3-1.azl3-x86_64-with-glibc2.31)'
2026-02-18T23:51:28.2422183Z A body is sent with the request
2026-02-18T23:51:28.3489551Z 2026-02-18 23:51:28,348 - azure.core.pipeline.policies.http_logging_policy - INFO - Response status: 200
2026-02-18T23:51:28.3490589Z Response headers:
2026-02-18T23:51:28.3490635Z     'Transfer-Encoding': 'chunked'
2026-02-18T23:51:28.3490661Z     'Content-Type': 'application/json; charset=utf-8'
2026-02-18T23:51:28.3490684Z     'Server': 'Microsoft-HTTPAPI/2.0'
2026-02-18T23:51:28.3490708Z     'Strict-Transport-Security': 'REDACTED'
2026-02-18T23:51:28.3490731Z     'X-Content-Type-Options': 'REDACTED'
2026-02-18T23:51:28.3490754Z     'Date': 'Wed, 18 Feb 2026 23:51:27 GMT'
2026-02-18T23:51:28.3513181Z 2026-02-18 23:51:28,350 - azure.monitor.opentelemetry.exporter.export._base - INFO - Transmission succeeded: Item received: 43. Items accepted: 43
2026-02-18T23:51:32.1019938Z 2026-02-18 23:51:32,101 - azure.core.pipeline.policies.http_logging_policy - INFO - Request URL: 'https://westus2-2.in.applicationinsights.azure.com//v2.1/track'
2026-02-18T23:51:32.1020402Z Request method: 'POST'
2026-02-18T23:51:32.1020521Z Request headers:
2026-02-18T23:51:32.1020546Z     'Content-Type': 'application/json'
2026-02-18T23:51:32.1020569Z     'Content-Length': '3720'
2026-02-18T23:51:32.1020591Z     'Accept': 'application/json'
2026-02-18T23:51:32.1020616Z     'x-ms-client-request-id': 'c04653b8-0d24-11f1-ac5a-d2a6f0f32f9f'
2026-02-18T23:51:32.1020644Z     'User-Agent': 'azsdk-python-azuremonitorclient/unknown Python/3.11.14 (Linux-6.6.119.3-1.azl3-x86_64-with-glibc2.31)'
2026-02-18T23:51:32.1020666Z A body is sent with the request
2026-02-18T23:51:32.2155753Z 2026-02-18 23:51:32,215 - azure.core.pipeline.policies.http_logging_policy - INFO - Response status: 200
2026-02-18T23:51:32.2156518Z Response headers:
2026-02-18T23:51:32.2156563Z     'Transfer-Encoding': 'chunked'
2026-02-18T23:51:32.2156652Z     'Content-Type': 'application/json; charset=utf-8'
2026-02-18T23:51:32.2156677Z     'Server': 'Microsoft-HTTPAPI/2.0'
2026-02-18T23:51:32.2156701Z     'Strict-Transport-Security': 'REDACTED'
2026-02-18T23:51:32.2156723Z     'X-Content-Type-Options': 'REDACTED'
2026-02-18T23:51:32.2156745Z     'Date': 'Wed, 18 Feb 2026 23:51:31 GMT'
2026-02-18T23:51:32.2213330Z 2026-02-18 23:51:32,216 - azure.monitor.opentelemetry.exporter.export._base - INFO - Transmission succeeded: Item received: 3. Items accepted: 3
2026-02-18T23:51:33.3542518Z 2026-02-18 23:51:33,353 - azure.core.pipeline.policies.http_logging_policy - INFO - Request URL: 'https://westus2-2.in.applicationinsights.azure.com//v2.1/track'
2026-02-18T23:51:33.3543168Z Request method: 'POST'
2026-02-18T23:51:33.3543206Z Request headers:
2026-02-18T23:51:33.3543231Z     'Content-Type': 'application/json'
2026-02-18T23:51:33.3543338Z     'Content-Length': '3723'
2026-02-18T23:51:33.3543366Z     'Accept': 'application/json'
2026-02-18T23:51:33.3543390Z     'x-ms-client-request-id': 'c1054b2e-0d24-11f1-9ac0-d2a6f0f32f9f'
2026-02-18T23:51:33.3543417Z     'User-Agent': 'azsdk-python-azuremonitorclient/unknown Python/3.11.14 (Linux-6.6.119.3-1.azl3-x86_64-with-glibc2.31)'
2026-02-18T23:51:33.3543440Z A body is sent with the request
2026-02-18T23:51:33.4619840Z 2026-02-18 23:51:33,460 - azure.core.pipeline.policies.http_logging_policy - INFO - Response status: 200
2026-02-18T23:51:33.4620382Z Response headers:
2026-02-18T23:51:33.4620420Z     'Transfer-Encoding': 'chunked'
2026-02-18T23:51:33.4620448Z     'Content-Type': 'application/json; charset=utf-8'
2026-02-18T23:51:33.4620470Z     'Server': 'Microsoft-HTTPAPI/2.0'
2026-02-18T23:51:33.4620492Z     'Strict-Transport-Security': 'REDACTED'
2026-02-18T23:51:33.4620600Z     'X-Content-Type-Options': 'REDACTED'
2026-02-18T23:51:33.4620624Z     'Date': 'Wed, 18 Feb 2026 23:51:33 GMT'
2026-02-18T23:51:33.4773380Z 2026-02-18 23:51:33,468 - azure.monitor.opentelemetry.exporter.export._base - INFO - Transmission succeeded: Item received: 3. Items accepted: 3
2026-02-18T23:51:37.2342620Z 2026-02-18 23:51:37,232 - azure.core.pipeline.policies.http_logging_policy - INFO - Request URL: 'https://westus2-2.in.applicationinsights.azure.com//v2.1/track'
2026-02-18T23:51:37.2343374Z Request method: 'POST'
2026-02-18T23:51:37.2343419Z Request headers:
2026-02-18T23:51:37.2343450Z     'Content-Type': 'application/json'
2026-02-18T23:51:37.2343473Z     'Content-Length': '3720'
2026-02-18T23:51:37.2343496Z     'Accept': 'application/json'
2026-02-18T23:51:37.2343564Z     'x-ms-client-request-id': 'c35538bc-0d24-11f1-ac5a-d2a6f0f32f9f'
2026-02-18T23:51:37.2343596Z     'User-Agent': 'azsdk-python-azuremonitorclient/unknown Python/3.11.14 (Linux-6.6.119.3-1.azl3-x86_64-with-glibc2.31)'
2026-02-18T23:51:37.2343619Z A body is sent with the request
2026-02-18T23:51:37.3212541Z 2026-02-18 23:51:37,320 - azure.core.pipeline.policies.http_logging_policy - INFO - Response status: 200
2026-02-18T23:51:37.3214680Z Response headers:
2026-02-18T23:51:37.3214748Z     'Transfer-Encoding': 'chunked'
2026-02-18T23:51:37.3214781Z     'Content-Type': 'application/json; charset=utf-8'
2026-02-18T23:51:37.3214804Z     'Server': 'Microsoft-HTTPAPI/2.0'
2026-02-18T23:51:37.3214826Z     'Strict-Transport-Security': 'REDACTED'
2026-02-18T23:51:37.3214850Z     'X-Content-Type-Options': 'REDACTED'
2026-02-18T23:51:37.3214873Z     'Date': 'Wed, 18 Feb 2026 23:51:36 GMT'
2026-02-18T23:51:37.3228506Z 2026-02-18 23:51:37,322 - azure.monitor.opentelemetry.exporter.export._base - INFO - Transmission succeeded: Item received: 3. Items accepted: 3
2026-02-18T23:51:38.4852292Z 2026-02-18 23:51:38,484 - azure.core.pipeline.policies.http_logging_policy - INFO - Request URL: 'https://westus2-2.in.applicationinsights.azure.com//v2.1/track'
2026-02-18T23:51:38.4852676Z Request method: 'POST'
2026-02-18T23:51:38.4852710Z Request headers:
2026-02-18T23:51:38.4852745Z     'Content-Type': 'application/json'
2026-02-18T23:51:38.4852769Z     'Content-Length': '3720'
2026-02-18T23:51:38.4852792Z     'Accept': 'application/json'
2026-02-18T23:51:38.4852818Z     'x-ms-client-request-id': 'c4144f36-0d24-11f1-9ac0-d2a6f0f32f9f'
2026-02-18T23:51:38.4852845Z     'User-Agent': 'azsdk-python-azuremonitorclient/unknown Python/3.11.14 (Linux-6.6.119.3-1.azl3-x86_64-with-glibc2.31)'
2026-02-18T23:51:38.4852874Z A body is sent with the request
2026-02-18T23:51:38.6218771Z 2026-02-18 23:51:38,620 - azure.core.pipeline.policies.http_logging_policy - INFO - Response status: 200
2026-02-18T23:51:38.6219273Z Response headers:
2026-02-18T23:51:38.6219334Z     'Transfer-Encoding': 'chunked'
2026-02-18T23:51:38.6219364Z     'Content-Type': 'application/json; charset=utf-8'
2026-02-18T23:51:38.6219389Z     'Server': 'Microsoft-HTTPAPI/2.0'
2026-02-18T23:51:38.6219414Z     'Strict-Transport-Security': 'REDACTED'
2026-02-18T23:51:38.6219439Z     'X-Content-Type-Options': 'REDACTED'
2026-02-18T23:51:38.6219640Z     'Date': 'Wed, 18 Feb 2026 23:51:38 GMT'
2026-02-18T23:51:38.6303640Z 2026-02-18 23:51:38,628 - azure.monitor.opentelemetry.exporter.export._base - INFO - Transmission succeeded: Item received: 3. Items accepted: 3
2026-02-18T23:51:42.3300980Z 2026-02-18 23:51:42,325 - azure.core.pipeline.policies.http_logging_policy - INFO - Request URL: 'https://westus2-2.in.applicationinsights.azure.com//v2.1/track'
2026-02-18T23:51:42.3301429Z Request method: 'POST'
2026-02-18T23:51:42.3301465Z Request headers:
2026-02-18T23:51:42.3301491Z     'Content-Type': 'application/json'
2026-02-18T23:51:42.3301515Z     'Content-Length': '3720'
2026-02-18T23:51:42.3301540Z     'Accept': 'application/json'
2026-02-18T23:51:42.3301570Z     'x-ms-client-request-id': 'c65e6588-0d24-11f1-ac5a-d2a6f0f32f9f'
2026-02-18T23:51:42.3301598Z     'User-Agent': 'azsdk-python-azuremonitorclient/unknown Python/3.11.14 (Linux-6.6.119.3-1.azl3-x86_64-with-glibc2.31)'
2026-02-18T23:51:42.3301621Z A body is sent with the request
2026-02-18T23:51:42.4429952Z 2026-02-18 23:51:42,442 - azure.core.pipeline.policies.http_logging_policy - INFO - Response status: 200
2026-02-18T23:51:42.4430817Z Response headers:
2026-02-18T23:51:42.4430859Z     'Transfer-Encoding': 'chunked'
2026-02-18T23:51:42.4430884Z     'Content-Type': 'application/json; charset=utf-8'
2026-02-18T23:51:42.4430907Z     'Server': 'Microsoft-HTTPAPI/2.0'
2026-02-18T23:51:42.4430931Z     'Strict-Transport-Security': 'REDACTED'
2026-02-18T23:51:42.4430953Z     'X-Content-Type-Options': 'REDACTED'
2026-02-18T23:51:42.4430976Z     'Date': 'Wed, 18 Feb 2026 23:51:41 GMT'
2026-02-18T23:51:42.4447138Z 2026-02-18 23:51:42,444 - azure.monitor.opentelemetry.exporter.export._base - INFO - Transmission succeeded: Item received: 3. Items accepted: 3
2026-02-18T23:51:43.7090471Z 2026-02-18 23:51:43,694 - azure.core.pipeline.policies.http_logging_policy - INFO - Request URL: 'https://westus2-2.in.applicationinsights.azure.com//v2.1/track'
2026-02-18T23:51:43.7090744Z Request method: 'POST'
2026-02-18T23:51:43.7090823Z Request headers:
2026-02-18T23:51:43.7090847Z     'Content-Type': 'application/json'
2026-02-18T23:51:43.7090870Z     'Content-Length': '3719'
2026-02-18T23:51:43.7090892Z     'Accept': 'application/json'
2026-02-18T23:51:43.7090915Z     'x-ms-client-request-id': 'c72f47ca-0d24-11f1-9ac0-d2a6f0f32f9f'
2026-02-18T23:51:43.7090942Z     'User-Agent': 'azsdk-python-azuremonitorclient/unknown Python/3.11.14 (Linux-6.6.119.3-1.azl3-x86_64-with-glibc2.31)'
2026-02-18T23:51:43.7090964Z A body is sent with the request
2026-02-18T23:51:44.2285787Z 2026-02-18 23:51:44,228 - azure.core.pipeline.policies.http_logging_policy - INFO - Response status: 200
2026-02-18T23:51:44.2286538Z Response headers:
2026-02-18T23:51:44.2286585Z     'Transfer-Encoding': 'chunked'
2026-02-18T23:51:44.2286690Z     'Content-Type': 'application/json; charset=utf-8'
2026-02-18T23:51:44.2286716Z     'Server': 'Microsoft-HTTPAPI/2.0'
2026-02-18T23:51:44.2286740Z     'Strict-Transport-Security': 'REDACTED'
2026-02-18T23:51:44.2286762Z     'X-Content-Type-Options': 'REDACTED'
2026-02-18T23:51:44.2286784Z     'Date': 'Wed, 18 Feb 2026 23:51:44 GMT'
2026-02-18T23:51:44.2301857Z 2026-02-18 23:51:44,229 - azure.monitor.opentelemetry.exporter.export._base - INFO - Transmission succeeded: Item received: 3. Items accepted: 3
2026-02-18T23:51:47.4619998Z 2026-02-18 23:51:47,460 - azure.core.pipeline.policies.http_logging_policy - INFO - Request URL: 'https://westus2-2.in.applicationinsights.azure.com//v2.1/track'
2026-02-18T23:51:47.4620537Z Request method: 'POST'
2026-02-18T23:51:47.4620573Z Request headers:
2026-02-18T23:51:47.4620606Z     'Content-Type': 'application/json'
2026-02-18T23:51:47.4620723Z     'Content-Length': '3720'
2026-02-18T23:51:47.4620750Z     'Accept': 'application/json'
2026-02-18T23:51:47.4620775Z     'x-ms-client-request-id': 'c96dec08-0d24-11f1-ac5a-d2a6f0f32f9f'
2026-02-18T23:51:47.4620803Z     'User-Agent': 'azsdk-python-azuremonitorclient/unknown Python/3.11.14 (Linux-6.6.119.3-1.azl3-x86_64-with-glibc2.31)'
2026-02-18T23:51:47.4620827Z A body is sent with the request
2026-02-18T23:51:47.5350972Z 2026-02-18 23:51:47,534 - azure.core.pipeline.policies.http_logging_policy - INFO - Response status: 200
2026-02-18T23:51:47.5351713Z Response headers:
2026-02-18T23:51:47.5351761Z     'Transfer-Encoding': 'chunked'
2026-02-18T23:51:47.5351787Z     'Content-Type': 'application/json; charset=utf-8'
2026-02-18T23:51:47.5351810Z     'Server': 'Microsoft-HTTPAPI/2.0'
2026-02-18T23:51:47.5351833Z     'Strict-Transport-Security': 'REDACTED'
2026-02-18T23:51:47.5351951Z     'X-Content-Type-Options': 'REDACTED'
2026-02-18T23:51:47.5351977Z     'Date': 'Wed, 18 Feb 2026 23:51:46 GMT'
2026-02-18T23:51:47.5368441Z 2026-02-18 23:51:47,536 - azure.monitor.opentelemetry.exporter.export._base - INFO - Transmission succeeded: Item received: 3. Items accepted: 3
2026-02-18T23:51:49.2325243Z 2026-02-18 23:51:49,231 - azure.core.pipeline.policies.http_logging_policy - INFO - Request URL: 'https://westus2-2.in.applicationinsights.azure.com//v2.1/track'
2026-02-18T23:51:49.2326599Z Request method: 'POST'
2026-02-18T23:51:49.2326647Z Request headers:
2026-02-18T23:51:49.2326677Z     'Content-Type': 'application/json'
2026-02-18T23:51:49.2326700Z     'Content-Length': '3720'
2026-02-18T23:51:49.2326723Z     'Accept': 'application/json'
2026-02-18T23:51:49.2326839Z     'x-ms-client-request-id': 'ca7c2baa-0d24-11f1-9ac0-d2a6f0f32f9f'
2026-02-18T23:51:49.2326867Z     'User-Agent': 'azsdk-python-azuremonitorclient/unknown Python/3.11.14 (Linux-6.6.119.3-1.azl3-x86_64-with-glibc2.31)'
2026-02-18T23:51:49.2326891Z A body is sent with the request
2026-02-18T23:51:49.3682851Z 2026-02-18 23:51:49,367 - azure.core.pipeline.policies.http_logging_policy - INFO - Response status: 200
2026-02-18T23:51:49.3683435Z Response headers:
2026-02-18T23:51:49.3683473Z     'Transfer-Encoding': 'chunked'
2026-02-18T23:51:49.3683505Z     'Content-Type': 'application/json; charset=utf-8'
2026-02-18T23:51:49.3683536Z     'Server': 'Microsoft-HTTPAPI/2.0'
2026-02-18T23:51:49.3683560Z     'Strict-Transport-Security': 'REDACTED'
2026-02-18T23:51:49.3683582Z     'X-Content-Type-Options': 'REDACTED'
2026-02-18T23:51:49.3683605Z     'Date': 'Wed, 18 Feb 2026 23:51:49 GMT'
2026-02-18T23:51:49.3698188Z 2026-02-18 23:51:49,368 - azure.monitor.opentelemetry.exporter.export._base - INFO - Transmission succeeded: Item received: 3. Items accepted: 3
2026-02-18T23:51:52.5452861Z 2026-02-18 23:51:52,541 - azure.core.pipeline.policies.http_logging_policy - INFO - Request URL: 'https://westus2-2.in.applicationinsights.azure.com//v2.1/track'
2026-02-18T23:51:52.5453600Z Request method: 'POST'
2026-02-18T23:51:52.5453636Z Request headers:
2026-02-18T23:51:52.5453660Z     'Content-Type': 'application/json'
2026-02-18T23:51:52.5453683Z     'Content-Length': '3718'
2026-02-18T23:51:52.5453705Z     'Accept': 'application/json'
2026-02-18T23:51:52.5453729Z     'x-ms-client-request-id': 'cc75323a-0d24-11f1-ac5a-d2a6f0f32f9f'
2026-02-18T23:51:52.5453760Z     'User-Agent': 'azsdk-python-azuremonitorclient/unknown Python/3.11.14 (Linux-6.6.119.3-1.azl3-x86_64-with-glibc2.31)'
2026-02-18T23:51:52.5453784Z A body is sent with the request
2026-02-18T23:51:52.6852585Z 2026-02-18 23:51:52,684 - azure.core.pipeline.policies.http_logging_policy - INFO - Response status: 200
2026-02-18T23:51:52.6853153Z Response headers:
2026-02-18T23:51:52.6853197Z     'Transfer-Encoding': 'chunked'
2026-02-18T23:51:52.6853227Z     'Content-Type': 'application/json; charset=utf-8'
2026-02-18T23:51:52.6853255Z     'Server': 'Microsoft-HTTPAPI/2.0'
2026-02-18T23:51:52.6853278Z     'Strict-Transport-Security': 'REDACTED'
2026-02-18T23:51:52.6853300Z     'X-Content-Type-Options': 'REDACTED'
2026-02-18T23:51:52.6853322Z     'Date': 'Wed, 18 Feb 2026 23:51:51 GMT'
2026-02-18T23:51:52.6870392Z 2026-02-18 23:51:52,685 - azure.monitor.opentelemetry.exporter.export._base - INFO - Transmission succeeded: Item received: 3. Items accepted: 3
2026-02-18T23:51:54.3713824Z 2026-02-18 23:51:54,371 - azure.core.pipeline.policies.http_logging_policy - INFO - Request URL: 'https://westus2-2.in.applicationinsights.azure.com//v2.1/track'
2026-02-18T23:51:54.3714523Z Request method: 'POST'
2026-02-18T23:51:54.3714561Z Request headers:
2026-02-18T23:51:54.3714585Z     'Content-Type': 'application/json'
2026-02-18T23:51:54.3714605Z     'Content-Length': '3720'
2026-02-18T23:51:54.3714631Z     'Accept': 'application/json'
2026-02-18T23:51:54.3714659Z     'x-ms-client-request-id': 'cd8c62d8-0d24-11f1-9ac0-d2a6f0f32f9f'
2026-02-18T23:51:54.3714684Z     'User-Agent': 'azsdk-python-azuremonitorclient/unknown Python/3.11.14 (Linux-6.6.119.3-1.azl3-x86_64-with-glibc2.31)'
2026-02-18T23:51:54.3714705Z A body is sent with the request
2026-02-18T23:51:54.5421107Z 2026-02-18 23:51:54,541 - azure.core.pipeline.policies.http_logging_policy - INFO - Response status: 200
2026-02-18T23:51:54.5421928Z Response headers:
2026-02-18T23:51:54.5421961Z     'Transfer-Encoding': 'chunked'
2026-02-18T23:51:54.5421986Z     'Content-Type': 'application/json; charset=utf-8'
2026-02-18T23:51:54.5422014Z     'Server': 'Microsoft-HTTPAPI/2.0'
2026-02-18T23:51:54.5422039Z     'Strict-Transport-Security': 'REDACTED'
2026-02-18T23:51:54.5422063Z     'X-Content-Type-Options': 'REDACTED'
2026-02-18T23:51:54.5422088Z     'Date': 'Wed, 18 Feb 2026 23:51:54 GMT'
2026-02-18T23:51:54.5466331Z 2026-02-18 23:51:54,546 - azure.monitor.opentelemetry.exporter.export._base - INFO - Transmission succeeded: Item received: 3. Items accepted: 3
2026-02-18T23:51:57.6895136Z 2026-02-18 23:51:57,689 - azure.core.pipeline.policies.http_logging_policy - INFO - Request URL: 'https://westus2-2.in.applicationinsights.azure.com//v2.1/track'
2026-02-18T23:51:57.6897070Z Request method: 'POST'
2026-02-18T23:51:57.6897153Z Request headers:
2026-02-18T23:51:57.6897179Z     'Content-Type': 'application/json'
2026-02-18T23:51:57.6897206Z     'Content-Length': '3720'
2026-02-18T23:51:57.6897232Z     'Accept': 'application/json'
2026-02-18T23:51:57.6897258Z     'x-ms-client-request-id': 'cf86ae04-0d24-11f1-ac5a-d2a6f0f32f9f'
2026-02-18T23:51:57.6897289Z     'User-Agent': 'azsdk-python-azuremonitorclient/unknown Python/3.11.14 (Linux-6.6.119.3-1.azl3-x86_64-with-glibc2.31)'
2026-02-18T23:51:57.6897315Z A body is sent with the request
2026-02-18T23:51:57.7524146Z 2026-02-18 23:51:57,752 - azure.core.pipeline.policies.http_logging_policy - INFO - Response status: 200
2026-02-18T23:51:57.7524694Z Response headers:
2026-02-18T23:51:57.7524733Z     'Transfer-Encoding': 'chunked'
2026-02-18T23:51:57.7524837Z     'Content-Type': 'application/json; charset=utf-8'
2026-02-18T23:51:57.7524860Z     'Server': 'Microsoft-HTTPAPI/2.0'
2026-02-18T23:51:57.7524884Z     'Strict-Transport-Security': 'REDACTED'
2026-02-18T23:51:57.7524908Z     'X-Content-Type-Options': 'REDACTED'
2026-02-18T23:51:57.7524931Z     'Date': 'Wed, 18 Feb 2026 23:51:56 GMT'
2026-02-18T23:51:57.7524953Z     'Connection': 'close'
2026-02-18T23:51:57.7662661Z 2026-02-18 23:51:57,764 - azure.monitor.opentelemetry.exporter.export._base - INFO - Transmission succeeded: Item received: 3. Items accepted: 3
2026-02-18T23:51:59.5489778Z 2026-02-18 23:51:59,548 - azure.core.pipeline.policies.http_logging_policy - INFO - Request URL: 'https://westus2-2.in.applicationinsights.azure.com//v2.1/track'
2026-02-18T23:51:59.5490406Z Request method: 'POST'
2026-02-18T23:51:59.5490521Z Request headers:
2026-02-18T23:51:59.5490546Z     'Content-Type': 'application/json'
2026-02-18T23:51:59.5490569Z     'Content-Length': '3720'
2026-02-18T23:51:59.5490593Z     'Accept': 'application/json'
2026-02-18T23:51:59.5490617Z     'x-ms-client-request-id': 'd0a267ce-0d24-11f1-9ac0-d2a6f0f32f9f'
2026-02-18T23:51:59.5490644Z     'User-Agent': 'azsdk-python-azuremonitorclient/unknown Python/3.11.14 (Linux-6.6.119.3-1.azl3-x86_64-with-glibc2.31)'
2026-02-18T23:51:59.5490666Z A body is sent with the request
2026-02-18T23:51:59.5891394Z 2026-02-18 23:51:59,588 - azure.core.pipeline.policies.http_logging_policy - INFO - Response status: 200
2026-02-18T23:51:59.5891739Z Response headers:
2026-02-18T23:51:59.5891780Z     'Transfer-Encoding': 'chunked'
2026-02-18T23:51:59.5891807Z     'Content-Type': 'application/json; charset=utf-8'
2026-02-18T23:51:59.5892020Z     'Server': 'Microsoft-HTTPAPI/2.0'
2026-02-18T23:51:59.5892046Z     'Strict-Transport-Security': 'REDACTED'
2026-02-18T23:51:59.5892070Z     'X-Content-Type-Options': 'REDACTED'
2026-02-18T23:51:59.5892092Z     'Date': 'Wed, 18 Feb 2026 23:51:59 GMT'
2026-02-18T23:51:59.5903600Z 2026-02-18 23:51:59,589 - azure.monitor.opentelemetry.exporter.export._base - INFO - Transmission succeeded: Item received: 3. Items accepted: 3
2026-02-18T23:52:02.8168986Z 2026-02-18 23:52:02,794 - azure.core.pipeline.policies.http_logging_policy - INFO - Request URL: 'https://westus2-2.in.applicationinsights.azure.com//v2.1/track'
2026-02-18T23:52:02.8169578Z Request method: 'POST'
2026-02-18T23:52:02.8169616Z Request headers:
2026-02-18T23:52:02.8169641Z     'Content-Type': 'application/json'
2026-02-18T23:52:02.8169664Z     'Content-Length': '3747'
2026-02-18T23:52:02.8169768Z     'Accept': 'application/json'
2026-02-18T23:52:02.8169792Z     'x-ms-client-request-id': 'd291bc06-0d24-11f1-ac5a-d2a6f0f32f9f'
2026-02-18T23:52:02.8169819Z     'User-Agent': 'azsdk-python-azuremonitorclient/unknown Python/3.11.14 (Linux-6.6.119.3-1.azl3-x86_64-with-glibc2.31)'
2026-02-18T23:52:02.8169842Z A body is sent with the request
2026-02-18T23:52:03.1380210Z 2026-02-18 23:52:03,137 - azure.core.pipeline.policies.http_logging_policy - INFO - Response status: 200
2026-02-18T23:52:03.1380897Z Response headers:
2026-02-18T23:52:03.1380938Z     'Transfer-Encoding': 'chunked'
2026-02-18T23:52:03.1380964Z     'Content-Type': 'application/json; charset=utf-8'
2026-02-18T23:52:03.1380994Z     'Server': 'Microsoft-HTTPAPI/2.0'
2026-02-18T23:52:03.1381030Z     'Strict-Transport-Security': 'REDACTED'
2026-02-18T23:52:03.1381137Z     'X-Content-Type-Options': 'REDACTED'
2026-02-18T23:52:03.1381164Z     'Date': 'Wed, 18 Feb 2026 23:52:03 GMT'
2026-02-18T23:52:03.1541788Z 2026-02-18 23:52:03,145 - azure.monitor.opentelemetry.exporter.export._base - INFO - Transmission succeeded: Item received: 3. Items accepted: 3
2026-02-18T23:52:04.6316297Z 2026-02-18 23:52:04,623 - azure.core.pipeline.policies.http_logging_policy - INFO - Request URL: 'https://westus2-2.in.applicationinsights.azure.com//v2.1/track'
2026-02-18T23:52:04.6317242Z Request method: 'POST'
2026-02-18T23:52:04.6317282Z Request headers:
2026-02-18T23:52:04.6317305Z     'Content-Type': 'application/json'
2026-02-18T23:52:04.6317327Z     'Content-Length': '3720'
2026-02-18T23:52:04.6317353Z     'Accept': 'application/json'
2026-02-18T23:52:04.6317380Z     'x-ms-client-request-id': 'd3a8cee0-0d24-11f1-9ac0-d2a6f0f32f9f'
2026-02-18T23:52:04.6317490Z     'User-Agent': 'azsdk-python-azuremonitorclient/unknown Python/3.11.14 (Linux-6.6.119.3-1.azl3-x86_64-with-glibc2.31)'
2026-02-18T23:52:04.6317514Z A body is sent with the request
2026-02-18T23:52:04.7817548Z 2026-02-18 23:52:04,781 - azure.core.pipeline.policies.http_logging_policy - INFO - Response status: 200
2026-02-18T23:52:04.7818501Z Response headers:
2026-02-18T23:52:04.7818551Z     'Transfer-Encoding': 'chunked'
2026-02-18T23:52:04.7818580Z     'Content-Type': 'application/json; charset=utf-8'
2026-02-18T23:52:04.7818603Z     'Server': 'Microsoft-HTTPAPI/2.0'
2026-02-18T23:52:04.7818626Z     'Strict-Transport-Security': 'REDACTED'
2026-02-18T23:52:04.7818649Z     'X-Content-Type-Options': 'REDACTED'
2026-02-18T23:52:04.7818672Z     'Date': 'Wed, 18 Feb 2026 23:52:04 GMT'
2026-02-18T23:52:04.7840132Z 2026-02-18 23:52:04,783 - azure.monitor.opentelemetry.exporter.export._base - INFO - Transmission succeeded: Item received: 3. Items accepted: 3
2026-02-18T23:52:06.8286471Z 2026-02-18 23:52:06,821 - azure.core.pipeline.policies.http_logging_policy - INFO - Request URL: 'https://westus2-2.in.applicationinsights.azure.com//v2.1/track'
2026-02-18T23:52:06.8286987Z Request method: 'POST'
2026-02-18T23:52:06.8287020Z Request headers:
2026-02-18T23:52:06.8287050Z     'Content-Type': 'application/json'
2026-02-18T23:52:06.8287074Z     'Content-Length': '1087'
2026-02-18T23:52:06.8287096Z     'Accept': 'application/json'
2026-02-18T23:52:06.8287121Z     'x-ms-client-request-id': 'd4f81d00-0d24-11f1-8f99-d2a6f0f32f9f'
2026-02-18T23:52:06.8287149Z     'User-Agent': 'azsdk-python-azuremonitorclient/unknown Python/3.11.14 (Linux-6.6.119.3-1.azl3-x86_64-with-glibc2.31)'
2026-02-18T23:52:06.8287175Z A body is sent with the request
2026-02-18T23:52:06.8476788Z 2026-02-18 23:52:06,837 - azure.core.pipeline.policies.http_logging_policy - INFO - Response status: 200
2026-02-18T23:52:06.8476922Z Response headers:
2026-02-18T23:52:06.8476950Z     'Transfer-Encoding': 'chunked'
2026-02-18T23:52:06.8476977Z     'Content-Type': 'application/json; charset=utf-8'
2026-02-18T23:52:06.8476999Z     'Server': 'Microsoft-HTTPAPI/2.0'
2026-02-18T23:52:06.8477023Z     'Strict-Transport-Security': 'REDACTED'
2026-02-18T23:52:06.8477046Z     'X-Content-Type-Options': 'REDACTED'
2026-02-18T23:52:06.8477067Z     'Date': 'Wed, 18 Feb 2026 23:52:06 GMT'
2026-02-18T23:52:06.8477099Z 2026-02-18 23:52:06,846 - azure.monitor.opentelemetry.exporter.export._base - INFO - Transmission succeeded: Item received: 1. Items accepted: 1
2026-02-18T23:52:08.1500311Z 2026-02-18 23:52:08,147 - azure.core.pipeline.policies.http_logging_policy - INFO - Request URL: 'https://westus2-2.in.applicationinsights.azure.com//v2.1/track'
2026-02-18T23:52:08.1501222Z Request method: 'POST'
2026-02-18T23:52:08.1501260Z Request headers:
2026-02-18T23:52:08.1501283Z     'Content-Type': 'application/json'
2026-02-18T23:52:08.1501914Z     'Content-Length': '3720'
2026-02-18T23:52:08.1501995Z     'Accept': 'application/json'
2026-02-18T23:52:08.1502021Z     'x-ms-client-request-id': 'd5c28a2c-0d24-11f1-ac5a-d2a6f0f32f9f'
2026-02-18T23:52:08.1502049Z     'User-Agent': 'azsdk-python-azuremonitorclient/unknown Python/3.11.14 (Linux-6.6.119.3-1.azl3-x86_64-with-glibc2.31)'
2026-02-18T23:52:08.1502072Z A body is sent with the request
2026-02-18T23:52:08.2121859Z 2026-02-18 23:52:08,211 - azure.core.pipeline.policies.http_logging_policy - INFO - Response status: 200
2026-02-18T23:52:08.2122635Z Response headers:
2026-02-18T23:52:08.2122734Z     'Transfer-Encoding': 'chunked'
2026-02-18T23:52:08.2122761Z     'Content-Type': 'application/json; charset=utf-8'
2026-02-18T23:52:08.2122784Z     'Server': 'Microsoft-HTTPAPI/2.0'
2026-02-18T23:52:08.2122807Z     'Strict-Transport-Security': 'REDACTED'
2026-02-18T23:52:08.2122831Z     'X-Content-Type-Options': 'REDACTED'
2026-02-18T23:52:08.2122853Z     'Date': 'Wed, 18 Feb 2026 23:52:07 GMT'
2026-02-18T23:52:08.2224289Z 2026-02-18 23:52:08,221 - azure.monitor.opentelemetry.exporter.export._base - INFO - Transmission succeeded: Item received: 3. Items accepted: 3
2026-02-18T23:52:09.7979991Z 2026-02-18 23:52:09,796 - azure.core.pipeline.policies.http_logging_policy - INFO - Request URL: 'https://westus2-2.in.applicationinsights.azure.com//v2.1/track'
2026-02-18T23:52:09.7980558Z Request method: 'POST'
2026-02-18T23:52:09.7980593Z Request headers:
2026-02-18T23:52:09.7980708Z     'Content-Type': 'application/json'
2026-02-18T23:52:09.7980733Z     'Content-Length': '7439'
2026-02-18T23:52:09.7980756Z     'Accept': 'application/json'
2026-02-18T23:52:09.7980780Z     'x-ms-client-request-id': 'd6be1f72-0d24-11f1-9ac0-d2a6f0f32f9f'
2026-02-18T23:52:09.7980808Z     'User-Agent': 'azsdk-python-azuremonitorclient/unknown Python/3.11.14 (Linux-6.6.119.3-1.azl3-x86_64-with-glibc2.31)'
2026-02-18T23:52:09.7980831Z A body is sent with the request
2026-02-18T23:52:09.8971080Z 2026-02-18 23:52:09,895 - azure.core.pipeline.policies.http_logging_policy - INFO - Response status: 200
2026-02-18T23:52:09.8971627Z Response headers:
2026-02-18T23:52:09.8971664Z     'Transfer-Encoding': 'chunked'
2026-02-18T23:52:09.8971695Z     'Content-Type': 'application/json; charset=utf-8'
2026-02-18T23:52:09.8971721Z     'Server': 'Microsoft-HTTPAPI/2.0'
2026-02-18T23:52:09.8971831Z     'Strict-Transport-Security': 'REDACTED'
2026-02-18T23:52:09.8971854Z     'X-Content-Type-Options': 'REDACTED'
2026-02-18T23:52:09.8971876Z     'Date': 'Wed, 18 Feb 2026 23:52:09 GMT'
2026-02-18T23:52:09.8971904Z 2026-02-18 23:52:09,896 - azure.monitor.opentelemetry.exporter.export._base - INFO - Transmission succeeded: Item received: 6. Items accepted: 6
2026-02-18T23:52:13.2356987Z 2026-02-18 23:52:13,226 - azure.core.pipeline.policies.http_logging_policy - INFO - Request URL: 'https://westus2-2.in.applicationinsights.azure.com//v2.1/track'
2026-02-18T23:52:13.2421414Z Request method: 'POST'
2026-02-18T23:52:13.2421704Z Request headers:
2026-02-18T23:52:13.2421739Z     'Content-Type': 'application/json'
2026-02-18T23:52:13.2421763Z     'Content-Length': '3720'
2026-02-18T23:52:13.2421785Z     'Accept': 'application/json'
2026-02-18T23:52:13.2421903Z     'x-ms-client-request-id': 'd8c97f00-0d24-11f1-ac5a-d2a6f0f32f9f'
2026-02-18T23:52:13.2421931Z     'User-Agent': 'azsdk-python-azuremonitorclient/unknown Python/3.11.14 (Linux-6.6.119.3-1.azl3-x86_64-with-glibc2.31)'
2026-02-18T23:52:13.2421954Z A body is sent with the request
2026-02-18T23:52:13.2997519Z 2026-02-18 23:52:13,299 - azure.core.pipeline.policies.http_logging_policy - INFO - Response status: 200
2026-02-18T23:52:13.2998336Z Response headers:
2026-02-18T23:52:13.2998373Z     'Transfer-Encoding': 'chunked'
2026-02-18T23:52:13.2998398Z     'Content-Type': 'application/json; charset=utf-8'
2026-02-18T23:52:13.2998419Z     'Server': 'Microsoft-HTTPAPI/2.0'
2026-02-18T23:52:13.2998447Z     'Strict-Transport-Security': 'REDACTED'
2026-02-18T23:52:13.2998474Z     'X-Content-Type-Options': 'REDACTED'
2026-02-18T23:52:13.2998578Z     'Date': 'Wed, 18 Feb 2026 23:52:13 GMT'
2026-02-18T23:52:13.3079040Z 2026-02-18 23:52:13,300 - azure.monitor.opentelemetry.exporter.export._base - INFO - Transmission succeeded: Item received: 3. Items accepted: 3
2026-02-18T23:52:14.9086635Z 2026-02-18 23:52:14,902 - azure.core.pipeline.policies.http_logging_policy - INFO - Request URL: 'https://westus2-2.in.applicationinsights.azure.com//v2.1/track'
2026-02-18T23:52:14.9087045Z Request method: 'POST'
2026-02-18T23:52:14.9087077Z Request headers:
2026-02-18T23:52:14.9087152Z     'Content-Type': 'application/json'
2026-02-18T23:52:14.9087176Z     'Content-Length': '3720'
2026-02-18T23:52:14.9087198Z     'Accept': 'application/json'
2026-02-18T23:52:14.9087223Z     'x-ms-client-request-id': 'd9c92d92-0d24-11f1-9ac0-d2a6f0f32f9f'
2026-02-18T23:52:14.9087252Z     'User-Agent': 'azsdk-python-azuremonitorclient/unknown Python/3.11.14 (Linux-6.6.119.3-1.azl3-x86_64-with-glibc2.31)'
2026-02-18T23:52:14.9087274Z A body is sent with the request
2026-02-18T23:52:15.0173079Z 2026-02-18 23:52:15,016 - azure.core.pipeline.policies.http_logging_policy - INFO - Response status: 200
2026-02-18T23:52:15.0173610Z Response headers:
2026-02-18T23:52:15.0173646Z     'Transfer-Encoding': 'chunked'
2026-02-18T23:52:15.0173672Z     'Content-Type': 'application/json; charset=utf-8'
2026-02-18T23:52:15.0173792Z     'Server': 'Microsoft-HTTPAPI/2.0'
2026-02-18T23:52:15.0173818Z     'Strict-Transport-Security': 'REDACTED'
2026-02-18T23:52:15.0173842Z     'X-Content-Type-Options': 'REDACTED'
2026-02-18T23:52:15.0173865Z     'Date': 'Wed, 18 Feb 2026 23:52:14 GMT'
2026-02-18T23:52:15.0347856Z 2026-02-18 23:52:15,025 - azure.monitor.opentelemetry.exporter.export._base - INFO - Transmission succeeded: Item received: 3. Items accepted: 3
2026-02-18T23:52:18.3050968Z 2026-02-18 23:52:18,304 - azure.core.pipeline.policies.http_logging_policy - INFO - Request URL: 'https://westus2-2.in.applicationinsights.azure.com//v2.1/track'
2026-02-18T23:52:18.3051352Z Request method: 'POST'
2026-02-18T23:52:18.3051383Z Request headers:
2026-02-18T23:52:18.3051406Z     'Content-Type': 'application/json'
2026-02-18T23:52:18.3051437Z     'Content-Length': '3720'
2026-02-18T23:52:18.3051545Z     'Accept': 'application/json'
2026-02-18T23:52:18.3051573Z     'x-ms-client-request-id': 'dbd06060-0d24-11f1-ac5a-d2a6f0f32f9f'
2026-02-18T23:52:18.3051603Z     'User-Agent': 'azsdk-python-azuremonitorclient/unknown Python/3.11.14 (Linux-6.6.119.3-1.azl3-x86_64-with-glibc2.31)'
2026-02-18T23:52:18.3051626Z A body is sent with the request
2026-02-18T23:52:18.3684962Z 2026-02-18 23:52:18,368 - azure.core.pipeline.policies.http_logging_policy - INFO - Response status: 200
2026-02-18T23:52:18.3685529Z Response headers:
2026-02-18T23:52:18.3685567Z     'Transfer-Encoding': 'chunked'
2026-02-18T23:52:18.3685605Z     'Content-Type': 'application/json; charset=utf-8'
2026-02-18T23:52:18.3685630Z     'Server': 'Microsoft-HTTPAPI/2.0'
2026-02-18T23:52:18.3685653Z     'Strict-Transport-Security': 'REDACTED'
2026-02-18T23:52:18.3685675Z     'X-Content-Type-Options': 'REDACTED'
2026-02-18T23:52:18.3685783Z     'Date': 'Wed, 18 Feb 2026 23:52:18 GMT'
2026-02-18T23:52:18.3704065Z 2026-02-18 23:52:18,370 - azure.monitor.opentelemetry.exporter.export._base - INFO - Transmission succeeded: Item received: 3. Items accepted: 3
2026-02-18T23:52:20.0306219Z 2026-02-18 23:52:20,030 - azure.core.pipeline.policies.http_logging_policy - INFO - Request URL: 'https://westus2-2.in.applicationinsights.azure.com//v2.1/track'
2026-02-18T23:52:20.0306721Z Request method: 'POST'
2026-02-18T23:52:20.0306755Z Request headers:
2026-02-18T23:52:20.0521938Z     'Content-Type': 'application/json'
2026-02-18T23:52:20.0533362Z     'Content-Length': '3720'
2026-02-18T23:52:20.0538646Z     'Accept': 'application/json'
2026-02-18T23:52:20.0538703Z     'x-ms-client-request-id': 'dcd7a13a-0d24-11f1-9ac0-d2a6f0f32f9f'
2026-02-18T23:52:20.0538763Z     'User-Agent': 'azsdk-python-azuremonitorclient/unknown Python/3.11.14 (Linux-6.6.119.3-1.azl3-x86_64-with-glibc2.31)'
2026-02-18T23:52:20.0538787Z A body is sent with the request
2026-02-18T23:52:20.1915314Z 2026-02-18 23:52:20,191 - azure.core.pipeline.policies.http_logging_policy - INFO - Response status: 200
2026-02-18T23:52:20.1915868Z Response headers:
2026-02-18T23:52:20.1915912Z     'Transfer-Encoding': 'chunked'
2026-02-18T23:52:20.1915938Z     'Content-Type': 'application/json; charset=utf-8'
2026-02-18T23:52:20.1915963Z     'Server': 'Microsoft-HTTPAPI/2.0'
2026-02-18T23:52:20.1915987Z     'Strict-Transport-Security': 'REDACTED'
2026-02-18T23:52:20.1916013Z     'X-Content-Type-Options': 'REDACTED'
2026-02-18T23:52:20.1916043Z     'Date': 'Wed, 18 Feb 2026 23:52:20 GMT'
2026-02-18T23:52:20.2281611Z 2026-02-18 23:52:20,208 - azure.monitor.opentelemetry.exporter.export._base - INFO - Transmission succeeded: Item received: 3. Items accepted: 3
2026-02-18T23:52:22.7419904Z 2026-02-18 23:52:22,734 - app.main - INFO - → POST /api/logs
2026-02-18T23:52:22.7446656Z 2026-02-18 23:52:22,743 - app.main - INFO - → GET /api/multi-leg-opportunities
2026-02-18T23:52:22.7668644Z 2026-02-18 23:52:22,765 - app.main - INFO - → GET /api/scan
2026-02-18T23:52:22.7786226Z 2026-02-18 23:52:22,774 - app.main - INFO - → GET /api/portfolio
2026-02-18T23:52:22.8228361Z 2026-02-18 23:52:22,822 - app.main - INFO - → POST /api/logs
2026-02-18T23:52:22.8556118Z 2026-02-18 23:52:22,840 - app.main - INFO - → POST /api/logs
2026-02-18T23:52:22.8707380Z 2026-02-18 23:52:22,870 - app.main - INFO - ← POST /api/logs 200
2026-02-18T23:52:22.8728062Z 169.254.130.1:48877 - "POST /api/logs HTTP/1.1" 200
2026-02-18T23:52:22.9314049Z 2026-02-18 23:52:22,931 - azure.identity._credentials.environment - INFO - Incomplete environment configuration for EnvironmentCredential. These variables are set: AZURE_CLIENT_ID
2026-02-18T23:52:22.9576168Z 2026-02-18 23:52:22,932 - azure.identity._credentials.managed_identity - INFO - ManagedIdentityCredential will use App Service managed identity
2026-02-18T23:52:22.9906184Z 2026-02-18 23:52:22,940 - azure.core.pipeline.policies.http_logging_policy - INFO - Request URL: 'http://169.254.130.4:8081/msi/token?api-version=REDACTED&resource=REDACTED&client_id=REDACTED'
2026-02-18T23:52:22.9906303Z Request method: 'GET'
2026-02-18T23:52:22.9906334Z Request headers:
2026-02-18T23:52:22.9906357Z     'X-IDENTITY-HEADER': 'REDACTED'
2026-02-18T23:52:22.9906383Z     'User-Agent': 'azsdk-python-identity/1.17.1 Python/3.11.14 (Linux-6.6.119.3-1.azl3-x86_64-with-glibc2.31)'
2026-02-18T23:52:22.9906487Z     'traceparent': '00-4d0e043352094020a4cac6f27d98dac7-4c2fd14db4526a72-01'
2026-02-18T23:52:22.9906512Z No body was attached to the request
2026-02-18T23:52:22.9906543Z 2026-02-18 23:52:22,940 - app.main - INFO - ← GET /api/multi-leg-opportunities 200
2026-02-18T23:52:22.9906571Z 169.254.130.1:48831 - "GET /api/multi-leg-opportunities HTTP/1.1" 200
2026-02-18T23:52:22.9938307Z 2026-02-18 23:52:22,975 - azure.identity._credentials.environment - INFO - Incomplete environment configuration for EnvironmentCredential. These variables are set: AZURE_CLIENT_ID
2026-02-18T23:52:22.9938456Z 2026-02-18 23:52:22,992 - azure.identity._credentials.managed_identity - INFO - ManagedIdentityCredential will use App Service managed identity
2026-02-18T23:52:23.0028493Z 2026-02-18 23:52:22,981 - app.main - INFO - ← POST /api/logs 200
2026-02-18T23:52:23.0028635Z 169.254.130.1:48823 - "POST /api/logs HTTP/1.1" 200
2026-02-18T23:52:23.0195722Z 2026-02-18 23:52:23,002 - azure.core.pipeline.policies.http_logging_policy - INFO - Request URL: 'http://169.254.130.4:8081/msi/token?api-version=REDACTED&resource=REDACTED&client_id=REDACTED'
2026-02-18T23:52:23.0196118Z Request method: 'GET'
2026-02-18T23:52:23.0196210Z Request headers:
2026-02-18T23:52:23.0196235Z     'X-IDENTITY-HEADER': 'REDACTED'
2026-02-18T23:52:23.0196263Z     'User-Agent': 'azsdk-python-identity/1.17.1 Python/3.11.14 (Linux-6.6.119.3-1.azl3-x86_64-with-glibc2.31)'
2026-02-18T23:52:23.0196287Z     'traceparent': '00-4ce746f36c777c22460ea5d200201507-7c501a66f558b0df-01'
2026-02-18T23:52:23.0196308Z No body was attached to the request
2026-02-18T23:52:23.0375391Z 2026-02-18 23:52:23,028 - app.main - INFO - ← POST /api/logs 200
2026-02-18T23:52:23.0375675Z 169.254.130.1:48841 - "POST /api/logs HTTP/1.1" 200
2026-02-18T23:52:23.0515784Z 2026-02-18 23:52:23,045 - app.main - INFO - → POST /api/logs
2026-02-18T23:52:23.0705540Z 2026-02-18 23:52:23,070 - app.main - INFO - → POST /api/logs
2026-02-18T23:52:23.1204185Z 2026-02-18 23:52:23,106 - app.main - INFO - ← POST /api/logs 200
2026-02-18T23:52:23.1204509Z 169.254.130.1:48831 - "POST /api/logs HTTP/1.1" 200
2026-02-18T23:52:23.1297247Z 2026-02-18 23:52:23,129 - app.main - INFO - ← POST /api/logs 200
2026-02-18T23:52:23.1728649Z 169.254.130.1:48823 - "POST /api/logs HTTP/1.1" 200
2026-02-18T23:52:23.2066565Z 2026-02-18 23:52:23,206 - azure.core.pipeline.policies.http_logging_policy - INFO - Response status: 200
2026-02-18T23:52:23.2067037Z Response headers:
2026-02-18T23:52:23.2067082Z     'Content-Type': 'application/json; charset=utf-8'
2026-02-18T23:52:23.2067106Z     'Date': 'Wed, 18 Feb 2026 23:52:22 GMT'
2026-02-18T23:52:23.2067127Z     'Server': 'Kestrel'
2026-02-18T23:52:23.2067206Z     'Transfer-Encoding': 'chunked'
2026-02-18T23:52:23.2067228Z     'X-CORRELATION-ID': 'REDACTED'
2026-02-18T23:52:23.2167145Z 2026-02-18 23:52:23,215 - azure.identity._credentials.chained - INFO - DefaultAzureCredential acquired a token from ManagedIdentityCredential
2026-02-18T23:52:23.2248603Z 2026-02-18 23:52:23,218 - azure.core.pipeline.policies.http_logging_policy - INFO - Response status: 200
2026-02-18T23:52:23.2248767Z Response headers:
2026-02-18T23:52:23.2248799Z     'Content-Type': 'application/json; charset=utf-8'
2026-02-18T23:52:23.2248824Z     'Date': 'Wed, 18 Feb 2026 23:52:22 GMT'
2026-02-18T23:52:23.2248846Z     'Server': 'Kestrel'
2026-02-18T23:52:23.2248867Z     'Transfer-Encoding': 'chunked'
2026-02-18T23:52:23.2248888Z     'X-CORRELATION-ID': 'REDACTED'
2026-02-18T23:52:23.2443870Z 2026-02-18 23:52:23,226 - azure.identity._credentials.chained - INFO - DefaultAzureCredential acquired a token from ManagedIdentityCredential
2026-02-18T23:52:23.4327760Z 2026-02-18 23:52:23,432 - azure.core.pipeline.policies.http_logging_policy - INFO - Request URL: 'https://westus2-2.in.applicationinsights.azure.com//v2.1/track'
2026-02-18T23:52:23.4328278Z Request method: 'POST'
2026-02-18T23:52:23.4328313Z Request headers:
2026-02-18T23:52:23.4328348Z     'Content-Type': 'application/json'
2026-02-18T23:52:23.4328371Z     'Content-Length': '5562'
2026-02-18T23:52:23.4328393Z     'Accept': 'application/json'
2026-02-18T23:52:23.4328420Z     'x-ms-client-request-id': 'dedb8ef6-0d24-11f1-ac5a-d2a6f0f32f9f'
2026-02-18T23:52:23.4328449Z     'User-Agent': 'azsdk-python-azuremonitorclient/unknown Python/3.11.14 (Linux-6.6.119.3-1.azl3-x86_64-with-glibc2.31)'
2026-02-18T23:52:23.4328477Z A body is sent with the request
2026-02-18T23:52:23.5600281Z 2026-02-18 23:52:23,558 - app.main - INFO - ← GET /api/scan 200
2026-02-18T23:52:23.5945174Z 169.254.130.1:48869 - "GET /api/scan HTTP/1.1" 200
2026-02-18T23:52:23.5945515Z 2026-02-18 23:52:23,585 - azure.identity._credentials.environment - INFO - Incomplete environment configuration for EnvironmentCredential. These variables are set: AZURE_CLIENT_ID
2026-02-18T23:52:23.5945558Z 2026-02-18 23:52:23,585 - azure.identity._credentials.managed_identity - INFO - ManagedIdentityCredential will use App Service managed identity
2026-02-18T23:52:23.5945592Z 2026-02-18 23:52:23,587 - azure.core.pipeline.policies.http_logging_policy - INFO - Request URL: 'http://169.254.130.4:8081/msi/token?api-version=REDACTED&resource=REDACTED&client_id=REDACTED'
2026-02-18T23:52:23.5945614Z Request method: 'GET'
2026-02-18T23:52:23.5945635Z Request headers:
2026-02-18T23:52:23.5945658Z     'X-IDENTITY-HEADER': 'REDACTED'
2026-02-18T23:52:23.5945689Z     'User-Agent': 'azsdk-python-identity/1.17.1 Python/3.11.14 (Linux-6.6.119.3-1.azl3-x86_64-with-glibc2.31)'
2026-02-18T23:52:23.5945757Z     'traceparent': '00-d6fa68855ce215d81135d2435825ebbb-4e423b31af405c56-01'
2026-02-18T23:52:23.5945781Z No body was attached to the request
2026-02-18T23:52:23.6313675Z 2026-02-18 23:52:23,624 - app.main - INFO - → POST /api/logs
2026-02-18T23:52:23.6314131Z 2026-02-18 23:52:23,625 - app.main - INFO - → POST /api/logs
2026-02-18T23:52:23.6902923Z 2026-02-18 23:52:23,690 - app.main - INFO - ← POST /api/logs 200
2026-02-18T23:52:23.6912521Z 169.254.130.1:48869 - "POST /api/logs HTTP/1.1" 200
2026-02-18T23:52:23.7206073Z 2026-02-18 23:52:23,720 - azure.core.pipeline.policies.http_logging_policy - INFO - Response status: 200
2026-02-18T23:52:23.7206379Z Response headers:
2026-02-18T23:52:23.7206417Z     'Content-Type': 'application/json; charset=utf-8'
2026-02-18T23:52:23.7206625Z     'Date': 'Wed, 18 Feb 2026 23:52:23 GMT'
2026-02-18T23:52:23.7206650Z     'Server': 'Kestrel'
2026-02-18T23:52:23.7206679Z     'Transfer-Encoding': 'chunked'
2026-02-18T23:52:23.7206703Z     'X-CORRELATION-ID': 'REDACTED'
2026-02-18T23:52:23.7390323Z 2026-02-18 23:52:23,728 - azure.identity._credentials.chained - INFO - DefaultAzureCredential acquired a token from ManagedIdentityCredential
2026-02-18T23:52:23.7475845Z 2026-02-18 23:52:23,738 - app.main - INFO - ← POST /api/logs 200
2026-02-18T23:52:23.7476283Z 169.254.130.1:48823 - "POST /api/logs HTTP/1.1" 200
2026-02-18T23:52:23.8549848Z 2026-02-18 23:52:23,854 - app.main - INFO - ← GET /api/portfolio 200
2026-02-18T23:52:23.9101377Z 169.254.130.1:48855 - "GET /api/portfolio HTTP/1.1" 200
2026-02-18T23:52:23.9189227Z 2026-02-18 23:52:23,913 - app.main - INFO - → GET /api/portfolio
2026-02-18T23:52:23.9291639Z 2026-02-18 23:52:23,922 - azure.identity._credentials.environment - INFO - Incomplete environment configuration for EnvironmentCredential. These variables are set: AZURE_CLIENT_ID
2026-02-18T23:52:23.9291896Z 2026-02-18 23:52:23,922 - azure.identity._credentials.managed_identity - INFO - ManagedIdentityCredential will use App Service managed identity
2026-02-18T23:52:23.9390082Z 2026-02-18 23:52:23,938 - azure.core.pipeline.policies.http_logging_policy - INFO - Request URL: 'http://169.254.130.4:8081/msi/token?api-version=REDACTED&resource=REDACTED&client_id=REDACTED'
2026-02-18T23:52:23.9390630Z Request method: 'GET'
2026-02-18T23:52:23.9390670Z Request headers:
2026-02-18T23:52:23.9390693Z     'X-IDENTITY-HEADER': 'REDACTED'
2026-02-18T23:52:23.9390883Z     'User-Agent': 'azsdk-python-identity/1.17.1 Python/3.11.14 (Linux-6.6.119.3-1.azl3-x86_64-with-glibc2.31)'
2026-02-18T23:52:23.9390949Z     'traceparent': '00-338ea0219770b70903b56335d9e01328-afc8144bb8614bca-01'
2026-02-18T23:52:23.9390971Z No body was attached to the request
2026-02-18T23:52:24.0365462Z 2026-02-18 23:52:24,036 - azure.core.pipeline.policies.http_logging_policy - INFO - Response status: 200
2026-02-18T23:52:24.0366038Z Response headers:
2026-02-18T23:52:24.0366077Z     'Transfer-Encoding': 'chunked'
2026-02-18T23:52:24.0366101Z     'Content-Type': 'application/json; charset=utf-8'
2026-02-18T23:52:24.0366126Z     'Server': 'Microsoft-HTTPAPI/2.0'
2026-02-18T23:52:24.0366150Z     'Strict-Transport-Security': 'REDACTED'
2026-02-18T23:52:24.0366172Z     'X-Content-Type-Options': 'REDACTED'
2026-02-18T23:52:24.0366198Z     'Date': 'Wed, 18 Feb 2026 23:52:23 GMT'
2026-02-18T23:52:24.0384553Z 2026-02-18 23:52:24,037 - azure.monitor.opentelemetry.exporter.export._base - INFO - Transmission succeeded: Item received: 5. Items accepted: 5
2026-02-18T23:52:24.1334729Z 2026-02-18 23:52:24,132 - azure.core.pipeline.policies.http_logging_policy - INFO - Response status: 200
2026-02-18T23:52:24.1336003Z Response headers:
2026-02-18T23:52:24.1336054Z     'Content-Type': 'application/json; charset=utf-8'
2026-02-18T23:52:24.1336080Z     'Date': 'Wed, 18 Feb 2026 23:52:23 GMT'
2026-02-18T23:52:24.1336103Z     'Server': 'Kestrel'
2026-02-18T23:52:24.1336124Z     'Transfer-Encoding': 'chunked'
2026-02-18T23:52:24.1336147Z     'X-CORRELATION-ID': 'REDACTED'
2026-02-18T23:52:24.1515600Z 2026-02-18 23:52:24,142 - azure.identity._credentials.chained - INFO - DefaultAzureCredential acquired a token from ManagedIdentityCredential
2026-02-18T23:52:24.2381030Z 2026-02-18 23:52:24,229 - azure.identity._credentials.environment - INFO - Incomplete environment configuration for EnvironmentCredential. These variables are set: AZURE_CLIENT_ID
2026-02-18T23:52:24.2381369Z 2026-02-18 23:52:24,230 - azure.identity._credentials.managed_identity - INFO - ManagedIdentityCredential will use App Service managed identity
2026-02-18T23:52:24.2381406Z 2026-02-18 23:52:24,231 - azure.core.pipeline.policies.http_logging_policy - INFO - Request URL: 'http://169.254.130.4:8081/msi/token?api-version=REDACTED&resource=REDACTED&client_id=REDACTED'
2026-02-18T23:52:24.2381431Z Request method: 'GET'
2026-02-18T23:52:24.2381453Z Request headers:
2026-02-18T23:52:24.2381476Z     'X-IDENTITY-HEADER': 'REDACTED'
2026-02-18T23:52:24.2381503Z     'User-Agent': 'azsdk-python-identity/1.17.1 Python/3.11.14 (Linux-6.6.119.3-1.azl3-x86_64-with-glibc2.31)'
2026-02-18T23:52:24.2381527Z     'traceparent': '00-4c6bfd4747c4f693d2f7736fcf8cbf0f-c98bbb35c9b97292-01'
2026-02-18T23:52:24.2381549Z No body was attached to the request
2026-02-18T23:52:24.3647467Z 2026-02-18 23:52:24,361 - azure.core.pipeline.policies.http_logging_policy - INFO - Response status: 200
2026-02-18T23:52:24.3647873Z Response headers:
2026-02-18T23:52:24.3647906Z     'Content-Type': 'application/json; charset=utf-8'
2026-02-18T23:52:24.3647933Z     'Date': 'Wed, 18 Feb 2026 23:52:24 GMT'
2026-02-18T23:52:24.3647955Z     'Server': 'Kestrel'
2026-02-18T23:52:24.3647978Z     'Transfer-Encoding': 'chunked'
2026-02-18T23:52:24.3648000Z     'X-CORRELATION-ID': 'REDACTED'
2026-02-18T23:52:24.3648029Z 2026-02-18 23:52:24,362 - azure.identity._credentials.chained - INFO - DefaultAzureCredential acquired a token from ManagedIdentityCredential
2026-02-18T23:52:24.5219394Z 2026-02-18 23:52:24,506 - app.main - INFO - ← GET /api/portfolio 200
2026-02-18T23:52:24.5219826Z 169.254.130.1:48855 - "GET /api/portfolio HTTP/1.1" 200
2026-02-18T23:52:24.5499040Z 2026-02-18 23:52:24,542 - app.main - INFO - → POST /api/logs
2026-02-18T23:52:24.5778778Z 2026-02-18 23:52:24,569 - app.main - INFO - → POST /api/logs
2026-02-18T23:52:24.5978832Z 2026-02-18 23:52:24,589 - app.main - INFO - ← POST /api/logs 200
2026-02-18T23:52:24.6254566Z 169.254.130.1:48823 - "POST /api/logs HTTP/1.1" 200
2026-02-18T23:52:24.6254887Z 2026-02-18 23:52:24,606 - app.main - INFO - ← POST /api/logs 200
2026-02-18T23:52:24.6254924Z 169.254.130.1:48855 - "POST /api/logs HTTP/1.1" 200
2026-02-18T23:52:25.3430125Z 2026-02-18 23:52:25,342 - azure.core.pipeline.policies.http_logging_policy - INFO - Request URL: 'https://westus2-2.in.applicationinsights.azure.com//v2.1/track'
2026-02-18T23:52:25.3453139Z Request method: 'POST'
2026-02-18T23:52:25.3453196Z Request headers:
2026-02-18T23:52:25.3453221Z     'Content-Type': 'application/json'
2026-02-18T23:52:25.3453321Z     'Content-Length': '13680'
2026-02-18T23:52:25.3453344Z     'Accept': 'application/json'
2026-02-18T23:52:25.3453369Z     'x-ms-client-request-id': 'e0023b36-0d24-11f1-9bbd-d2a6f0f32f9f'
2026-02-18T23:52:25.3453397Z     'User-Agent': 'azsdk-python-azuremonitorclient/unknown Python/3.11.14 (Linux-6.6.119.3-1.azl3-x86_64-with-glibc2.31)'
2026-02-18T23:52:25.3453422Z A body is sent with the request
2026-02-18T23:52:25.3998622Z 2026-02-18 23:52:25,398 - azure.core.pipeline.policies.http_logging_policy - INFO - Request URL: 'https://westus2-2.in.applicationinsights.azure.com//v2.1/track'
2026-02-18T23:52:25.3999120Z Request method: 'POST'
2026-02-18T23:52:25.3999162Z Request headers:
2026-02-18T23:52:25.3999188Z     'Content-Type': 'application/json'
2026-02-18T23:52:25.3999211Z     'Content-Length': '54449'
2026-02-18T23:52:25.3999299Z     'Accept': 'application/json'
2026-02-18T23:52:25.3999323Z     'x-ms-client-request-id': 'e00abe8c-0d24-11f1-9ac0-d2a6f0f32f9f'
2026-02-18T23:52:25.3999350Z     'User-Agent': 'azsdk-python-azuremonitorclient/unknown Python/3.11.14 (Linux-6.6.119.3-1.azl3-x86_64-with-glibc2.31)'
2026-02-18T23:52:25.3999371Z A body is sent with the request
2026-02-18T23:52:25.5496365Z 2026-02-18 23:52:25,547 - azure.core.pipeline.policies.http_logging_policy - INFO - Response status: 200
2026-02-18T23:52:25.5496905Z Response headers:
2026-02-18T23:52:25.5496943Z     'Transfer-Encoding': 'chunked'
2026-02-18T23:52:25.5496973Z     'Content-Type': 'application/json; charset=utf-8'
2026-02-18T23:52:25.5496996Z     'Server': 'Microsoft-HTTPAPI/2.0'
2026-02-18T23:52:25.5497018Z     'Strict-Transport-Security': 'REDACTED'
2026-02-18T23:52:25.5497124Z     'X-Content-Type-Options': 'REDACTED'
2026-02-18T23:52:25.5497148Z     'Date': 'Wed, 18 Feb 2026 23:52:25 GMT'
2026-02-18T23:52:25.5497177Z 2026-02-18 23:52:25,549 - azure.monitor.opentelemetry.exporter.export._base - INFO - Transmission succeeded: Item received: 52. Items accepted: 52
2026-02-18T23:52:25.5567681Z 2026-02-18 23:52:25,548 - azure.core.pipeline.policies.http_logging_policy - INFO - Response status: 200
2026-02-18T23:52:25.5567797Z Response headers:
2026-02-18T23:52:25.5567822Z     'Transfer-Encoding': 'chunked'
2026-02-18T23:52:25.5567844Z     'Content-Type': 'application/json; charset=utf-8'
2026-02-18T23:52:25.5567867Z     'Server': 'Microsoft-HTTPAPI/2.0'
2026-02-18T23:52:25.5567892Z     'Strict-Transport-Security': 'REDACTED'
2026-02-18T23:52:25.5567915Z     'X-Content-Type-Options': 'REDACTED'
2026-02-18T23:52:25.5567938Z     'Date': 'Wed, 18 Feb 2026 23:52:25 GMT'
2026-02-18T23:52:25.5568194Z 2026-02-18 23:52:25,550 - azure.monitor.opentelemetry.exporter.export._base - INFO - Transmission succeeded: Item received: 11. Items accepted: 11
2026-02-18T23:52:29.0672834Z 2026-02-18 23:52:29,058 - azure.core.pipeline.policies.http_logging_policy - INFO - Request URL: 'https://westus2-2.in.applicationinsights.azure.com//v2.1/track'
2026-02-18T23:52:29.0673305Z Request method: 'POST'
2026-02-18T23:52:29.0673337Z Request headers:
2026-02-18T23:52:29.0673367Z     'Content-Type': 'application/json'
2026-02-18T23:52:29.0673394Z     'Content-Length': '3719'
2026-02-18T23:52:29.0673416Z     'Accept': 'application/json'
2026-02-18T23:52:29.0673440Z     'x-ms-client-request-id': 'e2393954-0d24-11f1-ac5a-d2a6f0f32f9f'
2026-02-18T23:52:29.0673469Z     'User-Agent': 'azsdk-python-azuremonitorclient/unknown Python/3.11.14 (Linux-6.6.119.3-1.azl3-x86_64-with-glibc2.31)'
2026-02-18T23:52:29.0673495Z A body is sent with the request
2026-02-18T23:52:29.1628461Z 2026-02-18 23:52:29,162 - azure.core.pipeline.policies.http_logging_policy - INFO - Response status: 200
2026-02-18T23:52:29.1629021Z Response headers:
2026-02-18T23:52:29.1629059Z     'Transfer-Encoding': 'chunked'
2026-02-18T23:52:29.1629085Z     'Content-Type': 'application/json; charset=utf-8'
2026-02-18T23:52:29.1629107Z     'Server': 'Microsoft-HTTPAPI/2.0'
2026-02-18T23:52:29.1629137Z     'Strict-Transport-Security': 'REDACTED'
2026-02-18T23:52:29.1629165Z     'X-Content-Type-Options': 'REDACTED'
2026-02-18T23:52:29.1629187Z     'Date': 'Wed, 18 Feb 2026 23:52:28 GMT'
2026-02-18T23:52:29.1651895Z 2026-02-18 23:52:29,164 - azure.monitor.opentelemetry.exporter.export._base - INFO - Transmission succeeded: Item received: 3. Items accepted: 3
2026-02-18T23:52:30.5705941Z 2026-02-18 23:52:30,570 - azure.core.pipeline.policies.http_logging_policy - INFO - Request URL: 'https://westus2-2.in.applicationinsights.azure.com//v2.1/track'
2026-02-18T23:52:30.5706371Z Request method: 'POST'
2026-02-18T23:52:30.5706400Z Request headers:
2026-02-18T23:52:30.5706423Z     'Content-Type': 'application/json'
2026-02-18T23:52:30.5706446Z     'Content-Length': '7442'
2026-02-18T23:52:30.5706468Z     'Accept': 'application/json'
2026-02-18T23:52:30.5706493Z     'x-ms-client-request-id': 'e31fea70-0d24-11f1-9ac0-d2a6f0f32f9f'
2026-02-18T23:52:30.5706521Z     'User-Agent': 'azsdk-python-azuremonitorclient/unknown Python/3.11.14 (Linux-6.6.119.3-1.azl3-x86_64-with-glibc2.31)'
2026-02-18T23:52:30.5706542Z A body is sent with the request
2026-02-18T23:52:30.7023011Z 2026-02-18 23:52:30,701 - azure.core.pipeline.policies.http_logging_policy - INFO - Response status: 200
2026-02-18T23:52:30.7023706Z Response headers:
2026-02-18T23:52:30.7023821Z     'Transfer-Encoding': 'chunked'
2026-02-18T23:52:30.7023847Z     'Content-Type': 'application/json; charset=utf-8'
2026-02-18T23:52:30.7023871Z     'Server': 'Microsoft-HTTPAPI/2.0'
2026-02-18T23:52:30.7023894Z     'Strict-Transport-Security': 'REDACTED'
2026-02-18T23:52:30.7023921Z     'X-Content-Type-Options': 'REDACTED'
2026-02-18T23:52:30.7023943Z     'Date': 'Wed, 18 Feb 2026 23:52:30 GMT'
2026-02-18T23:52:30.7023970Z 2026-02-18 23:52:30,701 - azure.monitor.opentelemetry.exporter.export._base - INFO - Transmission succeeded: Item received: 6. Items accepted: 6
2026-02-18T23:52:34.1684002Z 2026-02-18 23:52:34,167 - azure.core.pipeline.policies.http_logging_policy - INFO - Request URL: 'https://westus2-2.in.applicationinsights.azure.com//v2.1/track'
2026-02-18T23:52:34.1684414Z Request method: 'POST'
2026-02-18T23:52:34.1684448Z Request headers:
2026-02-18T23:52:34.1684568Z     'Content-Type': 'application/json'
2026-02-18T23:52:34.1684592Z     'Content-Length': '3720'
2026-02-18T23:52:34.1684615Z     'Accept': 'application/json'
2026-02-18T23:52:34.1684640Z     'x-ms-client-request-id': 'e544ca50-0d24-11f1-ac5a-d2a6f0f32f9f'
2026-02-18T23:52:34.1684667Z     'User-Agent': 'azsdk-python-azuremonitorclient/unknown Python/3.11.14 (Linux-6.6.119.3-1.azl3-x86_64-with-glibc2.31)'
2026-02-18T23:52:34.1684689Z A body is sent with the request
2026-02-18T23:52:34.2980574Z 2026-02-18 23:52:34,297 - azure.core.pipeline.policies.http_logging_policy - INFO - Response status: 200
2026-02-18T23:52:34.2981029Z Response headers:
2026-02-18T23:52:34.2981067Z     'Transfer-Encoding': 'chunked'
2026-02-18T23:52:34.2981099Z     'Content-Type': 'application/json; charset=utf-8'
2026-02-18T23:52:34.2981172Z     'Server': 'Microsoft-HTTPAPI/2.0'
2026-02-18T23:52:34.2981199Z     'Strict-Transport-Security': 'REDACTED'
2026-02-18T23:52:34.2981222Z     'X-Content-Type-Options': 'REDACTED'
2026-02-18T23:52:34.2981246Z     'Date': 'Wed, 18 Feb 2026 23:52:33 GMT'
2026-02-18T23:52:34.2998003Z 2026-02-18 23:52:34,299 - azure.monitor.opentelemetry.exporter.export._base - INFO - Transmission succeeded: Item received: 3. Items accepted: 3
2026-02-18T23:52:35.7045535Z 2026-02-18 23:52:35,704 - azure.core.pipeline.policies.http_logging_policy - INFO - Request URL: 'https://westus2-2.in.applicationinsights.azure.com//v2.1/track'
2026-02-18T23:52:35.7046749Z Request method: 'POST'
2026-02-18T23:52:35.7046802Z Request headers:
2026-02-18T23:52:35.7046827Z     'Content-Type': 'application/json'
2026-02-18T23:52:35.7046849Z     'Content-Length': '3720'
2026-02-18T23:52:35.7046964Z     'Accept': 'application/json'
2026-02-18T23:52:35.7046989Z     'x-ms-client-request-id': 'e62f516a-0d24-11f1-9ac0-d2a6f0f32f9f'
2026-02-18T23:52:35.7047019Z     'User-Agent': 'azsdk-python-azuremonitorclient/unknown Python/3.11.14 (Linux-6.6.119.3-1.azl3-x86_64-with-glibc2.31)'
2026-02-18T23:52:35.7047042Z A body is sent with the request
2026-02-18T23:52:35.7818430Z 2026-02-18 23:52:35,781 - azure.core.pipeline.policies.http_logging_policy - INFO - Response status: 200
2026-02-18T23:52:35.7819083Z Response headers:
2026-02-18T23:52:35.7819127Z     'Transfer-Encoding': 'chunked'
2026-02-18T23:52:35.7819159Z     'Content-Type': 'application/json; charset=utf-8'
2026-02-18T23:52:35.7819183Z     'Server': 'Microsoft-HTTPAPI/2.0'
2026-02-18T23:52:35.7819206Z     'Strict-Transport-Security': 'REDACTED'
2026-02-18T23:52:35.7819228Z     'X-Content-Type-Options': 'REDACTED'
2026-02-18T23:52:35.7819341Z     'Date': 'Wed, 18 Feb 2026 23:52:35 GMT'
2026-02-18T23:52:35.7832084Z 2026-02-18 23:52:35,782 - azure.monitor.opentelemetry.exporter.export._base - INFO - Transmission succeeded: Item received: 3. Items accepted: 3
2026-02-18T23:52:39.3086243Z 2026-02-18 23:52:39,308 - azure.core.pipeline.policies.http_logging_policy - INFO - Request URL: 'https://westus2-2.in.applicationinsights.azure.com//v2.1/track'
2026-02-18T23:52:39.3086678Z Request method: 'POST'
2026-02-18T23:52:39.3086717Z Request headers:
2026-02-18T23:52:39.3086915Z     'Content-Type': 'application/json'
2026-02-18T23:52:39.3086938Z     'Content-Length': '3720'
2026-02-18T23:52:39.3086965Z     'Accept': 'application/json'
2026-02-18T23:52:39.3087043Z     'x-ms-client-request-id': 'e8553dc4-0d24-11f1-ac5a-d2a6f0f32f9f'
2026-02-18T23:52:39.3087071Z     'User-Agent': 'azsdk-python-azuremonitorclient/unknown Python/3.11.14 (Linux-6.6.119.3-1.azl3-x86_64-with-glibc2.31)'
2026-02-18T23:52:39.3087093Z A body is sent with the request
2026-02-18T23:52:39.3979290Z 2026-02-18 23:52:39,397 - azure.core.pipeline.policies.http_logging_policy - INFO - Response status: 200
2026-02-18T23:52:39.3979862Z Response headers:
2026-02-18T23:52:39.3979898Z     'Transfer-Encoding': 'chunked'
2026-02-18T23:52:39.3979922Z     'Content-Type': 'application/json; charset=utf-8'
2026-02-18T23:52:39.3979945Z     'Server': 'Microsoft-HTTPAPI/2.0'
2026-02-18T23:52:39.3979977Z     'Strict-Transport-Security': 'REDACTED'
2026-02-18T23:52:39.3980006Z     'X-Content-Type-Options': 'REDACTED'
2026-02-18T23:52:39.3980120Z     'Date': 'Wed, 18 Feb 2026 23:52:38 GMT'
2026-02-18T23:52:39.4016569Z 2026-02-18 23:52:39,401 - azure.monitor.opentelemetry.exporter.export._base - INFO - Transmission succeeded: Item received: 3. Items accepted: 3
2026-02-18T23:52:40.7899628Z 2026-02-18 23:52:40,785 - azure.core.pipeline.policies.http_logging_policy - INFO - Request URL: 'https://westus2-2.in.applicationinsights.azure.com//v2.1/track'
2026-02-18T23:52:40.7900502Z Request method: 'POST'
2026-02-18T23:52:40.7900542Z Request headers:
2026-02-18T23:52:40.7900567Z     'Content-Type': 'application/json'
2026-02-18T23:52:40.7900592Z     'Content-Length': '3720'
2026-02-18T23:52:40.7900616Z     'Accept': 'application/json'
2026-02-18T23:52:40.7900646Z     'x-ms-client-request-id': 'e936a156-0d24-11f1-9ac0-d2a6f0f32f9f'
2026-02-18T23:52:40.7900676Z     'User-Agent': 'azsdk-python-azuremonitorclient/unknown Python/3.11.14 (Linux-6.6.119.3-1.azl3-x86_64-with-glibc2.31)'
2026-02-18T23:52:40.7900788Z A body is sent with the request
2026-02-18T23:52:40.9398970Z 2026-02-18 23:52:40,938 - azure.core.pipeline.policies.http_logging_policy - INFO - Response status: 200
2026-02-18T23:52:40.9399449Z Response headers:
2026-02-18T23:52:40.9399487Z     'Transfer-Encoding': 'chunked'
2026-02-18T23:52:40.9399512Z     'Content-Type': 'application/json; charset=utf-8'
2026-02-18T23:52:40.9399535Z     'Server': 'Microsoft-HTTPAPI/2.0'
2026-02-18T23:52:40.9399559Z     'Strict-Transport-Security': 'REDACTED'
2026-02-18T23:52:40.9399586Z     'X-Content-Type-Options': 'REDACTED'
2026-02-18T23:52:40.9399613Z     'Date': 'Wed, 18 Feb 2026 23:52:40 GMT'
2026-02-18T23:52:40.9399643Z 2026-02-18 23:52:40,939 - azure.monitor.opentelemetry.exporter.export._base - INFO - Transmission succeeded: Item received: 3. Items accepted: 3
2026-02-18T23:52:44.4143830Z 2026-02-18 23:52:44,407 - azure.core.pipeline.policies.http_logging_policy - INFO - Request URL: 'https://westus2-2.in.applicationinsights.azure.com//v2.1/track'
2026-02-18T23:52:44.4144176Z Request method: 'POST'
2026-02-18T23:52:44.4144210Z Request headers:
2026-02-18T23:52:44.4144234Z     'Content-Type': 'application/json'
2026-02-18T23:52:44.4144257Z     'Content-Length': '3720'
2026-02-18T23:52:44.4144279Z     'Accept': 'application/json'
2026-02-18T23:52:44.4144303Z     'x-ms-client-request-id': 'eb5f6490-0d24-11f1-ac5a-d2a6f0f32f9f'
2026-02-18T23:52:44.4144335Z     'User-Agent': 'azsdk-python-azuremonitorclient/unknown Python/3.11.14 (Linux-6.6.119.3-1.azl3-x86_64-with-glibc2.31)'
2026-02-18T23:52:44.4144361Z A body is sent with the request
2026-02-18T23:52:44.5408762Z 2026-02-18 23:52:44,540 - azure.core.pipeline.policies.http_logging_policy - INFO - Response status: 200
2026-02-18T23:52:44.5409487Z Response headers:
2026-02-18T23:52:44.5409525Z     'Transfer-Encoding': 'chunked'
2026-02-18T23:52:44.5409550Z     'Content-Type': 'application/json; charset=utf-8'
2026-02-18T23:52:44.5409573Z     'Server': 'Microsoft-HTTPAPI/2.0'
2026-02-18T23:52:44.5409596Z     'Strict-Transport-Security': 'REDACTED'
2026-02-18T23:52:44.5409620Z     'X-Content-Type-Options': 'REDACTED'
2026-02-18T23:52:44.5409642Z     'Date': 'Wed, 18 Feb 2026 23:52:43 GMT'
2026-02-18T23:52:44.5468830Z 2026-02-18 23:52:44,546 - azure.monitor.opentelemetry.exporter.export._base - INFO - Transmission succeeded: Item received: 3. Items accepted: 3
2026-02-18T23:52:45.9475244Z 2026-02-18 23:52:45,941 - azure.core.pipeline.policies.http_logging_policy - INFO - Request URL: 'https://westus2-2.in.applicationinsights.azure.com//v2.1/track'
2026-02-18T23:52:45.9475576Z Request method: 'POST'
2026-02-18T23:52:45.9475700Z Request headers:
2026-02-18T23:52:45.9475725Z     'Content-Type': 'application/json'
2026-02-18T23:52:45.9475752Z     'Content-Length': '3719'
2026-02-18T23:52:45.9475776Z     'Accept': 'application/json'
2026-02-18T23:52:45.9475802Z     'x-ms-client-request-id': 'ec497666-0d24-11f1-9ac0-d2a6f0f32f9f'
2026-02-18T23:52:45.9475832Z     'User-Agent': 'azsdk-python-azuremonitorclient/unknown Python/3.11.14 (Linux-6.6.119.3-1.azl3-x86_64-with-glibc2.31)'
2026-02-18T23:52:45.9475856Z A body is sent with the request
2026-02-18T23:52:46.0694071Z 2026-02-18 23:52:46,068 - azure.core.pipeline.policies.http_logging_policy - INFO - Response status: 200
2026-02-18T23:52:46.0694413Z Response headers:
2026-02-18T23:52:46.0694449Z     'Transfer-Encoding': 'chunked'
2026-02-18T23:52:46.0694556Z     'Content-Type': 'application/json; charset=utf-8'
2026-02-18T23:52:46.0694581Z     'Server': 'Microsoft-HTTPAPI/2.0'
2026-02-18T23:52:46.0694603Z     'Strict-Transport-Security': 'REDACTED'
2026-02-18T23:52:46.0694627Z     'X-Content-Type-Options': 'REDACTED'
2026-02-18T23:52:46.0694650Z     'Date': 'Wed, 18 Feb 2026 23:52:45 GMT'
2026-02-18T23:52:46.0708943Z 2026-02-18 23:52:46,070 - azure.monitor.opentelemetry.exporter.export._base - INFO - Transmission succeeded: Item received: 3. Items accepted: 3
2026-02-18T23:52:49.5499913Z 2026-02-18 23:52:49,549 - azure.core.pipeline.policies.http_logging_policy - INFO - Request URL: 'https://westus2-2.in.applicationinsights.azure.com//v2.1/track'
2026-02-18T23:52:49.5500496Z Request method: 'POST'
2026-02-18T23:52:49.5500532Z Request headers:
2026-02-18T23:52:49.5500555Z     'Content-Type': 'application/json'
2026-02-18T23:52:49.5500652Z     'Content-Length': '3720'
2026-02-18T23:52:49.5500680Z     'Accept': 'application/json'
2026-02-18T23:52:49.5500705Z     'x-ms-client-request-id': 'ee6fefd8-0d24-11f1-ac5a-d2a6f0f32f9f'
2026-02-18T23:52:49.5500733Z     'User-Agent': 'azsdk-python-azuremonitorclient/unknown Python/3.11.14 (Linux-6.6.119.3-1.azl3-x86_64-with-glibc2.31)'
2026-02-18T23:52:49.5500756Z A body is sent with the request
2026-02-18T23:52:49.6894366Z 2026-02-18 23:52:49,688 - azure.core.pipeline.policies.http_logging_policy - INFO - Response status: 200
2026-02-18T23:52:49.6896937Z Response headers:
2026-02-18T23:52:49.6897001Z     'Transfer-Encoding': 'chunked'
2026-02-18T23:52:49.6897027Z     'Content-Type': 'application/json; charset=utf-8'
2026-02-18T23:52:49.6897050Z     'Server': 'Microsoft-HTTPAPI/2.0'
2026-02-18T23:52:49.6897080Z     'Strict-Transport-Security': 'REDACTED'
2026-02-18T23:52:49.6897187Z     'X-Content-Type-Options': 'REDACTED'
2026-02-18T23:52:49.6897210Z     'Date': 'Wed, 18 Feb 2026 23:52:49 GMT'
2026-02-18T23:52:49.6897240Z 2026-02-18 23:52:49,688 - azure.monitor.opentelemetry.exporter.export._base - INFO - Transmission succeeded: Item received: 3. Items accepted: 3
2026-02-18T23:52:51.0808464Z 2026-02-18 23:52:51,074 - azure.core.pipeline.policies.http_logging_policy - INFO - Request URL: 'https://westus2-2.in.applicationinsights.azure.com//v2.1/track'
2026-02-18T23:52:51.0822624Z Request method: 'POST'
2026-02-18T23:52:51.0833918Z Request headers:
2026-02-18T23:52:51.0907539Z     'Content-Type': 'application/json'
2026-02-18T23:52:51.0930619Z     'Content-Length': '3720'
2026-02-18T23:52:51.1006165Z     'Accept': 'application/json'
2026-02-18T23:52:51.1006239Z     'x-ms-client-request-id': 'ef5899b8-0d24-11f1-9ac0-d2a6f0f32f9f'
2026-02-18T23:52:51.1006312Z     'User-Agent': 'azsdk-python-azuremonitorclient/unknown Python/3.11.14 (Linux-6.6.119.3-1.azl3-x86_64-with-glibc2.31)'
2026-02-18T23:52:51.1006336Z A body is sent with the request
2026-02-18T23:52:51.1377410Z 2026-02-18 23:52:51,137 - azure.core.pipeline.policies.http_logging_policy - INFO - Response status: 200
2026-02-18T23:52:51.1378323Z Response headers:
2026-02-18T23:52:51.1378368Z     'Transfer-Encoding': 'chunked'
2026-02-18T23:52:51.1378396Z     'Content-Type': 'application/json; charset=utf-8'
2026-02-18T23:52:51.1378420Z     'Server': 'Microsoft-HTTPAPI/2.0'
2026-02-18T23:52:51.1378445Z     'Strict-Transport-Security': 'REDACTED'
2026-02-18T23:52:51.1378471Z     'X-Content-Type-Options': 'REDACTED'
2026-02-18T23:52:51.1378504Z     'Date': 'Wed, 18 Feb 2026 23:52:50 GMT'
2026-02-18T23:52:51.1461632Z 2026-02-18 23:52:51,141 - azure.monitor.opentelemetry.exporter.export._base - INFO - Transmission succeeded: Item received: 3. Items accepted: 3
2026-02-18T23:52:54.6914358Z 2026-02-18 23:52:54,691 - azure.core.pipeline.policies.http_logging_policy - INFO - Request URL: 'https://westus2-2.in.applicationinsights.azure.com//v2.1/track'
2026-02-18T23:52:54.6914788Z Request method: 'POST'
2026-02-18T23:52:54.6914824Z Request headers:
2026-02-18T23:52:54.6914846Z     'Content-Type': 'application/json'
2026-02-18T23:52:54.6914866Z     'Content-Length': '3720'
2026-02-18T23:52:54.6914888Z     'Accept': 'application/json'
2026-02-18T23:52:54.6914910Z     'x-ms-client-request-id': 'f1807ca6-0d24-11f1-ac5a-d2a6f0f32f9f'
2026-02-18T23:52:54.6914942Z     'User-Agent': 'azsdk-python-azuremonitorclient/unknown Python/3.11.14 (Linux-6.6.119.3-1.azl3-x86_64-with-glibc2.31)'
2026-02-18T23:52:54.6914967Z A body is sent with the request
2026-02-18T23:52:54.8150744Z 2026-02-18 23:52:54,813 - azure.core.pipeline.policies.http_logging_policy - INFO - Response status: 200
2026-02-18T23:52:54.8151041Z Response headers:
2026-02-18T23:52:54.8151076Z     'Transfer-Encoding': 'chunked'
2026-02-18T23:52:54.8151104Z     'Content-Type': 'application/json; charset=utf-8'
2026-02-18T23:52:54.8151130Z     'Server': 'Microsoft-HTTPAPI/2.0'
2026-02-18T23:52:54.8151152Z     'Strict-Transport-Security': 'REDACTED'
2026-02-18T23:52:54.8151174Z     'X-Content-Type-Options': 'REDACTED'
2026-02-18T23:52:54.8151197Z     'Date': 'Wed, 18 Feb 2026 23:52:53 GMT'
2026-02-18T23:52:54.8151227Z 2026-02-18 23:52:54,814 - azure.monitor.opentelemetry.exporter.export._base - INFO - Transmission succeeded: Item received: 3. Items accepted: 3
2026-02-18T23:52:56.1506308Z 2026-02-18 23:52:56,150 - azure.core.pipeline.policies.http_logging_policy - INFO - Request URL: 'https://westus2-2.in.applicationinsights.azure.com//v2.1/track'
2026-02-18T23:52:56.1507711Z Request method: 'POST'
2026-02-18T23:52:56.1507760Z Request headers:
2026-02-18T23:52:56.1507786Z     'Content-Type': 'application/json'
2026-02-18T23:52:56.1507809Z     'Content-Length': '3719'
2026-02-18T23:52:56.1507831Z     'Accept': 'application/json'
2026-02-18T23:52:56.1507855Z     'x-ms-client-request-id': 'f25f22f8-0d24-11f1-9ac0-d2a6f0f32f9f'
2026-02-18T23:52:56.1507882Z     'User-Agent': 'azsdk-python-azuremonitorclient/unknown Python/3.11.14 (Linux-6.6.119.3-1.azl3-x86_64-with-glibc2.31)'
2026-02-18T23:52:56.1507905Z A body is sent with the request
2026-02-18T23:52:56.2905802Z 2026-02-18 23:52:56,290 - azure.core.pipeline.policies.http_logging_policy - INFO - Response status: 200
2026-02-18T23:52:56.2907742Z Response headers:
2026-02-18T23:52:56.2907897Z     'Transfer-Encoding': 'chunked'
2026-02-18T23:52:56.2907924Z     'Content-Type': 'application/json; charset=utf-8'
2026-02-18T23:52:56.2907947Z     'Server': 'Microsoft-HTTPAPI/2.0'
2026-02-18T23:52:56.2907969Z     'Strict-Transport-Security': 'REDACTED'
2026-02-18T23:52:56.2907992Z     'X-Content-Type-Options': 'REDACTED'
2026-02-18T23:52:56.2908015Z     'Date': 'Wed, 18 Feb 2026 23:52:55 GMT'
2026-02-18T23:52:56.2925960Z 2026-02-18 23:52:56,292 - azure.monitor.opentelemetry.exporter.export._base - INFO - Transmission succeeded: Item received: 3. Items accepted: 3
2026-02-18T23:52:59.8169729Z 2026-02-18 23:52:59,816 - azure.core.pipeline.policies.http_logging_policy - INFO - Request URL: 'https://westus2-2.in.applicationinsights.azure.com//v2.1/track'
2026-02-18T23:52:59.8170510Z Request method: 'POST'
2026-02-18T23:52:59.8170550Z Request headers:
2026-02-18T23:52:59.8170669Z     'Content-Type': 'application/json'
2026-02-18T23:52:59.8170693Z     'Content-Length': '3720'
2026-02-18T23:52:59.8170716Z     'Accept': 'application/json'
2026-02-18T23:52:59.8170740Z     'x-ms-client-request-id': 'f48e9662-0d24-11f1-ac5a-d2a6f0f32f9f'
2026-02-18T23:52:59.8170772Z     'User-Agent': 'azsdk-python-azuremonitorclient/unknown Python/3.11.14 (Linux-6.6.119.3-1.azl3-x86_64-with-glibc2.31)'
2026-02-18T23:52:59.8170797Z A body is sent with the request
2026-02-18T23:52:59.8689345Z 2026-02-18 23:52:59,868 - azure.core.pipeline.policies.http_logging_policy - INFO - Response status: 200
2026-02-18T23:52:59.8689689Z Response headers:
2026-02-18T23:52:59.8689939Z     'Transfer-Encoding': 'chunked'
2026-02-18T23:52:59.8689963Z     'Content-Type': 'application/json; charset=utf-8'
2026-02-18T23:52:59.8690036Z     'Server': 'Microsoft-HTTPAPI/2.0'
2026-02-18T23:52:59.8690061Z     'Strict-Transport-Security': 'REDACTED'
2026-02-18T23:52:59.8690084Z     'X-Content-Type-Options': 'REDACTED'
2026-02-18T23:52:59.8690105Z     'Date': 'Wed, 18 Feb 2026 23:52:58 GMT'
2026-02-18T23:52:59.8690134Z 2026-02-18 23:52:59,868 - azure.monitor.opentelemetry.exporter.export._base - INFO - Transmission succeeded: Item received: 3. Items accepted: 3
2026-02-18T23:53:01.2956263Z 2026-02-18 23:53:01,295 - azure.core.pipeline.policies.http_logging_policy - INFO - Request URL: 'https://westus2-2.in.applicationinsights.azure.com//v2.1/track'
2026-02-18T23:53:01.2956988Z Request method: 'POST'
2026-02-18T23:53:01.2957029Z Request headers:
2026-02-18T23:53:01.2957064Z     'Content-Type': 'application/json'
2026-02-18T23:53:01.2957088Z     'Content-Length': '3719'
2026-02-18T23:53:01.2957110Z     'Accept': 'application/json'
2026-02-18T23:53:01.2957220Z     'x-ms-client-request-id': 'f570375c-0d24-11f1-9ac0-d2a6f0f32f9f'
2026-02-18T23:53:01.2957250Z     'User-Agent': 'azsdk-python-azuremonitorclient/unknown Python/3.11.14 (Linux-6.6.119.3-1.azl3-x86_64-with-glibc2.31)'
2026-02-18T23:53:01.2957272Z A body is sent with the request
2026-02-18T23:53:01.3843653Z 2026-02-18 23:53:01,383 - azure.core.pipeline.policies.http_logging_policy - INFO - Response status: 200
2026-02-18T23:53:01.3844247Z Response headers:
2026-02-18T23:53:01.3844287Z     'Transfer-Encoding': 'chunked'
2026-02-18T23:53:01.3844314Z     'Content-Type': 'application/json; charset=utf-8'
2026-02-18T23:53:01.3844337Z     'Server': 'Microsoft-HTTPAPI/2.0'
2026-02-18T23:53:01.3844363Z     'Strict-Transport-Security': 'REDACTED'
2026-02-18T23:53:01.3844389Z     'X-Content-Type-Options': 'REDACTED'
2026-02-18T23:53:01.3844493Z     'Date': 'Wed, 18 Feb 2026 23:53:00 GMT'
2026-02-18T23:53:01.3844522Z 2026-02-18 23:53:01,383 - azure.monitor.opentelemetry.exporter.export._base - INFO - Transmission succeeded: Item received: 3. Items accepted: 3
2026-02-18T23:53:04.8988957Z 2026-02-18 23:53:04,879 - azure.core.pipeline.policies.http_logging_policy - INFO - Request URL: 'https://westus2-2.in.applicationinsights.azure.com//v2.1/track'
2026-02-18T23:53:04.8989309Z Request method: 'POST'
2026-02-18T23:53:04.8989343Z Request headers:
2026-02-18T23:53:04.8989367Z     'Content-Type': 'application/json'
2026-02-18T23:53:04.8989389Z     'Content-Length': '3719'
2026-02-18T23:53:04.8989412Z     'Accept': 'application/json'
2026-02-18T23:53:04.8989441Z     'x-ms-client-request-id': 'f7932d32-0d24-11f1-ac5a-d2a6f0f32f9f'
2026-02-18T23:53:04.8989474Z     'User-Agent': 'azsdk-python-azuremonitorclient/unknown Python/3.11.14 (Linux-6.6.119.3-1.azl3-x86_64-with-glibc2.31)'
2026-02-18T23:53:04.8989556Z A body is sent with the request
2026-02-18T23:53:04.9683130Z 2026-02-18 23:53:04,968 - azure.core.pipeline.policies.http_logging_policy - INFO - Response status: 200
2026-02-18T23:53:04.9683516Z Response headers:
2026-02-18T23:53:04.9683550Z     'Transfer-Encoding': 'chunked'
2026-02-18T23:53:04.9683574Z     'Content-Type': 'application/json; charset=utf-8'
2026-02-18T23:53:04.9683596Z     'Server': 'Microsoft-HTTPAPI/2.0'
2026-02-18T23:53:04.9683618Z     'Strict-Transport-Security': 'REDACTED'
2026-02-18T23:53:04.9683639Z     'X-Content-Type-Options': 'REDACTED'
2026-02-18T23:53:04.9683666Z     'Date': 'Wed, 18 Feb 2026 23:53:04 GMT'
2026-02-18T23:53:04.9761043Z 2026-02-18 23:53:04,975 - azure.monitor.opentelemetry.exporter.export._base - INFO - Transmission succeeded: Item received: 3. Items accepted: 3
2026-02-18T23:53:06.3956319Z 2026-02-18 23:53:06,395 - azure.core.pipeline.policies.http_logging_policy - INFO - Request URL: 'https://westus2-2.in.applicationinsights.azure.com//v2.1/track'
2026-02-18T23:53:06.3957830Z Request method: 'POST'
2026-02-18T23:53:06.3957867Z Request headers:
2026-02-18T23:53:06.3957892Z     'Content-Type': 'application/json'
2026-02-18T23:53:06.3957916Z     'Content-Length': '3719'
2026-02-18T23:53:06.3957937Z     'Accept': 'application/json'
2026-02-18T23:53:06.3957961Z     'x-ms-client-request-id': 'f87a679c-0d24-11f1-9ac0-d2a6f0f32f9f'
2026-02-18T23:53:06.3957988Z     'User-Agent': 'azsdk-python-azuremonitorclient/unknown Python/3.11.14 (Linux-6.6.119.3-1.azl3-x86_64-with-glibc2.31)'
2026-02-18T23:53:06.3958011Z A body is sent with the request
2026-02-18T23:53:06.5074702Z 2026-02-18 23:53:06,506 - azure.core.pipeline.policies.http_logging_policy - INFO - Response status: 200
2026-02-18T23:53:06.5075161Z Response headers:
2026-02-18T23:53:06.5075254Z     'Transfer-Encoding': 'chunked'
2026-02-18T23:53:06.5075283Z     'Content-Type': 'application/json; charset=utf-8'
2026-02-18T23:53:06.5075307Z     'Server': 'Microsoft-HTTPAPI/2.0'
2026-02-18T23:53:06.5075330Z     'Strict-Transport-Security': 'REDACTED'
2026-02-18T23:53:06.5075354Z     'X-Content-Type-Options': 'REDACTED'
2026-02-18T23:53:06.5075379Z     'Date': 'Wed, 18 Feb 2026 23:53:06 GMT'
2026-02-18T23:53:06.5108485Z 2026-02-18 23:53:06,510 - azure.monitor.opentelemetry.exporter.export._base - INFO - Transmission succeeded: Item received: 3. Items accepted: 3
2026-02-18T23:53:06.8494108Z 2026-02-18 23:53:06,849 - azure.core.pipeline.policies.http_logging_policy - INFO - Request URL: 'https://westus2-2.in.applicationinsights.azure.com//v2.1/track'
2026-02-18T23:53:06.8494540Z Request method: 'POST'
2026-02-18T23:53:06.8494628Z Request headers:
2026-02-18T23:53:06.8494653Z     'Content-Type': 'application/json'
2026-02-18T23:53:06.8494675Z     'Content-Length': '1087'
2026-02-18T23:53:06.8494698Z     'Accept': 'application/json'
2026-02-18T23:53:06.8494723Z     'x-ms-client-request-id': 'f8bfa532-0d24-11f1-8f99-d2a6f0f32f9f'
2026-02-18T23:53:06.8494753Z     'User-Agent': 'azsdk-python-azuremonitorclient/unknown Python/3.11.14 (Linux-6.6.119.3-1.azl3-x86_64-with-glibc2.31)'
2026-02-18T23:53:06.8494775Z A body is sent with the request
2026-02-18T23:53:06.8647858Z 2026-02-18 23:53:06,864 - azure.core.pipeline.policies.http_logging_policy - INFO - Response status: 200
2026-02-18T23:53:06.8648180Z Response headers:
2026-02-18T23:53:06.8648214Z     'Transfer-Encoding': 'chunked'
2026-02-18T23:53:06.8648238Z     'Content-Type': 'application/json; charset=utf-8'
2026-02-18T23:53:06.8648310Z     'Server': 'Microsoft-HTTPAPI/2.0'
2026-02-18T23:53:06.8648335Z     'Strict-Transport-Security': 'REDACTED'
2026-02-18T23:53:06.8648360Z     'X-Content-Type-Options': 'REDACTED'
2026-02-18T23:53:06.8648383Z     'Date': 'Wed, 18 Feb 2026 23:53:06 GMT'
2026-02-18T23:53:06.8674718Z 2026-02-18 23:53:06,867 - azure.monitor.opentelemetry.exporter.export._base - INFO - Transmission succeeded: Item received: 1. Items accepted: 1
2026-02-18T23:53:09.9820426Z 2026-02-18 23:53:09,978 - azure.core.pipeline.policies.http_logging_policy - INFO - Request URL: 'https://westus2-2.in.applicationinsights.azure.com//v2.1/track'
2026-02-18T23:53:09.9821107Z Request method: 'POST'
2026-02-18T23:53:09.9821135Z Request headers:
2026-02-18T23:53:09.9821158Z     'Content-Type': 'application/json'
2026-02-18T23:53:09.9821181Z     'Content-Length': '3720'
2026-02-18T23:53:09.9821204Z     'Accept': 'application/json'
2026-02-18T23:53:09.9821228Z     'x-ms-client-request-id': 'fa9d18a8-0d24-11f1-ac5a-d2a6f0f32f9f'
2026-02-18T23:53:09.9821255Z     'User-Agent': 'azsdk-python-azuremonitorclient/unknown Python/3.11.14 (Linux-6.6.119.3-1.azl3-x86_64-with-glibc2.31)'
2026-02-18T23:53:09.9821278Z A body is sent with the request
2026-02-18T23:53:10.1301030Z 2026-02-18 23:53:10,129 - azure.core.pipeline.policies.http_logging_policy - INFO - Response status: 200
2026-02-18T23:53:10.1301759Z Response headers:
2026-02-18T23:53:10.1301880Z     'Transfer-Encoding': 'chunked'
2026-02-18T23:53:10.1301907Z     'Content-Type': 'application/json; charset=utf-8'
2026-02-18T23:53:10.1301931Z     'Server': 'Microsoft-HTTPAPI/2.0'
2026-02-18T23:53:10.1301953Z     'Strict-Transport-Security': 'REDACTED'
2026-02-18T23:53:10.1301976Z     'X-Content-Type-Options': 'REDACTED'
2026-02-18T23:53:10.1301998Z     'Date': 'Wed, 18 Feb 2026 23:53:09 GMT'
2026-02-18T23:53:10.1321659Z 2026-02-18 23:53:10,132 - azure.monitor.opentelemetry.exporter.export._base - INFO - Transmission succeeded: Item received: 3. Items accepted: 3
2026-02-18T23:53:11.5214600Z 2026-02-18 23:53:11,520 - azure.core.pipeline.policies.http_logging_policy - INFO - Request URL: 'https://westus2-2.in.applicationinsights.azure.com//v2.1/track'
2026-02-18T23:53:11.5215033Z Request method: 'POST'
2026-02-18T23:53:11.5215149Z Request headers:
2026-02-18T23:53:11.5215178Z     'Content-Type': 'application/json'
2026-02-18T23:53:11.5215201Z     'Content-Length': '7439'
2026-02-18T23:53:11.5215225Z     'Accept': 'application/json'
2026-02-18T23:53:11.5215249Z     'x-ms-client-request-id': 'fb886e34-0d24-11f1-9ac0-d2a6f0f32f9f'
2026-02-18T23:53:11.5215276Z     'User-Agent': 'azsdk-python-azuremonitorclient/unknown Python/3.11.14 (Linux-6.6.119.3-1.azl3-x86_64-with-glibc2.31)'
2026-02-18T23:53:11.5215298Z A body is sent with the request
2026-02-18T23:53:11.5938330Z 2026-02-18 23:53:11,593 - azure.core.pipeline.policies.http_logging_policy - INFO - Response status: 200
2026-02-18T23:53:11.5939463Z Response headers:
2026-02-18T23:53:11.5939666Z     'Transfer-Encoding': 'chunked'
2026-02-18T23:53:11.5939690Z     'Content-Type': 'application/json; charset=utf-8'
2026-02-18T23:53:11.5939715Z     'Server': 'Microsoft-HTTPAPI/2.0'
2026-02-18T23:53:11.5939738Z     'Strict-Transport-Security': 'REDACTED'
2026-02-18T23:53:11.5939761Z     'X-Content-Type-Options': 'REDACTED'
2026-02-18T23:53:11.5939783Z     'Date': 'Wed, 18 Feb 2026 23:53:11 GMT'
2026-02-18T23:53:11.5990779Z 2026-02-18 23:53:11,594 - azure.monitor.opentelemetry.exporter.export._base - INFO - Transmission succeeded: Item received: 6. Items accepted: 6
2026-02-18T23:53:15.1380166Z 2026-02-18 23:53:15,136 - azure.core.pipeline.policies.http_logging_policy - INFO - Request URL: 'https://westus2-2.in.applicationinsights.azure.com//v2.1/track'
2026-02-18T23:53:15.1380697Z Request method: 'POST'
2026-02-18T23:53:15.1380729Z Request headers:
2026-02-18T23:53:15.1380753Z     'Content-Type': 'application/json'
2026-02-18T23:53:15.1380775Z     'Content-Length': '3720'
2026-02-18T23:53:15.1380798Z     'Accept': 'application/json'
2026-02-18T23:53:15.1380822Z     'x-ms-client-request-id': 'fdb043c6-0d24-11f1-ac5a-d2a6f0f32f9f'
2026-02-18T23:53:15.1380849Z     'User-Agent': 'azsdk-python-azuremonitorclient/unknown Python/3.11.14 (Linux-6.6.119.3-1.azl3-x86_64-with-glibc2.31)'
2026-02-18T23:53:15.1380872Z A body is sent with the request
2026-02-18T23:53:15.2684359Z 2026-02-18 23:53:15,268 - azure.core.pipeline.policies.http_logging_policy - INFO - Response status: 200
2026-02-18T23:53:15.2684770Z Response headers:
2026-02-18T23:53:15.2684803Z     'Transfer-Encoding': 'chunked'
2026-02-18T23:53:15.2684906Z     'Content-Type': 'application/json; charset=utf-8'
2026-02-18T23:53:15.2684928Z     'Server': 'Microsoft-HTTPAPI/2.0'
2026-02-18T23:53:15.2684949Z     'Strict-Transport-Security': 'REDACTED'
2026-02-18T23:53:15.2684969Z     'X-Content-Type-Options': 'REDACTED'
2026-02-18T23:53:15.2684991Z     'Date': 'Wed, 18 Feb 2026 23:53:15 GMT'
2026-02-18T23:53:15.2702063Z 2026-02-18 23:53:15,269 - azure.monitor.opentelemetry.exporter.export._base - INFO - Transmission succeeded: Item received: 3. Items accepted: 3
2026-02-18T23:53:16.6018947Z 2026-02-18 23:53:16,597 - azure.core.pipeline.policies.http_logging_policy - INFO - Request URL: 'https://westus2-2.in.applicationinsights.azure.com//v2.1/track'
2026-02-18T23:53:16.6019477Z Request method: 'POST'
2026-02-18T23:53:16.6019513Z Request headers:
2026-02-18T23:53:16.6019538Z     'Content-Type': 'application/json'
2026-02-18T23:53:16.6019646Z     'Content-Length': '3720'
2026-02-18T23:53:16.6019669Z     'Accept': 'application/json'
2026-02-18T23:53:16.6019694Z     'x-ms-client-request-id': 'fe8f16f0-0d24-11f1-9ac0-d2a6f0f32f9f'
2026-02-18T23:53:16.6019723Z     'User-Agent': 'azsdk-python-azuremonitorclient/unknown Python/3.11.14 (Linux-6.6.119.3-1.azl3-x86_64-with-glibc2.31)'
2026-02-18T23:53:16.6019745Z A body is sent with the request
2026-02-18T23:53:16.7361961Z 2026-02-18 23:53:16,735 - azure.core.pipeline.policies.http_logging_policy - INFO - Response status: 200
2026-02-18T23:53:16.7362525Z Response headers:
2026-02-18T23:53:16.7362565Z     'Transfer-Encoding': 'chunked'
2026-02-18T23:53:16.7362589Z     'Content-Type': 'application/json; charset=utf-8'
2026-02-18T23:53:16.7362611Z     'Server': 'Microsoft-HTTPAPI/2.0'
2026-02-18T23:53:16.7362717Z     'Strict-Transport-Security': 'REDACTED'
2026-02-18T23:53:16.7362741Z     'X-Content-Type-Options': 'REDACTED'
2026-02-18T23:53:16.7362764Z     'Date': 'Wed, 18 Feb 2026 23:53:16 GMT'
2026-02-18T23:53:16.7362793Z 2026-02-18 23:53:16,735 - azure.monitor.opentelemetry.exporter.export._base - INFO - Transmission succeeded: Item received: 3. Items accepted: 3
2026-02-18T23:53:20.2799007Z 2026-02-18 23:53:20,275 - azure.core.pipeline.policies.http_logging_policy - INFO - Request URL: 'https://westus2-2.in.applicationinsights.azure.com//v2.1/track'
2026-02-18T23:53:20.2799962Z Request method: 'POST'
2026-02-18T23:53:20.2800026Z Request headers:
2026-02-18T23:53:20.2800052Z     'Content-Type': 'application/json'
2026-02-18T23:53:20.2800075Z     'Content-Length': '3720'
2026-02-18T23:53:20.2800098Z     'Accept': 'application/json'
2026-02-18T23:53:20.2800210Z     'x-ms-client-request-id': '00c049a8-0d25-11f1-ac5a-d2a6f0f32f9f'
2026-02-18T23:53:20.2800240Z     'User-Agent': 'azsdk-python-azuremonitorclient/unknown Python/3.11.14 (Linux-6.6.119.3-1.azl3-x86_64-with-glibc2.31)'
2026-02-18T23:53:20.2800263Z A body is sent with the request
2026-02-18T23:53:20.4260065Z 2026-02-18 23:53:20,425 - azure.core.pipeline.policies.http_logging_policy - INFO - Response status: 200
2026-02-18T23:53:20.4260915Z Response headers:
2026-02-18T23:53:20.4260960Z     'Transfer-Encoding': 'chunked'
2026-02-18T23:53:20.4260986Z     'Content-Type': 'application/json; charset=utf-8'
2026-02-18T23:53:20.4261006Z     'Server': 'Microsoft-HTTPAPI/2.0'
2026-02-18T23:53:20.4261028Z     'Strict-Transport-Security': 'REDACTED'
2026-02-18T23:53:20.4261052Z     'X-Content-Type-Options': 'REDACTED'
2026-02-18T23:53:20.4261083Z     'Date': 'Wed, 18 Feb 2026 23:53:20 GMT'
2026-02-18T23:53:20.4501281Z 2026-02-18 23:53:20,433 - azure.monitor.opentelemetry.exporter.export._base - INFO - Transmission succeeded: Item received: 3. Items accepted: 3
2026-02-18T23:53:21.7470030Z 2026-02-18 23:53:21,744 - azure.core.pipeline.policies.http_logging_policy - INFO - Request URL: 'https://westus2-2.in.applicationinsights.azure.com//v2.1/track'
2026-02-18T23:53:21.7470727Z Request method: 'POST'
2026-02-18T23:53:21.7470764Z Request headers:
2026-02-18T23:53:21.7470793Z     'Content-Type': 'application/json'
2026-02-18T23:53:21.7470815Z     'Content-Length': '3720'
2026-02-18T23:53:21.7470998Z     'Accept': 'application/json'
2026-02-18T23:53:21.7471024Z     'x-ms-client-request-id': '01a08c0c-0d25-11f1-9ac0-d2a6f0f32f9f'
2026-02-18T23:53:21.7471060Z     'User-Agent': 'azsdk-python-azuremonitorclient/unknown Python/3.11.14 (Linux-6.6.119.3-1.azl3-x86_64-with-glibc2.31)'
2026-02-18T23:53:21.7471082Z A body is sent with the request
2026-02-18T23:53:21.8752900Z 2026-02-18 23:53:21,874 - azure.core.pipeline.policies.http_logging_policy - INFO - Response status: 200
2026-02-18T23:53:21.8753307Z Response headers:
2026-02-18T23:53:21.8753340Z     'Transfer-Encoding': 'chunked'
2026-02-18T23:53:21.8753363Z     'Content-Type': 'application/json; charset=utf-8'
2026-02-18T23:53:21.8753393Z     'Server': 'Microsoft-HTTPAPI/2.0'
2026-02-18T23:53:21.8753417Z     'Strict-Transport-Security': 'REDACTED'
2026-02-18T23:53:21.8754414Z     'X-Content-Type-Options': 'REDACTED'
2026-02-18T23:53:21.8754653Z     'Date': 'Wed, 18 Feb 2026 23:53:21 GMT'
2026-02-18T23:53:21.8897191Z 2026-02-18 23:53:21,881 - azure.monitor.opentelemetry.exporter.export._base - INFO - Transmission succeeded: Item received: 3. Items accepted: 3
2026-02-18T23:53:22.7227812Z 2026-02-18 23:53:22,722 - app.main - INFO - → POST /api/logs
2026-02-18T23:53:22.7241842Z 2026-02-18 23:53:22,724 - app.main - INFO - → GET /api/scan
2026-02-18T23:53:22.7255567Z 2026-02-18 23:53:22,725 - app.main - INFO - → POST /api/logs
2026-02-18T23:53:22.7453654Z 2026-02-18 23:53:22,745 - app.main - INFO - → GET /api/portfolio
2026-02-18T23:53:22.7530313Z 2026-02-18 23:53:22,751 - app.main - INFO - → GET /api/multi-leg-opportunities
2026-02-18T23:53:22.7602270Z 2026-02-18 23:53:22,754 - azure.identity._credentials.environment - INFO - Incomplete environment configuration for EnvironmentCredential. These variables are set: AZURE_CLIENT_ID
2026-02-18T23:53:22.7665349Z 2026-02-18 23:53:22,762 - app.main - INFO - ← GET /api/multi-leg-opportunities 200
2026-02-18T23:53:22.7670348Z 169.254.130.1:43571 - "GET /api/multi-leg-opportunities HTTP/1.1" 200
2026-02-18T23:53:22.7729294Z 2026-02-18 23:53:22,766 - azure.identity._credentials.managed_identity - INFO - ManagedIdentityCredential will use App Service managed identity
2026-02-18T23:53:22.7873268Z 2026-02-18 23:53:22,774 - app.main - INFO - → POST /api/logs
2026-02-18T23:53:22.7980148Z 2026-02-18 23:53:22,794 - azure.identity._credentials.environment - INFO - Incomplete environment configuration for EnvironmentCredential. These variables are set: AZURE_CLIENT_ID
2026-02-18T23:53:22.7980343Z 2026-02-18 23:53:22,794 - azure.identity._credentials.managed_identity - INFO - ManagedIdentityCredential will use App Service managed identity
2026-02-18T23:53:22.7980384Z 2026-02-18 23:53:22,796 - azure.core.pipeline.policies.http_logging_policy - INFO - Request URL: 'http://169.254.130.4:8081/msi/token?api-version=REDACTED&resource=REDACTED&client_id=REDACTED'
2026-02-18T23:53:22.7980406Z Request method: 'GET'
2026-02-18T23:53:22.7980433Z Request headers:
2026-02-18T23:53:22.7980460Z     'X-IDENTITY-HEADER': 'REDACTED'
2026-02-18T23:53:22.7980533Z     'User-Agent': 'azsdk-python-identity/1.17.1 Python/3.11.14 (Linux-6.6.119.3-1.azl3-x86_64-with-glibc2.31)'
2026-02-18T23:53:22.7980559Z     'traceparent': '00-8edc4eb556f0766d7cafdfcadcfea9a9-fa29ded160f33c19-01'
2026-02-18T23:53:22.7980582Z No body was attached to the request
2026-02-18T23:53:22.8154170Z 2026-02-18 23:53:22,813 - azure.core.pipeline.policies.http_logging_policy - INFO - Request URL: 'http://169.254.130.4:8081/msi/token?api-version=REDACTED&resource=REDACTED&client_id=REDACTED'
2026-02-18T23:53:22.8154324Z Request method: 'GET'
2026-02-18T23:53:22.8154354Z Request headers:
2026-02-18T23:53:22.8154381Z     'X-IDENTITY-HEADER': 'REDACTED'
2026-02-18T23:53:22.8154409Z     'User-Agent': 'azsdk-python-identity/1.17.1 Python/3.11.14 (Linux-6.6.119.3-1.azl3-x86_64-with-glibc2.31)'
2026-02-18T23:53:22.8154440Z     'traceparent': '00-38db28c564e6b9de59afaf3f4c2c03ac-c58f52347a732809-01'
2026-02-18T23:53:22.8154465Z No body was attached to the request
2026-02-18T23:53:22.8653919Z 2026-02-18 23:53:22,848 - app.main - INFO - ← POST /api/logs 200
2026-02-18T23:53:22.8654198Z 2026-02-18 23:53:22,857 - app.main - INFO - → POST /api/logs
2026-02-18T23:53:22.9200975Z 169.254.130.1:43509 - "POST /api/logs HTTP/1.1" 200
2026-02-18T23:53:22.9301195Z 2026-02-18 23:53:22,922 - app.main - INFO - ← POST /api/logs 200
2026-02-18T23:53:22.9317360Z 169.254.130.1:43571 - "POST /api/logs HTTP/1.1" 200
2026-02-18T23:53:22.9573108Z 2026-02-18 23:53:22,957 - azure.core.pipeline.policies.http_logging_policy - INFO - Response status: 200
2026-02-18T23:53:22.9573586Z Response headers:
2026-02-18T23:53:22.9573628Z     'Content-Type': 'application/json; charset=utf-8'
2026-02-18T23:53:22.9573723Z     'Date': 'Wed, 18 Feb 2026 23:53:22 GMT'
2026-02-18T23:53:22.9573748Z     'Server': 'Kestrel'
2026-02-18T23:53:22.9573770Z     'Transfer-Encoding': 'chunked'
2026-02-18T23:53:22.9573792Z     'X-CORRELATION-ID': 'REDACTED'
2026-02-18T23:53:22.9589581Z 2026-02-18 23:53:22,958 - azure.identity._credentials.chained - INFO - DefaultAzureCredential acquired a token from ManagedIdentityCredential
2026-02-18T23:53:23.0348876Z 2026-02-18 23:53:23,017 - app.main - INFO - → POST /api/logs
2026-02-18T23:53:23.0349205Z 2026-02-18 23:53:23,024 - app.main - INFO - ← POST /api/logs 200
2026-02-18T23:53:23.0349244Z 2026-02-18 23:53:23,026 - azure.core.pipeline.policies.http_logging_policy - INFO - Response status: 200
2026-02-18T23:53:23.0349266Z Response headers:
2026-02-18T23:53:23.0349291Z     'Content-Type': 'application/json; charset=utf-8'
2026-02-18T23:53:23.0349383Z     'Date': 'Wed, 18 Feb 2026 23:53:22 GMT'
2026-02-18T23:53:23.0349408Z     'Server': 'Kestrel'
2026-02-18T23:53:23.0349430Z     'Transfer-Encoding': 'chunked'
2026-02-18T23:53:23.0349451Z     'X-CORRELATION-ID': 'REDACTED'
2026-02-18T23:53:23.0349475Z 169.254.130.1:43567 - "POST /api/logs HTTP/1.1" 200
2026-02-18T23:53:23.0371195Z 2026-02-18 23:53:23,036 - azure.identity._credentials.chained - INFO - DefaultAzureCredential acquired a token from ManagedIdentityCredential
2026-02-18T23:53:23.1093944Z 2026-02-18 23:53:23,092 - app.main - INFO - ← POST /api/logs 200
2026-02-18T23:53:23.1094424Z 169.254.130.1:43525 - "POST /api/logs HTTP/1.1" 200
2026-02-18T23:53:23.1271290Z 2026-02-18 23:53:23,119 - app.main - INFO - ← POST /api/logs 200
2026-02-18T23:53:23.1271519Z 169.254.130.1:43509 - "POST /api/logs HTTP/1.1" 200
2026-02-18T23:53:23.3403624Z 2026-02-18 23:53:23,332 - azure.identity._credentials.environment - INFO - Incomplete environment configuration for EnvironmentCredential. These variables are set: AZURE_CLIENT_ID
2026-02-18T23:53:23.3404136Z 2026-02-18 23:53:23,333 - azure.identity._credentials.managed_identity - INFO - ManagedIdentityCredential will use App Service managed identity
2026-02-18T23:53:23.3604107Z 2026-02-18 23:53:23,359 - azure.core.pipeline.policies.http_logging_policy - INFO - Request URL: 'http://169.254.130.4:8081/msi/token?api-version=REDACTED&resource=REDACTED&client_id=REDACTED'
2026-02-18T23:53:23.3604422Z Request method: 'GET'
2026-02-18T23:53:23.3604456Z Request headers:
2026-02-18T23:53:23.3604478Z     'X-IDENTITY-HEADER': 'REDACTED'
2026-02-18T23:53:23.3604593Z     'User-Agent': 'azsdk-python-identity/1.17.1 Python/3.11.14 (Linux-6.6.119.3-1.azl3-x86_64-with-glibc2.31)'
2026-02-18T23:53:23.3604620Z     'traceparent': '00-52f8e74acc7d4ac7f7f57ff02a32e7fc-c1577ed25f5563c9-01'
2026-02-18T23:53:23.3604645Z No body was attached to the request
2026-02-18T23:53:23.4160375Z 2026-02-18 23:53:23,415 - app.main - INFO - ← GET /api/scan 200
2026-02-18T23:53:23.4440335Z 169.254.130.1:43551 - "GET /api/scan HTTP/1.1" 200
2026-02-18T23:53:23.5505332Z 2026-02-18 23:53:23,516 - app.main - INFO - → POST /api/logs
2026-02-18T23:53:23.5505675Z 2026-02-18 23:53:23,531 - app.main - INFO - ← POST /api/logs 200
2026-02-18T23:53:23.5505710Z 169.254.130.1:43551 - "POST /api/logs HTTP/1.1" 200
2026-02-18T23:53:23.6579510Z 2026-02-18 23:53:23,638 - app.main - INFO - → POST /api/logs
2026-02-18T23:53:23.6643996Z 2026-02-18 23:53:23,656 - azure.core.pipeline.policies.http_logging_policy - INFO - Response status: 200
2026-02-18T23:53:23.6644116Z Response headers:
2026-02-18T23:53:23.6645506Z     'Content-Type': 'application/json; charset=utf-8'
2026-02-18T23:53:23.6645581Z     'Date': 'Wed, 18 Feb 2026 23:53:23 GMT'
2026-02-18T23:53:23.6645605Z     'Server': 'Kestrel'
2026-02-18T23:53:23.6645627Z     'Transfer-Encoding': 'chunked'
2026-02-18T23:53:23.6645649Z     'X-CORRELATION-ID': 'REDACTED'
2026-02-18T23:53:23.7322817Z 2026-02-18 23:53:23,704 - app.main - INFO - ← POST /api/logs 200
2026-02-18T23:53:23.7323111Z 169.254.130.1:43551 - "POST /api/logs HTTP/1.1" 200
2026-02-18T23:53:23.7323150Z 2026-02-18 23:53:23,721 - azure.identity._credentials.chained - INFO - DefaultAzureCredential acquired a token from ManagedIdentityCredential
2026-02-18T23:53:23.8337494Z 2026-02-18 23:53:23,833 - app.main - INFO - ← GET /api/portfolio 200
2026-02-18T23:53:23.8531820Z 169.254.130.1:43537 - "GET /api/portfolio HTTP/1.1" 200
2026-02-18T23:53:23.8939685Z 2026-02-18 23:53:23,893 - app.main - INFO - → GET /api/portfolio
2026-02-18T23:53:23.9138867Z 2026-02-18 23:53:23,911 - azure.identity._credentials.environment - INFO - Incomplete environment configuration for EnvironmentCredential. These variables are set: AZURE_CLIENT_ID
2026-02-18T23:53:23.9139215Z 2026-02-18 23:53:23,912 - azure.identity._credentials.managed_identity - INFO - ManagedIdentityCredential will use App Service managed identity
2026-02-18T23:53:23.9139257Z 2026-02-18 23:53:23,913 - azure.core.pipeline.policies.http_logging_policy - INFO - Request URL: 'http://169.254.130.4:8081/msi/token?api-version=REDACTED&resource=REDACTED&client_id=REDACTED'
2026-02-18T23:53:23.9139279Z Request method: 'GET'
2026-02-18T23:53:23.9139301Z Request headers:
2026-02-18T23:53:23.9139331Z     'X-IDENTITY-HEADER': 'REDACTED'
2026-02-18T23:53:23.9139361Z     'User-Agent': 'azsdk-python-identity/1.17.1 Python/3.11.14 (Linux-6.6.119.3-1.azl3-x86_64-with-glibc2.31)'
2026-02-18T23:53:23.9139389Z     'traceparent': '00-af931c5b4d2f221882f1046220008a55-2d6253b19c7246d9-01'
2026-02-18T23:53:23.9139492Z No body was attached to the request
2026-02-18T23:53:24.0632205Z 2026-02-18 23:53:24,062 - azure.core.pipeline.policies.http_logging_policy - INFO - Response status: 200
2026-02-18T23:53:24.0632866Z Response headers:
2026-02-18T23:53:24.0632907Z     'Content-Type': 'application/json; charset=utf-8'
2026-02-18T23:53:24.0632930Z     'Date': 'Wed, 18 Feb 2026 23:53:23 GMT'
2026-02-18T23:53:24.0632952Z     'Server': 'Kestrel'
2026-02-18T23:53:24.0632975Z     'Transfer-Encoding': 'chunked'
2026-02-18T23:53:24.0633004Z     'X-CORRELATION-ID': 'REDACTED'
2026-02-18T23:53:24.0898886Z 2026-02-18 23:53:24,087 - azure.identity._credentials.chained - INFO - DefaultAzureCredential acquired a token from ManagedIdentityCredential
2026-02-18T23:53:24.2219349Z 2026-02-18 23:53:24,203 - azure.identity._credentials.environment - INFO - Incomplete environment configuration for EnvironmentCredential. These variables are set: AZURE_CLIENT_ID
2026-02-18T23:53:24.2220112Z 2026-02-18 23:53:24,209 - azure.identity._credentials.managed_identity - INFO - ManagedIdentityCredential will use App Service managed identity
2026-02-18T23:53:24.2220161Z 2026-02-18 23:53:24,210 - azure.core.pipeline.policies.http_logging_policy - INFO - Request URL: 'http://169.254.130.4:8081/msi/token?api-version=REDACTED&resource=REDACTED&client_id=REDACTED'
2026-02-18T23:53:24.2220185Z Request method: 'GET'
2026-02-18T23:53:24.2220206Z Request headers:
2026-02-18T23:53:24.2220229Z     'X-IDENTITY-HEADER': 'REDACTED'
2026-02-18T23:53:24.2220257Z     'User-Agent': 'azsdk-python-identity/1.17.1 Python/3.11.14 (Linux-6.6.119.3-1.azl3-x86_64-with-glibc2.31)'
2026-02-18T23:53:24.2220281Z     'traceparent': '00-99706022a9dd90e23835d92507064598-2e73fbced3aa359a-01'
2026-02-18T23:53:24.2220303Z No body was attached to the request
2026-02-18T23:53:24.3043083Z 2026-02-18 23:53:24,296 - azure.core.pipeline.policies.http_logging_policy - INFO - Response status: 200
2026-02-18T23:53:24.3043367Z Response headers:
2026-02-18T23:53:24.3043397Z     'Content-Type': 'application/json; charset=utf-8'
2026-02-18T23:53:24.3043420Z     'Date': 'Wed, 18 Feb 2026 23:53:23 GMT'
2026-02-18T23:53:24.3043443Z     'Server': 'Kestrel'
2026-02-18T23:53:24.3043466Z     'Transfer-Encoding': 'chunked'
2026-02-18T23:53:24.3043488Z     'X-CORRELATION-ID': 'REDACTED'
2026-02-18T23:53:24.3043519Z 2026-02-18 23:53:24,297 - azure.identity._credentials.chained - INFO - DefaultAzureCredential acquired a token from ManagedIdentityCredential
2026-02-18T23:53:24.5123969Z 2026-02-18 23:53:24,499 - app.main - INFO - ← GET /api/portfolio 200
2026-02-18T23:53:24.5125201Z 169.254.130.1:43537 - "GET /api/portfolio HTTP/1.1" 200
2026-02-18T23:53:24.5410317Z 2026-02-18 23:53:24,536 - app.main - INFO - → POST /api/logs
2026-02-18T23:53:24.5546200Z 2026-02-18 23:53:24,554 - app.main - INFO - ← POST /api/logs 200
2026-02-18T23:53:24.5723948Z 2026-02-18 23:53:24,553 - app.main - INFO - → POST /api/logs
2026-02-18T23:53:24.5724108Z 169.254.130.1:43537 - "POST /api/logs HTTP/1.1" 200
2026-02-18T23:53:24.5812092Z 2026-02-18 23:53:24,581 - app.main - INFO - ← POST /api/logs 200
2026-02-18T23:53:24.5818873Z 169.254.130.1:43551 - "POST /api/logs HTTP/1.1" 200
2026-02-18T23:53:24.7929920Z 2026-02-18 23:53:24,792 - azure.core.pipeline.policies.http_logging_policy - INFO - Request URL: 'https://westus2-2.in.applicationinsights.azure.com//v2.1/track'
2026-02-18T23:53:24.7930554Z Request method: 'POST'
2026-02-18T23:53:24.7930587Z Request headers:
2026-02-18T23:53:24.7930675Z     'Content-Type': 'application/json'
2026-02-18T23:53:24.7930700Z     'Content-Length': '11223'
2026-02-18T23:53:24.7930723Z     'Accept': 'application/json'
2026-02-18T23:53:24.7930747Z     'x-ms-client-request-id': '036f00fe-0d25-11f1-8a4b-d2a6f0f32f9f'
2026-02-18T23:53:24.7930775Z     'User-Agent': 'azsdk-python-azuremonitorclient/unknown Python/3.11.14 (Linux-6.6.119.3-1.azl3-x86_64-with-glibc2.31)'
2026-02-18T23:53:24.7930797Z A body is sent with the request
2026-02-18T23:53:25.0990345Z 2026-02-18 23:53:25,098 - azure.core.pipeline.policies.http_logging_policy - INFO - Response status: 200
2026-02-18T23:53:25.0991010Z Response headers:
2026-02-18T23:53:25.0991053Z     'Transfer-Encoding': 'chunked'
2026-02-18T23:53:25.0991079Z     'Content-Type': 'application/json; charset=utf-8'
2026-02-18T23:53:25.0991189Z     'Server': 'Microsoft-HTTPAPI/2.0'
2026-02-18T23:53:25.0991214Z     'Strict-Transport-Security': 'REDACTED'
2026-02-18T23:53:25.0991237Z     'X-Content-Type-Options': 'REDACTED'
2026-02-18T23:53:25.0991259Z     'Date': 'Wed, 18 Feb 2026 23:53:24 GMT'
2026-02-18T23:53:25.1079391Z 2026-02-18 23:53:25,106 - azure.monitor.opentelemetry.exporter.export._base - INFO - Transmission succeeded: Item received: 9. Items accepted: 9
2026-02-18T23:53:25.5219059Z 2026-02-18 23:53:25,521 - azure.core.pipeline.policies.http_logging_policy - INFO - Request URL: 'https://westus2-2.in.applicationinsights.azure.com//v2.1/track'
2026-02-18T23:53:25.5219389Z Request method: 'POST'
2026-02-18T23:53:25.5219422Z Request headers:
2026-02-18T23:53:25.5219450Z     'Content-Type': 'application/json'
2026-02-18T23:53:25.5219480Z     'Content-Length': '39566'
2026-02-18T23:53:25.5219536Z     'Accept': 'application/json'
2026-02-18T23:53:25.5219561Z     'x-ms-client-request-id': '03e0cca2-0d25-11f1-ac5a-d2a6f0f32f9f'
2026-02-18T23:53:25.5219589Z     'User-Agent': 'azsdk-python-azuremonitorclient/unknown Python/3.11.14 (Linux-6.6.119.3-1.azl3-x86_64-with-glibc2.31)'
2026-02-18T23:53:25.5219612Z A body is sent with the request
2026-02-18T23:53:25.5768163Z 2026-02-18 23:53:25,576 - azure.core.pipeline.policies.http_logging_policy - INFO - Request URL: 'https://westus2-2.in.applicationinsights.azure.com//v2.1/track'
2026-02-18T23:53:25.5768708Z Request method: 'POST'
2026-02-18T23:53:25.5768744Z Request headers:
2026-02-18T23:53:25.5768769Z     'Content-Type': 'application/json'
2026-02-18T23:53:25.5768794Z     'Content-Length': '3849'
2026-02-18T23:53:25.5768822Z     'Accept': 'application/json'
2026-02-18T23:53:25.5768910Z     'x-ms-client-request-id': '03e93af4-0d25-11f1-9bbd-d2a6f0f32f9f'
2026-02-18T23:53:25.5768938Z     'User-Agent': 'azsdk-python-azuremonitorclient/unknown Python/3.11.14 (Linux-6.6.119.3-1.azl3-x86_64-with-glibc2.31)'
2026-02-18T23:53:25.5768959Z A body is sent with the request
2026-02-18T23:53:25.6484587Z 2026-02-18 23:53:25,648 - azure.core.pipeline.policies.http_logging_policy - INFO - Response status: 200
2026-02-18T23:53:25.6485160Z Response headers:
2026-02-18T23:53:25.6485197Z     'Transfer-Encoding': 'chunked'
2026-02-18T23:53:25.6485224Z     'Content-Type': 'application/json; charset=utf-8'
2026-02-18T23:53:25.6485249Z     'Server': 'Microsoft-HTTPAPI/2.0'
2026-02-18T23:53:25.6485277Z     'Strict-Transport-Security': 'REDACTED'
2026-02-18T23:53:25.6485311Z     'X-Content-Type-Options': 'REDACTED'
2026-02-18T23:53:25.6485335Z     'Date': 'Wed, 18 Feb 2026 23:53:25 GMT'
2026-02-18T23:53:25.6588097Z 2026-02-18 23:53:25,657 - azure.monitor.opentelemetry.exporter.export._base - INFO - Transmission succeeded: Item received: 36. Items accepted: 36
2026-02-18T23:53:25.6983269Z 2026-02-18 23:53:25,698 - azure.core.pipeline.policies.http_logging_policy - INFO - Response status: 200
2026-02-18T23:53:25.6983814Z Response headers:
2026-02-18T23:53:25.6983853Z     'Transfer-Encoding': 'chunked'
2026-02-18T23:53:25.6983876Z     'Content-Type': 'application/json; charset=utf-8'
2026-02-18T23:53:25.6983899Z     'Server': 'Microsoft-HTTPAPI/2.0'
2026-02-18T23:53:25.6983921Z     'Strict-Transport-Security': 'REDACTED'
2026-02-18T23:53:25.6983951Z     'X-Content-Type-Options': 'REDACTED'
2026-02-18T23:53:25.6983976Z     'Date': 'Wed, 18 Feb 2026 23:53:25 GMT'
2026-02-18T23:53:25.7133871Z 2026-02-18 23:53:25,700 - azure.monitor.opentelemetry.exporter.export._base - INFO - Transmission succeeded: Item received: 3. Items accepted: 3
2026-02-18T23:53:26.9031854Z 2026-02-18 23:53:26,901 - azure.core.pipeline.policies.http_logging_policy - INFO - Request URL: 'https://westus2-2.in.applicationinsights.azure.com//v2.1/track'
2026-02-18T23:53:26.9089398Z Request method: 'POST'
2026-02-18T23:53:26.9089472Z Request headers:
2026-02-18T23:53:26.9089497Z     'Content-Type': 'application/json'
2026-02-18T23:53:26.9089521Z     'Content-Length': '27888'
2026-02-18T23:53:26.9089544Z     'Accept': 'application/json'
2026-02-18T23:53:26.9089574Z     'x-ms-client-request-id': '04b35bd6-0d25-11f1-9ac0-d2a6f0f32f9f'
2026-02-18T23:53:26.9089609Z     'User-Agent': 'azsdk-python-azuremonitorclient/unknown Python/3.11.14 (Linux-6.6.119.3-1.azl3-x86_64-with-glibc2.31)'
2026-02-18T23:53:26.9089634Z A body is sent with the request
2026-02-18T23:53:26.9780063Z 2026-02-18 23:53:26,977 - azure.core.pipeline.policies.http_logging_policy - INFO - Response status: 200
2026-02-18T23:53:26.9780779Z Response headers:
2026-02-18T23:53:26.9780824Z     'Transfer-Encoding': 'chunked'
2026-02-18T23:53:26.9780851Z     'Content-Type': 'application/json; charset=utf-8'
2026-02-18T23:53:26.9780877Z     'Server': 'Microsoft-HTTPAPI/2.0'
2026-02-18T23:53:26.9780901Z     'Strict-Transport-Security': 'REDACTED'
2026-02-18T23:53:26.9780924Z     'X-Content-Type-Options': 'REDACTED'
2026-02-18T23:53:26.9780946Z     'Date': 'Wed, 18 Feb 2026 23:53:26 GMT'
2026-02-18T23:53:26.9786842Z 2026-02-18 23:53:26,978 - azure.monitor.opentelemetry.exporter.export._base - INFO - Transmission succeeded: Item received: 27. Items accepted: 27
2026-02-18T23:53:30.6608142Z 2026-02-18 23:53:30,660 - azure.core.pipeline.policies.http_logging_policy - INFO - Request URL: 'https://westus2-2.in.applicationinsights.azure.com//v2.1/track'
2026-02-18T23:53:30.6608545Z Request method: 'POST'
2026-02-18T23:53:30.6608575Z Request headers:
2026-02-18T23:53:30.6608598Z     'Content-Type': 'application/json'
2026-02-18T23:53:30.6608622Z     'Content-Length': '3723'
2026-02-18T23:53:30.6608645Z     'Accept': 'application/json'
2026-02-18T23:53:30.6608668Z     'x-ms-client-request-id': '06f0f9e4-0d25-11f1-ac5a-d2a6f0f32f9f'
2026-02-18T23:53:30.6608697Z     'User-Agent': 'azsdk-python-azuremonitorclient/unknown Python/3.11.14 (Linux-6.6.119.3-1.azl3-x86_64-with-glibc2.31)'
2026-02-18T23:53:30.6608720Z A body is sent with the request
2026-02-18T23:53:30.8110121Z 2026-02-18 23:53:30,809 - azure.core.pipeline.policies.http_logging_policy - INFO - Response status: 200
2026-02-18T23:53:30.8110898Z Response headers:
2026-02-18T23:53:30.8111015Z     'Transfer-Encoding': 'chunked'
2026-02-18T23:53:30.8111043Z     'Content-Type': 'application/json; charset=utf-8'
2026-02-18T23:53:30.8111067Z     'Server': 'Microsoft-HTTPAPI/2.0'
2026-02-18T23:53:30.8111091Z     'Strict-Transport-Security': 'REDACTED'
2026-02-18T23:53:30.8111115Z     'X-Content-Type-Options': 'REDACTED'
2026-02-18T23:53:30.8111137Z     'Date': 'Wed, 18 Feb 2026 23:53:30 GMT'
2026-02-18T23:53:30.8111167Z 2026-02-18 23:53:30,810 - azure.monitor.opentelemetry.exporter.export._base - INFO - Transmission succeeded: Item received: 3. Items accepted: 3
2026-02-18T23:53:31.9870344Z 2026-02-18 23:53:31,982 - azure.core.pipeline.policies.http_logging_policy - INFO - Request URL: 'https://westus2-2.in.applicationinsights.azure.com//v2.1/track'
2026-02-18T23:53:31.9870852Z Request method: 'POST'
2026-02-18T23:53:31.9870884Z Request headers:
2026-02-18T23:53:31.9871002Z     'Content-Type': 'application/json'
2026-02-18T23:53:31.9871024Z     'Content-Length': '3723'
2026-02-18T23:53:31.9871044Z     'Accept': 'application/json'
2026-02-18T23:53:31.9871066Z     'x-ms-client-request-id': '07babad6-0d25-11f1-9ac0-d2a6f0f32f9f'
2026-02-18T23:53:31.9871263Z     'User-Agent': 'azsdk-python-azuremonitorclient/unknown Python/3.11.14 (Linux-6.6.119.3-1.azl3-x86_64-with-glibc2.31)'
2026-02-18T23:53:31.9871287Z A body is sent with the request
2026-02-18T23:53:32.2021362Z 2026-02-18 23:53:32,201 - azure.core.pipeline.policies.http_logging_policy - INFO - Response status: 200
2026-02-18T23:53:32.2022265Z Response headers:
2026-02-18T23:53:32.2022313Z     'Transfer-Encoding': 'chunked'
2026-02-18T23:53:32.2022339Z     'Content-Type': 'application/json; charset=utf-8'
2026-02-18T23:53:32.2022457Z     'Server': 'Microsoft-HTTPAPI/2.0'
2026-02-18T23:53:32.2022481Z     'Strict-Transport-Security': 'REDACTED'
2026-02-18T23:53:32.2022503Z     'X-Content-Type-Options': 'REDACTED'
2026-02-18T23:53:32.2022526Z     'Date': 'Wed, 18 Feb 2026 23:53:31 GMT'
2026-02-18T23:53:32.2121038Z 2026-02-18 23:53:32,211 - azure.monitor.opentelemetry.exporter.export._base - INFO - Transmission succeeded: Item received: 3. Items accepted: 3
2026-02-18T23:53:35.8339288Z 2026-02-18 23:53:35,830 - azure.core.pipeline.policies.http_logging_policy - INFO - Request URL: 'https://westus2-2.in.applicationinsights.azure.com//v2.1/track'
2026-02-18T23:53:35.8340220Z Request method: 'POST'
2026-02-18T23:53:35.8340265Z Request headers:
2026-02-18T23:53:35.8340294Z     'Content-Type': 'application/json'
2026-02-18T23:53:35.8340323Z     'Content-Length': '3719'
2026-02-18T23:53:35.8340434Z     'Accept': 'application/json'
2026-02-18T23:53:35.8341216Z     'x-ms-client-request-id': '0a0569d0-0d25-11f1-ac5a-d2a6f0f32f9f'
2026-02-18T23:53:35.8341260Z     'User-Agent': 'azsdk-python-azuremonitorclient/unknown Python/3.11.14 (Linux-6.6.119.3-1.azl3-x86_64-with-glibc2.31)'
2026-02-18T23:53:35.8341284Z A body is sent with the request
2026-02-18T23:53:35.9623226Z 2026-02-18 23:53:35,961 - azure.core.pipeline.policies.http_logging_policy - INFO - Response status: 200
2026-02-18T23:53:35.9623703Z Response headers:
2026-02-18T23:53:35.9623741Z     'Transfer-Encoding': 'chunked'
2026-02-18T23:53:35.9623774Z     'Content-Type': 'application/json; charset=utf-8'
2026-02-18T23:53:35.9623796Z     'Server': 'Microsoft-HTTPAPI/2.0'
2026-02-18T23:53:35.9623819Z     'Strict-Transport-Security': 'REDACTED'
2026-02-18T23:53:35.9623841Z     'X-Content-Type-Options': 'REDACTED'
2026-02-18T23:53:35.9623958Z     'Date': 'Wed, 18 Feb 2026 23:53:35 GMT'
2026-02-18T23:53:35.9692962Z 2026-02-18 23:53:35,969 - azure.monitor.opentelemetry.exporter.export._base - INFO - Transmission succeeded: Item received: 3. Items accepted: 3
2026-02-18T23:53:37.2290029Z 2026-02-18 23:53:37,221 - azure.core.pipeline.policies.http_logging_policy - INFO - Request URL: 'https://westus2-2.in.applicationinsights.azure.com//v2.1/track'
2026-02-18T23:53:37.2290384Z Request method: 'POST'
2026-02-18T23:53:37.2290420Z Request headers:
2026-02-18T23:53:37.2290449Z     'Content-Type': 'application/json'
2026-02-18T23:53:37.2290478Z     'Content-Length': '3720'
2026-02-18T23:53:37.2290501Z     'Accept': 'application/json'
2026-02-18T23:53:37.2290526Z     'x-ms-client-request-id': '0ada0f0a-0d25-11f1-9ac0-d2a6f0f32f9f'
2026-02-18T23:53:37.2290620Z     'User-Agent': 'azsdk-python-azuremonitorclient/unknown Python/3.11.14 (Linux-6.6.119.3-1.azl3-x86_64-with-glibc2.31)'
2026-02-18T23:53:37.2290645Z A body is sent with the request
2026-02-18T23:53:37.3161298Z 2026-02-18 23:53:37,315 - azure.core.pipeline.policies.http_logging_policy - INFO - Response status: 200
2026-02-18T23:53:37.3162081Z Response headers:
2026-02-18T23:53:37.3162125Z     'Transfer-Encoding': 'chunked'
2026-02-18T23:53:37.3162156Z     'Content-Type': 'application/json; charset=utf-8'
2026-02-18T23:53:37.3162183Z     'Server': 'Microsoft-HTTPAPI/2.0'
2026-02-18T23:53:37.3162207Z     'Strict-Transport-Security': 'REDACTED'
2026-02-18T23:53:37.3162230Z     'X-Content-Type-Options': 'REDACTED'
2026-02-18T23:53:37.3162252Z     'Date': 'Wed, 18 Feb 2026 23:53:36 GMT'
2026-02-18T23:53:37.3190671Z 2026-02-18 23:53:37,318 - azure.monitor.opentelemetry.exporter.export._base - INFO - Transmission succeeded: Item received: 3. Items accepted: 3
2026-02-18T23:53:40.9740630Z 2026-02-18 23:53:40,972 - azure.core.pipeline.policies.http_logging_policy - INFO - Request URL: 'https://westus2-2.in.applicationinsights.azure.com//v2.1/track'
2026-02-18T23:53:40.9741088Z Request method: 'POST'
2026-02-18T23:53:40.9741119Z Request headers:
2026-02-18T23:53:40.9741146Z     'Content-Type': 'application/json'
2026-02-18T23:53:40.9741178Z     'Content-Length': '3720'
2026-02-18T23:53:40.9741202Z     'Accept': 'application/json'
2026-02-18T23:53:40.9741228Z     'x-ms-client-request-id': '0d1665e8-0d25-11f1-ac5a-d2a6f0f32f9f'
2026-02-18T23:53:40.9741258Z     'User-Agent': 'azsdk-python-azuremonitorclient/unknown Python/3.11.14 (Linux-6.6.119.3-1.azl3-x86_64-with-glibc2.31)'
2026-02-18T23:53:40.9741282Z A body is sent with the request
2026-02-18T23:53:41.1256604Z 2026-02-18 23:53:41,125 - azure.core.pipeline.policies.http_logging_policy - INFO - Response status: 200
2026-02-18T23:53:41.1256945Z Response headers:
2026-02-18T23:53:41.1256982Z     'Transfer-Encoding': 'chunked'
2026-02-18T23:53:41.1257008Z     'Content-Type': 'application/json; charset=utf-8'
2026-02-18T23:53:41.1257032Z     'Server': 'Microsoft-HTTPAPI/2.0'
2026-02-18T23:53:41.1257061Z     'Strict-Transport-Security': 'REDACTED'
2026-02-18T23:53:41.1257089Z     'X-Content-Type-Options': 'REDACTED'
2026-02-18T23:53:41.1257111Z     'Date': 'Wed, 18 Feb 2026 23:53:40 GMT'
2026-02-18T23:53:41.1272062Z 2026-02-18 23:53:41,126 - azure.monitor.opentelemetry.exporter.export._base - INFO - Transmission succeeded: Item received: 3. Items accepted: 3
2026-02-18T23:53:42.3238500Z 2026-02-18 23:53:42,322 - azure.core.pipeline.policies.http_logging_policy - INFO - Request URL: 'https://westus2-2.in.applicationinsights.azure.com//v2.1/track'
2026-02-18T23:53:42.3239213Z Request method: 'POST'
2026-02-18T23:53:42.3239252Z Request headers:
2026-02-18T23:53:42.3239276Z     'Content-Type': 'application/json'
2026-02-18T23:53:42.3239299Z     'Content-Length': '3720'
2026-02-18T23:53:42.3239320Z     'Accept': 'application/json'
2026-02-18T23:53:42.3239344Z     'x-ms-client-request-id': '0de462b8-0d25-11f1-9ac0-d2a6f0f32f9f'
2026-02-18T23:53:42.3239371Z     'User-Agent': 'azsdk-python-azuremonitorclient/unknown Python/3.11.14 (Linux-6.6.119.3-1.azl3-x86_64-with-glibc2.31)'
2026-02-18T23:53:42.3239394Z A body is sent with the request
2026-02-18T23:53:42.3986619Z 2026-02-18 23:53:42,398 - azure.core.pipeline.policies.http_logging_policy - INFO - Response status: 200
2026-02-18T23:53:42.3987134Z Response headers:
2026-02-18T23:53:42.3987256Z     'Transfer-Encoding': 'chunked'
2026-02-18T23:53:42.3987280Z     'Content-Type': 'application/json; charset=utf-8'
2026-02-18T23:53:42.3987303Z     'Server': 'Microsoft-HTTPAPI/2.0'
2026-02-18T23:53:42.3987325Z     'Strict-Transport-Security': 'REDACTED'
2026-02-18T23:53:42.3987346Z     'X-Content-Type-Options': 'REDACTED'
2026-02-18T23:53:42.3987367Z     'Date': 'Wed, 18 Feb 2026 23:53:41 GMT'
2026-02-18T23:53:42.4003681Z 2026-02-18 23:53:42,399 - azure.monitor.opentelemetry.exporter.export._base - INFO - Transmission succeeded: Item received: 3. Items accepted: 3
2026-02-18T23:53:46.1335071Z 2026-02-18 23:53:46,129 - azure.core.pipeline.policies.http_logging_policy - INFO - Request URL: 'https://westus2-2.in.applicationinsights.azure.com//v2.1/track'
2026-02-18T23:53:46.1336102Z Request method: 'POST'
2026-02-18T23:53:46.1336150Z Request headers:
2026-02-18T23:53:46.1336273Z     'Content-Type': 'application/json'
2026-02-18T23:53:46.1336297Z     'Content-Length': '3719'
2026-02-18T23:53:46.1336319Z     'Accept': 'application/json'
2026-02-18T23:53:46.1336344Z     'x-ms-client-request-id': '10296cf8-0d25-11f1-ac5a-d2a6f0f32f9f'
2026-02-18T23:53:46.1336371Z     'User-Agent': 'azsdk-python-azuremonitorclient/unknown Python/3.11.14 (Linux-6.6.119.3-1.azl3-x86_64-with-glibc2.31)'
2026-02-18T23:53:46.1336394Z A body is sent with the request
2026-02-18T23:53:46.2157116Z 2026-02-18 23:53:46,214 - azure.core.pipeline.policies.http_logging_policy - INFO - Response status: 200
2026-02-18T23:53:46.2157566Z Response headers:
2026-02-18T23:53:46.2157607Z     'Transfer-Encoding': 'chunked'
2026-02-18T23:53:46.2157631Z     'Content-Type': 'application/json; charset=utf-8'
2026-02-18T23:53:46.2157723Z     'Server': 'Microsoft-HTTPAPI/2.0'
2026-02-18T23:53:46.2157747Z     'Strict-Transport-Security': 'REDACTED'
2026-02-18T23:53:46.2157769Z     'X-Content-Type-Options': 'REDACTED'
2026-02-18T23:53:46.2157792Z     'Date': 'Wed, 18 Feb 2026 23:53:45 GMT'
2026-02-18T23:53:46.2157822Z 2026-02-18 23:53:46,215 - azure.monitor.opentelemetry.exporter.export._base - INFO - Transmission succeeded: Item received: 3. Items accepted: 3
2026-02-18T23:53:47.4167768Z 2026-02-18 23:53:47,410 - azure.core.pipeline.policies.http_logging_policy - INFO - Request URL: 'https://westus2-2.in.applicationinsights.azure.com//v2.1/track'
2026-02-18T23:53:47.4168111Z Request method: 'POST'
2026-02-18T23:53:47.4168148Z Request headers:
2026-02-18T23:53:47.4168172Z     'Content-Type': 'application/json'
2026-02-18T23:53:47.4168198Z     'Content-Length': '3720'
2026-02-18T23:53:47.4168227Z     'Accept': 'application/json'
2026-02-18T23:53:47.4168349Z     'x-ms-client-request-id': '10ecc7f2-0d25-11f1-9ac0-d2a6f0f32f9f'
2026-02-18T23:53:47.4168378Z     'User-Agent': 'azsdk-python-azuremonitorclient/unknown Python/3.11.14 (Linux-6.6.119.3-1.azl3-x86_64-with-glibc2.31)'
2026-02-18T23:53:47.4168401Z A body is sent with the request
2026-02-18T23:53:47.4772451Z 2026-02-18 23:53:47,476 - azure.core.pipeline.policies.http_logging_policy - INFO - Response status: 200
2026-02-18T23:53:47.4773199Z Response headers:
2026-02-18T23:53:47.4773239Z     'Transfer-Encoding': 'chunked'
2026-02-18T23:53:47.4773266Z     'Content-Type': 'application/json; charset=utf-8'
2026-02-18T23:53:47.4773289Z     'Server': 'Microsoft-HTTPAPI/2.0'
2026-02-18T23:53:47.4773316Z     'Strict-Transport-Security': 'REDACTED'
2026-02-18T23:53:47.4773343Z     'X-Content-Type-Options': 'REDACTED'
2026-02-18T23:53:47.4773439Z     'Date': 'Wed, 18 Feb 2026 23:53:47 GMT'
2026-02-18T23:53:47.4835190Z 2026-02-18 23:53:47,482 - azure.monitor.opentelemetry.exporter.export._base - INFO - Transmission succeeded: Item received: 3. Items accepted: 3
2026-02-18T23:53:51.2186512Z 2026-02-18 23:53:51,218 - azure.core.pipeline.policies.http_logging_policy - INFO - Request URL: 'https://westus2-2.in.applicationinsights.azure.com//v2.1/track'
2026-02-18T23:53:51.2233154Z Request method: 'POST'
2026-02-18T23:53:51.2244508Z Request headers:
2026-02-18T23:53:51.2244571Z     'Content-Type': 'application/json'
2026-02-18T23:53:51.2244600Z     'Content-Length': '3720'
2026-02-18T23:53:51.2244623Z     'Accept': 'application/json'
2026-02-18T23:53:51.2244656Z     'x-ms-client-request-id': '1331deb2-0d25-11f1-ac5a-d2a6f0f32f9f'
2026-02-18T23:53:51.2244684Z     'User-Agent': 'azsdk-python-azuremonitorclient/unknown Python/3.11.14 (Linux-6.6.119.3-1.azl3-x86_64-with-glibc2.31)'
2026-02-18T23:53:51.2245985Z A body is sent with the request
2026-02-18T23:53:51.3740659Z 2026-02-18 23:53:51,373 - azure.core.pipeline.policies.http_logging_policy - INFO - Response status: 200
2026-02-18T23:53:51.3741433Z Response headers:
2026-02-18T23:53:51.3741476Z     'Transfer-Encoding': 'chunked'
2026-02-18T23:53:51.3741509Z     'Content-Type': 'application/json; charset=utf-8'
2026-02-18T23:53:51.3741533Z     'Server': 'Microsoft-HTTPAPI/2.0'
2026-02-18T23:53:51.3741556Z     'Strict-Transport-Security': 'REDACTED'
2026-02-18T23:53:51.3741578Z     'X-Content-Type-Options': 'REDACTED'
2026-02-18T23:53:51.3741600Z     'Date': 'Wed, 18 Feb 2026 23:53:50 GMT'
2026-02-18T23:53:51.3753397Z 2026-02-18 23:53:51,375 - azure.monitor.opentelemetry.exporter.export._base - INFO - Transmission succeeded: Item received: 3. Items accepted: 3
2026-02-18T23:53:52.4860665Z 2026-02-18 23:53:52,485 - azure.core.pipeline.policies.http_logging_policy - INFO - Request URL: 'https://westus2-2.in.applicationinsights.azure.com//v2.1/track'
2026-02-18T23:53:52.4861354Z Request method: 'POST'
2026-02-18T23:53:52.4861393Z Request headers:
2026-02-18T23:53:52.4861426Z     'Content-Type': 'application/json'
2026-02-18T23:53:52.4861448Z     'Content-Length': '3719'
2026-02-18T23:53:52.4861472Z     'Accept': 'application/json'
2026-02-18T23:53:52.4861496Z     'x-ms-client-request-id': '13f331de-0d25-11f1-9ac0-d2a6f0f32f9f'
2026-02-18T23:53:52.4861526Z     'User-Agent': 'azsdk-python-azuremonitorclient/unknown Python/3.11.14 (Linux-6.6.119.3-1.azl3-x86_64-with-glibc2.31)'
2026-02-18T23:53:52.4861556Z A body is sent with the request
2026-02-18T23:53:52.6100843Z 2026-02-18 23:53:52,609 - azure.core.pipeline.policies.http_logging_policy - INFO - Response status: 200
2026-02-18T23:53:52.6101581Z Response headers:
2026-02-18T23:53:52.6101613Z     'Transfer-Encoding': 'chunked'
2026-02-18T23:53:52.6101637Z     'Content-Type': 'application/json; charset=utf-8'
2026-02-18T23:53:52.6101661Z     'Server': 'Microsoft-HTTPAPI/2.0'
2026-02-18T23:53:52.6101684Z     'Strict-Transport-Security': 'REDACTED'
2026-02-18T23:53:52.6101706Z     'X-Content-Type-Options': 'REDACTED'
2026-02-18T23:53:52.6101728Z     'Date': 'Wed, 18 Feb 2026 23:53:52 GMT'
2026-02-18T23:53:52.6101757Z 2026-02-18 23:53:52,609 - azure.monitor.opentelemetry.exporter.export._base - INFO - Transmission succeeded: Item received: 3. Items accepted: 3
2026-02-18T23:53:56.3859641Z 2026-02-18 23:53:56,385 - azure.core.pipeline.policies.http_logging_policy - INFO - Request URL: 'https://westus2-2.in.applicationinsights.azure.com//v2.1/track'
2026-02-18T23:53:56.3860305Z Request method: 'POST'
2026-02-18T23:53:56.3860338Z Request headers:
2026-02-18T23:53:56.3860362Z     'Content-Type': 'application/json'
2026-02-18T23:53:56.3860385Z     'Content-Length': '3720'
2026-02-18T23:53:56.3860406Z     'Accept': 'application/json'
2026-02-18T23:53:56.3860430Z     'x-ms-client-request-id': '16464f66-0d25-11f1-ac5a-d2a6f0f32f9f'
2026-02-18T23:53:56.3860457Z     'User-Agent': 'azsdk-python-azuremonitorclient/unknown Python/3.11.14 (Linux-6.6.119.3-1.azl3-x86_64-with-glibc2.31)'
2026-02-18T23:53:56.3860480Z A body is sent with the request
2026-02-18T23:53:56.4914364Z 2026-02-18 23:53:56,491 - azure.core.pipeline.policies.http_logging_policy - INFO - Response status: 200
2026-02-18T23:53:56.4915056Z Response headers:
2026-02-18T23:53:56.4915106Z     'Transfer-Encoding': 'chunked'
2026-02-18T23:53:56.4915195Z     'Content-Type': 'application/json; charset=utf-8'
2026-02-18T23:53:56.4915219Z     'Server': 'Microsoft-HTTPAPI/2.0'
2026-02-18T23:53:56.4915242Z     'Strict-Transport-Security': 'REDACTED'
2026-02-18T23:53:56.4915264Z     'X-Content-Type-Options': 'REDACTED'
2026-02-18T23:53:56.4915288Z     'Date': 'Wed, 18 Feb 2026 23:53:55 GMT'
2026-02-18T23:53:56.4981151Z 2026-02-18 23:53:56,496 - azure.monitor.opentelemetry.exporter.export._base - INFO - Transmission succeeded: Item received: 3. Items accepted: 3
2026-02-18T23:53:57.6152532Z 2026-02-18 23:53:57,614 - azure.core.pipeline.policies.http_logging_policy - INFO - Request URL: 'https://westus2-2.in.applicationinsights.azure.com//v2.1/track'
2026-02-18T23:53:57.6155477Z Request method: 'POST'
2026-02-18T23:53:57.6155547Z Request headers:
2026-02-18T23:53:57.6155574Z     'Content-Type': 'application/json'
2026-02-18T23:53:57.6155689Z     'Content-Length': '3720'
2026-02-18T23:53:57.6155712Z     'Accept': 'application/json'
2026-02-18T23:53:57.6155738Z     'x-ms-client-request-id': '1701e44c-0d25-11f1-9ac0-d2a6f0f32f9f'
2026-02-18T23:53:57.6155766Z     'User-Agent': 'azsdk-python-azuremonitorclient/unknown Python/3.11.14 (Linux-6.6.119.3-1.azl3-x86_64-with-glibc2.31)'
2026-02-18T23:53:57.6155788Z A body is sent with the request
2026-02-18T23:53:57.7021525Z 2026-02-18 23:53:57,701 - azure.core.pipeline.policies.http_logging_policy - INFO - Response status: 200
2026-02-18T23:53:57.7022859Z Response headers:
2026-02-18T23:53:57.7022909Z     'Transfer-Encoding': 'chunked'
2026-02-18T23:53:57.7022934Z     'Content-Type': 'application/json; charset=utf-8'
2026-02-18T23:53:57.7022962Z     'Server': 'Microsoft-HTTPAPI/2.0'
2026-02-18T23:53:57.7023069Z     'Strict-Transport-Security': 'REDACTED'
2026-02-18T23:53:57.7023095Z     'X-Content-Type-Options': 'REDACTED'
2026-02-18T23:53:57.7023116Z     'Date': 'Wed, 18 Feb 2026 23:53:57 GMT'
2026-02-18T23:53:57.7091105Z 2026-02-18 23:53:57,703 - azure.monitor.opentelemetry.exporter.export._base - INFO - Transmission succeeded: Item received: 3. Items accepted: 3
2026-02-18T23:54:01.5043032Z 2026-02-18 23:54:01,503 - azure.core.pipeline.policies.http_logging_policy - INFO - Request URL: 'https://westus2-2.in.applicationinsights.azure.com//v2.1/track'
2026-02-18T23:54:01.5043607Z Request method: 'POST'
2026-02-18T23:54:01.5043642Z Request headers:
2026-02-18T23:54:01.5043676Z     'Content-Type': 'application/json'
2026-02-18T23:54:01.5043708Z     'Content-Length': '3720'
2026-02-18T23:54:01.5043731Z     'Accept': 'application/json'
2026-02-18T23:54:01.5043846Z     'x-ms-client-request-id': '19534ba0-0d25-11f1-ac5a-d2a6f0f32f9f'
2026-02-18T23:54:01.5043878Z     'User-Agent': 'azsdk-python-azuremonitorclient/unknown Python/3.11.14 (Linux-6.6.119.3-1.azl3-x86_64-with-glibc2.31)'
2026-02-18T23:54:01.5043901Z A body is sent with the request
2026-02-18T23:54:01.6162607Z 2026-02-18 23:54:01,615 - azure.core.pipeline.policies.http_logging_policy - INFO - Response status: 200
2026-02-18T23:54:01.6163222Z Response headers:
2026-02-18T23:54:01.6163257Z     'Transfer-Encoding': 'chunked'
2026-02-18T23:54:01.6163284Z     'Content-Type': 'application/json; charset=utf-8'
2026-02-18T23:54:01.6163313Z     'Server': 'Microsoft-HTTPAPI/2.0'
2026-02-18T23:54:01.6163336Z     'Strict-Transport-Security': 'REDACTED'
2026-02-18T23:54:01.6163359Z     'X-Content-Type-Options': 'REDACTED'
2026-02-18T23:54:01.6163438Z     'Date': 'Wed, 18 Feb 2026 23:54:00 GMT'
2026-02-18T23:54:01.6319043Z 2026-02-18 23:54:01,631 - azure.monitor.opentelemetry.exporter.export._base - INFO - Transmission succeeded: Item received: 3. Items accepted: 3
2026-02-18T23:54:02.7705552Z 2026-02-18 23:54:02,753 - azure.core.pipeline.policies.http_logging_policy - INFO - Request URL: 'https://westus2-2.in.applicationinsights.azure.com//v2.1/track'
2026-02-18T23:54:02.7706021Z Request method: 'POST'
2026-02-18T23:54:02.7706058Z Request headers:
2026-02-18T23:54:02.7706084Z     'Content-Type': 'application/json'
2026-02-18T23:54:02.7706111Z     'Content-Length': '3720'
2026-02-18T23:54:02.7706139Z     'Accept': 'application/json'
2026-02-18T23:54:02.7706163Z     'x-ms-client-request-id': '1a0c5e1a-0d25-11f1-9ac0-d2a6f0f32f9f'
2026-02-18T23:54:02.7706190Z     'User-Agent': 'azsdk-python-azuremonitorclient/unknown Python/3.11.14 (Linux-6.6.119.3-1.azl3-x86_64-with-glibc2.31)'
2026-02-18T23:54:02.7706271Z A body is sent with the request
2026-02-18T23:54:02.8739988Z 2026-02-18 23:54:02,873 - azure.core.pipeline.policies.http_logging_policy - INFO - Response status: 200
2026-02-18T23:54:02.8740372Z Response headers:
2026-02-18T23:54:02.8740408Z     'Transfer-Encoding': 'chunked'
2026-02-18T23:54:02.8740433Z     'Content-Type': 'application/json; charset=utf-8'
2026-02-18T23:54:02.8740456Z     'Server': 'Microsoft-HTTPAPI/2.0'
2026-02-18T23:54:02.8740490Z     'Strict-Transport-Security': 'REDACTED'
2026-02-18T23:54:02.8740514Z     'X-Content-Type-Options': 'REDACTED'
2026-02-18T23:54:02.8740536Z     'Date': 'Wed, 18 Feb 2026 23:54:02 GMT'
2026-02-18T23:54:02.8765647Z 2026-02-18 23:54:02,875 - azure.monitor.opentelemetry.exporter.export._base - INFO - Transmission succeeded: Item received: 3. Items accepted: 3
2026-02-18T23:54:06.2730810Z 2026-02-18 23:54:06,267 - azure.core.pipeline.policies.http_logging_policy - INFO - Request URL: 'https://westus2-2.in.applicationinsights.azure.com//v2.1/track'
2026-02-18T23:54:06.2731285Z Request method: 'POST'
2026-02-18T23:54:06.2731319Z Request headers:
2026-02-18T23:54:06.2731343Z     'Content-Type': 'application/json'
2026-02-18T23:54:06.2731366Z     'Content-Length': '1087'
2026-02-18T23:54:06.2731394Z     'Accept': 'application/json'
2026-02-18T23:54:06.2731423Z     'x-ms-client-request-id': '1c2a3afa-0d25-11f1-8766-d2a6f0f32f9f'
2026-02-18T23:54:06.2731450Z     'User-Agent': 'azsdk-python-azuremonitorclient/unknown Python/3.11.14 (Linux-6.6.119.3-1.azl3-x86_64-with-glibc2.31)'
2026-02-18T23:54:06.2731473Z A body is sent with the request
2026-02-18T23:54:06.3706407Z 2026-02-18 23:54:06,365 - azure.core.pipeline.policies.http_logging_policy - INFO - Response status: 200
2026-02-18T23:54:06.3707061Z Response headers:
2026-02-18T23:54:06.3707095Z     'Transfer-Encoding': 'chunked'
2026-02-18T23:54:06.3707119Z     'Content-Type': 'application/json; charset=utf-8'
2026-02-18T23:54:06.3707143Z     'Server': 'Microsoft-HTTPAPI/2.0'
2026-02-18T23:54:06.3707166Z     'Strict-Transport-Security': 'REDACTED'
2026-02-18T23:54:06.3707189Z     'X-Content-Type-Options': 'REDACTED'
2026-02-18T23:54:06.3707212Z     'Date': 'Wed, 18 Feb 2026 23:54:06 GMT'
2026-02-18T23:54:06.3723628Z 2026-02-18 23:54:06,372 - azure.monitor.opentelemetry.exporter.export._base - INFO - Transmission succeeded: Item received: 1. Items accepted: 1
2026-02-18T23:54:06.6537550Z 2026-02-18 23:54:06,636 - azure.core.pipeline.policies.http_logging_policy - INFO - Request URL: 'https://westus2-2.in.applicationinsights.azure.com//v2.1/track'
2026-02-18T23:54:06.6539925Z Request method: 'POST'
2026-02-18T23:54:06.6540193Z Request headers:
2026-02-18T23:54:06.6540217Z     'Content-Type': 'application/json'
2026-02-18T23:54:06.6540239Z     'Content-Length': '7439'
2026-02-18T23:54:06.6540260Z     'Accept': 'application/json'
2026-02-18T23:54:06.6540284Z     'x-ms-client-request-id': '1c627e06-0d25-11f1-ac5a-d2a6f0f32f9f'
2026-02-18T23:54:06.6540311Z     'User-Agent': 'azsdk-python-azuremonitorclient/unknown Python/3.11.14 (Linux-6.6.119.3-1.azl3-x86_64-with-glibc2.31)'
2026-02-18T23:54:06.6540332Z A body is sent with the request
2026-02-18T23:54:06.7418684Z 2026-02-18 23:54:06,734 - azure.core.pipeline.policies.http_logging_policy - INFO - Response status: 200
2026-02-18T23:54:06.7419306Z Response headers:
2026-02-18T23:54:06.7419345Z     'Transfer-Encoding': 'chunked'
2026-02-18T23:54:06.7419376Z     'Content-Type': 'application/json; charset=utf-8'
2026-02-18T23:54:06.7419399Z     'Server': 'Microsoft-HTTPAPI/2.0'
2026-02-18T23:54:06.7419423Z     'Strict-Transport-Security': 'REDACTED'
2026-02-18T23:54:06.7419446Z     'X-Content-Type-Options': 'REDACTED'
2026-02-18T23:54:06.7419468Z     'Date': 'Wed, 18 Feb 2026 23:54:05 GMT'
2026-02-18T23:54:06.7419510Z 2026-02-18 23:54:06,735 - azure.monitor.opentelemetry.exporter.export._base - INFO - Transmission succeeded: Item received: 6. Items accepted: 6
2026-02-18T23:54:06.8747715Z 2026-02-18 23:54:06,874 - azure.core.pipeline.policies.http_logging_policy - INFO - Request URL: 'https://westus2-2.in.applicationinsights.azure.com//v2.1/track'
2026-02-18T23:54:06.8748519Z Request method: 'POST'
2026-02-18T23:54:06.8748557Z Request headers:
2026-02-18T23:54:06.8748580Z     'Content-Type': 'application/json'
2026-02-18T23:54:06.8748603Z     'Content-Length': '1088'
2026-02-18T23:54:06.8748625Z     'Accept': 'application/json'
2026-02-18T23:54:06.8748649Z     'x-ms-client-request-id': '1c86cd2e-0d25-11f1-8f99-d2a6f0f32f9f'
2026-02-18T23:54:06.8748677Z     'User-Agent': 'azsdk-python-azuremonitorclient/unknown Python/3.11.14 (Linux-6.6.119.3-1.azl3-x86_64-with-glibc2.31)'
2026-02-18T23:54:06.8748699Z A body is sent with the request
2026-02-18T23:54:06.8882102Z 2026-02-18 23:54:06,888 - azure.core.pipeline.policies.http_logging_policy - INFO - Response status: 200
2026-02-18T23:54:06.8882648Z Response headers:
2026-02-18T23:54:06.8882683Z     'Transfer-Encoding': 'chunked'
2026-02-18T23:54:06.8882754Z     'Content-Type': 'application/json; charset=utf-8'
2026-02-18T23:54:06.8882778Z     'Server': 'Microsoft-HTTPAPI/2.0'
2026-02-18T23:54:06.8882800Z     'Strict-Transport-Security': 'REDACTED'
2026-02-18T23:54:06.8882823Z     'X-Content-Type-Options': 'REDACTED'
2026-02-18T23:54:06.8882844Z     'Date': 'Wed, 18 Feb 2026 23:54:06 GMT'
2026-02-18T23:54:06.8968101Z 2026-02-18 23:54:06,896 - azure.monitor.opentelemetry.exporter.export._base - INFO - Transmission succeeded: Item received: 1. Items accepted: 1
2026-02-18T23:54:07.8900359Z 2026-02-18 23:54:07,888 - azure.core.pipeline.policies.http_logging_policy - INFO - Request URL: 'https://westus2-2.in.applicationinsights.azure.com//v2.1/track'
2026-02-18T23:54:07.8901030Z Request method: 'POST'
2026-02-18T23:54:07.8901073Z Request headers:
2026-02-18T23:54:07.8901099Z     'Content-Type': 'application/json'
2026-02-18T23:54:07.8901227Z     'Content-Length': '7440'
2026-02-18T23:54:07.8901251Z     'Accept': 'application/json'
2026-02-18T23:54:07.8901274Z     'x-ms-client-request-id': '1d2197be-0d25-11f1-9ac0-d2a6f0f32f9f'
2026-02-18T23:54:07.8901303Z     'User-Agent': 'azsdk-python-azuremonitorclient/unknown Python/3.11.14 (Linux-6.6.119.3-1.azl3-x86_64-with-glibc2.31)'
2026-02-18T23:54:07.8901325Z A body is sent with the request
2026-02-18T23:54:08.0254779Z 2026-02-18 23:54:08,024 - azure.core.pipeline.policies.http_logging_policy - INFO - Response status: 200
2026-02-18T23:54:08.0255316Z Response headers:
2026-02-18T23:54:08.0255350Z     'Transfer-Encoding': 'chunked'
2026-02-18T23:54:08.0255381Z     'Content-Type': 'application/json; charset=utf-8'
2026-02-18T23:54:08.0255409Z     'Server': 'Microsoft-HTTPAPI/2.0'
2026-02-18T23:54:08.0255522Z     'Strict-Transport-Security': 'REDACTED'
2026-02-18T23:54:08.0255547Z     'X-Content-Type-Options': 'REDACTED'
2026-02-18T23:54:08.0255569Z     'Date': 'Wed, 18 Feb 2026 23:54:07 GMT'
2026-02-18T23:54:08.0255597Z 2026-02-18 23:54:08,025 - azure.monitor.opentelemetry.exporter.export._base - INFO - Transmission succeeded: Item received: 6. Items accepted: 6
2026-02-18T23:54:11.7659941Z 2026-02-18 23:54:11,757 - azure.core.pipeline.policies.http_logging_policy - INFO - Request URL: 'https://westus2-2.in.applicationinsights.azure.com//v2.1/track'
2026-02-18T23:54:11.7660505Z Request method: 'POST'
2026-02-18T23:54:11.7660538Z Request headers:
2026-02-18T23:54:11.7660562Z     'Content-Type': 'application/json'
2026-02-18T23:54:11.7660592Z     'Content-Length': '3720'
2026-02-18T23:54:11.7660616Z     'Accept': 'application/json'
2026-02-18T23:54:11.7660729Z     'x-ms-client-request-id': '1f6fd0e4-0d25-11f1-ac5a-d2a6f0f32f9f'
2026-02-18T23:54:11.7660759Z     'User-Agent': 'azsdk-python-azuremonitorclient/unknown Python/3.11.14 (Linux-6.6.119.3-1.azl3-x86_64-with-glibc2.31)'
2026-02-18T23:54:11.7660782Z A body is sent with the request
2026-02-18T23:54:11.9704889Z 2026-02-18 23:54:11,969 - azure.core.pipeline.policies.http_logging_policy - INFO - Response status: 200
2026-02-18T23:54:11.9705598Z Response headers:
2026-02-18T23:54:11.9705636Z     'Transfer-Encoding': 'chunked'
2026-02-18T23:54:11.9705668Z     'Content-Type': 'application/json; charset=utf-8'
2026-02-18T23:54:11.9705690Z     'Server': 'Microsoft-HTTPAPI/2.0'
2026-02-18T23:54:11.9705712Z     'Strict-Transport-Security': 'REDACTED'
2026-02-18T23:54:11.9705734Z     'X-Content-Type-Options': 'REDACTED'
2026-02-18T23:54:11.9705756Z     'Date': 'Wed, 18 Feb 2026 23:54:11 GMT'
2026-02-18T23:54:11.9705875Z 2026-02-18 23:54:11,969 - azure.monitor.opentelemetry.exporter.export._base - INFO - Transmission succeeded: Item received: 3. Items accepted: 3
2026-02-18T23:54:13.0292979Z 2026-02-18 23:54:13,027 - azure.core.pipeline.policies.http_logging_policy - INFO - Request URL: 'https://westus2-2.in.applicationinsights.azure.com//v2.1/track'
2026-02-18T23:54:13.0293506Z Request method: 'POST'
2026-02-18T23:54:13.0293541Z Request headers:
2026-02-18T23:54:13.0293568Z     'Content-Type': 'application/json'
2026-02-18T23:54:13.0293598Z     'Content-Length': '3720'
2026-02-18T23:54:13.0293620Z     'Accept': 'application/json'
2026-02-18T23:54:13.0293644Z     'x-ms-client-request-id': '2031a9bc-0d25-11f1-9ac0-d2a6f0f32f9f'
2026-02-18T23:54:13.0330285Z     'User-Agent': 'azsdk-python-azuremonitorclient/unknown Python/3.11.14 (Linux-6.6.119.3-1.azl3-x86_64-with-glibc2.31)'
2026-02-18T23:54:13.0330459Z A body is sent with the request
2026-02-18T23:54:13.2766162Z 2026-02-18 23:54:13,276 - azure.core.pipeline.policies.http_logging_policy - INFO - Response status: 200
2026-02-18T23:54:13.2766985Z Response headers:
2026-02-18T23:54:13.2767028Z     'Transfer-Encoding': 'chunked'
2026-02-18T23:54:13.2767054Z     'Content-Type': 'application/json; charset=utf-8'
2026-02-18T23:54:13.2767077Z     'Server': 'Microsoft-HTTPAPI/2.0'
2026-02-18T23:54:13.2767101Z     'Strict-Transport-Security': 'REDACTED'
2026-02-18T23:54:13.2767124Z     'X-Content-Type-Options': 'REDACTED'
2026-02-18T23:54:13.2767157Z     'Date': 'Wed, 18 Feb 2026 23:54:13 GMT'
2026-02-18T23:54:13.2786744Z 2026-02-18 23:54:13,278 - azure.monitor.opentelemetry.exporter.export._base - INFO - Transmission succeeded: Item received: 3. Items accepted: 3
2026-02-18T23:54:16.9745942Z 2026-02-18 23:54:16,972 - azure.core.pipeline.policies.http_logging_policy - INFO - Request URL: 'https://westus2-2.in.applicationinsights.azure.com//v2.1/track'
2026-02-18T23:54:16.9746418Z Request method: 'POST'
2026-02-18T23:54:16.9746446Z Request headers:
2026-02-18T23:54:16.9746470Z     'Content-Type': 'application/json'
2026-02-18T23:54:16.9746493Z     'Content-Length': '3720'
2026-02-18T23:54:16.9746517Z     'Accept': 'application/json'
2026-02-18T23:54:16.9746541Z     'x-ms-client-request-id': '228b91fa-0d25-11f1-ac5a-d2a6f0f32f9f'
2026-02-18T23:54:16.9746569Z     'User-Agent': 'azsdk-python-azuremonitorclient/unknown Python/3.11.14 (Linux-6.6.119.3-1.azl3-x86_64-with-glibc2.31)'
2026-02-18T23:54:16.9746592Z A body is sent with the request
2026-02-18T23:54:17.0832834Z 2026-02-18 23:54:17,082 - azure.core.pipeline.policies.http_logging_policy - INFO - Response status: 200
2026-02-18T23:54:17.0833600Z Response headers:
2026-02-18T23:54:17.0833725Z     'Transfer-Encoding': 'chunked'
2026-02-18T23:54:17.0833751Z     'Content-Type': 'application/json; charset=utf-8'
2026-02-18T23:54:17.0833773Z     'Server': 'Microsoft-HTTPAPI/2.0'
2026-02-18T23:54:17.0833796Z     'Strict-Transport-Security': 'REDACTED'
2026-02-18T23:54:17.0833819Z     'X-Content-Type-Options': 'REDACTED'
2026-02-18T23:54:17.0833841Z     'Date': 'Wed, 18 Feb 2026 23:54:16 GMT'
2026-02-18T23:54:17.0881012Z 2026-02-18 23:54:17,087 - azure.monitor.opentelemetry.exporter.export._base - INFO - Transmission succeeded: Item received: 3. Items accepted: 3
2026-02-18T23:54:18.3000876Z 2026-02-18 23:54:18,292 - azure.core.pipeline.policies.http_logging_policy - INFO - Request URL: 'https://westus2-2.in.applicationinsights.azure.com//v2.1/track'
2026-02-18T23:54:18.3001306Z Request method: 'POST'
2026-02-18T23:54:18.3001407Z Request headers:
2026-02-18T23:54:18.3001432Z     'Content-Type': 'application/json'
2026-02-18T23:54:18.3001453Z     'Content-Length': '3720'
2026-02-18T23:54:18.3001476Z     'Accept': 'application/json'
2026-02-18T23:54:18.3001652Z     'x-ms-client-request-id': '23551548-0d25-11f1-9ac0-d2a6f0f32f9f'
2026-02-18T23:54:18.3001690Z     'User-Agent': 'azsdk-python-azuremonitorclient/unknown Python/3.11.14 (Linux-6.6.119.3-1.azl3-x86_64-with-glibc2.31)'
2026-02-18T23:54:18.3001713Z A body is sent with the request
2026-02-18T23:54:18.4269754Z 2026-02-18 23:54:18,426 - azure.core.pipeline.policies.http_logging_policy - INFO - Response status: 200
2026-02-18T23:54:18.4270459Z Response headers:
2026-02-18T23:54:18.4270503Z     'Transfer-Encoding': 'chunked'
2026-02-18T23:54:18.4270531Z     'Content-Type': 'application/json; charset=utf-8'
2026-02-18T23:54:18.4270618Z     'Server': 'Microsoft-HTTPAPI/2.0'
2026-02-18T23:54:18.4270642Z     'Strict-Transport-Security': 'REDACTED'
2026-02-18T23:54:18.4270664Z     'X-Content-Type-Options': 'REDACTED'
2026-02-18T23:54:18.4270686Z     'Date': 'Wed, 18 Feb 2026 23:54:18 GMT'
2026-02-18T23:54:18.4529369Z 2026-02-18 23:54:18,434 - azure.monitor.opentelemetry.exporter.export._base - INFO - Transmission succeeded: Item received: 3. Items accepted: 3
2026-02-18T23:54:22.0985454Z 2026-02-18 23:54:22,091 - azure.core.pipeline.policies.http_logging_policy - INFO - Request URL: 'https://westus2-2.in.applicationinsights.azure.com//v2.1/track'
2026-02-18T23:54:22.0985917Z Request method: 'POST'
2026-02-18T23:54:22.0985955Z Request headers:
2026-02-18T23:54:22.0985979Z     'Content-Type': 'application/json'
2026-02-18T23:54:22.0986006Z     'Content-Length': '3720'
2026-02-18T23:54:22.0986120Z     'Accept': 'application/json'
2026-02-18T23:54:22.0986145Z     'x-ms-client-request-id': '2598b03a-0d25-11f1-ac5a-d2a6f0f32f9f'
2026-02-18T23:54:22.0986172Z     'User-Agent': 'azsdk-python-azuremonitorclient/unknown Python/3.11.14 (Linux-6.6.119.3-1.azl3-x86_64-with-glibc2.31)'
2026-02-18T23:54:22.0986195Z A body is sent with the request
2026-02-18T23:54:22.2344702Z 2026-02-18 23:54:22,234 - azure.core.pipeline.policies.http_logging_policy - INFO - Response status: 200
2026-02-18T23:54:22.2346207Z Response headers:
2026-02-18T23:54:22.2346258Z     'Transfer-Encoding': 'chunked'
2026-02-18T23:54:22.2346291Z     'Content-Type': 'application/json; charset=utf-8'
2026-02-18T23:54:22.2346316Z     'Server': 'Microsoft-HTTPAPI/2.0'
2026-02-18T23:54:22.2346340Z     'Strict-Transport-Security': 'REDACTED'
2026-02-18T23:54:22.2346435Z     'X-Content-Type-Options': 'REDACTED'
2026-02-18T23:54:22.2346459Z     'Date': 'Wed, 18 Feb 2026 23:54:21 GMT'
2026-02-18T23:54:22.2458674Z 2026-02-18 23:54:22,243 - azure.monitor.opentelemetry.exporter.export._base - INFO - Transmission succeeded: Item received: 3. Items accepted: 3
2026-02-18T23:54:22.7252822Z 2026-02-18 23:54:22,722 - app.main - INFO - → POST /api/logs
2026-02-18T23:54:22.7328385Z 2026-02-18 23:54:22,732 - app.main - INFO - ← POST /api/logs 200
2026-02-18T23:54:22.7344661Z 169.254.130.1:43573 - "POST /api/logs HTTP/1.1" 200
2026-02-18T23:54:22.7527987Z 2026-02-18 23:54:22,751 - app.main - INFO - → GET /api/scan
2026-02-18T23:54:22.7528122Z 2026-02-18 23:54:22,752 - app.main - INFO - → GET /api/multi-leg-opportunities
2026-02-18T23:54:22.7528158Z 2026-02-18 23:54:22,752 - app.main - INFO - → POST /api/logs
2026-02-18T23:54:22.7609195Z 2026-02-18 23:54:22,753 - app.main - INFO - → GET /api/portfolio
2026-02-18T23:54:22.7609509Z 2026-02-18 23:54:22,754 - app.main - INFO - → POST /api/logs
2026-02-18T23:54:22.7824001Z 2026-02-18 23:54:22,782 - azure.identity._credentials.environment - INFO - Incomplete environment configuration for EnvironmentCredential. These variables are set: AZURE_CLIENT_ID
2026-02-18T23:54:22.7835977Z 2026-02-18 23:54:22,783 - azure.identity._credentials.managed_identity - INFO - ManagedIdentityCredential will use App Service managed identity
2026-02-18T23:54:22.8013385Z 2026-02-18 23:54:22,792 - azure.core.pipeline.policies.http_logging_policy - INFO - Request URL: 'http://169.254.130.4:8081/msi/token?api-version=REDACTED&resource=REDACTED&client_id=REDACTED'
2026-02-18T23:54:22.8013601Z Request method: 'GET'
2026-02-18T23:54:22.8013634Z Request headers:
2026-02-18T23:54:22.8013658Z     'X-IDENTITY-HEADER': 'REDACTED'
2026-02-18T23:54:22.8013733Z     'User-Agent': 'azsdk-python-identity/1.17.1 Python/3.11.14 (Linux-6.6.119.3-1.azl3-x86_64-with-glibc2.31)'
2026-02-18T23:54:22.8013759Z     'traceparent': '00-2a2edbe47b4ba94305691f17d5283ea9-f3f968864ed149ae-01'
2026-02-18T23:54:22.8013780Z No body was attached to the request
2026-02-18T23:54:22.8125840Z 2026-02-18 23:54:22,793 - azure.identity._credentials.environment - INFO - Incomplete environment configuration for EnvironmentCredential. These variables are set: AZURE_CLIENT_ID
2026-02-18T23:54:22.8262125Z 2026-02-18 23:54:22,817 - azure.identity._credentials.managed_identity - INFO - ManagedIdentityCredential will use App Service managed identity
2026-02-18T23:54:22.8262334Z 2026-02-18 23:54:22,819 - azure.core.pipeline.policies.http_logging_policy - INFO - Request URL: 'http://169.254.130.4:8081/msi/token?api-version=REDACTED&resource=REDACTED&client_id=REDACTED'
2026-02-18T23:54:22.8262365Z Request method: 'GET'
2026-02-18T23:54:22.8262387Z Request headers:
2026-02-18T23:54:22.8262411Z     'X-IDENTITY-HEADER': 'REDACTED'
2026-02-18T23:54:22.8262505Z     'User-Agent': 'azsdk-python-identity/1.17.1 Python/3.11.14 (Linux-6.6.119.3-1.azl3-x86_64-with-glibc2.31)'
2026-02-18T23:54:22.8262530Z     'traceparent': '00-825168e47c32202b459ecaaeaaf53229-be6cbd33ca66592f-01'
2026-02-18T23:54:22.8262555Z No body was attached to the request
2026-02-18T23:54:22.8634637Z 2026-02-18 23:54:22,820 - app.main - INFO - ← POST /api/logs 200
2026-02-18T23:54:22.8721222Z 169.254.130.1:63913 - "POST /api/logs HTTP/1.1" 200
2026-02-18T23:54:22.8738454Z 2026-02-18 23:54:22,873 - app.main - INFO - ← POST /api/logs 200
2026-02-18T23:54:22.8749508Z 169.254.130.1:63905 - "POST /api/logs HTTP/1.1" 200
2026-02-18T23:54:22.9162698Z 2026-02-18 23:54:22,882 - app.main - INFO - ← GET /api/multi-leg-opportunities 200
2026-02-18T23:54:22.9163162Z 169.254.130.1:63945 - "GET /api/multi-leg-opportunities HTTP/1.1" 200
2026-02-18T23:54:22.9628662Z 2026-02-18 23:54:22,955 - azure.core.pipeline.policies.http_logging_policy - INFO - Response status: 200
2026-02-18T23:54:22.9628973Z Response headers:
2026-02-18T23:54:22.9629003Z     'Content-Type': 'application/json; charset=utf-8'
2026-02-18T23:54:22.9629028Z     'Date': 'Wed, 18 Feb 2026 23:54:22 GMT'
2026-02-18T23:54:22.9629053Z     'Server': 'Kestrel'
2026-02-18T23:54:22.9629073Z     'Transfer-Encoding': 'chunked'
2026-02-18T23:54:22.9629093Z     'X-CORRELATION-ID': 'REDACTED'
2026-02-18T23:54:22.9629121Z 2026-02-18 23:54:22,956 - azure.identity._credentials.chained - INFO - DefaultAzureCredential acquired a token from ManagedIdentityCredential
2026-02-18T23:54:23.0204019Z 2026-02-18 23:54:23,019 - app.main - INFO - → POST /api/logs
2026-02-18T23:54:23.0387353Z 2026-02-18 23:54:23,038 - app.main - INFO - → POST /api/logs
2026-02-18T23:54:23.0675447Z 2026-02-18 23:54:23,056 - azure.core.pipeline.policies.http_logging_policy - INFO - Response status: 200
2026-02-18T23:54:23.0675739Z Response headers:
2026-02-18T23:54:23.0675778Z     'Content-Type': 'application/json; charset=utf-8'
2026-02-18T23:54:23.0675809Z     'Date': 'Wed, 18 Feb 2026 23:54:22 GMT'
2026-02-18T23:54:23.0675831Z     'Server': 'Kestrel'
2026-02-18T23:54:23.0675854Z     'Transfer-Encoding': 'chunked'
2026-02-18T23:54:23.0675876Z     'X-CORRELATION-ID': 'REDACTED'
2026-02-18T23:54:23.0675906Z 2026-02-18 23:54:23,059 - app.main - INFO - ← POST /api/logs 200
2026-02-18T23:54:23.0675932Z 169.254.130.1:63905 - "POST /api/logs HTTP/1.1" 200
2026-02-18T23:54:23.0676033Z 2026-02-18 23:54:23,065 - azure.identity._credentials.chained - INFO - DefaultAzureCredential acquired a token from ManagedIdentityCredential
2026-02-18T23:54:23.0848244Z 2026-02-18 23:54:23,075 - app.main - INFO - ← POST /api/logs 200
2026-02-18T23:54:23.0848437Z 169.254.130.1:63945 - "POST /api/logs HTTP/1.1" 200
2026-02-18T23:54:23.1391332Z 2026-02-18 23:54:23,138 - azure.identity._credentials.environment - INFO - Incomplete environment configuration for EnvironmentCredential. These variables are set: AZURE_CLIENT_ID
2026-02-18T23:54:23.1398178Z 2026-02-18 23:54:23,139 - azure.identity._credentials.managed_identity - INFO - ManagedIdentityCredential will use App Service managed identity
2026-02-18T23:54:23.1415776Z 2026-02-18 23:54:23,141 - azure.core.pipeline.policies.http_logging_policy - INFO - Request URL: 'http://169.254.130.4:8081/msi/token?api-version=REDACTED&resource=REDACTED&client_id=REDACTED'
2026-02-18T23:54:23.1415992Z Request method: 'GET'
2026-02-18T23:54:23.1416025Z Request headers:
2026-02-18T23:54:23.1416204Z     'X-IDENTITY-HEADER': 'REDACTED'
2026-02-18T23:54:23.1416240Z     'User-Agent': 'azsdk-python-identity/1.17.1 Python/3.11.14 (Linux-6.6.119.3-1.azl3-x86_64-with-glibc2.31)'
2026-02-18T23:54:23.1416264Z     'traceparent': '00-c982e9b2dc80137f87242c9b8869d574-864c52685cd2afa6-01'
2026-02-18T23:54:23.1416285Z No body was attached to the request
2026-02-18T23:54:23.2387137Z 2026-02-18 23:54:23,231 - azure.core.pipeline.policies.http_logging_policy - INFO - Response status: 200
2026-02-18T23:54:23.2389254Z Response headers:
2026-02-18T23:54:23.2389344Z     'Content-Type': 'application/json; charset=utf-8'
2026-02-18T23:54:23.2389373Z     'Date': 'Wed, 18 Feb 2026 23:54:22 GMT'
2026-02-18T23:54:23.2389398Z     'Server': 'Kestrel'
2026-02-18T23:54:23.2389424Z     'Transfer-Encoding': 'chunked'
2026-02-18T23:54:23.2389445Z     'X-CORRELATION-ID': 'REDACTED'
2026-02-18T23:54:23.2522936Z 2026-02-18 23:54:23,243 - azure.identity._credentials.chained - INFO - DefaultAzureCredential acquired a token from ManagedIdentityCredential
2026-02-18T23:54:23.2523134Z 2026-02-18 23:54:23,246 - app.main - INFO - ← GET /api/scan 200
2026-02-18T23:54:23.2561438Z 169.254.130.1:63929 - "GET /api/scan HTTP/1.1" 200
2026-02-18T23:54:23.2905333Z 2026-02-18 23:54:23,290 - app.main - INFO - → POST /api/logs
2026-02-18T23:54:23.2997675Z 2026-02-18 23:54:23,299 - app.main - INFO - → POST /api/logs
2026-02-18T23:54:23.3169256Z 2026-02-18 23:54:23,316 - app.main - INFO - ← POST /api/logs 200
2026-02-18T23:54:23.3180671Z 169.254.130.1:63929 - "POST /api/logs HTTP/1.1" 200
2026-02-18T23:54:23.3278479Z 2026-02-18 23:54:23,325 - app.main - INFO - ← POST /api/logs 200
2026-02-18T23:54:23.3278723Z 169.254.130.1:63945 - "POST /api/logs HTTP/1.1" 200
2026-02-18T23:54:23.3567487Z 2026-02-18 23:54:23,356 - app.main - INFO - ← GET /api/portfolio 200
2026-02-18T23:54:23.3575094Z 169.254.130.1:63935 - "GET /api/portfolio HTTP/1.1" 200
2026-02-18T23:54:23.3825471Z 2026-02-18 23:54:23,381 - app.main - INFO - → GET /api/portfolio
2026-02-18T23:54:23.3867436Z 2026-02-18 23:54:23,386 - azure.identity._credentials.environment - INFO - Incomplete environment configuration for EnvironmentCredential. These variables are set: AZURE_CLIENT_ID
2026-02-18T23:54:23.3878611Z 2026-02-18 23:54:23,387 - azure.identity._credentials.managed_identity - INFO - ManagedIdentityCredential will use App Service managed identity
2026-02-18T23:54:23.3955437Z 2026-02-18 23:54:23,392 - azure.core.pipeline.policies.http_logging_policy - INFO - Request URL: 'http://169.254.130.4:8081/msi/token?api-version=REDACTED&resource=REDACTED&client_id=REDACTED'
2026-02-18T23:54:23.3955611Z Request method: 'GET'
2026-02-18T23:54:23.3955641Z Request headers:
2026-02-18T23:54:23.3955666Z     'X-IDENTITY-HEADER': 'REDACTED'
2026-02-18T23:54:23.3955693Z     'User-Agent': 'azsdk-python-identity/1.17.1 Python/3.11.14 (Linux-6.6.119.3-1.azl3-x86_64-with-glibc2.31)'
2026-02-18T23:54:23.3955720Z     'traceparent': '00-5c29b10e08c1c89de5d6edb85099fb8f-3703ca22d62011d1-01'
2026-02-18T23:54:23.3955742Z No body was attached to the request
2026-02-18T23:54:23.5324068Z 2026-02-18 23:54:23,497 - azure.core.pipeline.policies.http_logging_policy - INFO - Response status: 200
2026-02-18T23:54:23.5324386Z Response headers:
2026-02-18T23:54:23.5324423Z     'Content-Type': 'application/json; charset=utf-8'
2026-02-18T23:54:23.5324449Z     'Date': 'Wed, 18 Feb 2026 23:54:23 GMT'
2026-02-18T23:54:23.5324531Z     'Server': 'Kestrel'
2026-02-18T23:54:23.5324554Z     'Transfer-Encoding': 'chunked'
2026-02-18T23:54:23.5324580Z     'X-CORRELATION-ID': 'REDACTED'
2026-02-18T23:54:23.5619305Z 2026-02-18 23:54:23,532 - azure.identity._credentials.chained - INFO - DefaultAzureCredential acquired a token from ManagedIdentityCredential
2026-02-18T23:54:23.5738664Z 2026-02-18 23:54:23,571 - azure.core.pipeline.policies.http_logging_policy - INFO - Request URL: 'https://westus2-2.in.applicationinsights.azure.com//v2.1/track'
2026-02-18T23:54:23.5738825Z Request method: 'POST'
2026-02-18T23:54:23.5738862Z Request headers:
2026-02-18T23:54:23.5738890Z     'Content-Type': 'application/json'
2026-02-18T23:54:23.5738912Z     'Content-Length': '41891'
2026-02-18T23:54:23.5738932Z     'Accept': 'application/json'
2026-02-18T23:54:23.5738992Z     'x-ms-client-request-id': '2677e9c6-0d25-11f1-9ac0-d2a6f0f32f9f'
2026-02-18T23:54:23.5739020Z     'User-Agent': 'azsdk-python-azuremonitorclient/unknown Python/3.11.14 (Linux-6.6.119.3-1.azl3-x86_64-with-glibc2.31)'
2026-02-18T23:54:23.5739042Z A body is sent with the request
2026-02-18T23:54:23.6598283Z 2026-02-18 23:54:23,649 - azure.core.pipeline.policies.http_logging_policy - INFO - Response status: 200
2026-02-18T23:54:23.6598631Z Response headers:
2026-02-18T23:54:23.6598667Z     'Transfer-Encoding': 'chunked'
2026-02-18T23:54:23.6598695Z     'Content-Type': 'application/json; charset=utf-8'
2026-02-18T23:54:23.6598724Z     'Server': 'Microsoft-HTTPAPI/2.0'
2026-02-18T23:54:23.6598748Z     'Strict-Transport-Security': 'REDACTED'
2026-02-18T23:54:23.6598770Z     'X-Content-Type-Options': 'REDACTED'
2026-02-18T23:54:23.6598792Z     'Date': 'Wed, 18 Feb 2026 23:54:23 GMT'
2026-02-18T23:54:23.6598861Z 2026-02-18 23:54:23,657 - azure.monitor.opentelemetry.exporter.export._base - INFO - Transmission succeeded: Item received: 40. Items accepted: 40
2026-02-18T23:54:23.7136758Z 2026-02-18 23:54:23,711 - azure.identity._credentials.environment - INFO - Incomplete environment configuration for EnvironmentCredential. These variables are set: AZURE_CLIENT_ID
2026-02-18T23:54:23.7137047Z 2026-02-18 23:54:23,711 - azure.identity._credentials.managed_identity - INFO - ManagedIdentityCredential will use App Service managed identity
2026-02-18T23:54:23.7137088Z 2026-02-18 23:54:23,712 - azure.core.pipeline.policies.http_logging_policy - INFO - Request URL: 'http://169.254.130.4:8081/msi/token?api-version=REDACTED&resource=REDACTED&client_id=REDACTED'
2026-02-18T23:54:23.7137119Z Request method: 'GET'
2026-02-18T23:54:23.7137140Z Request headers:
2026-02-18T23:54:23.7137162Z     'X-IDENTITY-HEADER': 'REDACTED'
2026-02-18T23:54:23.7137190Z     'User-Agent': 'azsdk-python-identity/1.17.1 Python/3.11.14 (Linux-6.6.119.3-1.azl3-x86_64-with-glibc2.31)'
2026-02-18T23:54:23.7137215Z     'traceparent': '00-df05e9da5d2f02841ee125959ebdbff4-4a255afd767bcc74-01'
2026-02-18T23:54:23.7137283Z No body was attached to the request
2026-02-18T23:54:23.7891692Z 2026-02-18 23:54:23,788 - azure.core.pipeline.policies.http_logging_policy - INFO - Response status: 200
2026-02-18T23:54:23.7892692Z Response headers:
2026-02-18T23:54:23.7892733Z     'Content-Type': 'application/json; charset=utf-8'
2026-02-18T23:54:23.7892770Z     'Date': 'Wed, 18 Feb 2026 23:54:23 GMT'
2026-02-18T23:54:23.7892795Z     'Server': 'Kestrel'
2026-02-18T23:54:23.7892817Z     'Transfer-Encoding': 'chunked'
2026-02-18T23:54:23.7892838Z     'X-CORRELATION-ID': 'REDACTED'
2026-02-18T23:54:23.7983093Z 2026-02-18 23:54:23,796 - azure.identity._credentials.chained - INFO - DefaultAzureCredential acquired a token from ManagedIdentityCredential
2026-02-18T23:54:23.8790830Z 2026-02-18 23:54:23,878 - app.main - INFO - ← GET /api/portfolio 200
2026-02-18T23:54:23.8857412Z 169.254.130.1:63935 - "GET /api/portfolio HTTP/1.1" 200
2026-02-18T23:54:23.9205268Z 2026-02-18 23:54:23,920 - app.main - INFO - → POST /api/logs
2026-02-18T23:54:23.9298703Z 2026-02-18 23:54:23,929 - app.main - INFO - ← POST /api/logs 200
2026-02-18T23:54:23.9311183Z 169.254.130.1:63935 - "POST /api/logs HTTP/1.1" 200
2026-02-18T23:54:23.9417510Z 2026-02-18 23:54:23,940 - app.main - INFO - → POST /api/logs
2026-02-18T23:54:23.9513748Z 2026-02-18 23:54:23,951 - app.main - INFO - ← POST /api/logs 200
2026-02-18T23:54:23.9581973Z 169.254.130.1:63929 - "POST /api/logs HTTP/1.1" 200
2026-02-18T23:54:25.7251136Z 2026-02-18 23:54:25,723 - azure.core.pipeline.policies.http_logging_policy - INFO - Request URL: 'https://westus2-2.in.applicationinsights.azure.com//v2.1/track'
2026-02-18T23:54:25.7252721Z Request method: 'POST'
2026-02-18T23:54:25.7252771Z Request headers:
2026-02-18T23:54:25.7252795Z     'Content-Type': 'application/json'
2026-02-18T23:54:25.7252817Z     'Content-Length': '13682'
2026-02-18T23:54:25.7252837Z     'Accept': 'application/json'
2026-02-18T23:54:25.7252865Z     'x-ms-client-request-id': '27c2df0c-0d25-11f1-9bbd-d2a6f0f32f9f'
2026-02-18T23:54:25.7252892Z     'User-Agent': 'azsdk-python-azuremonitorclient/unknown Python/3.11.14 (Linux-6.6.119.3-1.azl3-x86_64-with-glibc2.31)'
2026-02-18T23:54:25.7252914Z A body is sent with the request
2026-02-18T23:54:25.8114688Z 2026-02-18 23:54:25,811 - azure.core.pipeline.policies.http_logging_policy - INFO - Response status: 200
2026-02-18T23:54:25.8115481Z Response headers:
2026-02-18T23:54:25.8115522Z     'Transfer-Encoding': 'chunked'
2026-02-18T23:54:25.8115545Z     'Content-Type': 'application/json; charset=utf-8'
2026-02-18T23:54:25.8115568Z     'Server': 'Microsoft-HTTPAPI/2.0'
2026-02-18T23:54:25.8115590Z     'Strict-Transport-Security': 'REDACTED'
2026-02-18T23:54:25.8115612Z     'X-Content-Type-Options': 'REDACTED'
2026-02-18T23:54:25.8115634Z     'Date': 'Wed, 18 Feb 2026 23:54:24 GMT'
2026-02-18T23:54:25.8192390Z 2026-02-18 23:54:25,819 - azure.monitor.opentelemetry.exporter.export._base - INFO - Transmission succeeded: Item received: 11. Items accepted: 11
2026-02-18T23:54:27.2501140Z 2026-02-18 23:54:27,247 - azure.core.pipeline.policies.http_logging_policy - INFO - Request URL: 'https://westus2-2.in.applicationinsights.azure.com//v2.1/track'
2026-02-18T23:54:27.2501687Z Request method: 'POST'
2026-02-18T23:54:27.2501793Z Request headers:
2026-02-18T23:54:27.2501817Z     'Content-Type': 'application/json'
2026-02-18T23:54:27.2501839Z     'Content-Length': '5561'
2026-02-18T23:54:27.2501862Z     'Accept': 'application/json'
2026-02-18T23:54:27.2501887Z     'x-ms-client-request-id': '28ab74c4-0d25-11f1-ac5a-d2a6f0f32f9f'
2026-02-18T23:54:27.2501916Z     'User-Agent': 'azsdk-python-azuremonitorclient/unknown Python/3.11.14 (Linux-6.6.119.3-1.azl3-x86_64-with-glibc2.31)'
2026-02-18T23:54:27.2501938Z A body is sent with the request
2026-02-18T23:54:27.3451683Z 2026-02-18 23:54:27,344 - azure.core.pipeline.policies.http_logging_policy - INFO - Response status: 200
2026-02-18T23:54:27.3452161Z Response headers:
2026-02-18T23:54:27.3452199Z     'Transfer-Encoding': 'chunked'
2026-02-18T23:54:27.3452308Z     'Content-Type': 'application/json; charset=utf-8'
2026-02-18T23:54:27.3452332Z     'Server': 'Microsoft-HTTPAPI/2.0'
2026-02-18T23:54:27.3452356Z     'Strict-Transport-Security': 'REDACTED'
2026-02-18T23:54:27.3452382Z     'X-Content-Type-Options': 'REDACTED'
2026-02-18T23:54:27.3452406Z     'Date': 'Wed, 18 Feb 2026 23:54:26 GMT'
2026-02-18T23:54:27.3465712Z 2026-02-18 23:54:27,346 - azure.monitor.opentelemetry.exporter.export._base - INFO - Transmission succeeded: Item received: 5. Items accepted: 5
2026-02-18T23:54:28.6753004Z 2026-02-18 23:54:28,674 - azure.core.pipeline.policies.http_logging_policy - INFO - Request URL: 'https://westus2-2.in.applicationinsights.azure.com//v2.1/track'
2026-02-18T23:54:28.6753424Z Request method: 'POST'
2026-02-18T23:54:28.6753460Z Request headers:
2026-02-18T23:54:28.6753484Z     'Content-Type': 'application/json'
2026-02-18T23:54:28.6753598Z     'Content-Length': '20006'
2026-02-18T23:54:28.6753622Z     'Accept': 'application/json'
2026-02-18T23:54:28.6753646Z     'x-ms-client-request-id': '29853024-0d25-11f1-9ac0-d2a6f0f32f9f'
2026-02-18T23:54:28.6753673Z     'User-Agent': 'azsdk-python-azuremonitorclient/unknown Python/3.11.14 (Linux-6.6.119.3-1.azl3-x86_64-with-glibc2.31)'
2026-02-18T23:54:28.6753695Z A body is sent with the request
2026-02-18T23:54:28.8032779Z 2026-02-18 23:54:28,802 - azure.core.pipeline.policies.http_logging_policy - INFO - Response status: 200
2026-02-18T23:54:28.8033537Z Response headers:
2026-02-18T23:54:28.8033579Z     'Transfer-Encoding': 'chunked'
2026-02-18T23:54:28.8033604Z     'Content-Type': 'application/json; charset=utf-8'
2026-02-18T23:54:28.8033629Z     'Server': 'Microsoft-HTTPAPI/2.0'
2026-02-18T23:54:28.8033658Z     'Strict-Transport-Security': 'REDACTED'
2026-02-18T23:54:28.8033770Z     'X-Content-Type-Options': 'REDACTED'
2026-02-18T23:54:28.8033793Z     'Date': 'Wed, 18 Feb 2026 23:54:28 GMT'
2026-02-18T23:54:28.8045211Z 2026-02-18 23:54:28,804 - azure.monitor.opentelemetry.exporter.export._base - INFO - Transmission succeeded: Item received: 18. Items accepted: 18
2026-02-18T23:54:32.3542834Z 2026-02-18 23:54:32,349 - azure.core.pipeline.policies.http_logging_policy - INFO - Request URL: 'https://westus2-2.in.applicationinsights.azure.com//v2.1/track'
2026-02-18T23:54:32.3543431Z Request method: 'POST'
2026-02-18T23:54:32.3543468Z Request headers:
2026-02-18T23:54:32.3543491Z     'Content-Type': 'application/json'
2026-02-18T23:54:32.3543513Z     'Content-Length': '3720'
2026-02-18T23:54:32.3543546Z     'Accept': 'application/json'
2026-02-18T23:54:32.3543658Z     'x-ms-client-request-id': '2bb5efc8-0d25-11f1-ac5a-d2a6f0f32f9f'
2026-02-18T23:54:32.3543686Z     'User-Agent': 'azsdk-python-azuremonitorclient/unknown Python/3.11.14 (Linux-6.6.119.3-1.azl3-x86_64-with-glibc2.31)'
2026-02-18T23:54:32.3543708Z A body is sent with the request
2026-02-18T23:54:32.4238309Z 2026-02-18 23:54:32,423 - azure.core.pipeline.policies.http_logging_policy - INFO - Response status: 200
2026-02-18T23:54:32.4238891Z Response headers:
2026-02-18T23:54:32.4238929Z     'Transfer-Encoding': 'chunked'
2026-02-18T23:54:32.4238953Z     'Content-Type': 'application/json; charset=utf-8'
2026-02-18T23:54:32.4238977Z     'Server': 'Microsoft-HTTPAPI/2.0'
2026-02-18T23:54:32.4239000Z     'Strict-Transport-Security': 'REDACTED'
2026-02-18T23:54:32.4239025Z     'X-Content-Type-Options': 'REDACTED'
2026-02-18T23:54:32.4239053Z     'Date': 'Wed, 18 Feb 2026 23:54:32 GMT'
2026-02-18T23:54:32.4256406Z 2026-02-18 23:54:32,425 - azure.monitor.opentelemetry.exporter.export._base - INFO - Transmission succeeded: Item received: 3. Items accepted: 3
2026-02-18T23:54:33.8083326Z 2026-02-18 23:54:33,808 - azure.core.pipeline.policies.http_logging_policy - INFO - Request URL: 'https://westus2-2.in.applicationinsights.azure.com//v2.1/track'
2026-02-18T23:54:33.8084025Z Request method: 'POST'
2026-02-18T23:54:33.8084069Z Request headers:
2026-02-18T23:54:33.8084098Z     'Content-Type': 'application/json'
2026-02-18T23:54:33.8084120Z     'Content-Length': '3723'
2026-02-18T23:54:33.8084142Z     'Accept': 'application/json'
2026-02-18T23:54:33.8084166Z     'x-ms-client-request-id': '2c948670-0d25-11f1-9ac0-d2a6f0f32f9f'
2026-02-18T23:54:33.8084200Z     'User-Agent': 'azsdk-python-azuremonitorclient/unknown Python/3.11.14 (Linux-6.6.119.3-1.azl3-x86_64-with-glibc2.31)'
2026-02-18T23:54:33.8084227Z A body is sent with the request
2026-02-18T23:54:33.9719636Z 2026-02-18 23:54:33,970 - azure.core.pipeline.policies.http_logging_policy - INFO - Response status: 200
2026-02-18T23:54:33.9720200Z Response headers:
2026-02-18T23:54:33.9720237Z     'Transfer-Encoding': 'chunked'
2026-02-18T23:54:33.9720265Z     'Content-Type': 'application/json; charset=utf-8'
2026-02-18T23:54:33.9720288Z     'Server': 'Microsoft-HTTPAPI/2.0'
2026-02-18T23:54:33.9720310Z     'Strict-Transport-Security': 'REDACTED'
2026-02-18T23:54:33.9720337Z     'X-Content-Type-Options': 'REDACTED'
2026-02-18T23:54:33.9720363Z     'Date': 'Wed, 18 Feb 2026 23:54:33 GMT'
2026-02-18T23:54:33.9720400Z 2026-02-18 23:54:33,971 - azure.monitor.opentelemetry.exporter.export._base - INFO - Transmission succeeded: Item received: 3. Items accepted: 3
2026-02-18T23:54:37.4305409Z 2026-02-18 23:54:37,429 - azure.core.pipeline.policies.http_logging_policy - INFO - Request URL: 'https://westus2-2.in.applicationinsights.azure.com//v2.1/track'
2026-02-18T23:54:37.4305725Z Request method: 'POST'
2026-02-18T23:54:37.4305752Z Request headers:
2026-02-18T23:54:37.4305774Z     'Content-Type': 'application/json'
2026-02-18T23:54:37.4305796Z     'Content-Length': '3720'
2026-02-18T23:54:37.4305818Z     'Accept': 'application/json'
2026-02-18T23:54:37.4305842Z     'x-ms-client-request-id': '2ebd1df4-0d25-11f1-ac5a-d2a6f0f32f9f'
2026-02-18T23:54:37.4305869Z     'User-Agent': 'azsdk-python-azuremonitorclient/unknown Python/3.11.14 (Linux-6.6.119.3-1.azl3-x86_64-with-glibc2.31)'
2026-02-18T23:54:37.4305890Z A body is sent with the request
2026-02-18T23:54:37.6247791Z 2026-02-18 23:54:37,620 - azure.core.pipeline.policies.http_logging_policy - INFO - Response status: 200
2026-02-18T23:54:37.6248541Z Response headers:
2026-02-18T23:54:37.6248607Z     'Transfer-Encoding': 'chunked'
2026-02-18T23:54:37.6248677Z     'Content-Type': 'application/json; charset=utf-8'
2026-02-18T23:54:37.6248703Z     'Server': 'Microsoft-HTTPAPI/2.0'
2026-02-18T23:54:37.6248728Z     'Strict-Transport-Security': 'REDACTED'
2026-02-18T23:54:37.6248752Z     'X-Content-Type-Options': 'REDACTED'
2026-02-18T23:54:37.6248775Z     'Date': 'Wed, 18 Feb 2026 23:54:37 GMT'
2026-02-18T23:54:37.6248805Z 2026-02-18 23:54:37,621 - azure.monitor.opentelemetry.exporter.export._base - INFO - Transmission succeeded: Item received: 3. Items accepted: 3
2026-02-18T23:54:38.9784541Z 2026-02-18 23:54:38,974 - azure.core.pipeline.policies.http_logging_policy - INFO - Request URL: 'https://westus2-2.in.applicationinsights.azure.com//v2.1/track'
2026-02-18T23:54:38.9785090Z Request method: 'POST'
2026-02-18T23:54:38.9785126Z Request headers:
2026-02-18T23:54:38.9785150Z     'Content-Type': 'application/json'
2026-02-18T23:54:38.9785174Z     'Content-Length': '3720'
2026-02-18T23:54:38.9785270Z     'Accept': 'application/json'
2026-02-18T23:54:38.9785295Z     'x-ms-client-request-id': '2fa8ccb8-0d25-11f1-9ac0-d2a6f0f32f9f'
2026-02-18T23:54:38.9785324Z     'User-Agent': 'azsdk-python-azuremonitorclient/unknown Python/3.11.14 (Linux-6.6.119.3-1.azl3-x86_64-with-glibc2.31)'
2026-02-18T23:54:38.9785348Z A body is sent with the request
2026-02-18T23:54:39.0943462Z 2026-02-18 23:54:39,093 - azure.core.pipeline.policies.http_logging_policy - INFO - Response status: 200
2026-02-18T23:54:39.0943944Z Response headers:
2026-02-18T23:54:39.0943986Z     'Transfer-Encoding': 'chunked'
2026-02-18T23:54:39.0944018Z     'Content-Type': 'application/json; charset=utf-8'
2026-02-18T23:54:39.0944043Z     'Server': 'Microsoft-HTTPAPI/2.0'
2026-02-18T23:54:39.0944067Z     'Strict-Transport-Security': 'REDACTED'
2026-02-18T23:54:39.0944174Z     'X-Content-Type-Options': 'REDACTED'
2026-02-18T23:54:39.0944198Z     'Date': 'Wed, 18 Feb 2026 23:54:38 GMT'
2026-02-18T23:54:39.0983541Z 2026-02-18 23:54:39,098 - azure.monitor.opentelemetry.exporter.export._base - INFO - Transmission succeeded: Item received: 3. Items accepted: 3
2026-02-18T23:54:42.6477490Z 2026-02-18 23:54:42,640 - azure.core.pipeline.policies.http_logging_policy - INFO - Request URL: 'https://westus2-2.in.applicationinsights.azure.com//v2.1/track'
2026-02-18T23:54:42.6477985Z Request method: 'POST'
2026-02-18T23:54:42.6478022Z Request headers:
2026-02-18T23:54:42.6478047Z     'Content-Type': 'application/json'
2026-02-18T23:54:42.6478070Z     'Content-Length': '3720'
2026-02-18T23:54:42.6478095Z     'Accept': 'application/json'
2026-02-18T23:54:42.6478125Z     'x-ms-client-request-id': '31d85008-0d25-11f1-ac5a-d2a6f0f32f9f'
2026-02-18T23:54:42.6485812Z     'User-Agent': 'azsdk-python-azuremonitorclient/unknown Python/3.11.14 (Linux-6.6.119.3-1.azl3-x86_64-with-glibc2.31)'
2026-02-18T23:54:42.6485878Z A body is sent with the request
2026-02-18T23:54:42.7030465Z 2026-02-18 23:54:42,701 - azure.core.pipeline.policies.http_logging_policy - INFO - Response status: 200
2026-02-18T23:54:42.7030772Z Response headers:
2026-02-18T23:54:42.7030808Z     'Transfer-Encoding': 'chunked'
2026-02-18T23:54:42.7030837Z     'Content-Type': 'application/json; charset=utf-8'
2026-02-18T23:54:42.7030868Z     'Server': 'Microsoft-HTTPAPI/2.0'
2026-02-18T23:54:42.7030892Z     'Strict-Transport-Security': 'REDACTED'
2026-02-18T23:54:42.7030915Z     'X-Content-Type-Options': 'REDACTED'
2026-02-18T23:54:42.7030938Z     'Date': 'Wed, 18 Feb 2026 23:54:42 GMT'
2026-02-18T23:54:42.7058946Z 2026-02-18 23:54:42,702 - azure.monitor.opentelemetry.exporter.export._base - INFO - Transmission succeeded: Item received: 3. Items accepted: 3
2026-02-18T23:54:44.1459867Z 2026-02-18 23:54:44,127 - azure.core.pipeline.policies.http_logging_policy - INFO - Request URL: 'https://westus2-2.in.applicationinsights.azure.com//v2.1/track'
2026-02-18T23:54:44.1460624Z Request method: 'POST'
2026-02-18T23:54:44.1460684Z Request headers:
2026-02-18T23:54:44.1460711Z     'Content-Type': 'application/json'
2026-02-18T23:54:44.1460739Z     'Content-Length': '3720'
2026-02-18T23:54:44.1460766Z     'Accept': 'application/json'
2026-02-18T23:54:44.1460791Z     'x-ms-client-request-id': '32bb331e-0d25-11f1-9ac0-d2a6f0f32f9f'
2026-02-18T23:54:44.1460819Z     'User-Agent': 'azsdk-python-azuremonitorclient/unknown Python/3.11.14 (Linux-6.6.119.3-1.azl3-x86_64-with-glibc2.31)'
2026-02-18T23:54:44.1460844Z A body is sent with the request
2026-02-18T23:54:44.4203959Z 2026-02-18 23:54:44,269 - azure.core.pipeline.policies.http_logging_policy - INFO - Response status: 200
2026-02-18T23:54:44.4678246Z Response headers:
2026-02-18T23:54:44.4678445Z     'Transfer-Encoding': 'chunked'
2026-02-18T23:54:44.4678475Z     'Content-Type': 'application/json; charset=utf-8'
2026-02-18T23:54:44.4678497Z     'Server': 'Microsoft-HTTPAPI/2.0'
2026-02-18T23:54:44.4678522Z     'Strict-Transport-Security': 'REDACTED'
2026-02-18T23:54:44.4678545Z     'X-Content-Type-Options': 'REDACTED'
2026-02-18T23:54:44.4678568Z     'Date': 'Wed, 18 Feb 2026 23:54:43 GMT'
2026-02-18T23:54:44.4678600Z 2026-02-18 23:54:44,283 - azure.monitor.opentelemetry.exporter.export._base - INFO - Transmission succeeded: Item received: 3. Items accepted: 3
2026-02-18T23:54:47.7140257Z 2026-02-18 23:54:47,707 - azure.core.pipeline.policies.http_logging_policy - INFO - Request URL: 'https://westus2-2.in.applicationinsights.azure.com//v2.1/track'
2026-02-18T23:54:47.7290513Z Request method: 'POST'
2026-02-18T23:54:47.7290611Z Request headers:
2026-02-18T23:54:47.7290640Z     'Content-Type': 'application/json'
2026-02-18T23:54:47.7290665Z     'Content-Length': '3720'
2026-02-18T23:54:47.7290687Z     'Accept': 'application/json'
2026-02-18T23:54:47.7290712Z     'x-ms-client-request-id': '34dd6c16-0d25-11f1-ac5a-d2a6f0f32f9f'
2026-02-18T23:54:47.7290741Z     'User-Agent': 'azsdk-python-azuremonitorclient/unknown Python/3.11.14 (Linux-6.6.119.3-1.azl3-x86_64-with-glibc2.31)'
2026-02-18T23:54:47.7290765Z A body is sent with the request
2026-02-18T23:54:47.8131981Z 2026-02-18 23:54:47,806 - azure.core.pipeline.policies.http_logging_policy - INFO - Response status: 200
2026-02-18T23:54:47.8132693Z Response headers:
2026-02-18T23:54:47.8132794Z     'Transfer-Encoding': 'chunked'
2026-02-18T23:54:47.8132824Z     'Content-Type': 'application/json; charset=utf-8'
2026-02-18T23:54:47.8132847Z     'Server': 'Microsoft-HTTPAPI/2.0'
2026-02-18T23:54:47.8132871Z     'Strict-Transport-Security': 'REDACTED'
2026-02-18T23:54:47.8132895Z     'X-Content-Type-Options': 'REDACTED'
2026-02-18T23:54:47.8132917Z     'Date': 'Wed, 18 Feb 2026 23:54:47 GMT'
2026-02-18T23:54:47.8201582Z 2026-02-18 23:54:47,811 - azure.monitor.opentelemetry.exporter.export._base - INFO - Transmission succeeded: Item received: 3. Items accepted: 3
2026-02-18T23:54:49.2940112Z 2026-02-18 23:54:49,287 - azure.core.pipeline.policies.http_logging_policy - INFO - Request URL: 'https://westus2-2.in.applicationinsights.azure.com//v2.1/track'
2026-02-18T23:54:49.2940386Z Request method: 'POST'
2026-02-18T23:54:49.2940458Z Request headers:
2026-02-18T23:54:49.2940485Z     'Content-Type': 'application/json'
2026-02-18T23:54:49.2940508Z     'Content-Length': '3720'
2026-02-18T23:54:49.2940531Z     'Accept': 'application/json'
2026-02-18T23:54:49.2940555Z     'x-ms-client-request-id': '35ce80ec-0d25-11f1-9ac0-d2a6f0f32f9f'
2026-02-18T23:54:49.2940584Z     'User-Agent': 'azsdk-python-azuremonitorclient/unknown Python/3.11.14 (Linux-6.6.119.3-1.azl3-x86_64-with-glibc2.31)'
2026-02-18T23:54:49.2940606Z A body is sent with the request
2026-02-18T23:54:49.3767370Z 2026-02-18 23:54:49,368 - azure.core.pipeline.policies.http_logging_policy - INFO - Response status: 200
2026-02-18T23:54:49.3767667Z Response headers:
2026-02-18T23:54:49.3767702Z     'Transfer-Encoding': 'chunked'
2026-02-18T23:54:49.3767727Z     'Content-Type': 'application/json; charset=utf-8'
2026-02-18T23:54:49.3767793Z     'Server': 'Microsoft-HTTPAPI/2.0'
2026-02-18T23:54:49.3767817Z     'Strict-Transport-Security': 'REDACTED'
2026-02-18T23:54:49.3767840Z     'X-Content-Type-Options': 'REDACTED'
2026-02-18T23:54:49.3767862Z     'Date': 'Wed, 18 Feb 2026 23:54:49 GMT'
2026-02-18T23:54:49.3767890Z 2026-02-18 23:54:49,368 - azure.monitor.opentelemetry.exporter.export._base - INFO - Transmission succeeded: Item received: 3. Items accepted: 3
2026-02-18T23:54:52.8370519Z 2026-02-18 23:54:52,836 - azure.core.pipeline.policies.http_logging_policy - INFO - Request URL: 'https://westus2-2.in.applicationinsights.azure.com//v2.1/track'
2026-02-18T23:54:52.8606184Z Request method: 'POST'
2026-02-18T23:54:52.8606290Z Request headers:
2026-02-18T23:54:52.8606318Z     'Content-Type': 'application/json'
2026-02-18T23:54:52.8606342Z     'Content-Length': '3720'
2026-02-18T23:54:52.8607175Z     'Accept': 'application/json'
2026-02-18T23:54:52.8607248Z     'x-ms-client-request-id': '37e9a7d0-0d25-11f1-ac5a-d2a6f0f32f9f'
2026-02-18T23:54:52.8607276Z     'User-Agent': 'azsdk-python-azuremonitorclient/unknown Python/3.11.14 (Linux-6.6.119.3-1.azl3-x86_64-with-glibc2.31)'
2026-02-18T23:54:52.8607298Z A body is sent with the request
2026-02-18T23:54:52.9252371Z 2026-02-18 23:54:52,924 - azure.core.pipeline.policies.http_logging_policy - INFO - Response status: 200
2026-02-18T23:54:52.9253030Z Response headers:
2026-02-18T23:54:52.9253071Z     'Transfer-Encoding': 'chunked'
2026-02-18T23:54:52.9253101Z     'Content-Type': 'application/json; charset=utf-8'
2026-02-18T23:54:52.9253128Z     'Server': 'Microsoft-HTTPAPI/2.0'
2026-02-18T23:54:52.9253151Z     'Strict-Transport-Security': 'REDACTED'
2026-02-18T23:54:52.9253173Z     'X-Content-Type-Options': 'REDACTED'
2026-02-18T23:54:52.9253279Z     'Date': 'Wed, 18 Feb 2026 23:54:52 GMT'
2026-02-18T23:54:52.9317348Z 2026-02-18 23:54:52,930 - azure.monitor.opentelemetry.exporter.export._base - INFO - Transmission succeeded: Item received: 3. Items accepted: 3
2026-02-18T23:54:54.3804633Z 2026-02-18 23:54:54,372 - azure.core.pipeline.policies.http_logging_policy - INFO - Request URL: 'https://westus2-2.in.applicationinsights.azure.com//v2.1/track'
2026-02-18T23:54:54.3805194Z Request method: 'POST'
2026-02-18T23:54:54.3805229Z Request headers:
2026-02-18T23:54:54.3805259Z     'Content-Type': 'application/json'
2026-02-18T23:54:54.3805286Z     'Content-Length': '3719'
2026-02-18T23:54:54.3805308Z     'Accept': 'application/json'
2026-02-18T23:54:54.3805333Z     'x-ms-client-request-id': '38d67d26-0d25-11f1-9ac0-d2a6f0f32f9f'
2026-02-18T23:54:54.3805451Z     'User-Agent': 'azsdk-python-azuremonitorclient/unknown Python/3.11.14 (Linux-6.6.119.3-1.azl3-x86_64-with-glibc2.31)'
2026-02-18T23:54:54.3805476Z A body is sent with the request
2026-02-18T23:54:54.5764269Z 2026-02-18 23:54:54,575 - azure.core.pipeline.policies.http_logging_policy - INFO - Response status: 200
2026-02-18T23:54:54.5769788Z Response headers:
2026-02-18T23:54:54.5769841Z     'Transfer-Encoding': 'chunked'
2026-02-18T23:54:54.5769871Z     'Content-Type': 'application/json; charset=utf-8'
2026-02-18T23:54:54.5769898Z     'Server': 'Microsoft-HTTPAPI/2.0'
2026-02-18T23:54:54.5769924Z     'Strict-Transport-Security': 'REDACTED'
2026-02-18T23:54:54.5769947Z     'X-Content-Type-Options': 'REDACTED'
2026-02-18T23:54:54.5769970Z     'Date': 'Wed, 18 Feb 2026 23:54:54 GMT'
2026-02-18T23:54:54.5853384Z 2026-02-18 23:54:54,585 - azure.monitor.opentelemetry.exporter.export._base - INFO - Transmission succeeded: Item received: 3. Items accepted: 3
2026-02-18T23:54:57.9460228Z 2026-02-18 23:54:57,939 - azure.core.pipeline.policies.http_logging_policy - INFO - Request URL: 'https://westus2-2.in.applicationinsights.azure.com//v2.1/track'
2026-02-18T23:54:57.9461235Z Request method: 'POST'
2026-02-18T23:54:57.9461282Z Request headers:
2026-02-18T23:54:57.9461311Z     'Content-Type': 'application/json'
2026-02-18T23:54:57.9461340Z     'Content-Length': '3720'
2026-02-18T23:54:57.9461367Z     'Accept': 'application/json'
2026-02-18T23:54:57.9461392Z     'x-ms-client-request-id': '3af6a194-0d25-11f1-ac5a-d2a6f0f32f9f'
2026-02-18T23:54:57.9461421Z     'User-Agent': 'azsdk-python-azuremonitorclient/unknown Python/3.11.14 (Linux-6.6.119.3-1.azl3-x86_64-with-glibc2.31)'
2026-02-18T23:54:57.9461444Z A body is sent with the request
2026-02-18T23:54:58.0899558Z 2026-02-18 23:54:58,085 - azure.core.pipeline.policies.http_logging_policy - INFO - Response status: 200
2026-02-18T23:54:58.0900088Z Response headers:
2026-02-18T23:54:58.0900124Z     'Transfer-Encoding': 'chunked'
2026-02-18T23:54:58.0900148Z     'Content-Type': 'application/json; charset=utf-8'
2026-02-18T23:54:58.0900170Z     'Server': 'Microsoft-HTTPAPI/2.0'
2026-02-18T23:54:58.0900195Z     'Strict-Transport-Security': 'REDACTED'
2026-02-18T23:54:58.0900226Z     'X-Content-Type-Options': 'REDACTED'
2026-02-18T23:54:58.0900248Z     'Date': 'Wed, 18 Feb 2026 23:54:57 GMT'
2026-02-18T23:54:58.0900699Z 2026-02-18 23:54:58,089 - azure.monitor.opentelemetry.exporter.export._base - INFO - Transmission succeeded: Item received: 3. Items accepted: 3
2026-02-18T23:54:59.6128435Z 2026-02-18 23:54:59,612 - azure.core.pipeline.policies.http_logging_policy - INFO - Request URL: 'https://westus2-2.in.applicationinsights.azure.com//v2.1/track'
2026-02-18T23:54:59.6566445Z Request method: 'POST'
2026-02-18T23:54:59.6566687Z Request headers:
2026-02-18T23:54:59.6566723Z     'Content-Type': 'application/json'
2026-02-18T23:54:59.6566752Z     'Content-Length': '3719'
2026-02-18T23:54:59.6566781Z     'Accept': 'application/json'
2026-02-18T23:54:59.6566816Z     'x-ms-client-request-id': '3bf5e99c-0d25-11f1-9ac0-d2a6f0f32f9f'
2026-02-18T23:54:59.6566848Z     'User-Agent': 'azsdk-python-azuremonitorclient/unknown Python/3.11.14 (Linux-6.6.119.3-1.azl3-x86_64-with-glibc2.31)'
2026-02-18T23:54:59.6566872Z A body is sent with the request
2026-02-18T23:54:59.8514186Z 2026-02-18 23:54:59,850 - azure.core.pipeline.policies.http_logging_policy - INFO - Response status: 200
2026-02-18T23:54:59.8514699Z Response headers:
2026-02-18T23:54:59.8514977Z     'Transfer-Encoding': 'chunked'
2026-02-18T23:54:59.8515004Z     'Content-Type': 'application/json; charset=utf-8'
2026-02-18T23:54:59.8515027Z     'Server': 'Microsoft-HTTPAPI/2.0'
2026-02-18T23:54:59.8515049Z     'Strict-Transport-Security': 'REDACTED'
2026-02-18T23:54:59.8515073Z     'X-Content-Type-Options': 'REDACTED'
2026-02-18T23:54:59.8515094Z     'Date': 'Wed, 18 Feb 2026 23:54:59 GMT'
2026-02-18T23:54:59.8515122Z 2026-02-18 23:54:59,851 - azure.monitor.opentelemetry.exporter.export._base - INFO - Transmission succeeded: Item received: 3. Items accepted: 3
2026-02-18T23:55:03.1270244Z 2026-02-18 23:55:03,108 - azure.core.pipeline.policies.http_logging_policy - INFO - Request URL: 'https://westus2-2.in.applicationinsights.azure.com//v2.1/track'
2026-02-18T23:55:03.1270830Z Request method: 'POST'
2026-02-18T23:55:03.1270870Z Request headers:
2026-02-18T23:55:03.1270989Z     'Content-Type': 'application/json'
2026-02-18T23:55:03.1271014Z     'Content-Length': '3720'
2026-02-18T23:55:03.1271037Z     'Accept': 'application/json'
2026-02-18T23:55:03.1271061Z     'x-ms-client-request-id': '3e0b73f0-0d25-11f1-ac5a-d2a6f0f32f9f'
2026-02-18T23:55:03.1271088Z     'User-Agent': 'azsdk-python-azuremonitorclient/unknown Python/3.11.14 (Linux-6.6.119.3-1.azl3-x86_64-with-glibc2.31)'
2026-02-18T23:55:03.1271110Z A body is sent with the request
2026-02-18T23:55:03.2148018Z 2026-02-18 23:55:03,202 - azure.core.pipeline.policies.http_logging_policy - INFO - Response status: 200
2026-02-18T23:55:03.2148577Z Response headers:
2026-02-18T23:55:03.2148618Z     'Transfer-Encoding': 'chunked'
2026-02-18T23:55:03.2148646Z     'Content-Type': 'application/json; charset=utf-8'
2026-02-18T23:55:03.2148669Z     'Server': 'Microsoft-HTTPAPI/2.0'
2026-02-18T23:55:03.2148795Z     'Strict-Transport-Security': 'REDACTED'
2026-02-18T23:55:03.2148818Z     'X-Content-Type-Options': 'REDACTED'
2026-02-18T23:55:03.2148841Z     'Date': 'Wed, 18 Feb 2026 23:55:02 GMT'
2026-02-18T23:55:03.2148871Z 2026-02-18 23:55:03,208 - azure.monitor.opentelemetry.exporter.export._base - INFO - Transmission succeeded: Item received: 3. Items accepted: 3
2026-02-18T23:55:04.8761847Z 2026-02-18 23:55:04,867 - azure.core.pipeline.policies.http_logging_policy - INFO - Request URL: 'https://westus2-2.in.applicationinsights.azure.com//v2.1/track'
2026-02-18T23:55:04.8934783Z Request method: 'POST'
2026-02-18T23:55:04.8934858Z Request headers:
2026-02-18T23:55:04.8934898Z     'Content-Type': 'application/json'
2026-02-18T23:55:04.8934922Z     'Content-Length': '3719'
2026-02-18T23:55:04.8934944Z     'Accept': 'application/json'
2026-02-18T23:55:04.8935059Z     'x-ms-client-request-id': '3f17b93e-0d25-11f1-9ac0-d2a6f0f32f9f'
2026-02-18T23:55:04.8935088Z     'User-Agent': 'azsdk-python-azuremonitorclient/unknown Python/3.11.14 (Linux-6.6.119.3-1.azl3-x86_64-with-glibc2.31)'
2026-02-18T23:55:04.8935111Z A body is sent with the request
2026-02-18T23:55:04.9514145Z 2026-02-18 23:55:04,941 - azure.core.pipeline.policies.http_logging_policy - INFO - Response status: 200
2026-02-18T23:55:04.9514752Z Response headers:
2026-02-18T23:55:04.9514793Z     'Transfer-Encoding': 'chunked'
2026-02-18T23:55:04.9514823Z     'Content-Type': 'application/json; charset=utf-8'
2026-02-18T23:55:04.9514846Z     'Server': 'Microsoft-HTTPAPI/2.0'
2026-02-18T23:55:04.9514869Z     'Strict-Transport-Security': 'REDACTED'
2026-02-18T23:55:04.9514891Z     'X-Content-Type-Options': 'REDACTED'
2026-02-18T23:55:04.9514914Z     'Date': 'Wed, 18 Feb 2026 23:55:04 GMT'
2026-02-18T23:55:04.9542020Z 2026-02-18 23:55:04,953 - azure.monitor.opentelemetry.exporter.export._base - INFO - Transmission succeeded: Item received: 3. Items accepted: 3
2026-02-18T23:55:06.9629670Z 2026-02-18 23:55:06,942 - azure.core.pipeline.policies.http_logging_policy - INFO - Request URL: 'https://westus2-2.in.applicationinsights.azure.com//v2.1/track'
2026-02-18T23:55:06.9630231Z Request method: 'POST'
2026-02-18T23:55:06.9630264Z Request headers:
2026-02-18T23:55:06.9630286Z     'Content-Type': 'application/json'
2026-02-18T23:55:06.9630313Z     'Content-Length': '1087'
2026-02-18T23:55:06.9630340Z     'Accept': 'application/json'
2026-02-18T23:55:06.9630364Z     'x-ms-client-request-id': '40547670-0d25-11f1-8f99-d2a6f0f32f9f'
2026-02-18T23:55:06.9630396Z     'User-Agent': 'azsdk-python-azuremonitorclient/unknown Python/3.11.14 (Linux-6.6.119.3-1.azl3-x86_64-with-glibc2.31)'
2026-02-18T23:55:06.9630503Z A body is sent with the request
2026-02-18T23:55:07.0084309Z 2026-02-18 23:55:06,997 - azure.core.pipeline.policies.http_logging_policy - INFO - Response status: 200
2026-02-18T23:55:07.0084609Z Response headers:
2026-02-18T23:55:07.0084646Z     'Transfer-Encoding': 'chunked'
2026-02-18T23:55:07.0084678Z     'Content-Type': 'application/json; charset=utf-8'
2026-02-18T23:55:07.0084700Z     'Server': 'Microsoft-HTTPAPI/2.0'
2026-02-18T23:55:07.0084724Z     'Strict-Transport-Security': 'REDACTED'
2026-02-18T23:55:07.0084748Z     'X-Content-Type-Options': 'REDACTED'
2026-02-18T23:55:07.0084771Z     'Date': 'Wed, 18 Feb 2026 23:55:06 GMT'
2026-02-18T23:55:07.0084811Z 2026-02-18 23:55:06,998 - azure.monitor.opentelemetry.exporter.export._base - INFO - Transmission succeeded: Item received: 1. Items accepted: 1
2026-02-18T23:55:08.2190383Z 2026-02-18 23:55:08,218 - azure.core.pipeline.policies.http_logging_policy - INFO - Request URL: 'https://westus2-2.in.applicationinsights.azure.com//v2.1/track'
2026-02-18T23:55:08.2295822Z Request method: 'POST'
2026-02-18T23:55:08.2306608Z Request headers:
2026-02-18T23:55:08.2306672Z     'Content-Type': 'application/json'
2026-02-18T23:55:08.2306702Z     'Content-Length': '3719'
2026-02-18T23:55:08.2306726Z     'Accept': 'application/json'
2026-02-18T23:55:08.2306750Z     'x-ms-client-request-id': '411705c8-0d25-11f1-ac5a-d2a6f0f32f9f'
2026-02-18T23:55:08.2306778Z     'User-Agent': 'azsdk-python-azuremonitorclient/unknown Python/3.11.14 (Linux-6.6.119.3-1.azl3-x86_64-with-glibc2.31)'
2026-02-18T23:55:08.2306800Z A body is sent with the request
2026-02-18T23:55:08.3034937Z 2026-02-18 23:55:08,280 - azure.core.pipeline.policies.http_logging_policy - INFO - Response status: 200
2026-02-18T23:55:08.3035645Z Response headers:
2026-02-18T23:55:08.3035677Z     'Transfer-Encoding': 'chunked'
2026-02-18T23:55:08.3035702Z     'Content-Type': 'application/json; charset=utf-8'
2026-02-18T23:55:08.3035726Z     'Server': 'Microsoft-HTTPAPI/2.0'
2026-02-18T23:55:08.3035753Z     'Strict-Transport-Security': 'REDACTED'
2026-02-18T23:55:08.3035778Z     'X-Content-Type-Options': 'REDACTED'
2026-02-18T23:55:08.3035803Z     'Date': 'Wed, 18 Feb 2026 23:55:07 GMT'
2026-02-18T23:55:08.3035833Z 2026-02-18 23:55:08,285 - azure.monitor.opentelemetry.exporter.export._base - INFO - Transmission succeeded: Item received: 3. Items accepted: 3
2026-02-18T23:55:09.9680967Z 2026-02-18 23:55:09,961 - azure.core.pipeline.policies.http_logging_policy - INFO - Request URL: 'https://westus2-2.in.applicationinsights.azure.com//v2.1/track'
2026-02-18T23:55:09.9681453Z Request method: 'POST'
2026-02-18T23:55:09.9681486Z Request headers:
2026-02-18T23:55:09.9681598Z     'Content-Type': 'application/json'
2026-02-18T23:55:09.9681620Z     'Content-Length': '7439'
2026-02-18T23:55:09.9681643Z     'Accept': 'application/json'
2026-02-18T23:55:09.9681666Z     'x-ms-client-request-id': '422111a2-0d25-11f1-9ac0-d2a6f0f32f9f'
2026-02-18T23:55:09.9681693Z     'User-Agent': 'azsdk-python-azuremonitorclient/unknown Python/3.11.14 (Linux-6.6.119.3-1.azl3-x86_64-with-glibc2.31)'
2026-02-18T23:55:09.9681715Z A body is sent with the request
2026-02-18T23:55:10.1509119Z 2026-02-18 23:55:10,132 - azure.core.pipeline.policies.http_logging_policy - INFO - Response status: 200
2026-02-18T23:55:10.1509706Z Response headers:
2026-02-18T23:55:10.1509817Z     'Transfer-Encoding': 'chunked'
2026-02-18T23:55:10.1509849Z     'Content-Type': 'application/json; charset=utf-8'
2026-02-18T23:55:10.1509968Z     'Server': 'Microsoft-HTTPAPI/2.0'
2026-02-18T23:55:10.1509992Z     'Strict-Transport-Security': 'REDACTED'
2026-02-18T23:55:10.1510014Z     'X-Content-Type-Options': 'REDACTED'
2026-02-18T23:55:10.1510036Z     'Date': 'Wed, 18 Feb 2026 23:55:09 GMT'
2026-02-18T23:55:10.1510064Z 2026-02-18 23:55:10,133 - azure.monitor.opentelemetry.exporter.export._base - INFO - Transmission succeeded: Item received: 6. Items accepted: 6
2026-02-18T23:55:13.2907715Z 2026-02-18 23:55:13,290 - azure.core.pipeline.policies.http_logging_policy - INFO - Request URL: 'https://westus2-2.in.applicationinsights.azure.com//v2.1/track'
2026-02-18T23:55:13.3087869Z Request method: 'POST'
2026-02-18T23:55:13.3087937Z Request headers:
2026-02-18T23:55:13.3087970Z     'Content-Type': 'application/json'
2026-02-18T23:55:13.3087996Z     'Content-Length': '3720'
2026-02-18T23:55:13.3088018Z     'Accept': 'application/json'
2026-02-18T23:55:13.3088114Z     'x-ms-client-request-id': '441cf8a4-0d25-11f1-ac5a-d2a6f0f32f9f'
2026-02-18T23:55:13.3088141Z     'User-Agent': 'azsdk-python-azuremonitorclient/unknown Python/3.11.14 (Linux-6.6.119.3-1.azl3-x86_64-with-glibc2.31)'
2026-02-18T23:55:13.3088165Z A body is sent with the request
2026-02-18T23:55:13.5093723Z 2026-02-18 23:55:13,508 - azure.core.pipeline.policies.http_logging_policy - INFO - Response status: 200
2026-02-18T23:55:13.5145648Z Response headers:
2026-02-18T23:55:13.5145720Z     'Transfer-Encoding': 'chunked'
2026-02-18T23:55:13.5145749Z     'Content-Type': 'application/json; charset=utf-8'
2026-02-18T23:55:13.5145772Z     'Server': 'Microsoft-HTTPAPI/2.0'
2026-02-18T23:55:13.5145794Z     'Strict-Transport-Security': 'REDACTED'
2026-02-18T23:55:13.5145816Z     'X-Content-Type-Options': 'REDACTED'
2026-02-18T23:55:13.5145894Z     'Date': 'Wed, 18 Feb 2026 23:55:12 GMT'
2026-02-18T23:55:13.5145927Z 2026-02-18 23:55:13,508 - azure.monitor.opentelemetry.exporter.export._base - INFO - Transmission succeeded: Item received: 3. Items accepted: 3
2026-02-18T23:55:15.1446229Z 2026-02-18 23:55:15,141 - azure.core.pipeline.policies.http_logging_policy - INFO - Request URL: 'https://westus2-2.in.applicationinsights.azure.com//v2.1/track'
2026-02-18T23:55:15.1450075Z Request method: 'POST'
2026-02-18T23:55:15.1450138Z Request headers:
2026-02-18T23:55:15.1450165Z     'Content-Type': 'application/json'
2026-02-18T23:55:15.1450194Z     'Content-Length': '3720'
2026-02-18T23:55:15.1450216Z     'Accept': 'application/json'
2026-02-18T23:55:15.1450240Z     'x-ms-client-request-id': '4536eccc-0d25-11f1-9ac0-d2a6f0f32f9f'
2026-02-18T23:55:15.1450268Z     'User-Agent': 'azsdk-python-azuremonitorclient/unknown Python/3.11.14 (Linux-6.6.119.3-1.azl3-x86_64-with-glibc2.31)'
2026-02-18T23:55:15.1450380Z A body is sent with the request
2026-02-18T23:55:15.2707966Z 2026-02-18 23:55:15,263 - azure.core.pipeline.policies.http_logging_policy - INFO - Response status: 200
2026-02-18T23:55:15.2799174Z Response headers:
2026-02-18T23:55:15.2799260Z     'Transfer-Encoding': 'chunked'
2026-02-18T23:55:15.2799287Z     'Content-Type': 'application/json; charset=utf-8'
2026-02-18T23:55:15.2799310Z     'Server': 'Microsoft-HTTPAPI/2.0'
2026-02-18T23:55:15.2799339Z     'Strict-Transport-Security': 'REDACTED'
2026-02-18T23:55:15.2799368Z     'X-Content-Type-Options': 'REDACTED'
2026-02-18T23:55:15.2799391Z     'Date': 'Wed, 18 Feb 2026 23:55:14 GMT'
2026-02-18T23:55:15.2799723Z 2026-02-18 23:55:15,279 - azure.monitor.opentelemetry.exporter.export._base - INFO - Transmission succeeded: Item received: 3. Items accepted: 3
2026-02-18T23:55:18.5183009Z 2026-02-18 23:55:18,517 - azure.core.pipeline.policies.http_logging_policy - INFO - Request URL: 'https://westus2-2.in.applicationinsights.azure.com//v2.1/track'
2026-02-18T23:55:18.5186818Z Request method: 'POST'
2026-02-18T23:55:18.5186886Z Request headers:
2026-02-18T23:55:18.5186911Z     'Content-Type': 'application/json'
2026-02-18T23:55:18.5186934Z     'Content-Length': '3720'
2026-02-18T23:55:18.5186957Z     'Accept': 'application/json'
2026-02-18T23:55:18.5186992Z     'x-ms-client-request-id': '473aa91e-0d25-11f1-ac5a-d2a6f0f32f9f'
2026-02-18T23:55:18.5187020Z     'User-Agent': 'azsdk-python-azuremonitorclient/unknown Python/3.11.14 (Linux-6.6.119.3-1.azl3-x86_64-with-glibc2.31)'
2026-02-18T23:55:18.5187042Z A body is sent with the request
2026-02-18T23:55:18.6322942Z 2026-02-18 23:55:18,623 - azure.core.pipeline.policies.http_logging_policy - INFO - Response status: 200
2026-02-18T23:55:18.6323425Z Response headers:
2026-02-18T23:55:18.6323465Z     'Transfer-Encoding': 'chunked'
2026-02-18T23:55:18.6323494Z     'Content-Type': 'application/json; charset=utf-8'
2026-02-18T23:55:18.6323518Z     'Server': 'Microsoft-HTTPAPI/2.0'
2026-02-18T23:55:18.6323540Z     'Strict-Transport-Security': 'REDACTED'
2026-02-18T23:55:18.6323563Z     'X-Content-Type-Options': 'REDACTED'
2026-02-18T23:55:18.6323585Z     'Date': 'Wed, 18 Feb 2026 23:55:17 GMT'
2026-02-18T23:55:18.6399133Z 2026-02-18 23:55:18,631 - azure.monitor.opentelemetry.exporter.export._base - INFO - Transmission succeeded: Item received: 3. Items accepted: 3
2026-02-18T23:55:20.2904048Z 2026-02-18 23:55:20,284 - azure.core.pipeline.policies.http_logging_policy - INFO - Request URL: 'https://westus2-2.in.applicationinsights.azure.com//v2.1/track'
2026-02-18T23:55:20.2904599Z Request method: 'POST'
2026-02-18T23:55:20.2904635Z Request headers:
2026-02-18T23:55:20.2904667Z     'Content-Type': 'application/json'
2026-02-18T23:55:20.2904695Z     'Content-Length': '3720'
2026-02-18T23:55:20.2904717Z     'Accept': 'application/json'
2026-02-18T23:55:20.2904740Z     'x-ms-client-request-id': '484855e0-0d25-11f1-9ac0-d2a6f0f32f9f'
2026-02-18T23:55:20.2904767Z     'User-Agent': 'azsdk-python-azuremonitorclient/unknown Python/3.11.14 (Linux-6.6.119.3-1.azl3-x86_64-with-glibc2.31)'
2026-02-18T23:55:20.2904793Z A body is sent with the request
2026-02-18T23:55:20.3694299Z 2026-02-18 23:55:20,368 - azure.core.pipeline.policies.http_logging_policy - INFO - Response status: 200
2026-02-18T23:55:20.3695091Z Response headers:
2026-02-18T23:55:20.3695130Z     'Transfer-Encoding': 'chunked'
2026-02-18T23:55:20.3695154Z     'Content-Type': 'application/json; charset=utf-8'
2026-02-18T23:55:20.3695177Z     'Server': 'Microsoft-HTTPAPI/2.0'
2026-02-18T23:55:20.3695200Z     'Strict-Transport-Security': 'REDACTED'
2026-02-18T23:55:20.3695224Z     'X-Content-Type-Options': 'REDACTED'
2026-02-18T23:55:20.3695246Z     'Date': 'Wed, 18 Feb 2026 23:55:19 GMT'
2026-02-18T23:55:20.3695640Z 2026-02-18 23:55:20,369 - azure.monitor.opentelemetry.exporter.export._base - INFO - Transmission succeeded: Item received: 3. Items accepted: 3
2026-02-18T23:55:22.8076124Z 2026-02-18 23:55:22,807 - app.main - INFO - → OPTIONS /api/logs
2026-02-18T23:55:22.8080074Z 2026-02-18 23:55:22,807 - app.main - INFO - → GET /api/portfolio
2026-02-18T23:55:22.8155294Z 2026-02-18 23:55:22,812 - app.main - INFO - → OPTIONS /api/logs
2026-02-18T23:55:22.8235994Z 2026-02-18 23:55:22,819 - app.main - INFO - → OPTIONS /api/logs
2026-02-18T23:55:22.8331154Z 2026-02-18 23:55:22,832 - app.main - INFO - → GET /api/scan
2026-02-18T23:55:22.8431225Z 2026-02-18 23:55:22,842 - app.main - INFO - → GET /api/multi-leg-opportunities
2026-02-18T23:55:22.8559238Z 2026-02-18 23:55:22,851 - app.main - INFO - ← OPTIONS /api/logs 200
2026-02-18T23:55:22.8580355Z 169.254.130.1:23903 - "OPTIONS /api/logs HTTP/1.1" 200
2026-02-18T23:55:22.8647935Z 2026-02-18 23:55:22,864 - app.main - INFO - ← OPTIONS /api/logs 200
2026-02-18T23:55:22.8722447Z 169.254.130.1:23931 - "OPTIONS /api/logs HTTP/1.1" 200
2026-02-18T23:55:22.8796265Z 2026-02-18 23:55:22,878 - app.main - INFO - ← OPTIONS /api/logs 200
2026-02-18T23:55:22.8847960Z 169.254.130.1:23933 - "OPTIONS /api/logs HTTP/1.1" 200
2026-02-18T23:55:22.8988590Z 2026-02-18 23:55:22,898 - azure.identity._credentials.environment - INFO - Incomplete environment configuration for EnvironmentCredential. These variables are set: AZURE_CLIENT_ID
2026-02-18T23:55:22.9059412Z 2026-02-18 23:55:22,898 - azure.identity._credentials.managed_identity - INFO - ManagedIdentityCredential will use App Service managed identity
2026-02-18T23:55:22.9401886Z 2026-02-18 23:55:22,931 - app.main - INFO - → POST /api/logs
2026-02-18T23:55:22.9402436Z 2026-02-18 23:55:22,932 - app.main - INFO - → POST /api/logs
2026-02-18T23:55:22.9402484Z 2026-02-18 23:55:22,917 - azure.core.pipeline.policies.http_logging_policy - INFO - Request URL: 'http://169.254.130.4:8081/msi/token?api-version=REDACTED&resource=REDACTED&client_id=REDACTED'
2026-02-18T23:55:22.9402609Z Request method: 'GET'
2026-02-18T23:55:22.9402631Z Request headers:
2026-02-18T23:55:22.9402655Z     'X-IDENTITY-HEADER': 'REDACTED'
2026-02-18T23:55:22.9402681Z     'User-Agent': 'azsdk-python-identity/1.17.1 Python/3.11.14 (Linux-6.6.119.3-1.azl3-x86_64-with-glibc2.31)'
2026-02-18T23:55:22.9402706Z     'traceparent': '00-13b578eab615fd8d2701f6724bf00054-a05c03a5e8f2ddd9-01'
2026-02-18T23:55:22.9402729Z No body was attached to the request
2026-02-18T23:55:22.9713998Z 2026-02-18 23:55:22,962 - app.main - INFO - → POST /api/logs
2026-02-18T23:55:23.0563820Z 2026-02-18 23:55:23,055 - app.main - INFO - ← GET /api/multi-leg-opportunities 200
2026-02-18T23:55:23.0814644Z 2026-02-18 23:55:23,081 - app.main - INFO - ← POST /api/logs 200
2026-02-18T23:55:23.1226221Z 169.254.130.1:23931 - "POST /api/logs HTTP/1.1" 200
2026-02-18T23:55:23.1521484Z 169.254.130.1:23941 - "GET /api/multi-leg-opportunities HTTP/1.1" 200
2026-02-18T23:55:23.1809558Z 2026-02-18 23:55:23,161 - azure.identity._credentials.environment - INFO - Incomplete environment configuration for EnvironmentCredential. These variables are set: AZURE_CLIENT_ID
2026-02-18T23:55:23.1809894Z 2026-02-18 23:55:23,169 - app.main - INFO - ← POST /api/logs 200
2026-02-18T23:55:23.1909343Z 2026-02-18 23:55:23,189 - azure.identity._credentials.managed_identity - INFO - ManagedIdentityCredential will use App Service managed identity
2026-02-18T23:55:23.2571467Z 2026-02-18 23:55:23,255 - app.main - INFO - → POST /api/logs
2026-02-18T23:55:23.2983854Z 169.254.130.1:23933 - "POST /api/logs HTTP/1.1" 200
2026-02-18T23:55:23.3258710Z 2026-02-18 23:55:23,319 - azure.core.pipeline.policies.http_logging_policy - INFO - Request URL: 'http://169.254.130.4:8081/msi/token?api-version=REDACTED&resource=REDACTED&client_id=REDACTED'
2026-02-18T23:55:23.3259023Z Request method: 'GET'
2026-02-18T23:55:23.3259055Z Request headers:
2026-02-18T23:55:23.3259083Z     'X-IDENTITY-HEADER': 'REDACTED'
2026-02-18T23:55:23.3259115Z     'User-Agent': 'azsdk-python-identity/1.17.1 Python/3.11.14 (Linux-6.6.119.3-1.azl3-x86_64-with-glibc2.31)'
2026-02-18T23:55:23.3259139Z     'traceparent': '00-7bfd184698be6881ef15782195d056c1-fc20d59c3a588954-01'
2026-02-18T23:55:23.3259160Z No body was attached to the request
2026-02-18T23:55:23.3354056Z 2026-02-18 23:55:23,335 - app.main - INFO - → POST /api/logs
2026-02-18T23:55:23.3381993Z 2026-02-18 23:55:23,338 - app.main - INFO - ← POST /api/logs 200
2026-02-18T23:55:23.3478562Z 169.254.130.1:23903 - "POST /api/logs HTTP/1.1" 200
2026-02-18T23:55:23.3563156Z 2026-02-18 23:55:23,356 - app.main - INFO - ← POST /api/logs 200
2026-02-18T23:55:23.3569430Z 169.254.130.1:23931 - "POST /api/logs HTTP/1.1" 200
2026-02-18T23:55:23.4059485Z 2026-02-18 23:55:23,377 - azure.core.pipeline.policies.http_logging_policy - INFO - Response status: 200
2026-02-18T23:55:23.4070619Z Response headers:
2026-02-18T23:55:23.4079803Z     'Content-Type': 'application/json; charset=utf-8'
2026-02-18T23:55:23.4216411Z     'Date': 'Wed, 18 Feb 2026 23:55:22 GMT'
2026-02-18T23:55:23.4217404Z     'Server': 'Kestrel'
2026-02-18T23:55:23.4217469Z     'Transfer-Encoding': 'chunked'
2026-02-18T23:55:23.4217494Z     'X-CORRELATION-ID': 'REDACTED'
2026-02-18T23:55:23.4217576Z 2026-02-18 23:55:23,384 - app.main - INFO - ← POST /api/logs 200
2026-02-18T23:55:23.4217602Z 169.254.130.1:23941 - "POST /api/logs HTTP/1.1" 200
2026-02-18T23:55:23.4217632Z 2026-02-18 23:55:23,391 - azure.identity._credentials.chained - INFO - DefaultAzureCredential acquired a token from ManagedIdentityCredential
2026-02-18T23:55:23.4872776Z 2026-02-18 23:55:23,481 - azure.core.pipeline.policies.http_logging_policy - INFO - Response status: 200
2026-02-18T23:55:23.4873354Z Response headers:
2026-02-18T23:55:23.4873394Z     'Content-Type': 'application/json; charset=utf-8'
2026-02-18T23:55:23.4873418Z     'Date': 'Wed, 18 Feb 2026 23:55:22 GMT'
2026-02-18T23:55:23.4873442Z     'Server': 'Kestrel'
2026-02-18T23:55:23.4873469Z     'Transfer-Encoding': 'chunked'
2026-02-18T23:55:23.4873490Z     'X-CORRELATION-ID': 'REDACTED'
2026-02-18T23:55:23.4908426Z 2026-02-18 23:55:23,490 - azure.identity._credentials.chained - INFO - DefaultAzureCredential acquired a token from ManagedIdentityCredential
2026-02-18T23:55:23.6809855Z 2026-02-18 23:55:23,680 - azure.core.pipeline.policies.http_logging_policy - INFO - Request URL: 'https://westus2-2.in.applicationinsights.azure.com//v2.1/track'
2026-02-18T23:55:23.6810390Z Request method: 'POST'
2026-02-18T23:55:23.6810431Z Request headers:
2026-02-18T23:55:23.6810457Z     'Content-Type': 'application/json'
2026-02-18T23:55:23.6810479Z     'Content-Length': '20712'
2026-02-18T23:55:23.6810501Z     'Accept': 'application/json'
2026-02-18T23:55:23.6810532Z     'x-ms-client-request-id': '4a4e7d92-0d25-11f1-ac5a-d2a6f0f32f9f'
2026-02-18T23:55:23.6810562Z     'User-Agent': 'azsdk-python-azuremonitorclient/unknown Python/3.11.14 (Linux-6.6.119.3-1.azl3-x86_64-with-glibc2.31)'
2026-02-18T23:55:23.6810584Z A body is sent with the request
2026-02-18T23:55:23.8382252Z 2026-02-18 23:55:23,837 - azure.identity._credentials.environment - INFO - Incomplete environment configuration for EnvironmentCredential. These variables are set: AZURE_CLIENT_ID
2026-02-18T23:55:23.8393196Z 2026-02-18 23:55:23,839 - azure.identity._credentials.managed_identity - INFO - ManagedIdentityCredential will use App Service managed identity
2026-02-18T23:55:23.8483902Z 2026-02-18 23:55:23,846 - azure.core.pipeline.policies.http_logging_policy - INFO - Request URL: 'http://169.254.130.4:8081/msi/token?api-version=REDACTED&resource=REDACTED&client_id=REDACTED'
2026-02-18T23:55:23.8484035Z Request method: 'GET'
2026-02-18T23:55:23.8484066Z Request headers:
2026-02-18T23:55:23.8484089Z     'X-IDENTITY-HEADER': 'REDACTED'
2026-02-18T23:55:23.8484123Z     'User-Agent': 'azsdk-python-identity/1.17.1 Python/3.11.14 (Linux-6.6.119.3-1.azl3-x86_64-with-glibc2.31)'
2026-02-18T23:55:23.8484150Z     'traceparent': '00-8dd8fd2973464c5e9f29be9bcb93a0d4-e73d507382744638-01'
2026-02-18T23:55:23.8484173Z No body was attached to the request
2026-02-18T23:55:23.9086524Z 2026-02-18 23:55:23,908 - azure.core.pipeline.policies.http_logging_policy - INFO - Response status: 200
2026-02-18T23:55:23.9087948Z Response headers:
2026-02-18T23:55:23.9087995Z     'Transfer-Encoding': 'chunked'
2026-02-18T23:55:23.9088222Z     'Content-Type': 'application/json; charset=utf-8'
2026-02-18T23:55:23.9088258Z     'Server': 'Microsoft-HTTPAPI/2.0'
2026-02-18T23:55:23.9088282Z     'Strict-Transport-Security': 'REDACTED'
2026-02-18T23:55:23.9088305Z     'X-Content-Type-Options': 'REDACTED'
2026-02-18T23:55:23.9088334Z     'Date': 'Wed, 18 Feb 2026 23:55:23 GMT'
2026-02-18T23:55:23.9330258Z 2026-02-18 23:55:23,925 - azure.monitor.opentelemetry.exporter.export._base - INFO - Transmission succeeded: Item received: 19. Items accepted: 19
2026-02-18T23:55:23.9334258Z 2026-02-18 23:55:23,926 - azure.core.pipeline.policies.http_logging_policy - INFO - Response status: 200
2026-02-18T23:55:23.9334367Z Response headers:
2026-02-18T23:55:23.9334395Z     'Content-Type': 'application/json; charset=utf-8'
2026-02-18T23:55:23.9334419Z     'Date': 'Wed, 18 Feb 2026 23:55:23 GMT'
2026-02-18T23:55:23.9334440Z     'Server': 'Kestrel'
2026-02-18T23:55:23.9334462Z     'Transfer-Encoding': 'chunked'
2026-02-18T23:55:23.9334487Z     'X-CORRELATION-ID': 'REDACTED'
2026-02-18T23:55:23.9458580Z 2026-02-18 23:55:23,936 - azure.identity._credentials.chained - INFO - DefaultAzureCredential acquired a token from ManagedIdentityCredential
2026-02-18T23:55:23.9613619Z 2026-02-18 23:55:23,952 - app.main - INFO - ← GET /api/scan 200
2026-02-18T23:55:23.9613836Z 169.254.130.1:23925 - "GET /api/scan HTTP/1.1" 200
2026-02-18T23:55:23.9813826Z 2026-02-18 23:55:23,980 - app.main - INFO - → POST /api/logs
2026-02-18T23:55:23.9839104Z 2026-02-18 23:55:23,983 - app.main - INFO - ← POST /api/logs 200
2026-02-18T23:55:23.9926676Z 169.254.130.1:23925 - "POST /api/logs HTTP/1.1" 200
2026-02-18T23:55:24.0027567Z 2026-02-18 23:55:24,001 - app.main - INFO - → POST /api/logs
2026-02-18T23:55:24.0121916Z 2026-02-18 23:55:24,011 - app.main - INFO - ← POST /api/logs 200
2026-02-18T23:55:24.0122555Z 169.254.130.1:23941 - "POST /api/logs HTTP/1.1" 200
2026-02-18T23:55:24.2532000Z 2026-02-18 23:55:24,252 - app.main - INFO - ← GET /api/portfolio 200
2026-02-18T23:55:24.2555356Z 169.254.130.1:23913 - "GET /api/portfolio HTTP/1.1" 200
2026-02-18T23:55:24.3079428Z 2026-02-18 23:55:24,301 - app.main - INFO - → GET /api/portfolio
2026-02-18T23:55:24.3245677Z 2026-02-18 23:55:24,318 - azure.identity._credentials.environment - INFO - Incomplete environment configuration for EnvironmentCredential. These variables are set: AZURE_CLIENT_ID
2026-02-18T23:55:24.3246799Z 2026-02-18 23:55:24,318 - azure.identity._credentials.managed_identity - INFO - ManagedIdentityCredential will use App Service managed identity
2026-02-18T23:55:24.3358257Z 2026-02-18 23:55:24,333 - azure.core.pipeline.policies.http_logging_policy - INFO - Request URL: 'http://169.254.130.4:8081/msi/token?api-version=REDACTED&resource=REDACTED&client_id=REDACTED'
2026-02-18T23:55:24.3358443Z Request method: 'GET'
2026-02-18T23:55:24.3358478Z Request headers:
2026-02-18T23:55:24.3358506Z     'X-IDENTITY-HEADER': 'REDACTED'
2026-02-18T23:55:24.3358533Z     'User-Agent': 'azsdk-python-identity/1.17.1 Python/3.11.14 (Linux-6.6.119.3-1.azl3-x86_64-with-glibc2.31)'
2026-02-18T23:55:24.3358559Z     'traceparent': '00-56e8f51b1767c0c9bc55c245ecc54b71-32b264d6f63c999d-01'
2026-02-18T23:55:24.3358581Z No body was attached to the request
2026-02-18T23:55:24.4918641Z 2026-02-18 23:55:24,472 - azure.core.pipeline.policies.http_logging_policy - INFO - Response status: 200
2026-02-18T23:55:24.4920311Z Response headers:
2026-02-18T23:55:24.4920377Z     'Content-Type': 'application/json; charset=utf-8'
2026-02-18T23:55:24.4920406Z     'Date': 'Wed, 18 Feb 2026 23:55:23 GMT'
2026-02-18T23:55:24.4920431Z     'Server': 'Kestrel'
2026-02-18T23:55:24.4920457Z     'Transfer-Encoding': 'chunked'
2026-02-18T23:55:24.4920479Z     'X-CORRELATION-ID': 'REDACTED'
2026-02-18T23:55:24.4920508Z 2026-02-18 23:55:24,472 - azure.identity._credentials.chained - INFO - DefaultAzureCredential acquired a token from ManagedIdentityCredential
2026-02-18T23:55:24.5819439Z 2026-02-18 23:55:24,581 - azure.identity._credentials.environment - INFO - Incomplete environment configuration for EnvironmentCredential. These variables are set: AZURE_CLIENT_ID
2026-02-18T23:55:24.5887964Z 2026-02-18 23:55:24,585 - azure.identity._credentials.managed_identity - INFO - ManagedIdentityCredential will use App Service managed identity
2026-02-18T23:55:24.5888118Z 2026-02-18 23:55:24,586 - azure.core.pipeline.policies.http_logging_policy - INFO - Request URL: 'http://169.254.130.4:8081/msi/token?api-version=REDACTED&resource=REDACTED&client_id=REDACTED'
2026-02-18T23:55:24.5888147Z Request method: 'GET'
2026-02-18T23:55:24.5888169Z Request headers:
2026-02-18T23:55:24.5888192Z     'X-IDENTITY-HEADER': 'REDACTED'
2026-02-18T23:55:24.5888218Z     'User-Agent': 'azsdk-python-identity/1.17.1 Python/3.11.14 (Linux-6.6.119.3-1.azl3-x86_64-with-glibc2.31)'
2026-02-18T23:55:24.5888242Z     'traceparent': '00-99ebefc5491808cbb347ad61e256ad15-247276278db32f07-01'
2026-02-18T23:55:24.5888265Z No body was attached to the request
2026-02-18T23:55:24.6615360Z 2026-02-18 23:55:24,660 - azure.core.pipeline.policies.http_logging_policy - INFO - Response status: 200
2026-02-18T23:55:24.6616121Z Response headers:
2026-02-18T23:55:24.6616234Z     'Content-Type': 'application/json; charset=utf-8'
2026-02-18T23:55:24.6616259Z     'Date': 'Wed, 18 Feb 2026 23:55:24 GMT'
2026-02-18T23:55:24.6616282Z     'Server': 'Kestrel'
2026-02-18T23:55:24.6616304Z     'Transfer-Encoding': 'chunked'
2026-02-18T23:55:24.6616324Z     'X-CORRELATION-ID': 'REDACTED'
2026-02-18T23:55:24.6720842Z 2026-02-18 23:55:24,671 - azure.identity._credentials.chained - INFO - DefaultAzureCredential acquired a token from ManagedIdentityCredential
2026-02-18T23:55:24.9114262Z 2026-02-18 23:55:24,877 - app.main - INFO - ← GET /api/portfolio 200
2026-02-18T23:55:24.9220800Z 169.254.130.1:23913 - "GET /api/portfolio HTTP/1.1" 200
2026-02-18T23:55:24.9619305Z 2026-02-18 23:55:24,950 - app.main - INFO - → POST /api/logs
2026-02-18T23:55:24.9619771Z 2026-02-18 23:55:24,959 - app.main - INFO - → POST /api/logs
2026-02-18T23:55:24.9770983Z 2026-02-18 23:55:24,970 - app.main - INFO - ← POST /api/logs 200
2026-02-18T23:55:24.9771604Z 169.254.130.1:23913 - "POST /api/logs HTTP/1.1" 200
2026-02-18T23:55:25.0046517Z 2026-02-18 23:55:25,003 - app.main - INFO - ← POST /api/logs 200
2026-02-18T23:55:25.0046969Z 169.254.130.1:23941 - "POST /api/logs HTTP/1.1" 200
2026-02-18T23:55:25.1591468Z 2026-02-18 23:55:25,158 - azure.core.pipeline.policies.http_logging_policy - INFO - Request URL: 'https://westus2-2.in.applicationinsights.azure.com//v2.1/track'
2026-02-18T23:55:25.1592059Z Request method: 'POST'
2026-02-18T23:55:25.1592097Z Request headers:
2026-02-18T23:55:25.1592121Z     'Content-Type': 'application/json'
2026-02-18T23:55:25.1592241Z     'Content-Length': '13682'
2026-02-18T23:55:25.1592265Z     'Accept': 'application/json'
2026-02-18T23:55:25.1592289Z     'x-ms-client-request-id': '4b2ffed4-0d25-11f1-8a4b-d2a6f0f32f9f'
2026-02-18T23:55:25.1592316Z     'User-Agent': 'azsdk-python-azuremonitorclient/unknown Python/3.11.14 (Linux-6.6.119.3-1.azl3-x86_64-with-glibc2.31)'
2026-02-18T23:55:25.1592339Z A body is sent with the request
2026-02-18T23:55:25.4131413Z 2026-02-18 23:55:25,412 - azure.core.pipeline.policies.http_logging_policy - INFO - Request URL: 'https://westus2-2.in.applicationinsights.azure.com//v2.1/track'
2026-02-18T23:55:25.4131923Z Request method: 'POST'
2026-02-18T23:55:25.4131956Z Request headers:
2026-02-18T23:55:25.4131984Z     'Content-Type': 'application/json'
2026-02-18T23:55:25.4132015Z     'Content-Length': '16630'
2026-02-18T23:55:25.4132037Z     'Accept': 'application/json'
2026-02-18T23:55:25.4132171Z     'x-ms-client-request-id': '4b56c1ae-0d25-11f1-9ac0-d2a6f0f32f9f'
2026-02-18T23:55:25.4132199Z     'User-Agent': 'azsdk-python-azuremonitorclient/unknown Python/3.11.14 (Linux-6.6.119.3-1.azl3-x86_64-with-glibc2.31)'
2026-02-18T23:55:25.4132222Z A body is sent with the request
2026-02-18T23:55:25.5035193Z 2026-02-18 23:55:25,503 - azure.core.pipeline.policies.http_logging_policy - INFO - Response status: 200
2026-02-18T23:55:25.5035927Z Response headers:
2026-02-18T23:55:25.5035974Z     'Transfer-Encoding': 'chunked'
2026-02-18T23:55:25.5036007Z     'Content-Type': 'application/json; charset=utf-8'
2026-02-18T23:55:25.5036030Z     'Server': 'Microsoft-HTTPAPI/2.0'
2026-02-18T23:55:25.5036053Z     'Strict-Transport-Security': 'REDACTED'
2026-02-18T23:55:25.5036076Z     'X-Content-Type-Options': 'REDACTED'
2026-02-18T23:55:25.5036191Z     'Date': 'Wed, 18 Feb 2026 23:55:25 GMT'
2026-02-18T23:55:25.5131488Z 2026-02-18 23:55:25,511 - azure.monitor.opentelemetry.exporter.export._base - INFO - Transmission succeeded: Item received: 17. Items accepted: 17
2026-02-18T23:55:25.6225169Z 2026-02-18 23:55:25,617 - azure.core.pipeline.policies.http_logging_policy - INFO - Response status: 200
2026-02-18T23:55:25.6327149Z Response headers:
2026-02-18T23:55:25.6327267Z     'Transfer-Encoding': 'chunked'
2026-02-18T23:55:25.6327302Z     'Content-Type': 'application/json; charset=utf-8'
2026-02-18T23:55:25.6327324Z     'Server': 'Microsoft-HTTPAPI/2.0'
2026-02-18T23:55:25.6327346Z     'Strict-Transport-Security': 'REDACTED'
2026-02-18T23:55:25.6327367Z     'X-Content-Type-Options': 'REDACTED'
2026-02-18T23:55:25.6327389Z     'Date': 'Wed, 18 Feb 2026 23:55:25 GMT'
2026-02-18T23:55:25.6632648Z 2026-02-18 23:55:25,645 - azure.monitor.opentelemetry.exporter.export._base - INFO - Transmission succeeded: Item received: 11. Items accepted: 11
2026-02-18T23:55:29.0170808Z 2026-02-18 23:55:29,008 - azure.core.pipeline.policies.http_logging_policy - INFO - Request URL: 'https://westus2-2.in.applicationinsights.azure.com//v2.1/track'
2026-02-18T23:55:29.0171290Z Request method: 'POST'
2026-02-18T23:55:29.0171323Z Request headers:
2026-02-18T23:55:29.0171353Z     'Content-Type': 'application/json'
2026-02-18T23:55:29.0171381Z     'Content-Length': '35656'
2026-02-18T23:55:29.0171404Z     'Accept': 'application/json'
2026-02-18T23:55:29.0171433Z     'x-ms-client-request-id': '4d7b75d8-0d25-11f1-ac5a-d2a6f0f32f9f'
2026-02-18T23:55:29.0171463Z     'User-Agent': 'azsdk-python-azuremonitorclient/unknown Python/3.11.14 (Linux-6.6.119.3-1.azl3-x86_64-with-glibc2.31)'
2026-02-18T23:55:29.0171491Z A body is sent with the request
2026-02-18T23:55:29.1034320Z 2026-02-18 23:55:29,102 - azure.core.pipeline.policies.http_logging_policy - INFO - Response status: 200
2026-02-18T23:55:29.1243046Z Response headers:
2026-02-18T23:55:29.1243158Z     'Transfer-Encoding': 'chunked'
2026-02-18T23:55:29.1243195Z     'Content-Type': 'application/json; charset=utf-8'
2026-02-18T23:55:29.1243228Z     'Server': 'Microsoft-HTTPAPI/2.0'
2026-02-18T23:55:29.1243252Z     'Strict-Transport-Security': 'REDACTED'
2026-02-18T23:55:29.1243276Z     'X-Content-Type-Options': 'REDACTED'
2026-02-18T23:55:29.1243300Z     'Date': 'Wed, 18 Feb 2026 23:55:28 GMT'
2026-02-18T23:55:29.1243829Z 2026-02-18 23:55:29,123 - azure.monitor.opentelemetry.exporter.export._base - INFO - Transmission succeeded: Item received: 33. Items accepted: 33
2026-02-18T23:55:30.5475673Z 2026-02-18 23:55:30,530 - azure.core.pipeline.policies.http_logging_policy - INFO - Request URL: 'https://westus2-2.in.applicationinsights.azure.com//v2.1/track'
2026-02-18T23:55:30.5476244Z Request method: 'POST'
2026-02-18T23:55:30.5476278Z Request headers:
2026-02-18T23:55:30.5476301Z     'Content-Type': 'application/json'
2026-02-18T23:55:30.5476333Z     'Content-Length': '3723'
2026-02-18T23:55:30.5476360Z     'Accept': 'application/json'
2026-02-18T23:55:30.5476384Z     'x-ms-client-request-id': '4e63a2f4-0d25-11f1-9ac0-d2a6f0f32f9f'
2026-02-18T23:55:30.5476412Z     'User-Agent': 'azsdk-python-azuremonitorclient/unknown Python/3.11.14 (Linux-6.6.119.3-1.azl3-x86_64-with-glibc2.31)'
2026-02-18T23:55:30.5476438Z A body is sent with the request
2026-02-18T23:55:30.6405815Z 2026-02-18 23:55:30,640 - azure.core.pipeline.policies.http_logging_policy - INFO - Response status: 200
2026-02-18T23:55:30.6407839Z Response headers:
2026-02-18T23:55:30.6407888Z     'Transfer-Encoding': 'chunked'
2026-02-18T23:55:30.6407915Z     'Content-Type': 'application/json; charset=utf-8'
2026-02-18T23:55:30.6407938Z     'Server': 'Microsoft-HTTPAPI/2.0'
2026-02-18T23:55:30.6407962Z     'Strict-Transport-Security': 'REDACTED'
2026-02-18T23:55:30.6407984Z     'X-Content-Type-Options': 'REDACTED'
2026-02-18T23:55:30.6408007Z     'Date': 'Wed, 18 Feb 2026 23:55:30 GMT'
2026-02-18T23:55:30.6425197Z 2026-02-18 23:55:30,642 - azure.monitor.opentelemetry.exporter.export._base - INFO - Transmission succeeded: Item received: 3. Items accepted: 3
2026-02-18T23:55:34.1381408Z 2026-02-18 23:55:34,136 - azure.core.pipeline.policies.http_logging_policy - INFO - Request URL: 'https://westus2-2.in.applicationinsights.azure.com//v2.1/track'
2026-02-18T23:55:34.1382091Z Request method: 'POST'
2026-02-18T23:55:34.1382123Z Request headers:
2026-02-18T23:55:34.1382146Z     'Content-Type': 'application/json'
2026-02-18T23:55:34.1382170Z     'Content-Length': '3722'
2026-02-18T23:55:34.1382192Z     'Accept': 'application/json'
2026-02-18T23:55:34.1382216Z     'x-ms-client-request-id': '50893936-0d25-11f1-ac5a-d2a6f0f32f9f'
2026-02-18T23:55:34.1382244Z     'User-Agent': 'azsdk-python-azuremonitorclient/unknown Python/3.11.14 (Linux-6.6.119.3-1.azl3-x86_64-with-glibc2.31)'
2026-02-18T23:55:34.1382266Z A body is sent with the request
2026-02-18T23:55:34.2468784Z 2026-02-18 23:55:34,244 - azure.core.pipeline.policies.http_logging_policy - INFO - Response status: 200
2026-02-18T23:55:34.2544149Z Response headers:
2026-02-18T23:55:34.2544315Z     'Transfer-Encoding': 'chunked'
2026-02-18T23:55:34.2544342Z     'Content-Type': 'application/json; charset=utf-8'
2026-02-18T23:55:34.2544365Z     'Server': 'Microsoft-HTTPAPI/2.0'
2026-02-18T23:55:34.2544387Z     'Strict-Transport-Security': 'REDACTED'
2026-02-18T23:55:34.2544409Z     'X-Content-Type-Options': 'REDACTED'
2026-02-18T23:55:34.2544431Z     'Date': 'Wed, 18 Feb 2026 23:55:33 GMT'
2026-02-18T23:55:34.2544462Z 2026-02-18 23:55:34,245 - azure.monitor.opentelemetry.exporter.export._base - INFO - Transmission succeeded: Item received: 3. Items accepted: 3
2026-02-18T23:55:35.6579855Z 2026-02-18 23:55:35,655 - azure.core.pipeline.policies.http_logging_policy - INFO - Request URL: 'https://westus2-2.in.applicationinsights.azure.com//v2.1/track'
2026-02-18T23:55:35.6580540Z Request method: 'POST'
2026-02-18T23:55:35.6580577Z Request headers:
2026-02-18T23:55:35.6580770Z     'Content-Type': 'application/json'
2026-02-18T23:55:35.6580796Z     'Content-Length': '3720'
2026-02-18T23:55:35.6580818Z     'Accept': 'application/json'
2026-02-18T23:55:35.6580842Z     'x-ms-client-request-id': '5171ad60-0d25-11f1-9ac0-d2a6f0f32f9f'
2026-02-18T23:55:35.6580871Z     'User-Agent': 'azsdk-python-azuremonitorclient/unknown Python/3.11.14 (Linux-6.6.119.3-1.azl3-x86_64-with-glibc2.31)'
2026-02-18T23:55:35.6580895Z A body is sent with the request
2026-02-18T23:55:35.8153788Z 2026-02-18 23:55:35,815 - azure.core.pipeline.policies.http_logging_policy - INFO - Response status: 200
2026-02-18T23:55:35.8155426Z Response headers:
2026-02-18T23:55:35.8155475Z     'Transfer-Encoding': 'chunked'
2026-02-18T23:55:35.8155508Z     'Content-Type': 'application/json; charset=utf-8'
2026-02-18T23:55:35.8155626Z     'Server': 'Microsoft-HTTPAPI/2.0'
2026-02-18T23:55:35.8155652Z     'Strict-Transport-Security': 'REDACTED'
2026-02-18T23:55:35.8155688Z     'X-Content-Type-Options': 'REDACTED'
2026-02-18T23:55:35.8156197Z     'Date': 'Wed, 18 Feb 2026 23:55:35 GMT'
2026-02-18T23:55:35.8702571Z 2026-02-18 23:55:35,837 - azure.monitor.opentelemetry.exporter.export._base - INFO - Transmission succeeded: Item received: 3. Items accepted: 3
2026-02-18T23:55:39.2737552Z 2026-02-18 23:55:39,254 - azure.core.pipeline.policies.http_logging_policy - INFO - Request URL: 'https://westus2-2.in.applicationinsights.azure.com//v2.1/track'
2026-02-18T23:55:39.2825316Z Request method: 'POST'
2026-02-18T23:55:39.2998323Z Request headers:
2026-02-18T23:55:39.2998394Z     'Content-Type': 'application/json'
2026-02-18T23:55:39.2998425Z     'Content-Length': '3720'
2026-02-18T23:55:39.2998490Z     'Accept': 'application/json'
2026-02-18T23:55:39.2998517Z     'x-ms-client-request-id': '5396e5e2-0d25-11f1-ac5a-d2a6f0f32f9f'
2026-02-18T23:55:39.2998547Z     'User-Agent': 'azsdk-python-azuremonitorclient/unknown Python/3.11.14 (Linux-6.6.119.3-1.azl3-x86_64-with-glibc2.31)'
2026-02-18T23:55:39.2998572Z A body is sent with the request
2026-02-18T23:55:39.4011906Z 2026-02-18 23:55:39,395 - azure.core.pipeline.policies.http_logging_policy - INFO - Response status: 200
2026-02-18T23:55:39.4023352Z Response headers:
2026-02-18T23:55:39.4023412Z     'Transfer-Encoding': 'chunked'
2026-02-18T23:55:39.4023446Z     'Content-Type': 'application/json; charset=utf-8'
2026-02-18T23:55:39.4023470Z     'Server': 'Microsoft-HTTPAPI/2.0'
2026-02-18T23:55:39.4023494Z     'Strict-Transport-Security': 'REDACTED'
2026-02-18T23:55:39.4023522Z     'X-Content-Type-Options': 'REDACTED'
2026-02-18T23:55:39.4023800Z     'Date': 'Wed, 18 Feb 2026 23:55:38 GMT'
2026-02-18T23:55:39.4023832Z 2026-02-18 23:55:39,396 - azure.monitor.opentelemetry.exporter.export._base - INFO - Transmission succeeded: Item received: 3. Items accepted: 3
2026-02-18T23:55:40.8773579Z 2026-02-18 23:55:40,877 - azure.core.pipeline.policies.http_logging_policy - INFO - Request URL: 'https://westus2-2.in.applicationinsights.azure.com//v2.1/track'
2026-02-18T23:55:40.8855050Z Request method: 'POST'
2026-02-18T23:55:40.8855112Z Request headers:
2026-02-18T23:55:40.8855144Z     'Content-Type': 'application/json'
2026-02-18T23:55:40.8855170Z     'Content-Length': '3718'
2026-02-18T23:55:40.8855192Z     'Accept': 'application/json'
2026-02-18T23:55:40.8855217Z     'x-ms-client-request-id': '548e6b32-0d25-11f1-9ac0-d2a6f0f32f9f'
2026-02-18T23:55:40.8855244Z     'User-Agent': 'azsdk-python-azuremonitorclient/unknown Python/3.11.14 (Linux-6.6.119.3-1.azl3-x86_64-with-glibc2.31)'
2026-02-18T23:55:40.8855473Z A body is sent with the request
2026-02-18T23:55:41.0282168Z 2026-02-18 23:55:41,026 - azure.core.pipeline.policies.http_logging_policy - INFO - Response status: 200
2026-02-18T23:55:41.0282673Z Response headers:
2026-02-18T23:55:41.0282713Z     'Transfer-Encoding': 'chunked'
2026-02-18T23:55:41.0282743Z     'Content-Type': 'application/json; charset=utf-8'
2026-02-18T23:55:41.0282765Z     'Server': 'Microsoft-HTTPAPI/2.0'
2026-02-18T23:55:41.0282790Z     'Strict-Transport-Security': 'REDACTED'
2026-02-18T23:55:41.0282814Z     'X-Content-Type-Options': 'REDACTED'
2026-02-18T23:55:41.0282845Z     'Date': 'Wed, 18 Feb 2026 23:55:40 GMT'
2026-02-18T23:55:41.0282867Z     'Connection': 'close'
2026-02-18T23:55:41.0383214Z 2026-02-18 23:55:41,031 - azure.monitor.opentelemetry.exporter.export._base - INFO - Transmission succeeded: Item received: 3. Items accepted: 3
2026-02-18T23:55:44.4180184Z 2026-02-18 23:55:44,401 - azure.core.pipeline.policies.http_logging_policy - INFO - Request URL: 'https://westus2-2.in.applicationinsights.azure.com//v2.1/track'
2026-02-18T23:55:44.4180939Z Request method: 'POST'
2026-02-18T23:55:44.4180982Z Request headers:
2026-02-18T23:55:44.4181011Z     'Content-Type': 'application/json'
2026-02-18T23:55:44.4181034Z     'Content-Length': '3720'
2026-02-18T23:55:44.4181056Z     'Accept': 'application/json'
2026-02-18T23:55:44.4181087Z     'x-ms-client-request-id': '56a836b4-0d25-11f1-ac5a-d2a6f0f32f9f'
2026-02-18T23:55:44.4181116Z     'User-Agent': 'azsdk-python-azuremonitorclient/unknown Python/3.11.14 (Linux-6.6.119.3-1.azl3-x86_64-with-glibc2.31)'
2026-02-18T23:55:44.4181141Z A body is sent with the request
2026-02-18T23:55:44.5240086Z 2026-02-18 23:55:44,514 - azure.core.pipeline.policies.http_logging_policy - INFO - Response status: 200
2026-02-18T23:55:44.5240661Z Response headers:
2026-02-18T23:55:44.5240707Z     'Transfer-Encoding': 'chunked'
2026-02-18T23:55:44.5240733Z     'Content-Type': 'application/json; charset=utf-8'
2026-02-18T23:55:44.5240755Z     'Server': 'Microsoft-HTTPAPI/2.0'
2026-02-18T23:55:44.5240778Z     'Strict-Transport-Security': 'REDACTED'
2026-02-18T23:55:44.5240802Z     'X-Content-Type-Options': 'REDACTED'
2026-02-18T23:55:44.5240831Z     'Date': 'Wed, 18 Feb 2026 23:55:43 GMT'
2026-02-18T23:55:44.5240860Z 2026-02-18 23:55:44,516 - azure.monitor.opentelemetry.exporter.export._base - INFO - Transmission succeeded: Item received: 3. Items accepted: 3
2026-02-18T23:55:46.0414300Z 2026-02-18 23:55:46,041 - azure.core.pipeline.policies.http_logging_policy - INFO - Request URL: 'https://westus2-2.in.applicationinsights.azure.com//v2.1/track'
2026-02-18T23:55:46.0423554Z Request method: 'POST'
2026-02-18T23:55:46.0607917Z Request headers:
2026-02-18T23:55:46.0608073Z     'Content-Type': 'application/json'
2026-02-18T23:55:46.0608219Z     'Content-Length': '3747'
2026-02-18T23:55:46.0608495Z     'Accept': 'application/json'
2026-02-18T23:55:46.0608525Z     'x-ms-client-request-id': '57a26b84-0d25-11f1-9ac0-d2a6f0f32f9f'
2026-02-18T23:55:46.0608555Z     'User-Agent': 'azsdk-python-azuremonitorclient/unknown Python/3.11.14 (Linux-6.6.119.3-1.azl3-x86_64-with-glibc2.31)'
2026-02-18T23:55:46.0608577Z A body is sent with the request
2026-02-18T23:55:46.3189441Z 2026-02-18 23:55:46,313 - azure.core.pipeline.policies.http_logging_policy - INFO - Response status: 200
2026-02-18T23:55:46.3194890Z Response headers:
2026-02-18T23:55:46.3194982Z     'Transfer-Encoding': 'chunked'
2026-02-18T23:55:46.3195009Z     'Content-Type': 'application/json; charset=utf-8'
2026-02-18T23:55:46.3195032Z     'Server': 'Microsoft-HTTPAPI/2.0'
2026-02-18T23:55:46.3195057Z     'Strict-Transport-Security': 'REDACTED'
2026-02-18T23:55:46.3195080Z     'X-Content-Type-Options': 'REDACTED'
2026-02-18T23:55:46.3195103Z     'Date': 'Wed, 18 Feb 2026 23:55:45 GMT'
2026-02-18T23:55:46.3195132Z 2026-02-18 23:55:46,314 - azure.monitor.opentelemetry.exporter.export._base - INFO - Transmission succeeded: Item received: 3. Items accepted: 3
2026-02-18T23:55:49.5206018Z 2026-02-18 23:55:49,518 - azure.core.pipeline.policies.http_logging_policy - INFO - Request URL: 'https://westus2-2.in.applicationinsights.azure.com//v2.1/track'
2026-02-18T23:55:49.5206537Z Request method: 'POST'
2026-02-18T23:55:49.5206568Z Request headers:
2026-02-18T23:55:49.5206684Z     'Content-Type': 'application/json'
2026-02-18T23:55:49.5206710Z     'Content-Length': '3720'
2026-02-18T23:55:49.5206733Z     'Accept': 'application/json'
2026-02-18T23:55:49.5206756Z     'x-ms-client-request-id': '59b5158e-0d25-11f1-ac5a-d2a6f0f32f9f'
2026-02-18T23:55:49.5206784Z     'User-Agent': 'azsdk-python-azuremonitorclient/unknown Python/3.11.14 (Linux-6.6.119.3-1.azl3-x86_64-with-glibc2.31)'
2026-02-18T23:55:49.5206806Z A body is sent with the request
2026-02-18T23:55:49.6519062Z 2026-02-18 23:55:49,646 - azure.core.pipeline.policies.http_logging_policy - INFO - Response status: 200
2026-02-18T23:55:49.6521046Z Response headers:
2026-02-18T23:55:49.6521088Z     'Transfer-Encoding': 'chunked'
2026-02-18T23:55:49.6521118Z     'Content-Type': 'application/json; charset=utf-8'
2026-02-18T23:55:49.6521141Z     'Server': 'Microsoft-HTTPAPI/2.0'
2026-02-18T23:55:49.6521249Z     'Strict-Transport-Security': 'REDACTED'
2026-02-18T23:55:49.6521273Z     'X-Content-Type-Options': 'REDACTED'
2026-02-18T23:55:49.6521295Z     'Date': 'Wed, 18 Feb 2026 23:55:48 GMT'
2026-02-18T23:55:49.6628003Z 2026-02-18 23:55:49,648 - azure.monitor.opentelemetry.exporter.export._base - INFO - Transmission succeeded: Item received: 3. Items accepted: 3
2026-02-18T23:55:51.3397297Z 2026-02-18 23:55:51,333 - azure.core.pipeline.policies.http_logging_policy - INFO - Request URL: 'https://westus2-2.in.applicationinsights.azure.com//v2.1/track'
2026-02-18T23:55:51.3397951Z Request method: 'POST'
2026-02-18T23:55:51.3397991Z Request headers:
2026-02-18T23:55:51.3398018Z     'Content-Type': 'application/json'
2026-02-18T23:55:51.3398040Z     'Content-Length': '3720'
2026-02-18T23:55:51.3398679Z     'Accept': 'application/json'
2026-02-18T23:55:51.3398859Z     'x-ms-client-request-id': '5ac99116-0d25-11f1-9ac0-d2a6f0f32f9f'
2026-02-18T23:55:51.3398889Z     'User-Agent': 'azsdk-python-azuremonitorclient/unknown Python/3.11.14 (Linux-6.6.119.3-1.azl3-x86_64-with-glibc2.31)'
2026-02-18T23:55:51.3398911Z A body is sent with the request
2026-02-18T23:55:51.3764400Z 2026-02-18 23:55:51,376 - azure.core.pipeline.policies.http_logging_policy - INFO - Response status: 200
2026-02-18T23:55:51.3764979Z Response headers:
2026-02-18T23:55:51.3765017Z     'Transfer-Encoding': 'chunked'
2026-02-18T23:55:51.3765041Z     'Content-Type': 'application/json; charset=utf-8'
2026-02-18T23:55:51.3765068Z     'Server': 'Microsoft-HTTPAPI/2.0'
2026-02-18T23:55:51.3765091Z     'Strict-Transport-Security': 'REDACTED'
2026-02-18T23:55:51.3765114Z     'X-Content-Type-Options': 'REDACTED'
2026-02-18T23:55:51.3765235Z     'Date': 'Wed, 18 Feb 2026 23:55:50 GMT'
2026-02-18T23:55:51.3819188Z 2026-02-18 23:55:51,381 - azure.monitor.opentelemetry.exporter.export._base - INFO - Transmission succeeded: Item received: 3. Items accepted: 3
2026-02-18T23:55:54.6661940Z 2026-02-18 23:55:54,664 - azure.core.pipeline.policies.http_logging_policy - INFO - Request URL: 'https://westus2-2.in.applicationinsights.azure.com//v2.1/track'
2026-02-18T23:55:54.6662490Z Request method: 'POST'
2026-02-18T23:55:54.6662526Z Request headers:
2026-02-18T23:55:54.6662551Z     'Content-Type': 'application/json'
2026-02-18T23:55:54.6662574Z     'Content-Length': '3720'
2026-02-18T23:55:54.6662596Z     'Accept': 'application/json'
2026-02-18T23:55:54.6662620Z     'x-ms-client-request-id': '5cc649aa-0d25-11f1-ac5a-d2a6f0f32f9f'
2026-02-18T23:55:54.6662651Z     'User-Agent': 'azsdk-python-azuremonitorclient/unknown Python/3.11.14 (Linux-6.6.119.3-1.azl3-x86_64-with-glibc2.31)'
2026-02-18T23:55:54.6662765Z A body is sent with the request
2026-02-18T23:55:54.7991900Z 2026-02-18 23:55:54,798 - azure.core.pipeline.policies.http_logging_policy - INFO - Response status: 200
2026-02-18T23:55:54.7993162Z Response headers:
2026-02-18T23:55:54.7993198Z     'Transfer-Encoding': 'chunked'
2026-02-18T23:55:54.7993221Z     'Content-Type': 'application/json; charset=utf-8'
2026-02-18T23:55:54.7993244Z     'Server': 'Microsoft-HTTPAPI/2.0'
2026-02-18T23:55:54.7993270Z     'Strict-Transport-Security': 'REDACTED'
2026-02-18T23:55:54.7993302Z     'X-Content-Type-Options': 'REDACTED'
2026-02-18T23:55:54.7993325Z     'Date': 'Wed, 18 Feb 2026 23:55:54 GMT'
2026-02-18T23:55:54.8008835Z 2026-02-18 23:55:54,800 - azure.monitor.opentelemetry.exporter.export._base - INFO - Transmission succeeded: Item received: 3. Items accepted: 3
2026-02-18T23:55:56.3855445Z 2026-02-18 23:55:56,385 - azure.core.pipeline.policies.http_logging_policy - INFO - Request URL: 'https://westus2-2.in.applicationinsights.azure.com//v2.1/track'
2026-02-18T23:55:56.3856257Z Request method: 'POST'
2026-02-18T23:55:56.3856299Z Request headers:
2026-02-18T23:55:56.3856327Z     'Content-Type': 'application/json'
2026-02-18T23:55:56.3856349Z     'Content-Length': '3720'
2026-02-18T23:55:56.3856371Z     'Accept': 'application/json'
2026-02-18T23:55:56.3856401Z     'x-ms-client-request-id': '5dccce14-0d25-11f1-9ac0-d2a6f0f32f9f'
2026-02-18T23:55:56.3856429Z     'User-Agent': 'azsdk-python-azuremonitorclient/unknown Python/3.11.14 (Linux-6.6.119.3-1.azl3-x86_64-with-glibc2.31)'
2026-02-18T23:55:56.3856457Z A body is sent with the request
2026-02-18T23:55:56.4276641Z 2026-02-18 23:55:56,427 - azure.core.pipeline.policies.http_logging_policy - INFO - Response status: 200
2026-02-18T23:55:56.4277459Z Response headers:
2026-02-18T23:55:56.4277498Z     'Transfer-Encoding': 'chunked'
2026-02-18T23:55:56.4277523Z     'Content-Type': 'application/json; charset=utf-8'
2026-02-18T23:55:56.4277545Z     'Server': 'Microsoft-HTTPAPI/2.0'
2026-02-18T23:55:56.4277569Z     'Strict-Transport-Security': 'REDACTED'
2026-02-18T23:55:56.4277592Z     'X-Content-Type-Options': 'REDACTED'
2026-02-18T23:55:56.4277614Z     'Date': 'Wed, 18 Feb 2026 23:55:55 GMT'
2026-02-18T23:55:56.4285907Z 2026-02-18 23:55:56,428 - azure.monitor.opentelemetry.exporter.export._base - INFO - Transmission succeeded: Item received: 3. Items accepted: 3
2026-02-18T23:55:59.8065956Z 2026-02-18 23:55:59,802 - azure.core.pipeline.policies.http_logging_policy - INFO - Request URL: 'https://westus2-2.in.applicationinsights.azure.com//v2.1/track'
2026-02-18T23:55:59.8067161Z Request method: 'POST'
2026-02-18T23:55:59.8067198Z Request headers:
2026-02-18T23:55:59.8067221Z     'Content-Type': 'application/json'
2026-02-18T23:55:59.8067244Z     'Content-Length': '3720'
2026-02-18T23:55:59.8067266Z     'Accept': 'application/json'
2026-02-18T23:55:59.8067289Z     'x-ms-client-request-id': '5fd6429e-0d25-11f1-ac5a-d2a6f0f32f9f'
2026-02-18T23:55:59.8067388Z     'User-Agent': 'azsdk-python-azuremonitorclient/unknown Python/3.11.14 (Linux-6.6.119.3-1.azl3-x86_64-with-glibc2.31)'
2026-02-18T23:55:59.8067412Z A body is sent with the request
2026-02-18T23:55:59.9161180Z 2026-02-18 23:55:59,915 - azure.core.pipeline.policies.http_logging_policy - INFO - Response status: 200
2026-02-18T23:55:59.9161510Z Response headers:
2026-02-18T23:55:59.9161546Z     'Transfer-Encoding': 'chunked'
2026-02-18T23:55:59.9161600Z     'Content-Type': 'application/json; charset=utf-8'
2026-02-18T23:55:59.9161624Z     'Server': 'Microsoft-HTTPAPI/2.0'
2026-02-18T23:55:59.9161648Z     'Strict-Transport-Security': 'REDACTED'
2026-02-18T23:55:59.9161671Z     'X-Content-Type-Options': 'REDACTED'
2026-02-18T23:55:59.9161693Z     'Date': 'Wed, 18 Feb 2026 23:55:59 GMT'
2026-02-18T23:55:59.9173026Z 2026-02-18 23:55:59,917 - azure.monitor.opentelemetry.exporter.export._base - INFO - Transmission succeeded: Item received: 3. Items accepted: 3
2026-02-18T23:56:01.5143914Z 2026-02-18 23:56:01,513 - azure.core.pipeline.policies.http_logging_policy - INFO - Request URL: 'https://westus2-2.in.applicationinsights.azure.com//v2.1/track'
2026-02-18T23:56:01.5144448Z Request method: 'POST'
2026-02-18T23:56:01.5144488Z Request headers:
2026-02-18T23:56:01.5144515Z     'Content-Type': 'application/json'
2026-02-18T23:56:01.5144626Z     'Content-Length': '3720'
2026-02-18T23:56:01.5144651Z     'Accept': 'application/json'
2026-02-18T23:56:01.5144675Z     'x-ms-client-request-id': '60d6149e-0d25-11f1-9ac0-d2a6f0f32f9f'
2026-02-18T23:56:01.5144702Z     'User-Agent': 'azsdk-python-azuremonitorclient/unknown Python/3.11.14 (Linux-6.6.119.3-1.azl3-x86_64-with-glibc2.31)'
2026-02-18T23:56:01.5144724Z A body is sent with the request
2026-02-18T23:56:01.6836473Z 2026-02-18 23:56:01,683 - azure.core.pipeline.policies.http_logging_policy - INFO - Response status: 200
2026-02-18T23:56:01.6838831Z Response headers:
2026-02-18T23:56:01.6838890Z     'Transfer-Encoding': 'chunked'
2026-02-18T23:56:01.6838916Z     'Content-Type': 'application/json; charset=utf-8'
2026-02-18T23:56:01.6838941Z     'Server': 'Microsoft-HTTPAPI/2.0'
2026-02-18T23:56:01.6839060Z     'Strict-Transport-Security': 'REDACTED'
2026-02-18T23:56:01.6839084Z     'X-Content-Type-Options': 'REDACTED'
2026-02-18T23:56:01.6839107Z     'Date': 'Wed, 18 Feb 2026 23:56:00 GMT'
2026-02-18T23:56:01.6855862Z 2026-02-18 23:56:01,684 - azure.monitor.opentelemetry.exporter.export._base - INFO - Transmission succeeded: Item received: 3. Items accepted: 3
2026-02-18T23:56:04.9543594Z 2026-02-18 23:56:04,928 - azure.core.pipeline.policies.http_logging_policy - INFO - Request URL: 'https://westus2-2.in.applicationinsights.azure.com//v2.1/track'
2026-02-18T23:56:04.9544249Z Request method: 'POST'
2026-02-18T23:56:04.9544282Z Request headers:
2026-02-18T23:56:04.9544304Z     'Content-Type': 'application/json'
2026-02-18T23:56:04.9544323Z     'Content-Length': '3720'
2026-02-18T23:56:04.9544347Z     'Accept': 'application/json'
2026-02-18T23:56:04.9544437Z     'x-ms-client-request-id': '62e46a56-0d25-11f1-ac5a-d2a6f0f32f9f'
2026-02-18T23:56:04.9544464Z     'User-Agent': 'azsdk-python-azuremonitorclient/unknown Python/3.11.14 (Linux-6.6.119.3-1.azl3-x86_64-with-glibc2.31)'
2026-02-18T23:56:04.9544484Z A body is sent with the request
2026-02-18T23:56:05.0846674Z 2026-02-18 23:56:05,084 - azure.core.pipeline.policies.http_logging_policy - INFO - Response status: 200
2026-02-18T23:56:05.0847233Z Response headers:
2026-02-18T23:56:05.0847270Z     'Transfer-Encoding': 'chunked'
2026-02-18T23:56:05.0847295Z     'Content-Type': 'application/json; charset=utf-8'
2026-02-18T23:56:05.0847318Z     'Server': 'Microsoft-HTTPAPI/2.0'
2026-02-18T23:56:05.0847341Z     'Strict-Transport-Security': 'REDACTED'
2026-02-18T23:56:05.0847367Z     'X-Content-Type-Options': 'REDACTED'
2026-02-18T23:56:05.0847395Z     'Date': 'Wed, 18 Feb 2026 23:56:04 GMT'
2026-02-18T23:56:05.0948997Z 2026-02-18 23:56:05,086 - azure.monitor.opentelemetry.exporter.export._base - INFO - Transmission succeeded: Item received: 3. Items accepted: 3
2026-02-18T23:56:06.3804336Z 2026-02-18 23:56:06,378 - azure.core.pipeline.policies.http_logging_policy - INFO - Request URL: 'https://westus2-2.in.applicationinsights.azure.com//v2.1/track'
2026-02-18T23:56:06.3805944Z Request method: 'POST'
2026-02-18T23:56:06.3805994Z Request headers:
2026-02-18T23:56:06.3806018Z     'Content-Type': 'application/json'
2026-02-18T23:56:06.3806040Z     'Content-Length': '1087'
2026-02-18T23:56:06.3806118Z     'Accept': 'application/json'
2026-02-18T23:56:06.3806147Z     'x-ms-client-request-id': '63c1ac18-0d25-11f1-8766-d2a6f0f32f9f'
2026-02-18T23:56:06.3806184Z     'User-Agent': 'azsdk-python-azuremonitorclient/unknown Python/3.11.14 (Linux-6.6.119.3-1.azl3-x86_64-with-glibc2.31)'
2026-02-18T23:56:06.3806304Z A body is sent with the request
2026-02-18T23:56:06.3985817Z 2026-02-18 23:56:06,384 - azure.core.pipeline.policies.http_logging_policy - INFO - Response status: 200
2026-02-18T23:56:06.3986005Z Response headers:
2026-02-18T23:56:06.3986039Z     'Transfer-Encoding': 'chunked'
2026-02-18T23:56:06.3986063Z     'Content-Type': 'application/json; charset=utf-8'
2026-02-18T23:56:06.3986086Z     'Server': 'Microsoft-HTTPAPI/2.0'
2026-02-18T23:56:06.3986111Z     'Strict-Transport-Security': 'REDACTED'
2026-02-18T23:56:06.3986134Z     'X-Content-Type-Options': 'REDACTED'
2026-02-18T23:56:06.3986157Z     'Date': 'Wed, 18 Feb 2026 23:56:06 GMT'
2026-02-18T23:56:06.3986186Z 2026-02-18 23:56:06,389 - azure.monitor.opentelemetry.exporter.export._base - INFO - Transmission succeeded: Item received: 1. Items accepted: 1
2026-02-18T23:56:06.6878628Z 2026-02-18 23:56:06,687 - azure.core.pipeline.policies.http_logging_policy - INFO - Request URL: 'https://westus2-2.in.applicationinsights.azure.com//v2.1/track'
2026-02-18T23:56:06.6879394Z Request method: 'POST'
2026-02-18T23:56:06.6879436Z Request headers:
2026-02-18T23:56:06.6879461Z     'Content-Type': 'application/json'
2026-02-18T23:56:06.6879484Z     'Content-Length': '3719'
2026-02-18T23:56:06.6879518Z     'Accept': 'application/json'
2026-02-18T23:56:06.6879545Z     'x-ms-client-request-id': '63f0d380-0d25-11f1-9ac0-d2a6f0f32f9f'
2026-02-18T23:56:06.6879572Z     'User-Agent': 'azsdk-python-azuremonitorclient/unknown Python/3.11.14 (Linux-6.6.119.3-1.azl3-x86_64-with-glibc2.31)'
2026-02-18T23:56:06.6879594Z A body is sent with the request
2026-02-18T23:56:06.8296299Z 2026-02-18 23:56:06,821 - azure.core.pipeline.policies.http_logging_policy - INFO - Response status: 200
2026-02-18T23:56:06.8299006Z Response headers:
2026-02-18T23:56:06.8299052Z     'Transfer-Encoding': 'chunked'
2026-02-18T23:56:06.8299075Z     'Content-Type': 'application/json; charset=utf-8'
2026-02-18T23:56:06.8299098Z     'Server': 'Microsoft-HTTPAPI/2.0'
2026-02-18T23:56:06.8299119Z     'Strict-Transport-Security': 'REDACTED'
2026-02-18T23:56:06.8299141Z     'X-Content-Type-Options': 'REDACTED'
2026-02-18T23:56:06.8299161Z     'Date': 'Wed, 18 Feb 2026 23:56:05 GMT'
2026-02-18T23:56:06.8299188Z 2026-02-18 23:56:06,829 - azure.monitor.opentelemetry.exporter.export._base - INFO - Transmission succeeded: Item received: 3. Items accepted: 3
2026-02-18T23:56:10.0989945Z 2026-02-18 23:56:10,098 - azure.core.pipeline.policies.http_logging_policy - INFO - Request URL: 'https://westus2-2.in.applicationinsights.azure.com//v2.1/track'
2026-02-18T23:56:10.0990502Z Request method: 'POST'
2026-02-18T23:56:10.0990537Z Request headers:
2026-02-18T23:56:10.0990658Z     'Content-Type': 'application/json'
2026-02-18T23:56:10.0990681Z     'Content-Length': '7439'
2026-02-18T23:56:10.0990705Z     'Accept': 'application/json'
2026-02-18T23:56:10.0990730Z     'x-ms-client-request-id': '65f94d60-0d25-11f1-ac5a-d2a6f0f32f9f'
2026-02-18T23:56:10.0990757Z     'User-Agent': 'azsdk-python-azuremonitorclient/unknown Python/3.11.14 (Linux-6.6.119.3-1.azl3-x86_64-with-glibc2.31)'
2026-02-18T23:56:10.0990779Z A body is sent with the request
2026-02-18T23:56:10.1993753Z 2026-02-18 23:56:10,199 - azure.core.pipeline.policies.http_logging_policy - INFO - Response status: 200
2026-02-18T23:56:10.1994516Z Response headers:
2026-02-18T23:56:10.1994559Z     'Transfer-Encoding': 'chunked'
2026-02-18T23:56:10.1994583Z     'Content-Type': 'application/json; charset=utf-8'
2026-02-18T23:56:10.1994666Z     'Server': 'Microsoft-HTTPAPI/2.0'
2026-02-18T23:56:10.1994690Z     'Strict-Transport-Security': 'REDACTED'
2026-02-18T23:56:10.1994713Z     'X-Content-Type-Options': 'REDACTED'
2026-02-18T23:56:10.1994735Z     'Date': 'Wed, 18 Feb 2026 23:56:09 GMT'
2026-02-18T23:56:10.2012993Z 2026-02-18 23:56:10,199 - azure.monitor.opentelemetry.exporter.export._base - INFO - Transmission succeeded: Item received: 6. Items accepted: 6
2026-02-18T23:56:11.8342470Z 2026-02-18 23:56:11,832 - azure.core.pipeline.policies.http_logging_policy - INFO - Request URL: 'https://westus2-2.in.applicationinsights.azure.com//v2.1/track'
2026-02-18T23:56:11.8343111Z Request method: 'POST'
2026-02-18T23:56:11.8343140Z Request headers:
2026-02-18T23:56:11.8343164Z     'Content-Type': 'application/json'
2026-02-18T23:56:11.8343187Z     'Content-Length': '3720'
2026-02-18T23:56:11.8343209Z     'Accept': 'application/json'
2026-02-18T23:56:11.8343233Z     'x-ms-client-request-id': '6701f09a-0d25-11f1-9ac0-d2a6f0f32f9f'
2026-02-18T23:56:11.8343260Z     'User-Agent': 'azsdk-python-azuremonitorclient/unknown Python/3.11.14 (Linux-6.6.119.3-1.azl3-x86_64-with-glibc2.31)'
2026-02-18T23:56:11.8343284Z A body is sent with the request
2026-02-18T23:56:12.1974589Z 2026-02-18 23:56:12,196 - azure.core.pipeline.policies.http_logging_policy - INFO - Response status: 200
2026-02-18T23:56:12.1975160Z Response headers:
2026-02-18T23:56:12.1975284Z     'Transfer-Encoding': 'chunked'
2026-02-18T23:56:12.1975311Z     'Content-Type': 'application/json; charset=utf-8'
2026-02-18T23:56:12.1975335Z     'Server': 'Microsoft-HTTPAPI/2.0'
2026-02-18T23:56:12.1975358Z     'Strict-Transport-Security': 'REDACTED'
2026-02-18T23:56:12.1975381Z     'X-Content-Type-Options': 'REDACTED'
2026-02-18T23:56:12.1975405Z     'Date': 'Wed, 18 Feb 2026 23:56:11 GMT'
2026-02-18T23:56:12.1975435Z 2026-02-18 23:56:12,196 - azure.monitor.opentelemetry.exporter.export._base - INFO - Transmission succeeded: Item received: 3. Items accepted: 3
2026-02-18T23:56:15.2072236Z 2026-02-18 23:56:15,203 - azure.core.pipeline.policies.http_logging_policy - INFO - Request URL: 'https://westus2-2.in.applicationinsights.azure.com//v2.1/track'
2026-02-18T23:56:15.2072756Z Request method: 'POST'
2026-02-18T23:56:15.2072792Z Request headers:
2026-02-18T23:56:15.2072879Z     'Content-Type': 'application/json'
2026-02-18T23:56:15.2072904Z     'Content-Length': '3719'
2026-02-18T23:56:15.2072926Z     'Accept': 'application/json'
2026-02-18T23:56:15.2072952Z     'x-ms-client-request-id': '690434e8-0d25-11f1-ac5a-d2a6f0f32f9f'
2026-02-18T23:56:15.2072980Z     'User-Agent': 'azsdk-python-azuremonitorclient/unknown Python/3.11.14 (Linux-6.6.119.3-1.azl3-x86_64-with-glibc2.31)'
2026-02-18T23:56:15.2073003Z A body is sent with the request
2026-02-18T23:56:15.3394026Z 2026-02-18 23:56:15,338 - azure.core.pipeline.policies.http_logging_policy - INFO - Response status: 200
2026-02-18T23:56:15.3394336Z Response headers:
2026-02-18T23:56:15.3394377Z     'Transfer-Encoding': 'chunked'
2026-02-18T23:56:15.3394406Z     'Content-Type': 'application/json; charset=utf-8'
2026-02-18T23:56:15.3394597Z     'Server': 'Microsoft-HTTPAPI/2.0'
2026-02-18T23:56:15.3394667Z     'Strict-Transport-Security': 'REDACTED'
2026-02-18T23:56:15.3394692Z     'X-Content-Type-Options': 'REDACTED'
2026-02-18T23:56:15.3394716Z     'Date': 'Wed, 18 Feb 2026 23:56:14 GMT'
2026-02-18T23:56:15.3408038Z 2026-02-18 23:56:15,340 - azure.monitor.opentelemetry.exporter.export._base - INFO - Transmission succeeded: Item received: 3. Items accepted: 3
2026-02-18T23:56:17.2010623Z 2026-02-18 23:56:17,199 - azure.core.pipeline.policies.http_logging_policy - INFO - Request URL: 'https://westus2-2.in.applicationinsights.azure.com//v2.1/track'
2026-02-18T23:56:17.2011290Z Request method: 'POST'
2026-02-18T23:56:17.2011326Z Request headers:
2026-02-18T23:56:17.2011355Z     'Content-Type': 'application/json'
2026-02-18T23:56:17.2011378Z     'Content-Length': '3720'
2026-02-18T23:56:17.2011401Z     'Accept': 'application/json'
2026-02-18T23:56:17.2011520Z     'x-ms-client-request-id': '6a34d1a6-0d25-11f1-9ac0-d2a6f0f32f9f'
2026-02-18T23:56:17.2142271Z     'User-Agent': 'azsdk-python-azuremonitorclient/unknown Python/3.11.14 (Linux-6.6.119.3-1.azl3-x86_64-with-glibc2.31)'
2026-02-18T23:56:17.2142329Z A body is sent with the request
2026-02-18T23:56:17.2779837Z 2026-02-18 23:56:17,277 - azure.core.pipeline.policies.http_logging_policy - INFO - Response status: 200
2026-02-18T23:56:17.2780649Z Response headers:
2026-02-18T23:56:17.2780687Z     'Transfer-Encoding': 'chunked'
2026-02-18T23:56:17.2780716Z     'Content-Type': 'application/json; charset=utf-8'
2026-02-18T23:56:17.2780747Z     'Server': 'Microsoft-HTTPAPI/2.0'
2026-02-18T23:56:17.2780770Z     'Strict-Transport-Security': 'REDACTED'
2026-02-18T23:56:17.2780793Z     'X-Content-Type-Options': 'REDACTED'
2026-02-18T23:56:17.2780897Z     'Date': 'Wed, 18 Feb 2026 23:56:17 GMT'
2026-02-18T23:56:17.2797897Z 2026-02-18 23:56:17,279 - azure.monitor.opentelemetry.exporter.export._base - INFO - Transmission succeeded: Item received: 3. Items accepted: 3
2026-02-18T23:56:20.3450814Z 2026-02-18 23:56:20,344 - azure.core.pipeline.policies.http_logging_policy - INFO - Request URL: 'https://westus2-2.in.applicationinsights.azure.com//v2.1/track'
2026-02-18T23:56:20.3451226Z Request method: 'POST'
2026-02-18T23:56:20.3451258Z Request headers:
2026-02-18T23:56:20.3451282Z     'Content-Type': 'application/json'
2026-02-18T23:56:20.3451308Z     'Content-Length': '3720'
2026-02-18T23:56:20.3451331Z     'Accept': 'application/json'
2026-02-18T23:56:20.3451354Z     'x-ms-client-request-id': '6c14afe6-0d25-11f1-ac5a-d2a6f0f32f9f'
2026-02-18T23:56:20.3451381Z     'User-Agent': 'azsdk-python-azuremonitorclient/unknown Python/3.11.14 (Linux-6.6.119.3-1.azl3-x86_64-with-glibc2.31)'
2026-02-18T23:56:20.3451498Z A body is sent with the request
2026-02-18T23:56:20.4175957Z 2026-02-18 23:56:20,417 - azure.core.pipeline.policies.http_logging_policy - INFO - Response status: 200
2026-02-18T23:56:20.4176498Z Response headers:
2026-02-18T23:56:20.4176537Z     'Transfer-Encoding': 'chunked'
2026-02-18T23:56:20.4176569Z     'Content-Type': 'application/json; charset=utf-8'
2026-02-18T23:56:20.4176602Z     'Server': 'Microsoft-HTTPAPI/2.0'
2026-02-18T23:56:20.4176629Z     'Strict-Transport-Security': 'REDACTED'
2026-02-18T23:56:20.4176653Z     'X-Content-Type-Options': 'REDACTED'
2026-02-18T23:56:20.4176678Z     'Date': 'Wed, 18 Feb 2026 23:56:19 GMT'
2026-02-18T23:56:20.4195883Z 2026-02-18 23:56:20,418 - azure.monitor.opentelemetry.exporter.export._base - INFO - Transmission succeeded: Item received: 3. Items accepted: 3
2026-02-18T23:56:22.2841759Z 2026-02-18 23:56:22,282 - azure.core.pipeline.policies.http_logging_policy - INFO - Request URL: 'https://westus2-2.in.applicationinsights.azure.com//v2.1/track'
2026-02-18T23:56:22.2875625Z Request method: 'POST'
2026-02-18T23:56:22.2875686Z Request headers:
2026-02-18T23:56:22.2879955Z     'Content-Type': 'application/json'
2026-02-18T23:56:22.2880009Z     'Content-Length': '3720'
2026-02-18T23:56:22.2880032Z     'Accept': 'application/json'
2026-02-18T23:56:22.2880056Z     'x-ms-client-request-id': '6d3c651c-0d25-11f1-9ac0-d2a6f0f32f9f'
2026-02-18T23:56:22.2880084Z     'User-Agent': 'azsdk-python-azuremonitorclient/unknown Python/3.11.14 (Linux-6.6.119.3-1.azl3-x86_64-with-glibc2.31)'
2026-02-18T23:56:22.2880112Z A body is sent with the request
2026-02-18T23:56:22.3544964Z 2026-02-18 23:56:22,349 - azure.core.pipeline.policies.http_logging_policy - INFO - Response status: 200
2026-02-18T23:56:22.3545538Z Response headers:
2026-02-18T23:56:22.3545570Z     'Transfer-Encoding': 'chunked'
2026-02-18T23:56:22.3546952Z     'Content-Type': 'application/json; charset=utf-8'
2026-02-18T23:56:22.3547022Z     'Server': 'Microsoft-HTTPAPI/2.0'
2026-02-18T23:56:22.3547047Z     'Strict-Transport-Security': 'REDACTED'
2026-02-18T23:56:22.3547070Z     'X-Content-Type-Options': 'REDACTED'
2026-02-18T23:56:22.3547093Z     'Date': 'Wed, 18 Feb 2026 23:56:22 GMT'
2026-02-18T23:56:22.3547407Z 2026-02-18 23:56:22,350 - azure.monitor.opentelemetry.exporter.export._base - INFO - Transmission succeeded: Item received: 3. Items accepted: 3
2026-02-18T23:56:22.7917907Z 2026-02-18 23:56:22,791 - app.main - INFO - → GET /api/scan
2026-02-18T23:56:22.7969332Z 2026-02-18 23:56:22,796 - app.main - INFO - → POST /api/logs
2026-02-18T23:56:22.8165175Z 2026-02-18 23:56:22,804 - app.main - INFO - → GET /api/multi-leg-opportunities
2026-02-18T23:56:22.8165447Z 2026-02-18 23:56:22,792 - app.main - INFO - → POST /api/logs
2026-02-18T23:56:22.8165484Z 2026-02-18 23:56:22,805 - app.main - INFO - → GET /api/portfolio
2026-02-18T23:56:22.8351449Z 2026-02-18 23:56:22,823 - app.main - INFO - → POST /api/logs
2026-02-18T23:56:22.8803948Z 2026-02-18 23:56:22,880 - app.main - INFO - ← POST /api/logs 200
2026-02-18T23:56:22.8887293Z 169.254.130.1:17513 - "POST /api/logs HTTP/1.1" 200
2026-02-18T23:56:22.8987842Z 2026-02-18 23:56:22,882 - azure.identity._credentials.environment - INFO - Incomplete environment configuration for EnvironmentCredential. These variables are set: AZURE_CLIENT_ID
2026-02-18T23:56:22.8988161Z 2026-02-18 23:56:22,891 - azure.identity._credentials.managed_identity - INFO - ManagedIdentityCredential will use App Service managed identity
2026-02-18T23:56:22.9086912Z 2026-02-18 23:56:22,908 - azure.identity._credentials.environment - INFO - Incomplete environment configuration for EnvironmentCredential. These variables are set: AZURE_CLIENT_ID
2026-02-18T23:56:22.9095137Z 2026-02-18 23:56:22,909 - azure.identity._credentials.managed_identity - INFO - ManagedIdentityCredential will use App Service managed identity
2026-02-18T23:56:22.9110451Z 2026-02-18 23:56:22,910 - azure.core.pipeline.policies.http_logging_policy - INFO - Request URL: 'http://169.254.130.4:8081/msi/token?api-version=REDACTED&resource=REDACTED&client_id=REDACTED'
2026-02-18T23:56:22.9110686Z Request method: 'GET'
2026-02-18T23:56:22.9110717Z Request headers:
2026-02-18T23:56:22.9110744Z     'X-IDENTITY-HEADER': 'REDACTED'
2026-02-18T23:56:22.9110778Z     'User-Agent': 'azsdk-python-identity/1.17.1 Python/3.11.14 (Linux-6.6.119.3-1.azl3-x86_64-with-glibc2.31)'
2026-02-18T23:56:22.9110804Z     'traceparent': '00-9bd1f1c266a24fb24b2fb3cdaf08c830-bf202013697f15a4-01'
2026-02-18T23:56:22.9110876Z No body was attached to the request
2026-02-18T23:56:22.9540397Z 2026-02-18 23:56:22,946 - app.main - INFO - ← POST /api/logs 200
2026-02-18T23:56:22.9628438Z 169.254.130.1:17533 - "POST /api/logs HTTP/1.1" 200
2026-02-18T23:56:22.9628792Z 2026-02-18 23:56:22,947 - app.main - INFO - ← GET /api/multi-leg-opportunities 200
2026-02-18T23:56:22.9628835Z 169.254.130.1:17549 - "GET /api/multi-leg-opportunities HTTP/1.1" 200
2026-02-18T23:56:22.9628865Z 2026-02-18 23:56:22,952 - azure.core.pipeline.policies.http_logging_policy - INFO - Request URL: 'http://169.254.130.4:8081/msi/token?api-version=REDACTED&resource=REDACTED&client_id=REDACTED'
2026-02-18T23:56:22.9628885Z Request method: 'GET'
2026-02-18T23:56:22.9628909Z Request headers:
2026-02-18T23:56:22.9628933Z     'X-IDENTITY-HEADER': 'REDACTED'
2026-02-18T23:56:22.9628996Z     'User-Agent': 'azsdk-python-identity/1.17.1 Python/3.11.14 (Linux-6.6.119.3-1.azl3-x86_64-with-glibc2.31)'
2026-02-18T23:56:22.9629019Z     'traceparent': '00-5205af575b7600567b903e27224a9b4e-1de96e8ca128fbf2-01'
2026-02-18T23:56:22.9629038Z No body was attached to the request
2026-02-18T23:56:22.9984039Z 2026-02-18 23:56:22,990 - app.main - INFO - ← POST /api/logs 200
2026-02-18T23:56:22.9984476Z 169.254.130.1:17551 - "POST /api/logs HTTP/1.1" 200
2026-02-18T23:56:23.1391749Z 2026-02-18 23:56:23,122 - app.main - INFO - → POST /api/logs
2026-02-18T23:56:23.1407600Z 2026-02-18 23:56:23,140 - azure.core.pipeline.policies.http_logging_policy - INFO - Response status: 200
2026-02-18T23:56:23.1407822Z Response headers:
2026-02-18T23:56:23.1407856Z     'Content-Type': 'application/json; charset=utf-8'
2026-02-18T23:56:23.1407879Z     'Date': 'Wed, 18 Feb 2026 23:56:22 GMT'
2026-02-18T23:56:23.1407957Z     'Server': 'Kestrel'
2026-02-18T23:56:23.1407979Z     'Transfer-Encoding': 'chunked'
2026-02-18T23:56:23.1408003Z     'X-CORRELATION-ID': 'REDACTED'
2026-02-18T23:56:23.1701622Z 2026-02-18 23:56:23,152 - azure.identity._credentials.chained - INFO - DefaultAzureCredential acquired a token from ManagedIdentityCredential
2026-02-18T23:56:23.1814175Z 2026-02-18 23:56:23,180 - app.main - INFO - → POST /api/logs
2026-02-18T23:56:23.2178965Z 2026-02-18 23:56:23,200 - azure.core.pipeline.policies.http_logging_policy - INFO - Response status: 200
2026-02-18T23:56:23.2179376Z Response headers:
2026-02-18T23:56:23.2179414Z     'Content-Type': 'application/json; charset=utf-8'
2026-02-18T23:56:23.2179439Z     'Date': 'Wed, 18 Feb 2026 23:56:22 GMT'
2026-02-18T23:56:23.2179534Z     'Server': 'Kestrel'
2026-02-18T23:56:23.2179560Z     'Transfer-Encoding': 'chunked'
2026-02-18T23:56:23.2179582Z     'X-CORRELATION-ID': 'REDACTED'
2026-02-18T23:56:23.2179838Z 2026-02-18 23:56:23,208 - azure.identity._credentials.chained - INFO - DefaultAzureCredential acquired a token from ManagedIdentityCredential
2026-02-18T23:56:23.2482416Z 2026-02-18 23:56:23,230 - app.main - INFO - ← POST /api/logs 200
2026-02-18T23:56:23.2483110Z 169.254.130.1:17551 - "POST /api/logs HTTP/1.1" 200
2026-02-18T23:56:23.2856887Z 2026-02-18 23:56:23,285 - app.main - INFO - ← POST /api/logs 200
2026-02-18T23:56:23.3161067Z 169.254.130.1:17533 - "POST /api/logs HTTP/1.1" 200
2026-02-18T23:56:23.4909957Z 2026-02-18 23:56:23,481 - azure.identity._credentials.environment - INFO - Incomplete environment configuration for EnvironmentCredential. These variables are set: AZURE_CLIENT_ID
2026-02-18T23:56:23.4910303Z 2026-02-18 23:56:23,482 - azure.identity._credentials.managed_identity - INFO - ManagedIdentityCredential will use App Service managed identity
2026-02-18T23:56:23.4910341Z 2026-02-18 23:56:23,483 - azure.core.pipeline.policies.http_logging_policy - INFO - Request URL: 'http://169.254.130.4:8081/msi/token?api-version=REDACTED&resource=REDACTED&client_id=REDACTED'
2026-02-18T23:56:23.4910364Z Request method: 'GET'
2026-02-18T23:56:23.4910385Z Request headers:
2026-02-18T23:56:23.4910407Z     'X-IDENTITY-HEADER': 'REDACTED'
2026-02-18T23:56:23.4910434Z     'User-Agent': 'azsdk-python-identity/1.17.1 Python/3.11.14 (Linux-6.6.119.3-1.azl3-x86_64-with-glibc2.31)'
2026-02-18T23:56:23.4910459Z     'traceparent': '00-178fff3ea7ccd624ca9894ac0a071178-14a44e21d6b45bcc-01'
2026-02-18T23:56:23.4910482Z No body was attached to the request
2026-02-18T23:56:23.5094859Z 2026-02-18 23:56:23,508 - app.main - INFO - ← GET /api/scan 200
2026-02-18T23:56:23.5363628Z 169.254.130.1:17517 - "GET /api/scan HTTP/1.1" 200
2026-02-18T23:56:23.5901319Z 2026-02-18 23:56:23,588 - app.main - INFO - → POST /api/logs
2026-02-18T23:56:23.6078939Z 2026-02-18 23:56:23,607 - app.main - INFO - → POST /api/logs
2026-02-18T23:56:23.6630487Z 2026-02-18 23:56:23,647 - app.main - INFO - ← POST /api/logs 200
2026-02-18T23:56:23.6630834Z 169.254.130.1:17533 - "POST /api/logs HTTP/1.1" 200
2026-02-18T23:56:23.6744691Z 2026-02-18 23:56:23,674 - azure.core.pipeline.policies.http_logging_policy - INFO - Response status: 200
2026-02-18T23:56:23.6744937Z Response headers:
2026-02-18T23:56:23.6744974Z     'Content-Type': 'application/json; charset=utf-8'
2026-02-18T23:56:23.6744999Z     'Date': 'Wed, 18 Feb 2026 23:56:23 GMT'
2026-02-18T23:56:23.6745128Z     'Server': 'Kestrel'
2026-02-18T23:56:23.6745203Z     'Transfer-Encoding': 'chunked'
2026-02-18T23:56:23.6745226Z     'X-CORRELATION-ID': 'REDACTED'
2026-02-18T23:56:23.6989208Z 2026-02-18 23:56:23,680 - azure.identity._credentials.chained - INFO - DefaultAzureCredential acquired a token from ManagedIdentityCredential
2026-02-18T23:56:23.7097328Z 2026-02-18 23:56:23,657 - app.main - INFO - ← POST /api/logs 200
2026-02-18T23:56:23.7097613Z 169.254.130.1:17517 - "POST /api/logs HTTP/1.1" 200
2026-02-18T23:56:23.8185070Z 2026-02-18 23:56:23,818 - app.main - INFO - ← GET /api/portfolio 200
2026-02-18T23:56:23.8201565Z 169.254.130.1:17523 - "GET /api/portfolio HTTP/1.1" 200
2026-02-18T23:56:23.8584263Z 2026-02-18 23:56:23,858 - app.main - INFO - → GET /api/portfolio
2026-02-18T23:56:23.8611969Z 2026-02-18 23:56:23,861 - azure.identity._credentials.environment - INFO - Incomplete environment configuration for EnvironmentCredential. These variables are set: AZURE_CLIENT_ID
2026-02-18T23:56:23.8781990Z 2026-02-18 23:56:23,866 - azure.identity._credentials.managed_identity - INFO - ManagedIdentityCredential will use App Service managed identity
2026-02-18T23:56:23.8782143Z 2026-02-18 23:56:23,868 - azure.core.pipeline.policies.http_logging_policy - INFO - Request URL: 'http://169.254.130.4:8081/msi/token?api-version=REDACTED&resource=REDACTED&client_id=REDACTED'
2026-02-18T23:56:23.8782172Z Request method: 'GET'
2026-02-18T23:56:23.8782195Z Request headers:
2026-02-18T23:56:23.8782218Z     'X-IDENTITY-HEADER': 'REDACTED'
2026-02-18T23:56:23.8782248Z     'User-Agent': 'azsdk-python-identity/1.17.1 Python/3.11.14 (Linux-6.6.119.3-1.azl3-x86_64-with-glibc2.31)'
2026-02-18T23:56:23.8782274Z     'traceparent': '00-14bcc611000affead6a574146cf8ae8f-bb0a705030de6c02-01'
2026-02-18T23:56:23.8782296Z No body was attached to the request
2026-02-18T23:56:23.9476816Z 2026-02-18 23:56:23,938 - azure.core.pipeline.policies.http_logging_policy - INFO - Response status: 200
2026-02-18T23:56:23.9479445Z Response headers:
2026-02-18T23:56:23.9479534Z     'Content-Type': 'application/json; charset=utf-8'
2026-02-18T23:56:23.9479561Z     'Date': 'Wed, 18 Feb 2026 23:56:23 GMT'
2026-02-18T23:56:23.9479584Z     'Server': 'Kestrel'
2026-02-18T23:56:23.9479606Z     'Transfer-Encoding': 'chunked'
2026-02-18T23:56:23.9479627Z     'X-CORRELATION-ID': 'REDACTED'
2026-02-18T23:56:23.9479657Z 2026-02-18 23:56:23,939 - azure.identity._credentials.chained - INFO - DefaultAzureCredential acquired a token from ManagedIdentityCredential
2026-02-18T23:56:24.0116631Z 2026-02-18 23:56:24,011 - azure.identity._credentials.environment - INFO - Incomplete environment configuration for EnvironmentCredential. These variables are set: AZURE_CLIENT_ID
2026-02-18T23:56:24.0158701Z 2026-02-18 23:56:24,012 - azure.identity._credentials.managed_identity - INFO - ManagedIdentityCredential will use App Service managed identity
2026-02-18T23:56:24.0166609Z 2026-02-18 23:56:24,016 - azure.core.pipeline.policies.http_logging_policy - INFO - Request URL: 'http://169.254.130.4:8081/msi/token?api-version=REDACTED&resource=REDACTED&client_id=REDACTED'
2026-02-18T23:56:24.0178601Z Request method: 'GET'
2026-02-18T23:56:24.0178704Z Request headers:
2026-02-18T23:56:24.0178730Z     'X-IDENTITY-HEADER': 'REDACTED'
2026-02-18T23:56:24.0178758Z     'User-Agent': 'azsdk-python-identity/1.17.1 Python/3.11.14 (Linux-6.6.119.3-1.azl3-x86_64-with-glibc2.31)'
2026-02-18T23:56:24.0178782Z     'traceparent': '00-c92c1e66331bb91ffdc2c7d4241645e5-059991940c79d52d-01'
2026-02-18T23:56:24.0178803Z No body was attached to the request
2026-02-18T23:56:24.0758814Z 2026-02-18 23:56:24,075 - azure.core.pipeline.policies.http_logging_policy - INFO - Response status: 200
2026-02-18T23:56:24.0837434Z Response headers:
2026-02-18T23:56:24.0837526Z     'Content-Type': 'application/json; charset=utf-8'
2026-02-18T23:56:24.0837825Z     'Date': 'Wed, 18 Feb 2026 23:56:23 GMT'
2026-02-18T23:56:24.0837854Z     'Server': 'Kestrel'
2026-02-18T23:56:24.0837881Z     'Transfer-Encoding': 'chunked'
2026-02-18T23:56:24.0837904Z     'X-CORRELATION-ID': 'REDACTED'
2026-02-18T23:56:24.0847421Z 2026-02-18 23:56:24,076 - azure.identity._credentials.chained - INFO - DefaultAzureCredential acquired a token from ManagedIdentityCredential
2026-02-18T23:56:24.1622033Z 2026-02-18 23:56:24,161 - app.main - INFO - ← GET /api/portfolio 200
2026-02-18T23:56:24.1622554Z 169.254.130.1:17523 - "GET /api/portfolio HTTP/1.1" 200
2026-02-18T23:56:24.1907447Z 2026-02-18 23:56:24,189 - app.main - INFO - → POST /api/logs
2026-02-18T23:56:24.1990306Z 2026-02-18 23:56:24,198 - app.main - INFO - ← POST /api/logs 200
2026-02-18T23:56:24.2008523Z 169.254.130.1:17523 - "POST /api/logs HTTP/1.1" 200
2026-02-18T23:56:24.2163719Z 2026-02-18 23:56:24,210 - app.main - INFO - → POST /api/logs
2026-02-18T23:56:24.2200472Z 2026-02-18 23:56:24,219 - app.main - INFO - ← POST /api/logs 200
2026-02-18T23:56:24.2271910Z 169.254.130.1:17523 - "POST /api/logs HTTP/1.1" 200
2026-02-18T23:56:25.4613238Z 2026-02-18 23:56:25,446 - azure.core.pipeline.policies.http_logging_policy - INFO - Request URL: 'https://westus2-2.in.applicationinsights.azure.com//v2.1/track'
2026-02-18T23:56:25.4613753Z Request method: 'POST'
2026-02-18T23:56:25.4613786Z Request headers:
2026-02-18T23:56:25.4613809Z     'Content-Type': 'application/json'
2026-02-18T23:56:25.4613835Z     'Content-Length': '24204'
2026-02-18T23:56:25.4647838Z     'Accept': 'application/json'
2026-02-18T23:56:25.4647929Z     'x-ms-client-request-id': '6f1f213a-0d25-11f1-ac5a-d2a6f0f32f9f'
2026-02-18T23:56:25.4647958Z     'User-Agent': 'azsdk-python-azuremonitorclient/unknown Python/3.11.14 (Linux-6.6.119.3-1.azl3-x86_64-with-glibc2.31)'
2026-02-18T23:56:25.4647981Z A body is sent with the request
2026-02-18T23:56:25.5932520Z 2026-02-18 23:56:25,593 - azure.core.pipeline.policies.http_logging_policy - INFO - Response status: 200
2026-02-18T23:56:25.5933214Z Response headers:
2026-02-18T23:56:25.5933264Z     'Transfer-Encoding': 'chunked'
2026-02-18T23:56:25.5933291Z     'Content-Type': 'application/json; charset=utf-8'
2026-02-18T23:56:25.5933314Z     'Server': 'Microsoft-HTTPAPI/2.0'
2026-02-18T23:56:25.5933336Z     'Strict-Transport-Security': 'REDACTED'
2026-02-18T23:56:25.5940763Z     'X-Content-Type-Options': 'REDACTED'
2026-02-18T23:56:25.5940863Z     'Date': 'Wed, 18 Feb 2026 23:56:24 GMT'
2026-02-18T23:56:25.6023586Z 2026-02-18 23:56:25,601 - azure.monitor.opentelemetry.exporter.export._base - INFO - Transmission succeeded: Item received: 24. Items accepted: 24
2026-02-18T23:56:25.6699643Z 2026-02-18 23:56:25,669 - azure.core.pipeline.policies.http_logging_policy - INFO - Request URL: 'https://westus2-2.in.applicationinsights.azure.com//v2.1/track'
2026-02-18T23:56:25.6700418Z Request method: 'POST'
2026-02-18T23:56:25.6700462Z Request headers:
2026-02-18T23:56:25.6700493Z     'Content-Type': 'application/json'
2026-02-18T23:56:25.6700515Z     'Content-Length': '3850'
2026-02-18T23:56:25.6700539Z     'Accept': 'application/json'
2026-02-18T23:56:25.6700563Z     'x-ms-client-request-id': '6f41413e-0d25-11f1-8a4b-d2a6f0f32f9f'
2026-02-18T23:56:25.6779901Z     'User-Agent': 'azsdk-python-azuremonitorclient/unknown Python/3.11.14 (Linux-6.6.119.3-1.azl3-x86_64-with-glibc2.31)'
2026-02-18T23:56:25.6780039Z A body is sent with the request
2026-02-18T23:56:25.7805687Z 2026-02-18 23:56:25,780 - azure.core.pipeline.policies.http_logging_policy - INFO - Response status: 200
2026-02-18T23:56:25.7806519Z Response headers:
2026-02-18T23:56:25.7806563Z     'Transfer-Encoding': 'chunked'
2026-02-18T23:56:25.7806589Z     'Content-Type': 'application/json; charset=utf-8'
2026-02-18T23:56:25.7806622Z     'Server': 'Microsoft-HTTPAPI/2.0'
2026-02-18T23:56:25.7806645Z     'Strict-Transport-Security': 'REDACTED'
2026-02-18T23:56:25.7806667Z     'X-Content-Type-Options': 'REDACTED'
2026-02-18T23:56:25.7806690Z     'Date': 'Wed, 18 Feb 2026 23:56:25 GMT'
2026-02-18T23:56:25.7878571Z 2026-02-18 23:56:25,786 - azure.monitor.opentelemetry.exporter.export._base - INFO - Transmission succeeded: Item received: 3. Items accepted: 3
2026-02-18T23:56:25.8893709Z 2026-02-18 23:56:25,889 - azure.core.pipeline.policies.http_logging_policy - INFO - Request URL: 'https://westus2-2.in.applicationinsights.azure.com//v2.1/track'
2026-02-18T23:56:25.8894329Z Request method: 'POST'
2026-02-18T23:56:25.8894365Z Request headers:
2026-02-18T23:56:25.8894392Z     'Content-Type': 'application/json'
2026-02-18T23:56:25.8894422Z     'Content-Length': '11223'
2026-02-18T23:56:25.8894445Z     'Accept': 'application/json'
2026-02-18T23:56:25.8894469Z     'x-ms-client-request-id': '6f62be04-0d25-11f1-9bbd-d2a6f0f32f9f'
2026-02-18T23:56:25.8894498Z     'User-Agent': 'azsdk-python-azuremonitorclient/unknown Python/3.11.14 (Linux-6.6.119.3-1.azl3-x86_64-with-glibc2.31)'
2026-02-18T23:56:25.8894524Z A body is sent with the request
2026-02-18T23:56:25.9714353Z 2026-02-18 23:56:25,970 - azure.core.pipeline.policies.http_logging_policy - INFO - Response status: 200
2026-02-18T23:56:25.9714839Z Response headers:
2026-02-18T23:56:25.9714875Z     'Transfer-Encoding': 'chunked'
2026-02-18T23:56:25.9714990Z     'Content-Type': 'application/json; charset=utf-8'
2026-02-18T23:56:25.9715014Z     'Server': 'Microsoft-HTTPAPI/2.0'
2026-02-18T23:56:25.9715037Z     'Strict-Transport-Security': 'REDACTED'
2026-02-18T23:56:25.9715059Z     'X-Content-Type-Options': 'REDACTED'
2026-02-18T23:56:25.9715081Z     'Date': 'Wed, 18 Feb 2026 23:56:25 GMT'
2026-02-18T23:56:25.9715110Z 2026-02-18 23:56:25,970 - azure.monitor.opentelemetry.exporter.export._base - INFO - Transmission succeeded: Item received: 9. Items accepted: 9
2026-02-18T23:56:27.3821527Z 2026-02-18 23:56:27,379 - azure.core.pipeline.policies.http_logging_policy - INFO - Request URL: 'https://westus2-2.in.applicationinsights.azure.com//v2.1/track'
2026-02-18T23:56:27.3822099Z Request method: 'POST'
2026-02-18T23:56:27.3822132Z Request headers:
2026-02-18T23:56:27.3822159Z     'Content-Type': 'application/json'
2026-02-18T23:56:27.3822281Z     'Content-Length': '39527'
2026-02-18T23:56:27.3822307Z     'Accept': 'application/json'
2026-02-18T23:56:27.3822331Z     'x-ms-client-request-id': '70463918-0d25-11f1-9ac0-d2a6f0f32f9f'
2026-02-18T23:56:27.3822360Z     'User-Agent': 'azsdk-python-azuremonitorclient/unknown Python/3.11.14 (Linux-6.6.119.3-1.azl3-x86_64-with-glibc2.31)'
2026-02-18T23:56:27.3822382Z A body is sent with the request
2026-02-18T23:56:27.4282963Z 2026-02-18 23:56:27,428 - azure.core.pipeline.policies.http_logging_policy - INFO - Response status: 200
2026-02-18T23:56:27.4283644Z Response headers:
2026-02-18T23:56:27.4283685Z     'Transfer-Encoding': 'chunked'
2026-02-18T23:56:27.4283709Z     'Content-Type': 'application/json; charset=utf-8'
2026-02-18T23:56:27.4283731Z     'Server': 'Microsoft-HTTPAPI/2.0'
2026-02-18T23:56:27.4283752Z     'Strict-Transport-Security': 'REDACTED'
2026-02-18T23:56:27.4300365Z     'X-Content-Type-Options': 'REDACTED'
2026-02-18T23:56:27.4300422Z     'Date': 'Wed, 18 Feb 2026 23:56:27 GMT'
2026-02-18T23:56:27.4301164Z 2026-02-18 23:56:27,429 - azure.monitor.opentelemetry.exporter.export._base - INFO - Transmission succeeded: Item received: 36. Items accepted: 36
2026-02-18T23:56:30.6110567Z 2026-02-18 23:56:30,605 - azure.core.pipeline.policies.http_logging_policy - INFO - Request URL: 'https://westus2-2.in.applicationinsights.azure.com//v2.1/track'
2026-02-18T23:56:30.6111114Z Request method: 'POST'
2026-02-18T23:56:30.6111147Z Request headers:
2026-02-18T23:56:30.6111174Z     'Content-Type': 'application/json'
2026-02-18T23:56:30.6111197Z     'Content-Length': '7443'
2026-02-18T23:56:30.6111219Z     'Accept': 'application/json'
2026-02-18T23:56:30.6111333Z     'x-ms-client-request-id': '72325da6-0d25-11f1-ac5a-d2a6f0f32f9f'
2026-02-18T23:56:30.6111363Z     'User-Agent': 'azsdk-python-azuremonitorclient/unknown Python/3.11.14 (Linux-6.6.119.3-1.azl3-x86_64-with-glibc2.31)'
2026-02-18T23:56:30.6111385Z A body is sent with the request
2026-02-18T23:56:30.7072411Z 2026-02-18 23:56:30,706 - azure.core.pipeline.policies.http_logging_policy - INFO - Response status: 200
2026-02-18T23:56:30.7073245Z Response headers:
2026-02-18T23:56:30.7073289Z     'Transfer-Encoding': 'chunked'
2026-02-18T23:56:30.7073315Z     'Content-Type': 'application/json; charset=utf-8'
2026-02-18T23:56:30.7073338Z     'Server': 'Microsoft-HTTPAPI/2.0'
2026-02-18T23:56:30.7073362Z     'Strict-Transport-Security': 'REDACTED'
2026-02-18T23:56:30.7073389Z     'X-Content-Type-Options': 'REDACTED'
2026-02-18T23:56:30.7073416Z     'Date': 'Wed, 18 Feb 2026 23:56:29 GMT'
2026-02-18T23:56:30.7102334Z 2026-02-18 23:56:30,710 - azure.monitor.opentelemetry.exporter.export._base - INFO - Transmission succeeded: Item received: 6. Items accepted: 6
2026-02-18T23:56:32.4431476Z 2026-02-18 23:56:32,434 - azure.core.pipeline.policies.http_logging_policy - INFO - Request URL: 'https://westus2-2.in.applicationinsights.azure.com//v2.1/track'
2026-02-18T23:56:32.4432134Z Request method: 'POST'
2026-02-18T23:56:32.4432170Z Request headers:
2026-02-18T23:56:32.4432192Z     'Content-Type': 'application/json'
2026-02-18T23:56:32.4432213Z     'Content-Length': '3723'
2026-02-18T23:56:32.4432233Z     'Accept': 'application/json'
2026-02-18T23:56:32.4432420Z     'x-ms-client-request-id': '73497fc6-0d25-11f1-9ac0-d2a6f0f32f9f'
2026-02-18T23:56:32.4432460Z     'User-Agent': 'azsdk-python-azuremonitorclient/unknown Python/3.11.14 (Linux-6.6.119.3-1.azl3-x86_64-with-glibc2.31)'
2026-02-18T23:56:32.4432483Z A body is sent with the request
2026-02-18T23:56:32.6426811Z 2026-02-18 23:56:32,638 - azure.core.pipeline.policies.http_logging_policy - INFO - Response status: 200
2026-02-18T23:56:32.6427423Z Response headers:
2026-02-18T23:56:32.6427459Z     'Transfer-Encoding': 'chunked'
2026-02-18T23:56:32.6427483Z     'Content-Type': 'application/json; charset=utf-8'
2026-02-18T23:56:32.6427505Z     'Server': 'Microsoft-HTTPAPI/2.0'
2026-02-18T23:56:32.6427527Z     'Strict-Transport-Security': 'REDACTED'
2026-02-18T23:56:32.6427549Z     'X-Content-Type-Options': 'REDACTED'
2026-02-18T23:56:32.6427582Z     'Date': 'Wed, 18 Feb 2026 23:56:32 GMT'
2026-02-18T23:56:32.6524823Z 2026-02-18 23:56:32,651 - azure.monitor.opentelemetry.exporter.export._base - INFO - Transmission succeeded: Item received: 3. Items accepted: 3
2026-02-18T23:56:35.7184498Z 2026-02-18 23:56:35,713 - azure.core.pipeline.policies.http_logging_policy - INFO - Request URL: 'https://westus2-2.in.applicationinsights.azure.com//v2.1/track'
2026-02-18T23:56:35.7185006Z Request method: 'POST'
2026-02-18T23:56:35.7185040Z Request headers:
2026-02-18T23:56:35.7185069Z     'Content-Type': 'application/json'
2026-02-18T23:56:35.7185094Z     'Content-Length': '3720'
2026-02-18T23:56:35.7185116Z     'Accept': 'application/json'
2026-02-18T23:56:35.7185140Z     'x-ms-client-request-id': '753dd85e-0d25-11f1-ac5a-d2a6f0f32f9f'
2026-02-18T23:56:35.7185167Z     'User-Agent': 'azsdk-python-azuremonitorclient/unknown Python/3.11.14 (Linux-6.6.119.3-1.azl3-x86_64-with-glibc2.31)'
2026-02-18T23:56:35.7185190Z A body is sent with the request
2026-02-18T23:56:35.7837122Z 2026-02-18 23:56:35,782 - azure.core.pipeline.policies.http_logging_policy - INFO - Response status: 200
2026-02-18T23:56:35.7837753Z Response headers:
2026-02-18T23:56:35.7837786Z     'Transfer-Encoding': 'chunked'
2026-02-18T23:56:35.7837810Z     'Content-Type': 'application/json; charset=utf-8'
2026-02-18T23:56:35.7837835Z     'Server': 'Microsoft-HTTPAPI/2.0'
2026-02-18T23:56:35.7837860Z     'Strict-Transport-Security': 'REDACTED'
2026-02-18T23:56:35.7837885Z     'X-Content-Type-Options': 'REDACTED'
2026-02-18T23:56:35.7837908Z     'Date': 'Wed, 18 Feb 2026 23:56:34 GMT'
2026-02-18T23:56:35.7837939Z 2026-02-18 23:56:35,783 - azure.monitor.opentelemetry.exporter.export._base - INFO - Transmission succeeded: Item received: 3. Items accepted: 3
2026-02-18T23:56:37.6594646Z 2026-02-18 23:56:37,659 - azure.core.pipeline.policies.http_logging_policy - INFO - Request URL: 'https://westus2-2.in.applicationinsights.azure.com//v2.1/track'
2026-02-18T23:56:37.6595152Z Request method: 'POST'
2026-02-18T23:56:37.6595242Z Request headers:
2026-02-18T23:56:37.6595266Z     'Content-Type': 'application/json'
2026-02-18T23:56:37.6595288Z     'Content-Length': '3720'
2026-02-18T23:56:37.6595311Z     'Accept': 'application/json'
2026-02-18T23:56:37.6595334Z     'x-ms-client-request-id': '7666b912-0d25-11f1-9ac0-d2a6f0f32f9f'
2026-02-18T23:56:37.6595361Z     'User-Agent': 'azsdk-python-azuremonitorclient/unknown Python/3.11.14 (Linux-6.6.119.3-1.azl3-x86_64-with-glibc2.31)'
2026-02-18T23:56:37.6595382Z A body is sent with the request
2026-02-18T23:56:37.7838405Z 2026-02-18 23:56:37,782 - azure.core.pipeline.policies.http_logging_policy - INFO - Response status: 200
2026-02-18T23:56:37.7838989Z Response headers:
2026-02-18T23:56:37.7839027Z     'Transfer-Encoding': 'chunked'
2026-02-18T23:56:37.7839052Z     'Content-Type': 'application/json; charset=utf-8'
2026-02-18T23:56:37.7839174Z     'Server': 'Microsoft-HTTPAPI/2.0'
2026-02-18T23:56:37.7839198Z     'Strict-Transport-Security': 'REDACTED'
2026-02-18T23:56:37.7839222Z     'X-Content-Type-Options': 'REDACTED'
2026-02-18T23:56:37.7839245Z     'Date': 'Wed, 18 Feb 2026 23:56:37 GMT'
2026-02-18T23:56:37.7839274Z 2026-02-18 23:56:37,783 - azure.monitor.opentelemetry.exporter.export._base - INFO - Transmission succeeded: Item received: 3. Items accepted: 3
2026-02-18T23:56:40.7892261Z 2026-02-18 23:56:40,786 - azure.core.pipeline.policies.http_logging_policy - INFO - Request URL: 'https://westus2-2.in.applicationinsights.azure.com//v2.1/track'
2026-02-18T23:56:40.7892734Z Request method: 'POST'
2026-02-18T23:56:40.7892765Z Request headers:
2026-02-18T23:56:40.7892787Z     'Content-Type': 'application/json'
2026-02-18T23:56:40.7892807Z     'Content-Length': '3720'
2026-02-18T23:56:40.7893088Z     'Accept': 'application/json'
2026-02-18T23:56:40.7893287Z     'x-ms-client-request-id': '7843d09e-0d25-11f1-ac5a-d2a6f0f32f9f'
2026-02-18T23:56:40.7893315Z     'User-Agent': 'azsdk-python-azuremonitorclient/unknown Python/3.11.14 (Linux-6.6.119.3-1.azl3-x86_64-with-glibc2.31)'
2026-02-18T23:56:40.7893338Z A body is sent with the request
2026-02-18T23:56:40.9285543Z 2026-02-18 23:56:40,927 - azure.core.pipeline.policies.http_logging_policy - INFO - Response status: 200
2026-02-18T23:56:40.9286195Z Response headers:
2026-02-18T23:56:40.9286238Z     'Transfer-Encoding': 'chunked'
2026-02-18T23:56:40.9286264Z     'Content-Type': 'application/json; charset=utf-8'
2026-02-18T23:56:40.9286289Z     'Server': 'Microsoft-HTTPAPI/2.0'
2026-02-18T23:56:40.9286313Z     'Strict-Transport-Security': 'REDACTED'
2026-02-18T23:56:40.9286351Z     'X-Content-Type-Options': 'REDACTED'
2026-02-18T23:56:40.9286460Z     'Date': 'Wed, 18 Feb 2026 23:56:39 GMT'
2026-02-18T23:56:40.9286492Z 2026-02-18 23:56:40,928 - azure.monitor.opentelemetry.exporter.export._base - INFO - Transmission succeeded: Item received: 3. Items accepted: 3
2026-02-18T23:56:42.7863711Z 2026-02-18 23:56:42,785 - azure.core.pipeline.policies.http_logging_policy - INFO - Request URL: 'https://westus2-2.in.applicationinsights.azure.com//v2.1/track'
2026-02-18T23:56:42.7865261Z Request method: 'POST'
2026-02-18T23:56:42.7865316Z Request headers:
2026-02-18T23:56:42.7865341Z     'Content-Type': 'application/json'
2026-02-18T23:56:42.7865363Z     'Content-Length': '3720'
2026-02-18T23:56:42.7865387Z     'Accept': 'application/json'
2026-02-18T23:56:42.7865411Z     'x-ms-client-request-id': '7974f8da-0d25-11f1-9ac0-d2a6f0f32f9f'
2026-02-18T23:56:42.7865445Z     'User-Agent': 'azsdk-python-azuremonitorclient/unknown Python/3.11.14 (Linux-6.6.119.3-1.azl3-x86_64-with-glibc2.31)'
2026-02-18T23:56:42.7865570Z A body is sent with the request
2026-02-18T23:56:42.8495822Z 2026-02-18 23:56:42,849 - azure.core.pipeline.policies.http_logging_policy - INFO - Response status: 200
2026-02-18T23:56:42.8496530Z Response headers:
2026-02-18T23:56:42.8496575Z     'Transfer-Encoding': 'chunked'
2026-02-18T23:56:42.8496603Z     'Content-Type': 'application/json; charset=utf-8'
2026-02-18T23:56:42.8496629Z     'Server': 'Microsoft-HTTPAPI/2.0'
2026-02-18T23:56:42.8496653Z     'Strict-Transport-Security': 'REDACTED'
2026-02-18T23:56:42.8496679Z     'X-Content-Type-Options': 'REDACTED'
2026-02-18T23:56:42.8496709Z     'Date': 'Wed, 18 Feb 2026 23:56:42 GMT'
2026-02-18T23:56:42.8556465Z 2026-02-18 23:56:42,850 - azure.monitor.opentelemetry.exporter.export._base - INFO - Transmission succeeded: Item received: 3. Items accepted: 3
2026-02-18T23:56:45.9360482Z 2026-02-18 23:56:45,931 - azure.core.pipeline.policies.http_logging_policy - INFO - Request URL: 'https://westus2-2.in.applicationinsights.azure.com//v2.1/track'
2026-02-18T23:56:45.9361001Z Request method: 'POST'
2026-02-18T23:56:45.9361030Z Request headers:
2026-02-18T23:56:45.9361052Z     'Content-Type': 'application/json'
2026-02-18T23:56:45.9361075Z     'Content-Length': '3720'
2026-02-18T23:56:45.9361095Z     'Accept': 'application/json'
2026-02-18T23:56:45.9361119Z     'x-ms-client-request-id': '7b54f678-0d25-11f1-ac5a-d2a6f0f32f9f'
2026-02-18T23:56:45.9361147Z     'User-Agent': 'azsdk-python-azuremonitorclient/unknown Python/3.11.14 (Linux-6.6.119.3-1.azl3-x86_64-with-glibc2.31)'
2026-02-18T23:56:45.9361168Z A body is sent with the request
2026-02-18T23:56:46.0556919Z 2026-02-18 23:56:46,054 - azure.core.pipeline.policies.http_logging_policy - INFO - Response status: 200
2026-02-18T23:56:46.0557596Z Response headers:
2026-02-18T23:56:46.0557715Z     'Transfer-Encoding': 'chunked'
2026-02-18T23:56:46.0557739Z     'Content-Type': 'application/json; charset=utf-8'
2026-02-18T23:56:46.0557760Z     'Server': 'Microsoft-HTTPAPI/2.0'
2026-02-18T23:56:46.0557783Z     'Strict-Transport-Security': 'REDACTED'
2026-02-18T23:56:46.0557812Z     'X-Content-Type-Options': 'REDACTED'
2026-02-18T23:56:46.0557833Z     'Date': 'Wed, 18 Feb 2026 23:56:46 GMT'
2026-02-18T23:56:46.0557861Z 2026-02-18 23:56:46,055 - azure.monitor.opentelemetry.exporter.export._base - INFO - Transmission succeeded: Item received: 3. Items accepted: 3
2026-02-18T23:56:47.8541412Z 2026-02-18 23:56:47,853 - azure.core.pipeline.policies.http_logging_policy - INFO - Request URL: 'https://westus2-2.in.applicationinsights.azure.com//v2.1/track'
2026-02-18T23:56:47.8541917Z Request method: 'POST'
2026-02-18T23:56:47.8541958Z Request headers:
2026-02-18T23:56:47.8542060Z     'Content-Type': 'application/json'
2026-02-18T23:56:47.8542082Z     'Content-Length': '3720'
2026-02-18T23:56:47.8542105Z     'Accept': 'application/json'
2026-02-18T23:56:47.8542129Z     'x-ms-client-request-id': '7c7a43e6-0d25-11f1-9ac0-d2a6f0f32f9f'
2026-02-18T23:56:47.8542157Z     'User-Agent': 'azsdk-python-azuremonitorclient/unknown Python/3.11.14 (Linux-6.6.119.3-1.azl3-x86_64-with-glibc2.31)'
2026-02-18T23:56:47.8542180Z A body is sent with the request
2026-02-18T23:56:48.0691469Z 2026-02-18 23:56:48,067 - azure.core.pipeline.policies.http_logging_policy - INFO - Response status: 200
2026-02-18T23:56:48.0692002Z Response headers:
2026-02-18T23:56:48.0692042Z     'Transfer-Encoding': 'chunked'
2026-02-18T23:56:48.0692067Z     'Content-Type': 'application/json; charset=utf-8'
2026-02-18T23:56:48.0692170Z     'Server': 'Microsoft-HTTPAPI/2.0'
2026-02-18T23:56:48.0692195Z     'Strict-Transport-Security': 'REDACTED'
2026-02-18T23:56:48.0692219Z     'X-Content-Type-Options': 'REDACTED'
2026-02-18T23:56:48.0692241Z     'Date': 'Wed, 18 Feb 2026 23:56:47 GMT'
2026-02-18T23:56:48.0692271Z 2026-02-18 23:56:48,068 - azure.monitor.opentelemetry.exporter.export._base - INFO - Transmission succeeded: Item received: 3. Items accepted: 3
2026-02-18T23:56:51.0596424Z 2026-02-18 23:56:51,058 - azure.core.pipeline.policies.http_logging_policy - INFO - Request URL: 'https://westus2-2.in.applicationinsights.azure.com//v2.1/track'
2026-02-18T23:56:51.0596940Z Request method: 'POST'
2026-02-18T23:56:51.0596973Z Request headers:
2026-02-18T23:56:51.0596995Z     'Content-Type': 'application/json'
2026-02-18T23:56:51.0597017Z     'Content-Length': '3720'
2026-02-18T23:56:51.0597040Z     'Accept': 'application/json'
2026-02-18T23:56:51.0597156Z     'x-ms-client-request-id': '7e63338e-0d25-11f1-ac5a-d2a6f0f32f9f'
2026-02-18T23:56:51.0597183Z     'User-Agent': 'azsdk-python-azuremonitorclient/unknown Python/3.11.14 (Linux-6.6.119.3-1.azl3-x86_64-with-glibc2.31)'
2026-02-18T23:56:51.0597205Z A body is sent with the request
2026-02-18T23:56:51.1363306Z 2026-02-18 23:56:51,135 - azure.core.pipeline.policies.http_logging_policy - INFO - Response status: 200
2026-02-18T23:56:51.1363637Z Response headers:
2026-02-18T23:56:51.1363800Z     'Transfer-Encoding': 'chunked'
2026-02-18T23:56:51.1363836Z     'Content-Type': 'application/json; charset=utf-8'
2026-02-18T23:56:51.1363865Z     'Server': 'Microsoft-HTTPAPI/2.0'
2026-02-18T23:56:51.1363889Z     'Strict-Transport-Security': 'REDACTED'
2026-02-18T23:56:51.1363910Z     'X-Content-Type-Options': 'REDACTED'
2026-02-18T23:56:51.1364023Z     'Date': 'Wed, 18 Feb 2026 23:56:51 GMT'
2026-02-18T23:56:51.1507928Z 2026-02-18 23:56:51,144 - azure.monitor.opentelemetry.exporter.export._base - INFO - Transmission succeeded: Item received: 3. Items accepted: 3
2026-02-18T23:56:53.0738699Z 2026-02-18 23:56:53,070 - azure.core.pipeline.policies.http_logging_policy - INFO - Request URL: 'https://westus2-2.in.applicationinsights.azure.com//v2.1/track'
2026-02-18T23:56:53.0739157Z Request method: 'POST'
2026-02-18T23:56:53.0739194Z Request headers:
2026-02-18T23:56:53.0739219Z     'Content-Type': 'application/json'
2026-02-18T23:56:53.0739245Z     'Content-Length': '3720'
2026-02-18T23:56:53.0739273Z     'Accept': 'application/json'
2026-02-18T23:56:53.0739297Z     'x-ms-client-request-id': '7f965d9e-0d25-11f1-9ac0-d2a6f0f32f9f'
2026-02-18T23:56:53.0739323Z     'User-Agent': 'azsdk-python-azuremonitorclient/unknown Python/3.11.14 (Linux-6.6.119.3-1.azl3-x86_64-with-glibc2.31)'
2026-02-18T23:56:53.0739430Z A body is sent with the request
2026-02-18T23:56:53.1345974Z 2026-02-18 23:56:53,133 - azure.core.pipeline.policies.http_logging_policy - INFO - Response status: 200
2026-02-18T23:56:53.1346523Z Response headers:
2026-02-18T23:56:53.1346560Z     'Transfer-Encoding': 'chunked'
2026-02-18T23:56:53.1346592Z     'Content-Type': 'application/json; charset=utf-8'
2026-02-18T23:56:53.1346621Z     'Server': 'Microsoft-HTTPAPI/2.0'
2026-02-18T23:56:53.1346645Z     'Strict-Transport-Security': 'REDACTED'
2026-02-18T23:56:53.1346669Z     'X-Content-Type-Options': 'REDACTED'
2026-02-18T23:56:53.1346692Z     'Date': 'Wed, 18 Feb 2026 23:56:52 GMT'
2026-02-18T23:56:53.1346725Z 2026-02-18 23:56:53,134 - azure.monitor.opentelemetry.exporter.export._base - INFO - Transmission succeeded: Item received: 3. Items accepted: 3
2026-02-18T23:56:56.1560312Z 2026-02-18 23:56:56,154 - azure.core.pipeline.policies.http_logging_policy - INFO - Request URL: 'https://westus2-2.in.applicationinsights.azure.com//v2.1/track'
2026-02-18T23:56:56.1560911Z Request method: 'POST'
2026-02-18T23:56:56.1560945Z Request headers:
2026-02-18T23:56:56.1560968Z     'Content-Type': 'application/json'
2026-02-18T23:56:56.1561005Z     'Content-Length': '3720'
2026-02-18T23:56:56.1561031Z     'Accept': 'application/json'
2026-02-18T23:56:56.1561056Z     'x-ms-client-request-id': '816ce2c8-0d25-11f1-ac5a-d2a6f0f32f9f'
2026-02-18T23:56:56.1561086Z     'User-Agent': 'azsdk-python-azuremonitorclient/unknown Python/3.11.14 (Linux-6.6.119.3-1.azl3-x86_64-with-glibc2.31)'
2026-02-18T23:56:56.1561108Z A body is sent with the request
2026-02-18T23:56:56.2906416Z 2026-02-18 23:56:56,290 - azure.core.pipeline.policies.http_logging_policy - INFO - Response status: 200
2026-02-18T23:56:56.2907073Z Response headers:
2026-02-18T23:56:56.2907102Z     'Transfer-Encoding': 'chunked'
2026-02-18T23:56:56.2907126Z     'Content-Type': 'application/json; charset=utf-8'
2026-02-18T23:56:56.2907148Z     'Server': 'Microsoft-HTTPAPI/2.0'
2026-02-18T23:56:56.2907170Z     'Strict-Transport-Security': 'REDACTED'
2026-02-18T23:56:56.2907194Z     'X-Content-Type-Options': 'REDACTED'
2026-02-18T23:56:56.2907215Z     'Date': 'Wed, 18 Feb 2026 23:56:56 GMT'
2026-02-18T23:56:56.2976959Z 2026-02-18 23:56:56,297 - azure.monitor.opentelemetry.exporter.export._base - INFO - Transmission succeeded: Item received: 3. Items accepted: 3
2026-02-18T23:56:58.1395066Z 2026-02-18 23:56:58,137 - azure.core.pipeline.policies.http_logging_policy - INFO - Request URL: 'https://westus2-2.in.applicationinsights.azure.com//v2.1/track'
2026-02-18T23:56:58.1395574Z Request method: 'POST'
2026-02-18T23:56:58.1395691Z Request headers:
2026-02-18T23:56:58.1395716Z     'Content-Type': 'application/json'
2026-02-18T23:56:58.1395740Z     'Content-Length': '3720'
2026-02-18T23:56:58.1395764Z     'Accept': 'application/json'
2026-02-18T23:56:58.1395788Z     'x-ms-client-request-id': '829b7966-0d25-11f1-9ac0-d2a6f0f32f9f'
2026-02-18T23:56:58.1395816Z     'User-Agent': 'azsdk-python-azuremonitorclient/unknown Python/3.11.14 (Linux-6.6.119.3-1.azl3-x86_64-with-glibc2.31)'
2026-02-18T23:56:58.1395838Z A body is sent with the request
2026-02-18T23:56:58.3776127Z 2026-02-18 23:56:58,376 - azure.core.pipeline.policies.http_logging_policy - INFO - Response status: 200
2026-02-18T23:56:58.3776613Z Response headers:
2026-02-18T23:56:58.3776649Z     'Transfer-Encoding': 'chunked'
2026-02-18T23:56:58.3776761Z     'Content-Type': 'application/json; charset=utf-8'
2026-02-18T23:56:58.3776787Z     'Server': 'Microsoft-HTTPAPI/2.0'
2026-02-18T23:56:58.3776810Z     'Strict-Transport-Security': 'REDACTED'
2026-02-18T23:56:58.3776833Z     'X-Content-Type-Options': 'REDACTED'
2026-02-18T23:56:58.3777432Z     'Date': 'Wed, 18 Feb 2026 23:56:57 GMT'
2026-02-18T23:56:58.3777496Z 2026-02-18 23:56:58,376 - azure.monitor.opentelemetry.exporter.export._base - INFO - Transmission succeeded: Item received: 3. Items accepted: 3
2026-02-18T23:57:01.3195792Z 2026-02-18 23:57:01,304 - azure.core.pipeline.policies.http_logging_policy - INFO - Request URL: 'https://westus2-2.in.applicationinsights.azure.com//v2.1/track'
2026-02-18T23:57:01.3196319Z Request method: 'POST'
2026-02-18T23:57:01.3196537Z Request headers:
2026-02-18T23:57:01.3196562Z     'Content-Type': 'application/json'
2026-02-18T23:57:01.3196829Z     'Content-Length': '3719'
2026-02-18T23:57:01.3196852Z     'Accept': 'application/json'
2026-02-18T23:57:01.3197032Z     'x-ms-client-request-id': '847e968c-0d25-11f1-ac5a-d2a6f0f32f9f'
2026-02-18T23:57:01.3197056Z     'User-Agent': 'azsdk-python-azuremonitorclient/unknown Python/3.11.14 (Linux-6.6.119.3-1.azl3-x86_64-with-glibc2.31)'
2026-02-18T23:57:01.3197075Z A body is sent with the request
2026-02-18T23:57:01.4733532Z 2026-02-18 23:57:01,471 - azure.core.pipeline.policies.http_logging_policy - INFO - Response status: 200
2026-02-18T23:57:01.4734508Z Response headers:
2026-02-18T23:57:01.4734550Z     'Transfer-Encoding': 'chunked'
2026-02-18T23:57:01.4734580Z     'Content-Type': 'application/json; charset=utf-8'
2026-02-18T23:57:01.4734602Z     'Server': 'Microsoft-HTTPAPI/2.0'
2026-02-18T23:57:01.4734625Z     'Strict-Transport-Security': 'REDACTED'
2026-02-18T23:57:01.4734730Z     'X-Content-Type-Options': 'REDACTED'
2026-02-18T23:57:01.4734754Z     'Date': 'Wed, 18 Feb 2026 23:57:01 GMT'
2026-02-18T23:57:01.4735150Z 2026-02-18 23:57:01,472 - azure.monitor.opentelemetry.exporter.export._base - INFO - Transmission succeeded: Item received: 3. Items accepted: 3
2026-02-18T23:57:03.3820267Z 2026-02-18 23:57:03,380 - azure.core.pipeline.policies.http_logging_policy - INFO - Request URL: 'https://westus2-2.in.applicationinsights.azure.com//v2.1/track'
2026-02-18T23:57:03.3822072Z Request method: 'POST'
2026-02-18T23:57:03.3822132Z Request headers:
2026-02-18T23:57:03.3822160Z     'Content-Type': 'application/json'
2026-02-18T23:57:03.3822182Z     'Content-Length': '3720'
2026-02-18T23:57:03.3822204Z     'Accept': 'application/json'
2026-02-18T23:57:03.3822227Z     'x-ms-client-request-id': '85bb6ec6-0d25-11f1-9ac0-d2a6f0f32f9f'
2026-02-18T23:57:03.3822474Z     'User-Agent': 'azsdk-python-azuremonitorclient/unknown Python/3.11.14 (Linux-6.6.119.3-1.azl3-x86_64-with-glibc2.31)'
2026-02-18T23:57:03.3822503Z A body is sent with the request
2026-02-18T23:57:03.4524280Z 2026-02-18 23:57:03,452 - azure.core.pipeline.policies.http_logging_policy - INFO - Response status: 200
2026-02-18T23:57:03.4526743Z Response headers:
2026-02-18T23:57:03.4526801Z     'Transfer-Encoding': 'chunked'
2026-02-18T23:57:03.4526826Z     'Content-Type': 'application/json; charset=utf-8'
2026-02-18T23:57:03.4526848Z     'Server': 'Microsoft-HTTPAPI/2.0'
2026-02-18T23:57:03.4526871Z     'Strict-Transport-Security': 'REDACTED'
2026-02-18T23:57:03.4526902Z     'X-Content-Type-Options': 'REDACTED'
2026-02-18T23:57:03.4526927Z     'Date': 'Wed, 18 Feb 2026 23:57:02 GMT'
2026-02-18T23:57:03.4543185Z 2026-02-18 23:57:03,454 - azure.monitor.opentelemetry.exporter.export._base - INFO - Transmission succeeded: Item received: 3. Items accepted: 3
2026-02-18T23:57:06.3922575Z 2026-02-18 23:57:06,391 - azure.core.pipeline.policies.http_logging_policy - INFO - Request URL: 'https://westus2-2.in.applicationinsights.azure.com//v2.1/track'
2026-02-18T23:57:06.3923773Z Request method: 'POST'
2026-02-18T23:57:06.3923813Z Request headers:
2026-02-18T23:57:06.3923837Z     'Content-Type': 'application/json'
2026-02-18T23:57:06.3923859Z     'Content-Length': '1088'
2026-02-18T23:57:06.3923881Z     'Accept': 'application/json'
2026-02-18T23:57:06.3923912Z     'x-ms-client-request-id': '8786fc0c-0d25-11f1-8766-d2a6f0f32f9f'
2026-02-18T23:57:06.3923948Z     'User-Agent': 'azsdk-python-azuremonitorclient/unknown Python/3.11.14 (Linux-6.6.119.3-1.azl3-x86_64-with-glibc2.31)'
2026-02-18T23:57:06.3923971Z A body is sent with the request
2026-02-18T23:57:06.4216639Z 2026-02-18 23:57:06,420 - azure.core.pipeline.policies.http_logging_policy - INFO - Response status: 200
2026-02-18T23:57:06.4217793Z Response headers:
2026-02-18T23:57:06.4217844Z     'Transfer-Encoding': 'chunked'
2026-02-18T23:57:06.4217869Z     'Content-Type': 'application/json; charset=utf-8'
2026-02-18T23:57:06.4218136Z     'Server': 'Microsoft-HTTPAPI/2.0'
2026-02-18T23:57:06.4218164Z     'Strict-Transport-Security': 'REDACTED'
2026-02-18T23:57:06.4218192Z     'X-Content-Type-Options': 'REDACTED'
2026-02-18T23:57:06.4218214Z     'Date': 'Wed, 18 Feb 2026 23:57:05 GMT'
2026-02-18T23:57:06.4218243Z 2026-02-18 23:57:06,421 - azure.monitor.opentelemetry.exporter.export._base - INFO - Transmission succeeded: Item received: 1. Items accepted: 1
2026-02-18T23:57:06.4875336Z 2026-02-18 23:57:06,481 - azure.core.pipeline.policies.http_logging_policy - INFO - Request URL: 'https://westus2-2.in.applicationinsights.azure.com//v2.1/track'
2026-02-18T23:57:06.4876271Z Request method: 'POST'
2026-02-18T23:57:06.4876307Z Request headers:
2026-02-18T23:57:06.4876330Z     'Content-Type': 'application/json'
2026-02-18T23:57:06.4876353Z     'Content-Length': '7440'
2026-02-18T23:57:06.4876376Z     'Accept': 'application/json'
2026-02-18T23:57:06.4876400Z     'x-ms-client-request-id': '8794b482-0d25-11f1-ac5a-d2a6f0f32f9f'
2026-02-18T23:57:06.4876429Z     'User-Agent': 'azsdk-python-azuremonitorclient/unknown Python/3.11.14 (Linux-6.6.119.3-1.azl3-x86_64-with-glibc2.31)'
2026-02-18T23:57:06.4876451Z A body is sent with the request
2026-02-18T23:57:06.5744591Z 2026-02-18 23:57:06,574 - azure.core.pipeline.policies.http_logging_policy - INFO - Response status: 200
2026-02-18T23:57:06.5746089Z Response headers:
2026-02-18T23:57:06.5746208Z     'Transfer-Encoding': 'chunked'
2026-02-18T23:57:06.5746233Z     'Content-Type': 'application/json; charset=utf-8'
2026-02-18T23:57:06.5746255Z     'Server': 'Microsoft-HTTPAPI/2.0'
2026-02-18T23:57:06.5746276Z     'Strict-Transport-Security': 'REDACTED'
2026-02-18T23:57:06.5746297Z     'X-Content-Type-Options': 'REDACTED'
2026-02-18T23:57:06.5746317Z     'Date': 'Wed, 18 Feb 2026 23:57:06 GMT'
2026-02-18T23:57:06.5781283Z 2026-02-18 23:57:06,577 - azure.monitor.opentelemetry.exporter.export._base - INFO - Transmission succeeded: Item received: 6. Items accepted: 6
2026-02-18T23:57:07.0152058Z 2026-02-18 23:57:07,006 - azure.core.pipeline.policies.http_logging_policy - INFO - Request URL: 'https://westus2-2.in.applicationinsights.azure.com//v2.1/track'
2026-02-18T23:57:07.0152553Z Request method: 'POST'
2026-02-18T23:57:07.0152589Z Request headers:
2026-02-18T23:57:07.0152869Z     'Content-Type': 'application/json'
2026-02-18T23:57:07.0152894Z     'Content-Length': '1087'
2026-02-18T23:57:07.0152916Z     'Accept': 'application/json'
2026-02-18T23:57:07.0152941Z     'x-ms-client-request-id': '87e4b090-0d25-11f1-8f99-d2a6f0f32f9f'
2026-02-18T23:57:07.0152968Z     'User-Agent': 'azsdk-python-azuremonitorclient/unknown Python/3.11.14 (Linux-6.6.119.3-1.azl3-x86_64-with-glibc2.31)'
2026-02-18T23:57:07.0152990Z A body is sent with the request
2026-02-18T23:57:07.0218731Z 2026-02-18 23:57:07,016 - azure.core.pipeline.policies.http_logging_policy - INFO - Response status: 200
2026-02-18T23:57:07.0218840Z Response headers:
2026-02-18T23:57:07.0218865Z     'Transfer-Encoding': 'chunked'
2026-02-18T23:57:07.0218887Z     'Content-Type': 'application/json; charset=utf-8'
2026-02-18T23:57:07.0218909Z     'Server': 'Microsoft-HTTPAPI/2.0'
2026-02-18T23:57:07.0218975Z     'Strict-Transport-Security': 'REDACTED'
2026-02-18T23:57:07.0218996Z     'X-Content-Type-Options': 'REDACTED'
2026-02-18T23:57:07.0219017Z     'Date': 'Wed, 18 Feb 2026 23:57:06 GMT'
2026-02-18T23:57:07.0323395Z 2026-02-18 23:57:07,031 - azure.monitor.opentelemetry.exporter.export._base - INFO - Transmission succeeded: Item received: 1. Items accepted: 1
2026-02-18T23:57:08.4983729Z 2026-02-18 23:57:08,486 - azure.core.pipeline.policies.http_logging_policy - INFO - Request URL: 'https://westus2-2.in.applicationinsights.azure.com//v2.1/track'
2026-02-18T23:57:08.4984332Z Request method: 'POST'
2026-02-18T23:57:08.4984366Z Request headers:
2026-02-18T23:57:08.4984390Z     'Content-Type': 'application/json'
2026-02-18T23:57:08.4984415Z     'Content-Length': '7440'
2026-02-18T23:57:08.4984443Z     'Accept': 'application/json'
2026-02-18T23:57:08.4984555Z     'x-ms-client-request-id': '88c69870-0d25-11f1-9ac0-d2a6f0f32f9f'
2026-02-18T23:57:08.4984585Z     'User-Agent': 'azsdk-python-azuremonitorclient/unknown Python/3.11.14 (Linux-6.6.119.3-1.azl3-x86_64-with-glibc2.31)'
2026-02-18T23:57:08.4984610Z A body is sent with the request
2026-02-18T23:57:08.5439316Z 2026-02-18 23:57:08,541 - azure.core.pipeline.policies.http_logging_policy - INFO - Response status: 200
2026-02-18T23:57:08.5439904Z Response headers:
2026-02-18T23:57:08.5439938Z     'Transfer-Encoding': 'chunked'
2026-02-18T23:57:08.5439962Z     'Content-Type': 'application/json; charset=utf-8'
2026-02-18T23:57:08.5439984Z     'Server': 'Microsoft-HTTPAPI/2.0'
2026-02-18T23:57:08.5440007Z     'Strict-Transport-Security': 'REDACTED'
2026-02-18T23:57:08.5440034Z     'X-Content-Type-Options': 'REDACTED'
2026-02-18T23:57:08.5440100Z     'Date': 'Wed, 18 Feb 2026 23:57:07 GMT'
2026-02-18T23:57:08.5440130Z 2026-02-18 23:57:08,543 - azure.monitor.opentelemetry.exporter.export._base - INFO - Transmission succeeded: Item received: 6. Items accepted: 6
2026-02-18T23:57:11.5829602Z 2026-02-18 23:57:11,582 - azure.core.pipeline.policies.http_logging_policy - INFO - Request URL: 'https://westus2-2.in.applicationinsights.azure.com//v2.1/track'
2026-02-18T23:57:11.5831952Z Request method: 'POST'
2026-02-18T23:57:11.5832007Z Request headers:
2026-02-18T23:57:11.5832042Z     'Content-Type': 'application/json'
2026-02-18T23:57:11.5832067Z     'Content-Length': '3718'
2026-02-18T23:57:11.5832089Z     'Accept': 'application/json'
2026-02-18T23:57:11.5832114Z     'x-ms-client-request-id': '8a9ef9a8-0d25-11f1-ac5a-d2a6f0f32f9f'
2026-02-18T23:57:11.5832142Z     'User-Agent': 'azsdk-python-azuremonitorclient/unknown Python/3.11.14 (Linux-6.6.119.3-1.azl3-x86_64-with-glibc2.31)'
2026-02-18T23:57:11.5832248Z A body is sent with the request
2026-02-18T23:57:11.6833100Z 2026-02-18 23:57:11,682 - azure.core.pipeline.policies.http_logging_policy - INFO - Response status: 200
2026-02-18T23:57:11.6833801Z Response headers:
2026-02-18T23:57:11.6833844Z     'Transfer-Encoding': 'chunked'
2026-02-18T23:57:11.6833869Z     'Content-Type': 'application/json; charset=utf-8'
2026-02-18T23:57:11.6833892Z     'Server': 'Microsoft-HTTPAPI/2.0'
2026-02-18T23:57:11.6833915Z     'Strict-Transport-Security': 'REDACTED'
2026-02-18T23:57:11.6833940Z     'X-Content-Type-Options': 'REDACTED'
2026-02-18T23:57:11.6833966Z     'Date': 'Wed, 18 Feb 2026 23:57:11 GMT'
2026-02-18T23:57:11.6833996Z 2026-02-18 23:57:11,682 - azure.monitor.opentelemetry.exporter.export._base - INFO - Transmission succeeded: Item received: 3. Items accepted: 3
2026-02-18T23:57:13.5472332Z 2026-02-18 23:57:13,546 - azure.core.pipeline.policies.http_logging_policy - INFO - Request URL: 'https://westus2-2.in.applicationinsights.azure.com//v2.1/track'
2026-02-18T23:57:13.5472927Z Request method: 'POST'
2026-02-18T23:57:13.5472961Z Request headers:
2026-02-18T23:57:13.5472988Z     'Content-Type': 'application/json'
2026-02-18T23:57:13.5473012Z     'Content-Length': '3720'
2026-02-18T23:57:13.5473035Z     'Accept': 'application/json'
2026-02-18T23:57:13.5473061Z     'x-ms-client-request-id': '8bcac118-0d25-11f1-9ac0-d2a6f0f32f9f'
2026-02-18T23:57:13.5473092Z     'User-Agent': 'azsdk-python-azuremonitorclient/unknown Python/3.11.14 (Linux-6.6.119.3-1.azl3-x86_64-with-glibc2.31)'
2026-02-18T23:57:13.5473120Z A body is sent with the request
2026-02-18T23:57:13.6687662Z 2026-02-18 23:57:13,661 - azure.core.pipeline.policies.http_logging_policy - INFO - Response status: 200
2026-02-18T23:57:13.6689101Z Response headers:
2026-02-18T23:57:13.6689171Z     'Transfer-Encoding': 'chunked'
2026-02-18T23:57:13.6689197Z     'Content-Type': 'application/json; charset=utf-8'
2026-02-18T23:57:13.6689220Z     'Server': 'Microsoft-HTTPAPI/2.0'
2026-02-18T23:57:13.6689243Z     'Strict-Transport-Security': 'REDACTED'
2026-02-18T23:57:13.6689266Z     'X-Content-Type-Options': 'REDACTED'
2026-02-18T23:57:13.6689288Z     'Date': 'Wed, 18 Feb 2026 23:57:12 GMT'
2026-02-18T23:57:13.6689317Z 2026-02-18 23:57:13,662 - azure.monitor.opentelemetry.exporter.export._base - INFO - Transmission succeeded: Item received: 3. Items accepted: 3
2026-02-18T23:57:16.7206633Z 2026-02-18 23:57:16,718 - azure.core.pipeline.policies.http_logging_policy - INFO - Request URL: 'https://westus2-2.in.applicationinsights.azure.com//v2.1/track'
2026-02-18T23:57:16.7208134Z Request method: 'POST'
2026-02-18T23:57:16.7208270Z Request headers:
2026-02-18T23:57:16.7208300Z     'Content-Type': 'application/json'
2026-02-18T23:57:16.7208322Z     'Content-Length': '3720'
2026-02-18T23:57:16.7208346Z     'Accept': 'application/json'
2026-02-18T23:57:16.7208370Z     'x-ms-client-request-id': '8daebc8c-0d25-11f1-ac5a-d2a6f0f32f9f'
2026-02-18T23:57:16.7208398Z     'User-Agent': 'azsdk-python-azuremonitorclient/unknown Python/3.11.14 (Linux-6.6.119.3-1.azl3-x86_64-with-glibc2.31)'
2026-02-18T23:57:16.7208420Z A body is sent with the request
2026-02-18T23:57:16.8721436Z 2026-02-18 23:57:16,870 - azure.core.pipeline.policies.http_logging_policy - INFO - Response status: 200
2026-02-18T23:57:16.8722175Z Response headers:
2026-02-18T23:57:16.8722215Z     'Transfer-Encoding': 'chunked'
2026-02-18T23:57:16.8722244Z     'Content-Type': 'application/json; charset=utf-8'
2026-02-18T23:57:16.8722344Z     'Server': 'Microsoft-HTTPAPI/2.0'
2026-02-18T23:57:16.8722368Z     'Strict-Transport-Security': 'REDACTED'
2026-02-18T23:57:16.8722391Z     'X-Content-Type-Options': 'REDACTED'
2026-02-18T23:57:16.8722413Z     'Date': 'Wed, 18 Feb 2026 23:57:16 GMT'
2026-02-18T23:57:16.8722445Z 2026-02-18 23:57:16,871 - azure.monitor.opentelemetry.exporter.export._base - INFO - Transmission succeeded: Item received: 3. Items accepted: 3
2026-02-18T23:57:18.6671008Z 2026-02-18 23:57:18,666 - azure.core.pipeline.policies.http_logging_policy - INFO - Request URL: 'https://westus2-2.in.applicationinsights.azure.com//v2.1/track'
2026-02-18T23:57:18.6671659Z Request method: 'POST'
2026-02-18T23:57:18.6671697Z Request headers:
2026-02-18T23:57:18.6671725Z     'Content-Type': 'application/json'
2026-02-18T23:57:18.6671746Z     'Content-Length': '3719'
2026-02-18T23:57:18.6671864Z     'Accept': 'application/json'
2026-02-18T23:57:18.6671890Z     'x-ms-client-request-id': '8ed7eb38-0d25-11f1-9ac0-d2a6f0f32f9f'
2026-02-18T23:57:18.6671918Z     'User-Agent': 'azsdk-python-azuremonitorclient/unknown Python/3.11.14 (Linux-6.6.119.3-1.azl3-x86_64-with-glibc2.31)'
2026-02-18T23:57:18.6671941Z A body is sent with the request
2026-02-18T23:57:18.7972774Z 2026-02-18 23:57:18,796 - azure.core.pipeline.policies.http_logging_policy - INFO - Response status: 200
2026-02-18T23:57:18.7973521Z Response headers:
2026-02-18T23:57:18.7973557Z     'Transfer-Encoding': 'chunked'
2026-02-18T23:57:18.7973589Z     'Content-Type': 'application/json; charset=utf-8'
2026-02-18T23:57:18.7973618Z     'Server': 'Microsoft-HTTPAPI/2.0'
2026-02-18T23:57:18.7973641Z     'Strict-Transport-Security': 'REDACTED'
2026-02-18T23:57:18.7973664Z     'X-Content-Type-Options': 'REDACTED'
2026-02-18T23:57:18.7973777Z     'Date': 'Wed, 18 Feb 2026 23:57:18 GMT'
2026-02-18T23:57:18.7973807Z 2026-02-18 23:57:18,796 - azure.monitor.opentelemetry.exporter.export._base - INFO - Transmission succeeded: Item received: 3. Items accepted: 3
2026-02-18T23:57:21.8820260Z 2026-02-18 23:57:21,879 - azure.core.pipeline.policies.http_logging_policy - INFO - Request URL: 'https://westus2-2.in.applicationinsights.azure.com//v2.1/track'
2026-02-18T23:57:21.8820868Z Request method: 'POST'
2026-02-18T23:57:21.8820902Z Request headers:
2026-02-18T23:57:21.8821012Z     'Content-Type': 'application/json'
2026-02-18T23:57:21.8821040Z     'Content-Length': '3720'
2026-02-18T23:57:21.8821065Z     'Accept': 'application/json'
2026-02-18T23:57:21.8821090Z     'x-ms-client-request-id': '90c243e4-0d25-11f1-ac5a-d2a6f0f32f9f'
2026-02-18T23:57:21.8821119Z     'User-Agent': 'azsdk-python-azuremonitorclient/unknown Python/3.11.14 (Linux-6.6.119.3-1.azl3-x86_64-with-glibc2.31)'
2026-02-18T23:57:21.8821237Z A body is sent with the request
2026-02-18T23:57:21.9500078Z 2026-02-18 23:57:21,942 - azure.core.pipeline.policies.http_logging_policy - INFO - Response status: 200
2026-02-18T23:57:21.9500415Z Response headers:
2026-02-18T23:57:21.9500449Z     'Transfer-Encoding': 'chunked'
2026-02-18T23:57:21.9500479Z     'Content-Type': 'application/json; charset=utf-8'
2026-02-18T23:57:21.9500505Z     'Server': 'Microsoft-HTTPAPI/2.0'
2026-02-18T23:57:21.9500529Z     'Strict-Transport-Security': 'REDACTED'
2026-02-18T23:57:21.9500552Z     'X-Content-Type-Options': 'REDACTED'
2026-02-18T23:57:21.9500574Z     'Date': 'Wed, 18 Feb 2026 23:57:21 GMT'
2026-02-18T23:57:21.9745040Z 2026-02-18 23:57:21,955 - azure.monitor.opentelemetry.exporter.export._base - INFO - Transmission succeeded: Item received: 3. Items accepted: 3
2026-02-18T23:57:22.7789402Z 2026-02-18 23:57:22,778 - app.main - INFO - → GET /api/scan
2026-02-18T23:57:22.8036481Z 2026-02-18 23:57:22,786 - app.main - INFO - → POST /api/logs
2026-02-18T23:57:22.8699472Z 2026-02-18 23:57:22,869 - app.main - INFO - → GET /api/portfolio
2026-02-18T23:57:22.8718393Z 2026-02-18 23:57:22,871 - app.main - INFO - → POST /api/logs
2026-02-18T23:57:22.8911068Z 2026-02-18 23:57:22,879 - app.main - INFO - → POST /api/logs
2026-02-18T23:57:22.9435083Z 2026-02-18 23:57:22,943 - azure.identity._credentials.environment - INFO - Incomplete environment configuration for EnvironmentCredential. These variables are set: AZURE_CLIENT_ID
2026-02-18T23:57:22.9613893Z 2026-02-18 23:57:22,960 - app.main - INFO - → GET /api/multi-leg-opportunities
2026-02-18T23:57:22.9793230Z 2026-02-18 23:57:22,979 - app.main - INFO - ← POST /api/logs 200
2026-02-18T23:57:22.9862968Z 169.254.130.1:63487 - "POST /api/logs HTTP/1.1" 200
2026-02-18T23:57:22.9863834Z 2026-02-18 23:57:22,980 - app.main - INFO - ← POST /api/logs 200
2026-02-18T23:57:22.9863876Z 169.254.130.1:63457 - "POST /api/logs HTTP/1.1" 200
2026-02-18T23:57:22.9898872Z 2026-02-18 23:57:22,980 - azure.identity._credentials.managed_identity - INFO - ManagedIdentityCredential will use App Service managed identity
2026-02-18T23:57:22.9899129Z 2026-02-18 23:57:22,988 - azure.core.pipeline.policies.http_logging_policy - INFO - Request URL: 'http://169.254.130.4:8081/msi/token?api-version=REDACTED&resource=REDACTED&client_id=REDACTED'
2026-02-18T23:57:22.9899161Z Request method: 'GET'
2026-02-18T23:57:22.9899183Z Request headers:
2026-02-18T23:57:22.9899218Z     'X-IDENTITY-HEADER': 'REDACTED'
2026-02-18T23:57:22.9899291Z     'User-Agent': 'azsdk-python-identity/1.17.1 Python/3.11.14 (Linux-6.6.119.3-1.azl3-x86_64-with-glibc2.31)'
2026-02-18T23:57:22.9899433Z     'traceparent': '00-65cc9d54574e7a771724775e274bd721-da89432f4386bc3b-01'
2026-02-18T23:57:22.9899460Z No body was attached to the request
2026-02-18T23:57:23.0442804Z 2026-02-18 23:57:23,041 - azure.identity._credentials.environment - INFO - Incomplete environment configuration for EnvironmentCredential. These variables are set: AZURE_CLIENT_ID
2026-02-18T23:57:23.0696165Z 2026-02-18 23:57:23,044 - app.main - INFO - ← GET /api/multi-leg-opportunities 200
2026-02-18T23:57:23.0902304Z 2026-02-18 23:57:23,072 - azure.identity._credentials.managed_identity - INFO - ManagedIdentityCredential will use App Service managed identity
2026-02-18T23:57:23.1152578Z 169.254.130.1:63515 - "GET /api/multi-leg-opportunities HTTP/1.1" 200
2026-02-18T23:57:23.1348457Z 2026-02-18 23:57:23,133 - app.main - INFO - ← POST /api/logs 200
2026-02-18T23:57:23.1348957Z 169.254.130.1:63503 - "POST /api/logs HTTP/1.1" 200
2026-02-18T23:57:23.1512424Z 2026-02-18 23:57:23,143 - azure.core.pipeline.policies.http_logging_policy - INFO - Request URL: 'http://169.254.130.4:8081/msi/token?api-version=REDACTED&resource=REDACTED&client_id=REDACTED'
2026-02-18T23:57:23.1513271Z Request method: 'GET'
2026-02-18T23:57:23.1513303Z Request headers:
2026-02-18T23:57:23.1513328Z     'X-IDENTITY-HEADER': 'REDACTED'
2026-02-18T23:57:23.1513356Z     'User-Agent': 'azsdk-python-identity/1.17.1 Python/3.11.14 (Linux-6.6.119.3-1.azl3-x86_64-with-glibc2.31)'
2026-02-18T23:57:23.1513380Z     'traceparent': '00-9ca345d8925554976ad5ab010b943320-45a423f18bd0a1ea-01'
2026-02-18T23:57:23.1513403Z No body was attached to the request
2026-02-18T23:57:23.2446721Z 2026-02-18 23:57:23,234 - app.main - INFO - → POST /api/logs
2026-02-18T23:57:23.2515130Z 2026-02-18 23:57:23,251 - azure.core.pipeline.policies.http_logging_policy - INFO - Response status: 200
2026-02-18T23:57:23.2515577Z Response headers:
2026-02-18T23:57:23.2515615Z     'Content-Type': 'application/json; charset=utf-8'
2026-02-18T23:57:23.2515641Z     'Date': 'Wed, 18 Feb 2026 23:57:22 GMT'
2026-02-18T23:57:23.2515666Z     'Server': 'Kestrel'
2026-02-18T23:57:23.2515690Z     'Transfer-Encoding': 'chunked'
2026-02-18T23:57:23.2515714Z     'X-CORRELATION-ID': 'REDACTED'
2026-02-18T23:57:23.2531989Z 2026-02-18 23:57:23,253 - azure.identity._credentials.chained - INFO - DefaultAzureCredential acquired a token from ManagedIdentityCredential
2026-02-18T23:57:23.2607539Z 2026-02-18 23:57:23,260 - azure.core.pipeline.policies.http_logging_policy - INFO - Response status: 200
2026-02-18T23:57:23.2607984Z Response headers:
2026-02-18T23:57:23.2608080Z     'Content-Type': 'application/json; charset=utf-8'
2026-02-18T23:57:23.2608107Z     'Date': 'Wed, 18 Feb 2026 23:57:22 GMT'
2026-02-18T23:57:23.2608132Z     'Server': 'Kestrel'
2026-02-18T23:57:23.2608156Z     'Transfer-Encoding': 'chunked'
2026-02-18T23:57:23.2608180Z     'X-CORRELATION-ID': 'REDACTED'
2026-02-18T23:57:23.2781870Z 2026-02-18 23:57:23,270 - azure.identity._credentials.chained - INFO - DefaultAzureCredential acquired a token from ManagedIdentityCredential
2026-02-18T23:57:23.2782410Z 2026-02-18 23:57:23,269 - app.main - INFO - → POST /api/logs
2026-02-18T23:57:23.3155685Z 2026-02-18 23:57:23,315 - app.main - INFO - ← POST /api/logs 200
2026-02-18T23:57:23.3171937Z 169.254.130.1:63503 - "POST /api/logs HTTP/1.1" 200
2026-02-18T23:57:23.3235356Z 2026-02-18 23:57:23,323 - app.main - INFO - ← POST /api/logs 200
2026-02-18T23:57:23.3241927Z 169.254.130.1:63515 - "POST /api/logs HTTP/1.1" 200
2026-02-18T23:57:23.6728689Z 2026-02-18 23:57:23,672 - app.main - INFO - ← GET /api/scan 200
2026-02-18T23:57:23.6841374Z 169.254.130.1:63467 - "GET /api/scan HTTP/1.1" 200
2026-02-18T23:57:23.7117556Z 2026-02-18 23:57:23,711 - azure.identity._credentials.environment - INFO - Incomplete environment configuration for EnvironmentCredential. These variables are set: AZURE_CLIENT_ID
2026-02-18T23:57:23.7196388Z 2026-02-18 23:57:23,712 - azure.identity._credentials.managed_identity - INFO - ManagedIdentityCredential will use App Service managed identity
2026-02-18T23:57:23.7473782Z 2026-02-18 23:57:23,738 - azure.core.pipeline.policies.http_logging_policy - INFO - Request URL: 'http://169.254.130.4:8081/msi/token?api-version=REDACTED&resource=REDACTED&client_id=REDACTED'
2026-02-18T23:57:23.7474099Z Request method: 'GET'
2026-02-18T23:57:23.7474183Z Request headers:
2026-02-18T23:57:23.7474209Z     'X-IDENTITY-HEADER': 'REDACTED'
2026-02-18T23:57:23.7474237Z     'User-Agent': 'azsdk-python-identity/1.17.1 Python/3.11.14 (Linux-6.6.119.3-1.azl3-x86_64-with-glibc2.31)'
2026-02-18T23:57:23.7474261Z     'traceparent': '00-f966c1687f07abd864c1af5b5f0b000d-afbd67be906de592-01'
2026-02-18T23:57:23.7474283Z No body was attached to the request
2026-02-18T23:57:23.7650359Z 2026-02-18 23:57:23,764 - app.main - INFO - → POST /api/logs
2026-02-18T23:57:23.7674560Z 2026-02-18 23:57:23,767 - app.main - INFO - → POST /api/logs
2026-02-18T23:57:23.8015862Z 2026-02-18 23:57:23,793 - app.main - INFO - ← POST /api/logs 200
2026-02-18T23:57:23.8107325Z 169.254.130.1:63467 - "POST /api/logs HTTP/1.1" 200
2026-02-18T23:57:23.8107537Z 2026-02-18 23:57:23,804 - app.main - INFO - ← POST /api/logs 200
2026-02-18T23:57:23.8954949Z 169.254.130.1:63515 - "POST /api/logs HTTP/1.1" 200
2026-02-18T23:57:23.9136598Z 2026-02-18 23:57:23,903 - azure.core.pipeline.policies.http_logging_policy - INFO - Response status: 200
2026-02-18T23:57:23.9466530Z Response headers:
2026-02-18T23:57:23.9484890Z     'Content-Type': 'application/json; charset=utf-8'
2026-02-18T23:57:23.9731651Z     'Date': 'Wed, 18 Feb 2026 23:57:23 GMT'
2026-02-18T23:57:23.9731937Z     'Server': 'Kestrel'
2026-02-18T23:57:23.9731969Z     'Transfer-Encoding': 'chunked'
2026-02-18T23:57:23.9731997Z     'X-CORRELATION-ID': 'REDACTED'
2026-02-18T23:57:23.9732441Z 2026-02-18 23:57:23,964 - azure.identity._credentials.chained - INFO - DefaultAzureCredential acquired a token from ManagedIdentityCredential
2026-02-18T23:57:23.9746639Z 2026-02-18 23:57:23,974 - azure.core.pipeline.policies.http_logging_policy - INFO - Request URL: 'https://westus2-2.in.applicationinsights.azure.com//v2.1/track'
2026-02-18T23:57:23.9746746Z Request method: 'POST'
2026-02-18T23:57:23.9746874Z Request headers:
2026-02-18T23:57:23.9746897Z     'Content-Type': 'application/json'
2026-02-18T23:57:23.9746916Z     'Content-Length': '17524'
2026-02-18T23:57:23.9746936Z     'Accept': 'application/json'
2026-02-18T23:57:23.9746957Z     'x-ms-client-request-id': '9201dc9c-0d25-11f1-9ac0-d2a6f0f32f9f'
2026-02-18T23:57:23.9746981Z     'User-Agent': 'azsdk-python-azuremonitorclient/unknown Python/3.11.14 (Linux-6.6.119.3-1.azl3-x86_64-with-glibc2.31)'
2026-02-18T23:57:23.9747001Z A body is sent with the request
2026-02-18T23:57:24.1427964Z 2026-02-18 23:57:24,140 - azure.core.pipeline.policies.http_logging_policy - INFO - Response status: 200
2026-02-18T23:57:24.1428635Z Response headers:
2026-02-18T23:57:24.1428672Z     'Transfer-Encoding': 'chunked'
2026-02-18T23:57:24.1428704Z     'Content-Type': 'application/json; charset=utf-8'
2026-02-18T23:57:24.1428735Z     'Server': 'Microsoft-HTTPAPI/2.0'
2026-02-18T23:57:24.1428758Z     'Strict-Transport-Security': 'REDACTED'
2026-02-18T23:57:24.1428781Z     'X-Content-Type-Options': 'REDACTED'
2026-02-18T23:57:24.1428805Z     'Date': 'Wed, 18 Feb 2026 23:57:23 GMT'
2026-02-18T23:57:24.1428834Z 2026-02-18 23:57:24,141 - azure.monitor.opentelemetry.exporter.export._base - INFO - Transmission succeeded: Item received: 16. Items accepted: 16
2026-02-18T23:57:24.2176102Z 2026-02-18 23:57:24,217 - app.main - INFO - ← GET /api/portfolio 200
2026-02-18T23:57:24.2623082Z 169.254.130.1:63479 - "GET /api/portfolio HTTP/1.1" 200
2026-02-18T23:57:24.3365120Z 2026-02-18 23:57:24,288 - app.main - INFO - → GET /api/portfolio
2026-02-18T23:57:24.3377422Z 2026-02-18 23:57:24,337 - azure.identity._credentials.environment - INFO - Incomplete environment configuration for EnvironmentCredential. These variables are set: AZURE_CLIENT_ID
2026-02-18T23:57:24.3456696Z 2026-02-18 23:57:24,338 - azure.identity._credentials.managed_identity - INFO - ManagedIdentityCredential will use App Service managed identity
2026-02-18T23:57:24.3456888Z 2026-02-18 23:57:24,339 - azure.core.pipeline.policies.http_logging_policy - INFO - Request URL: 'http://169.254.130.4:8081/msi/token?api-version=REDACTED&resource=REDACTED&client_id=REDACTED'
2026-02-18T23:57:24.3456916Z Request method: 'GET'
2026-02-18T23:57:24.3456942Z Request headers:
2026-02-18T23:57:24.3456968Z     'X-IDENTITY-HEADER': 'REDACTED'
2026-02-18T23:57:24.3456996Z     'User-Agent': 'azsdk-python-identity/1.17.1 Python/3.11.14 (Linux-6.6.119.3-1.azl3-x86_64-with-glibc2.31)'
2026-02-18T23:57:24.3457146Z     'traceparent': '00-6c60ced6f97a61c8fcdc34896001b38f-c190651287fe7739-01'
2026-02-18T23:57:24.3457178Z No body was attached to the request
2026-02-18T23:57:24.4896529Z 2026-02-18 23:57:24,488 - azure.core.pipeline.policies.http_logging_policy - INFO - Response status: 200
2026-02-18T23:57:24.4896824Z Response headers:
2026-02-18T23:57:24.4896860Z     'Content-Type': 'application/json; charset=utf-8'
2026-02-18T23:57:24.4896885Z     'Date': 'Wed, 18 Feb 2026 23:57:23 GMT'
2026-02-18T23:57:24.4896908Z     'Server': 'Kestrel'
2026-02-18T23:57:24.4896935Z     'Transfer-Encoding': 'chunked'
2026-02-18T23:57:24.4896967Z     'X-CORRELATION-ID': 'REDACTED'
2026-02-18T23:57:24.4978440Z 2026-02-18 23:57:24,490 - azure.identity._credentials.chained - INFO - DefaultAzureCredential acquired a token from ManagedIdentityCredential
2026-02-18T23:57:24.6437678Z 2026-02-18 23:57:24,636 - azure.identity._credentials.environment - INFO - Incomplete environment configuration for EnvironmentCredential. These variables are set: AZURE_CLIENT_ID
2026-02-18T23:57:24.6439002Z 2026-02-18 23:57:24,642 - azure.identity._credentials.managed_identity - INFO - ManagedIdentityCredential will use App Service managed identity
2026-02-18T23:57:24.6439047Z 2026-02-18 23:57:24,643 - azure.core.pipeline.policies.http_logging_policy - INFO - Request URL: 'http://169.254.130.4:8081/msi/token?api-version=REDACTED&resource=REDACTED&client_id=REDACTED'
2026-02-18T23:57:24.6439070Z Request method: 'GET'
2026-02-18T23:57:24.6439091Z Request headers:
2026-02-18T23:57:24.6439114Z     'X-IDENTITY-HEADER': 'REDACTED'
2026-02-18T23:57:24.6439144Z     'User-Agent': 'azsdk-python-identity/1.17.1 Python/3.11.14 (Linux-6.6.119.3-1.azl3-x86_64-with-glibc2.31)'
2026-02-18T23:57:24.6439174Z     'traceparent': '00-a7e37c649b3c66afabaa33ef5341a078-1cf9f2fe8a627302-01'
2026-02-18T23:57:24.6439198Z No body was attached to the request
2026-02-18T23:57:24.7937071Z 2026-02-18 23:57:24,784 - azure.core.pipeline.policies.http_logging_policy - INFO - Response status: 200
2026-02-18T23:57:24.7937623Z Response headers:
2026-02-18T23:57:24.7938722Z     'Content-Type': 'application/json; charset=utf-8'
2026-02-18T23:57:24.7938762Z     'Date': 'Wed, 18 Feb 2026 23:57:24 GMT'
2026-02-18T23:57:24.7938784Z     'Server': 'Kestrel'
2026-02-18T23:57:24.7938806Z     'Transfer-Encoding': 'chunked'
2026-02-18T23:57:24.7938827Z     'X-CORRELATION-ID': 'REDACTED'
2026-02-18T23:57:24.7938857Z 2026-02-18 23:57:24,786 - azure.identity._credentials.chained - INFO - DefaultAzureCredential acquired a token from ManagedIdentityCredential
2026-02-18T23:57:24.9766526Z 2026-02-18 23:57:24,976 - app.main - INFO - ← GET /api/portfolio 200
2026-02-18T23:57:24.9928809Z 169.254.130.1:63479 - "GET /api/portfolio HTTP/1.1" 200
2026-02-18T23:57:25.0535600Z 2026-02-18 23:57:25,053 - app.main - INFO - → POST /api/logs
2026-02-18T23:57:25.0882763Z 2026-02-18 23:57:25,071 - app.main - INFO - ← POST /api/logs 200
2026-02-18T23:57:25.0883043Z 169.254.130.1:63479 - "POST /api/logs HTTP/1.1" 200
2026-02-18T23:57:25.1058492Z 2026-02-18 23:57:25,098 - app.main - INFO - → POST /api/logs
2026-02-18T23:57:25.1187968Z 2026-02-18 23:57:25,118 - app.main - INFO - ← POST /api/logs 200
2026-02-18T23:57:25.1336271Z 169.254.130.1:63467 - "POST /api/logs HTTP/1.1" 200
2026-02-18T23:57:25.8195720Z 2026-02-18 23:57:25,819 - azure.core.pipeline.policies.http_logging_policy - INFO - Request URL: 'https://westus2-2.in.applicationinsights.azure.com//v2.1/track'
2026-02-18T23:57:25.8196413Z Request method: 'POST'
2026-02-18T23:57:25.8196451Z Request headers:
2026-02-18T23:57:25.8196476Z     'Content-Type': 'application/json'
2026-02-18T23:57:25.8196764Z     'Content-Length': '3850'
2026-02-18T23:57:25.8196791Z     'Accept': 'application/json'
2026-02-18T23:57:25.8196817Z     'x-ms-client-request-id': '931b5ab8-0d25-11f1-8a4b-d2a6f0f32f9f'
2026-02-18T23:57:25.8197017Z     'User-Agent': 'azsdk-python-azuremonitorclient/unknown Python/3.11.14 (Linux-6.6.119.3-1.azl3-x86_64-with-glibc2.31)'
2026-02-18T23:57:25.8197042Z A body is sent with the request
2026-02-18T23:57:25.8927905Z 2026-02-18 23:57:25,892 - azure.core.pipeline.policies.http_logging_policy - INFO - Response status: 200
2026-02-18T23:57:25.8928599Z Response headers:
2026-02-18T23:57:25.8928638Z     'Transfer-Encoding': 'chunked'
2026-02-18T23:57:25.8928669Z     'Content-Type': 'application/json; charset=utf-8'
2026-02-18T23:57:25.8928693Z     'Server': 'Microsoft-HTTPAPI/2.0'
2026-02-18T23:57:25.8928730Z     'Strict-Transport-Security': 'REDACTED'
2026-02-18T23:57:25.8928852Z     'X-Content-Type-Options': 'REDACTED'
2026-02-18T23:57:25.8928876Z     'Date': 'Wed, 18 Feb 2026 23:57:25 GMT'
2026-02-18T23:57:25.9118168Z 2026-02-18 23:57:25,911 - azure.monitor.opentelemetry.exporter.export._base - INFO - Transmission succeeded: Item received: 3. Items accepted: 3
2026-02-18T23:57:26.0122538Z 2026-02-18 23:57:26,011 - azure.core.pipeline.policies.http_logging_policy - INFO - Request URL: 'https://westus2-2.in.applicationinsights.azure.com//v2.1/track'
2026-02-18T23:57:26.0122890Z Request method: 'POST'
2026-02-18T23:57:26.0122926Z Request headers:
2026-02-18T23:57:26.0122950Z     'Content-Type': 'application/json'
2026-02-18T23:57:26.0122974Z     'Content-Length': '11223'
2026-02-18T23:57:26.0123002Z     'Accept': 'application/json'
2026-02-18T23:57:26.0123125Z     'x-ms-client-request-id': '9338bc02-0d25-11f1-9bbd-d2a6f0f32f9f'
2026-02-18T23:57:26.0123158Z     'User-Agent': 'azsdk-python-azuremonitorclient/unknown Python/3.11.14 (Linux-6.6.119.3-1.azl3-x86_64-with-glibc2.31)'
2026-02-18T23:57:26.0123182Z A body is sent with the request
2026-02-18T23:57:26.1486809Z 2026-02-18 23:57:26,148 - azure.core.pipeline.policies.http_logging_policy - INFO - Response status: 200
2026-02-18T23:57:26.1487466Z Response headers:
2026-02-18T23:57:26.1487506Z     'Transfer-Encoding': 'chunked'
2026-02-18T23:57:26.1487534Z     'Content-Type': 'application/json; charset=utf-8'
2026-02-18T23:57:26.1487558Z     'Server': 'Microsoft-HTTPAPI/2.0'
2026-02-18T23:57:26.1487582Z     'Strict-Transport-Security': 'REDACTED'
2026-02-18T23:57:26.1487611Z     'X-Content-Type-Options': 'REDACTED'
2026-02-18T23:57:26.1487640Z     'Date': 'Wed, 18 Feb 2026 23:57:25 GMT'
2026-02-18T23:57:26.1653358Z 2026-02-18 23:57:26,156 - azure.monitor.opentelemetry.exporter.export._base - INFO - Transmission succeeded: Item received: 9. Items accepted: 9
2026-02-18T23:57:27.0047111Z 2026-02-18 23:57:27,004 - azure.core.pipeline.policies.http_logging_policy - INFO - Request URL: 'https://westus2-2.in.applicationinsights.azure.com//v2.1/track'
2026-02-18T23:57:27.0048494Z Request method: 'POST'
2026-02-18T23:57:27.0048540Z Request headers:
2026-02-18T23:57:27.0048564Z     'Content-Type': 'application/json'
2026-02-18T23:57:27.0048586Z     'Content-Length': '27923'
2026-02-18T23:57:27.0048608Z     'Accept': 'application/json'
2026-02-18T23:57:27.0048631Z     'x-ms-client-request-id': '93d02614-0d25-11f1-ac5a-d2a6f0f32f9f'
2026-02-18T23:57:27.0048668Z     'User-Agent': 'azsdk-python-azuremonitorclient/unknown Python/3.11.14 (Linux-6.6.119.3-1.azl3-x86_64-with-glibc2.31)'
2026-02-18T23:57:27.0048690Z A body is sent with the request
2026-02-18T23:57:27.1511802Z 2026-02-18 23:57:27,149 - azure.core.pipeline.policies.http_logging_policy - INFO - Response status: 200
2026-02-18T23:57:27.1512371Z Response headers:
2026-02-18T23:57:27.1512409Z     'Transfer-Encoding': 'chunked'
2026-02-18T23:57:27.1512438Z     'Content-Type': 'application/json; charset=utf-8'
2026-02-18T23:57:27.1512465Z     'Server': 'Microsoft-HTTPAPI/2.0'
2026-02-18T23:57:27.1512489Z     'Strict-Transport-Security': 'REDACTED'
2026-02-18T23:57:27.1512513Z     'X-Content-Type-Options': 'REDACTED'
2026-02-18T23:57:27.1512535Z     'Date': 'Wed, 18 Feb 2026 23:57:26 GMT'
2026-02-18T23:57:27.1512566Z 2026-02-18 23:57:27,150 - azure.monitor.opentelemetry.exporter.export._base - INFO - Transmission succeeded: Item received: 27. Items accepted: 27
2026-02-18T23:57:29.1847104Z 2026-02-18 23:57:29,184 - azure.core.pipeline.policies.http_logging_policy - INFO - Request URL: 'https://westus2-2.in.applicationinsights.azure.com//v2.1/track'
2026-02-18T23:57:29.1847734Z Request method: 'POST'
2026-02-18T23:57:29.1847764Z Request headers:
2026-02-18T23:57:29.1847789Z     'Content-Type': 'application/json'
2026-02-18T23:57:29.1847812Z     'Content-Length': '25725'
2026-02-18T23:57:29.1847836Z     'Accept': 'application/json'
2026-02-18T23:57:29.1847861Z     'x-ms-client-request-id': '951cd80a-0d25-11f1-9ac0-d2a6f0f32f9f'
2026-02-18T23:57:29.1847889Z     'User-Agent': 'azsdk-python-azuremonitorclient/unknown Python/3.11.14 (Linux-6.6.119.3-1.azl3-x86_64-with-glibc2.31)'
2026-02-18T23:57:29.1847913Z A body is sent with the request
2026-02-18T23:57:29.8715002Z 2026-02-18 23:57:29,860 - azure.core.pipeline.policies.http_logging_policy - INFO - Response status: 200
2026-02-18T23:57:29.8715333Z Response headers:
2026-02-18T23:57:29.8715420Z     'Transfer-Encoding': 'chunked'
2026-02-18T23:57:29.8715447Z     'Content-Type': 'application/json; charset=utf-8'
2026-02-18T23:57:29.8715472Z     'Server': 'Microsoft-HTTPAPI/2.0'
2026-02-18T23:57:29.8715496Z     'Strict-Transport-Security': 'REDACTED'
2026-02-18T23:57:29.8715519Z     'X-Content-Type-Options': 'REDACTED'
2026-02-18T23:57:29.8715543Z     'Date': 'Wed, 18 Feb 2026 23:57:28 GMT'
2026-02-18T23:57:29.8715576Z 2026-02-18 23:57:29,861 - azure.monitor.opentelemetry.exporter.export._base - INFO - Transmission succeeded: Item received: 23. Items accepted: 23
2026-02-18T23:57:32.1583067Z 2026-02-18 23:57:32,154 - azure.core.pipeline.policies.http_logging_policy - INFO - Request URL: 'https://westus2-2.in.applicationinsights.azure.com//v2.1/track'
2026-02-18T23:57:32.1583876Z Request method: 'POST'
2026-02-18T23:57:32.1583915Z Request headers:
2026-02-18T23:57:32.1584057Z     'Content-Type': 'application/json'
2026-02-18T23:57:32.1584081Z     'Content-Length': '3723'
2026-02-18T23:57:32.1584105Z     'Accept': 'application/json'
2026-02-18T23:57:32.1584131Z     'x-ms-client-request-id': '96e212c2-0d25-11f1-ac5a-d2a6f0f32f9f'
2026-02-18T23:57:32.1584161Z     'User-Agent': 'azsdk-python-azuremonitorclient/unknown Python/3.11.14 (Linux-6.6.119.3-1.azl3-x86_64-with-glibc2.31)'
2026-02-18T23:57:32.1584184Z A body is sent with the request
2026-02-18T23:57:32.3352384Z 2026-02-18 23:57:32,334 - azure.core.pipeline.policies.http_logging_policy - INFO - Response status: 200
2026-02-18T23:57:32.3360656Z Response headers:
2026-02-18T23:57:32.3360739Z     'Transfer-Encoding': 'chunked'
2026-02-18T23:57:32.3360770Z     'Content-Type': 'application/json; charset=utf-8'
2026-02-18T23:57:32.3360882Z     'Server': 'Microsoft-HTTPAPI/2.0'
2026-02-18T23:57:32.3361754Z     'Strict-Transport-Security': 'REDACTED'
2026-02-18T23:57:32.3361820Z     'X-Content-Type-Options': 'REDACTED'
2026-02-18T23:57:32.3361844Z     'Date': 'Wed, 18 Feb 2026 23:57:31 GMT'
2026-02-18T23:57:32.3377158Z 2026-02-18 23:57:32,337 - azure.monitor.opentelemetry.exporter.export._base - INFO - Transmission succeeded: Item received: 3. Items accepted: 3
2026-02-18T23:57:34.8677221Z 2026-02-18 23:57:34,865 - azure.core.pipeline.policies.http_logging_policy - INFO - Request URL: 'https://westus2-2.in.applicationinsights.azure.com//v2.1/track'
2026-02-18T23:57:34.8677562Z Request method: 'POST'
2026-02-18T23:57:34.8677594Z Request headers:
2026-02-18T23:57:34.8677618Z     'Content-Type': 'application/json'
2026-02-18T23:57:34.8677642Z     'Content-Length': '3723'
2026-02-18T23:57:34.8677708Z     'Accept': 'application/json'
2026-02-18T23:57:34.8677735Z     'x-ms-client-request-id': '987fc002-0d25-11f1-9ac0-d2a6f0f32f9f'
2026-02-18T23:57:34.8677763Z     'User-Agent': 'azsdk-python-azuremonitorclient/unknown Python/3.11.14 (Linux-6.6.119.3-1.azl3-x86_64-with-glibc2.31)'
2026-02-18T23:57:34.8677786Z A body is sent with the request
2026-02-18T23:57:34.9739991Z 2026-02-18 23:57:34,972 - azure.core.pipeline.policies.http_logging_policy - INFO - Response status: 200
2026-02-18T23:57:34.9740983Z Response headers:
2026-02-18T23:57:34.9741025Z     'Transfer-Encoding': 'chunked'
2026-02-18T23:57:34.9741056Z     'Content-Type': 'application/json; charset=utf-8'
2026-02-18T23:57:34.9741084Z     'Server': 'Microsoft-HTTPAPI/2.0'
2026-02-18T23:57:34.9741107Z     'Strict-Transport-Security': 'REDACTED'
2026-02-18T23:57:34.9741131Z     'X-Content-Type-Options': 'REDACTED'
2026-02-18T23:57:34.9741238Z     'Date': 'Wed, 18 Feb 2026 23:57:34 GMT'
2026-02-18T23:57:34.9741261Z     'Connection': 'close'
2026-02-18T23:57:34.9758291Z 2026-02-18 23:57:34,975 - azure.monitor.opentelemetry.exporter.export._base - INFO - Transmission succeeded: Item received: 3. Items accepted: 3
2026-02-18T23:57:37.3420996Z 2026-02-18 23:57:37,340 - azure.core.pipeline.policies.http_logging_policy - INFO - Request URL: 'https://westus2-2.in.applicationinsights.azure.com//v2.1/track'
2026-02-18T23:57:37.3421563Z Request method: 'POST'
2026-02-18T23:57:37.3421603Z Request headers:
2026-02-18T23:57:37.3421638Z     'Content-Type': 'application/json'
2026-02-18T23:57:37.3421665Z     'Content-Length': '3720'
2026-02-18T23:57:37.3421689Z     'Accept': 'application/json'
2026-02-18T23:57:37.3421804Z     'x-ms-client-request-id': '99f96438-0d25-11f1-ac5a-d2a6f0f32f9f'
2026-02-18T23:57:37.3421835Z     'User-Agent': 'azsdk-python-azuremonitorclient/unknown Python/3.11.14 (Linux-6.6.119.3-1.azl3-x86_64-with-glibc2.31)'
2026-02-18T23:57:37.3421859Z A body is sent with the request
2026-02-18T23:57:37.4674313Z 2026-02-18 23:57:37,467 - azure.core.pipeline.policies.http_logging_policy - INFO - Response status: 200
2026-02-18T23:57:37.4675217Z Response headers:
2026-02-18T23:57:37.4675278Z     'Transfer-Encoding': 'chunked'
2026-02-18T23:57:37.4675303Z     'Content-Type': 'application/json; charset=utf-8'
2026-02-18T23:57:37.4675326Z     'Server': 'Microsoft-HTTPAPI/2.0'
2026-02-18T23:57:37.4675358Z     'Strict-Transport-Security': 'REDACTED'
2026-02-18T23:57:37.4675390Z     'X-Content-Type-Options': 'REDACTED'
2026-02-18T23:57:37.4675420Z     'Date': 'Wed, 18 Feb 2026 23:57:36 GMT'
2026-02-18T23:57:37.4689990Z 2026-02-18 23:57:37,468 - azure.monitor.opentelemetry.exporter.export._base - INFO - Transmission succeeded: Item received: 3. Items accepted: 3
2026-02-18T23:57:39.9803229Z 2026-02-18 23:57:39,979 - azure.core.pipeline.policies.http_logging_policy - INFO - Request URL: 'https://westus2-2.in.applicationinsights.azure.com//v2.1/track'
2026-02-18T23:57:39.9803921Z Request method: 'POST'
2026-02-18T23:57:39.9803959Z Request headers:
2026-02-18T23:57:39.9803983Z     'Content-Type': 'application/json'
2026-02-18T23:57:39.9804007Z     'Content-Length': '3746'
2026-02-18T23:57:39.9804032Z     'Accept': 'application/json'
2026-02-18T23:57:39.9804057Z     'x-ms-client-request-id': '9b8c0a6c-0d25-11f1-9ac0-d2a6f0f32f9f'
2026-02-18T23:57:39.9804096Z     'User-Agent': 'azsdk-python-azuremonitorclient/unknown Python/3.11.14 (Linux-6.6.119.3-1.azl3-x86_64-with-glibc2.31)'
2026-02-18T23:57:39.9804121Z A body is sent with the request
2026-02-18T23:57:40.0913095Z 2026-02-18 23:57:40,090 - azure.core.pipeline.policies.http_logging_policy - INFO - Response status: 200
2026-02-18T23:57:40.0913943Z Response headers:
2026-02-18T23:57:40.0913975Z     'Transfer-Encoding': 'chunked'
2026-02-18T23:57:40.0914010Z     'Content-Type': 'application/json; charset=utf-8'
2026-02-18T23:57:40.0914035Z     'Server': 'Microsoft-HTTPAPI/2.0'
2026-02-18T23:57:40.0914056Z     'Strict-Transport-Security': 'REDACTED'
2026-02-18T23:57:40.0914079Z     'X-Content-Type-Options': 'REDACTED'
2026-02-18T23:57:40.0914100Z     'Date': 'Wed, 18 Feb 2026 23:57:39 GMT'
2026-02-18T23:57:40.0927854Z 2026-02-18 23:57:40,091 - azure.monitor.opentelemetry.exporter.export._base - INFO - Transmission succeeded: Item received: 3. Items accepted: 3
2026-02-18T23:57:42.4710415Z 2026-02-18 23:57:42,470 - azure.core.pipeline.policies.http_logging_policy - INFO - Request URL: 'https://westus2-2.in.applicationinsights.azure.com//v2.1/track'
2026-02-18T23:57:42.4711091Z Request method: 'POST'
2026-02-18T23:57:42.4711134Z Request headers:
2026-02-18T23:57:42.4711163Z     'Content-Type': 'application/json'
2026-02-18T23:57:42.4711190Z     'Content-Length': '3719'
2026-02-18T23:57:42.4711212Z     'Accept': 'application/json'
2026-02-18T23:57:42.4711237Z     'x-ms-client-request-id': '9d082ae2-0d25-11f1-ac5a-d2a6f0f32f9f'
2026-02-18T23:57:42.4711263Z     'User-Agent': 'azsdk-python-azuremonitorclient/unknown Python/3.11.14 (Linux-6.6.119.3-1.azl3-x86_64-with-glibc2.31)'
2026-02-18T23:57:42.4711285Z A body is sent with the request
2026-02-18T23:57:42.5369559Z 2026-02-18 23:57:42,536 - azure.core.pipeline.policies.http_logging_policy - INFO - Response status: 200
2026-02-18T23:57:42.5370354Z Response headers:
2026-02-18T23:57:42.5370395Z     'Transfer-Encoding': 'chunked'
2026-02-18T23:57:42.5370420Z     'Content-Type': 'application/json; charset=utf-8'
2026-02-18T23:57:42.5370443Z     'Server': 'Microsoft-HTTPAPI/2.0'
2026-02-18T23:57:42.5370468Z     'Strict-Transport-Security': 'REDACTED'
2026-02-18T23:57:42.5370490Z     'X-Content-Type-Options': 'REDACTED'
2026-02-18T23:57:42.5370513Z     'Date': 'Wed, 18 Feb 2026 23:57:41 GMT'
2026-02-18T23:57:42.5386569Z 2026-02-18 23:57:42,537 - azure.monitor.opentelemetry.exporter.export._base - INFO - Transmission succeeded: Item received: 3. Items accepted: 3
2026-02-18T23:57:45.0980233Z 2026-02-18 23:57:45,094 - azure.core.pipeline.policies.http_logging_policy - INFO - Request URL: 'https://westus2-2.in.applicationinsights.azure.com//v2.1/track'
2026-02-18T23:57:45.0981022Z Request method: 'POST'
2026-02-18T23:57:45.0981343Z Request headers:
2026-02-18T23:57:45.0981372Z     'Content-Type': 'application/json'
2026-02-18T23:57:45.0981396Z     'Content-Length': '3720'
2026-02-18T23:57:45.1562027Z     'Accept': 'application/json'
2026-02-18T23:57:45.1562257Z     'x-ms-client-request-id': '9e988578-0d25-11f1-9ac0-d2a6f0f32f9f'
2026-02-18T23:57:45.1562294Z     'User-Agent': 'azsdk-python-azuremonitorclient/unknown Python/3.11.14 (Linux-6.6.119.3-1.azl3-x86_64-with-glibc2.31)'
2026-02-18T23:57:45.1562319Z A body is sent with the request
2026-02-18T23:57:45.1725511Z 2026-02-18 23:57:45,172 - azure.core.pipeline.policies.http_logging_policy - INFO - Response status: 200
2026-02-18T23:57:45.1726370Z Response headers:
2026-02-18T23:57:45.1726865Z     'Transfer-Encoding': 'chunked'
2026-02-18T23:57:45.1726946Z     'Content-Type': 'application/json; charset=utf-8'
2026-02-18T23:57:45.1726976Z     'Server': 'Microsoft-HTTPAPI/2.0'
2026-02-18T23:57:45.1727003Z     'Strict-Transport-Security': 'REDACTED'
2026-02-18T23:57:45.1727028Z     'X-Content-Type-Options': 'REDACTED'
2026-02-18T23:57:45.1727109Z     'Date': 'Wed, 18 Feb 2026 23:57:44 GMT'
2026-02-18T23:57:45.1826968Z 2026-02-18 23:57:45,180 - azure.monitor.opentelemetry.exporter.export._base - INFO - Transmission succeeded: Item received: 3. Items accepted: 3
2026-02-18T23:57:47.5539871Z 2026-02-18 23:57:47,547 - azure.core.pipeline.policies.http_logging_policy - INFO - Request URL: 'https://westus2-2.in.applicationinsights.azure.com//v2.1/track'
2026-02-18T23:57:47.5540401Z Request method: 'POST'
2026-02-18T23:57:47.5540440Z Request headers:
2026-02-18T23:57:47.5540464Z     'Content-Type': 'application/json'
2026-02-18T23:57:47.5540488Z     'Content-Length': '3720'
2026-02-18T23:57:47.5540512Z     'Accept': 'application/json'
2026-02-18T23:57:47.5540539Z     'x-ms-client-request-id': 'a00ec322-0d25-11f1-ac5a-d2a6f0f32f9f'
2026-02-18T23:57:47.5540660Z     'User-Agent': 'azsdk-python-azuremonitorclient/unknown Python/3.11.14 (Linux-6.6.119.3-1.azl3-x86_64-with-glibc2.31)'
2026-02-18T23:57:47.5540685Z A body is sent with the request
2026-02-18T23:57:47.7778664Z 2026-02-18 23:57:47,777 - azure.core.pipeline.policies.http_logging_policy - INFO - Response status: 200
2026-02-18T23:57:47.7778989Z Response headers:
2026-02-18T23:57:47.7779023Z     'Transfer-Encoding': 'chunked'
2026-02-18T23:57:47.7779057Z     'Content-Type': 'application/json; charset=utf-8'
2026-02-18T23:57:47.7779084Z     'Server': 'Microsoft-HTTPAPI/2.0'
2026-02-18T23:57:47.7779108Z     'Strict-Transport-Security': 'REDACTED'
2026-02-18T23:57:47.7779131Z     'X-Content-Type-Options': 'REDACTED'
2026-02-18T23:57:47.7779153Z     'Date': 'Wed, 18 Feb 2026 23:57:47 GMT'
2026-02-18T23:57:47.7832012Z 2026-02-18 23:57:47,778 - azure.monitor.opentelemetry.exporter.export._base - INFO - Transmission succeeded: Item received: 3. Items accepted: 3
2026-02-18T23:57:50.1921296Z 2026-02-18 23:57:50,190 - azure.core.pipeline.policies.http_logging_policy - INFO - Request URL: 'https://westus2-2.in.applicationinsights.azure.com//v2.1/track'
2026-02-18T23:57:50.1921836Z Request method: 'POST'
2026-02-18T23:57:50.1921871Z Request headers:
2026-02-18T23:57:50.1921895Z     'Content-Type': 'application/json'
2026-02-18T23:57:50.1921918Z     'Content-Length': '3719'
2026-02-18T23:57:50.1921954Z     'Accept': 'application/json'
2026-02-18T23:57:50.1921980Z     'x-ms-client-request-id': 'a1a15650-0d25-11f1-9ac0-d2a6f0f32f9f'
2026-02-18T23:57:50.1922009Z     'User-Agent': 'azsdk-python-azuremonitorclient/unknown Python/3.11.14 (Linux-6.6.119.3-1.azl3-x86_64-with-glibc2.31)'
2026-02-18T23:57:50.1922033Z A body is sent with the request
2026-02-18T23:57:50.2931351Z 2026-02-18 23:57:50,291 - azure.core.pipeline.policies.http_logging_policy - INFO - Response status: 200
2026-02-18T23:57:50.2931886Z Response headers:
2026-02-18T23:57:50.2931923Z     'Transfer-Encoding': 'chunked'
2026-02-18T23:57:50.2931953Z     'Content-Type': 'application/json; charset=utf-8'
2026-02-18T23:57:50.2932049Z     'Server': 'Microsoft-HTTPAPI/2.0'
2026-02-18T23:57:50.2932073Z     'Strict-Transport-Security': 'REDACTED'
2026-02-18T23:57:50.2932097Z     'X-Content-Type-Options': 'REDACTED'
2026-02-18T23:57:50.2932122Z     'Date': 'Wed, 18 Feb 2026 23:57:49 GMT'
2026-02-18T23:57:50.2951191Z 2026-02-18 23:57:50,292 - azure.monitor.opentelemetry.exporter.export._base - INFO - Transmission succeeded: Item received: 3. Items accepted: 3
2026-02-18T23:57:52.7840290Z 2026-02-18 23:57:52,782 - azure.core.pipeline.policies.http_logging_policy - INFO - Request URL: 'https://westus2-2.in.applicationinsights.azure.com//v2.1/track'
2026-02-18T23:57:52.7841007Z Request method: 'POST'
2026-02-18T23:57:52.7841040Z Request headers:
2026-02-18T23:57:52.7841063Z     'Content-Type': 'application/json'
2026-02-18T23:57:52.7841085Z     'Content-Length': '3720'
2026-02-18T23:57:52.7841113Z     'Accept': 'application/json'
2026-02-18T23:57:52.7841140Z     'x-ms-client-request-id': 'a32d93a8-0d25-11f1-ac5a-d2a6f0f32f9f'
2026-02-18T23:57:52.7863896Z     'User-Agent': 'azsdk-python-azuremonitorclient/unknown Python/3.11.14 (Linux-6.6.119.3-1.azl3-x86_64-with-glibc2.31)'
2026-02-18T23:57:52.7864032Z A body is sent with the request
2026-02-18T23:57:53.0609605Z 2026-02-18 23:57:53,060 - azure.core.pipeline.policies.http_logging_policy - INFO - Response status: 200
2026-02-18T23:57:53.0610135Z Response headers:
2026-02-18T23:57:53.0610168Z     'Transfer-Encoding': 'chunked'
2026-02-18T23:57:53.0610191Z     'Content-Type': 'application/json; charset=utf-8'
2026-02-18T23:57:53.0610220Z     'Server': 'Microsoft-HTTPAPI/2.0'
2026-02-18T23:57:53.0610246Z     'Strict-Transport-Security': 'REDACTED'
2026-02-18T23:57:53.0610268Z     'X-Content-Type-Options': 'REDACTED'
2026-02-18T23:57:53.0610291Z     'Date': 'Wed, 18 Feb 2026 23:57:52 GMT'
2026-02-18T23:57:53.0619757Z 2026-02-18 23:57:53,061 - azure.monitor.opentelemetry.exporter.export._base - INFO - Transmission succeeded: Item received: 3. Items accepted: 3
2026-02-18T23:57:55.2971403Z 2026-02-18 23:57:55,296 - azure.core.pipeline.policies.http_logging_policy - INFO - Request URL: 'https://westus2-2.in.applicationinsights.azure.com//v2.1/track'
2026-02-18T23:57:55.2972187Z Request method: 'POST'
2026-02-18T23:57:55.2972226Z Request headers:
2026-02-18T23:57:55.2972251Z     'Content-Type': 'application/json'
2026-02-18T23:57:55.2972277Z     'Content-Length': '3720'
2026-02-18T23:57:55.2972305Z     'Accept': 'application/json'
2026-02-18T23:57:55.2972328Z     'x-ms-client-request-id': 'a4ad4908-0d25-11f1-9ac0-d2a6f0f32f9f'
2026-02-18T23:57:55.2972354Z     'User-Agent': 'azsdk-python-azuremonitorclient/unknown Python/3.11.14 (Linux-6.6.119.3-1.azl3-x86_64-with-glibc2.31)'
2026-02-18T23:57:55.2972376Z A body is sent with the request
2026-02-18T23:57:55.3694188Z 2026-02-18 23:57:55,369 - azure.core.pipeline.policies.http_logging_policy - INFO - Response status: 200
2026-02-18T23:57:55.3695012Z Response headers:
2026-02-18T23:57:55.3695056Z     'Transfer-Encoding': 'chunked'
2026-02-18T23:57:55.3695082Z     'Content-Type': 'application/json; charset=utf-8'
2026-02-18T23:57:55.3695105Z     'Server': 'Microsoft-HTTPAPI/2.0'
2026-02-18T23:57:55.3695129Z     'Strict-Transport-Security': 'REDACTED'
2026-02-18T23:57:55.3695151Z     'X-Content-Type-Options': 'REDACTED'
2026-02-18T23:57:55.3695173Z     'Date': 'Wed, 18 Feb 2026 23:57:54 GMT'
2026-02-18T23:57:55.3719266Z 2026-02-18 23:57:55,370 - azure.monitor.opentelemetry.exporter.export._base - INFO - Transmission succeeded: Item received: 3. Items accepted: 3
2026-02-18T23:57:58.0658203Z 2026-02-18 23:57:58,065 - azure.core.pipeline.policies.http_logging_policy - INFO - Request URL: 'https://westus2-2.in.applicationinsights.azure.com//v2.1/track'
2026-02-18T23:57:58.0658692Z Request method: 'POST'
2026-02-18T23:57:58.0659639Z Request headers:
2026-02-18T23:57:58.0659702Z     'Content-Type': 'application/json'
2026-02-18T23:57:58.0659727Z     'Content-Length': '3720'
2026-02-18T23:57:58.0659749Z     'Accept': 'application/json'
2026-02-18T23:57:58.0659773Z     'x-ms-client-request-id': 'a653b31e-0d25-11f1-ac5a-d2a6f0f32f9f'
2026-02-18T23:57:58.0659801Z     'User-Agent': 'azsdk-python-azuremonitorclient/unknown Python/3.11.14 (Linux-6.6.119.3-1.azl3-x86_64-with-glibc2.31)'
2026-02-18T23:57:58.0659823Z A body is sent with the request
2026-02-18T23:57:58.1362515Z 2026-02-18 23:57:58,136 - azure.core.pipeline.policies.http_logging_policy - INFO - Response status: 200
2026-02-18T23:57:58.1363392Z Response headers:
2026-02-18T23:57:58.1363439Z     'Transfer-Encoding': 'chunked'
2026-02-18T23:57:58.1363550Z     'Content-Type': 'application/json; charset=utf-8'
2026-02-18T23:57:58.1363573Z     'Server': 'Microsoft-HTTPAPI/2.0'
2026-02-18T23:57:58.1363596Z     'Strict-Transport-Security': 'REDACTED'
2026-02-18T23:57:58.1363619Z     'X-Content-Type-Options': 'REDACTED'
2026-02-18T23:57:58.1363641Z     'Date': 'Wed, 18 Feb 2026 23:57:57 GMT'
2026-02-18T23:57:58.1388646Z 2026-02-18 23:57:58,138 - azure.monitor.opentelemetry.exporter.export._base - INFO - Transmission succeeded: Item received: 3. Items accepted: 3
2026-02-18T23:58:00.3782196Z 2026-02-18 23:58:00,375 - azure.core.pipeline.policies.http_logging_policy - INFO - Request URL: 'https://westus2-2.in.applicationinsights.azure.com//v2.1/track'
2026-02-18T23:58:00.3783062Z Request method: 'POST'
2026-02-18T23:58:00.3783102Z Request headers:
2026-02-18T23:58:00.3783126Z     'Content-Type': 'application/json'
2026-02-18T23:58:00.3783235Z     'Content-Length': '3720'
2026-02-18T23:58:00.3783432Z     'Accept': 'application/json'
2026-02-18T23:58:00.3783457Z     'x-ms-client-request-id': 'a7b43bca-0d25-11f1-9ac0-d2a6f0f32f9f'
2026-02-18T23:58:00.3783483Z     'User-Agent': 'azsdk-python-azuremonitorclient/unknown Python/3.11.14 (Linux-6.6.119.3-1.azl3-x86_64-with-glibc2.31)'
2026-02-18T23:58:00.3783506Z A body is sent with the request
2026-02-18T23:58:00.4684216Z 2026-02-18 23:58:00,442 - azure.core.pipeline.policies.http_logging_policy - INFO - Response status: 200
2026-02-18T23:58:00.4685165Z Response headers:
2026-02-18T23:58:00.4685233Z     'Transfer-Encoding': 'chunked'
2026-02-18T23:58:00.4685263Z     'Content-Type': 'application/json; charset=utf-8'
2026-02-18T23:58:00.4685288Z     'Server': 'Microsoft-HTTPAPI/2.0'
2026-02-18T23:58:00.4685318Z     'Strict-Transport-Security': 'REDACTED'
2026-02-18T23:58:00.4685431Z     'X-Content-Type-Options': 'REDACTED'
2026-02-18T23:58:00.4685454Z     'Date': 'Wed, 18 Feb 2026 23:58:00 GMT'
2026-02-18T23:58:00.4685483Z 2026-02-18 23:58:00,461 - azure.monitor.opentelemetry.exporter.export._base - INFO - Transmission succeeded: Item received: 3. Items accepted: 3
2026-02-18T23:58:03.1445566Z 2026-02-18 23:58:03,144 - azure.core.pipeline.policies.http_logging_policy - INFO - Request URL: 'https://westus2-2.in.applicationinsights.azure.com//v2.1/track'
2026-02-18T23:58:03.1446361Z Request method: 'POST'
2026-02-18T23:58:03.1446402Z Request headers:
2026-02-18T23:58:03.1446426Z     'Content-Type': 'application/json'
2026-02-18T23:58:03.1446448Z     'Content-Length': '3720'
2026-02-18T23:58:03.1446472Z     'Accept': 'application/json'
2026-02-18T23:58:03.1446506Z     'x-ms-client-request-id': 'a95ab576-0d25-11f1-ac5a-d2a6f0f32f9f'
2026-02-18T23:58:03.1446617Z     'User-Agent': 'azsdk-python-azuremonitorclient/unknown Python/3.11.14 (Linux-6.6.119.3-1.azl3-x86_64-with-glibc2.31)'
2026-02-18T23:58:03.1446641Z A body is sent with the request
2026-02-18T23:58:03.3551360Z 2026-02-18 23:58:03,353 - azure.core.pipeline.policies.http_logging_policy - INFO - Response status: 200
2026-02-18T23:58:03.3552052Z Response headers:
2026-02-18T23:58:03.3552087Z     'Transfer-Encoding': 'chunked'
2026-02-18T23:58:03.3552111Z     'Content-Type': 'application/json; charset=utf-8'
2026-02-18T23:58:03.3552145Z     'Server': 'Microsoft-HTTPAPI/2.0'
2026-02-18T23:58:03.3552170Z     'Strict-Transport-Security': 'REDACTED'
2026-02-18T23:58:03.3552193Z     'X-Content-Type-Options': 'REDACTED'
2026-02-18T23:58:03.3552215Z     'Date': 'Wed, 18 Feb 2026 23:58:02 GMT'
2026-02-18T23:58:03.3552326Z 2026-02-18 23:58:03,354 - azure.monitor.opentelemetry.exporter.export._base - INFO - Transmission succeeded: Item received: 3. Items accepted: 3
2026-02-18T23:58:05.4858694Z 2026-02-18 23:58:05,483 - azure.core.pipeline.policies.http_logging_policy - INFO - Request URL: 'https://westus2-2.in.applicationinsights.azure.com//v2.1/track'
2026-02-18T23:58:05.4859236Z Request method: 'POST'
2026-02-18T23:58:05.4859271Z Request headers:
2026-02-18T23:58:05.4859296Z     'Content-Type': 'application/json'
2026-02-18T23:58:05.4859319Z     'Content-Length': '3720'
2026-02-18T23:58:05.4859347Z     'Accept': 'application/json'
2026-02-18T23:58:05.4859372Z     'x-ms-client-request-id': 'aabfb61e-0d25-11f1-9ac0-d2a6f0f32f9f'
2026-02-18T23:58:05.4859399Z     'User-Agent': 'azsdk-python-azuremonitorclient/unknown Python/3.11.14 (Linux-6.6.119.3-1.azl3-x86_64-with-glibc2.31)'
2026-02-18T23:58:05.4859422Z A body is sent with the request
2026-02-18T23:58:05.6203445Z 2026-02-18 23:58:05,618 - azure.core.pipeline.policies.http_logging_policy - INFO - Response status: 200
2026-02-18T23:58:05.6204139Z Response headers:
2026-02-18T23:58:05.6204184Z     'Transfer-Encoding': 'chunked'
2026-02-18T23:58:05.6204214Z     'Content-Type': 'application/json; charset=utf-8'
2026-02-18T23:58:05.6204236Z     'Server': 'Microsoft-HTTPAPI/2.0'
2026-02-18T23:58:05.6204261Z     'Strict-Transport-Security': 'REDACTED'
2026-02-18T23:58:05.6204283Z     'X-Content-Type-Options': 'REDACTED'
2026-02-18T23:58:05.6204305Z     'Date': 'Wed, 18 Feb 2026 23:58:05 GMT'
2026-02-18T23:58:05.6204338Z 2026-02-18 23:58:05,619 - azure.monitor.opentelemetry.exporter.export._base - INFO - Transmission succeeded: Item received: 3. Items accepted: 3
2026-02-18T23:58:06.4243645Z 2026-02-18 23:58:06,424 - azure.core.pipeline.policies.http_logging_policy - INFO - Request URL: 'https://westus2-2.in.applicationinsights.azure.com//v2.1/track'
2026-02-18T23:58:06.4244339Z Request method: 'POST'
2026-02-18T23:58:06.4244372Z Request headers:
2026-02-18T23:58:06.4244396Z     'Content-Type': 'application/json'
2026-02-18T23:58:06.4244419Z     'Content-Length': '1088'
2026-02-18T23:58:06.4244441Z     'Accept': 'application/json'
2026-02-18T23:58:06.4244465Z     'x-ms-client-request-id': 'ab4f25a6-0d25-11f1-8766-d2a6f0f32f9f'
2026-02-18T23:58:06.4244492Z     'User-Agent': 'azsdk-python-azuremonitorclient/unknown Python/3.11.14 (Linux-6.6.119.3-1.azl3-x86_64-with-glibc2.31)'
2026-02-18T23:58:06.4244514Z A body is sent with the request
2026-02-18T23:58:06.4450954Z 2026-02-18 23:58:06,444 - azure.core.pipeline.policies.http_logging_policy - INFO - Response status: 200
2026-02-18T23:58:06.4619943Z Response headers:
2026-02-18T23:58:06.4620017Z     'Transfer-Encoding': 'chunked'
2026-02-18T23:58:06.4620108Z     'Content-Type': 'application/json; charset=utf-8'
2026-02-18T23:58:06.4620131Z     'Server': 'Microsoft-HTTPAPI/2.0'
2026-02-18T23:58:06.4620154Z     'Strict-Transport-Security': 'REDACTED'
2026-02-18T23:58:06.4620177Z     'X-Content-Type-Options': 'REDACTED'
2026-02-18T23:58:06.4620199Z     'Date': 'Wed, 18 Feb 2026 23:58:05 GMT'
2026-02-18T23:58:06.4620585Z 2026-02-18 23:58:06,460 - azure.monitor.opentelemetry.exporter.export._base - INFO - Transmission succeeded: Item received: 1. Items accepted: 1
2026-02-18T23:58:07.0357804Z 2026-02-18 23:58:07,034 - azure.core.pipeline.policies.http_logging_policy - INFO - Request URL: 'https://westus2-2.in.applicationinsights.azure.com//v2.1/track'
2026-02-18T23:58:07.0358590Z Request method: 'POST'
2026-02-18T23:58:07.0358624Z Request headers:
2026-02-18T23:58:07.0358714Z     'Content-Type': 'application/json'
2026-02-18T23:58:07.0358907Z     'Content-Length': '1087'
2026-02-18T23:58:07.0358931Z     'Accept': 'application/json'
2026-02-18T23:58:07.0358955Z     'x-ms-client-request-id': 'abac34a8-0d25-11f1-8f99-d2a6f0f32f9f'
2026-02-18T23:58:07.0358983Z     'User-Agent': 'azsdk-python-azuremonitorclient/unknown Python/3.11.14 (Linux-6.6.119.3-1.azl3-x86_64-with-glibc2.31)'
2026-02-18T23:58:07.0359007Z A body is sent with the request
2026-02-18T23:58:07.0534569Z 2026-02-18 23:58:07,053 - azure.core.pipeline.policies.http_logging_policy - INFO - Response status: 200
2026-02-18T23:58:07.0535311Z Response headers:
2026-02-18T23:58:07.0535349Z     'Transfer-Encoding': 'chunked'
2026-02-18T23:58:07.0535374Z     'Content-Type': 'application/json; charset=utf-8'
2026-02-18T23:58:07.0535396Z     'Server': 'Microsoft-HTTPAPI/2.0'
2026-02-18T23:58:07.0535664Z     'Strict-Transport-Security': 'REDACTED'
2026-02-18T23:58:07.0543206Z     'X-Content-Type-Options': 'REDACTED'
2026-02-18T23:58:07.0543240Z     'Date': 'Wed, 18 Feb 2026 23:58:06 GMT'
2026-02-18T23:58:07.0635254Z 2026-02-18 23:58:07,061 - azure.monitor.opentelemetry.exporter.export._base - INFO - Transmission succeeded: Item received: 1. Items accepted: 1
2026-02-18T23:58:08.3927210Z 2026-02-18 23:58:08,390 - azure.core.pipeline.policies.http_logging_policy - INFO - Request URL: 'https://westus2-2.in.applicationinsights.azure.com//v2.1/track'
2026-02-18T23:58:08.3927781Z Request method: 'POST'
2026-02-18T23:58:08.3927815Z Request headers:
2026-02-18T23:58:08.3927841Z     'Content-Type': 'application/json'
2026-02-18T23:58:08.3927864Z     'Content-Length': '7439'
2026-02-18T23:58:08.3927887Z     'Accept': 'application/json'
2026-02-18T23:58:08.3927962Z     'x-ms-client-request-id': 'ac7b2e52-0d25-11f1-ac5a-d2a6f0f32f9f'
2026-02-18T23:58:08.3927990Z     'User-Agent': 'azsdk-python-azuremonitorclient/unknown Python/3.11.14 (Linux-6.6.119.3-1.azl3-x86_64-with-glibc2.31)'
2026-02-18T23:58:08.3928012Z A body is sent with the request
2026-02-18T23:58:08.5393332Z 2026-02-18 23:58:08,537 - azure.core.pipeline.policies.http_logging_policy - INFO - Response status: 200
2026-02-18T23:58:08.5393985Z Response headers:
2026-02-18T23:58:08.5394023Z     'Transfer-Encoding': 'chunked'
2026-02-18T23:58:08.5394049Z     'Content-Type': 'application/json; charset=utf-8'
2026-02-18T23:58:08.5394072Z     'Server': 'Microsoft-HTTPAPI/2.0'
2026-02-18T23:58:08.5394096Z     'Strict-Transport-Security': 'REDACTED'
2026-02-18T23:58:08.5394123Z     'X-Content-Type-Options': 'REDACTED'
2026-02-18T23:58:08.5394221Z     'Date': 'Wed, 18 Feb 2026 23:58:07 GMT'
2026-02-18T23:58:08.5394250Z 2026-02-18 23:58:08,537 - azure.monitor.opentelemetry.exporter.export._base - INFO - Transmission succeeded: Item received: 6. Items accepted: 6
2026-02-18T23:58:10.6383377Z 2026-02-18 23:58:10,629 - azure.core.pipeline.policies.http_logging_policy - INFO - Request URL: 'https://westus2-2.in.applicationinsights.azure.com//v2.1/track'
2026-02-18T23:58:10.6383946Z Request method: 'POST'
2026-02-18T23:58:10.6383982Z Request headers:
2026-02-18T23:58:10.6384006Z     'Content-Type': 'application/json'
2026-02-18T23:58:10.6384029Z     'Content-Length': '7440'
2026-02-18T23:58:10.6384051Z     'Accept': 'application/json'
2026-02-18T23:58:10.6384080Z     'x-ms-client-request-id': 'add0dc52-0d25-11f1-9ac0-d2a6f0f32f9f'
2026-02-18T23:58:10.6384113Z     'User-Agent': 'azsdk-python-azuremonitorclient/unknown Python/3.11.14 (Linux-6.6.119.3-1.azl3-x86_64-with-glibc2.31)'
2026-02-18T23:58:10.6384226Z A body is sent with the request
2026-02-18T23:58:10.7272723Z 2026-02-18 23:58:10,727 - azure.core.pipeline.policies.http_logging_policy - INFO - Response status: 200
2026-02-18T23:58:10.7273438Z Response headers:
2026-02-18T23:58:10.7273484Z     'Transfer-Encoding': 'chunked'
2026-02-18T23:58:10.7273516Z     'Content-Type': 'application/json; charset=utf-8'
2026-02-18T23:58:10.7273543Z     'Server': 'Microsoft-HTTPAPI/2.0'
2026-02-18T23:58:10.7273567Z     'Strict-Transport-Security': 'REDACTED'
2026-02-18T23:58:10.7273589Z     'X-Content-Type-Options': 'REDACTED'
2026-02-18T23:58:10.7273611Z     'Date': 'Wed, 18 Feb 2026 23:58:10 GMT'
2026-02-18T23:58:10.7292519Z 2026-02-18 23:58:10,729 - azure.monitor.opentelemetry.exporter.export._base - INFO - Transmission succeeded: Item received: 6. Items accepted: 6
2026-02-18T23:58:13.5450464Z 2026-02-18 23:58:13,544 - azure.core.pipeline.policies.http_logging_policy - INFO - Request URL: 'https://westus2-2.in.applicationinsights.azure.com//v2.1/track'
2026-02-18T23:58:13.5451227Z Request method: 'POST'
2026-02-18T23:58:13.5451270Z Request headers:
2026-02-18T23:58:13.5451301Z     'Content-Type': 'application/json'
2026-02-18T23:58:13.5451329Z     'Content-Length': '3720'
2026-02-18T23:58:13.5451351Z     'Accept': 'application/json'
2026-02-18T23:58:13.5451374Z     'x-ms-client-request-id': 'af8db20e-0d25-11f1-ac5a-d2a6f0f32f9f'
2026-02-18T23:58:13.5451401Z     'User-Agent': 'azsdk-python-azuremonitorclient/unknown Python/3.11.14 (Linux-6.6.119.3-1.azl3-x86_64-with-glibc2.31)'
2026-02-18T23:58:13.5451423Z A body is sent with the request
2026-02-18T23:58:13.6200576Z 2026-02-18 23:58:13,618 - azure.core.pipeline.policies.http_logging_policy - INFO - Response status: 200
2026-02-18T23:58:13.6200975Z Response headers:
2026-02-18T23:58:13.6201007Z     'Transfer-Encoding': 'chunked'
2026-02-18T23:58:13.6201032Z     'Content-Type': 'application/json; charset=utf-8'
2026-02-18T23:58:13.6201056Z     'Server': 'Microsoft-HTTPAPI/2.0'
2026-02-18T23:58:13.6201079Z     'Strict-Transport-Security': 'REDACTED'
2026-02-18T23:58:13.6201102Z     'X-Content-Type-Options': 'REDACTED'
2026-02-18T23:58:13.6201124Z     'Date': 'Wed, 18 Feb 2026 23:58:13 GMT'
2026-02-18T23:58:13.6201154Z 2026-02-18 23:58:13,619 - azure.monitor.opentelemetry.exporter.export._base - INFO - Transmission succeeded: Item received: 3. Items accepted: 3
2026-02-18T23:58:15.7383553Z 2026-02-18 23:58:15,735 - azure.core.pipeline.policies.http_logging_policy - INFO - Request URL: 'https://westus2-2.in.applicationinsights.azure.com//v2.1/track'
2026-02-18T23:58:15.7384108Z Request method: 'POST'
2026-02-18T23:58:15.7384232Z Request headers:
2026-02-18T23:58:15.7384257Z     'Content-Type': 'application/json'
2026-02-18T23:58:15.7384280Z     'Content-Length': '3719'
2026-02-18T23:58:15.7384302Z     'Accept': 'application/json'
2026-02-18T23:58:15.7384327Z     'x-ms-client-request-id': 'b0dc0052-0d25-11f1-9ac0-d2a6f0f32f9f'
2026-02-18T23:58:15.7384354Z     'User-Agent': 'azsdk-python-azuremonitorclient/unknown Python/3.11.14 (Linux-6.6.119.3-1.azl3-x86_64-with-glibc2.31)'
2026-02-18T23:58:15.7384378Z A body is sent with the request
2026-02-18T23:58:15.7895813Z 2026-02-18 23:58:15,789 - azure.core.pipeline.policies.http_logging_policy - INFO - Response status: 200
2026-02-18T23:58:15.7962243Z Response headers:
2026-02-18T23:58:15.7962331Z     'Transfer-Encoding': 'chunked'
2026-02-18T23:58:15.7962357Z     'Content-Type': 'application/json; charset=utf-8'
2026-02-18T23:58:15.7962465Z     'Server': 'Microsoft-HTTPAPI/2.0'
2026-02-18T23:58:15.7962487Z     'Strict-Transport-Security': 'REDACTED'
2026-02-18T23:58:15.7962511Z     'X-Content-Type-Options': 'REDACTED'
2026-02-18T23:58:15.7962534Z     'Date': 'Wed, 18 Feb 2026 23:58:15 GMT'
2026-02-18T23:58:15.7963050Z 2026-02-18 23:58:15,795 - azure.monitor.opentelemetry.exporter.export._base - INFO - Transmission succeeded: Item received: 3. Items accepted: 3
2026-02-18T23:58:18.6258417Z 2026-02-18 23:58:18,623 - azure.core.pipeline.policies.http_logging_policy - INFO - Request URL: 'https://westus2-2.in.applicationinsights.azure.com//v2.1/track'
2026-02-18T23:58:18.6258928Z Request method: 'POST'
2026-02-18T23:58:18.6258965Z Request headers:
2026-02-18T23:58:18.6258988Z     'Content-Type': 'application/json'
2026-02-18T23:58:18.6259012Z     'Content-Length': '3720'
2026-02-18T23:58:18.6259117Z     'Accept': 'application/json'
2026-02-18T23:58:18.6259143Z     'x-ms-client-request-id': 'b294926a-0d25-11f1-ac5a-d2a6f0f32f9f'
2026-02-18T23:58:18.6259171Z     'User-Agent': 'azsdk-python-azuremonitorclient/unknown Python/3.11.14 (Linux-6.6.119.3-1.azl3-x86_64-with-glibc2.31)'
2026-02-18T23:58:18.6259194Z A body is sent with the request
2026-02-18T23:58:18.7517800Z 2026-02-18 23:58:18,751 - azure.core.pipeline.policies.http_logging_policy - INFO - Response status: 200
2026-02-18T23:58:18.7518390Z Response headers:
2026-02-18T23:58:18.7518427Z     'Transfer-Encoding': 'chunked'
2026-02-18T23:58:18.7518452Z     'Content-Type': 'application/json; charset=utf-8'
2026-02-18T23:58:18.7518476Z     'Server': 'Microsoft-HTTPAPI/2.0'
2026-02-18T23:58:18.7518511Z     'Strict-Transport-Security': 'REDACTED'
2026-02-18T23:58:18.7518618Z     'X-Content-Type-Options': 'REDACTED'
2026-02-18T23:58:18.7518643Z     'Date': 'Wed, 18 Feb 2026 23:58:18 GMT'
2026-02-18T23:58:18.7540935Z 2026-02-18 23:58:18,753 - azure.monitor.opentelemetry.exporter.export._base - INFO - Transmission succeeded: Item received: 3. Items accepted: 3
2026-02-18T23:58:20.8244350Z 2026-02-18 23:58:20,811 - azure.core.pipeline.policies.http_logging_policy - INFO - Request URL: 'https://westus2-2.in.applicationinsights.azure.com//v2.1/track'
2026-02-18T23:58:20.8244692Z Request method: 'POST'
2026-02-18T23:58:20.8244727Z Request headers:
2026-02-18T23:58:20.8244751Z     'Content-Type': 'application/json'
2026-02-18T23:58:20.8244774Z     'Content-Length': '3719'
2026-02-18T23:58:20.8244798Z     'Accept': 'application/json'
2026-02-18T23:58:20.8244826Z     'x-ms-client-request-id': 'b3e27326-0d25-11f1-9ac0-d2a6f0f32f9f'
2026-02-18T23:58:20.8244939Z     'User-Agent': 'azsdk-python-azuremonitorclient/unknown Python/3.11.14 (Linux-6.6.119.3-1.azl3-x86_64-with-glibc2.31)'
2026-02-18T23:58:20.8244962Z A body is sent with the request
2026-02-18T23:58:20.8955878Z 2026-02-18 23:58:20,894 - azure.core.pipeline.policies.http_logging_policy - INFO - Response status: 200
2026-02-18T23:58:20.8956567Z Response headers:
2026-02-18T23:58:20.8956608Z     'Transfer-Encoding': 'chunked'
2026-02-18T23:58:20.8956643Z     'Content-Type': 'application/json; charset=utf-8'
2026-02-18T23:58:20.8956666Z     'Server': 'Microsoft-HTTPAPI/2.0'
2026-02-18T23:58:20.8956690Z     'Strict-Transport-Security': 'REDACTED'
2026-02-18T23:58:20.8956712Z     'X-Content-Type-Options': 'REDACTED'
2026-02-18T23:58:20.8956734Z     'Date': 'Wed, 18 Feb 2026 23:58:20 GMT'
2026-02-18T23:58:20.8956862Z 2026-02-18 23:58:20,895 - azure.monitor.opentelemetry.exporter.export._base - INFO - Transmission succeeded: Item received: 3. Items accepted: 3
2026-02-18T23:58:22.7058185Z 2026-02-18 23:58:22,697 - app.main - INFO - → POST /api/logs
2026-02-18T23:58:22.7135503Z 2026-02-18 23:58:22,713 - app.main - INFO - → GET /api/portfolio
2026-02-18T23:58:22.7162560Z 2026-02-18 23:58:22,714 - app.main - INFO - → POST /api/logs
2026-02-18T23:58:22.7162789Z 2026-02-18 23:58:22,715 - app.main - INFO - → GET /api/multi-leg-opportunities
2026-02-18T23:58:22.7338936Z 2026-02-18 23:58:22,726 - azure.identity._credentials.environment - INFO - Incomplete environment configuration for EnvironmentCredential. These variables are set: AZURE_CLIENT_ID
2026-02-18T23:58:22.7339067Z 2026-02-18 23:58:22,726 - azure.identity._credentials.managed_identity - INFO - ManagedIdentityCredential will use App Service managed identity
2026-02-18T23:58:22.7339106Z 2026-02-18 23:58:22,732 - azure.core.pipeline.policies.http_logging_policy - INFO - Request URL: 'http://169.254.130.4:8081/msi/token?api-version=REDACTED&resource=REDACTED&client_id=REDACTED'
2026-02-18T23:58:22.7339187Z Request method: 'GET'
2026-02-18T23:58:22.7339210Z Request headers:
2026-02-18T23:58:22.7339233Z     'X-IDENTITY-HEADER': 'REDACTED'
2026-02-18T23:58:22.7339261Z     'User-Agent': 'azsdk-python-identity/1.17.1 Python/3.11.14 (Linux-6.6.119.3-1.azl3-x86_64-with-glibc2.31)'
2026-02-18T23:58:22.7339285Z     'traceparent': '00-79223fa6ebc18ef6edb9d033e5325f9d-6bda5645a0d4bb63-01'
2026-02-18T23:58:22.7339307Z No body was attached to the request
2026-02-18T23:58:22.7353220Z 2026-02-18 23:58:22,733 - app.main - INFO - → POST /api/logs
2026-02-18T23:58:22.7512136Z 2026-02-18 23:58:22,741 - app.main - INFO - → GET /api/scan
2026-02-18T23:58:22.7736035Z 2026-02-18 23:58:22,773 - azure.identity._credentials.environment - INFO - Incomplete environment configuration for EnvironmentCredential. These variables are set: AZURE_CLIENT_ID
2026-02-18T23:58:22.7800738Z 2026-02-18 23:58:22,774 - azure.identity._credentials.managed_identity - INFO - ManagedIdentityCredential will use App Service managed identity
2026-02-18T23:58:22.7816689Z 2026-02-18 23:58:22,781 - azure.core.pipeline.policies.http_logging_policy - INFO - Request URL: 'http://169.254.130.4:8081/msi/token?api-version=REDACTED&resource=REDACTED&client_id=REDACTED'
2026-02-18T23:58:22.7816901Z Request method: 'GET'
2026-02-18T23:58:22.7816925Z Request headers:
2026-02-18T23:58:22.7816947Z     'X-IDENTITY-HEADER': 'REDACTED'
2026-02-18T23:58:22.7816972Z     'User-Agent': 'azsdk-python-identity/1.17.1 Python/3.11.14 (Linux-6.6.119.3-1.azl3-x86_64-with-glibc2.31)'
2026-02-18T23:58:22.7816995Z     'traceparent': '00-6324c7345340fad56910c3de3cf86822-051200803904b610-01'
2026-02-18T23:58:22.7817066Z No body was attached to the request
2026-02-18T23:58:22.8530226Z 2026-02-18 23:58:22,823 - app.main - INFO - ← GET /api/multi-leg-opportunities 200
2026-02-18T23:58:22.8530542Z 169.254.130.1:29875 - "GET /api/multi-leg-opportunities HTTP/1.1" 200
2026-02-18T23:58:22.8530578Z 2026-02-18 23:58:22,839 - app.main - INFO - ← POST /api/logs 200
2026-02-18T23:58:22.8530603Z 169.254.130.1:29879 - "POST /api/logs HTTP/1.1" 200
2026-02-18T23:58:22.8530629Z 2026-02-18 23:58:22,839 - app.main - INFO - ← POST /api/logs 200
2026-02-18T23:58:22.8530655Z 169.254.130.1:29861 - "POST /api/logs HTTP/1.1" 200
2026-02-18T23:58:22.8530684Z 2026-02-18 23:58:22,840 - app.main - INFO - ← POST /api/logs 200
2026-02-18T23:58:22.8530707Z 169.254.130.1:29847 - "POST /api/logs HTTP/1.1" 200
2026-02-18T23:58:22.8698749Z 2026-02-18 23:58:22,869 - azure.core.pipeline.policies.http_logging_policy - INFO - Response status: 200
2026-02-18T23:58:22.8698919Z Response headers:
2026-02-18T23:58:22.8701995Z     'Content-Type': 'application/json; charset=utf-8'
2026-02-18T23:58:22.8702084Z     'Date': 'Wed, 18 Feb 2026 23:58:22 GMT'
2026-02-18T23:58:22.8702108Z     'Server': 'Kestrel'
2026-02-18T23:58:22.8702130Z     'Transfer-Encoding': 'chunked'
2026-02-18T23:58:22.8702151Z     'X-CORRELATION-ID': 'REDACTED'
2026-02-18T23:58:22.8998865Z 2026-02-18 23:58:22,899 - azure.identity._credentials.chained - INFO - DefaultAzureCredential acquired a token from ManagedIdentityCredential
2026-02-18T23:58:22.9220373Z 2026-02-18 23:58:22,920 - azure.core.pipeline.policies.http_logging_policy - INFO - Response status: 200
2026-02-18T23:58:22.9220698Z Response headers:
2026-02-18T23:58:22.9220880Z     'Content-Type': 'application/json; charset=utf-8'
2026-02-18T23:58:22.9220911Z     'Date': 'Wed, 18 Feb 2026 23:58:22 GMT'
2026-02-18T23:58:22.9220934Z     'Server': 'Kestrel'
2026-02-18T23:58:22.9220956Z     'Transfer-Encoding': 'chunked'
2026-02-18T23:58:22.9220978Z     'X-CORRELATION-ID': 'REDACTED'
2026-02-18T23:58:22.9221008Z 2026-02-18 23:58:22,921 - azure.identity._credentials.chained - INFO - DefaultAzureCredential acquired a token from ManagedIdentityCredential
2026-02-18T23:58:22.9776391Z 2026-02-18 23:58:22,970 - app.main - INFO - → POST /api/logs
2026-02-18T23:58:22.9983477Z 2026-02-18 23:58:22,998 - app.main - INFO - → POST /api/logs
2026-02-18T23:58:23.0100290Z 2026-02-18 23:58:23,009 - app.main - INFO - ← POST /api/logs 200
2026-02-18T23:58:23.0106445Z 169.254.130.1:29861 - "POST /api/logs HTTP/1.1" 200
2026-02-18T23:58:23.0202986Z 2026-02-18 23:58:23,020 - app.main - INFO - ← POST /api/logs 200
2026-02-18T23:58:23.0292314Z 169.254.130.1:29875 - "POST /api/logs HTTP/1.1" 200
2026-02-18T23:58:23.0698719Z 2026-02-18 23:58:23,069 - azure.identity._credentials.environment - INFO - Incomplete environment configuration for EnvironmentCredential. These variables are set: AZURE_CLIENT_ID
2026-02-18T23:58:23.0707993Z 2026-02-18 23:58:23,070 - azure.identity._credentials.managed_identity - INFO - ManagedIdentityCredential will use App Service managed identity
2026-02-18T23:58:23.0862751Z 2026-02-18 23:58:23,077 - azure.core.pipeline.policies.http_logging_policy - INFO - Request URL: 'http://169.254.130.4:8081/msi/token?api-version=REDACTED&resource=REDACTED&client_id=REDACTED'
2026-02-18T23:58:23.0863338Z Request method: 'GET'
2026-02-18T23:58:23.0863375Z Request headers:
2026-02-18T23:58:23.0863458Z     'X-IDENTITY-HEADER': 'REDACTED'
2026-02-18T23:58:23.0863487Z     'User-Agent': 'azsdk-python-identity/1.17.1 Python/3.11.14 (Linux-6.6.119.3-1.azl3-x86_64-with-glibc2.31)'
2026-02-18T23:58:23.0863511Z     'traceparent': '00-c3c2eeed5d710c88843ee1a6ff38ad73-f771467fc2e19026-01'
2026-02-18T23:58:23.0863533Z No body was attached to the request
2026-02-18T23:58:23.1367755Z 2026-02-18 23:58:23,136 - app.main - INFO - ← GET /api/scan 200
2026-02-18T23:58:23.1377462Z 169.254.130.1:29901 - "GET /api/scan HTTP/1.1" 200
2026-02-18T23:58:23.1718098Z 2026-02-18 23:58:23,163 - azure.core.pipeline.policies.http_logging_policy - INFO - Response status: 200
2026-02-18T23:58:23.1718448Z Response headers:
2026-02-18T23:58:23.1718489Z     'Content-Type': 'application/json; charset=utf-8'
2026-02-18T23:58:23.1718514Z     'Date': 'Wed, 18 Feb 2026 23:58:22 GMT'
2026-02-18T23:58:23.1718621Z     'Server': 'Kestrel'
2026-02-18T23:58:23.1718643Z     'Transfer-Encoding': 'chunked'
2026-02-18T23:58:23.1718665Z     'X-CORRELATION-ID': 'REDACTED'
2026-02-18T23:58:23.1718694Z 2026-02-18 23:58:23,163 - azure.identity._credentials.chained - INFO - DefaultAzureCredential acquired a token from ManagedIdentityCredential
2026-02-18T23:58:23.2013646Z 2026-02-18 23:58:23,201 - app.main - INFO - → POST /api/logs
2026-02-18T23:58:23.2097519Z 2026-02-18 23:58:23,209 - app.main - INFO - → POST /api/logs
2026-02-18T23:58:23.2292891Z 2026-02-18 23:58:23,229 - app.main - INFO - ← POST /api/logs 200
2026-02-18T23:58:23.2359127Z 169.254.130.1:29901 - "POST /api/logs HTTP/1.1" 200
2026-02-18T23:58:23.2448849Z 2026-02-18 23:58:23,230 - app.main - INFO - ← POST /api/logs 200
2026-02-18T23:58:23.2458759Z 169.254.130.1:29875 - "POST /api/logs HTTP/1.1" 200
2026-02-18T23:58:23.2672186Z 2026-02-18 23:58:23,266 - app.main - INFO - ← GET /api/portfolio 200
2026-02-18T23:58:23.2749334Z 169.254.130.1:29885 - "GET /api/portfolio HTTP/1.1" 200
2026-02-18T23:58:23.2906370Z 2026-02-18 23:58:23,290 - app.main - INFO - → GET /api/portfolio
2026-02-18T23:58:23.2929020Z 2026-02-18 23:58:23,292 - azure.identity._credentials.environment - INFO - Incomplete environment configuration for EnvironmentCredential. These variables are set: AZURE_CLIENT_ID
2026-02-18T23:58:23.2939276Z 2026-02-18 23:58:23,293 - azure.identity._credentials.managed_identity - INFO - ManagedIdentityCredential will use App Service managed identity
2026-02-18T23:58:23.2953606Z 2026-02-18 23:58:23,295 - azure.core.pipeline.policies.http_logging_policy - INFO - Request URL: 'http://169.254.130.4:8081/msi/token?api-version=REDACTED&resource=REDACTED&client_id=REDACTED'
2026-02-18T23:58:23.2953832Z Request method: 'GET'
2026-02-18T23:58:23.2953859Z Request headers:
2026-02-18T23:58:23.2953882Z     'X-IDENTITY-HEADER': 'REDACTED'
2026-02-18T23:58:23.2953909Z     'User-Agent': 'azsdk-python-identity/1.17.1 Python/3.11.14 (Linux-6.6.119.3-1.azl3-x86_64-with-glibc2.31)'
2026-02-18T23:58:23.2953935Z     'traceparent': '00-7e4055bbab369813b6e9e8d7aa1f3263-e6ff893b59716caf-01'
2026-02-18T23:58:23.2953957Z No body was attached to the request
2026-02-18T23:58:23.3599388Z 2026-02-18 23:58:23,359 - azure.core.pipeline.policies.http_logging_policy - INFO - Response status: 200
2026-02-18T23:58:23.3599931Z Response headers:
2026-02-18T23:58:23.3599970Z     'Content-Type': 'application/json; charset=utf-8'
2026-02-18T23:58:23.3600097Z     'Date': 'Wed, 18 Feb 2026 23:58:22 GMT'
2026-02-18T23:58:23.3600121Z     'Server': 'Kestrel'
2026-02-18T23:58:23.3600144Z     'Transfer-Encoding': 'chunked'
2026-02-18T23:58:23.3600166Z     'X-CORRELATION-ID': 'REDACTED'
2026-02-18T23:58:23.3618660Z 2026-02-18 23:58:23,361 - azure.identity._credentials.chained - INFO - DefaultAzureCredential acquired a token from ManagedIdentityCredential
2026-02-18T23:58:23.4215003Z 2026-02-18 23:58:23,421 - azure.identity._credentials.environment - INFO - Incomplete environment configuration for EnvironmentCredential. These variables are set: AZURE_CLIENT_ID
2026-02-18T23:58:23.4229835Z 2026-02-18 23:58:23,422 - azure.identity._credentials.managed_identity - INFO - ManagedIdentityCredential will use App Service managed identity
2026-02-18T23:58:23.4260747Z 2026-02-18 23:58:23,425 - azure.core.pipeline.policies.http_logging_policy - INFO - Request URL: 'http://169.254.130.4:8081/msi/token?api-version=REDACTED&resource=REDACTED&client_id=REDACTED'
2026-02-18T23:58:23.4260995Z Request method: 'GET'
2026-02-18T23:58:23.4261060Z Request headers:
2026-02-18T23:58:23.4261084Z     'X-IDENTITY-HEADER': 'REDACTED'
2026-02-18T23:58:23.4261112Z     'User-Agent': 'azsdk-python-identity/1.17.1 Python/3.11.14 (Linux-6.6.119.3-1.azl3-x86_64-with-glibc2.31)'
2026-02-18T23:58:23.4261137Z     'traceparent': '00-e29bc7fdaf4b42fa26158b860729379a-524c96617daba0f3-01'
2026-02-18T23:58:23.4261159Z No body was attached to the request
2026-02-18T23:58:23.5271778Z 2026-02-18 23:58:23,519 - azure.core.pipeline.policies.http_logging_policy - INFO - Response status: 200
2026-02-18T23:58:23.5272112Z Response headers:
2026-02-18T23:58:23.5272148Z     'Content-Type': 'application/json; charset=utf-8'
2026-02-18T23:58:23.5272178Z     'Date': 'Wed, 18 Feb 2026 23:58:22 GMT'
2026-02-18T23:58:23.5272203Z     'Server': 'Kestrel'
2026-02-18T23:58:23.5272307Z     'Transfer-Encoding': 'chunked'
2026-02-18T23:58:23.5272331Z     'X-CORRELATION-ID': 'REDACTED'
2026-02-18T23:58:23.5272360Z 2026-02-18 23:58:23,520 - azure.identity._credentials.chained - INFO - DefaultAzureCredential acquired a token from ManagedIdentityCredential
2026-02-18T23:58:23.5867442Z 2026-02-18 23:58:23,586 - app.main - INFO - ← GET /api/portfolio 200
2026-02-18T23:58:23.5876380Z 169.254.130.1:29885 - "GET /api/portfolio HTTP/1.1" 200
2026-02-18T23:58:23.6321668Z 2026-02-18 23:58:23,627 - app.main - INFO - → POST /api/logs
2026-02-18T23:58:23.6354800Z 2026-02-18 23:58:23,635 - app.main - INFO - ← POST /api/logs 200
2026-02-18T23:58:23.6362472Z 169.254.130.1:29885 - "POST /api/logs HTTP/1.1" 200
2026-02-18T23:58:23.6509210Z 2026-02-18 23:58:23,650 - app.main - INFO - → POST /api/logs
2026-02-18T23:58:23.6598348Z 2026-02-18 23:58:23,659 - app.main - INFO - ← POST /api/logs 200
2026-02-18T23:58:23.6609925Z 169.254.130.1:29875 - "POST /api/logs HTTP/1.1" 200
2026-02-18T23:58:23.7923040Z 2026-02-18 23:58:23,784 - azure.core.pipeline.policies.http_logging_policy - INFO - Request URL: 'https://westus2-2.in.applicationinsights.azure.com//v2.1/track'
2026-02-18T23:58:23.7924635Z Request method: 'POST'
2026-02-18T23:58:23.7924677Z Request headers:
2026-02-18T23:58:23.7924701Z     'Content-Type': 'application/json'
2026-02-18T23:58:23.7924731Z     'Content-Length': '41515'
2026-02-18T23:58:23.7924755Z     'Accept': 'application/json'
2026-02-18T23:58:23.7924780Z     'x-ms-client-request-id': 'b5a82098-0d25-11f1-ac5a-d2a6f0f32f9f'
2026-02-18T23:58:23.7924892Z     'User-Agent': 'azsdk-python-azuremonitorclient/unknown Python/3.11.14 (Linux-6.6.119.3-1.azl3-x86_64-with-glibc2.31)'
2026-02-18T23:58:23.7924917Z A body is sent with the request
2026-02-18T23:58:23.8578498Z 2026-02-18 23:58:23,857 - azure.core.pipeline.policies.http_logging_policy - INFO - Response status: 200
2026-02-18T23:58:23.8579746Z Response headers:
2026-02-18T23:58:23.8579793Z     'Transfer-Encoding': 'chunked'
2026-02-18T23:58:23.8579818Z     'Content-Type': 'application/json; charset=utf-8'
2026-02-18T23:58:23.8579841Z     'Server': 'Microsoft-HTTPAPI/2.0'
2026-02-18T23:58:23.8579871Z     'Strict-Transport-Security': 'REDACTED'
2026-02-18T23:58:23.8579898Z     'X-Content-Type-Options': 'REDACTED'
2026-02-18T23:58:23.8579921Z     'Date': 'Wed, 18 Feb 2026 23:58:23 GMT'
2026-02-18T23:58:23.8598114Z 2026-02-18 23:58:23,859 - azure.monitor.opentelemetry.exporter.export._base - INFO - Transmission succeeded: Item received: 38. Items accepted: 38
2026-02-18T23:58:25.9341713Z 2026-02-18 23:58:25,932 - azure.core.pipeline.policies.http_logging_policy - INFO - Request URL: 'https://westus2-2.in.applicationinsights.azure.com//v2.1/track'
2026-02-18T23:58:25.9437468Z Request method: 'POST'
2026-02-18T23:58:25.9437531Z Request headers:
2026-02-18T23:58:25.9437556Z     'Content-Type': 'application/json'
2026-02-18T23:58:25.9437579Z     'Content-Length': '18488'
2026-02-18T23:58:25.9437604Z     'Accept': 'application/json'
2026-02-18T23:58:25.9437634Z     'x-ms-client-request-id': 'b6efd5f4-0d25-11f1-9ac0-d2a6f0f32f9f'
2026-02-18T23:58:25.9437662Z     'User-Agent': 'azsdk-python-azuremonitorclient/unknown Python/3.11.14 (Linux-6.6.119.3-1.azl3-x86_64-with-glibc2.31)'
2026-02-18T23:58:25.9437684Z A body is sent with the request
2026-02-18T23:58:25.9597717Z 2026-02-18 23:58:25,951 - azure.core.pipeline.policies.http_logging_policy - INFO - Request URL: 'https://westus2-2.in.applicationinsights.azure.com//v2.1/track'
2026-02-18T23:58:25.9597921Z Request method: 'POST'
2026-02-18T23:58:25.9597952Z Request headers:
2026-02-18T23:58:25.9597981Z     'Content-Type': 'application/json'
2026-02-18T23:58:25.9598004Z     'Content-Length': '13680'
2026-02-18T23:58:25.9598027Z     'Accept': 'application/json'
2026-02-18T23:58:25.9598051Z     'x-ms-client-request-id': 'b6f2cafc-0d25-11f1-8a4b-d2a6f0f32f9f'
2026-02-18T23:58:25.9598078Z     'User-Agent': 'azsdk-python-azuremonitorclient/unknown Python/3.11.14 (Linux-6.6.119.3-1.azl3-x86_64-with-glibc2.31)'
2026-02-18T23:58:25.9598103Z A body is sent with the request
2026-02-18T23:58:26.0789473Z 2026-02-18 23:58:26,072 - azure.core.pipeline.policies.http_logging_policy - INFO - Response status: 200
2026-02-18T23:58:26.0790036Z Response headers:
2026-02-18T23:58:26.0790066Z     'Transfer-Encoding': 'chunked'
2026-02-18T23:58:26.0790090Z     'Content-Type': 'application/json; charset=utf-8'
2026-02-18T23:58:26.0790113Z     'Server': 'Microsoft-HTTPAPI/2.0'
2026-02-18T23:58:26.0790136Z     'Strict-Transport-Security': 'REDACTED'
2026-02-18T23:58:26.0790159Z     'X-Content-Type-Options': 'REDACTED'
2026-02-18T23:58:26.0790315Z     'Date': 'Wed, 18 Feb 2026 23:58:25 GMT'
2026-02-18T23:58:26.1007463Z 2026-02-18 23:58:26,100 - azure.monitor.opentelemetry.exporter.export._base - INFO - Transmission succeeded: Item received: 19. Items accepted: 19
2026-02-18T23:58:26.1026945Z 2026-02-18 23:58:26,092 - azure.core.pipeline.policies.http_logging_policy - INFO - Response status: 200
2026-02-18T23:58:26.1027366Z Response headers:
2026-02-18T23:58:26.1027396Z     'Transfer-Encoding': 'chunked'
2026-02-18T23:58:26.1027423Z     'Content-Type': 'application/json; charset=utf-8'
2026-02-18T23:58:26.1027446Z     'Server': 'Microsoft-HTTPAPI/2.0'
2026-02-18T23:58:26.1027469Z     'Strict-Transport-Security': 'REDACTED'
2026-02-18T23:58:26.1027491Z     'X-Content-Type-Options': 'REDACTED'
2026-02-18T23:58:26.1027513Z     'Date': 'Wed, 18 Feb 2026 23:58:25 GMT'
2026-02-18T23:58:26.1105556Z 2026-02-18 23:58:26,108 - azure.monitor.opentelemetry.exporter.export._base - INFO - Transmission succeeded: Item received: 11. Items accepted: 11
2026-02-18T23:58:28.8663404Z 2026-02-18 23:58:28,866 - azure.core.pipeline.policies.http_logging_policy - INFO - Request URL: 'https://westus2-2.in.applicationinsights.azure.com//v2.1/track'
2026-02-18T23:58:28.8664206Z Request method: 'POST'
2026-02-18T23:58:28.8664319Z Request headers:
2026-02-18T23:58:28.8664341Z     'Content-Type': 'application/json'
2026-02-18T23:58:28.8664362Z     'Content-Length': '7446'
2026-02-18T23:58:28.8664382Z     'Accept': 'application/json'
2026-02-18T23:58:28.8664404Z     'x-ms-client-request-id': 'b8af820e-0d25-11f1-ac5a-d2a6f0f32f9f'
2026-02-18T23:58:28.8664431Z     'User-Agent': 'azsdk-python-azuremonitorclient/unknown Python/3.11.14 (Linux-6.6.119.3-1.azl3-x86_64-with-glibc2.31)'
2026-02-18T23:58:28.8664453Z A body is sent with the request
2026-02-18T23:58:29.0325727Z 2026-02-18 23:58:29,031 - azure.core.pipeline.policies.http_logging_policy - INFO - Response status: 200
2026-02-18T23:58:29.0326176Z Response headers:
2026-02-18T23:58:29.0326210Z     'Transfer-Encoding': 'chunked'
2026-02-18T23:58:29.0326315Z     'Content-Type': 'application/json; charset=utf-8'
2026-02-18T23:58:29.0326339Z     'Server': 'Microsoft-HTTPAPI/2.0'
2026-02-18T23:58:29.0326362Z     'Strict-Transport-Security': 'REDACTED'
2026-02-18T23:58:29.0326386Z     'X-Content-Type-Options': 'REDACTED'
2026-02-18T23:58:29.0326409Z     'Date': 'Wed, 18 Feb 2026 23:58:28 GMT'
2026-02-18T23:58:29.0326438Z 2026-02-18 23:58:29,031 - azure.monitor.opentelemetry.exporter.export._base - INFO - Transmission succeeded: Item received: 6. Items accepted: 6
2026-02-18T23:58:31.1067729Z 2026-02-18 23:58:31,105 - azure.core.pipeline.policies.http_logging_policy - INFO - Request URL: 'https://westus2-2.in.applicationinsights.azure.com//v2.1/track'
2026-02-18T23:58:31.1068250Z Request method: 'POST'
2026-02-18T23:58:31.1068282Z Request headers:
2026-02-18T23:58:31.1068307Z     'Content-Type': 'application/json'
2026-02-18T23:58:31.1068326Z     'Content-Length': '3722'
2026-02-18T23:58:31.1068436Z     'Accept': 'application/json'
2026-02-18T23:58:31.1068459Z     'x-ms-client-request-id': 'ba052c3a-0d25-11f1-9ac0-d2a6f0f32f9f'
2026-02-18T23:58:31.1068483Z     'User-Agent': 'azsdk-python-azuremonitorclient/unknown Python/3.11.14 (Linux-6.6.119.3-1.azl3-x86_64-with-glibc2.31)'
2026-02-18T23:58:31.1068504Z A body is sent with the request
2026-02-18T23:58:31.2463601Z 2026-02-18 23:58:31,246 - azure.core.pipeline.policies.http_logging_policy - INFO - Response status: 200
2026-02-18T23:58:31.2464562Z Response headers:
2026-02-18T23:58:31.2464594Z     'Transfer-Encoding': 'chunked'
2026-02-18T23:58:31.2464624Z     'Content-Type': 'application/json; charset=utf-8'
2026-02-18T23:58:31.2464650Z     'Server': 'Microsoft-HTTPAPI/2.0'
2026-02-18T23:58:31.2464674Z     'Strict-Transport-Security': 'REDACTED'
2026-02-18T23:58:31.2464775Z     'X-Content-Type-Options': 'REDACTED'
2026-02-18T23:58:31.2464800Z     'Date': 'Wed, 18 Feb 2026 23:58:31 GMT'
2026-02-18T23:58:31.2475101Z 2026-02-18 23:58:31,246 - azure.monitor.opentelemetry.exporter.export._base - INFO - Transmission succeeded: Item received: 3. Items accepted: 3
2026-02-18T23:58:34.0377615Z 2026-02-18 23:58:34,034 - azure.core.pipeline.policies.http_logging_policy - INFO - Request URL: 'https://westus2-2.in.applicationinsights.azure.com//v2.1/track'
2026-02-18T23:58:34.0378605Z Request method: 'POST'
2026-02-18T23:58:34.0378638Z Request headers:
2026-02-18T23:58:34.0378663Z     'Content-Type': 'application/json'
2026-02-18T23:58:34.0378686Z     'Content-Length': '3719'
2026-02-18T23:58:34.0378708Z     'Accept': 'application/json'
2026-02-18T23:58:34.0378732Z     'x-ms-client-request-id': 'bbc43f16-0d25-11f1-ac5a-d2a6f0f32f9f'
2026-02-18T23:58:34.0378760Z     'User-Agent': 'azsdk-python-azuremonitorclient/unknown Python/3.11.14 (Linux-6.6.119.3-1.azl3-x86_64-with-glibc2.31)'
2026-02-18T23:58:34.0378785Z A body is sent with the request
2026-02-18T23:58:34.1227155Z 2026-02-18 23:58:34,121 - azure.core.pipeline.policies.http_logging_policy - INFO - Response status: 200
2026-02-18T23:58:34.1227740Z Response headers:
2026-02-18T23:58:34.1227773Z     'Transfer-Encoding': 'chunked'
2026-02-18T23:58:34.1227888Z     'Content-Type': 'application/json; charset=utf-8'
2026-02-18T23:58:34.1227912Z     'Server': 'Microsoft-HTTPAPI/2.0'
2026-02-18T23:58:34.1227935Z     'Strict-Transport-Security': 'REDACTED'
2026-02-18T23:58:34.1227957Z     'X-Content-Type-Options': 'REDACTED'
2026-02-18T23:58:34.1227979Z     'Date': 'Wed, 18 Feb 2026 23:58:33 GMT'
2026-02-18T23:58:34.1228008Z 2026-02-18 23:58:34,122 - azure.monitor.opentelemetry.exporter.export._base - INFO - Transmission succeeded: Item received: 3. Items accepted: 3
2026-02-18T23:58:36.2497842Z 2026-02-18 23:58:36,249 - azure.core.pipeline.policies.http_logging_policy - INFO - Request URL: 'https://westus2-2.in.applicationinsights.azure.com//v2.1/track'
2026-02-18T23:58:36.2506124Z Request method: 'POST'
2026-02-18T23:58:36.2506194Z Request headers:
2026-02-18T23:58:36.2506221Z     'Content-Type': 'application/json'
2026-02-18T23:58:36.2506340Z     'Content-Length': '3720'
2026-02-18T23:58:36.2506367Z     'Accept': 'application/json'
2026-02-18T23:58:36.2506391Z     'x-ms-client-request-id': 'bd16230c-0d25-11f1-9ac0-d2a6f0f32f9f'
2026-02-18T23:58:36.2506419Z     'User-Agent': 'azsdk-python-azuremonitorclient/unknown Python/3.11.14 (Linux-6.6.119.3-1.azl3-x86_64-with-glibc2.31)'
2026-02-18T23:58:36.2506441Z A body is sent with the request
2026-02-18T23:58:36.3620256Z 2026-02-18 23:58:36,360 - azure.core.pipeline.policies.http_logging_policy - INFO - Response status: 200
2026-02-18T23:58:36.3620711Z Response headers:
2026-02-18T23:58:36.3620750Z     'Transfer-Encoding': 'chunked'
2026-02-18T23:58:36.3620781Z     'Content-Type': 'application/json; charset=utf-8'
2026-02-18T23:58:36.3620808Z     'Server': 'Microsoft-HTTPAPI/2.0'
2026-02-18T23:58:36.3620830Z     'Strict-Transport-Security': 'REDACTED'
2026-02-18T23:58:36.3620935Z     'X-Content-Type-Options': 'REDACTED'
2026-02-18T23:58:36.3620958Z     'Date': 'Wed, 18 Feb 2026 23:58:36 GMT'
2026-02-18T23:58:36.3620987Z 2026-02-18 23:58:36,361 - azure.monitor.opentelemetry.exporter.export._base - INFO - Transmission succeeded: Item received: 3. Items accepted: 3
2026-02-18T23:58:39.1314398Z 2026-02-18 23:58:39,129 - azure.core.pipeline.policies.http_logging_policy - INFO - Request URL: 'https://westus2-2.in.applicationinsights.azure.com//v2.1/track'
2026-02-18T23:58:39.1315279Z Request method: 'POST'
2026-02-18T23:58:39.1315320Z Request headers:
2026-02-18T23:58:39.1315347Z     'Content-Type': 'application/json'
2026-02-18T23:58:39.1315374Z     'Content-Length': '3720'
2026-02-18T23:58:39.1315401Z     'Accept': 'application/json'
2026-02-18T23:58:39.1315424Z     'x-ms-client-request-id': 'becd9d10-0d25-11f1-ac5a-d2a6f0f32f9f'
2026-02-18T23:58:39.1315552Z     'User-Agent': 'azsdk-python-azuremonitorclient/unknown Python/3.11.14 (Linux-6.6.119.3-1.azl3-x86_64-with-glibc2.31)'
2026-02-18T23:58:39.1315577Z A body is sent with the request
2026-02-18T23:58:39.2317542Z 2026-02-18 23:58:39,231 - azure.core.pipeline.policies.http_logging_policy - INFO - Response status: 200
2026-02-18T23:58:39.2318084Z Response headers:
2026-02-18T23:58:39.2318121Z     'Transfer-Encoding': 'chunked'
2026-02-18T23:58:39.2318145Z     'Content-Type': 'application/json; charset=utf-8'
2026-02-18T23:58:39.2318167Z     'Server': 'Microsoft-HTTPAPI/2.0'
2026-02-18T23:58:39.2318190Z     'Strict-Transport-Security': 'REDACTED'
2026-02-18T23:58:39.2318220Z     'X-Content-Type-Options': 'REDACTED'
2026-02-18T23:58:39.2318243Z     'Date': 'Wed, 18 Feb 2026 23:58:38 GMT'
2026-02-18T23:58:39.2329643Z 2026-02-18 23:58:39,232 - azure.monitor.opentelemetry.exporter.export._base - INFO - Transmission succeeded: Item received: 3. Items accepted: 3
2026-02-18T23:58:41.3662302Z 2026-02-18 23:58:41,364 - azure.core.pipeline.policies.http_logging_policy - INFO - Request URL: 'https://westus2-2.in.applicationinsights.azure.com//v2.1/track'
2026-02-18T23:58:41.3662858Z Request method: 'POST'
2026-02-18T23:58:41.3662896Z Request headers:
2026-02-18T23:58:41.3662925Z     'Content-Type': 'application/json'
2026-02-18T23:58:41.3662947Z     'Content-Length': '3720'
2026-02-18T23:58:41.3662970Z     'Accept': 'application/json'
2026-02-18T23:58:41.3663004Z     'x-ms-client-request-id': 'c0229f4e-0d25-11f1-9ac0-d2a6f0f32f9f'
2026-02-18T23:58:41.3663035Z     'User-Agent': 'azsdk-python-azuremonitorclient/unknown Python/3.11.14 (Linux-6.6.119.3-1.azl3-x86_64-with-glibc2.31)'
2026-02-18T23:58:41.3663059Z A body is sent with the request
2026-02-18T23:58:42.4049754Z 2026-02-18 23:58:42,403 - azure.core.pipeline.policies.http_logging_policy - INFO - Response status: 200
2026-02-18T23:58:42.4050206Z Response headers:
2026-02-18T23:58:42.4050243Z     'Transfer-Encoding': 'chunked'
2026-02-18T23:58:42.4050276Z     'Content-Type': 'application/json; charset=utf-8'
2026-02-18T23:58:42.4050299Z     'Server': 'Microsoft-HTTPAPI/2.0'
2026-02-18T23:58:42.4050323Z     'Strict-Transport-Security': 'REDACTED'
2026-02-18T23:58:42.4050345Z     'X-Content-Type-Options': 'REDACTED'
2026-02-18T23:58:42.4050366Z     'Date': 'Wed, 18 Feb 2026 23:58:42 GMT'
2026-02-18T23:58:42.4050398Z 2026-02-18 23:58:42,404 - azure.monitor.opentelemetry.exporter.export._base - INFO - Transmission succeeded: Item received: 3. Items accepted: 3
2026-02-18T23:58:44.2353113Z 2026-02-18 23:58:44,235 - azure.core.pipeline.policies.http_logging_policy - INFO - Request URL: 'https://westus2-2.in.applicationinsights.azure.com//v2.1/track'
2026-02-18T23:58:44.2353759Z Request method: 'POST'
2026-02-18T23:58:44.2353788Z Request headers:
2026-02-18T23:58:44.2353812Z     'Content-Type': 'application/json'
2026-02-18T23:58:44.2353834Z     'Content-Length': '3719'
2026-02-18T23:58:44.2353856Z     'Accept': 'application/json'
2026-02-18T23:58:44.2353881Z     'x-ms-client-request-id': 'c1d8a63a-0d25-11f1-ac5a-d2a6f0f32f9f'
2026-02-18T23:58:44.2353908Z     'User-Agent': 'azsdk-python-azuremonitorclient/unknown Python/3.11.14 (Linux-6.6.119.3-1.azl3-x86_64-with-glibc2.31)'
2026-02-18T23:58:44.2353930Z A body is sent with the request
2026-02-18T23:58:44.3115385Z 2026-02-18 23:58:44,311 - azure.core.pipeline.policies.http_logging_policy - INFO - Response status: 200
2026-02-18T23:58:44.3115815Z Response headers:
2026-02-18T23:58:44.3115903Z     'Transfer-Encoding': 'chunked'
2026-02-18T23:58:44.3115930Z     'Content-Type': 'application/json; charset=utf-8'
2026-02-18T23:58:44.3115953Z     'Server': 'Microsoft-HTTPAPI/2.0'
2026-02-18T23:58:44.3115977Z     'Strict-Transport-Security': 'REDACTED'
2026-02-18T23:58:44.3115999Z     'X-Content-Type-Options': 'REDACTED'
2026-02-18T23:58:44.3116022Z     'Date': 'Wed, 18 Feb 2026 23:58:43 GMT'
2026-02-18T23:58:44.3126155Z 2026-02-18 23:58:44,312 - azure.monitor.opentelemetry.exporter.export._base - INFO - Transmission succeeded: Item received: 3. Items accepted: 3
2026-02-18T23:58:47.4072003Z 2026-02-18 23:58:47,406 - azure.core.pipeline.policies.http_logging_policy - INFO - Request URL: 'https://westus2-2.in.applicationinsights.azure.com//v2.1/track'
2026-02-18T23:58:47.4072604Z Request method: 'POST'
2026-02-18T23:58:47.4072641Z Request headers:
2026-02-18T23:58:47.4072764Z     'Content-Type': 'application/json'
2026-02-18T23:58:47.4072790Z     'Content-Length': '3719'
2026-02-18T23:58:47.4072814Z     'Accept': 'application/json'
2026-02-18T23:58:47.4072840Z     'x-ms-client-request-id': 'c3bca3ca-0d25-11f1-9ac0-d2a6f0f32f9f'
2026-02-18T23:58:47.4072868Z     'User-Agent': 'azsdk-python-azuremonitorclient/unknown Python/3.11.14 (Linux-6.6.119.3-1.azl3-x86_64-with-glibc2.31)'
2026-02-18T23:58:47.4072891Z A body is sent with the request
2026-02-18T23:58:47.6498741Z 2026-02-18 23:58:47,649 - azure.core.pipeline.policies.http_logging_policy - INFO - Response status: 200
2026-02-18T23:58:47.6499266Z Response headers:
2026-02-18T23:58:47.6499307Z     'Transfer-Encoding': 'chunked'
2026-02-18T23:58:47.6499333Z     'Content-Type': 'application/json; charset=utf-8'
2026-02-18T23:58:47.6499398Z     'Server': 'Microsoft-HTTPAPI/2.0'
2026-02-18T23:58:47.6499422Z     'Strict-Transport-Security': 'REDACTED'
2026-02-18T23:58:47.6499445Z     'X-Content-Type-Options': 'REDACTED'
2026-02-18T23:58:47.6499467Z     'Date': 'Wed, 18 Feb 2026 23:58:47 GMT'
2026-02-18T23:58:47.6509814Z 2026-02-18 23:58:47,650 - azure.monitor.opentelemetry.exporter.export._base - INFO - Transmission succeeded: Item received: 3. Items accepted: 3
2026-02-18T23:58:49.3151809Z 2026-02-18 23:58:49,314 - azure.core.pipeline.policies.http_logging_policy - INFO - Request URL: 'https://westus2-2.in.applicationinsights.azure.com//v2.1/track'
2026-02-18T23:58:49.3152328Z Request method: 'POST'
2026-02-18T23:58:49.3152356Z Request headers:
2026-02-18T23:58:49.3152379Z     'Content-Type': 'application/json'
2026-02-18T23:58:49.3152914Z     'Content-Length': '3719'
2026-02-18T23:58:49.3152946Z     'Accept': 'application/json'
2026-02-18T23:58:49.3152972Z     'x-ms-client-request-id': 'c4dfc44e-0d25-11f1-ac5a-d2a6f0f32f9f'
2026-02-18T23:58:49.3153001Z     'User-Agent': 'azsdk-python-azuremonitorclient/unknown Python/3.11.14 (Linux-6.6.119.3-1.azl3-x86_64-with-glibc2.31)'
2026-02-18T23:58:49.3153024Z A body is sent with the request
2026-02-18T23:58:49.4527994Z 2026-02-18 23:58:49,452 - azure.core.pipeline.policies.http_logging_policy - INFO - Response status: 200
2026-02-18T23:58:49.4528709Z Response headers:
2026-02-18T23:58:49.4528824Z     'Transfer-Encoding': 'chunked'
2026-02-18T23:58:49.4528849Z     'Content-Type': 'application/json; charset=utf-8'
2026-02-18T23:58:49.4528874Z     'Server': 'Microsoft-HTTPAPI/2.0'
2026-02-18T23:58:49.4528898Z     'Strict-Transport-Security': 'REDACTED'
2026-02-18T23:58:49.4528923Z     'X-Content-Type-Options': 'REDACTED'
2026-02-18T23:58:49.4528948Z     'Date': 'Wed, 18 Feb 2026 23:58:49 GMT'
2026-02-18T23:58:49.4561389Z 2026-02-18 23:58:49,455 - azure.monitor.opentelemetry.exporter.export._base - INFO - Transmission succeeded: Item received: 3. Items accepted: 3
2026-02-18T23:58:52.6596518Z 2026-02-18 23:58:52,652 - azure.core.pipeline.policies.http_logging_policy - INFO - Request URL: 'https://westus2-2.in.applicationinsights.azure.com//v2.1/track'
2026-02-18T23:58:52.6596896Z Request method: 'POST'
2026-02-18T23:58:52.6596995Z Request headers:
2026-02-18T23:58:52.6597020Z     'Content-Type': 'application/json'
2026-02-18T23:58:52.6597044Z     'Content-Length': '3720'
2026-02-18T23:58:52.6597066Z     'Accept': 'application/json'
2026-02-18T23:58:52.6597091Z     'x-ms-client-request-id': 'c6dd1cec-0d25-11f1-9ac0-d2a6f0f32f9f'
2026-02-18T23:58:52.6597120Z     'User-Agent': 'azsdk-python-azuremonitorclient/unknown Python/3.11.14 (Linux-6.6.119.3-1.azl3-x86_64-with-glibc2.31)'
2026-02-18T23:58:52.6597142Z A body is sent with the request
2026-02-18T23:58:52.7449504Z 2026-02-18 23:58:52,744 - azure.core.pipeline.policies.http_logging_policy - INFO - Response status: 200
2026-02-18T23:58:52.7450061Z Response headers:
2026-02-18T23:58:52.7450107Z     'Transfer-Encoding': 'chunked'
2026-02-18T23:58:52.7450136Z     'Content-Type': 'application/json; charset=utf-8'
2026-02-18T23:58:52.7450230Z     'Server': 'Microsoft-HTTPAPI/2.0'
2026-02-18T23:58:52.7450257Z     'Strict-Transport-Security': 'REDACTED'
2026-02-18T23:58:52.7450281Z     'X-Content-Type-Options': 'REDACTED'
2026-02-18T23:58:52.7450305Z     'Date': 'Wed, 18 Feb 2026 23:58:52 GMT'
2026-02-18T23:58:52.7631953Z 2026-02-18 23:58:52,757 - azure.monitor.opentelemetry.exporter.export._base - INFO - Transmission succeeded: Item received: 3. Items accepted: 3
2026-02-18T23:58:54.4597545Z 2026-02-18 23:58:54,459 - azure.core.pipeline.policies.http_logging_policy - INFO - Request URL: 'https://westus2-2.in.applicationinsights.azure.com//v2.1/track'
2026-02-18T23:58:54.4597980Z Request method: 'POST'
2026-02-18T23:58:54.4598015Z Request headers:
2026-02-18T23:58:54.4598036Z     'Content-Type': 'application/json'
2026-02-18T23:58:54.4598062Z     'Content-Length': '3720'
2026-02-18T23:58:54.4598172Z     'Accept': 'application/json'
2026-02-18T23:58:54.4598196Z     'x-ms-client-request-id': 'c7f0c76e-0d25-11f1-ac5a-d2a6f0f32f9f'
2026-02-18T23:58:54.4598222Z     'User-Agent': 'azsdk-python-azuremonitorclient/unknown Python/3.11.14 (Linux-6.6.119.3-1.azl3-x86_64-with-glibc2.31)'
2026-02-18T23:58:54.4598243Z A body is sent with the request
2026-02-18T23:58:54.5441151Z 2026-02-18 23:58:54,543 - azure.core.pipeline.policies.http_logging_policy - INFO - Response status: 200
2026-02-18T23:58:54.5441866Z Response headers:
2026-02-18T23:58:54.5441909Z     'Transfer-Encoding': 'chunked'
2026-02-18T23:58:54.5441937Z     'Content-Type': 'application/json; charset=utf-8'
2026-02-18T23:58:54.5441963Z     'Server': 'Microsoft-HTTPAPI/2.0'
2026-02-18T23:58:54.5441993Z     'Strict-Transport-Security': 'REDACTED'
2026-02-18T23:58:54.5442098Z     'X-Content-Type-Options': 'REDACTED'
2026-02-18T23:58:54.5442122Z     'Date': 'Wed, 18 Feb 2026 23:58:54 GMT'
2026-02-18T23:58:54.5453965Z 2026-02-18 23:58:54,544 - azure.monitor.opentelemetry.exporter.export._base - INFO - Transmission succeeded: Item received: 3. Items accepted: 3
2026-02-18T23:58:57.7685620Z 2026-02-18 23:58:57,766 - azure.core.pipeline.policies.http_logging_policy - INFO - Request URL: 'https://westus2-2.in.applicationinsights.azure.com//v2.1/track'
2026-02-18T23:58:57.7686188Z Request method: 'POST'
2026-02-18T23:58:57.7686222Z Request headers:
2026-02-18T23:58:57.7686246Z     'Content-Type': 'application/json'
2026-02-18T23:58:57.7686269Z     'Content-Length': '3720'
2026-02-18T23:58:57.7686300Z     'Accept': 'application/json'
2026-02-18T23:58:57.7686328Z     'x-ms-client-request-id': 'c9e97480-0d25-11f1-9ac0-d2a6f0f32f9f'
2026-02-18T23:58:57.7686450Z     'User-Agent': 'azsdk-python-azuremonitorclient/unknown Python/3.11.14 (Linux-6.6.119.3-1.azl3-x86_64-with-glibc2.31)'
2026-02-18T23:58:57.7686474Z A body is sent with the request
2026-02-18T23:58:57.8522451Z 2026-02-18 23:58:57,851 - azure.core.pipeline.policies.http_logging_policy - INFO - Response status: 200
2026-02-18T23:58:57.8523250Z Response headers:
2026-02-18T23:58:57.8523289Z     'Transfer-Encoding': 'chunked'
2026-02-18T23:58:57.8523315Z     'Content-Type': 'application/json; charset=utf-8'
2026-02-18T23:58:57.8523337Z     'Server': 'Microsoft-HTTPAPI/2.0'
2026-02-18T23:58:57.8523360Z     'Strict-Transport-Security': 'REDACTED'
2026-02-18T23:58:57.8523388Z     'X-Content-Type-Options': 'REDACTED'
2026-02-18T23:58:57.8523416Z     'Date': 'Wed, 18 Feb 2026 23:58:57 GMT'
2026-02-18T23:58:57.8535824Z 2026-02-18 23:58:57,853 - azure.monitor.opentelemetry.exporter.export._base - INFO - Transmission succeeded: Item received: 3. Items accepted: 3
2026-02-18T23:58:59.5507298Z 2026-02-18 23:58:59,547 - azure.core.pipeline.policies.http_logging_policy - INFO - Request URL: 'https://westus2-2.in.applicationinsights.azure.com//v2.1/track'
2026-02-18T23:58:59.5507851Z Request method: 'POST'
2026-02-18T23:58:59.5507884Z Request headers:
2026-02-18T23:58:59.5507907Z     'Content-Type': 'application/json'
2026-02-18T23:58:59.5507936Z     'Content-Length': '3720'
2026-02-18T23:58:59.5507962Z     'Accept': 'application/json'
2026-02-18T23:58:59.5507986Z     'x-ms-client-request-id': 'caf91dd0-0d25-11f1-ac5a-d2a6f0f32f9f'
2026-02-18T23:58:59.5508015Z     'User-Agent': 'azsdk-python-azuremonitorclient/unknown Python/3.11.14 (Linux-6.6.119.3-1.azl3-x86_64-with-glibc2.31)'
2026-02-18T23:58:59.5508039Z A body is sent with the request
2026-02-18T23:58:59.6369498Z 2026-02-18 23:58:59,635 - azure.core.pipeline.policies.http_logging_policy - INFO - Response status: 200
2026-02-18T23:58:59.6369953Z Response headers:
2026-02-18T23:58:59.6369987Z     'Transfer-Encoding': 'chunked'
2026-02-18T23:58:59.6370010Z     'Content-Type': 'application/json; charset=utf-8'
2026-02-18T23:58:59.6370032Z     'Server': 'Microsoft-HTTPAPI/2.0'
2026-02-18T23:58:59.6370054Z     'Strict-Transport-Security': 'REDACTED'
2026-02-18T23:58:59.6370076Z     'X-Content-Type-Options': 'REDACTED'
2026-02-18T23:58:59.6370108Z     'Date': 'Wed, 18 Feb 2026 23:58:59 GMT'
2026-02-18T23:58:59.6370139Z 2026-02-18 23:58:59,636 - azure.monitor.opentelemetry.exporter.export._base - INFO - Transmission succeeded: Item received: 3. Items accepted: 3
2026-02-18T23:59:02.8633517Z 2026-02-18 23:59:02,856 - azure.core.pipeline.policies.http_logging_policy - INFO - Request URL: 'https://westus2-2.in.applicationinsights.azure.com//v2.1/track'
2026-02-18T23:59:02.8634297Z Request method: 'POST'
2026-02-18T23:59:02.8634328Z Request headers:
2026-02-18T23:59:02.8634351Z     'Content-Type': 'application/json'
2026-02-18T23:59:02.8634376Z     'Content-Length': '3720'
2026-02-18T23:59:02.8634398Z     'Accept': 'application/json'
2026-02-18T23:59:02.8634424Z     'x-ms-client-request-id': 'ccf1fe4a-0d25-11f1-9ac0-d2a6f0f32f9f'
2026-02-18T23:59:02.8634452Z     'User-Agent': 'azsdk-python-azuremonitorclient/unknown Python/3.11.14 (Linux-6.6.119.3-1.azl3-x86_64-with-glibc2.31)'
2026-02-18T23:59:02.8634477Z A body is sent with the request
2026-02-18T23:59:02.9388118Z 2026-02-18 23:59:02,938 - azure.core.pipeline.policies.http_logging_policy - INFO - Response status: 200
2026-02-18T23:59:02.9388837Z Response headers:
2026-02-18T23:59:02.9388932Z     'Transfer-Encoding': 'chunked'
2026-02-18T23:59:02.9388959Z     'Content-Type': 'application/json; charset=utf-8'
2026-02-18T23:59:02.9388983Z     'Server': 'Microsoft-HTTPAPI/2.0'
2026-02-18T23:59:02.9389006Z     'Strict-Transport-Security': 'REDACTED'
2026-02-18T23:59:02.9389028Z     'X-Content-Type-Options': 'REDACTED'
2026-02-18T23:59:02.9389051Z     'Date': 'Wed, 18 Feb 2026 23:59:02 GMT'
2026-02-18T23:59:02.9407266Z 2026-02-18 23:59:02,940 - azure.monitor.opentelemetry.exporter.export._base - INFO - Transmission succeeded: Item received: 3. Items accepted: 3
2026-02-18T23:59:04.6479471Z 2026-02-18 23:59:04,640 - azure.core.pipeline.policies.http_logging_policy - INFO - Request URL: 'https://westus2-2.in.applicationinsights.azure.com//v2.1/track'
2026-02-18T23:59:04.6482039Z Request method: 'POST'
2026-02-18T23:59:04.6482089Z Request headers:
2026-02-18T23:59:04.6482760Z     'Content-Type': 'application/json'
2026-02-18T23:59:04.6482833Z     'Content-Length': '3720'
2026-02-18T23:59:04.6482856Z     'Accept': 'application/json'
2026-02-18T23:59:04.6482881Z     'x-ms-client-request-id': 'ce023d72-0d25-11f1-ac5a-d2a6f0f32f9f'
2026-02-18T23:59:04.6482908Z     'User-Agent': 'azsdk-python-azuremonitorclient/unknown Python/3.11.14 (Linux-6.6.119.3-1.azl3-x86_64-with-glibc2.31)'
2026-02-18T23:59:04.6482931Z A body is sent with the request
2026-02-18T23:59:04.7037211Z 2026-02-18 23:59:04,703 - azure.core.pipeline.policies.http_logging_policy - INFO - Response status: 200
2026-02-18T23:59:04.7037997Z Response headers:
2026-02-18T23:59:04.7038037Z     'Transfer-Encoding': 'chunked'
2026-02-18T23:59:04.7038063Z     'Content-Type': 'application/json; charset=utf-8'
2026-02-18T23:59:04.7038084Z     'Server': 'Microsoft-HTTPAPI/2.0'
2026-02-18T23:59:04.7038201Z     'Strict-Transport-Security': 'REDACTED'
2026-02-18T23:59:04.7038223Z     'X-Content-Type-Options': 'REDACTED'
2026-02-18T23:59:04.7038245Z     'Date': 'Wed, 18 Feb 2026 23:59:04 GMT'
2026-02-18T23:59:04.7056009Z 2026-02-18 23:59:04,705 - azure.monitor.opentelemetry.exporter.export._base - INFO - Transmission succeeded: Item received: 3. Items accepted: 3
2026-02-18T23:59:06.4701984Z 2026-02-18 23:59:06,463 - azure.core.pipeline.policies.http_logging_policy - INFO - Request URL: 'https://westus2-2.in.applicationinsights.azure.com//v2.1/track'
2026-02-18T23:59:06.4702332Z Request method: 'POST'
2026-02-18T23:59:06.4702364Z Request headers:
2026-02-18T23:59:06.4702389Z     'Content-Type': 'application/json'
2026-02-18T23:59:06.4702412Z     'Content-Length': '1087'
2026-02-18T23:59:06.4702434Z     'Accept': 'application/json'
2026-02-18T23:59:06.4702551Z     'x-ms-client-request-id': 'cf187a46-0d25-11f1-8766-d2a6f0f32f9f'
2026-02-18T23:59:06.4702581Z     'User-Agent': 'azsdk-python-azuremonitorclient/unknown Python/3.11.14 (Linux-6.6.119.3-1.azl3-x86_64-with-glibc2.31)'
2026-02-18T23:59:06.4702605Z A body is sent with the request
2026-02-18T23:59:06.5580453Z 2026-02-18 23:59:06,557 - azure.core.pipeline.policies.http_logging_policy - INFO - Response status: 200
2026-02-18T23:59:06.5581172Z Response headers:
2026-02-18T23:59:06.5581220Z     'Transfer-Encoding': 'chunked'
2026-02-18T23:59:06.5581246Z     'Content-Type': 'application/json; charset=utf-8'
2026-02-18T23:59:06.5581274Z     'Server': 'Microsoft-HTTPAPI/2.0'
2026-02-18T23:59:06.5581299Z     'Strict-Transport-Security': 'REDACTED'
2026-02-18T23:59:06.5581324Z     'X-Content-Type-Options': 'REDACTED'
2026-02-18T23:59:06.5581438Z     'Date': 'Wed, 18 Feb 2026 23:59:06 GMT'
2026-02-18T23:59:06.5581463Z     'Connection': 'close'
2026-02-18T23:59:06.5634572Z 2026-02-18 23:59:06,563 - azure.monitor.opentelemetry.exporter.export._base - INFO - Transmission succeeded: Item received: 1. Items accepted: 1
2026-02-18T23:59:07.9485789Z 2026-02-18 23:59:07,948 - azure.core.pipeline.policies.http_logging_policy - INFO - Request URL: 'https://westus2-2.in.applicationinsights.azure.com//v2.1/track'
2026-02-18T23:59:07.9487218Z Request method: 'POST'
2026-02-18T23:59:07.9487255Z Request headers:
2026-02-18T23:59:07.9487278Z     'Content-Type': 'application/json'
2026-02-18T23:59:07.9487300Z     'Content-Length': '3720'
2026-02-18T23:59:07.9487322Z     'Accept': 'application/json'
2026-02-18T23:59:07.9487348Z     'x-ms-client-request-id': 'cffaf808-0d25-11f1-9ac0-d2a6f0f32f9f'
2026-02-18T23:59:07.9487474Z     'User-Agent': 'azsdk-python-azuremonitorclient/unknown Python/3.11.14 (Linux-6.6.119.3-1.azl3-x86_64-with-glibc2.31)'
2026-02-18T23:59:07.9487497Z A body is sent with the request
2026-02-18T23:59:08.0402155Z 2026-02-18 23:59:08,039 - azure.core.pipeline.policies.http_logging_policy - INFO - Response status: 200
2026-02-18T23:59:08.0402669Z Response headers:
2026-02-18T23:59:08.0402701Z     'Transfer-Encoding': 'chunked'
2026-02-18T23:59:08.0402723Z     'Content-Type': 'application/json; charset=utf-8'
2026-02-18T23:59:08.0402744Z     'Server': 'Microsoft-HTTPAPI/2.0'
2026-02-18T23:59:08.0402772Z     'Strict-Transport-Security': 'REDACTED'
2026-02-18T23:59:08.0402797Z     'X-Content-Type-Options': 'REDACTED'
2026-02-18T23:59:08.0402817Z     'Date': 'Wed, 18 Feb 2026 23:59:07 GMT'
2026-02-18T23:59:08.0417508Z 2026-02-18 23:59:08,041 - azure.monitor.opentelemetry.exporter.export._base - INFO - Transmission succeeded: Item received: 3. Items accepted: 3
2026-02-18T23:59:09.7131476Z 2026-02-18 23:59:09,712 - azure.core.pipeline.policies.http_logging_policy - INFO - Request URL: 'https://westus2-2.in.applicationinsights.azure.com//v2.1/track'
2026-02-18T23:59:09.7132004Z Request method: 'POST'
2026-02-18T23:59:09.7132037Z Request headers:
2026-02-18T23:59:09.7132060Z     'Content-Type': 'application/json'
2026-02-18T23:59:09.7132083Z     'Content-Length': '7465'
2026-02-18T23:59:09.7132109Z     'Accept': 'application/json'
2026-02-18T23:59:09.7132142Z     'x-ms-client-request-id': 'd1083f30-0d25-11f1-ac5a-d2a6f0f32f9f'
2026-02-18T23:59:09.7132170Z     'User-Agent': 'azsdk-python-azuremonitorclient/unknown Python/3.11.14 (Linux-6.6.119.3-1.azl3-x86_64-with-glibc2.31)'
2026-02-18T23:59:09.7132193Z A body is sent with the request
2026-02-18T23:59:09.8270629Z 2026-02-18 23:59:09,826 - azure.core.pipeline.policies.http_logging_policy - INFO - Response status: 200
2026-02-18T23:59:09.8271349Z Response headers:
2026-02-18T23:59:09.8271394Z     'Transfer-Encoding': 'chunked'
2026-02-18T23:59:09.8271421Z     'Content-Type': 'application/json; charset=utf-8'
2026-02-18T23:59:09.8271445Z     'Server': 'Microsoft-HTTPAPI/2.0'
2026-02-18T23:59:09.8271468Z     'Strict-Transport-Security': 'REDACTED'
2026-02-18T23:59:09.8271497Z     'X-Content-Type-Options': 'REDACTED'
2026-02-18T23:59:09.8271523Z     'Date': 'Wed, 18 Feb 2026 23:59:09 GMT'
2026-02-18T23:59:09.8324799Z 2026-02-18 23:59:09,832 - azure.monitor.opentelemetry.exporter.export._base - INFO - Transmission succeeded: Item received: 6. Items accepted: 6
2026-02-18T23:59:13.0459772Z 2026-02-18 23:59:13,044 - azure.core.pipeline.policies.http_logging_policy - INFO - Request URL: 'https://westus2-2.in.applicationinsights.azure.com//v2.1/track'
2026-02-18T23:59:13.0460209Z Request method: 'POST'
2026-02-18T23:59:13.0460237Z Request headers:
2026-02-18T23:59:13.0460259Z     'Content-Type': 'application/json'
2026-02-18T23:59:13.0460281Z     'Content-Length': '3720'
2026-02-18T23:59:13.0460304Z     'Accept': 'application/json'
2026-02-18T23:59:13.0460328Z     'x-ms-client-request-id': 'd3049c20-0d25-11f1-9ac0-d2a6f0f32f9f'
2026-02-18T23:59:13.0460356Z     'User-Agent': 'azsdk-python-azuremonitorclient/unknown Python/3.11.14 (Linux-6.6.119.3-1.azl3-x86_64-with-glibc2.31)'
2026-02-18T23:59:13.0460378Z A body is sent with the request
2026-02-18T23:59:13.1320264Z 2026-02-18 23:59:13,131 - azure.core.pipeline.policies.http_logging_policy - INFO - Response status: 200
2026-02-18T23:59:13.1320977Z Response headers:
2026-02-18T23:59:13.1321106Z     'Transfer-Encoding': 'chunked'
2026-02-18T23:59:13.1321131Z     'Content-Type': 'application/json; charset=utf-8'
2026-02-18T23:59:13.1321154Z     'Server': 'Microsoft-HTTPAPI/2.0'
2026-02-18T23:59:13.1321177Z     'Strict-Transport-Security': 'REDACTED'
2026-02-18T23:59:13.1321200Z     'X-Content-Type-Options': 'REDACTED'
2026-02-18T23:59:13.1321222Z     'Date': 'Wed, 18 Feb 2026 23:59:12 GMT'
2026-02-18T23:59:13.1355977Z 2026-02-18 23:59:13,134 - azure.monitor.opentelemetry.exporter.export._base - INFO - Transmission succeeded: Item received: 3. Items accepted: 3
2026-02-18T23:59:14.8398660Z 2026-02-18 23:59:14,835 - azure.core.pipeline.policies.http_logging_policy - INFO - Request URL: 'https://westus2-2.in.applicationinsights.azure.com//v2.1/track'
2026-02-18T23:59:14.8398992Z Request method: 'POST'
2026-02-18T23:59:14.8399060Z Request headers:
2026-02-18T23:59:14.8399085Z     'Content-Type': 'application/json'
2026-02-18T23:59:14.8399108Z     'Content-Length': '3719'
2026-02-18T23:59:14.8399130Z     'Accept': 'application/json'
2026-02-18T23:59:14.8399154Z     'x-ms-client-request-id': 'd415e3ee-0d25-11f1-ac5a-d2a6f0f32f9f'
2026-02-18T23:59:14.8399181Z     'User-Agent': 'azsdk-python-azuremonitorclient/unknown Python/3.11.14 (Linux-6.6.119.3-1.azl3-x86_64-with-glibc2.31)'
2026-02-18T23:59:14.8399205Z A body is sent with the request
2026-02-18T23:59:14.8772042Z 2026-02-18 23:59:14,876 - azure.core.pipeline.policies.http_logging_policy - INFO - Response status: 200
2026-02-18T23:59:14.8772350Z Response headers:
2026-02-18T23:59:14.8772387Z     'Transfer-Encoding': 'chunked'
2026-02-18T23:59:14.8772416Z     'Content-Type': 'application/json; charset=utf-8'
2026-02-18T23:59:14.8773113Z     'Server': 'Microsoft-HTTPAPI/2.0'
2026-02-18T23:59:14.8773149Z     'Strict-Transport-Security': 'REDACTED'
2026-02-18T23:59:14.8773171Z     'X-Content-Type-Options': 'REDACTED'
2026-02-18T23:59:14.8773193Z     'Date': 'Wed, 18 Feb 2026 23:59:14 GMT'
2026-02-18T23:59:14.8795140Z 2026-02-18 23:59:14,879 - azure.monitor.opentelemetry.exporter.export._base - INFO - Transmission succeeded: Item received: 3. Items accepted: 3
2026-02-18T23:59:18.1407011Z 2026-02-18 23:59:18,138 - azure.core.pipeline.policies.http_logging_policy - INFO - Request URL: 'https://westus2-2.in.applicationinsights.azure.com//v2.1/track'
2026-02-18T23:59:18.1407511Z Request method: 'POST'
2026-02-18T23:59:18.1407544Z Request headers:
2026-02-18T23:59:18.1407569Z     'Content-Type': 'application/json'
2026-02-18T23:59:18.1407592Z     'Content-Length': '3717'
2026-02-18T23:59:18.1407697Z     'Accept': 'application/json'
2026-02-18T23:59:18.1407727Z     'x-ms-client-request-id': 'd60dd788-0d25-11f1-9ac0-d2a6f0f32f9f'
2026-02-18T23:59:18.1407760Z     'User-Agent': 'azsdk-python-azuremonitorclient/unknown Python/3.11.14 (Linux-6.6.119.3-1.azl3-x86_64-with-glibc2.31)'
2026-02-18T23:59:18.1407784Z A body is sent with the request
2026-02-18T23:59:18.2235641Z 2026-02-18 23:59:18,223 - azure.core.pipeline.policies.http_logging_policy - INFO - Response status: 200
2026-02-18T23:59:18.2236517Z Response headers:
2026-02-18T23:59:18.2236561Z     'Transfer-Encoding': 'chunked'
2026-02-18T23:59:18.2236585Z     'Content-Type': 'application/json; charset=utf-8'
2026-02-18T23:59:18.2236607Z     'Server': 'Microsoft-HTTPAPI/2.0'
2026-02-18T23:59:18.2236634Z     'Strict-Transport-Security': 'REDACTED'
2026-02-18T23:59:18.2236736Z     'X-Content-Type-Options': 'REDACTED'
2026-02-18T23:59:18.2236759Z     'Date': 'Wed, 18 Feb 2026 23:59:17 GMT'
2026-02-18T23:59:18.2254507Z 2026-02-18 23:59:18,224 - azure.monitor.opentelemetry.exporter.export._base - INFO - Transmission succeeded: Item received: 3. Items accepted: 3
2026-02-18T23:59:19.8896482Z 2026-02-18 23:59:19,885 - azure.core.pipeline.policies.http_logging_policy - INFO - Request URL: 'https://westus2-2.in.applicationinsights.azure.com//v2.1/track'
2026-02-18T23:59:19.8896964Z Request method: 'POST'
2026-02-18T23:59:19.8896996Z Request headers:
2026-02-18T23:59:19.8897018Z     'Content-Type': 'application/json'
2026-02-18T23:59:19.8897040Z     'Content-Length': '3720'
2026-02-18T23:59:19.8897063Z     'Accept': 'application/json'
2026-02-18T23:59:19.8897095Z     'x-ms-client-request-id': 'd7186fda-0d25-11f1-ac5a-d2a6f0f32f9f'
2026-02-18T23:59:19.8897208Z     'User-Agent': 'azsdk-python-azuremonitorclient/unknown Python/3.11.14 (Linux-6.6.119.3-1.azl3-x86_64-with-glibc2.31)'
2026-02-18T23:59:19.8897231Z A body is sent with the request
2026-02-18T23:59:20.0272888Z 2026-02-18 23:59:20,026 - azure.core.pipeline.policies.http_logging_policy - INFO - Response status: 200
2026-02-18T23:59:20.0273324Z Response headers:
2026-02-18T23:59:20.0273361Z     'Transfer-Encoding': 'chunked'
2026-02-18T23:59:20.0273388Z     'Content-Type': 'application/json; charset=utf-8'
2026-02-18T23:59:20.0273418Z     'Server': 'Microsoft-HTTPAPI/2.0'
2026-02-18T23:59:20.0273441Z     'Strict-Transport-Security': 'REDACTED'
2026-02-18T23:59:20.0273465Z     'X-Content-Type-Options': 'REDACTED'
2026-02-18T23:59:20.0273486Z     'Date': 'Wed, 18 Feb 2026 23:59:19 GMT'
2026-02-18T23:59:20.0273552Z 2026-02-18 23:59:20,026 - azure.monitor.opentelemetry.exporter.export._base - INFO - Transmission succeeded: Item received: 3. Items accepted: 3
2026-02-18T23:59:22.7031807Z 2026-02-18 23:59:22,702 - app.main - INFO - → POST /api/logs
2026-02-18T23:59:22.7396085Z 2026-02-18 23:59:22,739 - app.main - INFO - → GET /api/portfolio
2026-02-18T23:59:22.7487387Z 2026-02-18 23:59:22,741 - app.main - INFO - → GET /api/scan
2026-02-18T23:59:22.7513492Z 2026-02-18 23:59:22,751 - app.main - INFO - → GET /api/multi-leg-opportunities
2026-02-18T23:59:22.7705347Z 2026-02-18 23:59:22,742 - app.main - INFO - → POST /api/logs
2026-02-18T23:59:22.7706835Z 2026-02-18 23:59:22,770 - azure.identity._credentials.environment - INFO - Incomplete environment configuration for EnvironmentCredential. These variables are set: AZURE_CLIENT_ID
2026-02-18T23:59:22.7890006Z 2026-02-18 23:59:22,776 - azure.identity._credentials.managed_identity - INFO - ManagedIdentityCredential will use App Service managed identity
2026-02-18T23:59:22.7890199Z 2026-02-18 23:59:22,776 - azure.core.pipeline.policies.http_logging_policy - INFO - Request URL: 'http://169.254.130.4:8081/msi/token?api-version=REDACTED&resource=REDACTED&client_id=REDACTED'
2026-02-18T23:59:22.7890224Z Request method: 'GET'
2026-02-18T23:59:22.7890244Z Request headers:
2026-02-18T23:59:22.7890267Z     'X-IDENTITY-HEADER': 'REDACTED'
2026-02-18T23:59:22.7890294Z     'User-Agent': 'azsdk-python-identity/1.17.1 Python/3.11.14 (Linux-6.6.119.3-1.azl3-x86_64-with-glibc2.31)'
2026-02-18T23:59:22.7890318Z     'traceparent': '00-e45c221866c02a70fb2c056deaf27d4c-83b25fbf60120394-01'
2026-02-18T23:59:22.7890339Z No body was attached to the request
2026-02-18T23:59:22.7890366Z 2026-02-18 23:59:22,778 - app.main - INFO - → POST /api/logs
2026-02-18T23:59:22.7890395Z 2026-02-18 23:59:22,785 - azure.identity._credentials.environment - INFO - Incomplete environment configuration for EnvironmentCredential. These variables are set: AZURE_CLIENT_ID
2026-02-18T23:59:22.7890422Z 2026-02-18 23:59:22,785 - azure.identity._credentials.managed_identity - INFO - ManagedIdentityCredential will use App Service managed identity
2026-02-18T23:59:22.7890475Z 2026-02-18 23:59:22,786 - azure.core.pipeline.policies.http_logging_policy - INFO - Request URL: 'http://169.254.130.4:8081/msi/token?api-version=REDACTED&resource=REDACTED&client_id=REDACTED'
2026-02-18T23:59:22.7890497Z Request method: 'GET'
2026-02-18T23:59:22.7890518Z Request headers:
2026-02-18T23:59:22.7890539Z     'X-IDENTITY-HEADER': 'REDACTED'
2026-02-18T23:59:22.7890565Z     'User-Agent': 'azsdk-python-identity/1.17.1 Python/3.11.14 (Linux-6.6.119.3-1.azl3-x86_64-with-glibc2.31)'
2026-02-18T23:59:22.8231592Z     'traceparent': '00-4ded352afb79e6cd730d1d7338e16cad-b3ec67504a12311f-01'
2026-02-18T23:59:22.8231693Z No body was attached to the request
2026-02-18T23:59:22.8343632Z 2026-02-18 23:59:22,833 - app.main - INFO - ← POST /api/logs 200
2026-02-18T23:59:22.8714247Z 2026-02-18 23:59:22,871 - app.main - INFO - ← GET /api/multi-leg-opportunities 200
2026-02-18T23:59:22.8729312Z 169.254.130.1:24885 - "GET /api/multi-leg-opportunities HTTP/1.1" 200
2026-02-18T23:59:22.8894509Z 169.254.130.1:24837 - "POST /api/logs HTTP/1.1" 200
2026-02-18T23:59:22.8896460Z 2026-02-18 23:59:22,888 - app.main - INFO - ← POST /api/logs 200
2026-02-18T23:59:22.8896509Z 169.254.130.1:24857 - "POST /api/logs HTTP/1.1" 200
2026-02-18T23:59:22.8914287Z 2026-02-18 23:59:22,891 - app.main - INFO - ← POST /api/logs 200
2026-02-18T23:59:22.9250787Z 169.254.130.1:24865 - "POST /api/logs HTTP/1.1" 200
2026-02-18T23:59:22.9462953Z 2026-02-18 23:59:22,946 - azure.core.pipeline.policies.http_logging_policy - INFO - Response status: 200
2026-02-18T23:59:22.9465065Z Response headers:
2026-02-18T23:59:22.9465169Z     'Content-Type': 'application/json; charset=utf-8'
2026-02-18T23:59:22.9465258Z     'Date': 'Wed, 18 Feb 2026 23:59:22 GMT'
2026-02-18T23:59:22.9465282Z     'Server': 'Kestrel'
2026-02-18T23:59:22.9465304Z     'Transfer-Encoding': 'chunked'
2026-02-18T23:59:22.9465327Z     'X-CORRELATION-ID': 'REDACTED'
2026-02-18T23:59:22.9550239Z 2026-02-18 23:59:22,954 - azure.identity._credentials.chained - INFO - DefaultAzureCredential acquired a token from ManagedIdentityCredential
2026-02-18T23:59:23.0228833Z 2026-02-18 23:59:23,022 - app.main - INFO - → POST /api/logs
2026-02-18T23:59:23.0300757Z 2026-02-18 23:59:23,029 - app.main - INFO - → POST /api/logs
2026-02-18T23:59:23.0493857Z 2026-02-18 23:59:23,004 - azure.core.pipeline.policies.http_logging_policy - INFO - Response status: 200
2026-02-18T23:59:23.0494091Z Response headers:
2026-02-18T23:59:23.0494164Z     'Content-Type': 'application/json; charset=utf-8'
2026-02-18T23:59:23.0494190Z     'Date': 'Wed, 18 Feb 2026 23:59:22 GMT'
2026-02-18T23:59:23.0494212Z     'Server': 'Kestrel'
2026-02-18T23:59:23.0494234Z     'Transfer-Encoding': 'chunked'
2026-02-18T23:59:23.0494256Z     'X-CORRELATION-ID': 'REDACTED'
2026-02-18T23:59:23.0494284Z 2026-02-18 23:59:23,049 - azure.identity._credentials.chained - INFO - DefaultAzureCredential acquired a token from ManagedIdentityCredential
2026-02-18T23:59:23.0844981Z 2026-02-18 23:59:23,084 - app.main - INFO - ← POST /api/logs 200
2026-02-18T23:59:23.0856237Z 169.254.130.1:24837 - "POST /api/logs HTTP/1.1" 200
2026-02-18T23:59:23.0954282Z 2026-02-18 23:59:23,094 - app.main - INFO - ← POST /api/logs 200
2026-02-18T23:59:23.0954500Z 169.254.130.1:24865 - "POST /api/logs HTTP/1.1" 200
2026-02-18T23:59:23.1597814Z 2026-02-18 23:59:23,158 - azure.identity._credentials.environment - INFO - Incomplete environment configuration for EnvironmentCredential. These variables are set: AZURE_CLIENT_ID
2026-02-18T23:59:23.1649940Z 2026-02-18 23:59:23,160 - azure.identity._credentials.managed_identity - INFO - ManagedIdentityCredential will use App Service managed identity
2026-02-18T23:59:23.1667004Z 2026-02-18 23:59:23,166 - azure.core.pipeline.policies.http_logging_policy - INFO - Request URL: 'http://169.254.130.4:8081/msi/token?api-version=REDACTED&resource=REDACTED&client_id=REDACTED'
2026-02-18T23:59:23.1667217Z Request method: 'GET'
2026-02-18T23:59:23.1667251Z Request headers:
2026-02-18T23:59:23.1667274Z     'X-IDENTITY-HEADER': 'REDACTED'
2026-02-18T23:59:23.1667306Z     'User-Agent': 'azsdk-python-identity/1.17.1 Python/3.11.14 (Linux-6.6.119.3-1.azl3-x86_64-with-glibc2.31)'
2026-02-18T23:59:23.1667332Z     'traceparent': '00-5477a4c6bc7439942dc3f8a08905defa-40f6aa1e499ddd00-01'
2026-02-18T23:59:23.1667394Z No body was attached to the request
2026-02-18T23:59:23.2129116Z 2026-02-18 23:59:23,212 - app.main - INFO - ← GET /api/scan 200
2026-02-18T23:59:23.2378828Z 169.254.130.1:24873 - "GET /api/scan HTTP/1.1" 200
2026-02-18T23:59:23.2633821Z 2026-02-18 23:59:23,255 - azure.core.pipeline.policies.http_logging_policy - INFO - Response status: 200
2026-02-18T23:59:23.2634191Z Response headers:
2026-02-18T23:59:23.2634236Z     'Content-Type': 'application/json; charset=utf-8'
2026-02-18T23:59:23.2634260Z     'Date': 'Wed, 18 Feb 2026 23:59:22 GMT'
2026-02-18T23:59:23.2634290Z     'Server': 'Kestrel'
2026-02-18T23:59:23.2634320Z     'Transfer-Encoding': 'chunked'
2026-02-18T23:59:23.2634340Z     'X-CORRELATION-ID': 'REDACTED'
2026-02-18T23:59:23.2746265Z 2026-02-18 23:59:23,274 - azure.identity._credentials.chained - INFO - DefaultAzureCredential acquired a token from ManagedIdentityCredential
2026-02-18T23:59:23.3115990Z 2026-02-18 23:59:23,311 - app.main - INFO - → POST /api/logs
2026-02-18T23:59:23.3195802Z 2026-02-18 23:59:23,319 - azure.core.pipeline.policies.http_logging_policy - INFO - Request URL: 'https://westus2-2.in.applicationinsights.azure.com//v2.1/track'
2026-02-18T23:59:23.3196050Z Request method: 'POST'
2026-02-18T23:59:23.3196089Z Request headers:
2026-02-18T23:59:23.3196113Z     'Content-Type': 'application/json'
2026-02-18T23:59:23.3196139Z     'Content-Length': '12927'
2026-02-18T23:59:23.3196168Z     'Accept': 'application/json'
2026-02-18T23:59:23.3196191Z     'x-ms-client-request-id': 'd920d100-0d25-11f1-9ac0-d2a6f0f32f9f'
2026-02-18T23:59:23.3196365Z     'User-Agent': 'azsdk-python-azuremonitorclient/unknown Python/3.11.14 (Linux-6.6.119.3-1.azl3-x86_64-with-glibc2.31)'
2026-02-18T23:59:23.3196395Z A body is sent with the request
2026-02-18T23:59:23.3459718Z 2026-02-18 23:59:23,339 - app.main - INFO - → POST /api/logs
2026-02-18T23:59:23.3560422Z 2026-02-18 23:59:23,355 - app.main - INFO - ← POST /api/logs 200
2026-02-18T23:59:23.3651516Z 169.254.130.1:24873 - "POST /api/logs HTTP/1.1" 200
2026-02-18T23:59:23.3826834Z 2026-02-18 23:59:23,376 - app.main - INFO - ← POST /api/logs 200
2026-02-18T23:59:23.3852758Z 169.254.130.1:24865 - "POST /api/logs HTTP/1.1" 200
2026-02-18T23:59:23.4265920Z 2026-02-18 23:59:23,426 - app.main - INFO - ← GET /api/portfolio 200
2026-02-18T23:59:23.4278551Z 169.254.130.1:24851 - "GET /api/portfolio HTTP/1.1" 200
2026-02-18T23:59:23.4803546Z 2026-02-18 23:59:23,465 - app.main - INFO - → GET /api/portfolio
2026-02-18T23:59:23.4990745Z 2026-02-18 23:59:23,475 - azure.identity._credentials.environment - INFO - Incomplete environment configuration for EnvironmentCredential. These variables are set: AZURE_CLIENT_ID
2026-02-18T23:59:23.4991369Z 2026-02-18 23:59:23,490 - azure.identity._credentials.managed_identity - INFO - ManagedIdentityCredential will use App Service managed identity
2026-02-18T23:59:23.4991413Z 2026-02-18 23:59:23,491 - azure.core.pipeline.policies.http_logging_policy - INFO - Request URL: 'http://169.254.130.4:8081/msi/token?api-version=REDACTED&resource=REDACTED&client_id=REDACTED'
2026-02-18T23:59:23.4991440Z Request method: 'GET'
2026-02-18T23:59:23.4991464Z Request headers:
2026-02-18T23:59:23.4991485Z     'X-IDENTITY-HEADER': 'REDACTED'
2026-02-18T23:59:23.4991510Z     'User-Agent': 'azsdk-python-identity/1.17.1 Python/3.11.14 (Linux-6.6.119.3-1.azl3-x86_64-with-glibc2.31)'
2026-02-18T23:59:23.4991604Z     'traceparent': '00-b47e7bcd4dae9ec9a8f1cbb4ecff8f9f-5dd2c6a7b35efdcc-01'
2026-02-18T23:59:23.4991625Z No body was attached to the request
2026-02-18T23:59:23.5173902Z 2026-02-18 23:59:23,508 - azure.core.pipeline.policies.http_logging_policy - INFO - Response status: 200
2026-02-18T23:59:23.5174122Z Response headers:
2026-02-18T23:59:23.5174150Z     'Transfer-Encoding': 'chunked'
2026-02-18T23:59:23.5174174Z     'Content-Type': 'application/json; charset=utf-8'
2026-02-18T23:59:23.5174199Z     'Server': 'Microsoft-HTTPAPI/2.0'
2026-02-18T23:59:23.5174227Z     'Strict-Transport-Security': 'REDACTED'
2026-02-18T23:59:23.5174250Z     'X-Content-Type-Options': 'REDACTED'
2026-02-18T23:59:23.5174272Z     'Date': 'Wed, 18 Feb 2026 23:59:22 GMT'
2026-02-18T23:59:23.5174329Z 2026-02-18 23:59:23,509 - azure.monitor.opentelemetry.exporter.export._base - INFO - Transmission succeeded: Item received: 13. Items accepted: 13
2026-02-18T23:59:23.5829951Z 2026-02-18 23:59:23,582 - azure.core.pipeline.policies.http_logging_policy - INFO - Response status: 200
2026-02-18T23:59:23.5830752Z Response headers:
2026-02-18T23:59:23.5830790Z     'Content-Type': 'application/json; charset=utf-8'
2026-02-18T23:59:23.5830814Z     'Date': 'Wed, 18 Feb 2026 23:59:22 GMT'
2026-02-18T23:59:23.5830835Z     'Server': 'Kestrel'
2026-02-18T23:59:23.5830862Z     'Transfer-Encoding': 'chunked'
2026-02-18T23:59:23.5830891Z     'X-CORRELATION-ID': 'REDACTED'
2026-02-18T23:59:23.5934027Z 2026-02-18 23:59:23,592 - azure.identity._credentials.chained - INFO - DefaultAzureCredential acquired a token from ManagedIdentityCredential
2026-02-18T23:59:23.6682361Z 2026-02-18 23:59:23,667 - azure.identity._credentials.environment - INFO - Incomplete environment configuration for EnvironmentCredential. These variables are set: AZURE_CLIENT_ID
2026-02-18T23:59:23.6707459Z 2026-02-18 23:59:23,670 - azure.identity._credentials.managed_identity - INFO - ManagedIdentityCredential will use App Service managed identity
2026-02-18T23:59:23.6760529Z 2026-02-18 23:59:23,675 - azure.core.pipeline.policies.http_logging_policy - INFO - Request URL: 'http://169.254.130.4:8081/msi/token?api-version=REDACTED&resource=REDACTED&client_id=REDACTED'
2026-02-18T23:59:23.6760650Z Request method: 'GET'
2026-02-18T23:59:23.6760830Z Request headers:
2026-02-18T23:59:23.6760855Z     'X-IDENTITY-HEADER': 'REDACTED'
2026-02-18T23:59:23.6760882Z     'User-Agent': 'azsdk-python-identity/1.17.1 Python/3.11.14 (Linux-6.6.119.3-1.azl3-x86_64-with-glibc2.31)'
2026-02-18T23:59:23.6760906Z     'traceparent': '00-ae76ebc2e942e791935c967c27d804e8-d48064b8322d4e1d-01'
2026-02-18T23:59:23.6760929Z No body was attached to the request
2026-02-18T23:59:23.7427441Z 2026-02-18 23:59:23,735 - azure.core.pipeline.policies.http_logging_policy - INFO - Response status: 200
2026-02-18T23:59:23.7427980Z Response headers:
2026-02-18T23:59:23.7428016Z     'Content-Type': 'application/json; charset=utf-8'
2026-02-18T23:59:23.7428040Z     'Date': 'Wed, 18 Feb 2026 23:59:23 GMT'
2026-02-18T23:59:23.7428073Z     'Server': 'Kestrel'
2026-02-18T23:59:23.7428096Z     'Transfer-Encoding': 'chunked'
2026-02-18T23:59:23.7428116Z     'X-CORRELATION-ID': 'REDACTED'
2026-02-18T23:59:23.7538181Z 2026-02-18 23:59:23,744 - azure.identity._credentials.chained - INFO - DefaultAzureCredential acquired a token from ManagedIdentityCredential
2026-02-18T23:59:23.8659053Z 2026-02-18 23:59:23,865 - app.main - INFO - ← GET /api/portfolio 200
2026-02-18T23:59:23.8667899Z 169.254.130.1:24851 - "GET /api/portfolio HTTP/1.1" 200
2026-02-18T23:59:23.9004688Z 2026-02-18 23:59:23,900 - app.main - INFO - → POST /api/logs
2026-02-18T23:59:23.9095728Z 2026-02-18 23:59:23,908 - app.main - INFO - ← POST /api/logs 200
2026-02-18T23:59:23.9095959Z 169.254.130.1:24851 - "POST /api/logs HTTP/1.1" 200
2026-02-18T23:59:23.9184107Z 2026-02-18 23:59:23,918 - app.main - INFO - → POST /api/logs
2026-02-18T23:59:23.9271832Z 2026-02-18 23:59:23,927 - app.main - INFO - ← POST /api/logs 200
2026-02-18T23:59:23.9281472Z 169.254.130.1:24851 - "POST /api/logs HTTP/1.1" 200
2026-02-18T23:59:25.0652285Z 2026-02-18 23:59:25,063 - azure.core.pipeline.policies.http_logging_policy - INFO - Request URL: 'https://westus2-2.in.applicationinsights.azure.com//v2.1/track'
2026-02-18T23:59:25.0652715Z Request method: 'POST'
2026-02-18T23:59:25.0652743Z Request headers:
2026-02-18T23:59:25.0652766Z     'Content-Type': 'application/json'
2026-02-18T23:59:25.0652790Z     'Content-Length': '45243'
2026-02-18T23:59:25.0652813Z     'Accept': 'application/json'
2026-02-18T23:59:25.0652837Z     'x-ms-client-request-id': 'da2e8380-0d25-11f1-ac5a-d2a6f0f32f9f'
2026-02-18T23:59:25.0652865Z     'User-Agent': 'azsdk-python-azuremonitorclient/unknown Python/3.11.14 (Linux-6.6.119.3-1.azl3-x86_64-with-glibc2.31)'
2026-02-18T23:59:25.0652887Z A body is sent with the request
2026-02-18T23:59:25.2756809Z 2026-02-18 23:59:25,274 - azure.core.pipeline.policies.http_logging_policy - INFO - Response status: 200
2026-02-18T23:59:25.2757248Z Response headers:
2026-02-18T23:59:25.2757283Z     'Transfer-Encoding': 'chunked'
2026-02-18T23:59:25.2757401Z     'Content-Type': 'application/json; charset=utf-8'
2026-02-18T23:59:25.2757426Z     'Server': 'Microsoft-HTTPAPI/2.0'
2026-02-18T23:59:25.2757449Z     'Strict-Transport-Security': 'REDACTED'
2026-02-18T23:59:25.2757471Z     'X-Content-Type-Options': 'REDACTED'
2026-02-18T23:59:25.2757493Z     'Date': 'Wed, 18 Feb 2026 23:59:24 GMT'
2026-02-18T23:59:25.2757523Z 2026-02-18 23:59:25,275 - azure.monitor.opentelemetry.exporter.export._base - INFO - Transmission succeeded: Item received: 42. Items accepted: 42
2026-02-18T23:59:26.1344011Z 2026-02-18 23:59:26,134 - azure.core.pipeline.policies.http_logging_policy - INFO - Request URL: 'https://westus2-2.in.applicationinsights.azure.com//v2.1/track'
2026-02-18T23:59:26.1344810Z Request method: 'POST'
2026-02-18T23:59:26.1344852Z Request headers:
2026-02-18T23:59:26.1344878Z     'Content-Type': 'application/json'
2026-02-18T23:59:26.1344990Z     'Content-Length': '13681'
2026-02-18T23:59:26.1345015Z     'Accept': 'application/json'
2026-02-18T23:59:26.1345039Z     'x-ms-client-request-id': 'dad1f31c-0d25-11f1-8a4b-d2a6f0f32f9f'
2026-02-18T23:59:26.1345066Z     'User-Agent': 'azsdk-python-azuremonitorclient/unknown Python/3.11.14 (Linux-6.6.119.3-1.azl3-x86_64-with-glibc2.31)'
2026-02-18T23:59:26.1345088Z A body is sent with the request
2026-02-18T23:59:26.2941098Z 2026-02-18 23:59:26,293 - azure.core.pipeline.policies.http_logging_policy - INFO - Response status: 200
2026-02-18T23:59:26.2941536Z Response headers:
2026-02-18T23:59:26.2941570Z     'Transfer-Encoding': 'chunked'
2026-02-18T23:59:26.2941595Z     'Content-Type': 'application/json; charset=utf-8'
2026-02-18T23:59:26.2941619Z     'Server': 'Microsoft-HTTPAPI/2.0'
2026-02-18T23:59:26.2941643Z     'Strict-Transport-Security': 'REDACTED'
2026-02-18T23:59:26.2941754Z     'X-Content-Type-Options': 'REDACTED'
2026-02-18T23:59:26.2941778Z     'Date': 'Wed, 18 Feb 2026 23:59:25 GMT'
2026-02-18T23:59:26.2961101Z 2026-02-18 23:59:26,295 - azure.monitor.opentelemetry.exporter.export._base - INFO - Transmission succeeded: Item received: 11. Items accepted: 11
2026-02-18T23:59:28.5136267Z 2026-02-18 23:59:28,513 - azure.core.pipeline.policies.http_logging_policy - INFO - Request URL: 'https://westus2-2.in.applicationinsights.azure.com//v2.1/track'
2026-02-18T23:59:28.5137502Z Request method: 'POST'
2026-02-18T23:59:28.5137552Z Request headers:
2026-02-18T23:59:28.5137584Z     'Content-Type': 'application/json'
2026-02-18T23:59:28.5137609Z     'Content-Length': '5565'
2026-02-18T23:59:28.5137631Z     'Accept': 'application/json'
2026-02-18T23:59:28.5137692Z     'x-ms-client-request-id': 'dc3cffbc-0d25-11f1-9ac0-d2a6f0f32f9f'
2026-02-18T23:59:28.5137721Z     'User-Agent': 'azsdk-python-azuremonitorclient/unknown Python/3.11.14 (Linux-6.6.119.3-1.azl3-x86_64-with-glibc2.31)'
2026-02-18T23:59:28.5137745Z A body is sent with the request
2026-02-18T23:59:28.6100805Z 2026-02-18 23:59:28,609 - azure.core.pipeline.policies.http_logging_policy - INFO - Response status: 200
2026-02-18T23:59:28.6101207Z Response headers:
2026-02-18T23:59:28.6101245Z     'Transfer-Encoding': 'chunked'
2026-02-18T23:59:28.6101269Z     'Content-Type': 'application/json; charset=utf-8'
2026-02-18T23:59:28.6101292Z     'Server': 'Microsoft-HTTPAPI/2.0'
2026-02-18T23:59:28.6101321Z     'Strict-Transport-Security': 'REDACTED'
2026-02-18T23:59:28.6101349Z     'X-Content-Type-Options': 'REDACTED'
2026-02-18T23:59:28.6101372Z     'Date': 'Wed, 18 Feb 2026 23:59:27 GMT'
2026-02-18T23:59:28.6189463Z 2026-02-18 23:59:28,618 - azure.monitor.opentelemetry.exporter.export._base - INFO - Transmission succeeded: Item received: 5. Items accepted: 5
2026-02-18T23:59:30.3219445Z 2026-02-18 23:59:30,321 - azure.core.pipeline.policies.http_logging_policy - INFO - Request URL: 'https://westus2-2.in.applicationinsights.azure.com//v2.1/track'
2026-02-18T23:59:30.3219996Z Request method: 'POST'
2026-02-18T23:59:30.3220031Z Request headers:
2026-02-18T23:59:30.3220053Z     'Content-Type': 'application/json'
2026-02-18T23:59:30.3220079Z     'Content-Length': '7445'
2026-02-18T23:59:30.3220107Z     'Accept': 'application/json'
2026-02-18T23:59:30.3220132Z     'x-ms-client-request-id': 'dd4fcd8a-0d25-11f1-ac5a-d2a6f0f32f9f'
2026-02-18T23:59:30.3220164Z     'User-Agent': 'azsdk-python-azuremonitorclient/unknown Python/3.11.14 (Linux-6.6.119.3-1.azl3-x86_64-with-glibc2.31)'
2026-02-18T23:59:30.3220189Z A body is sent with the request
2026-02-18T23:59:30.5054738Z 2026-02-18 23:59:30,505 - azure.core.pipeline.policies.http_logging_policy - INFO - Response status: 200
2026-02-18T23:59:30.5055270Z Response headers:
2026-02-18T23:59:30.5055307Z     'Transfer-Encoding': 'chunked'
2026-02-18T23:59:30.5055332Z     'Content-Type': 'application/json; charset=utf-8'
2026-02-18T23:59:30.5055364Z     'Server': 'Microsoft-HTTPAPI/2.0'
2026-02-18T23:59:30.5055392Z     'Strict-Transport-Security': 'REDACTED'
2026-02-18T23:59:30.5055415Z     'X-Content-Type-Options': 'REDACTED'
2026-02-18T23:59:30.5055437Z     'Date': 'Wed, 18 Feb 2026 23:59:29 GMT'
2026-02-18T23:59:30.5092862Z 2026-02-18 23:59:30,508 - azure.monitor.opentelemetry.exporter.export._base - INFO - Transmission succeeded: Item received: 6. Items accepted: 6
2026-02-18T23:59:33.6214044Z 2026-02-18 23:59:33,621 - azure.core.pipeline.policies.http_logging_policy - INFO - Request URL: 'https://westus2-2.in.applicationinsights.azure.com//v2.1/track'
2026-02-18T23:59:33.6214873Z Request method: 'POST'
2026-02-18T23:59:33.6214918Z Request headers:
2026-02-18T23:59:33.6214942Z     'Content-Type': 'application/json'
2026-02-18T23:59:33.6214965Z     'Content-Length': '3720'
2026-02-18T23:59:33.6215003Z     'Accept': 'application/json'
2026-02-18T23:59:33.6215028Z     'x-ms-client-request-id': 'df485bac-0d25-11f1-9ac0-d2a6f0f32f9f'
2026-02-18T23:59:33.6215056Z     'User-Agent': 'azsdk-python-azuremonitorclient/unknown Python/3.11.14 (Linux-6.6.119.3-1.azl3-x86_64-with-glibc2.31)'
2026-02-18T23:59:33.6215078Z A body is sent with the request
2026-02-18T23:59:33.7438932Z 2026-02-18 23:59:33,743 - azure.core.pipeline.policies.http_logging_policy - INFO - Response status: 200
2026-02-18T23:59:33.7439586Z Response headers:
2026-02-18T23:59:33.7439617Z     'Transfer-Encoding': 'chunked'
2026-02-18T23:59:33.7439641Z     'Content-Type': 'application/json; charset=utf-8'
2026-02-18T23:59:33.7439665Z     'Server': 'Microsoft-HTTPAPI/2.0'
2026-02-18T23:59:33.7439689Z     'Strict-Transport-Security': 'REDACTED'
2026-02-18T23:59:33.7439712Z     'X-Content-Type-Options': 'REDACTED'
2026-02-18T23:59:33.7439734Z     'Date': 'Wed, 18 Feb 2026 23:59:33 GMT'
2026-02-18T23:59:33.7461347Z 2026-02-18 23:59:33,745 - azure.monitor.opentelemetry.exporter.export._base - INFO - Transmission succeeded: Item received: 3. Items accepted: 3
2026-02-18T23:59:35.5208612Z 2026-02-18 23:59:35,515 - azure.core.pipeline.policies.http_logging_policy - INFO - Request URL: 'https://westus2-2.in.applicationinsights.azure.com//v2.1/track'
2026-02-18T23:59:35.5209185Z Request method: 'POST'
2026-02-18T23:59:35.5209308Z Request headers:
2026-02-18T23:59:35.5209333Z     'Content-Type': 'application/json'
2026-02-18T23:59:35.5209355Z     'Content-Length': '3720'
2026-02-18T23:59:35.5209377Z     'Accept': 'application/json'
2026-02-18T23:59:35.5209402Z     'x-ms-client-request-id': 'e0695d06-0d25-11f1-ac5a-d2a6f0f32f9f'
2026-02-18T23:59:35.5209429Z     'User-Agent': 'azsdk-python-azuremonitorclient/unknown Python/3.11.14 (Linux-6.6.119.3-1.azl3-x86_64-with-glibc2.31)'
2026-02-18T23:59:35.5209451Z A body is sent with the request
2026-02-18T23:59:35.5992181Z 2026-02-18 23:59:35,595 - azure.core.pipeline.policies.http_logging_policy - INFO - Response status: 200
2026-02-18T23:59:35.5992849Z Response headers:
2026-02-18T23:59:35.5992893Z     'Transfer-Encoding': 'chunked'
2026-02-18T23:59:35.5992998Z     'Content-Type': 'application/json; charset=utf-8'
2026-02-18T23:59:35.5993021Z     'Server': 'Microsoft-HTTPAPI/2.0'
2026-02-18T23:59:35.5993042Z     'Strict-Transport-Security': 'REDACTED'
2026-02-18T23:59:35.5993063Z     'X-Content-Type-Options': 'REDACTED'
2026-02-18T23:59:35.5993084Z     'Date': 'Wed, 18 Feb 2026 23:59:34 GMT'
2026-02-18T23:59:35.5993111Z 2026-02-18 23:59:35,598 - azure.monitor.opentelemetry.exporter.export._base - INFO - Transmission succeeded: Item received: 3. Items accepted: 3
2026-02-18T23:59:38.7500282Z 2026-02-18 23:59:38,747 - azure.core.pipeline.policies.http_logging_policy - INFO - Request URL: 'https://westus2-2.in.applicationinsights.azure.com//v2.1/track'
2026-02-18T23:59:38.7501055Z Request method: 'POST'
2026-02-18T23:59:38.7501104Z Request headers:
2026-02-18T23:59:38.7501135Z     'Content-Type': 'application/json'
2026-02-18T23:59:38.7501161Z     'Content-Length': '3720'
2026-02-18T23:59:38.7501285Z     'Accept': 'application/json'
2026-02-18T23:59:38.7501310Z     'x-ms-client-request-id': 'e256a6d2-0d25-11f1-9ac0-d2a6f0f32f9f'
2026-02-18T23:59:38.7501338Z     'User-Agent': 'azsdk-python-azuremonitorclient/unknown Python/3.11.14 (Linux-6.6.119.3-1.azl3-x86_64-with-glibc2.31)'
2026-02-18T23:59:38.7501360Z A body is sent with the request
2026-02-18T23:59:38.8744631Z 2026-02-18 23:59:38,859 - azure.core.pipeline.policies.http_logging_policy - INFO - Response status: 200
2026-02-18T23:59:38.8745005Z Response headers:
2026-02-18T23:59:38.8745044Z     'Transfer-Encoding': 'chunked'
2026-02-18T23:59:38.8745068Z     'Content-Type': 'application/json; charset=utf-8'
2026-02-18T23:59:38.8745090Z     'Server': 'Microsoft-HTTPAPI/2.0'
2026-02-18T23:59:38.8745113Z     'Strict-Transport-Security': 'REDACTED'
2026-02-18T23:59:38.8745230Z     'X-Content-Type-Options': 'REDACTED'
2026-02-18T23:59:38.8745256Z     'Date': 'Wed, 18 Feb 2026 23:59:38 GMT'
2026-02-18T23:59:38.8745288Z 2026-02-18 23:59:38,865 - azure.monitor.opentelemetry.exporter.export._base - INFO - Transmission succeeded: Item received: 3. Items accepted: 3
2026-02-18T23:59:40.6019505Z 2026-02-18 23:59:40,601 - azure.core.pipeline.policies.http_logging_policy - INFO - Request URL: 'https://westus2-2.in.applicationinsights.azure.com//v2.1/track'
2026-02-18T23:59:40.6019916Z Request method: 'POST'
2026-02-18T23:59:40.6019950Z Request headers:
2026-02-18T23:59:40.6019973Z     'Content-Type': 'application/json'
2026-02-18T23:59:40.6019995Z     'Content-Length': '3720'
2026-02-18T23:59:40.6020017Z     'Accept': 'application/json'
2026-02-18T23:59:40.6020041Z     'x-ms-client-request-id': 'e3717a9c-0d25-11f1-ac5a-d2a6f0f32f9f'
2026-02-18T23:59:40.6020159Z     'User-Agent': 'azsdk-python-azuremonitorclient/unknown Python/3.11.14 (Linux-6.6.119.3-1.azl3-x86_64-with-glibc2.31)'
2026-02-18T23:59:40.6020182Z A body is sent with the request
2026-02-18T23:59:40.6763190Z 2026-02-18 23:59:40,676 - azure.core.pipeline.policies.http_logging_policy - INFO - Response status: 200
2026-02-18T23:59:40.6764373Z Response headers:
2026-02-18T23:59:40.6764569Z     'Transfer-Encoding': 'chunked'
2026-02-18T23:59:40.6764596Z     'Content-Type': 'application/json; charset=utf-8'
2026-02-18T23:59:40.6764624Z     'Server': 'Microsoft-HTTPAPI/2.0'
2026-02-18T23:59:40.6764645Z     'Strict-Transport-Security': 'REDACTED'
2026-02-18T23:59:40.6764666Z     'X-Content-Type-Options': 'REDACTED'
2026-02-18T23:59:40.6764687Z     'Date': 'Wed, 18 Feb 2026 23:59:40 GMT'
2026-02-18T23:59:40.6782483Z 2026-02-18 23:59:40,677 - azure.monitor.opentelemetry.exporter.export._base - INFO - Transmission succeeded: Item received: 3. Items accepted: 3
2026-02-18T23:59:43.9219176Z 2026-02-18 23:59:43,913 - azure.core.pipeline.policies.http_logging_policy - INFO - Request URL: 'https://westus2-2.in.applicationinsights.azure.com//v2.1/track'
2026-02-18T23:59:43.9219536Z Request method: 'POST'
2026-02-18T23:59:43.9219569Z Request headers:
2026-02-18T23:59:43.9219593Z     'Content-Type': 'application/json'
2026-02-18T23:59:43.9219619Z     'Content-Length': '3720'
2026-02-18T23:59:43.9219641Z     'Accept': 'application/json'
2026-02-18T23:59:43.9219675Z     'x-ms-client-request-id': 'e56add20-0d25-11f1-9ac0-d2a6f0f32f9f'
2026-02-18T23:59:43.9219701Z     'User-Agent': 'azsdk-python-azuremonitorclient/unknown Python/3.11.14 (Linux-6.6.119.3-1.azl3-x86_64-with-glibc2.31)'
2026-02-18T23:59:43.9219723Z A body is sent with the request
2026-02-18T23:59:43.9898594Z 2026-02-18 23:59:43,988 - azure.core.pipeline.policies.http_logging_policy - INFO - Response status: 200
2026-02-18T23:59:43.9899088Z Response headers:
2026-02-18T23:59:43.9899120Z     'Transfer-Encoding': 'chunked'
2026-02-18T23:59:43.9899145Z     'Content-Type': 'application/json; charset=utf-8'
2026-02-18T23:59:43.9899168Z     'Server': 'Microsoft-HTTPAPI/2.0'
2026-02-18T23:59:43.9899190Z     'Strict-Transport-Security': 'REDACTED'
2026-02-18T23:59:43.9899213Z     'X-Content-Type-Options': 'REDACTED'
2026-02-18T23:59:43.9899246Z     'Date': 'Wed, 18 Feb 2026 23:59:43 GMT'
2026-02-18T23:59:43.9899275Z 2026-02-18 23:59:43,989 - azure.monitor.opentelemetry.exporter.export._base - INFO - Transmission succeeded: Item received: 3. Items accepted: 3
2026-02-18T23:59:45.6852793Z 2026-02-18 23:59:45,685 - azure.core.pipeline.policies.http_logging_policy - INFO - Request URL: 'https://westus2-2.in.applicationinsights.azure.com//v2.1/track'
2026-02-18T23:59:45.6853308Z Request method: 'POST'
2026-02-18T23:59:45.6853340Z Request headers:
2026-02-18T23:59:45.6853364Z     'Content-Type': 'application/json'
2026-02-18T23:59:45.6853386Z     'Content-Length': '3720'
2026-02-18T23:59:45.6853409Z     'Accept': 'application/json'
2026-02-18T23:59:45.6853433Z     'x-ms-client-request-id': 'e6791bdc-0d25-11f1-ac5a-d2a6f0f32f9f'
2026-02-18T23:59:45.6853462Z     'User-Agent': 'azsdk-python-azuremonitorclient/unknown Python/3.11.14 (Linux-6.6.119.3-1.azl3-x86_64-with-glibc2.31)'
2026-02-18T23:59:45.6853485Z A body is sent with the request
2026-02-18T23:59:45.8015122Z 2026-02-18 23:59:45,799 - azure.core.pipeline.policies.http_logging_policy - INFO - Response status: 200
2026-02-18T23:59:45.8015490Z Response headers:
2026-02-18T23:59:45.8015602Z     'Transfer-Encoding': 'chunked'
2026-02-18T23:59:45.8015628Z     'Content-Type': 'application/json; charset=utf-8'
2026-02-18T23:59:45.8015653Z     'Server': 'Microsoft-HTTPAPI/2.0'
2026-02-18T23:59:45.8015675Z     'Strict-Transport-Security': 'REDACTED'
2026-02-18T23:59:45.8015698Z     'X-Content-Type-Options': 'REDACTED'
2026-02-18T23:59:45.8015720Z     'Date': 'Wed, 18 Feb 2026 23:59:45 GMT'
2026-02-18T23:59:45.8015749Z 2026-02-18 23:59:45,800 - azure.monitor.opentelemetry.exporter.export._base - INFO - Transmission succeeded: Item received: 3. Items accepted: 3
2026-02-18T23:59:49.0010083Z 2026-02-18 23:59:48,993 - azure.core.pipeline.policies.http_logging_policy - INFO - Request URL: 'https://westus2-2.in.applicationinsights.azure.com//v2.1/track'
2026-02-18T23:59:49.0010613Z Request method: 'POST'
2026-02-18T23:59:49.0010644Z Request headers:
2026-02-18T23:59:49.0010744Z     'Content-Type': 'application/json'
2026-02-18T23:59:49.0010766Z     'Content-Length': '3720'
2026-02-18T23:59:49.0010786Z     'Accept': 'application/json'
2026-02-18T23:59:49.0010808Z     'x-ms-client-request-id': 'e871f56c-0d25-11f1-9ac0-d2a6f0f32f9f'
2026-02-18T23:59:49.0010834Z     'User-Agent': 'azsdk-python-azuremonitorclient/unknown Python/3.11.14 (Linux-6.6.119.3-1.azl3-x86_64-with-glibc2.31)'
2026-02-18T23:59:49.0010855Z A body is sent with the request
2026-02-18T23:59:49.1054023Z 2026-02-18 23:59:49,105 - azure.core.pipeline.policies.http_logging_policy - INFO - Response status: 200
2026-02-18T23:59:49.1054828Z Response headers:
2026-02-18T23:59:49.1054869Z     'Transfer-Encoding': 'chunked'
2026-02-18T23:59:49.1054894Z     'Content-Type': 'application/json; charset=utf-8'
2026-02-18T23:59:49.1055005Z     'Server': 'Microsoft-HTTPAPI/2.0'
2026-02-18T23:59:49.1055028Z     'Strict-Transport-Security': 'REDACTED'
2026-02-18T23:59:49.1055050Z     'X-Content-Type-Options': 'REDACTED'
2026-02-18T23:59:49.1055072Z     'Date': 'Wed, 18 Feb 2026 23:59:48 GMT'
2026-02-18T23:59:49.1068634Z 2026-02-18 23:59:49,106 - azure.monitor.opentelemetry.exporter.export._base - INFO - Transmission succeeded: Item received: 3. Items accepted: 3
2026-02-18T23:59:50.8050111Z 2026-02-18 23:59:50,803 - azure.core.pipeline.policies.http_logging_policy - INFO - Request URL: 'https://westus2-2.in.applicationinsights.azure.com//v2.1/track'
2026-02-18T23:59:50.8050662Z Request method: 'POST'
2026-02-18T23:59:50.8050700Z Request headers:
2026-02-18T23:59:50.8050723Z     'Content-Type': 'application/json'
2026-02-18T23:59:50.8050745Z     'Content-Length': '3720'
2026-02-18T23:59:50.8050858Z     'Accept': 'application/json'
2026-02-18T23:59:50.8050885Z     'x-ms-client-request-id': 'e98630bc-0d25-11f1-ac5a-d2a6f0f32f9f'
2026-02-18T23:59:50.8051008Z     'User-Agent': 'azsdk-python-azuremonitorclient/unknown Python/3.11.14 (Linux-6.6.119.3-1.azl3-x86_64-with-glibc2.31)'
2026-02-18T23:59:50.8051032Z A body is sent with the request
2026-02-18T23:59:50.8628712Z 2026-02-18 23:59:50,862 - azure.core.pipeline.policies.http_logging_policy - INFO - Response status: 200
2026-02-18T23:59:50.8629134Z Response headers:
2026-02-18T23:59:50.8629168Z     'Transfer-Encoding': 'chunked'
2026-02-18T23:59:50.8629197Z     'Content-Type': 'application/json; charset=utf-8'
2026-02-18T23:59:50.8629228Z     'Server': 'Microsoft-HTTPAPI/2.0'
2026-02-18T23:59:50.8629252Z     'Strict-Transport-Security': 'REDACTED'
2026-02-18T23:59:50.8629430Z     'X-Content-Type-Options': 'REDACTED'
2026-02-18T23:59:50.8629498Z     'Date': 'Wed, 18 Feb 2026 23:59:50 GMT'
2026-02-18T23:59:50.8629697Z 2026-02-18 23:59:50,862 - azure.monitor.opentelemetry.exporter.export._base - INFO - Transmission succeeded: Item received: 3. Items accepted: 3
2026-02-18T23:59:54.1135247Z 2026-02-18 23:59:54,109 - azure.core.pipeline.policies.http_logging_policy - INFO - Request URL: 'https://westus2-2.in.applicationinsights.azure.com//v2.1/track'
2026-02-18T23:59:54.1136099Z Request method: 'POST'
2026-02-18T23:59:54.1136138Z Request headers:
2026-02-18T23:59:54.1136165Z     'Content-Type': 'application/json'
2026-02-18T23:59:54.1136188Z     'Content-Length': '3718'
2026-02-18T23:59:54.1136212Z     'Accept': 'application/json'
2026-02-18T23:59:54.1136353Z     'x-ms-client-request-id': 'eb7ea1e2-0d25-11f1-9ac0-d2a6f0f32f9f'
2026-02-18T23:59:54.1136386Z     'User-Agent': 'azsdk-python-azuremonitorclient/unknown Python/3.11.14 (Linux-6.6.119.3-1.azl3-x86_64-with-glibc2.31)'
2026-02-18T23:59:54.1136509Z A body is sent with the request
2026-02-18T23:59:54.2544007Z 2026-02-18 23:59:54,254 - azure.core.pipeline.policies.http_logging_policy - INFO - Response status: 200
2026-02-18T23:59:54.2544939Z Response headers:
2026-02-18T23:59:54.2544980Z     'Transfer-Encoding': 'chunked'
2026-02-18T23:59:54.2545006Z     'Content-Type': 'application/json; charset=utf-8'
2026-02-18T23:59:54.2545030Z     'Server': 'Microsoft-HTTPAPI/2.0'
2026-02-18T23:59:54.2545059Z     'Strict-Transport-Security': 'REDACTED'
2026-02-18T23:59:54.2545082Z     'X-Content-Type-Options': 'REDACTED'
2026-02-18T23:59:54.2545103Z     'Date': 'Wed, 18 Feb 2026 23:59:53 GMT'
2026-02-18T23:59:54.2574342Z 2026-02-18 23:59:54,256 - azure.monitor.opentelemetry.exporter.export._base - INFO - Transmission succeeded: Item received: 3. Items accepted: 3
2026-02-18T23:59:55.8679671Z 2026-02-18 23:59:55,866 - azure.core.pipeline.policies.http_logging_policy - INFO - Request URL: 'https://westus2-2.in.applicationinsights.azure.com//v2.1/track'
2026-02-18T23:59:55.8680153Z Request method: 'POST'
2026-02-18T23:59:55.8680188Z Request headers:
2026-02-18T23:59:55.8680213Z     'Content-Type': 'application/json'
2026-02-18T23:59:55.8680238Z     'Content-Length': '3720'
2026-02-18T23:59:55.8680272Z     'Accept': 'application/json'
2026-02-18T23:59:55.8680300Z     'x-ms-client-request-id': 'ec8ab2b0-0d25-11f1-ac5a-d2a6f0f32f9f'
2026-02-18T23:59:55.8680330Z     'User-Agent': 'azsdk-python-azuremonitorclient/unknown Python/3.11.14 (Linux-6.6.119.3-1.azl3-x86_64-with-glibc2.31)'
2026-02-18T23:59:55.8680354Z A body is sent with the request
2026-02-18T23:59:55.9486989Z 2026-02-18 23:59:55,947 - azure.core.pipeline.policies.http_logging_policy - INFO - Response status: 200
2026-02-18T23:59:55.9487318Z Response headers:
2026-02-18T23:59:55.9487345Z     'Transfer-Encoding': 'chunked'
2026-02-18T23:59:55.9487369Z     'Content-Type': 'application/json; charset=utf-8'
2026-02-18T23:59:55.9487392Z     'Server': 'Microsoft-HTTPAPI/2.0'
2026-02-18T23:59:55.9487416Z     'Strict-Transport-Security': 'REDACTED'
2026-02-18T23:59:55.9487439Z     'X-Content-Type-Options': 'REDACTED'
2026-02-18T23:59:55.9487461Z     'Date': 'Wed, 18 Feb 2026 23:59:55 GMT'
2026-02-18T23:59:55.9499895Z 2026-02-18 23:59:55,948 - azure.monitor.opentelemetry.exporter.export._base - INFO - Transmission succeeded: Item received: 3. Items accepted: 3
2026-02-18T23:59:59.2620899Z 2026-02-18 23:59:59,261 - azure.core.pipeline.policies.http_logging_policy - INFO - Request URL: 'https://westus2-2.in.applicationinsights.azure.com//v2.1/track'
2026-02-18T23:59:59.2621645Z Request method: 'POST'
2026-02-18T23:59:59.2621679Z Request headers:
2026-02-18T23:59:59.2621702Z     'Content-Type': 'application/json'
2026-02-18T23:59:59.2621723Z     'Content-Length': '3720'
2026-02-18T23:59:59.2621745Z     'Accept': 'application/json'
2026-02-18T23:59:59.2621768Z     'x-ms-client-request-id': 'ee90bf8c-0d25-11f1-9ac0-d2a6f0f32f9f'
2026-02-18T23:59:59.2621794Z     'User-Agent': 'azsdk-python-azuremonitorclient/unknown Python/3.11.14 (Linux-6.6.119.3-1.azl3-x86_64-with-glibc2.31)'
2026-02-18T23:59:59.2621816Z A body is sent with the request
2026-02-18T23:59:59.3393853Z 2026-02-18 23:59:59,339 - azure.core.pipeline.policies.http_logging_policy - INFO - Response status: 200
2026-02-18T23:59:59.3394649Z Response headers:
2026-02-18T23:59:59.3394691Z     'Transfer-Encoding': 'chunked'
2026-02-18T23:59:59.3394755Z     'Content-Type': 'application/json; charset=utf-8'
2026-02-18T23:59:59.3394779Z     'Server': 'Microsoft-HTTPAPI/2.0'
2026-02-18T23:59:59.3394802Z     'Strict-Transport-Security': 'REDACTED'
2026-02-18T23:59:59.3394824Z     'X-Content-Type-Options': 'REDACTED'
2026-02-18T23:59:59.3394848Z     'Date': 'Wed, 18 Feb 2026 23:59:58 GMT'
2026-02-18T23:59:59.3411758Z 2026-02-18 23:59:59,339 - azure.monitor.opentelemetry.exporter.export._base - INFO - Transmission succeeded: Item received: 3. Items accepted: 3
