2026-02-18T16:46:12.5242929Z State: Starting, Action: EstablishingSiteNetworks, LastError: , LastErrorTimestamp: 01/01/0001 00:00:00, LastErrorDetails: , Details: , DetailsLevel: INFO
2026-02-18T16:46:19.4455612Z State: Starting, Action: StartingMsiContainer, LastError: , LastErrorTimestamp: 01/01/0001 00:00:00, LastErrorDetails: , Details: , DetailsLevel: INFO
2026-02-18T16:46:37.7885796Z State: Starting, Action: StartingSiteContainers, LastError: , LastErrorTimestamp: 01/01/0001 00:00:00, LastErrorDetails: , Details: , DetailsLevel: INFO
2026-02-18T16:46:37.7898760Z Container start method called.
2026-02-18T16:46:37.7903646Z State: Starting, Action: PullingImage, LastError: , LastErrorTimestamp: 01/01/0001 00:00:00, LastErrorDetails: , Details: Pulling image 10.1.0.4:13209/appsvc/python:3.11_20260203.2.tuxprod for options-scanner-backend-2exk6s., DetailsLevel: INFO
2026-02-18T16:46:37.7965937Z Establishing network.
2026-02-18T16:46:37.7968489Z Pulling image: appsvc/python:3.11_20260203.2.tuxprod.
2026-02-18T16:46:38.5730793Z Image appsvc/python:3.11_20260203.2.tuxprod is pulled from registry 10.1.0.4:13209
2026-02-18T16:46:38.5732612Z Container is starting.
2026-02-18T16:46:38.5733655Z State: Starting, Action: MountingVolumes, LastError: , LastErrorTimestamp: 01/01/0001 00:00:00, LastErrorDetails: , Details: Mounting volumes for options-scanner-backend-2exk6s., DetailsLevel: INFO
2026-02-18T16:46:38.5735157Z Establishing user namespace if not established already.
2026-02-18T16:46:38.5736374Z Establishing network if not established already.
2026-02-18T16:46:38.5737656Z Mounting volumes.
2026-02-18T16:46:38.5906074Z Nested mountpoint 
2026-02-18T16:46:38.6774292Z Nested mountpoint volatile/logs
2026-02-18T16:46:38.7143459Z Nested mountpoint 
2026-02-18T16:46:38.7894673Z Nested mountpoint 
2026-02-18T16:46:38.8557277Z Nested mountpoint 
2026-02-18T16:46:39.1885668Z State: Starting, Action: CreatingContainer, LastError: , LastErrorTimestamp: 01/01/0001 00:00:00, LastErrorDetails: , Details: Finished pulling container image and mounting volumes for options-scanner-backend-2exk6s. Allocatinng the rest of the container resources to finish container creation., DetailsLevel: INFO
2026-02-18T16:46:39.1888304Z Creating container.
2026-02-18T16:46:39.1890053Z Creating pipes for streaming container io.
2026-02-18T16:46:39.1892194Z Creating stdout named pipe at /podr/container/pipe/1fe08746b24f_options-scanner-backend-2exk6s/stdout_be9aed462e7d4e75a255c53d06b5a532.
2026-02-18T16:46:39.1908178Z Successfully created stdout named pipe at: /podr/container/pipe/1fe08746b24f_options-scanner-backend-2exk6s/stdout_be9aed462e7d4e75a255c53d06b5a532.
2026-02-18T16:46:39.1979172Z Opening named pipe /podr/container/pipe/1fe08746b24f_options-scanner-backend-2exk6s/stdout_be9aed462e7d4e75a255c53d06b5a532 for reading in non-blocking mode.
2026-02-18T16:46:39.1987853Z Successfully opened named pipe: /podr/container/pipe/1fe08746b24f_options-scanner-backend-2exk6s/stdout_be9aed462e7d4e75a255c53d06b5a532.
2026-02-18T16:46:39.1994799Z Successfully removed non-blocking flag from /podr/container/pipe/1fe08746b24f_options-scanner-backend-2exk6s/stdout_be9aed462e7d4e75a255c53d06b5a532.
2026-02-18T16:46:39.2067236Z Creating stderr named pipe at /podr/container/pipe/1fe08746b24f_options-scanner-backend-2exk6s/stderr_e36f34c50e6d456392cca4b565a0c8c3.
2026-02-18T16:46:39.2163786Z Successfully created stderr named pipe at: /podr/container/pipe/1fe08746b24f_options-scanner-backend-2exk6s/stderr_e36f34c50e6d456392cca4b565a0c8c3.
2026-02-18T16:46:39.2177420Z Opening named pipe /podr/container/pipe/1fe08746b24f_options-scanner-backend-2exk6s/stderr_e36f34c50e6d456392cca4b565a0c8c3 for reading in non-blocking mode.
2026-02-18T16:46:39.2192204Z Successfully opened named pipe: /podr/container/pipe/1fe08746b24f_options-scanner-backend-2exk6s/stderr_e36f34c50e6d456392cca4b565a0c8c3.
2026-02-18T16:46:39.2257846Z Successfully removed non-blocking flag from /podr/container/pipe/1fe08746b24f_options-scanner-backend-2exk6s/stderr_e36f34c50e6d456392cca4b565a0c8c3.
2026-02-18T16:46:39.2277412Z Creating container with image: appsvc/python:3.11_20260203.2.tuxprod from registry: 10.1.0.4:13209 and fully qualified image name: 10.1.0.4:13209/appsvc/python:3.11_20260203.2.tuxprod
2026-02-18T16:46:40.0350586Z Starting container: 1fe08746b24f_options-scanner-backend-2exk6s.
2026-02-18T16:46:40.1225479Z Starting watchers and probes.
2026-02-18T16:46:40.1246940Z Starting metrics collection.
2026-02-18T16:46:40.1432390Z Container is running.
2026-02-18T16:46:40.1434185Z State: Starting, Action: CreatingContainer, LastError: , LastErrorTimestamp: 01/01/0001 00:00:00, LastErrorDetails: , Details: Container options-scanner-backend-2exk6s successfully created and is running., DetailsLevel: INFO
2026-02-18T16:46:40.5653434Z Container start method finished after 2747 ms.
2026-02-18T16:46:40.5856421Z State: Starting, Action: InitiatingSiteWarmUpProbe, LastError: , LastErrorTimestamp: 01/01/0001 00:00:00, LastErrorDetails: , Details: Container options-scanner-backend-2exk6s successfully created and is running., DetailsLevel: INFO
2026-02-18T16:46:40.5934396Z State: Starting, Action: WaitingForSiteWarmUpProbeSuccess, LastError: , LastErrorTimestamp: 01/01/0001 00:00:00, LastErrorDetails: , Details: Pinging warmup path to ensure container is ready to receive requests., DetailsLevel: INFO
2026-02-18T16:48:21.2372832Z Site startup probe succeeded after 100.6199519 seconds.
2026-02-18T16:48:21.4447422Z State: Starting, Action: WarmUpProbeSucceeded, LastError: , LastErrorTimestamp: 01/01/0001 00:00:00, LastErrorDetails: , Details: Site startup probe succeeded after 100.6199519 seconds., DetailsLevel: INFO
2026-02-18T16:48:21.5892274Z Site is running with deployment version: d293ca16-9bb9-4f96-932a-c5e8362331be
2026-02-18T16:48:21.6016556Z Site started.
2026-02-18T16:48:21.6022298Z State: Started, Action: None, LastError: , LastErrorTimestamp: 01/01/0001 00:00:00, LastErrorDetails: , Details: Site started at 02/18/2026 16:48:21 (UTC), DetailsLevel: INFO
2026-02-18T16:48:21.7842767Z Site is running with patch version PYTHON 3.11.14
2026-02-18T20:23:18.5207370Z State: Starting, Action: EstablishingSiteNetworks, LastError: , LastErrorTimestamp: 01/01/0001 00:00:00, LastErrorDetails: , Details: , DetailsLevel: INFO
2026-02-18T20:23:31.8540587Z State: Starting, Action: StartingMsiContainer, LastError: , LastErrorTimestamp: 01/01/0001 00:00:00, LastErrorDetails: , Details: , DetailsLevel: INFO
2026-02-18T20:24:01.3715690Z State: Starting, Action: StartingSiteContainers, LastError: , LastErrorTimestamp: 01/01/0001 00:00:00, LastErrorDetails: , Details: , DetailsLevel: INFO
2026-02-18T20:24:01.3905443Z Container start method called.
2026-02-18T20:24:01.3928122Z State: Starting, Action: PullingImage, LastError: , LastErrorTimestamp: 01/01/0001 00:00:00, LastErrorDetails: , Details: Pulling image 10.1.0.5:13209/appsvc/python:3.11_20260203.2.tuxprod for options-scanner-backend-2exk6s., DetailsLevel: INFO
2026-02-18T20:24:01.4096274Z Establishing network.
2026-02-18T20:24:01.4128030Z Pulling image: appsvc/python:3.11_20260203.2.tuxprod.
2026-02-18T20:24:03.4492252Z Container is starting.
2026-02-18T20:24:03.5058928Z State: Starting, Action: MountingVolumes, LastError: , LastErrorTimestamp: 01/01/0001 00:00:00, LastErrorDetails: , Details: Mounting volumes for options-scanner-backend-2exk6s., DetailsLevel: INFO
2026-02-18T20:24:03.5263745Z Establishing user namespace if not established already.
2026-02-18T20:24:03.5377205Z Establishing network if not established already.
2026-02-18T20:24:03.6443333Z Mounting volumes.
2026-02-18T20:24:03.6812749Z Nested mountpoint 
2026-02-18T20:24:03.9804576Z Nested mountpoint volatile/logs
2026-02-18T20:24:04.0758379Z Nested mountpoint 
2026-02-18T20:24:04.0774528Z Nested mountpoint 
2026-02-18T20:24:04.1931129Z Nested mountpoint 
2026-02-18T20:24:06.9546443Z State: Starting, Action: CreatingContainer, LastError: , LastErrorTimestamp: 01/01/0001 00:00:00, LastErrorDetails: , Details: Finished pulling container image and mounting volumes for options-scanner-backend-2exk6s. Allocatinng the rest of the container resources to finish container creation., DetailsLevel: INFO
2026-02-18T20:24:06.9726190Z Creating container.
2026-02-18T20:24:06.9728170Z Creating pipes for streaming container io.
2026-02-18T20:24:06.9729544Z Creating stdout named pipe at /podr/container/pipe/a34cd1fe3b59_options-scanner-backend-2exk6s/stdout_8518a8d987b243fa94163d7174008a72.
2026-02-18T20:24:07.0098603Z Successfully created stdout named pipe at: /podr/container/pipe/a34cd1fe3b59_options-scanner-backend-2exk6s/stdout_8518a8d987b243fa94163d7174008a72.
2026-02-18T20:24:07.0114907Z Opening named pipe /podr/container/pipe/a34cd1fe3b59_options-scanner-backend-2exk6s/stdout_8518a8d987b243fa94163d7174008a72 for reading in non-blocking mode.
2026-02-18T20:24:07.0476976Z Successfully opened named pipe: /podr/container/pipe/a34cd1fe3b59_options-scanner-backend-2exk6s/stdout_8518a8d987b243fa94163d7174008a72.
2026-02-18T20:24:07.0823217Z Successfully removed non-blocking flag from /podr/container/pipe/a34cd1fe3b59_options-scanner-backend-2exk6s/stdout_8518a8d987b243fa94163d7174008a72.
2026-02-18T20:24:07.0835352Z Creating stderr named pipe at /podr/container/pipe/a34cd1fe3b59_options-scanner-backend-2exk6s/stderr_58f2e69234ec49dd9684e23e1a8f090a.
2026-02-18T20:24:07.0837432Z Successfully created stderr named pipe at: /podr/container/pipe/a34cd1fe3b59_options-scanner-backend-2exk6s/stderr_58f2e69234ec49dd9684e23e1a8f090a.
2026-02-18T20:24:07.0838472Z Opening named pipe /podr/container/pipe/a34cd1fe3b59_options-scanner-backend-2exk6s/stderr_58f2e69234ec49dd9684e23e1a8f090a for reading in non-blocking mode.
2026-02-18T20:24:07.0839818Z Successfully opened named pipe: /podr/container/pipe/a34cd1fe3b59_options-scanner-backend-2exk6s/stderr_58f2e69234ec49dd9684e23e1a8f090a.
2026-02-18T20:24:07.0841068Z Successfully removed non-blocking flag from /podr/container/pipe/a34cd1fe3b59_options-scanner-backend-2exk6s/stderr_58f2e69234ec49dd9684e23e1a8f090a.
2026-02-18T20:24:07.0935094Z Creating container with image: appsvc/python:3.11_20260203.2.tuxprod from registry: 10.1.0.5:13209 and fully qualified image name: 10.1.0.5:13209/appsvc/python:3.11_20260203.2.tuxprod
2026-02-18T20:24:13.6131302Z Starting container: a34cd1fe3b59_options-scanner-backend-2exk6s.
2026-02-18T20:24:14.0624988Z Starting watchers and probes.
2026-02-18T20:24:14.0628245Z Starting metrics collection.
2026-02-18T20:24:14.0631409Z Container is running.
2026-02-18T20:24:14.0632449Z State: Starting, Action: CreatingContainer, LastError: , LastErrorTimestamp: 01/01/0001 00:00:00, LastErrorDetails: , Details: Container options-scanner-backend-2exk6s successfully created and is running., DetailsLevel: INFO
2026-02-18T20:24:14.7629377Z Container start method finished after 13324 ms.
2026-02-18T20:24:15.0375674Z State: Starting, Action: InitiatingSiteWarmUpProbe, LastError: , LastErrorTimestamp: 01/01/0001 00:00:00, LastErrorDetails: , Details: Container options-scanner-backend-2exk6s successfully created and is running., DetailsLevel: INFO
2026-02-18T20:24:15.0774233Z State: Starting, Action: WaitingForSiteWarmUpProbeSuccess, LastError: , LastErrorTimestamp: 01/01/0001 00:00:00, LastErrorDetails: , Details: Pinging warmup path to ensure container is ready to receive requests., DetailsLevel: INFO
2026-02-18T20:25:13.0103744Z Site startup probe failed after 57.8817956 seconds.
2026-02-18T20:25:14.9303532Z State: Starting, Action: WaitingForSiteWarmUpProbeSuccess, LastError: ContainerTimeout, LastErrorTimestamp: 02/18/2026 20:25:14, LastErrorDetails: Container did not start within expected time limit of 600s. Please inspect your container logs for more details., Details: Pinging warmup path to ensure container is ready to receive requests., DetailsLevel: ERR
2026-02-18T20:25:14.9869933Z Failed to start site. Revert by stopping site.
2026-02-18T20:25:15.8556305Z State: Stopping, Action: StoppingSite, LastError: ContainerTimeout, LastErrorTimestamp: 02/18/2026 20:25:14, LastErrorDetails: Container did not start within expected time limit of 600s. Please inspect your container logs for more details., Details: Pinging warmup path to ensure container is ready to receive requests., DetailsLevel: ERR
2026-02-18T20:25:16.0521525Z State: Stopping, Action: StoppingSiteContainers, LastError: ContainerTimeout, LastErrorTimestamp: 02/18/2026 20:25:14, LastErrorDetails: Container did not start within expected time limit of 600s. Please inspect your container logs for more details., Details: Pinging warmup path to ensure container is ready to receive requests., DetailsLevel: ERR
2026-02-18T20:25:16.2405512Z Container is terminating. Grace period: 5 seconds.
2026-02-18T20:25:17.1784419Z Stop and delete container. Retry count = 0
2026-02-18T20:25:17.2319976Z Stopping container: a34cd1fe3b59_options-scanner-backend-2exk6s.
2026-02-18T20:25:22.5040688Z Deleting container: a34cd1fe3b59_options-scanner-backend-2exk6s. Retry count = 0
2026-02-18T20:25:23.7422866Z Container spec TerminationMessagePolicy  path 
2026-02-18T20:25:23.7810385Z Container is terminated. Total time elapsed: 7513 ms.
2026-02-18T20:25:23.7814849Z Site container: options-scanner-backend-2exk6s terminated during site startup.
2026-02-18T20:25:23.8021313Z State: Stopping, Action: CancellingStartup, LastError: ContainerTimeout, LastErrorTimestamp: 02/18/2026 20:25:14, LastErrorDetails: Container did not start within expected time limit of 600s. Please inspect your container logs for more details., Details: Site container: options-scanner-backend-2exk6s terminated during site startup. Cancelling site startup., DetailsLevel: ERR
2026-02-18T20:25:24.0123992Z Site: options-scanner-backend-2exk6s stopped.
2026-02-18T20:25:52.1889604Z State: Stopping, Action: StoppingSite, LastError: , LastErrorTimestamp: 01/01/0001 00:00:00, LastErrorDetails: , Details: Site started at 02/18/2026 16:48:21 (UTC), DetailsLevel: INFO
2026-02-18T20:25:52.2008626Z State: Stopping, Action: StoppingSiteContainers, LastError: , LastErrorTimestamp: 01/01/0001 00:00:00, LastErrorDetails: , Details: Site started at 02/18/2026 16:48:21 (UTC), DetailsLevel: INFO
2026-02-18T20:25:52.2172956Z Container is terminating. Grace period: 5 seconds.
2026-02-18T20:25:52.3158456Z Stop and delete container. Retry count = 0
2026-02-18T20:25:52.3159807Z Stopping container: 1fe08746b24f_options-scanner-backend-2exk6s.
2026-02-18T20:25:57.6246021Z Deleting container: 1fe08746b24f_options-scanner-backend-2exk6s. Retry count = 0
2026-02-18T20:26:01.7430787Z Container spec TerminationMessagePolicy  path 
2026-02-18T20:26:01.7534752Z Container is terminated. Total time elapsed: 9519 ms.
2026-02-18T20:26:01.7662895Z Site: options-scanner-backend-2exk6s stopped.
2026-02-18T20:29:27.8590174Z State: Starting, Action: EstablishingSiteNetworks, LastError: ContainerTimeout, LastErrorTimestamp: 02/18/2026 20:25:14, LastErrorDetails: Container did not start within expected time limit of 600s. Please inspect your container logs for more details., Details: Site stopped at 02/18/2026 20:25:31 (UTC), DetailsLevel: ERR
2026-02-18T20:29:34.4059460Z State: Starting, Action: StartingMsiContainer, LastError: ContainerTimeout, LastErrorTimestamp: 02/18/2026 20:25:14, LastErrorDetails: Container did not start within expected time limit of 600s. Please inspect your container logs for more details., Details: Site stopped at 02/18/2026 20:25:31 (UTC), DetailsLevel: ERR
2026-02-18T20:29:58.5064132Z State: Starting, Action: StartingSiteContainers, LastError: ContainerTimeout, LastErrorTimestamp: 02/18/2026 20:25:14, LastErrorDetails: Container did not start within expected time limit of 600s. Please inspect your container logs for more details., Details: Site stopped at 02/18/2026 20:25:31 (UTC), DetailsLevel: ERR
2026-02-18T20:29:58.5065934Z Container start method called.
2026-02-18T20:29:58.5066605Z State: Starting, Action: PullingImage, LastError: ContainerTimeout, LastErrorTimestamp: 02/18/2026 20:25:14, LastErrorDetails: Container did not start within expected time limit of 600s. Please inspect your container logs for more details., Details: Pulling image 10.1.0.4:13209/appsvc/python:3.11_20260203.2.tuxprod for options-scanner-backend-2exk6s., DetailsLevel: INFO
2026-02-18T20:29:58.5067803Z Establishing network.
2026-02-18T20:29:58.5139696Z Pulling image: appsvc/python:3.11_20260203.2.tuxprod.
2026-02-18T20:30:00.6327146Z Container is starting.
2026-02-18T20:30:00.6328402Z State: Starting, Action: MountingVolumes, LastError: ContainerTimeout, LastErrorTimestamp: 02/18/2026 20:25:14, LastErrorDetails: Container did not start within expected time limit of 600s. Please inspect your container logs for more details., Details: Mounting volumes for options-scanner-backend-2exk6s., DetailsLevel: INFO
2026-02-18T20:30:00.6331302Z Establishing user namespace if not established already.
2026-02-18T20:30:00.6333465Z Establishing network if not established already.
2026-02-18T20:30:00.6334884Z Mounting volumes.
2026-02-18T20:30:00.6749794Z Nested mountpoint 
2026-02-18T20:30:00.8649454Z Nested mountpoint volatile/logs
2026-02-18T20:30:01.0206980Z Nested mountpoint 
2026-02-18T20:30:01.4263307Z Nested mountpoint 
2026-02-18T20:30:01.4352028Z Nested mountpoint 
2026-02-18T20:30:03.9843048Z State: Starting, Action: CreatingContainer, LastError: ContainerTimeout, LastErrorTimestamp: 02/18/2026 20:25:14, LastErrorDetails: Container did not start within expected time limit of 600s. Please inspect your container logs for more details., Details: Finished pulling container image and mounting volumes for options-scanner-backend-2exk6s. Allocatinng the rest of the container resources to finish container creation., DetailsLevel: INFO
2026-02-18T20:30:03.9846316Z Creating container.
2026-02-18T20:30:03.9972637Z Creating pipes for streaming container io.
2026-02-18T20:30:04.0072567Z Creating stdout named pipe at /podr/container/pipe/9adf2246b41e_options-scanner-backend-2exk6s/stdout_ce98104644414c60934d0f2687c8f2dd.
2026-02-18T20:30:04.0427006Z Successfully created stdout named pipe at: /podr/container/pipe/9adf2246b41e_options-scanner-backend-2exk6s/stdout_ce98104644414c60934d0f2687c8f2dd.
2026-02-18T20:30:04.0430702Z Opening named pipe /podr/container/pipe/9adf2246b41e_options-scanner-backend-2exk6s/stdout_ce98104644414c60934d0f2687c8f2dd for reading in non-blocking mode.
2026-02-18T20:30:04.0612786Z Successfully opened named pipe: /podr/container/pipe/9adf2246b41e_options-scanner-backend-2exk6s/stdout_ce98104644414c60934d0f2687c8f2dd.
2026-02-18T20:30:04.0616408Z Successfully removed non-blocking flag from /podr/container/pipe/9adf2246b41e_options-scanner-backend-2exk6s/stdout_ce98104644414c60934d0f2687c8f2dd.
2026-02-18T20:30:04.0637576Z Creating stderr named pipe at /podr/container/pipe/9adf2246b41e_options-scanner-backend-2exk6s/stderr_74fe371beed34e459e866e9105d85a17.
2026-02-18T20:30:04.0640825Z Successfully created stderr named pipe at: /podr/container/pipe/9adf2246b41e_options-scanner-backend-2exk6s/stderr_74fe371beed34e459e866e9105d85a17.
2026-02-18T20:30:04.0648341Z Opening named pipe /podr/container/pipe/9adf2246b41e_options-scanner-backend-2exk6s/stderr_74fe371beed34e459e866e9105d85a17 for reading in non-blocking mode.
2026-02-18T20:30:04.0726969Z Successfully opened named pipe: /podr/container/pipe/9adf2246b41e_options-scanner-backend-2exk6s/stderr_74fe371beed34e459e866e9105d85a17.
2026-02-18T20:30:04.0728991Z Successfully removed non-blocking flag from /podr/container/pipe/9adf2246b41e_options-scanner-backend-2exk6s/stderr_74fe371beed34e459e866e9105d85a17.
2026-02-18T20:30:04.1036432Z Creating container with image: appsvc/python:3.11_20260203.2.tuxprod from registry: 10.1.0.4:13209 and fully qualified image name: 10.1.0.4:13209/appsvc/python:3.11_20260203.2.tuxprod
2026-02-18T20:30:09.4295492Z Starting container: 9adf2246b41e_options-scanner-backend-2exk6s.
2026-02-18T20:30:09.8833095Z Starting watchers and probes.
2026-02-18T20:30:09.9286778Z Starting metrics collection.
2026-02-18T20:30:09.9291782Z Container is running.
2026-02-18T20:30:09.9293381Z State: Starting, Action: CreatingContainer, LastError: ContainerTimeout, LastErrorTimestamp: 02/18/2026 20:25:14, LastErrorDetails: Container did not start within expected time limit of 600s. Please inspect your container logs for more details., Details: Container options-scanner-backend-2exk6s successfully created and is running., DetailsLevel: INFO
2026-02-18T20:30:10.4762916Z Container start method finished after 11969 ms.
2026-02-18T20:30:10.5186877Z State: Starting, Action: InitiatingSiteWarmUpProbe, LastError: ContainerTimeout, LastErrorTimestamp: 02/18/2026 20:25:14, LastErrorDetails: Container did not start within expected time limit of 600s. Please inspect your container logs for more details., Details: Container options-scanner-backend-2exk6s successfully created and is running., DetailsLevel: INFO
2026-02-18T20:30:10.5188005Z State: Starting, Action: WaitingForSiteWarmUpProbeSuccess, LastError: ContainerTimeout, LastErrorTimestamp: 02/18/2026 20:25:14, LastErrorDetails: Container did not start within expected time limit of 600s. Please inspect your container logs for more details., Details: Pinging warmup path to ensure container is ready to receive requests., DetailsLevel: INFO
2026-02-18T20:30:56.6680367Z Container has finished running with exit code: 127.
2026-02-18T20:30:56.6758377Z Container is terminating. Grace period: 5 seconds.
2026-02-18T20:30:56.6869171Z Stop and delete container. Retry count = 0
2026-02-18T20:30:56.6870859Z Stopping container: 9adf2246b41e_options-scanner-backend-2exk6s.
2026-02-18T20:30:56.7862464Z Deleting container: 9adf2246b41e_options-scanner-backend-2exk6s. Retry count = 0
2026-02-18T20:30:57.2605310Z Container spec TerminationMessagePolicy  path 
2026-02-18T20:30:57.2771935Z Container is terminated. Total time elapsed: 593 ms.
2026-02-18T20:30:57.2780496Z Site container: options-scanner-backend-2exk6s terminated during site startup.
2026-02-18T20:30:57.2803933Z State: Stopping, Action: CancellingStartup, LastError: ContainerTimeout, LastErrorTimestamp: 02/18/2026 20:25:14, LastErrorDetails: Container did not start within expected time limit of 600s. Please inspect your container logs for more details., Details: Site container: options-scanner-backend-2exk6s terminated during site startup. Cancelling site startup., DetailsLevel: ERR
2026-02-18T20:30:57.3749980Z Site startup probe failed after 46.7791558 seconds.
2026-02-18T20:30:57.7148845Z State: Stopping, Action: CancellingStartup, LastError: ContainerTimeout, LastErrorTimestamp: 02/18/2026 20:30:57, LastErrorDetails: Container did not start within expected time limit of 600s. Please inspect your container logs for more details., Details: Site container: options-scanner-backend-2exk6s terminated during site startup. Cancelling site startup., DetailsLevel: ERR
2026-02-18T20:30:57.7416191Z Failed to start site. Revert by stopping site.
2026-02-18T20:30:57.7491844Z State: Stopping, Action: StoppingSite, LastError: ContainerTimeout, LastErrorTimestamp: 02/18/2026 20:30:57, LastErrorDetails: Container did not start within expected time limit of 600s. Please inspect your container logs for more details., Details: Site container: options-scanner-backend-2exk6s terminated during site startup. Cancelling site startup., DetailsLevel: ERR
2026-02-18T20:30:57.7546798Z State: Stopping, Action: StoppingSiteContainers, LastError: ContainerTimeout, LastErrorTimestamp: 02/18/2026 20:30:57, LastErrorDetails: Container did not start within expected time limit of 600s. Please inspect your container logs for more details., Details: Site container: options-scanner-backend-2exk6s terminated during site startup. Cancelling site startup., DetailsLevel: ERR
2026-02-18T20:30:57.7553929Z Site: options-scanner-backend-2exk6s stopped.
2026-02-18T20:30:57.7805670Z State: Stopping, Action: UnmountingVolumes, LastError: ContainerTimeout, LastErrorTimestamp: 02/18/2026 20:30:57, LastErrorDetails: Container did not start within expected time limit of 600s. Please inspect your container logs for more details., Details: Site container: options-scanner-backend-2exk6s terminated during site startup. Cancelling site startup., DetailsLevel: ERR
2026-02-18T20:30:59.9726632Z Site container: options-scanner-backend-2exk6s_managedIdentity terminated during site startup.
2026-02-18T20:30:59.9729150Z State: Stopping, Action: UnmountingVolumes, LastError: ContainerTimeout, LastErrorTimestamp: 02/18/2026 20:30:57, LastErrorDetails: Container did not start within expected time limit of 600s. Please inspect your container logs for more details., Details: Site container: options-scanner-backend-2exk6s terminated during site startup. Cancelling site startup., DetailsLevel: ERR
2026-02-18T20:31:00.2865760Z State: Stopping, Action: StoppingSiteNetworks, LastError: ContainerTimeout, LastErrorTimestamp: 02/18/2026 20:30:57, LastErrorDetails: Container did not start within expected time limit of 600s. Please inspect your container logs for more details., Details: Site container: options-scanner-backend-2exk6s terminated during site startup. Cancelling site startup., DetailsLevel: ERR
2026-02-18T20:31:01.2229994Z State: Stopped, Action: None, LastError: ContainerTimeout, LastErrorTimestamp: 02/18/2026 20:30:57, LastErrorDetails: Container did not start within expected time limit of 600s. Please inspect your container logs for more details., Details: Site stopped at 02/18/2026 20:31:01 (UTC), DetailsLevel: ERR
2026-02-18T20:31:01.6284122Z State: Stopped, Action: None, LastError: ContainerTimeout, LastErrorTimestamp: 02/18/2026 20:30:57, LastErrorDetails: Container did not start within expected time limit of 600s. Please inspect your container logs for more details., Details: Site stopped at 02/18/2026 20:31:01 (UTC), DetailsLevel: ERR
2026-02-18T20:31:31.7733262Z State: Starting, Action: EstablishingSiteNetworks, LastError: ContainerTimeout, LastErrorTimestamp: 02/18/2026 20:30:57, LastErrorDetails: Container did not start within expected time limit of 600s. Please inspect your container logs for more details., Details: Site stopped at 02/18/2026 20:31:01 (UTC), DetailsLevel: ERR
2026-02-18T20:31:37.3985918Z State: Starting, Action: StartingMsiContainer, LastError: ContainerTimeout, LastErrorTimestamp: 02/18/2026 20:30:57, LastErrorDetails: Container did not start within expected time limit of 600s. Please inspect your container logs for more details., Details: Site stopped at 02/18/2026 20:31:01 (UTC), DetailsLevel: ERR
2026-02-18T20:31:56.8733556Z State: Starting, Action: StartingSiteContainers, LastError: ContainerTimeout, LastErrorTimestamp: 02/18/2026 20:30:57, LastErrorDetails: Container did not start within expected time limit of 600s. Please inspect your container logs for more details., Details: Site stopped at 02/18/2026 20:31:01 (UTC), DetailsLevel: ERR
2026-02-18T20:31:56.8827381Z Container start method called.
2026-02-18T20:31:56.8841218Z State: Starting, Action: PullingImage, LastError: ContainerTimeout, LastErrorTimestamp: 02/18/2026 20:30:57, LastErrorDetails: Container did not start within expected time limit of 600s. Please inspect your container logs for more details., Details: Pulling image 10.1.0.4:13209/appsvc/python:3.11_20260203.2.tuxprod for options-scanner-backend-2exk6s., DetailsLevel: INFO
2026-02-18T20:31:56.9024896Z Establishing network.
2026-02-18T20:31:56.9034351Z Pulling image: appsvc/python:3.11_20260203.2.tuxprod.
2026-02-18T20:31:57.3929632Z Container is starting.
2026-02-18T20:31:57.3930661Z State: Starting, Action: MountingVolumes, LastError: ContainerTimeout, LastErrorTimestamp: 02/18/2026 20:30:57, LastErrorDetails: Container did not start within expected time limit of 600s. Please inspect your container logs for more details., Details: Mounting volumes for options-scanner-backend-2exk6s., DetailsLevel: INFO
2026-02-18T20:31:57.3931718Z Establishing user namespace if not established already.
2026-02-18T20:31:57.3932735Z Establishing network if not established already.
2026-02-18T20:31:57.3937480Z Mounting volumes.
2026-02-18T20:31:57.3939812Z Nested mountpoint 
2026-02-18T20:31:57.4310126Z Nested mountpoint volatile/logs
2026-02-18T20:31:57.5012000Z Nested mountpoint 
2026-02-18T20:31:57.5967624Z Nested mountpoint 
2026-02-18T20:31:57.6576056Z Nested mountpoint 
2026-02-18T20:31:58.4262253Z State: Starting, Action: CreatingContainer, LastError: ContainerTimeout, LastErrorTimestamp: 02/18/2026 20:30:57, LastErrorDetails: Container did not start within expected time limit of 600s. Please inspect your container logs for more details., Details: Finished pulling container image and mounting volumes for options-scanner-backend-2exk6s. Allocatinng the rest of the container resources to finish container creation., DetailsLevel: INFO
2026-02-18T20:31:58.4270934Z Creating container.
2026-02-18T20:31:58.4275359Z Creating pipes for streaming container io.
2026-02-18T20:31:58.4281195Z Creating stdout named pipe at /podr/container/pipe/d803af648756_options-scanner-backend-2exk6s/stdout_9a81461a771c4705ba07a05e54fd1e8c.
2026-02-18T20:31:58.4289705Z Successfully created stdout named pipe at: /podr/container/pipe/d803af648756_options-scanner-backend-2exk6s/stdout_9a81461a771c4705ba07a05e54fd1e8c.
2026-02-18T20:31:58.4780902Z Opening named pipe /podr/container/pipe/d803af648756_options-scanner-backend-2exk6s/stdout_9a81461a771c4705ba07a05e54fd1e8c for reading in non-blocking mode.
2026-02-18T20:31:58.4867355Z Successfully opened named pipe: /podr/container/pipe/d803af648756_options-scanner-backend-2exk6s/stdout_9a81461a771c4705ba07a05e54fd1e8c.
2026-02-18T20:31:58.4893088Z Successfully removed non-blocking flag from /podr/container/pipe/d803af648756_options-scanner-backend-2exk6s/stdout_9a81461a771c4705ba07a05e54fd1e8c.
2026-02-18T20:31:58.4966480Z Creating stderr named pipe at /podr/container/pipe/d803af648756_options-scanner-backend-2exk6s/stderr_a27272231e744c559164a90d1891be57.
2026-02-18T20:31:58.4981827Z Successfully created stderr named pipe at: /podr/container/pipe/d803af648756_options-scanner-backend-2exk6s/stderr_a27272231e744c559164a90d1891be57.
2026-02-18T20:31:58.5455735Z Opening named pipe /podr/container/pipe/d803af648756_options-scanner-backend-2exk6s/stderr_a27272231e744c559164a90d1891be57 for reading in non-blocking mode.
2026-02-18T20:31:58.5469814Z Successfully opened named pipe: /podr/container/pipe/d803af648756_options-scanner-backend-2exk6s/stderr_a27272231e744c559164a90d1891be57.
2026-02-18T20:31:58.5479955Z Successfully removed non-blocking flag from /podr/container/pipe/d803af648756_options-scanner-backend-2exk6s/stderr_a27272231e744c559164a90d1891be57.
2026-02-18T20:31:58.5571810Z Creating container with image: appsvc/python:3.11_20260203.2.tuxprod from registry: 10.1.0.4:13209 and fully qualified image name: 10.1.0.4:13209/appsvc/python:3.11_20260203.2.tuxprod
2026-02-18T20:31:59.6866741Z Starting container: d803af648756_options-scanner-backend-2exk6s.
2026-02-18T20:31:59.8018488Z Starting watchers and probes.
2026-02-18T20:31:59.8026520Z Starting metrics collection.
2026-02-18T20:31:59.8093012Z Container is running.
2026-02-18T20:31:59.8094137Z State: Starting, Action: CreatingContainer, LastError: ContainerTimeout, LastErrorTimestamp: 02/18/2026 20:30:57, LastErrorDetails: Container did not start within expected time limit of 600s. Please inspect your container logs for more details., Details: Container options-scanner-backend-2exk6s successfully created and is running., DetailsLevel: INFO
2026-02-18T20:31:59.9369549Z Container start method finished after 3052 ms.
2026-02-18T20:31:59.9372792Z State: Starting, Action: InitiatingSiteWarmUpProbe, LastError: ContainerTimeout, LastErrorTimestamp: 02/18/2026 20:30:57, LastErrorDetails: Container did not start within expected time limit of 600s. Please inspect your container logs for more details., Details: Container options-scanner-backend-2exk6s successfully created and is running., DetailsLevel: INFO
2026-02-18T20:31:59.9373208Z State: Starting, Action: WaitingForSiteWarmUpProbeSuccess, LastError: ContainerTimeout, LastErrorTimestamp: 02/18/2026 20:30:57, LastErrorDetails: Container did not start within expected time limit of 600s. Please inspect your container logs for more details., Details: Pinging warmup path to ensure container is ready to receive requests., DetailsLevel: INFO
2026-02-18T20:33:15.6492257Z Container has finished running with exit code: 127.
2026-02-18T20:33:15.6689829Z Container is terminating. Grace period: 5 seconds.
2026-02-18T20:33:15.7145799Z Stop and delete container. Retry count = 0
2026-02-18T20:33:15.7443978Z Stopping container: d803af648756_options-scanner-backend-2exk6s.
2026-02-18T20:33:16.0241850Z Deleting container: d803af648756_options-scanner-backend-2exk6s. Retry count = 0
2026-02-18T20:33:17.0758417Z Container spec TerminationMessagePolicy  path 
2026-02-18T20:33:17.0782410Z Container is terminated. Total time elapsed: 1389 ms.
2026-02-18T20:33:17.0784458Z Site container: options-scanner-backend-2exk6s terminated during site startup.
2026-02-18T20:33:17.1341940Z State: Stopping, Action: CancellingStartup, LastError: ContainerTimeout, LastErrorTimestamp: 02/18/2026 20:30:57, LastErrorDetails: Container did not start within expected time limit of 600s. Please inspect your container logs for more details., Details: Site container: options-scanner-backend-2exk6s terminated during site startup. Cancelling site startup., DetailsLevel: ERR
2026-02-18T20:33:17.1653645Z Site startup probe failed after 77.2257581 seconds.
2026-02-18T20:33:17.5471124Z State: Stopping, Action: CancellingStartup, LastError: ContainerTimeout, LastErrorTimestamp: 02/18/2026 20:33:17, LastErrorDetails: Container did not start within expected time limit of 600s. Please inspect your container logs for more details., Details: Site container: options-scanner-backend-2exk6s terminated during site startup. Cancelling site startup., DetailsLevel: ERR
2026-02-18T20:33:17.5959492Z Failed to start site. Revert by stopping site.
2026-02-18T20:33:17.6441799Z State: Stopping, Action: StoppingSite, LastError: ContainerTimeout, LastErrorTimestamp: 02/18/2026 20:33:17, LastErrorDetails: Container did not start within expected time limit of 600s. Please inspect your container logs for more details., Details: Site container: options-scanner-backend-2exk6s terminated during site startup. Cancelling site startup., DetailsLevel: ERR
2026-02-18T20:33:17.6644029Z State: Stopping, Action: StoppingSiteContainers, LastError: ContainerTimeout, LastErrorTimestamp: 02/18/2026 20:33:17, LastErrorDetails: Container did not start within expected time limit of 600s. Please inspect your container logs for more details., Details: Site container: options-scanner-backend-2exk6s terminated during site startup. Cancelling site startup., DetailsLevel: ERR
2026-02-18T20:33:17.6727427Z Site: options-scanner-backend-2exk6s stopped.
2026-02-18T20:35:02.7551191Z State: Starting, Action: EstablishingSiteNetworks, LastError: ContainerTimeout, LastErrorTimestamp: 02/18/2026 20:33:17, LastErrorDetails: Container did not start within expected time limit of 600s. Please inspect your container logs for more details., Details: Site is blocked due to multiple, consecutive cold start failures. Site scheduled to be unblocked at 02/18/2026 20:34:21, DetailsLevel: WARN
2026-02-18T20:35:07.1443600Z State: Starting, Action: StartingMsiContainer, LastError: ContainerTimeout, LastErrorTimestamp: 02/18/2026 20:33:17, LastErrorDetails: Container did not start within expected time limit of 600s. Please inspect your container logs for more details., Details: Site is blocked due to multiple, consecutive cold start failures. Site scheduled to be unblocked at 02/18/2026 20:34:21, DetailsLevel: WARN
2026-02-18T20:35:20.9671219Z State: Starting, Action: StartingSiteContainers, LastError: ContainerTimeout, LastErrorTimestamp: 02/18/2026 20:33:17, LastErrorDetails: Container did not start within expected time limit of 600s. Please inspect your container logs for more details., Details: Site is blocked due to multiple, consecutive cold start failures. Site scheduled to be unblocked at 02/18/2026 20:34:21, DetailsLevel: WARN
2026-02-18T20:35:20.9673842Z Container start method called.
2026-02-18T20:35:20.9674686Z State: Starting, Action: PullingImage, LastError: ContainerTimeout, LastErrorTimestamp: 02/18/2026 20:33:17, LastErrorDetails: Container did not start within expected time limit of 600s. Please inspect your container logs for more details., Details: Pulling image 10.1.0.5:13209/appsvc/python:3.11_20260203.2.tuxprod for options-scanner-backend-2exk6s., DetailsLevel: INFO
2026-02-18T20:35:20.9675958Z Establishing network.
2026-02-18T20:35:20.9677353Z Pulling image: appsvc/python:3.11_20260203.2.tuxprod.
2026-02-18T20:35:21.3002698Z Container is starting.
2026-02-18T20:35:21.3085097Z State: Starting, Action: MountingVolumes, LastError: ContainerTimeout, LastErrorTimestamp: 02/18/2026 20:33:17, LastErrorDetails: Container did not start within expected time limit of 600s. Please inspect your container logs for more details., Details: Mounting volumes for options-scanner-backend-2exk6s., DetailsLevel: INFO
2026-02-18T20:35:21.3090601Z Establishing user namespace if not established already.
2026-02-18T20:35:21.3092707Z Establishing network if not established already.
2026-02-18T20:35:21.3094579Z Mounting volumes.
2026-02-18T20:35:21.3103785Z Nested mountpoint 
2026-02-18T20:35:21.3432873Z Nested mountpoint volatile/logs
2026-02-18T20:35:21.4039680Z Nested mountpoint 
2026-02-18T20:35:21.5145087Z Nested mountpoint 
2026-02-18T20:35:21.5250592Z Nested mountpoint 
2026-02-18T20:35:22.5976315Z State: Starting, Action: CreatingContainer, LastError: ContainerTimeout, LastErrorTimestamp: 02/18/2026 20:33:17, LastErrorDetails: Container did not start within expected time limit of 600s. Please inspect your container logs for more details., Details: Finished pulling container image and mounting volumes for options-scanner-backend-2exk6s. Allocatinng the rest of the container resources to finish container creation., DetailsLevel: INFO
2026-02-18T20:35:22.6174890Z Creating container.
2026-02-18T20:35:22.6259672Z Creating pipes for streaming container io.
2026-02-18T20:35:22.6262345Z Creating stdout named pipe at /podr/container/pipe/68832a7fb401_options-scanner-backend-2exk6s/stdout_c4ed8dfb44e04c7698ed5a04c6d1cca4.
2026-02-18T20:35:22.6342204Z Successfully created stdout named pipe at: /podr/container/pipe/68832a7fb401_options-scanner-backend-2exk6s/stdout_c4ed8dfb44e04c7698ed5a04c6d1cca4.
2026-02-18T20:35:22.6344378Z Opening named pipe /podr/container/pipe/68832a7fb401_options-scanner-backend-2exk6s/stdout_c4ed8dfb44e04c7698ed5a04c6d1cca4 for reading in non-blocking mode.
2026-02-18T20:35:22.6346830Z Successfully opened named pipe: /podr/container/pipe/68832a7fb401_options-scanner-backend-2exk6s/stdout_c4ed8dfb44e04c7698ed5a04c6d1cca4.
2026-02-18T20:35:22.6348601Z Successfully removed non-blocking flag from /podr/container/pipe/68832a7fb401_options-scanner-backend-2exk6s/stdout_c4ed8dfb44e04c7698ed5a04c6d1cca4.
2026-02-18T20:35:22.6446250Z Creating stderr named pipe at /podr/container/pipe/68832a7fb401_options-scanner-backend-2exk6s/stderr_6c96bed892e44a64a5ae95c70d082086.
2026-02-18T20:35:22.6451997Z Successfully created stderr named pipe at: /podr/container/pipe/68832a7fb401_options-scanner-backend-2exk6s/stderr_6c96bed892e44a64a5ae95c70d082086.
2026-02-18T20:35:22.6453642Z Opening named pipe /podr/container/pipe/68832a7fb401_options-scanner-backend-2exk6s/stderr_6c96bed892e44a64a5ae95c70d082086 for reading in non-blocking mode.
2026-02-18T20:35:22.6457496Z Successfully opened named pipe: /podr/container/pipe/68832a7fb401_options-scanner-backend-2exk6s/stderr_6c96bed892e44a64a5ae95c70d082086.
2026-02-18T20:35:22.6460898Z Successfully removed non-blocking flag from /podr/container/pipe/68832a7fb401_options-scanner-backend-2exk6s/stderr_6c96bed892e44a64a5ae95c70d082086.
2026-02-18T20:35:22.6472820Z Creating container with image: appsvc/python:3.11_20260203.2.tuxprod from registry: 10.1.0.5:13209 and fully qualified image name: 10.1.0.5:13209/appsvc/python:3.11_20260203.2.tuxprod
2026-02-18T20:35:24.2568134Z Starting container: 68832a7fb401_options-scanner-backend-2exk6s.
2026-02-18T20:35:24.4042467Z Starting watchers and probes.
2026-02-18T20:35:24.4048246Z Starting metrics collection.
2026-02-18T20:35:24.4054226Z Container is running.
2026-02-18T20:35:24.5806406Z State: Starting, Action: CreatingContainer, LastError: ContainerTimeout, LastErrorTimestamp: 02/18/2026 20:33:17, LastErrorDetails: Container did not start within expected time limit of 600s. Please inspect your container logs for more details., Details: Container options-scanner-backend-2exk6s successfully created and is running., DetailsLevel: INFO
2026-02-18T20:35:25.0197144Z Container start method finished after 4052 ms.
2026-02-18T20:35:25.0199209Z State: Starting, Action: InitiatingSiteWarmUpProbe, LastError: ContainerTimeout, LastErrorTimestamp: 02/18/2026 20:33:17, LastErrorDetails: Container did not start within expected time limit of 600s. Please inspect your container logs for more details., Details: Container options-scanner-backend-2exk6s successfully created and is running., DetailsLevel: INFO
2026-02-18T20:35:25.0199493Z State: Starting, Action: WaitingForSiteWarmUpProbeSuccess, LastError: ContainerTimeout, LastErrorTimestamp: 02/18/2026 20:33:17, LastErrorDetails: Container did not start within expected time limit of 600s. Please inspect your container logs for more details., Details: Pinging warmup path to ensure container is ready to receive requests., DetailsLevel: INFO
2026-02-18T20:36:38.6979960Z Site startup probe succeeded after 73.4144395 seconds.
2026-02-18T20:36:38.9513649Z State: Starting, Action: WarmUpProbeSucceeded, LastError: ContainerTimeout, LastErrorTimestamp: 02/18/2026 20:33:17, LastErrorDetails: Container did not start within expected time limit of 600s. Please inspect your container logs for more details., Details: Site startup probe succeeded after 73.4144395 seconds., DetailsLevel: INFO
2026-02-18T20:36:39.1203208Z Site is running with deployment version: f036fb8b-8229-4d4e-95a5-9a812cdc7684
2026-02-18T20:36:39.1277267Z Site started.
2026-02-18T20:36:39.1278815Z State: Started, Action: None, LastError: ContainerTimeout, LastErrorTimestamp: 02/18/2026 20:33:17, LastErrorDetails: Container did not start within expected time limit of 600s. Please inspect your container logs for more details., Details: Site started at 02/18/2026 20:36:39 (UTC), DetailsLevel: INFO
2026-02-18T20:36:39.2572222Z Site is running with patch version PYTHON 3.11.14
2026-02-18T20:45:03.8084478Z State: Starting, Action: EstablishingSiteNetworks, LastError: , LastErrorTimestamp: 01/01/0001 00:00:00, LastErrorDetails: , Details: , DetailsLevel: INFO
2026-02-18T20:45:11.9329768Z State: Starting, Action: StartingMsiContainer, LastError: , LastErrorTimestamp: 01/01/0001 00:00:00, LastErrorDetails: , Details: , DetailsLevel: INFO
2026-02-18T20:45:30.0257656Z State: Starting, Action: StartingSiteContainers, LastError: , LastErrorTimestamp: 01/01/0001 00:00:00, LastErrorDetails: , Details: , DetailsLevel: INFO
2026-02-18T20:45:30.0260383Z Container start method called.
2026-02-18T20:45:30.0315539Z State: Starting, Action: PullingImage, LastError: , LastErrorTimestamp: 01/01/0001 00:00:00, LastErrorDetails: , Details: Pulling image 10.1.0.5:13209/appsvc/python:3.11_20260203.2.tuxprod for options-scanner-backend-2exk6s., DetailsLevel: INFO
2026-02-18T20:45:30.0317811Z Establishing network.
2026-02-18T20:45:30.0321577Z Pulling image: appsvc/python:3.11_20260203.2.tuxprod.
2026-02-18T20:45:30.3170936Z Container is starting.
2026-02-18T20:45:30.3173088Z State: Starting, Action: MountingVolumes, LastError: , LastErrorTimestamp: 01/01/0001 00:00:00, LastErrorDetails: , Details: Mounting volumes for options-scanner-backend-2exk6s., DetailsLevel: INFO
2026-02-18T20:45:30.3174992Z Establishing user namespace if not established already.
2026-02-18T20:45:30.3182428Z Establishing network if not established already.
2026-02-18T20:45:30.3186237Z Mounting volumes.
2026-02-18T20:45:30.3188725Z Nested mountpoint 
2026-02-18T20:45:30.4650298Z Nested mountpoint volatile/logs
2026-02-18T20:45:30.5032649Z Nested mountpoint 
2026-02-18T20:45:30.6506595Z Nested mountpoint 
2026-02-18T20:45:30.6695703Z Nested mountpoint 
2026-02-18T20:45:31.3706086Z State: Starting, Action: CreatingContainer, LastError: , LastErrorTimestamp: 01/01/0001 00:00:00, LastErrorDetails: , Details: Finished pulling container image and mounting volumes for options-scanner-backend-2exk6s. Allocatinng the rest of the container resources to finish container creation., DetailsLevel: INFO
2026-02-18T20:45:31.3707959Z Creating container.
2026-02-18T20:45:31.3709984Z Creating pipes for streaming container io.
2026-02-18T20:45:31.3711614Z Creating stdout named pipe at /podr/container/pipe/ac9d97ce602e_options-scanner-backend-2exk6s/stdout_f7428adb7cab403097ca9e82da490c48.
2026-02-18T20:45:31.3714950Z Successfully created stdout named pipe at: /podr/container/pipe/ac9d97ce602e_options-scanner-backend-2exk6s/stdout_f7428adb7cab403097ca9e82da490c48.
2026-02-18T20:45:31.3718627Z Opening named pipe /podr/container/pipe/ac9d97ce602e_options-scanner-backend-2exk6s/stdout_f7428adb7cab403097ca9e82da490c48 for reading in non-blocking mode.
2026-02-18T20:45:31.3721367Z Successfully opened named pipe: /podr/container/pipe/ac9d97ce602e_options-scanner-backend-2exk6s/stdout_f7428adb7cab403097ca9e82da490c48.
2026-02-18T20:45:31.3723956Z Successfully removed non-blocking flag from /podr/container/pipe/ac9d97ce602e_options-scanner-backend-2exk6s/stdout_f7428adb7cab403097ca9e82da490c48.
2026-02-18T20:45:31.4399897Z Creating stderr named pipe at /podr/container/pipe/ac9d97ce602e_options-scanner-backend-2exk6s/stderr_edbf2fc027d54e359e2f1425176a2c50.
2026-02-18T20:45:31.4488879Z Successfully created stderr named pipe at: /podr/container/pipe/ac9d97ce602e_options-scanner-backend-2exk6s/stderr_edbf2fc027d54e359e2f1425176a2c50.
2026-02-18T20:45:31.4699140Z Opening named pipe /podr/container/pipe/ac9d97ce602e_options-scanner-backend-2exk6s/stderr_edbf2fc027d54e359e2f1425176a2c50 for reading in non-blocking mode.
2026-02-18T20:45:31.4713376Z Successfully opened named pipe: /podr/container/pipe/ac9d97ce602e_options-scanner-backend-2exk6s/stderr_edbf2fc027d54e359e2f1425176a2c50.
2026-02-18T20:45:31.4794343Z Successfully removed non-blocking flag from /podr/container/pipe/ac9d97ce602e_options-scanner-backend-2exk6s/stderr_edbf2fc027d54e359e2f1425176a2c50.
2026-02-18T20:45:31.4986925Z Creating container with image: appsvc/python:3.11_20260203.2.tuxprod from registry: 10.1.0.5:13209 and fully qualified image name: 10.1.0.5:13209/appsvc/python:3.11_20260203.2.tuxprod
2026-02-18T20:45:32.4777473Z Starting container: ac9d97ce602e_options-scanner-backend-2exk6s.
2026-02-18T20:45:32.5878618Z Starting watchers and probes.
2026-02-18T20:45:32.5972292Z Starting metrics collection.
2026-02-18T20:45:32.5979833Z Container is running.
2026-02-18T20:45:32.6077065Z State: Starting, Action: CreatingContainer, LastError: , LastErrorTimestamp: 01/01/0001 00:00:00, LastErrorDetails: , Details: Container options-scanner-backend-2exk6s successfully created and is running., DetailsLevel: INFO
2026-02-18T20:45:32.9092758Z Container start method finished after 2876 ms.
2026-02-18T20:45:32.9123004Z State: Starting, Action: InitiatingSiteWarmUpProbe, LastError: , LastErrorTimestamp: 01/01/0001 00:00:00, LastErrorDetails: , Details: Container options-scanner-backend-2exk6s successfully created and is running., DetailsLevel: INFO
2026-02-18T20:45:32.9289196Z State: Starting, Action: WaitingForSiteWarmUpProbeSuccess, LastError: , LastErrorTimestamp: 01/01/0001 00:00:00, LastErrorDetails: , Details: Pinging warmup path to ensure container is ready to receive requests., DetailsLevel: INFO
2026-02-18T20:46:15.0161203Z Container has finished running with exit code: 127.
2026-02-18T20:46:15.0237411Z Container is terminating. Grace period: 5 seconds.
2026-02-18T20:46:15.0633681Z Stop and delete container. Retry count = 0
2026-02-18T20:46:15.0635181Z Stopping container: ac9d97ce602e_options-scanner-backend-2exk6s.
2026-02-18T20:46:15.2536209Z Deleting container: ac9d97ce602e_options-scanner-backend-2exk6s. Retry count = 0
2026-02-18T20:46:16.0001080Z Container spec TerminationMessagePolicy  path 
2026-02-18T20:46:16.0384182Z Container is terminated. Total time elapsed: 988 ms.
2026-02-18T20:46:16.0709761Z Site container: options-scanner-backend-2exk6s terminated during site startup.
2026-02-18T20:46:16.1395478Z State: Stopping, Action: CancellingStartup, LastError: , LastErrorTimestamp: 01/01/0001 00:00:00, LastErrorDetails: , Details: Site container: options-scanner-backend-2exk6s terminated during site startup. Cancelling site startup., DetailsLevel: ERR
2026-02-18T20:46:18.8058589Z Site startup probe failed after 45.7884671 seconds.
2026-02-18T20:46:19.3435072Z State: Stopping, Action: CancellingStartup, LastError: ContainerTimeout, LastErrorTimestamp: 02/18/2026 20:46:19, LastErrorDetails: Container did not start within expected time limit of 600s. Please inspect your container logs for more details., Details: Site container: options-scanner-backend-2exk6s terminated during site startup. Cancelling site startup., DetailsLevel: ERR
2026-02-18T20:46:19.4590190Z Failed to start site. Revert by stopping site.
2026-02-18T20:46:19.4735613Z State: Stopping, Action: StoppingSite, LastError: ContainerTimeout, LastErrorTimestamp: 02/18/2026 20:46:19, LastErrorDetails: Container did not start within expected time limit of 600s. Please inspect your container logs for more details., Details: Site container: options-scanner-backend-2exk6s terminated during site startup. Cancelling site startup., DetailsLevel: ERR
2026-02-18T20:46:19.4872955Z State: Stopping, Action: StoppingSiteContainers, LastError: ContainerTimeout, LastErrorTimestamp: 02/18/2026 20:46:19, LastErrorDetails: Container did not start within expected time limit of 600s. Please inspect your container logs for more details., Details: Site container: options-scanner-backend-2exk6s terminated during site startup. Cancelling site startup., DetailsLevel: ERR
2026-02-18T20:46:19.4878231Z Site: options-scanner-backend-2exk6s stopped.
2026-02-18T20:46:46.4872289Z State: Stopping, Action: StoppingSite, LastError: ContainerTimeout, LastErrorTimestamp: 02/18/2026 20:33:17, LastErrorDetails: Container did not start within expected time limit of 600s. Please inspect your container logs for more details., Details: Site started at 02/18/2026 20:36:39 (UTC), DetailsLevel: INFO
2026-02-18T20:46:46.4969473Z State: Stopping, Action: StoppingSiteContainers, LastError: ContainerTimeout, LastErrorTimestamp: 02/18/2026 20:33:17, LastErrorDetails: Container did not start within expected time limit of 600s. Please inspect your container logs for more details., Details: Site started at 02/18/2026 20:36:39 (UTC), DetailsLevel: INFO
2026-02-18T20:46:46.4974145Z Container is terminating. Grace period: 5 seconds.
2026-02-18T20:46:46.5263946Z Stop and delete container. Retry count = 0
2026-02-18T20:46:46.5283149Z Stopping container: 68832a7fb401_options-scanner-backend-2exk6s.
2026-02-18T20:46:51.7215310Z Deleting container: 68832a7fb401_options-scanner-backend-2exk6s. Retry count = 0
2026-02-18T20:46:53.7161745Z Container spec TerminationMessagePolicy  path 
2026-02-18T20:46:53.7241013Z Container is terminated. Total time elapsed: 7219 ms.
2026-02-18T20:46:53.7250347Z Site: options-scanner-backend-2exk6s stopped.
2026-02-18T20:46:19.5091576Z State: Stopping, Action: UnmountingVolumes, LastError: ContainerTimeout, LastErrorTimestamp: 02/18/2026 20:46:19, LastErrorDetails: Container did not start within expected time limit of 600s. Please inspect your container logs for more details., Details: Site container: options-scanner-backend-2exk6s terminated during site startup. Cancelling site startup., DetailsLevel: ERR
2026-02-18T20:46:23.9672657Z Site container: options-scanner-backend-2exk6s_managedIdentity terminated during site startup.
2026-02-18T20:46:23.9676966Z State: Stopping, Action: UnmountingVolumes, LastError: ContainerTimeout, LastErrorTimestamp: 02/18/2026 20:46:19, LastErrorDetails: Container did not start within expected time limit of 600s. Please inspect your container logs for more details., Details: Site container: options-scanner-backend-2exk6s terminated during site startup. Cancelling site startup., DetailsLevel: ERR
2026-02-18T20:46:24.2749184Z State: Stopping, Action: StoppingSiteNetworks, LastError: ContainerTimeout, LastErrorTimestamp: 02/18/2026 20:46:19, LastErrorDetails: Container did not start within expected time limit of 600s. Please inspect your container logs for more details., Details: Site container: options-scanner-backend-2exk6s terminated during site startup. Cancelling site startup., DetailsLevel: ERR
2026-02-18T20:46:25.6243116Z State: Stopped, Action: None, LastError: ContainerTimeout, LastErrorTimestamp: 02/18/2026 20:46:19, LastErrorDetails: Container did not start within expected time limit of 600s. Please inspect your container logs for more details., Details: Site stopped at 02/18/2026 20:46:25 (UTC), DetailsLevel: ERR
2026-02-18T20:46:25.7609436Z State: Stopped, Action: None, LastError: ContainerTimeout, LastErrorTimestamp: 02/18/2026 20:46:19, LastErrorDetails: Container did not start within expected time limit of 600s. Please inspect your container logs for more details., Details: Site stopped at 02/18/2026 20:46:25 (UTC), DetailsLevel: ERR
2026-02-18T20:47:42.1081323Z State: Starting, Action: EstablishingSiteNetworks, LastError: ContainerTimeout, LastErrorTimestamp: 02/18/2026 20:46:19, LastErrorDetails: Container did not start within expected time limit of 600s. Please inspect your container logs for more details., Details: Site stopped at 02/18/2026 20:46:25 (UTC), DetailsLevel: ERR
2026-02-18T20:47:46.0551179Z State: Starting, Action: StartingMsiContainer, LastError: ContainerTimeout, LastErrorTimestamp: 02/18/2026 20:46:19, LastErrorDetails: Container did not start within expected time limit of 600s. Please inspect your container logs for more details., Details: Site stopped at 02/18/2026 20:46:25 (UTC), DetailsLevel: ERR
2026-02-18T20:47:57.9674092Z State: Starting, Action: StartingSiteContainers, LastError: ContainerTimeout, LastErrorTimestamp: 02/18/2026 20:46:19, LastErrorDetails: Container did not start within expected time limit of 600s. Please inspect your container logs for more details., Details: Site stopped at 02/18/2026 20:46:25 (UTC), DetailsLevel: ERR
2026-02-18T20:47:57.9845073Z Container start method called.
2026-02-18T20:47:57.9845857Z State: Starting, Action: PullingImage, LastError: ContainerTimeout, LastErrorTimestamp: 02/18/2026 20:46:19, LastErrorDetails: Container did not start within expected time limit of 600s. Please inspect your container logs for more details., Details: Pulling image 10.1.0.5:13209/appsvc/python:3.11_20260203.2.tuxprod for options-scanner-backend-2exk6s., DetailsLevel: INFO
2026-02-18T20:47:57.9846945Z Establishing network.
2026-02-18T20:47:57.9848178Z Pulling image: appsvc/python:3.11_20260203.2.tuxprod.
2026-02-18T20:47:58.2478450Z Container is starting.
2026-02-18T20:47:58.2483709Z State: Starting, Action: MountingVolumes, LastError: ContainerTimeout, LastErrorTimestamp: 02/18/2026 20:46:19, LastErrorDetails: Container did not start within expected time limit of 600s. Please inspect your container logs for more details., Details: Mounting volumes for options-scanner-backend-2exk6s., DetailsLevel: INFO
2026-02-18T20:47:58.2573408Z Establishing user namespace if not established already.
2026-02-18T20:47:58.2575911Z Establishing network if not established already.
2026-02-18T20:47:58.2577745Z Mounting volumes.
2026-02-18T20:47:58.2579793Z Nested mountpoint 
2026-02-18T20:47:58.3061694Z Nested mountpoint volatile/logs
2026-02-18T20:47:58.3558090Z Nested mountpoint 
2026-02-18T20:47:58.3642872Z Nested mountpoint 
2026-02-18T20:47:58.3650458Z Nested mountpoint 
2026-02-18T20:47:59.1981411Z State: Starting, Action: CreatingContainer, LastError: ContainerTimeout, LastErrorTimestamp: 02/18/2026 20:46:19, LastErrorDetails: Container did not start within expected time limit of 600s. Please inspect your container logs for more details., Details: Finished pulling container image and mounting volumes for options-scanner-backend-2exk6s. Allocatinng the rest of the container resources to finish container creation., DetailsLevel: INFO
2026-02-18T20:47:59.1995884Z Creating container.
2026-02-18T20:47:59.2002762Z Creating pipes for streaming container io.
2026-02-18T20:47:59.2171287Z Creating stdout named pipe at /podr/container/pipe/bd980da4890f_options-scanner-backend-2exk6s/stdout_87cf20a668a441ea89c20f339976b276.
2026-02-18T20:47:59.2190543Z Successfully created stdout named pipe at: /podr/container/pipe/bd980da4890f_options-scanner-backend-2exk6s/stdout_87cf20a668a441ea89c20f339976b276.
2026-02-18T20:47:59.2279420Z Opening named pipe /podr/container/pipe/bd980da4890f_options-scanner-backend-2exk6s/stdout_87cf20a668a441ea89c20f339976b276 for reading in non-blocking mode.
2026-02-18T20:47:59.2298935Z Successfully opened named pipe: /podr/container/pipe/bd980da4890f_options-scanner-backend-2exk6s/stdout_87cf20a668a441ea89c20f339976b276.
2026-02-18T20:47:59.2300994Z Successfully removed non-blocking flag from /podr/container/pipe/bd980da4890f_options-scanner-backend-2exk6s/stdout_87cf20a668a441ea89c20f339976b276.
2026-02-18T20:47:59.2302975Z Creating stderr named pipe at /podr/container/pipe/bd980da4890f_options-scanner-backend-2exk6s/stderr_8a4ee5edd7a147c19b10c94556cdc8c9.
2026-02-18T20:47:59.2312228Z Successfully created stderr named pipe at: /podr/container/pipe/bd980da4890f_options-scanner-backend-2exk6s/stderr_8a4ee5edd7a147c19b10c94556cdc8c9.
2026-02-18T20:47:59.2313850Z Opening named pipe /podr/container/pipe/bd980da4890f_options-scanner-backend-2exk6s/stderr_8a4ee5edd7a147c19b10c94556cdc8c9 for reading in non-blocking mode.
2026-02-18T20:47:59.2316533Z Successfully opened named pipe: /podr/container/pipe/bd980da4890f_options-scanner-backend-2exk6s/stderr_8a4ee5edd7a147c19b10c94556cdc8c9.
2026-02-18T20:47:59.2317759Z Successfully removed non-blocking flag from /podr/container/pipe/bd980da4890f_options-scanner-backend-2exk6s/stderr_8a4ee5edd7a147c19b10c94556cdc8c9.
2026-02-18T20:47:59.2319671Z Creating container with image: appsvc/python:3.11_20260203.2.tuxprod from registry: 10.1.0.5:13209 and fully qualified image name: 10.1.0.5:13209/appsvc/python:3.11_20260203.2.tuxprod
2026-02-18T20:48:00.1807327Z Starting container: bd980da4890f_options-scanner-backend-2exk6s.
2026-02-18T20:48:00.3664270Z Starting watchers and probes.
2026-02-18T20:48:00.3667473Z Starting metrics collection.
2026-02-18T20:48:00.3668855Z Container is running.
2026-02-18T20:48:00.3669817Z State: Starting, Action: CreatingContainer, LastError: ContainerTimeout, LastErrorTimestamp: 02/18/2026 20:46:19, LastErrorDetails: Container did not start within expected time limit of 600s. Please inspect your container logs for more details., Details: Container options-scanner-backend-2exk6s successfully created and is running., DetailsLevel: INFO
2026-02-18T20:48:00.9190345Z Container start method finished after 2934 ms.
2026-02-18T20:48:00.9192784Z State: Starting, Action: InitiatingSiteWarmUpProbe, LastError: ContainerTimeout, LastErrorTimestamp: 02/18/2026 20:46:19, LastErrorDetails: Container did not start within expected time limit of 600s. Please inspect your container logs for more details., Details: Container options-scanner-backend-2exk6s successfully created and is running., DetailsLevel: INFO
2026-02-18T20:48:00.9193082Z State: Starting, Action: WaitingForSiteWarmUpProbeSuccess, LastError: ContainerTimeout, LastErrorTimestamp: 02/18/2026 20:46:19, LastErrorDetails: Container did not start within expected time limit of 600s. Please inspect your container logs for more details., Details: Pinging warmup path to ensure container is ready to receive requests., DetailsLevel: INFO
2026-02-18T20:48:30.0847768Z Container has finished running with exit code: 127.
2026-02-18T20:48:30.0929899Z Container is terminating. Grace period: 5 seconds.
2026-02-18T20:48:30.1021939Z Stop and delete container. Retry count = 0
2026-02-18T20:48:30.1041684Z Stopping container: bd980da4890f_options-scanner-backend-2exk6s.
2026-02-18T20:48:30.2588354Z Deleting container: bd980da4890f_options-scanner-backend-2exk6s. Retry count = 0
2026-02-18T20:48:30.6673344Z Container spec TerminationMessagePolicy  path 
2026-02-18T20:48:30.6753607Z Container is terminated. Total time elapsed: 581 ms.
2026-02-18T20:48:30.6766367Z Site container: options-scanner-backend-2exk6s terminated during site startup.
2026-02-18T20:48:30.6776726Z State: Stopping, Action: CancellingStartup, LastError: ContainerTimeout, LastErrorTimestamp: 02/18/2026 20:46:19, LastErrorDetails: Container did not start within expected time limit of 600s. Please inspect your container logs for more details., Details: Site container: options-scanner-backend-2exk6s terminated during site startup. Cancelling site startup., DetailsLevel: ERR
2026-02-18T20:48:31.4930714Z Site startup probe failed after 30.5730021 seconds.
2026-02-18T20:48:32.0869411Z State: Stopping, Action: CancellingStartup, LastError: ContainerTimeout, LastErrorTimestamp: 02/18/2026 20:48:32, LastErrorDetails: Container did not start within expected time limit of 600s. Please inspect your container logs for more details., Details: Site container: options-scanner-backend-2exk6s terminated during site startup. Cancelling site startup., DetailsLevel: ERR
2026-02-18T20:48:32.0967527Z Failed to start site. Revert by stopping site.
2026-02-18T20:48:32.0969980Z State: Stopping, Action: StoppingSite, LastError: ContainerTimeout, LastErrorTimestamp: 02/18/2026 20:48:32, LastErrorDetails: Container did not start within expected time limit of 600s. Please inspect your container logs for more details., Details: Site container: options-scanner-backend-2exk6s terminated during site startup. Cancelling site startup., DetailsLevel: ERR
2026-02-18T20:48:32.1073158Z State: Stopping, Action: StoppingSiteContainers, LastError: ContainerTimeout, LastErrorTimestamp: 02/18/2026 20:48:32, LastErrorDetails: Container did not start within expected time limit of 600s. Please inspect your container logs for more details., Details: Site container: options-scanner-backend-2exk6s terminated during site startup. Cancelling site startup., DetailsLevel: ERR
2026-02-18T20:48:32.1073394Z Site: options-scanner-backend-2exk6s stopped.
2026-02-18T20:48:32.1357246Z State: Stopping, Action: UnmountingVolumes, LastError: ContainerTimeout, LastErrorTimestamp: 02/18/2026 20:48:32, LastErrorDetails: Container did not start within expected time limit of 600s. Please inspect your container logs for more details., Details: Site container: options-scanner-backend-2exk6s terminated during site startup. Cancelling site startup., DetailsLevel: ERR
2026-02-18T20:48:34.3048711Z Site container: options-scanner-backend-2exk6s_managedIdentity terminated during site startup.
2026-02-18T20:48:34.3111824Z State: Stopping, Action: UnmountingVolumes, LastError: ContainerTimeout, LastErrorTimestamp: 02/18/2026 20:48:32, LastErrorDetails: Container did not start within expected time limit of 600s. Please inspect your container logs for more details., Details: Site container: options-scanner-backend-2exk6s terminated during site startup. Cancelling site startup., DetailsLevel: ERR
2026-02-18T20:48:34.4783089Z State: Stopping, Action: StoppingSiteNetworks, LastError: ContainerTimeout, LastErrorTimestamp: 02/18/2026 20:48:32, LastErrorDetails: Container did not start within expected time limit of 600s. Please inspect your container logs for more details., Details: Site container: options-scanner-backend-2exk6s terminated during site startup. Cancelling site startup., DetailsLevel: ERR
2026-02-18T20:48:35.0063874Z Site: options-scanner-backend-2exk6s will be blocked for 1 minutes till 02/18/2026 20:49:35
2026-02-18T20:48:35.0066799Z State: Blocked, Action: StoppingSiteNetworks, LastError: ContainerTimeout, LastErrorTimestamp: 02/18/2026 20:48:32, LastErrorDetails: Container did not start within expected time limit of 600s. Please inspect your container logs for more details., Details: Site: options-scanner-backend-2exk6s will be blocked for 1 minutes till 02/18/2026 20:49:35, DetailsLevel: WARN
2026-02-18T20:48:35.0246025Z State: Stopped, Action: None, LastError: ContainerTimeout, LastErrorTimestamp: 02/18/2026 20:48:32, LastErrorDetails: Container did not start within expected time limit of 600s. Please inspect your container logs for more details., Details: Site stopped at 02/18/2026 20:48:35 (UTC), DetailsLevel: WARN
2026-02-18T20:48:35.1511646Z State: Stopped, Action: None, LastError: ContainerTimeout, LastErrorTimestamp: 02/18/2026 20:48:32, LastErrorDetails: Container did not start within expected time limit of 600s. Please inspect your container logs for more details., Details: Site stopped at 02/18/2026 20:48:35 (UTC), DetailsLevel: WARN
2026-02-18T20:49:35.0066772Z Site: options-scanner-backend-2exk6s is unblocked.
2026-02-18T20:50:35.8691223Z State: Starting, Action: EstablishingSiteNetworks, LastError: ContainerTimeout, LastErrorTimestamp: 02/18/2026 20:48:32, LastErrorDetails: Container did not start within expected time limit of 600s. Please inspect your container logs for more details., Details: Site stopped at 02/18/2026 20:48:35 (UTC), DetailsLevel: WARN
2026-02-18T20:50:39.6940920Z State: Starting, Action: StartingMsiContainer, LastError: ContainerTimeout, LastErrorTimestamp: 02/18/2026 20:48:32, LastErrorDetails: Container did not start within expected time limit of 600s. Please inspect your container logs for more details., Details: Site stopped at 02/18/2026 20:48:35 (UTC), DetailsLevel: WARN
2026-02-18T20:50:56.8272908Z State: Starting, Action: StartingSiteContainers, LastError: ContainerTimeout, LastErrorTimestamp: 02/18/2026 20:48:32, LastErrorDetails: Container did not start within expected time limit of 600s. Please inspect your container logs for more details., Details: Site stopped at 02/18/2026 20:48:35 (UTC), DetailsLevel: WARN
2026-02-18T20:50:56.8274862Z Container start method called.
2026-02-18T20:50:56.8275981Z State: Starting, Action: PullingImage, LastError: ContainerTimeout, LastErrorTimestamp: 02/18/2026 20:48:32, LastErrorDetails: Container did not start within expected time limit of 600s. Please inspect your container logs for more details., Details: Pulling image 10.1.0.5:13209/appsvc/python:3.11_20260203.2.tuxprod for options-scanner-backend-2exk6s., DetailsLevel: INFO
2026-02-18T20:50:56.8278440Z Establishing network.
2026-02-18T20:50:56.8280378Z Pulling image: appsvc/python:3.11_20260203.2.tuxprod.
2026-02-18T20:50:57.0131921Z Container is starting.
2026-02-18T20:50:57.0145607Z State: Starting, Action: MountingVolumes, LastError: ContainerTimeout, LastErrorTimestamp: 02/18/2026 20:48:32, LastErrorDetails: Container did not start within expected time limit of 600s. Please inspect your container logs for more details., Details: Mounting volumes for options-scanner-backend-2exk6s., DetailsLevel: INFO
2026-02-18T20:50:57.0151715Z Establishing user namespace if not established already.
2026-02-18T20:50:57.0157244Z Establishing network if not established already.
2026-02-18T20:50:57.0234934Z Mounting volumes.
2026-02-18T20:50:57.0238742Z Nested mountpoint 
2026-02-18T20:50:57.0611715Z Nested mountpoint volatile/logs
2026-02-18T20:50:57.0912061Z Nested mountpoint 
2026-02-18T20:50:57.1594722Z Nested mountpoint 
2026-02-18T20:50:57.1766119Z Nested mountpoint 
2026-02-18T20:50:57.9023060Z State: Starting, Action: CreatingContainer, LastError: ContainerTimeout, LastErrorTimestamp: 02/18/2026 20:48:32, LastErrorDetails: Container did not start within expected time limit of 600s. Please inspect your container logs for more details., Details: Finished pulling container image and mounting volumes for options-scanner-backend-2exk6s. Allocatinng the rest of the container resources to finish container creation., DetailsLevel: INFO
2026-02-18T20:50:57.9024883Z Creating container.
2026-02-18T20:50:57.9026063Z Creating pipes for streaming container io.
2026-02-18T20:50:57.9027111Z Creating stdout named pipe at /podr/container/pipe/bd6cb81ad5ce_options-scanner-backend-2exk6s/stdout_9da655fbce394abdb0ff7d8b0012b158.
2026-02-18T20:50:57.9030877Z Successfully created stdout named pipe at: /podr/container/pipe/bd6cb81ad5ce_options-scanner-backend-2exk6s/stdout_9da655fbce394abdb0ff7d8b0012b158.
2026-02-18T20:50:57.9032083Z Opening named pipe /podr/container/pipe/bd6cb81ad5ce_options-scanner-backend-2exk6s/stdout_9da655fbce394abdb0ff7d8b0012b158 for reading in non-blocking mode.
2026-02-18T20:50:57.9035107Z Successfully opened named pipe: /podr/container/pipe/bd6cb81ad5ce_options-scanner-backend-2exk6s/stdout_9da655fbce394abdb0ff7d8b0012b158.
2026-02-18T20:50:57.9036322Z Successfully removed non-blocking flag from /podr/container/pipe/bd6cb81ad5ce_options-scanner-backend-2exk6s/stdout_9da655fbce394abdb0ff7d8b0012b158.
2026-02-18T20:50:57.9223479Z Creating stderr named pipe at /podr/container/pipe/bd6cb81ad5ce_options-scanner-backend-2exk6s/stderr_0f76b3f716354ab29e3dd09107955f6f.
2026-02-18T20:50:57.9237496Z Successfully created stderr named pipe at: /podr/container/pipe/bd6cb81ad5ce_options-scanner-backend-2exk6s/stderr_0f76b3f716354ab29e3dd09107955f6f.
2026-02-18T20:50:57.9247860Z Opening named pipe /podr/container/pipe/bd6cb81ad5ce_options-scanner-backend-2exk6s/stderr_0f76b3f716354ab29e3dd09107955f6f for reading in non-blocking mode.
2026-02-18T20:50:57.9423672Z Successfully opened named pipe: /podr/container/pipe/bd6cb81ad5ce_options-scanner-backend-2exk6s/stderr_0f76b3f716354ab29e3dd09107955f6f.
2026-02-18T20:50:57.9721791Z Successfully removed non-blocking flag from /podr/container/pipe/bd6cb81ad5ce_options-scanner-backend-2exk6s/stderr_0f76b3f716354ab29e3dd09107955f6f.
2026-02-18T20:50:57.9729370Z Creating container with image: appsvc/python:3.11_20260203.2.tuxprod from registry: 10.1.0.5:13209 and fully qualified image name: 10.1.0.5:13209/appsvc/python:3.11_20260203.2.tuxprod
2026-02-18T20:50:59.2018447Z Starting container: bd6cb81ad5ce_options-scanner-backend-2exk6s.
2026-02-18T20:50:59.3080067Z Starting watchers and probes.
2026-02-18T20:50:59.3172654Z Starting metrics collection.
2026-02-18T20:50:59.3174363Z Container is running.
2026-02-18T20:50:59.3175181Z State: Starting, Action: CreatingContainer, LastError: ContainerTimeout, LastErrorTimestamp: 02/18/2026 20:48:32, LastErrorDetails: Container did not start within expected time limit of 600s. Please inspect your container logs for more details., Details: Container options-scanner-backend-2exk6s successfully created and is running., DetailsLevel: INFO
2026-02-18T20:50:59.4888863Z Container start method finished after 2661 ms.
2026-02-18T20:50:59.5637185Z State: Starting, Action: InitiatingSiteWarmUpProbe, LastError: ContainerTimeout, LastErrorTimestamp: 02/18/2026 20:48:32, LastErrorDetails: Container did not start within expected time limit of 600s. Please inspect your container logs for more details., Details: Container options-scanner-backend-2exk6s successfully created and is running., DetailsLevel: INFO
2026-02-18T20:50:59.5641443Z State: Starting, Action: WaitingForSiteWarmUpProbeSuccess, LastError: ContainerTimeout, LastErrorTimestamp: 02/18/2026 20:48:32, LastErrorDetails: Container did not start within expected time limit of 600s. Please inspect your container logs for more details., Details: Pinging warmup path to ensure container is ready to receive requests., DetailsLevel: INFO
2026-02-18T20:51:31.9182263Z Container has finished running with exit code: 127.
2026-02-18T20:51:31.9183549Z Container is terminating. Grace period: 5 seconds.
2026-02-18T20:51:31.9262465Z Stop and delete container. Retry count = 0
2026-02-18T20:51:31.9263648Z Stopping container: bd6cb81ad5ce_options-scanner-backend-2exk6s.
2026-02-18T20:51:32.0444144Z Deleting container: bd6cb81ad5ce_options-scanner-backend-2exk6s. Retry count = 0
2026-02-18T20:51:32.3583872Z Container spec TerminationMessagePolicy  path 
2026-02-18T20:51:32.3758707Z Container is terminated. Total time elapsed: 457 ms.
2026-02-18T20:51:32.3833936Z Site container: options-scanner-backend-2exk6s terminated during site startup.
2026-02-18T20:51:32.3854507Z State: Stopping, Action: CancellingStartup, LastError: ContainerTimeout, LastErrorTimestamp: 02/18/2026 20:48:32, LastErrorDetails: Container did not start within expected time limit of 600s. Please inspect your container logs for more details., Details: Site container: options-scanner-backend-2exk6s terminated during site startup. Cancelling site startup., DetailsLevel: ERR
2026-02-18T20:51:33.0176956Z Site startup probe failed after 33.443568 seconds.
2026-02-18T20:51:34.3596195Z State: Stopping, Action: CancellingStartup, LastError: ContainerTimeout, LastErrorTimestamp: 02/18/2026 20:51:34, LastErrorDetails: Container did not start within expected time limit of 600s. Please inspect your container logs for more details., Details: Site container: options-scanner-backend-2exk6s terminated during site startup. Cancelling site startup., DetailsLevel: ERR
2026-02-18T20:51:34.3995917Z Failed to start site. Revert by stopping site.
2026-02-18T20:51:34.4001653Z State: Stopping, Action: StoppingSite, LastError: ContainerTimeout, LastErrorTimestamp: 02/18/2026 20:51:34, LastErrorDetails: Container did not start within expected time limit of 600s. Please inspect your container logs for more details., Details: Site container: options-scanner-backend-2exk6s terminated during site startup. Cancelling site startup., DetailsLevel: ERR
2026-02-18T20:51:34.4075674Z State: Stopping, Action: StoppingSiteContainers, LastError: ContainerTimeout, LastErrorTimestamp: 02/18/2026 20:51:34, LastErrorDetails: Container did not start within expected time limit of 600s. Please inspect your container logs for more details., Details: Site container: options-scanner-backend-2exk6s terminated during site startup. Cancelling site startup., DetailsLevel: ERR
2026-02-18T20:51:34.4076249Z Site: options-scanner-backend-2exk6s stopped.
2026-02-18T20:51:34.4428965Z State: Stopping, Action: UnmountingVolumes, LastError: ContainerTimeout, LastErrorTimestamp: 02/18/2026 20:51:34, LastErrorDetails: Container did not start within expected time limit of 600s. Please inspect your container logs for more details., Details: Site container: options-scanner-backend-2exk6s terminated during site startup. Cancelling site startup., DetailsLevel: ERR
2026-02-18T20:51:36.3835955Z Site container: options-scanner-backend-2exk6s_managedIdentity terminated during site startup.
2026-02-18T20:51:36.3837731Z State: Stopping, Action: UnmountingVolumes, LastError: ContainerTimeout, LastErrorTimestamp: 02/18/2026 20:51:34, LastErrorDetails: Container did not start within expected time limit of 600s. Please inspect your container logs for more details., Details: Site container: options-scanner-backend-2exk6s terminated during site startup. Cancelling site startup., DetailsLevel: ERR
2026-02-18T20:51:36.4678946Z State: Stopping, Action: StoppingSiteNetworks, LastError: ContainerTimeout, LastErrorTimestamp: 02/18/2026 20:51:34, LastErrorDetails: Container did not start within expected time limit of 600s. Please inspect your container logs for more details., Details: Site container: options-scanner-backend-2exk6s terminated during site startup. Cancelling site startup., DetailsLevel: ERR
2026-02-18T20:51:37.2066038Z Site: options-scanner-backend-2exk6s will be blocked for 1 minutes till 02/18/2026 20:52:37
2026-02-18T20:51:37.2067776Z State: Blocked, Action: StoppingSiteNetworks, LastError: ContainerTimeout, LastErrorTimestamp: 02/18/2026 20:51:34, LastErrorDetails: Container did not start within expected time limit of 600s. Please inspect your container logs for more details., Details: Site: options-scanner-backend-2exk6s will be blocked for 1 minutes till 02/18/2026 20:52:37, DetailsLevel: WARN
2026-02-18T20:51:37.2070967Z State: Stopped, Action: None, LastError: ContainerTimeout, LastErrorTimestamp: 02/18/2026 20:51:34, LastErrorDetails: Container did not start within expected time limit of 600s. Please inspect your container logs for more details., Details: Site stopped at 02/18/2026 20:51:37 (UTC), DetailsLevel: WARN
2026-02-18T20:51:37.4545729Z State: Stopped, Action: None, LastError: ContainerTimeout, LastErrorTimestamp: 02/18/2026 20:51:34, LastErrorDetails: Container did not start within expected time limit of 600s. Please inspect your container logs for more details., Details: Site stopped at 02/18/2026 20:51:37 (UTC), DetailsLevel: WARN
2026-02-18T20:51:42.5781108Z State: Blocked, Action: None, LastError: ContainerTimeout, LastErrorTimestamp: 02/18/2026 20:51:34, LastErrorDetails: Container did not start within expected time limit of 600s. Please inspect your container logs for more details., Details: Site is blocked due to multiple, consecutive cold start failures. Site scheduled to be unblocked at 02/18/2026 20:52:37, DetailsLevel: WARN
2026-02-18T20:51:42.5781710Z Start site prohibitted because the site is being blocked.
2026-02-18T20:52:37.2145082Z Site: options-scanner-backend-2exk6s is unblocked.
2026-02-18T20:53:47.1620430Z State: Starting, Action: EstablishingSiteNetworks, LastError: ContainerTimeout, LastErrorTimestamp: 02/18/2026 20:51:34, LastErrorDetails: Container did not start within expected time limit of 600s. Please inspect your container logs for more details., Details: Site is blocked due to multiple, consecutive cold start failures. Site scheduled to be unblocked at 02/18/2026 20:52:37, DetailsLevel: WARN
2026-02-18T20:53:52.6624259Z State: Starting, Action: StartingMsiContainer, LastError: ContainerTimeout, LastErrorTimestamp: 02/18/2026 20:51:34, LastErrorDetails: Container did not start within expected time limit of 600s. Please inspect your container logs for more details., Details: Site is blocked due to multiple, consecutive cold start failures. Site scheduled to be unblocked at 02/18/2026 20:52:37, DetailsLevel: WARN
2026-02-18T20:54:12.7795176Z State: Starting, Action: StartingSiteContainers, LastError: ContainerTimeout, LastErrorTimestamp: 02/18/2026 20:51:34, LastErrorDetails: Container did not start within expected time limit of 600s. Please inspect your container logs for more details., Details: Site is blocked due to multiple, consecutive cold start failures. Site scheduled to be unblocked at 02/18/2026 20:52:37, DetailsLevel: WARN
2026-02-18T20:54:12.7861546Z Container start method called.
2026-02-18T20:54:12.7863623Z State: Starting, Action: PullingImage, LastError: ContainerTimeout, LastErrorTimestamp: 02/18/2026 20:51:34, LastErrorDetails: Container did not start within expected time limit of 600s. Please inspect your container logs for more details., Details: Pulling image 10.1.0.5:13209/appsvc/python:3.11_20260203.2.tuxprod for options-scanner-backend-2exk6s., DetailsLevel: INFO
2026-02-18T20:54:12.7869055Z Establishing network.
2026-02-18T20:54:12.7871259Z Pulling image: appsvc/python:3.11_20260203.2.tuxprod.
2026-02-18T20:54:13.4764657Z Container is starting.
2026-02-18T20:54:13.4850361Z State: Starting, Action: MountingVolumes, LastError: ContainerTimeout, LastErrorTimestamp: 02/18/2026 20:51:34, LastErrorDetails: Container did not start within expected time limit of 600s. Please inspect your container logs for more details., Details: Mounting volumes for options-scanner-backend-2exk6s., DetailsLevel: INFO
2026-02-18T20:54:13.5231116Z Establishing user namespace if not established already.
2026-02-18T20:54:13.5250016Z Establishing network if not established already.
2026-02-18T20:54:13.5339901Z Mounting volumes.
2026-02-18T20:54:13.5530558Z Nested mountpoint 
2026-02-18T20:54:13.6146409Z Nested mountpoint volatile/logs
2026-02-18T20:54:13.7769226Z Nested mountpoint 
2026-02-18T20:54:13.8838979Z Nested mountpoint 
2026-02-18T20:54:14.0514510Z Nested mountpoint 
2026-02-18T20:54:15.0991755Z State: Starting, Action: CreatingContainer, LastError: ContainerTimeout, LastErrorTimestamp: 02/18/2026 20:51:34, LastErrorDetails: Container did not start within expected time limit of 600s. Please inspect your container logs for more details., Details: Finished pulling container image and mounting volumes for options-scanner-backend-2exk6s. Allocatinng the rest of the container resources to finish container creation., DetailsLevel: INFO
2026-02-18T20:54:15.1010033Z Creating container.
2026-02-18T20:54:15.1106041Z Creating pipes for streaming container io.
2026-02-18T20:54:15.1585970Z Creating stdout named pipe at /podr/container/pipe/6c95d411814d_options-scanner-backend-2exk6s/stdout_a5e3e5be08d349eb977c80b65715e21c.
2026-02-18T20:54:15.1588889Z Successfully created stdout named pipe at: /podr/container/pipe/6c95d411814d_options-scanner-backend-2exk6s/stdout_a5e3e5be08d349eb977c80b65715e21c.
2026-02-18T20:54:15.1590363Z Opening named pipe /podr/container/pipe/6c95d411814d_options-scanner-backend-2exk6s/stdout_a5e3e5be08d349eb977c80b65715e21c for reading in non-blocking mode.
2026-02-18T20:54:15.1592603Z Successfully opened named pipe: /podr/container/pipe/6c95d411814d_options-scanner-backend-2exk6s/stdout_a5e3e5be08d349eb977c80b65715e21c.
2026-02-18T20:54:15.1593710Z Successfully removed non-blocking flag from /podr/container/pipe/6c95d411814d_options-scanner-backend-2exk6s/stdout_a5e3e5be08d349eb977c80b65715e21c.
2026-02-18T20:54:15.1595155Z Creating stderr named pipe at /podr/container/pipe/6c95d411814d_options-scanner-backend-2exk6s/stderr_57dae8841b814f80898ecdfa099fc092.
2026-02-18T20:54:15.1596758Z Successfully created stderr named pipe at: /podr/container/pipe/6c95d411814d_options-scanner-backend-2exk6s/stderr_57dae8841b814f80898ecdfa099fc092.
2026-02-18T20:54:15.1597770Z Opening named pipe /podr/container/pipe/6c95d411814d_options-scanner-backend-2exk6s/stderr_57dae8841b814f80898ecdfa099fc092 for reading in non-blocking mode.
2026-02-18T20:54:15.1598982Z Successfully opened named pipe: /podr/container/pipe/6c95d411814d_options-scanner-backend-2exk6s/stderr_57dae8841b814f80898ecdfa099fc092.
2026-02-18T20:54:15.1600040Z Successfully removed non-blocking flag from /podr/container/pipe/6c95d411814d_options-scanner-backend-2exk6s/stderr_57dae8841b814f80898ecdfa099fc092.
2026-02-18T20:54:15.2278393Z Creating container with image: appsvc/python:3.11_20260203.2.tuxprod from registry: 10.1.0.5:13209 and fully qualified image name: 10.1.0.5:13209/appsvc/python:3.11_20260203.2.tuxprod
2026-02-18T20:54:17.7954141Z Starting container: 6c95d411814d_options-scanner-backend-2exk6s.
2026-02-18T20:54:18.1957351Z Starting watchers and probes.
2026-02-18T20:54:18.2533231Z Starting metrics collection.
2026-02-18T20:54:18.2544940Z Container is running.
2026-02-18T20:54:18.2546382Z State: Starting, Action: CreatingContainer, LastError: ContainerTimeout, LastErrorTimestamp: 02/18/2026 20:51:34, LastErrorDetails: Container did not start within expected time limit of 600s. Please inspect your container logs for more details., Details: Container options-scanner-backend-2exk6s successfully created and is running., DetailsLevel: INFO
2026-02-18T20:54:18.5727345Z Container start method finished after 5786 ms.
2026-02-18T20:54:18.5823424Z State: Starting, Action: InitiatingSiteWarmUpProbe, LastError: ContainerTimeout, LastErrorTimestamp: 02/18/2026 20:51:34, LastErrorDetails: Container did not start within expected time limit of 600s. Please inspect your container logs for more details., Details: Container options-scanner-backend-2exk6s successfully created and is running., DetailsLevel: INFO
2026-02-18T20:54:18.6206117Z State: Starting, Action: WaitingForSiteWarmUpProbeSuccess, LastError: ContainerTimeout, LastErrorTimestamp: 02/18/2026 20:51:34, LastErrorDetails: Container did not start within expected time limit of 600s. Please inspect your container logs for more details., Details: Pinging warmup path to ensure container is ready to receive requests., DetailsLevel: INFO
2026-02-18T20:55:12.4512677Z Container has finished running with exit code: 127.
2026-02-18T20:55:12.4577169Z Container is terminating. Grace period: 5 seconds.
2026-02-18T20:55:12.4608209Z Stop and delete container. Retry count = 0
2026-02-18T20:55:12.4674422Z Stopping container: 6c95d411814d_options-scanner-backend-2exk6s.
2026-02-18T20:55:12.6517952Z Deleting container: 6c95d411814d_options-scanner-backend-2exk6s. Retry count = 0
2026-02-18T20:55:13.0543287Z Container spec TerminationMessagePolicy  path 
2026-02-18T20:55:13.0748610Z Container is terminated. Total time elapsed: 613 ms.
2026-02-18T20:55:13.0824889Z Site container: options-scanner-backend-2exk6s terminated during site startup.
2026-02-18T20:55:13.0923439Z State: Stopping, Action: CancellingStartup, LastError: ContainerTimeout, LastErrorTimestamp: 02/18/2026 20:51:34, LastErrorDetails: Container did not start within expected time limit of 600s. Please inspect your container logs for more details., Details: Site container: options-scanner-backend-2exk6s terminated during site startup. Cancelling site startup., DetailsLevel: ERR
2026-02-18T20:55:13.3166065Z Site startup probe failed after 54.6953647 seconds.
2026-02-18T20:55:14.2107197Z State: Stopping, Action: CancellingStartup, LastError: ContainerTimeout, LastErrorTimestamp: 02/18/2026 20:55:14, LastErrorDetails: Container did not start within expected time limit of 600s. Please inspect your container logs for more details., Details: Site container: options-scanner-backend-2exk6s terminated during site startup. Cancelling site startup., DetailsLevel: ERR
2026-02-18T20:55:14.2399147Z Failed to start site. Revert by stopping site.
2026-02-18T20:55:14.2728366Z State: Stopping, Action: StoppingSite, LastError: ContainerTimeout, LastErrorTimestamp: 02/18/2026 20:55:14, LastErrorDetails: Container did not start within expected time limit of 600s. Please inspect your container logs for more details., Details: Site container: options-scanner-backend-2exk6s terminated during site startup. Cancelling site startup., DetailsLevel: ERR
2026-02-18T20:55:14.2799399Z State: Stopping, Action: StoppingSiteContainers, LastError: ContainerTimeout, LastErrorTimestamp: 02/18/2026 20:55:14, LastErrorDetails: Container did not start within expected time limit of 600s. Please inspect your container logs for more details., Details: Site container: options-scanner-backend-2exk6s terminated during site startup. Cancelling site startup., DetailsLevel: ERR
2026-02-18T20:55:14.2799629Z Site: options-scanner-backend-2exk6s stopped.
2026-02-18T20:58:13.6530424Z State: Starting, Action: EstablishingSiteNetworks, LastError: ContainerTimeout, LastErrorTimestamp: 02/18/2026 20:55:14, LastErrorDetails: Container did not start within expected time limit of 600s. Please inspect your container logs for more details., Details: Site stopped at 02/18/2026 20:55:18 (UTC), DetailsLevel: WARN
2026-02-18T20:58:17.3143539Z State: Starting, Action: StartingMsiContainer, LastError: ContainerTimeout, LastErrorTimestamp: 02/18/2026 20:55:14, LastErrorDetails: Container did not start within expected time limit of 600s. Please inspect your container logs for more details., Details: Site stopped at 02/18/2026 20:55:18 (UTC), DetailsLevel: WARN
2026-02-18T20:58:31.1135182Z State: Starting, Action: StartingSiteContainers, LastError: ContainerTimeout, LastErrorTimestamp: 02/18/2026 20:55:14, LastErrorDetails: Container did not start within expected time limit of 600s. Please inspect your container logs for more details., Details: Site stopped at 02/18/2026 20:55:18 (UTC), DetailsLevel: WARN
2026-02-18T20:58:31.1137029Z Container start method called.
2026-02-18T20:58:31.1137576Z State: Starting, Action: PullingImage, LastError: ContainerTimeout, LastErrorTimestamp: 02/18/2026 20:55:14, LastErrorDetails: Container did not start within expected time limit of 600s. Please inspect your container logs for more details., Details: Pulling image 10.1.0.5:13209/appsvc/python:3.11_20260203.2.tuxprod for options-scanner-backend-2exk6s., DetailsLevel: INFO
2026-02-18T20:58:31.1261000Z Establishing network.
2026-02-18T20:58:31.1262848Z Pulling image: appsvc/python:3.11_20260203.2.tuxprod.
2026-02-18T20:58:31.4117881Z Container is starting.
2026-02-18T20:58:31.4130182Z State: Starting, Action: MountingVolumes, LastError: ContainerTimeout, LastErrorTimestamp: 02/18/2026 20:55:14, LastErrorDetails: Container did not start within expected time limit of 600s. Please inspect your container logs for more details., Details: Mounting volumes for options-scanner-backend-2exk6s., DetailsLevel: INFO
2026-02-18T20:58:31.4305592Z Establishing user namespace if not established already.
2026-02-18T20:58:31.4307722Z Establishing network if not established already.
2026-02-18T20:58:31.4309323Z Mounting volumes.
2026-02-18T20:58:31.4311018Z Nested mountpoint 
2026-02-18T20:58:31.5285574Z Nested mountpoint volatile/logs
2026-02-18T20:58:31.5783308Z Nested mountpoint 
2026-02-18T20:58:31.7464838Z Nested mountpoint 
2026-02-18T20:58:31.8726506Z Nested mountpoint 
2026-02-18T20:58:32.2774975Z State: Starting, Action: CreatingContainer, LastError: ContainerTimeout, LastErrorTimestamp: 02/18/2026 20:55:14, LastErrorDetails: Container did not start within expected time limit of 600s. Please inspect your container logs for more details., Details: Finished pulling container image and mounting volumes for options-scanner-backend-2exk6s. Allocatinng the rest of the container resources to finish container creation., DetailsLevel: INFO
2026-02-18T20:58:32.2779133Z Creating container.
2026-02-18T20:58:32.2780412Z Creating pipes for streaming container io.
2026-02-18T20:58:32.2782026Z Creating stdout named pipe at /podr/container/pipe/cf6ac117f133_options-scanner-backend-2exk6s/stdout_4f817a0b94af41bda09eb08142dd8add.
2026-02-18T20:58:32.2784212Z Successfully created stdout named pipe at: /podr/container/pipe/cf6ac117f133_options-scanner-backend-2exk6s/stdout_4f817a0b94af41bda09eb08142dd8add.
2026-02-18T20:58:32.2785224Z Opening named pipe /podr/container/pipe/cf6ac117f133_options-scanner-backend-2exk6s/stdout_4f817a0b94af41bda09eb08142dd8add for reading in non-blocking mode.
2026-02-18T20:58:32.3037033Z Successfully opened named pipe: /podr/container/pipe/cf6ac117f133_options-scanner-backend-2exk6s/stdout_4f817a0b94af41bda09eb08142dd8add.
2026-02-18T20:58:32.3050271Z Successfully removed non-blocking flag from /podr/container/pipe/cf6ac117f133_options-scanner-backend-2exk6s/stdout_4f817a0b94af41bda09eb08142dd8add.
2026-02-18T20:58:32.3058994Z Creating stderr named pipe at /podr/container/pipe/cf6ac117f133_options-scanner-backend-2exk6s/stderr_d94a5da1646f480d89868835acccf642.
2026-02-18T20:58:32.3100262Z Successfully created stderr named pipe at: /podr/container/pipe/cf6ac117f133_options-scanner-backend-2exk6s/stderr_d94a5da1646f480d89868835acccf642.
2026-02-18T20:58:32.3169183Z Opening named pipe /podr/container/pipe/cf6ac117f133_options-scanner-backend-2exk6s/stderr_d94a5da1646f480d89868835acccf642 for reading in non-blocking mode.
2026-02-18T20:58:32.3191853Z Successfully opened named pipe: /podr/container/pipe/cf6ac117f133_options-scanner-backend-2exk6s/stderr_d94a5da1646f480d89868835acccf642.
2026-02-18T20:58:32.3263900Z Successfully removed non-blocking flag from /podr/container/pipe/cf6ac117f133_options-scanner-backend-2exk6s/stderr_d94a5da1646f480d89868835acccf642.
2026-02-18T20:58:32.3266284Z Creating container with image: appsvc/python:3.11_20260203.2.tuxprod from registry: 10.1.0.5:13209 and fully qualified image name: 10.1.0.5:13209/appsvc/python:3.11_20260203.2.tuxprod
2026-02-18T20:58:33.4307248Z Starting container: cf6ac117f133_options-scanner-backend-2exk6s.
2026-02-18T20:58:33.6110752Z Starting watchers and probes.
2026-02-18T20:58:33.6186321Z Starting metrics collection.
2026-02-18T20:58:33.6201557Z Container is running.
2026-02-18T20:58:33.6205791Z State: Starting, Action: CreatingContainer, LastError: ContainerTimeout, LastErrorTimestamp: 02/18/2026 20:55:14, LastErrorDetails: Container did not start within expected time limit of 600s. Please inspect your container logs for more details., Details: Container options-scanner-backend-2exk6s successfully created and is running., DetailsLevel: INFO
2026-02-18T20:58:33.8435712Z Container start method finished after 2723 ms.
2026-02-18T20:58:33.8639091Z State: Starting, Action: InitiatingSiteWarmUpProbe, LastError: ContainerTimeout, LastErrorTimestamp: 02/18/2026 20:55:14, LastErrorDetails: Container did not start within expected time limit of 600s. Please inspect your container logs for more details., Details: Container options-scanner-backend-2exk6s successfully created and is running., DetailsLevel: INFO
2026-02-18T20:58:33.8641189Z State: Starting, Action: WaitingForSiteWarmUpProbeSuccess, LastError: ContainerTimeout, LastErrorTimestamp: 02/18/2026 20:55:14, LastErrorDetails: Container did not start within expected time limit of 600s. Please inspect your container logs for more details., Details: Pinging warmup path to ensure container is ready to receive requests., DetailsLevel: INFO
2026-02-18T20:59:05.2584141Z Container has finished running with exit code: 127.
2026-02-18T20:59:05.2586389Z Container is terminating. Grace period: 5 seconds.
2026-02-18T20:59:05.2693412Z Stop and delete container. Retry count = 0
2026-02-18T20:59:05.2783057Z Stopping container: cf6ac117f133_options-scanner-backend-2exk6s.
2026-02-18T20:59:05.4226110Z Deleting container: cf6ac117f133_options-scanner-backend-2exk6s. Retry count = 0
2026-02-18T20:59:05.9935321Z Container spec TerminationMessagePolicy  path 
2026-02-18T20:59:06.0026046Z Container is terminated. Total time elapsed: 742 ms.
2026-02-18T20:59:06.0110147Z Site container: options-scanner-backend-2exk6s terminated during site startup.
2026-02-18T20:59:06.0125942Z State: Stopping, Action: CancellingStartup, LastError: ContainerTimeout, LastErrorTimestamp: 02/18/2026 20:55:14, LastErrorDetails: Container did not start within expected time limit of 600s. Please inspect your container logs for more details., Details: Site container: options-scanner-backend-2exk6s terminated during site startup. Cancelling site startup., DetailsLevel: ERR
2026-02-18T20:59:06.3156366Z Site startup probe failed after 32.3833651 seconds.
2026-02-18T20:59:07.7720240Z State: Stopping, Action: CancellingStartup, LastError: ContainerTimeout, LastErrorTimestamp: 02/18/2026 20:59:07, LastErrorDetails: Container did not start within expected time limit of 600s. Please inspect your container logs for more details., Details: Site container: options-scanner-backend-2exk6s terminated during site startup. Cancelling site startup., DetailsLevel: ERR
2026-02-18T20:59:07.8773623Z Failed to start site. Revert by stopping site.
2026-02-18T20:59:07.8871108Z State: Stopping, Action: StoppingSite, LastError: ContainerTimeout, LastErrorTimestamp: 02/18/2026 20:59:07, LastErrorDetails: Container did not start within expected time limit of 600s. Please inspect your container logs for more details., Details: Site container: options-scanner-backend-2exk6s terminated during site startup. Cancelling site startup., DetailsLevel: ERR
2026-02-18T20:59:08.1530493Z State: Stopping, Action: StoppingSiteContainers, LastError: ContainerTimeout, LastErrorTimestamp: 02/18/2026 20:59:07, LastErrorDetails: Container did not start within expected time limit of 600s. Please inspect your container logs for more details., Details: Site container: options-scanner-backend-2exk6s terminated during site startup. Cancelling site startup., DetailsLevel: ERR
2026-02-18T20:59:08.1545913Z Site: options-scanner-backend-2exk6s stopped.
2026-02-18T21:00:19.2079298Z State: Starting, Action: EstablishingSiteNetworks, LastError: ContainerTimeout, LastErrorTimestamp: 02/18/2026 20:59:07, LastErrorDetails: Container did not start within expected time limit of 600s. Please inspect your container logs for more details., Details: Site stopped at 02/18/2026 20:59:10 (UTC), DetailsLevel: ERR
2026-02-18T21:00:23.2907369Z State: Starting, Action: StartingMsiContainer, LastError: ContainerTimeout, LastErrorTimestamp: 02/18/2026 20:59:07, LastErrorDetails: Container did not start within expected time limit of 600s. Please inspect your container logs for more details., Details: Site stopped at 02/18/2026 20:59:10 (UTC), DetailsLevel: ERR
2026-02-18T21:00:41.7090933Z State: Starting, Action: StartingSiteContainers, LastError: ContainerTimeout, LastErrorTimestamp: 02/18/2026 20:59:07, LastErrorDetails: Container did not start within expected time limit of 600s. Please inspect your container logs for more details., Details: Site stopped at 02/18/2026 20:59:10 (UTC), DetailsLevel: ERR
2026-02-18T21:00:41.7096317Z Container start method called.
2026-02-18T21:00:41.7106084Z State: Starting, Action: PullingImage, LastError: ContainerTimeout, LastErrorTimestamp: 02/18/2026 20:59:07, LastErrorDetails: Container did not start within expected time limit of 600s. Please inspect your container logs for more details., Details: Pulling image 10.1.0.4:13209/appsvc/python:3.11_20260203.2.tuxprod for options-scanner-backend-2exk6s., DetailsLevel: INFO
2026-02-18T21:00:41.7108435Z Establishing network.
2026-02-18T21:00:41.7113225Z Pulling image: appsvc/python:3.11_20260203.2.tuxprod.
2026-02-18T21:00:41.9957233Z Container is starting.
2026-02-18T21:00:42.0119210Z State: Starting, Action: MountingVolumes, LastError: ContainerTimeout, LastErrorTimestamp: 02/18/2026 20:59:07, LastErrorDetails: Container did not start within expected time limit of 600s. Please inspect your container logs for more details., Details: Mounting volumes for options-scanner-backend-2exk6s., DetailsLevel: INFO
2026-02-18T21:00:42.0128815Z Establishing user namespace if not established already.
2026-02-18T21:00:42.0134974Z Establishing network if not established already.
2026-02-18T21:00:42.0140326Z Mounting volumes.
2026-02-18T21:00:42.0286494Z Nested mountpoint 
2026-02-18T21:00:42.1025764Z Nested mountpoint volatile/logs
2026-02-18T21:00:42.1527737Z Nested mountpoint 
2026-02-18T21:00:42.2626249Z Nested mountpoint 
2026-02-18T21:00:42.2645480Z Nested mountpoint 
2026-02-18T21:00:45.1183858Z State: Starting, Action: CreatingContainer, LastError: ContainerTimeout, LastErrorTimestamp: 02/18/2026 20:59:07, LastErrorDetails: Container did not start within expected time limit of 600s. Please inspect your container logs for more details., Details: Finished pulling container image and mounting volumes for options-scanner-backend-2exk6s. Allocatinng the rest of the container resources to finish container creation., DetailsLevel: INFO
2026-02-18T21:00:45.1186358Z Creating container.
2026-02-18T21:00:45.1480280Z Creating pipes for streaming container io.
2026-02-18T21:00:45.1582779Z Creating stdout named pipe at /podr/container/pipe/a30cfd145835_options-scanner-backend-2exk6s/stdout_5c7a9169368b48ea89a587a9c061cc90.
2026-02-18T21:00:45.1666198Z Successfully created stdout named pipe at: /podr/container/pipe/a30cfd145835_options-scanner-backend-2exk6s/stdout_5c7a9169368b48ea89a587a9c061cc90.
2026-02-18T21:00:45.1684101Z Opening named pipe /podr/container/pipe/a30cfd145835_options-scanner-backend-2exk6s/stdout_5c7a9169368b48ea89a587a9c061cc90 for reading in non-blocking mode.
2026-02-18T21:00:45.1958614Z Successfully opened named pipe: /podr/container/pipe/a30cfd145835_options-scanner-backend-2exk6s/stdout_5c7a9169368b48ea89a587a9c061cc90.
2026-02-18T21:00:45.1985276Z Successfully removed non-blocking flag from /podr/container/pipe/a30cfd145835_options-scanner-backend-2exk6s/stdout_5c7a9169368b48ea89a587a9c061cc90.
2026-02-18T21:00:45.2525910Z Creating stderr named pipe at /podr/container/pipe/a30cfd145835_options-scanner-backend-2exk6s/stderr_7e27e18e097c4d0a9b2dc534cf8de81d.
2026-02-18T21:00:45.2543502Z Successfully created stderr named pipe at: /podr/container/pipe/a30cfd145835_options-scanner-backend-2exk6s/stderr_7e27e18e097c4d0a9b2dc534cf8de81d.
2026-02-18T21:00:45.2545652Z Opening named pipe /podr/container/pipe/a30cfd145835_options-scanner-backend-2exk6s/stderr_7e27e18e097c4d0a9b2dc534cf8de81d for reading in non-blocking mode.
2026-02-18T21:00:45.2548338Z Successfully opened named pipe: /podr/container/pipe/a30cfd145835_options-scanner-backend-2exk6s/stderr_7e27e18e097c4d0a9b2dc534cf8de81d.
2026-02-18T21:00:45.2556175Z Successfully removed non-blocking flag from /podr/container/pipe/a30cfd145835_options-scanner-backend-2exk6s/stderr_7e27e18e097c4d0a9b2dc534cf8de81d.
2026-02-18T21:00:45.2899997Z Creating container with image: appsvc/python:3.11_20260203.2.tuxprod from registry: 10.1.0.4:13209 and fully qualified image name: 10.1.0.4:13209/appsvc/python:3.11_20260203.2.tuxprod
2026-02-18T21:00:45.4203950Z Container get mounts received unexpected exception.
2026-02-18T21:00:45.5733219Z Container get processes received unexpected exception.
2026-02-18T21:00:45.9669729Z Container get mounts received unexpected exception.
2026-02-18T21:00:46.1094901Z Container get processes received unexpected exception.
2026-02-18T21:00:47.9439336Z Starting container: a30cfd145835_options-scanner-backend-2exk6s.
2026-02-18T21:00:48.1238630Z Starting watchers and probes.
2026-02-18T21:00:48.1246938Z Starting metrics collection.
2026-02-18T21:00:48.1319696Z Container is running.
2026-02-18T21:00:48.1337621Z State: Starting, Action: CreatingContainer, LastError: ContainerTimeout, LastErrorTimestamp: 02/18/2026 20:59:07, LastErrorDetails: Container did not start within expected time limit of 600s. Please inspect your container logs for more details., Details: Container options-scanner-backend-2exk6s successfully created and is running., DetailsLevel: INFO
2026-02-18T21:00:48.5275140Z Container start method finished after 6817 ms.
2026-02-18T21:00:48.5287693Z State: Starting, Action: InitiatingSiteWarmUpProbe, LastError: ContainerTimeout, LastErrorTimestamp: 02/18/2026 20:59:07, LastErrorDetails: Container did not start within expected time limit of 600s. Please inspect your container logs for more details., Details: Container options-scanner-backend-2exk6s successfully created and is running., DetailsLevel: INFO
2026-02-18T21:00:48.5564393Z State: Starting, Action: WaitingForSiteWarmUpProbeSuccess, LastError: ContainerTimeout, LastErrorTimestamp: 02/18/2026 20:59:07, LastErrorDetails: Container did not start within expected time limit of 600s. Please inspect your container logs for more details., Details: Pinging warmup path to ensure container is ready to receive requests., DetailsLevel: INFO
2026-02-18T21:01:31.9021388Z Container has finished running with exit code: 127.
2026-02-18T21:01:31.9023070Z Container is terminating. Grace period: 5 seconds.
2026-02-18T21:01:31.9027338Z Stop and delete container. Retry count = 0
2026-02-18T21:01:31.9028430Z Stopping container: a30cfd145835_options-scanner-backend-2exk6s.
2026-02-18T21:01:32.0637744Z Deleting container: a30cfd145835_options-scanner-backend-2exk6s. Retry count = 0
2026-02-18T21:01:32.5039308Z Container spec TerminationMessagePolicy  path 
2026-02-18T21:01:32.5143892Z Container is terminated. Total time elapsed: 603 ms.
2026-02-18T21:01:32.5241314Z Site container: options-scanner-backend-2exk6s terminated during site startup.
2026-02-18T21:01:32.5242664Z State: Stopping, Action: CancellingStartup, LastError: ContainerTimeout, LastErrorTimestamp: 02/18/2026 20:59:07, LastErrorDetails: Container did not start within expected time limit of 600s. Please inspect your container logs for more details., Details: Site container: options-scanner-backend-2exk6s terminated during site startup. Cancelling site startup., DetailsLevel: ERR
2026-02-18T21:01:32.7516249Z Site startup probe failed after 44.194565 seconds.
2026-02-18T21:01:33.7117216Z State: Stopping, Action: CancellingStartup, LastError: ContainerTimeout, LastErrorTimestamp: 02/18/2026 21:01:33, LastErrorDetails: Container did not start within expected time limit of 600s. Please inspect your container logs for more details., Details: Site container: options-scanner-backend-2exk6s terminated during site startup. Cancelling site startup., DetailsLevel: ERR
2026-02-18T21:01:33.7732233Z Failed to start site. Revert by stopping site.
2026-02-18T21:01:33.8020873Z State: Stopping, Action: StoppingSite, LastError: ContainerTimeout, LastErrorTimestamp: 02/18/2026 21:01:33, LastErrorDetails: Container did not start within expected time limit of 600s. Please inspect your container logs for more details., Details: Site container: options-scanner-backend-2exk6s terminated during site startup. Cancelling site startup., DetailsLevel: ERR
2026-02-18T21:01:33.8509644Z State: Stopping, Action: StoppingSiteContainers, LastError: ContainerTimeout, LastErrorTimestamp: 02/18/2026 21:01:33, LastErrorDetails: Container did not start within expected time limit of 600s. Please inspect your container logs for more details., Details: Site container: options-scanner-backend-2exk6s terminated during site startup. Cancelling site startup., DetailsLevel: ERR
2026-02-18T21:01:33.8599926Z Site: options-scanner-backend-2exk6s stopped.
2026-02-18T21:01:33.9100135Z State: Stopping, Action: UnmountingVolumes, LastError: ContainerTimeout, LastErrorTimestamp: 02/18/2026 21:01:33, LastErrorDetails: Container did not start within expected time limit of 600s. Please inspect your container logs for more details., Details: Site container: options-scanner-backend-2exk6s terminated during site startup. Cancelling site startup., DetailsLevel: ERR
2026-02-18T21:01:37.0773949Z Site container: options-scanner-backend-2exk6s_managedIdentity terminated during site startup.
2026-02-18T21:01:37.0776185Z State: Stopping, Action: UnmountingVolumes, LastError: ContainerTimeout, LastErrorTimestamp: 02/18/2026 21:01:33, LastErrorDetails: Container did not start within expected time limit of 600s. Please inspect your container logs for more details., Details: Site container: options-scanner-backend-2exk6s terminated during site startup. Cancelling site startup., DetailsLevel: ERR
2026-02-18T21:01:37.3515109Z State: Stopping, Action: StoppingSiteNetworks, LastError: ContainerTimeout, LastErrorTimestamp: 02/18/2026 21:01:33, LastErrorDetails: Container did not start within expected time limit of 600s. Please inspect your container logs for more details., Details: Site container: options-scanner-backend-2exk6s terminated during site startup. Cancelling site startup., DetailsLevel: ERR
2026-02-18T21:01:37.8994763Z State: Stopped, Action: None, LastError: ContainerTimeout, LastErrorTimestamp: 02/18/2026 21:01:33, LastErrorDetails: Container did not start within expected time limit of 600s. Please inspect your container logs for more details., Details: Site stopped at 02/18/2026 21:01:37 (UTC), DetailsLevel: ERR
2026-02-18T21:01:38.5632908Z State: Stopped, Action: None, LastError: ContainerTimeout, LastErrorTimestamp: 02/18/2026 21:01:33, LastErrorDetails: Container did not start within expected time limit of 600s. Please inspect your container logs for more details., Details: Site stopped at 02/18/2026 21:01:37 (UTC), DetailsLevel: ERR
2026-02-18T21:01:38.9985226Z State: Starting, Action: EstablishingSiteNetworks, LastError: ContainerTimeout, LastErrorTimestamp: 02/18/2026 21:01:33, LastErrorDetails: Container did not start within expected time limit of 600s. Please inspect your container logs for more details., Details: Site stopped at 02/18/2026 21:01:37 (UTC), DetailsLevel: ERR
2026-02-18T21:01:46.7597513Z State: Starting, Action: StartingMsiContainer, LastError: ContainerTimeout, LastErrorTimestamp: 02/18/2026 21:01:33, LastErrorDetails: Container did not start within expected time limit of 600s. Please inspect your container logs for more details., Details: Site stopped at 02/18/2026 21:01:37 (UTC), DetailsLevel: ERR
2026-02-18T21:02:05.3302833Z State: Starting, Action: StartingSiteContainers, LastError: ContainerTimeout, LastErrorTimestamp: 02/18/2026 21:01:33, LastErrorDetails: Container did not start within expected time limit of 600s. Please inspect your container logs for more details., Details: Site stopped at 02/18/2026 21:01:37 (UTC), DetailsLevel: ERR
2026-02-18T21:02:05.3306393Z Container start method called.
2026-02-18T21:02:05.3307815Z State: Starting, Action: PullingImage, LastError: ContainerTimeout, LastErrorTimestamp: 02/18/2026 21:01:33, LastErrorDetails: Container did not start within expected time limit of 600s. Please inspect your container logs for more details., Details: Pulling image 10.1.0.4:13209/appsvc/python:3.11_20260203.2.tuxprod for options-scanner-backend-2exk6s., DetailsLevel: INFO
2026-02-18T21:02:05.3466552Z Establishing network.
2026-02-18T21:02:05.3469104Z Pulling image: appsvc/python:3.11_20260203.2.tuxprod.
2026-02-18T21:02:05.8900009Z Container is starting.
2026-02-18T21:02:05.8907746Z State: Starting, Action: MountingVolumes, LastError: ContainerTimeout, LastErrorTimestamp: 02/18/2026 21:01:33, LastErrorDetails: Container did not start within expected time limit of 600s. Please inspect your container logs for more details., Details: Mounting volumes for options-scanner-backend-2exk6s., DetailsLevel: INFO
2026-02-18T21:02:05.8909652Z Establishing user namespace if not established already.
2026-02-18T21:02:05.8911536Z Establishing network if not established already.
2026-02-18T21:02:05.8913439Z Mounting volumes.
2026-02-18T21:02:05.9174337Z Nested mountpoint 
2026-02-18T21:02:06.0129925Z Nested mountpoint volatile/logs
2026-02-18T21:02:06.0962413Z Nested mountpoint 
2026-02-18T21:02:06.1638091Z Nested mountpoint 
2026-02-18T21:02:06.3067796Z Nested mountpoint 
2026-02-18T21:02:07.7490327Z State: Starting, Action: CreatingContainer, LastError: ContainerTimeout, LastErrorTimestamp: 02/18/2026 21:01:33, LastErrorDetails: Container did not start within expected time limit of 600s. Please inspect your container logs for more details., Details: Finished pulling container image and mounting volumes for options-scanner-backend-2exk6s. Allocatinng the rest of the container resources to finish container creation., DetailsLevel: INFO
2026-02-18T21:02:07.7523067Z Creating container.
2026-02-18T21:02:07.7788731Z Creating pipes for streaming container io.
2026-02-18T21:02:07.7806722Z Creating stdout named pipe at /podr/container/pipe/a5f7a234c8b1_options-scanner-backend-2exk6s/stdout_80ec263a00fc4e978d996af85449c269.
2026-02-18T21:02:07.8178630Z Successfully created stdout named pipe at: /podr/container/pipe/a5f7a234c8b1_options-scanner-backend-2exk6s/stdout_80ec263a00fc4e978d996af85449c269.
2026-02-18T21:02:07.8181075Z Opening named pipe /podr/container/pipe/a5f7a234c8b1_options-scanner-backend-2exk6s/stdout_80ec263a00fc4e978d996af85449c269 for reading in non-blocking mode.
2026-02-18T21:02:07.8182710Z Successfully opened named pipe: /podr/container/pipe/a5f7a234c8b1_options-scanner-backend-2exk6s/stdout_80ec263a00fc4e978d996af85449c269.
2026-02-18T21:02:07.8184009Z Successfully removed non-blocking flag from /podr/container/pipe/a5f7a234c8b1_options-scanner-backend-2exk6s/stdout_80ec263a00fc4e978d996af85449c269.
2026-02-18T21:02:07.8185752Z Creating stderr named pipe at /podr/container/pipe/a5f7a234c8b1_options-scanner-backend-2exk6s/stderr_3deede60694b416f8107533baeb5fbf0.
2026-02-18T21:02:07.8187706Z Successfully created stderr named pipe at: /podr/container/pipe/a5f7a234c8b1_options-scanner-backend-2exk6s/stderr_3deede60694b416f8107533baeb5fbf0.
2026-02-18T21:02:07.8188710Z Opening named pipe /podr/container/pipe/a5f7a234c8b1_options-scanner-backend-2exk6s/stderr_3deede60694b416f8107533baeb5fbf0 for reading in non-blocking mode.
2026-02-18T21:02:07.8189861Z Successfully opened named pipe: /podr/container/pipe/a5f7a234c8b1_options-scanner-backend-2exk6s/stderr_3deede60694b416f8107533baeb5fbf0.
2026-02-18T21:02:07.8191120Z Successfully removed non-blocking flag from /podr/container/pipe/a5f7a234c8b1_options-scanner-backend-2exk6s/stderr_3deede60694b416f8107533baeb5fbf0.
2026-02-18T21:02:07.8192385Z Creating container with image: appsvc/python:3.11_20260203.2.tuxprod from registry: 10.1.0.4:13209 and fully qualified image name: 10.1.0.4:13209/appsvc/python:3.11_20260203.2.tuxprod
2026-02-18T21:02:09.2721563Z Starting container: a5f7a234c8b1_options-scanner-backend-2exk6s.
2026-02-18T21:02:09.5237902Z Starting watchers and probes.
2026-02-18T21:02:09.5241915Z Starting metrics collection.
2026-02-18T21:02:09.5247631Z Container is running.
2026-02-18T21:02:09.6789629Z State: Starting, Action: CreatingContainer, LastError: ContainerTimeout, LastErrorTimestamp: 02/18/2026 21:01:33, LastErrorDetails: Container did not start within expected time limit of 600s. Please inspect your container logs for more details., Details: Container options-scanner-backend-2exk6s successfully created and is running., DetailsLevel: INFO
2026-02-18T21:02:10.4946334Z Container start method finished after 5163 ms.
2026-02-18T21:02:10.4948523Z State: Starting, Action: InitiatingSiteWarmUpProbe, LastError: ContainerTimeout, LastErrorTimestamp: 02/18/2026 21:01:33, LastErrorDetails: Container did not start within expected time limit of 600s. Please inspect your container logs for more details., Details: Container options-scanner-backend-2exk6s successfully created and is running., DetailsLevel: INFO
2026-02-18T21:02:10.4948816Z State: Starting, Action: WaitingForSiteWarmUpProbeSuccess, LastError: ContainerTimeout, LastErrorTimestamp: 02/18/2026 21:01:33, LastErrorDetails: Container did not start within expected time limit of 600s. Please inspect your container logs for more details., Details: Pinging warmup path to ensure container is ready to receive requests., DetailsLevel: INFO
2026-02-18T21:02:50.8084511Z Container has finished running with exit code: 127.
2026-02-18T21:02:50.8546779Z Container is terminating. Grace period: 5 seconds.
2026-02-18T21:02:50.8561041Z Stop and delete container. Retry count = 0
2026-02-18T21:02:50.8562340Z Stopping container: a5f7a234c8b1_options-scanner-backend-2exk6s.
2026-02-18T21:02:51.6822039Z Deleting container: a5f7a234c8b1_options-scanner-backend-2exk6s. Retry count = 0
2026-02-18T21:02:52.8794021Z Container spec TerminationMessagePolicy  path 
2026-02-18T21:02:52.9004152Z Container is terminated. Total time elapsed: 2035 ms.
2026-02-18T21:02:53.0303346Z Site container: options-scanner-backend-2exk6s terminated during site startup.
2026-02-18T21:02:53.0424757Z State: Stopping, Action: CancellingStartup, LastError: ContainerTimeout, LastErrorTimestamp: 02/18/2026 21:01:33, LastErrorDetails: Container did not start within expected time limit of 600s. Please inspect your container logs for more details., Details: Site container: options-scanner-backend-2exk6s terminated during site startup. Cancelling site startup., DetailsLevel: ERR
2026-02-18T21:02:53.8756738Z Site startup probe failed after 43.3444036 seconds.
2026-02-18T21:02:56.0185302Z State: Stopping, Action: CancellingStartup, LastError: ContainerTimeout, LastErrorTimestamp: 02/18/2026 21:02:56, LastErrorDetails: Container did not start within expected time limit of 600s. Please inspect your container logs for more details., Details: Site container: options-scanner-backend-2exk6s terminated during site startup. Cancelling site startup., DetailsLevel: ERR
2026-02-18T21:02:56.1511477Z Failed to start site. Revert by stopping site.
2026-02-18T21:02:56.1615112Z State: Stopping, Action: StoppingSite, LastError: ContainerTimeout, LastErrorTimestamp: 02/18/2026 21:02:56, LastErrorDetails: Container did not start within expected time limit of 600s. Please inspect your container logs for more details., Details: Site container: options-scanner-backend-2exk6s terminated during site startup. Cancelling site startup., DetailsLevel: ERR
2026-02-18T21:02:56.2140517Z State: Stopping, Action: StoppingSiteContainers, LastError: ContainerTimeout, LastErrorTimestamp: 02/18/2026 21:02:56, LastErrorDetails: Container did not start within expected time limit of 600s. Please inspect your container logs for more details., Details: Site container: options-scanner-backend-2exk6s terminated during site startup. Cancelling site startup., DetailsLevel: ERR
2026-02-18T21:02:56.2140759Z Site: options-scanner-backend-2exk6s stopped.
2026-02-18T21:02:56.3165523Z State: Stopping, Action: UnmountingVolumes, LastError: ContainerTimeout, LastErrorTimestamp: 02/18/2026 21:02:56, LastErrorDetails: Container did not start within expected time limit of 600s. Please inspect your container logs for more details., Details: Site container: options-scanner-backend-2exk6s terminated during site startup. Cancelling site startup., DetailsLevel: ERR
2026-02-18T21:03:01.2781432Z Site container: options-scanner-backend-2exk6s_managedIdentity terminated during site startup.
2026-02-18T21:03:01.2783470Z State: Stopping, Action: UnmountingVolumes, LastError: ContainerTimeout, LastErrorTimestamp: 02/18/2026 21:02:56, LastErrorDetails: Container did not start within expected time limit of 600s. Please inspect your container logs for more details., Details: Site container: options-scanner-backend-2exk6s terminated during site startup. Cancelling site startup., DetailsLevel: ERR
2026-02-18T21:03:01.9412992Z State: Stopping, Action: StoppingSiteNetworks, LastError: ContainerTimeout, LastErrorTimestamp: 02/18/2026 21:02:56, LastErrorDetails: Container did not start within expected time limit of 600s. Please inspect your container logs for more details., Details: Site container: options-scanner-backend-2exk6s terminated during site startup. Cancelling site startup., DetailsLevel: ERR
2026-02-18T21:03:03.3000077Z Site: options-scanner-backend-2exk6s will be blocked for 1 minutes till 02/18/2026 21:04:03
2026-02-18T21:03:03.3003439Z State: Blocked, Action: StoppingSiteNetworks, LastError: ContainerTimeout, LastErrorTimestamp: 02/18/2026 21:02:56, LastErrorDetails: Container did not start within expected time limit of 600s. Please inspect your container logs for more details., Details: Site: options-scanner-backend-2exk6s will be blocked for 1 minutes till 02/18/2026 21:04:03, DetailsLevel: WARN
2026-02-18T21:03:03.3176135Z State: Stopped, Action: None, LastError: ContainerTimeout, LastErrorTimestamp: 02/18/2026 21:02:56, LastErrorDetails: Container did not start within expected time limit of 600s. Please inspect your container logs for more details., Details: Site stopped at 02/18/2026 21:03:03 (UTC), DetailsLevel: WARN
2026-02-18T21:03:04.5960381Z State: Stopped, Action: None, LastError: ContainerTimeout, LastErrorTimestamp: 02/18/2026 21:02:56, LastErrorDetails: Container did not start within expected time limit of 600s. Please inspect your container logs for more details., Details: Site stopped at 02/18/2026 21:03:03 (UTC), DetailsLevel: WARN
2026-02-18T21:04:03.3128539Z Site: options-scanner-backend-2exk6s is unblocked.
2026-02-18T21:04:20.7159383Z State: Starting, Action: EstablishingSiteNetworks, LastError: ContainerTimeout, LastErrorTimestamp: 02/18/2026 21:02:56, LastErrorDetails: Container did not start within expected time limit of 600s. Please inspect your container logs for more details., Details: Site stopped at 02/18/2026 21:03:03 (UTC), DetailsLevel: WARN
2026-02-18T21:04:24.6785064Z State: Starting, Action: StartingMsiContainer, LastError: ContainerTimeout, LastErrorTimestamp: 02/18/2026 21:02:56, LastErrorDetails: Container did not start within expected time limit of 600s. Please inspect your container logs for more details., Details: Site stopped at 02/18/2026 21:03:03 (UTC), DetailsLevel: WARN
2026-02-18T21:04:37.0359509Z State: Starting, Action: StartingSiteContainers, LastError: ContainerTimeout, LastErrorTimestamp: 02/18/2026 21:02:56, LastErrorDetails: Container did not start within expected time limit of 600s. Please inspect your container logs for more details., Details: Site stopped at 02/18/2026 21:03:03 (UTC), DetailsLevel: WARN
2026-02-18T21:04:37.0370345Z Container start method called.
2026-02-18T21:04:37.0376208Z State: Starting, Action: PullingImage, LastError: ContainerTimeout, LastErrorTimestamp: 02/18/2026 21:02:56, LastErrorDetails: Container did not start within expected time limit of 600s. Please inspect your container logs for more details., Details: Pulling image 10.1.0.4:13209/appsvc/python:3.11_20260203.2.tuxprod for options-scanner-backend-2exk6s., DetailsLevel: INFO
2026-02-18T21:04:37.0563310Z Establishing network.
2026-02-18T21:04:37.1289791Z Pulling image: appsvc/python:3.11_20260203.2.tuxprod.
2026-02-18T21:04:37.3032315Z Container is starting.
2026-02-18T21:04:37.3039937Z State: Starting, Action: MountingVolumes, LastError: ContainerTimeout, LastErrorTimestamp: 02/18/2026 21:02:56, LastErrorDetails: Container did not start within expected time limit of 600s. Please inspect your container logs for more details., Details: Mounting volumes for options-scanner-backend-2exk6s., DetailsLevel: INFO
2026-02-18T21:04:37.3045957Z Establishing user namespace if not established already.
2026-02-18T21:04:37.3055216Z Establishing network if not established already.
2026-02-18T21:04:37.3118017Z Mounting volumes.
2026-02-18T21:04:37.3123189Z Nested mountpoint 
2026-02-18T21:04:37.3712401Z Nested mountpoint volatile/logs
2026-02-18T21:04:37.4030697Z Nested mountpoint 
2026-02-18T21:04:37.4516465Z Nested mountpoint 
2026-02-18T21:04:37.5281411Z Nested mountpoint 
2026-02-18T21:04:37.9893331Z State: Starting, Action: CreatingContainer, LastError: ContainerTimeout, LastErrorTimestamp: 02/18/2026 21:02:56, LastErrorDetails: Container did not start within expected time limit of 600s. Please inspect your container logs for more details., Details: Finished pulling container image and mounting volumes for options-scanner-backend-2exk6s. Allocatinng the rest of the container resources to finish container creation., DetailsLevel: INFO
2026-02-18T21:04:37.9894721Z Creating container.
2026-02-18T21:04:37.9895767Z Creating pipes for streaming container io.
2026-02-18T21:04:37.9896837Z Creating stdout named pipe at /podr/container/pipe/b19c16a9daa6_options-scanner-backend-2exk6s/stdout_6956c36dc8514690864adf40855fb8d6.
2026-02-18T21:04:37.9929777Z Successfully created stdout named pipe at: /podr/container/pipe/b19c16a9daa6_options-scanner-backend-2exk6s/stdout_6956c36dc8514690864adf40855fb8d6.
2026-02-18T21:04:38.0289979Z Opening named pipe /podr/container/pipe/b19c16a9daa6_options-scanner-backend-2exk6s/stdout_6956c36dc8514690864adf40855fb8d6 for reading in non-blocking mode.
2026-02-18T21:04:38.0304229Z Successfully opened named pipe: /podr/container/pipe/b19c16a9daa6_options-scanner-backend-2exk6s/stdout_6956c36dc8514690864adf40855fb8d6.
2026-02-18T21:04:38.0306530Z Successfully removed non-blocking flag from /podr/container/pipe/b19c16a9daa6_options-scanner-backend-2exk6s/stdout_6956c36dc8514690864adf40855fb8d6.
2026-02-18T21:04:38.0490392Z Creating stderr named pipe at /podr/container/pipe/b19c16a9daa6_options-scanner-backend-2exk6s/stderr_64d008e7a30a4ea7a1dca196a6a14e5f.
2026-02-18T21:04:38.0503215Z Successfully created stderr named pipe at: /podr/container/pipe/b19c16a9daa6_options-scanner-backend-2exk6s/stderr_64d008e7a30a4ea7a1dca196a6a14e5f.
2026-02-18T21:04:38.0513539Z Opening named pipe /podr/container/pipe/b19c16a9daa6_options-scanner-backend-2exk6s/stderr_64d008e7a30a4ea7a1dca196a6a14e5f for reading in non-blocking mode.
2026-02-18T21:04:38.0581916Z Successfully opened named pipe: /podr/container/pipe/b19c16a9daa6_options-scanner-backend-2exk6s/stderr_64d008e7a30a4ea7a1dca196a6a14e5f.
2026-02-18T21:04:38.0591720Z Successfully removed non-blocking flag from /podr/container/pipe/b19c16a9daa6_options-scanner-backend-2exk6s/stderr_64d008e7a30a4ea7a1dca196a6a14e5f.
2026-02-18T21:04:38.0680694Z Creating container with image: appsvc/python:3.11_20260203.2.tuxprod from registry: 10.1.0.4:13209 and fully qualified image name: 10.1.0.4:13209/appsvc/python:3.11_20260203.2.tuxprod
2026-02-18T21:04:38.8185756Z Starting container: b19c16a9daa6_options-scanner-backend-2exk6s.
2026-02-18T21:04:38.9581672Z Starting watchers and probes.
2026-02-18T21:04:38.9598484Z Starting metrics collection.
2026-02-18T21:04:38.9662867Z Container is running.
2026-02-18T21:04:38.9670013Z State: Starting, Action: CreatingContainer, LastError: ContainerTimeout, LastErrorTimestamp: 02/18/2026 21:02:56, LastErrorDetails: Container did not start within expected time limit of 600s. Please inspect your container logs for more details., Details: Container options-scanner-backend-2exk6s successfully created and is running., DetailsLevel: INFO
2026-02-18T21:04:39.1721287Z Container start method finished after 2134 ms.
2026-02-18T21:04:39.1743753Z State: Starting, Action: InitiatingSiteWarmUpProbe, LastError: ContainerTimeout, LastErrorTimestamp: 02/18/2026 21:02:56, LastErrorDetails: Container did not start within expected time limit of 600s. Please inspect your container logs for more details., Details: Container options-scanner-backend-2exk6s successfully created and is running., DetailsLevel: INFO
2026-02-18T21:04:39.1744670Z State: Starting, Action: WaitingForSiteWarmUpProbeSuccess, LastError: ContainerTimeout, LastErrorTimestamp: 02/18/2026 21:02:56, LastErrorDetails: Container did not start within expected time limit of 600s. Please inspect your container logs for more details., Details: Pinging warmup path to ensure container is ready to receive requests., DetailsLevel: INFO
2026-02-18T21:05:19.0839124Z Container has finished running with exit code: 127.
2026-02-18T21:05:19.0850246Z Container is terminating. Grace period: 5 seconds.
2026-02-18T21:05:19.1020598Z Stop and delete container. Retry count = 0
2026-02-18T21:05:19.1129373Z Stopping container: b19c16a9daa6_options-scanner-backend-2exk6s.
2026-02-18T21:05:19.2562601Z Deleting container: b19c16a9daa6_options-scanner-backend-2exk6s. Retry count = 0
2026-02-18T21:05:19.8225349Z Container spec TerminationMessagePolicy  path 
2026-02-18T21:05:19.8293887Z Container is terminated. Total time elapsed: 737 ms.
2026-02-18T21:05:19.8296517Z Site container: options-scanner-backend-2exk6s terminated during site startup.
2026-02-18T21:05:19.8298736Z State: Stopping, Action: CancellingStartup, LastError: ContainerTimeout, LastErrorTimestamp: 02/18/2026 21:02:56, LastErrorDetails: Container did not start within expected time limit of 600s. Please inspect your container logs for more details., Details: Site container: options-scanner-backend-2exk6s terminated during site startup. Cancelling site startup., DetailsLevel: ERR
2026-02-18T21:05:20.0293310Z Site startup probe failed after 40.7775253 seconds.
2026-02-18T21:05:22.4215370Z State: Stopping, Action: CancellingStartup, LastError: ContainerTimeout, LastErrorTimestamp: 02/18/2026 21:05:22, LastErrorDetails: Container did not start within expected time limit of 600s. Please inspect your container logs for more details., Details: Site container: options-scanner-backend-2exk6s terminated during site startup. Cancelling site startup., DetailsLevel: ERR
2026-02-18T21:05:22.4325820Z Failed to start site. Revert by stopping site.
2026-02-18T21:05:22.4430868Z State: Stopping, Action: StoppingSite, LastError: ContainerTimeout, LastErrorTimestamp: 02/18/2026 21:05:22, LastErrorDetails: Container did not start within expected time limit of 600s. Please inspect your container logs for more details., Details: Site container: options-scanner-backend-2exk6s terminated during site startup. Cancelling site startup., DetailsLevel: ERR
2026-02-18T21:05:22.5218882Z State: Stopping, Action: StoppingSiteContainers, LastError: ContainerTimeout, LastErrorTimestamp: 02/18/2026 21:05:22, LastErrorDetails: Container did not start within expected time limit of 600s. Please inspect your container logs for more details., Details: Site container: options-scanner-backend-2exk6s terminated during site startup. Cancelling site startup., DetailsLevel: ERR
2026-02-18T21:05:22.5221202Z Site: options-scanner-backend-2exk6s stopped.
2026-02-18T21:05:22.5329910Z State: Stopping, Action: UnmountingVolumes, LastError: ContainerTimeout, LastErrorTimestamp: 02/18/2026 21:05:22, LastErrorDetails: Container did not start within expected time limit of 600s. Please inspect your container logs for more details., Details: Site container: options-scanner-backend-2exk6s terminated during site startup. Cancelling site startup., DetailsLevel: ERR
2026-02-18T21:05:24.6737338Z Site container: options-scanner-backend-2exk6s_managedIdentity terminated during site startup.
2026-02-18T21:05:24.6744270Z State: Stopping, Action: UnmountingVolumes, LastError: ContainerTimeout, LastErrorTimestamp: 02/18/2026 21:05:22, LastErrorDetails: Container did not start within expected time limit of 600s. Please inspect your container logs for more details., Details: Site container: options-scanner-backend-2exk6s terminated during site startup. Cancelling site startup., DetailsLevel: ERR
2026-02-18T21:05:24.9603392Z State: Stopping, Action: StoppingSiteNetworks, LastError: ContainerTimeout, LastErrorTimestamp: 02/18/2026 21:05:22, LastErrorDetails: Container did not start within expected time limit of 600s. Please inspect your container logs for more details., Details: Site container: options-scanner-backend-2exk6s terminated during site startup. Cancelling site startup., DetailsLevel: ERR
2026-02-18T21:05:25.5604752Z Site: options-scanner-backend-2exk6s will be blocked for 1 minutes till 02/18/2026 21:06:25
2026-02-18T21:05:25.5624832Z State: Blocked, Action: StoppingSiteNetworks, LastError: ContainerTimeout, LastErrorTimestamp: 02/18/2026 21:05:22, LastErrorDetails: Container did not start within expected time limit of 600s. Please inspect your container logs for more details., Details: Site: options-scanner-backend-2exk6s will be blocked for 1 minutes till 02/18/2026 21:06:25, DetailsLevel: WARN
2026-02-18T21:05:25.6015931Z State: Stopped, Action: None, LastError: ContainerTimeout, LastErrorTimestamp: 02/18/2026 21:05:22, LastErrorDetails: Container did not start within expected time limit of 600s. Please inspect your container logs for more details., Details: Site stopped at 02/18/2026 21:05:25 (UTC), DetailsLevel: WARN
2026-02-18T21:05:25.9940352Z State: Stopped, Action: None, LastError: ContainerTimeout, LastErrorTimestamp: 02/18/2026 21:05:22, LastErrorDetails: Container did not start within expected time limit of 600s. Please inspect your container logs for more details., Details: Site stopped at 02/18/2026 21:05:25 (UTC), DetailsLevel: WARN
2026-02-18T21:05:26.5251969Z State: Blocked, Action: None, LastError: ContainerTimeout, LastErrorTimestamp: 02/18/2026 21:05:22, LastErrorDetails: Container did not start within expected time limit of 600s. Please inspect your container logs for more details., Details: Site is blocked due to multiple, consecutive cold start failures. Site scheduled to be unblocked at 02/18/2026 21:06:25, DetailsLevel: WARN
2026-02-18T21:05:26.5253972Z Start site prohibitted because the site is being blocked.
2026-02-18T21:06:25.5609338Z Site: options-scanner-backend-2exk6s is unblocked.
2026-02-18T21:21:08.0114983Z State: Starting, Action: EstablishingSiteNetworks, LastError: ContainerTimeout, LastErrorTimestamp: 02/18/2026 21:05:22, LastErrorDetails: Container did not start within expected time limit of 600s. Please inspect your container logs for more details., Details: Site is blocked due to multiple, consecutive cold start failures. Site scheduled to be unblocked at 02/18/2026 21:06:25, DetailsLevel: WARN
2026-02-18T21:21:11.7412883Z State: Starting, Action: StartingMsiContainer, LastError: ContainerTimeout, LastErrorTimestamp: 02/18/2026 21:05:22, LastErrorDetails: Container did not start within expected time limit of 600s. Please inspect your container logs for more details., Details: Site is blocked due to multiple, consecutive cold start failures. Site scheduled to be unblocked at 02/18/2026 21:06:25, DetailsLevel: WARN
2026-02-18T21:21:24.4965166Z State: Starting, Action: StartingSiteContainers, LastError: ContainerTimeout, LastErrorTimestamp: 02/18/2026 21:05:22, LastErrorDetails: Container did not start within expected time limit of 600s. Please inspect your container logs for more details., Details: Site is blocked due to multiple, consecutive cold start failures. Site scheduled to be unblocked at 02/18/2026 21:06:25, DetailsLevel: WARN
2026-02-18T21:21:24.5041362Z Container start method called.
2026-02-18T21:21:24.5044961Z State: Starting, Action: PullingImage, LastError: ContainerTimeout, LastErrorTimestamp: 02/18/2026 21:05:22, LastErrorDetails: Container did not start within expected time limit of 600s. Please inspect your container logs for more details., Details: Pulling image 10.1.0.4:13209/appsvc/python:3.11_20260203.2.tuxprod for options-scanner-backend-2exk6s., DetailsLevel: INFO
2026-02-18T21:21:24.5046946Z Establishing network.
2026-02-18T21:21:24.5049065Z Pulling image: appsvc/python:3.11_20260203.2.tuxprod.
2026-02-18T21:21:24.7539823Z Container is starting.
2026-02-18T21:21:24.7564111Z State: Starting, Action: MountingVolumes, LastError: ContainerTimeout, LastErrorTimestamp: 02/18/2026 21:05:22, LastErrorDetails: Container did not start within expected time limit of 600s. Please inspect your container logs for more details., Details: Mounting volumes for options-scanner-backend-2exk6s., DetailsLevel: INFO
2026-02-18T21:21:24.7646522Z Establishing user namespace if not established already.
2026-02-18T21:21:24.7737619Z Establishing network if not established already.
2026-02-18T21:21:24.7749839Z Mounting volumes.
2026-02-18T21:21:24.7763071Z Nested mountpoint 
2026-02-18T21:21:24.8734059Z Nested mountpoint volatile/logs
2026-02-18T21:21:24.9110743Z Nested mountpoint 
2026-02-18T21:21:24.9120586Z Nested mountpoint 
2026-02-18T21:21:25.1467592Z Nested mountpoint 
2026-02-18T21:21:25.5372616Z State: Starting, Action: CreatingContainer, LastError: ContainerTimeout, LastErrorTimestamp: 02/18/2026 21:05:22, LastErrorDetails: Container did not start within expected time limit of 600s. Please inspect your container logs for more details., Details: Finished pulling container image and mounting volumes for options-scanner-backend-2exk6s. Allocatinng the rest of the container resources to finish container creation., DetailsLevel: INFO
2026-02-18T21:21:25.5374206Z Creating container.
2026-02-18T21:21:25.5376994Z Creating pipes for streaming container io.
2026-02-18T21:21:25.5378651Z Creating stdout named pipe at /podr/container/pipe/ad52f5f64f42_options-scanner-backend-2exk6s/stdout_83ea7eda979e4c0d814053cd3add156c.
2026-02-18T21:21:25.5380763Z Successfully created stdout named pipe at: /podr/container/pipe/ad52f5f64f42_options-scanner-backend-2exk6s/stdout_83ea7eda979e4c0d814053cd3add156c.
2026-02-18T21:21:25.5381753Z Opening named pipe /podr/container/pipe/ad52f5f64f42_options-scanner-backend-2exk6s/stdout_83ea7eda979e4c0d814053cd3add156c for reading in non-blocking mode.
2026-02-18T21:21:25.5382947Z Successfully opened named pipe: /podr/container/pipe/ad52f5f64f42_options-scanner-backend-2exk6s/stdout_83ea7eda979e4c0d814053cd3add156c.
2026-02-18T21:21:25.5383993Z Successfully removed non-blocking flag from /podr/container/pipe/ad52f5f64f42_options-scanner-backend-2exk6s/stdout_83ea7eda979e4c0d814053cd3add156c.
2026-02-18T21:21:25.5386354Z Creating stderr named pipe at /podr/container/pipe/ad52f5f64f42_options-scanner-backend-2exk6s/stderr_5e08e52bb2174da4a9da7fe36069f913.
2026-02-18T21:21:25.5387961Z Successfully created stderr named pipe at: /podr/container/pipe/ad52f5f64f42_options-scanner-backend-2exk6s/stderr_5e08e52bb2174da4a9da7fe36069f913.
2026-02-18T21:21:25.5388944Z Opening named pipe /podr/container/pipe/ad52f5f64f42_options-scanner-backend-2exk6s/stderr_5e08e52bb2174da4a9da7fe36069f913 for reading in non-blocking mode.
2026-02-18T21:21:25.5390102Z Successfully opened named pipe: /podr/container/pipe/ad52f5f64f42_options-scanner-backend-2exk6s/stderr_5e08e52bb2174da4a9da7fe36069f913.
2026-02-18T21:21:25.5860284Z Successfully removed non-blocking flag from /podr/container/pipe/ad52f5f64f42_options-scanner-backend-2exk6s/stderr_5e08e52bb2174da4a9da7fe36069f913.
2026-02-18T21:21:25.6158968Z Creating container with image: appsvc/python:3.11_20260203.2.tuxprod from registry: 10.1.0.4:13209 and fully qualified image name: 10.1.0.4:13209/appsvc/python:3.11_20260203.2.tuxprod
2026-02-18T21:21:26.9521819Z Starting container: ad52f5f64f42_options-scanner-backend-2exk6s.
2026-02-18T21:21:27.0391524Z Starting watchers and probes.
2026-02-18T21:21:27.0483343Z Starting metrics collection.
2026-02-18T21:21:27.0651090Z Container is running.
2026-02-18T21:21:27.0729746Z State: Starting, Action: CreatingContainer, LastError: ContainerTimeout, LastErrorTimestamp: 02/18/2026 21:05:22, LastErrorDetails: Container did not start within expected time limit of 600s. Please inspect your container logs for more details., Details: Container options-scanner-backend-2exk6s successfully created and is running., DetailsLevel: INFO
2026-02-18T21:21:27.3175111Z Container start method finished after 2813 ms.
2026-02-18T21:21:27.3239671Z State: Starting, Action: InitiatingSiteWarmUpProbe, LastError: ContainerTimeout, LastErrorTimestamp: 02/18/2026 21:05:22, LastErrorDetails: Container did not start within expected time limit of 600s. Please inspect your container logs for more details., Details: Container options-scanner-backend-2exk6s successfully created and is running., DetailsLevel: INFO
2026-02-18T21:21:27.3240316Z State: Starting, Action: WaitingForSiteWarmUpProbeSuccess, LastError: ContainerTimeout, LastErrorTimestamp: 02/18/2026 21:05:22, LastErrorDetails: Container did not start within expected time limit of 600s. Please inspect your container logs for more details., Details: Pinging warmup path to ensure container is ready to receive requests., DetailsLevel: INFO
2026-02-18T21:21:55.3204579Z Container has finished running with exit code: 127.
2026-02-18T21:21:55.3276896Z Container is terminating. Grace period: 5 seconds.
2026-02-18T21:21:55.3475148Z Stop and delete container. Retry count = 0
2026-02-18T21:21:55.3550016Z Stopping container: ad52f5f64f42_options-scanner-backend-2exk6s.
2026-02-18T21:21:55.4327175Z Deleting container: ad52f5f64f42_options-scanner-backend-2exk6s. Retry count = 0
2026-02-18T21:21:55.8156399Z Container spec TerminationMessagePolicy  path 
2026-02-18T21:21:55.8187964Z Container is terminated. Total time elapsed: 478 ms.
2026-02-18T21:21:55.8278527Z Site container: options-scanner-backend-2exk6s terminated during site startup.
2026-02-18T21:21:55.8295362Z State: Stopping, Action: CancellingStartup, LastError: ContainerTimeout, LastErrorTimestamp: 02/18/2026 21:05:22, LastErrorDetails: Container did not start within expected time limit of 600s. Please inspect your container logs for more details., Details: Site container: options-scanner-backend-2exk6s terminated during site startup. Cancelling site startup., DetailsLevel: ERR
2026-02-18T21:21:56.0373400Z Site startup probe failed after 28.6171754 seconds.
2026-02-18T21:21:56.8980699Z State: Stopping, Action: CancellingStartup, LastError: ContainerTimeout, LastErrorTimestamp: 02/18/2026 21:21:56, LastErrorDetails: Container did not start within expected time limit of 600s. Please inspect your container logs for more details., Details: Site container: options-scanner-backend-2exk6s terminated during site startup. Cancelling site startup., DetailsLevel: ERR
2026-02-18T21:21:56.9453936Z Failed to start site. Revert by stopping site.
2026-02-18T21:21:56.9523209Z State: Stopping, Action: StoppingSite, LastError: ContainerTimeout, LastErrorTimestamp: 02/18/2026 21:21:56, LastErrorDetails: Container did not start within expected time limit of 600s. Please inspect your container logs for more details., Details: Site container: options-scanner-backend-2exk6s terminated during site startup. Cancelling site startup., DetailsLevel: ERR
2026-02-18T21:21:56.9825728Z State: Stopping, Action: StoppingSiteContainers, LastError: ContainerTimeout, LastErrorTimestamp: 02/18/2026 21:21:56, LastErrorDetails: Container did not start within expected time limit of 600s. Please inspect your container logs for more details., Details: Site container: options-scanner-backend-2exk6s terminated during site startup. Cancelling site startup., DetailsLevel: ERR
2026-02-18T21:21:56.9827481Z Site: options-scanner-backend-2exk6s stopped.
2026-02-18T21:22:38.2672165Z State: Starting, Action: EstablishingSiteNetworks, LastError: ContainerTimeout, LastErrorTimestamp: 02/18/2026 21:21:56, LastErrorDetails: Container did not start within expected time limit of 600s. Please inspect your container logs for more details., Details: Site stopped at 02/18/2026 21:22:00 (UTC), DetailsLevel: WARN
2026-02-18T21:22:49.2588159Z State: Starting, Action: StartingMsiContainer, LastError: ContainerTimeout, LastErrorTimestamp: 02/18/2026 21:21:56, LastErrorDetails: Container did not start within expected time limit of 600s. Please inspect your container logs for more details., Details: Site stopped at 02/18/2026 21:22:00 (UTC), DetailsLevel: WARN
2026-02-18T21:23:12.2962773Z State: Starting, Action: StartingSiteContainers, LastError: ContainerTimeout, LastErrorTimestamp: 02/18/2026 21:21:56, LastErrorDetails: Container did not start within expected time limit of 600s. Please inspect your container logs for more details., Details: Site stopped at 02/18/2026 21:22:00 (UTC), DetailsLevel: WARN
2026-02-18T21:23:12.3451115Z Container start method called.
2026-02-18T21:23:12.3717267Z State: Starting, Action: PullingImage, LastError: ContainerTimeout, LastErrorTimestamp: 02/18/2026 21:21:56, LastErrorDetails: Container did not start within expected time limit of 600s. Please inspect your container logs for more details., Details: Pulling image 10.1.0.5:13209/appsvc/python:3.11_20260203.2.tuxprod for options-scanner-backend-2exk6s., DetailsLevel: INFO
2026-02-18T21:23:12.3918925Z Establishing network.
2026-02-18T21:23:12.3932914Z Pulling image: appsvc/python:3.11_20260203.2.tuxprod.
2026-02-18T21:23:14.1421092Z Container is starting.
2026-02-18T21:23:14.1431457Z State: Starting, Action: MountingVolumes, LastError: ContainerTimeout, LastErrorTimestamp: 02/18/2026 21:21:56, LastErrorDetails: Container did not start within expected time limit of 600s. Please inspect your container logs for more details., Details: Mounting volumes for options-scanner-backend-2exk6s., DetailsLevel: INFO
2026-02-18T21:23:14.1505887Z Establishing user namespace if not established already.
2026-02-18T21:23:14.1508194Z Establishing network if not established already.
2026-02-18T21:23:14.2097080Z Mounting volumes.
2026-02-18T21:23:14.2954889Z Nested mountpoint 
2026-02-18T21:23:14.4824605Z Nested mountpoint volatile/logs
2026-02-18T21:23:14.6573514Z Nested mountpoint 
2026-02-18T21:23:14.7657616Z Nested mountpoint 
2026-02-18T21:23:14.9847784Z Nested mountpoint 
2026-02-18T21:23:16.7125668Z State: Starting, Action: CreatingContainer, LastError: ContainerTimeout, LastErrorTimestamp: 02/18/2026 21:21:56, LastErrorDetails: Container did not start within expected time limit of 600s. Please inspect your container logs for more details., Details: Finished pulling container image and mounting volumes for options-scanner-backend-2exk6s. Allocatinng the rest of the container resources to finish container creation., DetailsLevel: INFO
2026-02-18T21:23:16.7134804Z Creating container.
2026-02-18T21:23:16.7206758Z Creating pipes for streaming container io.
2026-02-18T21:23:16.7208583Z Creating stdout named pipe at /podr/container/pipe/c9db108b3284_options-scanner-backend-2exk6s/stdout_be56fa8ab4c249659b89949df1d1460d.
2026-02-18T21:23:16.7212047Z Successfully created stdout named pipe at: /podr/container/pipe/c9db108b3284_options-scanner-backend-2exk6s/stdout_be56fa8ab4c249659b89949df1d1460d.
2026-02-18T21:23:16.7215991Z Opening named pipe /podr/container/pipe/c9db108b3284_options-scanner-backend-2exk6s/stdout_be56fa8ab4c249659b89949df1d1460d for reading in non-blocking mode.
2026-02-18T21:23:16.7220386Z Successfully opened named pipe: /podr/container/pipe/c9db108b3284_options-scanner-backend-2exk6s/stdout_be56fa8ab4c249659b89949df1d1460d.
2026-02-18T21:23:16.7223680Z Successfully removed non-blocking flag from /podr/container/pipe/c9db108b3284_options-scanner-backend-2exk6s/stdout_be56fa8ab4c249659b89949df1d1460d.
2026-02-18T21:23:16.7614377Z Creating stderr named pipe at /podr/container/pipe/c9db108b3284_options-scanner-backend-2exk6s/stderr_4077bfb2f295419d8b43877010a31b13.
2026-02-18T21:23:16.7622272Z Successfully created stderr named pipe at: /podr/container/pipe/c9db108b3284_options-scanner-backend-2exk6s/stderr_4077bfb2f295419d8b43877010a31b13.
2026-02-18T21:23:16.7625889Z Opening named pipe /podr/container/pipe/c9db108b3284_options-scanner-backend-2exk6s/stderr_4077bfb2f295419d8b43877010a31b13 for reading in non-blocking mode.
2026-02-18T21:23:16.7793838Z Successfully opened named pipe: /podr/container/pipe/c9db108b3284_options-scanner-backend-2exk6s/stderr_4077bfb2f295419d8b43877010a31b13.
2026-02-18T21:23:16.7795642Z Successfully removed non-blocking flag from /podr/container/pipe/c9db108b3284_options-scanner-backend-2exk6s/stderr_4077bfb2f295419d8b43877010a31b13.
2026-02-18T21:23:16.7885351Z Creating container with image: appsvc/python:3.11_20260203.2.tuxprod from registry: 10.1.0.5:13209 and fully qualified image name: 10.1.0.5:13209/appsvc/python:3.11_20260203.2.tuxprod
2026-02-18T21:23:20.0762290Z Starting container: c9db108b3284_options-scanner-backend-2exk6s.
2026-02-18T21:23:20.2678919Z Starting watchers and probes.
2026-02-18T21:23:20.2710328Z Starting metrics collection.
2026-02-18T21:23:20.2796319Z Container is running.
2026-02-18T21:23:20.2802933Z State: Starting, Action: CreatingContainer, LastError: ContainerTimeout, LastErrorTimestamp: 02/18/2026 21:21:56, LastErrorDetails: Container did not start within expected time limit of 600s. Please inspect your container logs for more details., Details: Container options-scanner-backend-2exk6s successfully created and is running., DetailsLevel: INFO
2026-02-18T21:23:20.4673955Z Container start method finished after 8102 ms.
2026-02-18T21:23:20.4861745Z State: Starting, Action: InitiatingSiteWarmUpProbe, LastError: ContainerTimeout, LastErrorTimestamp: 02/18/2026 21:21:56, LastErrorDetails: Container did not start within expected time limit of 600s. Please inspect your container logs for more details., Details: Container options-scanner-backend-2exk6s successfully created and is running., DetailsLevel: INFO
2026-02-18T21:23:20.4862704Z State: Starting, Action: WaitingForSiteWarmUpProbeSuccess, LastError: ContainerTimeout, LastErrorTimestamp: 02/18/2026 21:21:56, LastErrorDetails: Container did not start within expected time limit of 600s. Please inspect your container logs for more details., Details: Pinging warmup path to ensure container is ready to receive requests., DetailsLevel: INFO
2026-02-18T21:23:59.3759432Z Container has finished running with exit code: 127.
2026-02-18T21:23:59.3771163Z Container is terminating. Grace period: 5 seconds.
2026-02-18T21:23:59.3953233Z Stop and delete container. Retry count = 0
2026-02-18T21:23:59.3956116Z Stopping container: c9db108b3284_options-scanner-backend-2exk6s.
2026-02-18T21:23:59.4649464Z Deleting container: c9db108b3284_options-scanner-backend-2exk6s. Retry count = 0
2026-02-18T21:23:59.7893071Z Container spec TerminationMessagePolicy  path 
2026-02-18T21:23:59.7979875Z Container is terminated. Total time elapsed: 410 ms.
2026-02-18T21:23:59.7991195Z Site container: options-scanner-backend-2exk6s terminated during site startup.
2026-02-18T21:23:59.8004596Z State: Stopping, Action: CancellingStartup, LastError: ContainerTimeout, LastErrorTimestamp: 02/18/2026 21:21:56, LastErrorDetails: Container did not start within expected time limit of 600s. Please inspect your container logs for more details., Details: Site container: options-scanner-backend-2exk6s terminated during site startup. Cancelling site startup., DetailsLevel: ERR
2026-02-18T21:24:00.2575580Z Site startup probe failed after 39.7706504 seconds.
2026-02-18T21:24:01.2743967Z State: Stopping, Action: CancellingStartup, LastError: ContainerTimeout, LastErrorTimestamp: 02/18/2026 21:24:01, LastErrorDetails: Container did not start within expected time limit of 600s. Please inspect your container logs for more details., Details: Site container: options-scanner-backend-2exk6s terminated during site startup. Cancelling site startup., DetailsLevel: ERR
2026-02-18T21:24:01.3044743Z Failed to start site. Revert by stopping site.
2026-02-18T21:24:01.3113549Z State: Stopping, Action: StoppingSite, LastError: ContainerTimeout, LastErrorTimestamp: 02/18/2026 21:24:01, LastErrorDetails: Container did not start within expected time limit of 600s. Please inspect your container logs for more details., Details: Site container: options-scanner-backend-2exk6s terminated during site startup. Cancelling site startup., DetailsLevel: ERR
2026-02-18T21:24:01.3133763Z State: Stopping, Action: StoppingSiteContainers, LastError: ContainerTimeout, LastErrorTimestamp: 02/18/2026 21:24:01, LastErrorDetails: Container did not start within expected time limit of 600s. Please inspect your container logs for more details., Details: Site container: options-scanner-backend-2exk6s terminated during site startup. Cancelling site startup., DetailsLevel: ERR
2026-02-18T21:24:01.3217311Z Site: options-scanner-backend-2exk6s stopped.
2026-02-18T21:24:01.3401011Z State: Stopping, Action: UnmountingVolumes, LastError: ContainerTimeout, LastErrorTimestamp: 02/18/2026 21:24:01, LastErrorDetails: Container did not start within expected time limit of 600s. Please inspect your container logs for more details., Details: Site container: options-scanner-backend-2exk6s terminated during site startup. Cancelling site startup., DetailsLevel: ERR
2026-02-18T21:24:04.0681947Z Site container: options-scanner-backend-2exk6s_managedIdentity terminated during site startup.
2026-02-18T21:24:04.0683863Z State: Stopping, Action: UnmountingVolumes, LastError: ContainerTimeout, LastErrorTimestamp: 02/18/2026 21:24:01, LastErrorDetails: Container did not start within expected time limit of 600s. Please inspect your container logs for more details., Details: Site container: options-scanner-backend-2exk6s terminated during site startup. Cancelling site startup., DetailsLevel: ERR
2026-02-18T21:24:04.4151212Z State: Stopping, Action: StoppingSiteNetworks, LastError: ContainerTimeout, LastErrorTimestamp: 02/18/2026 21:24:01, LastErrorDetails: Container did not start within expected time limit of 600s. Please inspect your container logs for more details., Details: Site container: options-scanner-backend-2exk6s terminated during site startup. Cancelling site startup., DetailsLevel: ERR
2026-02-18T21:24:04.9002192Z State: Stopped, Action: None, LastError: ContainerTimeout, LastErrorTimestamp: 02/18/2026 21:24:01, LastErrorDetails: Container did not start within expected time limit of 600s. Please inspect your container logs for more details., Details: Site stopped at 02/18/2026 21:24:04 (UTC), DetailsLevel: ERR
2026-02-18T21:24:05.4021173Z State: Stopped, Action: None, LastError: ContainerTimeout, LastErrorTimestamp: 02/18/2026 21:24:01, LastErrorDetails: Container did not start within expected time limit of 600s. Please inspect your container logs for more details., Details: Site stopped at 02/18/2026 21:24:04 (UTC), DetailsLevel: ERR
2026-02-18T21:24:44.3150891Z State: Starting, Action: EstablishingSiteNetworks, LastError: ContainerTimeout, LastErrorTimestamp: 02/18/2026 21:24:01, LastErrorDetails: Container did not start within expected time limit of 600s. Please inspect your container logs for more details., Details: Site stopped at 02/18/2026 21:24:04 (UTC), DetailsLevel: ERR
2026-02-18T21:24:53.5959167Z State: Starting, Action: StartingMsiContainer, LastError: ContainerTimeout, LastErrorTimestamp: 02/18/2026 21:24:01, LastErrorDetails: Container did not start within expected time limit of 600s. Please inspect your container logs for more details., Details: Site stopped at 02/18/2026 21:24:04 (UTC), DetailsLevel: ERR
2026-02-18T21:25:13.5507165Z State: Starting, Action: StartingSiteContainers, LastError: ContainerTimeout, LastErrorTimestamp: 02/18/2026 21:24:01, LastErrorDetails: Container did not start within expected time limit of 600s. Please inspect your container logs for more details., Details: Site stopped at 02/18/2026 21:24:04 (UTC), DetailsLevel: ERR
2026-02-18T21:25:13.5526963Z Container start method called.
2026-02-18T21:25:13.5538961Z State: Starting, Action: PullingImage, LastError: ContainerTimeout, LastErrorTimestamp: 02/18/2026 21:24:01, LastErrorDetails: Container did not start within expected time limit of 600s. Please inspect your container logs for more details., Details: Pulling image 10.1.0.5:13209/appsvc/python:3.11_20260203.2.tuxprod for options-scanner-backend-2exk6s., DetailsLevel: INFO
2026-02-18T21:25:13.5718836Z Establishing network.
2026-02-18T21:25:13.5734191Z Pulling image: appsvc/python:3.11_20260203.2.tuxprod.
2026-02-18T21:25:13.8569877Z Container is starting.
2026-02-18T21:25:13.8579140Z State: Starting, Action: MountingVolumes, LastError: ContainerTimeout, LastErrorTimestamp: 02/18/2026 21:24:01, LastErrorDetails: Container did not start within expected time limit of 600s. Please inspect your container logs for more details., Details: Mounting volumes for options-scanner-backend-2exk6s., DetailsLevel: INFO
2026-02-18T21:25:13.8582374Z Establishing user namespace if not established already.
2026-02-18T21:25:13.8650763Z Establishing network if not established already.
2026-02-18T21:25:13.8652523Z Mounting volumes.
2026-02-18T21:25:13.8654311Z Nested mountpoint 
2026-02-18T21:25:13.9234874Z Nested mountpoint volatile/logs
2026-02-18T21:25:13.9823831Z Nested mountpoint 
2026-02-18T21:25:13.9833068Z Nested mountpoint 
2026-02-18T21:25:13.9842763Z Nested mountpoint 
2026-02-18T21:25:14.8701657Z State: Starting, Action: CreatingContainer, LastError: ContainerTimeout, LastErrorTimestamp: 02/18/2026 21:24:01, LastErrorDetails: Container did not start within expected time limit of 600s. Please inspect your container logs for more details., Details: Finished pulling container image and mounting volumes for options-scanner-backend-2exk6s. Allocatinng the rest of the container resources to finish container creation., DetailsLevel: INFO
2026-02-18T21:25:14.8704607Z Creating container.
2026-02-18T21:25:14.9003231Z Creating pipes for streaming container io.
2026-02-18T21:25:14.9899921Z Creating stdout named pipe at /podr/container/pipe/a574c349a45d_options-scanner-backend-2exk6s/stdout_6296e27988e9467aad7bb2af7312546f.
2026-02-18T21:25:14.9904682Z Successfully created stdout named pipe at: /podr/container/pipe/a574c349a45d_options-scanner-backend-2exk6s/stdout_6296e27988e9467aad7bb2af7312546f.
2026-02-18T21:25:14.9906101Z Opening named pipe /podr/container/pipe/a574c349a45d_options-scanner-backend-2exk6s/stdout_6296e27988e9467aad7bb2af7312546f for reading in non-blocking mode.
2026-02-18T21:25:15.0396045Z Successfully opened named pipe: /podr/container/pipe/a574c349a45d_options-scanner-backend-2exk6s/stdout_6296e27988e9467aad7bb2af7312546f.
2026-02-18T21:25:15.0584192Z Successfully removed non-blocking flag from /podr/container/pipe/a574c349a45d_options-scanner-backend-2exk6s/stdout_6296e27988e9467aad7bb2af7312546f.
2026-02-18T21:25:15.0596040Z Creating stderr named pipe at /podr/container/pipe/a574c349a45d_options-scanner-backend-2exk6s/stderr_ce4c77457d624a1f9aa9d5ccc6e4d171.
2026-02-18T21:25:15.0675182Z Successfully created stderr named pipe at: /podr/container/pipe/a574c349a45d_options-scanner-backend-2exk6s/stderr_ce4c77457d624a1f9aa9d5ccc6e4d171.
2026-02-18T21:25:15.0689474Z Opening named pipe /podr/container/pipe/a574c349a45d_options-scanner-backend-2exk6s/stderr_ce4c77457d624a1f9aa9d5ccc6e4d171 for reading in non-blocking mode.
2026-02-18T21:25:15.0776329Z Successfully opened named pipe: /podr/container/pipe/a574c349a45d_options-scanner-backend-2exk6s/stderr_ce4c77457d624a1f9aa9d5ccc6e4d171.
2026-02-18T21:25:15.1049513Z Successfully removed non-blocking flag from /podr/container/pipe/a574c349a45d_options-scanner-backend-2exk6s/stderr_ce4c77457d624a1f9aa9d5ccc6e4d171.
2026-02-18T21:25:15.1258800Z Creating container with image: appsvc/python:3.11_20260203.2.tuxprod from registry: 10.1.0.5:13209 and fully qualified image name: 10.1.0.5:13209/appsvc/python:3.11_20260203.2.tuxprod
2026-02-18T21:25:16.0780557Z Starting container: a574c349a45d_options-scanner-backend-2exk6s.
2026-02-18T21:25:16.2061972Z Starting watchers and probes.
2026-02-18T21:25:16.2209809Z Starting metrics collection.
2026-02-18T21:25:16.2459654Z Container is running.
2026-02-18T21:25:16.2466250Z State: Starting, Action: CreatingContainer, LastError: ContainerTimeout, LastErrorTimestamp: 02/18/2026 21:24:01, LastErrorDetails: Container did not start within expected time limit of 600s. Please inspect your container logs for more details., Details: Container options-scanner-backend-2exk6s successfully created and is running., DetailsLevel: INFO
2026-02-18T21:25:16.8886581Z Container start method finished after 3304 ms.
2026-02-18T21:25:16.9402804Z State: Starting, Action: InitiatingSiteWarmUpProbe, LastError: ContainerTimeout, LastErrorTimestamp: 02/18/2026 21:24:01, LastErrorDetails: Container did not start within expected time limit of 600s. Please inspect your container logs for more details., Details: Container options-scanner-backend-2exk6s successfully created and is running., DetailsLevel: INFO
2026-02-18T21:25:16.9410116Z State: Starting, Action: WaitingForSiteWarmUpProbeSuccess, LastError: ContainerTimeout, LastErrorTimestamp: 02/18/2026 21:24:01, LastErrorDetails: Container did not start within expected time limit of 600s. Please inspect your container logs for more details., Details: Pinging warmup path to ensure container is ready to receive requests., DetailsLevel: INFO
2026-02-18T21:25:59.2024833Z Container has finished running with exit code: 127.
2026-02-18T21:25:59.2104012Z Container is terminating. Grace period: 5 seconds.
2026-02-18T21:25:59.2197011Z Stop and delete container. Retry count = 0
2026-02-18T21:25:59.2199501Z Stopping container: a574c349a45d_options-scanner-backend-2exk6s.
2026-02-18T21:25:59.3565071Z Deleting container: a574c349a45d_options-scanner-backend-2exk6s. Retry count = 0
2026-02-18T21:25:59.7589342Z Container spec TerminationMessagePolicy  path 
2026-02-18T21:25:59.7887973Z Container is terminated. Total time elapsed: 575 ms.
2026-02-18T21:25:59.7979891Z Site container: options-scanner-backend-2exk6s terminated during site startup.
2026-02-18T21:25:59.8154062Z State: Stopping, Action: CancellingStartup, LastError: ContainerTimeout, LastErrorTimestamp: 02/18/2026 21:24:01, LastErrorDetails: Container did not start within expected time limit of 600s. Please inspect your container logs for more details., Details: Site container: options-scanner-backend-2exk6s terminated during site startup. Cancelling site startup., DetailsLevel: ERR
2026-02-18T21:26:00.0643479Z Site startup probe failed after 43.0870208 seconds.
2026-02-18T21:26:01.3099521Z State: Stopping, Action: CancellingStartup, LastError: ContainerTimeout, LastErrorTimestamp: 02/18/2026 21:26:01, LastErrorDetails: Container did not start within expected time limit of 600s. Please inspect your container logs for more details., Details: Site container: options-scanner-backend-2exk6s terminated during site startup. Cancelling site startup., DetailsLevel: ERR
2026-02-18T21:26:01.4445354Z Failed to start site. Revert by stopping site.
2026-02-18T21:26:01.5569764Z State: Stopping, Action: StoppingSite, LastError: ContainerTimeout, LastErrorTimestamp: 02/18/2026 21:26:01, LastErrorDetails: Container did not start within expected time limit of 600s. Please inspect your container logs for more details., Details: Site container: options-scanner-backend-2exk6s terminated during site startup. Cancelling site startup., DetailsLevel: ERR
2026-02-18T21:26:01.6176346Z State: Stopping, Action: StoppingSiteContainers, LastError: ContainerTimeout, LastErrorTimestamp: 02/18/2026 21:26:01, LastErrorDetails: Container did not start within expected time limit of 600s. Please inspect your container logs for more details., Details: Site container: options-scanner-backend-2exk6s terminated during site startup. Cancelling site startup., DetailsLevel: ERR
2026-02-18T21:26:01.6176636Z Site: options-scanner-backend-2exk6s stopped.
2026-02-18T21:26:01.7322403Z State: Stopping, Action: UnmountingVolumes, LastError: ContainerTimeout, LastErrorTimestamp: 02/18/2026 21:26:01, LastErrorDetails: Container did not start within expected time limit of 600s. Please inspect your container logs for more details., Details: Site container: options-scanner-backend-2exk6s terminated during site startup. Cancelling site startup., DetailsLevel: ERR
2026-02-18T21:26:05.5844186Z Site container: options-scanner-backend-2exk6s_managedIdentity terminated during site startup.
2026-02-18T21:26:05.5905898Z State: Stopping, Action: UnmountingVolumes, LastError: ContainerTimeout, LastErrorTimestamp: 02/18/2026 21:26:01, LastErrorDetails: Container did not start within expected time limit of 600s. Please inspect your container logs for more details., Details: Site container: options-scanner-backend-2exk6s terminated during site startup. Cancelling site startup., DetailsLevel: ERR
2026-02-18T21:26:05.9877687Z State: Stopping, Action: StoppingSiteNetworks, LastError: ContainerTimeout, LastErrorTimestamp: 02/18/2026 21:26:01, LastErrorDetails: Container did not start within expected time limit of 600s. Please inspect your container logs for more details., Details: Site container: options-scanner-backend-2exk6s terminated during site startup. Cancelling site startup., DetailsLevel: ERR
2026-02-18T21:26:07.5034110Z Site: options-scanner-backend-2exk6s will be blocked for 1 minutes till 02/18/2026 21:27:07
2026-02-18T21:26:07.5049846Z State: Blocked, Action: StoppingSiteNetworks, LastError: ContainerTimeout, LastErrorTimestamp: 02/18/2026 21:26:01, LastErrorDetails: Container did not start within expected time limit of 600s. Please inspect your container logs for more details., Details: Site: options-scanner-backend-2exk6s will be blocked for 1 minutes till 02/18/2026 21:27:07, DetailsLevel: WARN
2026-02-18T21:26:07.6186891Z State: Stopped, Action: None, LastError: ContainerTimeout, LastErrorTimestamp: 02/18/2026 21:26:01, LastErrorDetails: Container did not start within expected time limit of 600s. Please inspect your container logs for more details., Details: Site stopped at 02/18/2026 21:26:07 (UTC), DetailsLevel: WARN
2026-02-18T21:26:08.3813482Z State: Stopped, Action: None, LastError: ContainerTimeout, LastErrorTimestamp: 02/18/2026 21:26:01, LastErrorDetails: Container did not start within expected time limit of 600s. Please inspect your container logs for more details., Details: Site stopped at 02/18/2026 21:26:07 (UTC), DetailsLevel: WARN
2026-02-18T21:26:13.5846429Z State: Blocked, Action: None, LastError: ContainerTimeout, LastErrorTimestamp: 02/18/2026 21:26:01, LastErrorDetails: Container did not start within expected time limit of 600s. Please inspect your container logs for more details., Details: Site is blocked due to multiple, consecutive cold start failures. Site scheduled to be unblocked at 02/18/2026 21:27:07, DetailsLevel: WARN
2026-02-18T21:26:13.5934470Z Start site prohibitted because the site is being blocked.
2026-02-18T21:26:44.1347810Z State: Blocked, Action: None, LastError: ContainerTimeout, LastErrorTimestamp: 02/18/2026 21:26:01, LastErrorDetails: Container did not start within expected time limit of 600s. Please inspect your container logs for more details., Details: Site is blocked due to multiple, consecutive cold start failures. Site scheduled to be unblocked at 02/18/2026 21:27:07, DetailsLevel: WARN
2026-02-18T21:26:44.1865524Z Start site prohibitted because the site is being blocked.
2026-02-18T21:27:07.5008951Z Site: options-scanner-backend-2exk6s is unblocked.
2026-02-18T21:27:14.8430139Z State: Starting, Action: EstablishingSiteNetworks, LastError: ContainerTimeout, LastErrorTimestamp: 02/18/2026 21:26:01, LastErrorDetails: Container did not start within expected time limit of 600s. Please inspect your container logs for more details., Details: Site is blocked due to multiple, consecutive cold start failures. Site scheduled to be unblocked at 02/18/2026 21:27:07, DetailsLevel: WARN
2026-02-18T21:27:22.7994492Z State: Starting, Action: StartingMsiContainer, LastError: ContainerTimeout, LastErrorTimestamp: 02/18/2026 21:26:01, LastErrorDetails: Container did not start within expected time limit of 600s. Please inspect your container logs for more details., Details: Site is blocked due to multiple, consecutive cold start failures. Site scheduled to be unblocked at 02/18/2026 21:27:07, DetailsLevel: WARN
2026-02-18T21:27:45.3048684Z State: Starting, Action: StartingSiteContainers, LastError: ContainerTimeout, LastErrorTimestamp: 02/18/2026 21:26:01, LastErrorDetails: Container did not start within expected time limit of 600s. Please inspect your container logs for more details., Details: Site is blocked due to multiple, consecutive cold start failures. Site scheduled to be unblocked at 02/18/2026 21:27:07, DetailsLevel: WARN
2026-02-18T21:27:45.3063699Z Container start method called.
2026-02-18T21:27:45.3064940Z State: Starting, Action: PullingImage, LastError: ContainerTimeout, LastErrorTimestamp: 02/18/2026 21:26:01, LastErrorDetails: Container did not start within expected time limit of 600s. Please inspect your container logs for more details., Details: Pulling image 10.1.0.5:13209/appsvc/python:3.11_20260203.2.tuxprod for options-scanner-backend-2exk6s., DetailsLevel: INFO
2026-02-18T21:27:45.3067582Z Establishing network.
2026-02-18T21:27:45.3069152Z Pulling image: appsvc/python:3.11_20260203.2.tuxprod.
2026-02-18T21:27:46.2475975Z Container is starting.
2026-02-18T21:27:46.2476865Z State: Starting, Action: MountingVolumes, LastError: ContainerTimeout, LastErrorTimestamp: 02/18/2026 21:26:01, LastErrorDetails: Container did not start within expected time limit of 600s. Please inspect your container logs for more details., Details: Mounting volumes for options-scanner-backend-2exk6s., DetailsLevel: INFO
2026-02-18T21:27:46.2478063Z Establishing user namespace if not established already.
2026-02-18T21:27:46.2500267Z Establishing network if not established already.
2026-02-18T21:27:46.2502507Z Mounting volumes.
2026-02-18T21:27:46.2504159Z Nested mountpoint 
2026-02-18T21:27:46.3688266Z Nested mountpoint volatile/logs
2026-02-18T21:27:46.4149032Z Nested mountpoint 
2026-02-18T21:27:46.4242366Z Nested mountpoint 
2026-02-18T21:27:46.4446143Z Nested mountpoint 
2026-02-18T21:27:49.2499928Z State: Starting, Action: CreatingContainer, LastError: ContainerTimeout, LastErrorTimestamp: 02/18/2026 21:26:01, LastErrorDetails: Container did not start within expected time limit of 600s. Please inspect your container logs for more details., Details: Finished pulling container image and mounting volumes for options-scanner-backend-2exk6s. Allocatinng the rest of the container resources to finish container creation., DetailsLevel: INFO
2026-02-18T21:27:49.2514305Z Creating container.
2026-02-18T21:27:49.3208842Z Creating pipes for streaming container io.
2026-02-18T21:27:49.3224833Z Creating stdout named pipe at /podr/container/pipe/35e882da54c1_options-scanner-backend-2exk6s/stdout_f9b665f2f48d422ba41b75c01748166f.
2026-02-18T21:27:49.3232428Z Successfully created stdout named pipe at: /podr/container/pipe/35e882da54c1_options-scanner-backend-2exk6s/stdout_f9b665f2f48d422ba41b75c01748166f.
2026-02-18T21:27:49.3234712Z Opening named pipe /podr/container/pipe/35e882da54c1_options-scanner-backend-2exk6s/stdout_f9b665f2f48d422ba41b75c01748166f for reading in non-blocking mode.
2026-02-18T21:27:49.3237098Z Successfully opened named pipe: /podr/container/pipe/35e882da54c1_options-scanner-backend-2exk6s/stdout_f9b665f2f48d422ba41b75c01748166f.
2026-02-18T21:27:49.3238787Z Successfully removed non-blocking flag from /podr/container/pipe/35e882da54c1_options-scanner-backend-2exk6s/stdout_f9b665f2f48d422ba41b75c01748166f.
2026-02-18T21:27:49.3309178Z Creating stderr named pipe at /podr/container/pipe/35e882da54c1_options-scanner-backend-2exk6s/stderr_801c73071f02450cb4f88427f8a584e7.
2026-02-18T21:27:49.3312887Z Successfully created stderr named pipe at: /podr/container/pipe/35e882da54c1_options-scanner-backend-2exk6s/stderr_801c73071f02450cb4f88427f8a584e7.
2026-02-18T21:27:49.3415996Z Opening named pipe /podr/container/pipe/35e882da54c1_options-scanner-backend-2exk6s/stderr_801c73071f02450cb4f88427f8a584e7 for reading in non-blocking mode.
2026-02-18T21:27:49.3840424Z Successfully opened named pipe: /podr/container/pipe/35e882da54c1_options-scanner-backend-2exk6s/stderr_801c73071f02450cb4f88427f8a584e7.
2026-02-18T21:27:49.3930242Z Successfully removed non-blocking flag from /podr/container/pipe/35e882da54c1_options-scanner-backend-2exk6s/stderr_801c73071f02450cb4f88427f8a584e7.
2026-02-18T21:27:49.4049610Z Creating container with image: appsvc/python:3.11_20260203.2.tuxprod from registry: 10.1.0.5:13209 and fully qualified image name: 10.1.0.5:13209/appsvc/python:3.11_20260203.2.tuxprod
2026-02-18T21:27:51.2481526Z Starting container: 35e882da54c1_options-scanner-backend-2exk6s.
2026-02-18T21:27:51.5419145Z Starting watchers and probes.
2026-02-18T21:27:51.5869224Z Starting metrics collection.
2026-02-18T21:27:51.5889427Z Container is running.
2026-02-18T21:27:51.5969965Z State: Starting, Action: CreatingContainer, LastError: ContainerTimeout, LastErrorTimestamp: 02/18/2026 21:26:01, LastErrorDetails: Container did not start within expected time limit of 600s. Please inspect your container logs for more details., Details: Container options-scanner-backend-2exk6s successfully created and is running., DetailsLevel: INFO
2026-02-18T21:27:51.8662308Z Container start method finished after 6559 ms.
2026-02-18T21:27:52.0116100Z State: Starting, Action: InitiatingSiteWarmUpProbe, LastError: ContainerTimeout, LastErrorTimestamp: 02/18/2026 21:26:01, LastErrorDetails: Container did not start within expected time limit of 600s. Please inspect your container logs for more details., Details: Container options-scanner-backend-2exk6s successfully created and is running., DetailsLevel: INFO
2026-02-18T21:27:52.0116632Z State: Starting, Action: WaitingForSiteWarmUpProbeSuccess, LastError: ContainerTimeout, LastErrorTimestamp: 02/18/2026 21:26:01, LastErrorDetails: Container did not start within expected time limit of 600s. Please inspect your container logs for more details., Details: Pinging warmup path to ensure container is ready to receive requests., DetailsLevel: INFO
2026-02-18T21:28:29.0484119Z Container has finished running with exit code: 127.
2026-02-18T21:28:29.0553824Z Container is terminating. Grace period: 5 seconds.
2026-02-18T21:28:29.0571399Z Stop and delete container. Retry count = 0
2026-02-18T21:28:29.0646962Z Stopping container: 35e882da54c1_options-scanner-backend-2exk6s.
2026-02-18T21:28:29.2392578Z Deleting container: 35e882da54c1_options-scanner-backend-2exk6s. Retry count = 0
2026-02-18T21:28:29.6000711Z Container spec TerminationMessagePolicy  path 
2026-02-18T21:28:29.6077032Z Container is terminated. Total time elapsed: 545 ms.
2026-02-18T21:28:29.6078383Z Site container: options-scanner-backend-2exk6s terminated during site startup.
2026-02-18T21:28:29.6080096Z State: Stopping, Action: CancellingStartup, LastError: ContainerTimeout, LastErrorTimestamp: 02/18/2026 21:26:01, LastErrorDetails: Container did not start within expected time limit of 600s. Please inspect your container logs for more details., Details: Site container: options-scanner-backend-2exk6s terminated during site startup. Cancelling site startup., DetailsLevel: ERR
2026-02-18T21:28:31.6794028Z Site startup probe failed after 39.6304069 seconds.
2026-02-18T21:28:32.8122611Z State: Stopping, Action: CancellingStartup, LastError: ContainerTimeout, LastErrorTimestamp: 02/18/2026 21:28:32, LastErrorDetails: Container did not start within expected time limit of 600s. Please inspect your container logs for more details., Details: Site container: options-scanner-backend-2exk6s terminated during site startup. Cancelling site startup., DetailsLevel: ERR
2026-02-18T21:28:32.8311165Z Failed to start site. Revert by stopping site.
2026-02-18T21:28:32.8423070Z State: Stopping, Action: StoppingSite, LastError: ContainerTimeout, LastErrorTimestamp: 02/18/2026 21:28:32, LastErrorDetails: Container did not start within expected time limit of 600s. Please inspect your container logs for more details., Details: Site container: options-scanner-backend-2exk6s terminated during site startup. Cancelling site startup., DetailsLevel: ERR
2026-02-18T21:28:32.8791722Z State: Stopping, Action: StoppingSiteContainers, LastError: ContainerTimeout, LastErrorTimestamp: 02/18/2026 21:28:32, LastErrorDetails: Container did not start within expected time limit of 600s. Please inspect your container logs for more details., Details: Site container: options-scanner-backend-2exk6s terminated during site startup. Cancelling site startup., DetailsLevel: ERR
2026-02-18T21:28:32.8792677Z Site: options-scanner-backend-2exk6s stopped.
2026-02-18T21:28:32.8899201Z State: Stopping, Action: UnmountingVolumes, LastError: ContainerTimeout, LastErrorTimestamp: 02/18/2026 21:28:32, LastErrorDetails: Container did not start within expected time limit of 600s. Please inspect your container logs for more details., Details: Site container: options-scanner-backend-2exk6s terminated during site startup. Cancelling site startup., DetailsLevel: ERR
2026-02-18T21:28:34.9812756Z Site container: options-scanner-backend-2exk6s_managedIdentity terminated during site startup.
2026-02-18T21:28:34.9819589Z State: Stopping, Action: UnmountingVolumes, LastError: ContainerTimeout, LastErrorTimestamp: 02/18/2026 21:28:32, LastErrorDetails: Container did not start within expected time limit of 600s. Please inspect your container logs for more details., Details: Site container: options-scanner-backend-2exk6s terminated during site startup. Cancelling site startup., DetailsLevel: ERR
2026-02-18T21:28:35.0685637Z State: Stopping, Action: StoppingSiteNetworks, LastError: ContainerTimeout, LastErrorTimestamp: 02/18/2026 21:28:32, LastErrorDetails: Container did not start within expected time limit of 600s. Please inspect your container logs for more details., Details: Site container: options-scanner-backend-2exk6s terminated during site startup. Cancelling site startup., DetailsLevel: ERR
2026-02-18T21:28:35.7375100Z Site: options-scanner-backend-2exk6s will be blocked for 1 minutes till 02/18/2026 21:29:35
2026-02-18T21:28:35.7381991Z State: Blocked, Action: StoppingSiteNetworks, LastError: ContainerTimeout, LastErrorTimestamp: 02/18/2026 21:28:32, LastErrorDetails: Container did not start within expected time limit of 600s. Please inspect your container logs for more details., Details: Site: options-scanner-backend-2exk6s will be blocked for 1 minutes till 02/18/2026 21:29:35, DetailsLevel: WARN
2026-02-18T21:28:35.7386139Z State: Stopped, Action: None, LastError: ContainerTimeout, LastErrorTimestamp: 02/18/2026 21:28:32, LastErrorDetails: Container did not start within expected time limit of 600s. Please inspect your container logs for more details., Details: Site stopped at 02/18/2026 21:28:35 (UTC), DetailsLevel: WARN
2026-02-18T21:28:35.9889967Z State: Stopped, Action: None, LastError: ContainerTimeout, LastErrorTimestamp: 02/18/2026 21:28:32, LastErrorDetails: Container did not start within expected time limit of 600s. Please inspect your container logs for more details., Details: Site stopped at 02/18/2026 21:28:35 (UTC), DetailsLevel: WARN
2026-02-18T21:28:44.9645230Z State: Blocked, Action: None, LastError: ContainerTimeout, LastErrorTimestamp: 02/18/2026 21:28:32, LastErrorDetails: Container did not start within expected time limit of 600s. Please inspect your container logs for more details., Details: Site is blocked due to multiple, consecutive cold start failures. Site scheduled to be unblocked at 02/18/2026 21:29:35, DetailsLevel: WARN
2026-02-18T21:28:44.9661563Z Start site prohibitted because the site is being blocked.
2026-02-18T21:29:15.2359887Z State: Blocked, Action: None, LastError: ContainerTimeout, LastErrorTimestamp: 02/18/2026 21:28:32, LastErrorDetails: Container did not start within expected time limit of 600s. Please inspect your container logs for more details., Details: Site is blocked due to multiple, consecutive cold start failures. Site scheduled to be unblocked at 02/18/2026 21:29:35, DetailsLevel: WARN
2026-02-18T21:29:15.2370700Z Start site prohibitted because the site is being blocked.
2026-02-18T21:29:35.7289484Z Site: options-scanner-backend-2exk6s is unblocked.
2026-02-18T21:29:45.5504620Z State: Starting, Action: EstablishingSiteNetworks, LastError: ContainerTimeout, LastErrorTimestamp: 02/18/2026 21:28:32, LastErrorDetails: Container did not start within expected time limit of 600s. Please inspect your container logs for more details., Details: Site is blocked due to multiple, consecutive cold start failures. Site scheduled to be unblocked at 02/18/2026 21:29:35, DetailsLevel: WARN
2026-02-18T21:29:49.6445187Z State: Starting, Action: StartingMsiContainer, LastError: ContainerTimeout, LastErrorTimestamp: 02/18/2026 21:28:32, LastErrorDetails: Container did not start within expected time limit of 600s. Please inspect your container logs for more details., Details: Site is blocked due to multiple, consecutive cold start failures. Site scheduled to be unblocked at 02/18/2026 21:29:35, DetailsLevel: WARN
2026-02-18T21:30:06.9643311Z State: Starting, Action: StartingSiteContainers, LastError: ContainerTimeout, LastErrorTimestamp: 02/18/2026 21:28:32, LastErrorDetails: Container did not start within expected time limit of 600s. Please inspect your container logs for more details., Details: Site is blocked due to multiple, consecutive cold start failures. Site scheduled to be unblocked at 02/18/2026 21:29:35, DetailsLevel: WARN
2026-02-18T21:30:07.0190353Z Container start method called.
2026-02-18T21:30:07.0199017Z State: Starting, Action: PullingImage, LastError: ContainerTimeout, LastErrorTimestamp: 02/18/2026 21:28:32, LastErrorDetails: Container did not start within expected time limit of 600s. Please inspect your container logs for more details., Details: Pulling image 10.1.0.5:13209/appsvc/python:3.11_20260203.2.tuxprod for options-scanner-backend-2exk6s., DetailsLevel: INFO
2026-02-18T21:30:07.0201863Z Establishing network.
2026-02-18T21:30:07.0209564Z Pulling image: appsvc/python:3.11_20260203.2.tuxprod.
2026-02-18T21:30:07.5257092Z Container is starting.
2026-02-18T21:30:07.5463471Z State: Starting, Action: MountingVolumes, LastError: ContainerTimeout, LastErrorTimestamp: 02/18/2026 21:28:32, LastErrorDetails: Container did not start within expected time limit of 600s. Please inspect your container logs for more details., Details: Mounting volumes for options-scanner-backend-2exk6s., DetailsLevel: INFO
2026-02-18T21:30:07.6110766Z Establishing user namespace if not established already.
2026-02-18T21:30:07.6209424Z Establishing network if not established already.
2026-02-18T21:30:07.6281207Z Mounting volumes.
2026-02-18T21:30:07.6300584Z Nested mountpoint 
2026-02-18T21:30:07.6492759Z Nested mountpoint volatile/logs
2026-02-18T21:30:07.6785664Z Nested mountpoint 
2026-02-18T21:30:07.6977088Z Nested mountpoint 
2026-02-18T21:30:07.9201645Z Nested mountpoint 
2026-02-18T21:30:08.9450083Z State: Starting, Action: CreatingContainer, LastError: ContainerTimeout, LastErrorTimestamp: 02/18/2026 21:28:32, LastErrorDetails: Container did not start within expected time limit of 600s. Please inspect your container logs for more details., Details: Finished pulling container image and mounting volumes for options-scanner-backend-2exk6s. Allocatinng the rest of the container resources to finish container creation., DetailsLevel: INFO
2026-02-18T21:30:08.9523125Z Creating container.
2026-02-18T21:30:08.9541348Z Creating pipes for streaming container io.
2026-02-18T21:30:08.9550748Z Creating stdout named pipe at /podr/container/pipe/840d1dcfd1ad_options-scanner-backend-2exk6s/stdout_67deeb221fac4d609912a4567b1a48dd.
2026-02-18T21:30:08.9902027Z Successfully created stdout named pipe at: /podr/container/pipe/840d1dcfd1ad_options-scanner-backend-2exk6s/stdout_67deeb221fac4d609912a4567b1a48dd.
2026-02-18T21:30:08.9923255Z Opening named pipe /podr/container/pipe/840d1dcfd1ad_options-scanner-backend-2exk6s/stdout_67deeb221fac4d609912a4567b1a48dd for reading in non-blocking mode.
2026-02-18T21:30:09.0026115Z Successfully opened named pipe: /podr/container/pipe/840d1dcfd1ad_options-scanner-backend-2exk6s/stdout_67deeb221fac4d609912a4567b1a48dd.
2026-02-18T21:30:09.0432255Z Successfully removed non-blocking flag from /podr/container/pipe/840d1dcfd1ad_options-scanner-backend-2exk6s/stdout_67deeb221fac4d609912a4567b1a48dd.
2026-02-18T21:30:09.0605881Z Creating stderr named pipe at /podr/container/pipe/840d1dcfd1ad_options-scanner-backend-2exk6s/stderr_6455232e178b420db9931e99e526d7bb.
2026-02-18T21:30:09.0608172Z Successfully created stderr named pipe at: /podr/container/pipe/840d1dcfd1ad_options-scanner-backend-2exk6s/stderr_6455232e178b420db9931e99e526d7bb.
2026-02-18T21:30:09.0609354Z Opening named pipe /podr/container/pipe/840d1dcfd1ad_options-scanner-backend-2exk6s/stderr_6455232e178b420db9931e99e526d7bb for reading in non-blocking mode.
2026-02-18T21:30:09.0610608Z Successfully opened named pipe: /podr/container/pipe/840d1dcfd1ad_options-scanner-backend-2exk6s/stderr_6455232e178b420db9931e99e526d7bb.
2026-02-18T21:30:09.0611767Z Successfully removed non-blocking flag from /podr/container/pipe/840d1dcfd1ad_options-scanner-backend-2exk6s/stderr_6455232e178b420db9931e99e526d7bb.
2026-02-18T21:30:09.0613319Z Creating container with image: appsvc/python:3.11_20260203.2.tuxprod from registry: 10.1.0.5:13209 and fully qualified image name: 10.1.0.5:13209/appsvc/python:3.11_20260203.2.tuxprod
2026-02-18T21:30:11.5343961Z Starting container: 840d1dcfd1ad_options-scanner-backend-2exk6s.
2026-02-18T21:30:11.9638853Z Starting watchers and probes.
2026-02-18T21:30:11.9642747Z Starting metrics collection.
2026-02-18T21:30:11.9644468Z Container is running.
2026-02-18T21:30:11.9769439Z State: Starting, Action: CreatingContainer, LastError: ContainerTimeout, LastErrorTimestamp: 02/18/2026 21:28:32, LastErrorDetails: Container did not start within expected time limit of 600s. Please inspect your container logs for more details., Details: Container options-scanner-backend-2exk6s successfully created and is running., DetailsLevel: INFO
2026-02-18T21:30:12.6958158Z Container start method finished after 5676 ms.
2026-02-18T21:30:12.7264113Z State: Starting, Action: InitiatingSiteWarmUpProbe, LastError: ContainerTimeout, LastErrorTimestamp: 02/18/2026 21:28:32, LastErrorDetails: Container did not start within expected time limit of 600s. Please inspect your container logs for more details., Details: Container options-scanner-backend-2exk6s successfully created and is running., DetailsLevel: INFO
2026-02-18T21:30:12.7265149Z State: Starting, Action: WaitingForSiteWarmUpProbeSuccess, LastError: ContainerTimeout, LastErrorTimestamp: 02/18/2026 21:28:32, LastErrorDetails: Container did not start within expected time limit of 600s. Please inspect your container logs for more details., Details: Pinging warmup path to ensure container is ready to receive requests., DetailsLevel: INFO
2026-02-18T21:30:49.4856159Z Container has finished running with exit code: 127.
2026-02-18T21:30:49.4930531Z Container is terminating. Grace period: 5 seconds.
2026-02-18T21:30:49.4955504Z Stop and delete container. Retry count = 0
2026-02-18T21:30:49.5042520Z Stopping container: 840d1dcfd1ad_options-scanner-backend-2exk6s.
2026-02-18T21:30:49.6499952Z Deleting container: 840d1dcfd1ad_options-scanner-backend-2exk6s. Retry count = 0
2026-02-18T21:30:50.0365774Z Container spec TerminationMessagePolicy  path 
2026-02-18T21:30:50.0436608Z Container is terminated. Total time elapsed: 544 ms.
2026-02-18T21:30:50.0451159Z Site container: options-scanner-backend-2exk6s terminated during site startup.
2026-02-18T21:30:50.0518823Z State: Stopping, Action: CancellingStartup, LastError: ContainerTimeout, LastErrorTimestamp: 02/18/2026 21:28:32, LastErrorDetails: Container did not start within expected time limit of 600s. Please inspect your container logs for more details., Details: Site container: options-scanner-backend-2exk6s terminated during site startup. Cancelling site startup., DetailsLevel: ERR
2026-02-18T21:30:51.8418854Z Site startup probe failed after 38.9966437 seconds.
2026-02-18T21:30:52.7384363Z State: Stopping, Action: CancellingStartup, LastError: ContainerTimeout, LastErrorTimestamp: 02/18/2026 21:30:52, LastErrorDetails: Container did not start within expected time limit of 600s. Please inspect your container logs for more details., Details: Site container: options-scanner-backend-2exk6s terminated during site startup. Cancelling site startup., DetailsLevel: ERR
2026-02-18T21:30:52.7901807Z Failed to start site. Revert by stopping site.
2026-02-18T21:30:52.8083071Z State: Stopping, Action: StoppingSite, LastError: ContainerTimeout, LastErrorTimestamp: 02/18/2026 21:30:52, LastErrorDetails: Container did not start within expected time limit of 600s. Please inspect your container logs for more details., Details: Site container: options-scanner-backend-2exk6s terminated during site startup. Cancelling site startup., DetailsLevel: ERR
2026-02-18T21:30:52.8096552Z State: Stopping, Action: StoppingSiteContainers, LastError: ContainerTimeout, LastErrorTimestamp: 02/18/2026 21:30:52, LastErrorDetails: Container did not start within expected time limit of 600s. Please inspect your container logs for more details., Details: Site container: options-scanner-backend-2exk6s terminated during site startup. Cancelling site startup., DetailsLevel: ERR
2026-02-18T21:30:52.8096734Z Site: options-scanner-backend-2exk6s stopped.
2026-02-18T21:45:51.1119643Z State: Starting, Action: EstablishingSiteNetworks, LastError: ContainerTimeout, LastErrorTimestamp: 02/18/2026 21:30:52, LastErrorDetails: Container did not start within expected time limit of 600s. Please inspect your container logs for more details., Details: Site stopped at 02/18/2026 21:30:55 (UTC), DetailsLevel: WARN
2026-02-18T21:45:54.7091291Z State: Starting, Action: StartingMsiContainer, LastError: ContainerTimeout, LastErrorTimestamp: 02/18/2026 21:30:52, LastErrorDetails: Container did not start within expected time limit of 600s. Please inspect your container logs for more details., Details: Site stopped at 02/18/2026 21:30:55 (UTC), DetailsLevel: WARN
2026-02-18T21:46:12.6159115Z State: Starting, Action: StartingSiteContainers, LastError: ContainerTimeout, LastErrorTimestamp: 02/18/2026 21:30:52, LastErrorDetails: Container did not start within expected time limit of 600s. Please inspect your container logs for more details., Details: Site stopped at 02/18/2026 21:30:55 (UTC), DetailsLevel: WARN
2026-02-18T21:46:12.6211073Z Container start method called.
2026-02-18T21:46:12.6241566Z State: Starting, Action: PullingImage, LastError: ContainerTimeout, LastErrorTimestamp: 02/18/2026 21:30:52, LastErrorDetails: Container did not start within expected time limit of 600s. Please inspect your container logs for more details., Details: Pulling image 10.1.0.4:13209/appsvc/python:3.11_20260203.2.tuxprod for options-scanner-backend-2exk6s., DetailsLevel: INFO
2026-02-18T21:46:12.6324868Z Establishing network.
2026-02-18T21:46:12.6327003Z Pulling image: appsvc/python:3.11_20260203.2.tuxprod.
2026-02-18T21:46:12.8526283Z Container is starting.
2026-02-18T21:46:12.8531222Z State: Starting, Action: MountingVolumes, LastError: ContainerTimeout, LastErrorTimestamp: 02/18/2026 21:30:52, LastErrorDetails: Container did not start within expected time limit of 600s. Please inspect your container logs for more details., Details: Mounting volumes for options-scanner-backend-2exk6s., DetailsLevel: INFO
2026-02-18T21:46:12.8537607Z Establishing user namespace if not established already.
2026-02-18T21:46:12.8544511Z Establishing network if not established already.
2026-02-18T21:46:12.8610527Z Mounting volumes.
2026-02-18T21:46:12.8613317Z Nested mountpoint 
2026-02-18T21:46:12.8992334Z Nested mountpoint volatile/logs
2026-02-18T21:46:12.9412112Z Nested mountpoint 
2026-02-18T21:46:12.9781291Z Nested mountpoint 
2026-02-18T21:46:13.0165889Z Nested mountpoint 
2026-02-18T21:46:13.6388187Z State: Starting, Action: CreatingContainer, LastError: ContainerTimeout, LastErrorTimestamp: 02/18/2026 21:30:52, LastErrorDetails: Container did not start within expected time limit of 600s. Please inspect your container logs for more details., Details: Finished pulling container image and mounting volumes for options-scanner-backend-2exk6s. Allocatinng the rest of the container resources to finish container creation., DetailsLevel: INFO
2026-02-18T21:46:13.6393069Z Creating container.
2026-02-18T21:46:13.6395278Z Creating pipes for streaming container io.
2026-02-18T21:46:13.6405994Z Creating stdout named pipe at /podr/container/pipe/835e51ca4595_options-scanner-backend-2exk6s/stdout_fdd5693f3f3442bc92f435c6f189c121.
2026-02-18T21:46:13.6494689Z Successfully created stdout named pipe at: /podr/container/pipe/835e51ca4595_options-scanner-backend-2exk6s/stdout_fdd5693f3f3442bc92f435c6f189c121.
2026-02-18T21:46:13.6573751Z Opening named pipe /podr/container/pipe/835e51ca4595_options-scanner-backend-2exk6s/stdout_fdd5693f3f3442bc92f435c6f189c121 for reading in non-blocking mode.
2026-02-18T21:46:13.6584342Z Successfully opened named pipe: /podr/container/pipe/835e51ca4595_options-scanner-backend-2exk6s/stdout_fdd5693f3f3442bc92f435c6f189c121.
2026-02-18T21:46:13.6586208Z Successfully removed non-blocking flag from /podr/container/pipe/835e51ca4595_options-scanner-backend-2exk6s/stdout_fdd5693f3f3442bc92f435c6f189c121.
2026-02-18T21:46:13.6760549Z Creating stderr named pipe at /podr/container/pipe/835e51ca4595_options-scanner-backend-2exk6s/stderr_0011b0a8cb314e44a5ba4080c8ae6e88.
2026-02-18T21:46:13.6769165Z Successfully created stderr named pipe at: /podr/container/pipe/835e51ca4595_options-scanner-backend-2exk6s/stderr_0011b0a8cb314e44a5ba4080c8ae6e88.
2026-02-18T21:46:13.6861693Z Opening named pipe /podr/container/pipe/835e51ca4595_options-scanner-backend-2exk6s/stderr_0011b0a8cb314e44a5ba4080c8ae6e88 for reading in non-blocking mode.
2026-02-18T21:46:13.6954847Z Successfully opened named pipe: /podr/container/pipe/835e51ca4595_options-scanner-backend-2exk6s/stderr_0011b0a8cb314e44a5ba4080c8ae6e88.
2026-02-18T21:46:13.6962855Z Successfully removed non-blocking flag from /podr/container/pipe/835e51ca4595_options-scanner-backend-2exk6s/stderr_0011b0a8cb314e44a5ba4080c8ae6e88.
2026-02-18T21:46:13.7039410Z Creating container with image: appsvc/python:3.11_20260203.2.tuxprod from registry: 10.1.0.4:13209 and fully qualified image name: 10.1.0.4:13209/appsvc/python:3.11_20260203.2.tuxprod
2026-02-18T21:46:14.4085662Z Starting container: 835e51ca4595_options-scanner-backend-2exk6s.
2026-02-18T21:46:14.5281006Z Starting watchers and probes.
2026-02-18T21:46:14.5480453Z Starting metrics collection.
2026-02-18T21:46:14.5646446Z Container is running.
2026-02-18T21:46:14.5647501Z State: Starting, Action: CreatingContainer, LastError: ContainerTimeout, LastErrorTimestamp: 02/18/2026 21:30:52, LastErrorDetails: Container did not start within expected time limit of 600s. Please inspect your container logs for more details., Details: Container options-scanner-backend-2exk6s successfully created and is running., DetailsLevel: INFO
2026-02-18T21:46:14.7740451Z Container start method finished after 2144 ms.
2026-02-18T21:46:14.8125682Z State: Starting, Action: InitiatingSiteWarmUpProbe, LastError: ContainerTimeout, LastErrorTimestamp: 02/18/2026 21:30:52, LastErrorDetails: Container did not start within expected time limit of 600s. Please inspect your container logs for more details., Details: Container options-scanner-backend-2exk6s successfully created and is running., DetailsLevel: INFO
2026-02-18T21:46:14.8137183Z State: Starting, Action: WaitingForSiteWarmUpProbeSuccess, LastError: ContainerTimeout, LastErrorTimestamp: 02/18/2026 21:30:52, LastErrorDetails: Container did not start within expected time limit of 600s. Please inspect your container logs for more details., Details: Pinging warmup path to ensure container is ready to receive requests., DetailsLevel: INFO
2026-02-18T21:47:46.6460973Z Site startup probe succeeded after 91.6946481 seconds.
2026-02-18T21:47:50.0229298Z State: Starting, Action: WarmUpProbeSucceeded, LastError: ContainerTimeout, LastErrorTimestamp: 02/18/2026 21:30:52, LastErrorDetails: Container did not start within expected time limit of 600s. Please inspect your container logs for more details., Details: Site startup probe succeeded after 91.6946481 seconds., DetailsLevel: INFO
2026-02-18T21:47:50.3379947Z Site is running with deployment version: 7cf437d0-2e60-499d-a94f-7bc62d09dd69
2026-02-18T21:47:50.3482621Z Site started.
2026-02-18T21:47:50.3502975Z State: Started, Action: None, LastError: ContainerTimeout, LastErrorTimestamp: 02/18/2026 21:30:52, LastErrorDetails: Container did not start within expected time limit of 600s. Please inspect your container logs for more details., Details: Site started at 02/18/2026 21:47:50 (UTC), DetailsLevel: INFO
2026-02-18T21:47:50.6721344Z Site is running with patch version PYTHON 3.11.14
2026-02-18T21:51:03.3373508Z State: Starting, Action: EstablishingSiteNetworks, LastError: , LastErrorTimestamp: 01/01/0001 00:00:00, LastErrorDetails: , Details: , DetailsLevel: INFO
2026-02-18T21:51:08.2565507Z State: Starting, Action: StartingMsiContainer, LastError: , LastErrorTimestamp: 01/01/0001 00:00:00, LastErrorDetails: , Details: , DetailsLevel: INFO
2026-02-18T21:51:23.9428205Z State: Starting, Action: StartingSiteContainers, LastError: , LastErrorTimestamp: 01/01/0001 00:00:00, LastErrorDetails: , Details: , DetailsLevel: INFO
2026-02-18T21:51:23.9476033Z Container start method called.
2026-02-18T21:51:23.9485066Z State: Starting, Action: PullingImage, LastError: , LastErrorTimestamp: 01/01/0001 00:00:00, LastErrorDetails: , Details: Pulling image 10.1.0.4:13209/appsvc/python:3.11_20260203.2.tuxprod for options-scanner-backend-2exk6s., DetailsLevel: INFO
2026-02-18T21:51:23.9497134Z Establishing network.
2026-02-18T21:51:23.9568806Z Pulling image: appsvc/python:3.11_20260203.2.tuxprod.
2026-02-18T21:51:24.1409095Z Container is starting.
2026-02-18T21:51:24.1476172Z State: Starting, Action: MountingVolumes, LastError: , LastErrorTimestamp: 01/01/0001 00:00:00, LastErrorDetails: , Details: Mounting volumes for options-scanner-backend-2exk6s., DetailsLevel: INFO
2026-02-18T21:51:24.1490069Z Establishing user namespace if not established already.
2026-02-18T21:51:24.1492163Z Establishing network if not established already.
2026-02-18T21:51:24.1494088Z Mounting volumes.
2026-02-18T21:51:24.1496928Z Nested mountpoint 
2026-02-18T21:51:24.2542793Z Nested mountpoint volatile/logs
2026-02-18T21:51:24.2815849Z Nested mountpoint 
2026-02-18T21:51:24.3725213Z Nested mountpoint 
2026-02-18T21:51:24.4993718Z Nested mountpoint 
2026-02-18T21:51:27.3610419Z State: Starting, Action: CreatingContainer, LastError: , LastErrorTimestamp: 01/01/0001 00:00:00, LastErrorDetails: , Details: Finished pulling container image and mounting volumes for options-scanner-backend-2exk6s. Allocatinng the rest of the container resources to finish container creation., DetailsLevel: INFO
2026-02-18T21:51:27.3709377Z Creating container.
2026-02-18T21:51:27.4071383Z Creating pipes for streaming container io.
2026-02-18T21:51:27.4079955Z Creating stdout named pipe at /podr/container/pipe/578a2b6a51e8_options-scanner-backend-2exk6s/stdout_a1793fa1b4364646988fc8a4019b5352.
2026-02-18T21:51:27.4083444Z Successfully created stdout named pipe at: /podr/container/pipe/578a2b6a51e8_options-scanner-backend-2exk6s/stdout_a1793fa1b4364646988fc8a4019b5352.
2026-02-18T21:51:27.4096682Z Opening named pipe /podr/container/pipe/578a2b6a51e8_options-scanner-backend-2exk6s/stdout_a1793fa1b4364646988fc8a4019b5352 for reading in non-blocking mode.
2026-02-18T21:51:27.4736821Z Successfully opened named pipe: /podr/container/pipe/578a2b6a51e8_options-scanner-backend-2exk6s/stdout_a1793fa1b4364646988fc8a4019b5352.
2026-02-18T21:51:27.4758298Z Successfully removed non-blocking flag from /podr/container/pipe/578a2b6a51e8_options-scanner-backend-2exk6s/stdout_a1793fa1b4364646988fc8a4019b5352.
2026-02-18T21:51:27.5048485Z Creating stderr named pipe at /podr/container/pipe/578a2b6a51e8_options-scanner-backend-2exk6s/stderr_99dab4216cb74adfb34904c7f21f31ca.
2026-02-18T21:51:27.5070684Z Successfully created stderr named pipe at: /podr/container/pipe/578a2b6a51e8_options-scanner-backend-2exk6s/stderr_99dab4216cb74adfb34904c7f21f31ca.
2026-02-18T21:51:27.5152212Z Opening named pipe /podr/container/pipe/578a2b6a51e8_options-scanner-backend-2exk6s/stderr_99dab4216cb74adfb34904c7f21f31ca for reading in non-blocking mode.
2026-02-18T21:51:27.5741093Z Successfully opened named pipe: /podr/container/pipe/578a2b6a51e8_options-scanner-backend-2exk6s/stderr_99dab4216cb74adfb34904c7f21f31ca.
2026-02-18T21:51:27.5764198Z Successfully removed non-blocking flag from /podr/container/pipe/578a2b6a51e8_options-scanner-backend-2exk6s/stderr_99dab4216cb74adfb34904c7f21f31ca.
2026-02-18T21:51:27.5854497Z Creating container with image: appsvc/python:3.11_20260203.2.tuxprod from registry: 10.1.0.4:13209 and fully qualified image name: 10.1.0.4:13209/appsvc/python:3.11_20260203.2.tuxprod
2026-02-18T21:51:28.4602557Z Starting container: 578a2b6a51e8_options-scanner-backend-2exk6s.
2026-02-18T21:51:28.5747608Z Starting watchers and probes.
2026-02-18T21:51:28.5754069Z Starting metrics collection.
2026-02-18T21:51:28.5756247Z Container is running.
2026-02-18T21:51:28.5758370Z State: Starting, Action: CreatingContainer, LastError: , LastErrorTimestamp: 01/01/0001 00:00:00, LastErrorDetails: , Details: Container options-scanner-backend-2exk6s successfully created and is running., DetailsLevel: INFO
2026-02-18T21:51:29.0992348Z Container start method finished after 5151 ms.
2026-02-18T21:51:29.1084968Z State: Starting, Action: InitiatingSiteWarmUpProbe, LastError: , LastErrorTimestamp: 01/01/0001 00:00:00, LastErrorDetails: , Details: Container options-scanner-backend-2exk6s successfully created and is running., DetailsLevel: INFO
2026-02-18T21:51:29.1869686Z State: Starting, Action: WaitingForSiteWarmUpProbeSuccess, LastError: , LastErrorTimestamp: 01/01/0001 00:00:00, LastErrorDetails: , Details: Pinging warmup path to ensure container is ready to receive requests., DetailsLevel: INFO
2026-02-18T21:53:30.1201020Z Site startup probe succeeded after 120.8748162 seconds.
2026-02-18T21:53:30.5056771Z State: Starting, Action: WarmUpProbeSucceeded, LastError: , LastErrorTimestamp: 01/01/0001 00:00:00, LastErrorDetails: , Details: Site startup probe succeeded after 120.8748162 seconds., DetailsLevel: INFO
2026-02-18T21:53:30.7291471Z Site is running with deployment version: 14ea2615-a788-4f7a-a013-4aee4e371daf
2026-02-18T21:53:30.7373407Z Site started.
2026-02-18T21:53:30.7391800Z State: Started, Action: None, LastError: , LastErrorTimestamp: 01/01/0001 00:00:00, LastErrorDetails: , Details: Site started at 02/18/2026 21:53:30 (UTC), DetailsLevel: INFO
2026-02-18T21:53:30.7523573Z Site is running with patch version PYTHON 3.11.14
2026-02-18T21:53:51.0605582Z State: Stopping, Action: StoppingSite, LastError: ContainerTimeout, LastErrorTimestamp: 02/18/2026 21:30:52, LastErrorDetails: Container did not start within expected time limit of 600s. Please inspect your container logs for more details., Details: Site started at 02/18/2026 21:47:50 (UTC), DetailsLevel: INFO
2026-02-18T21:53:51.0755546Z State: Stopping, Action: StoppingSiteContainers, LastError: ContainerTimeout, LastErrorTimestamp: 02/18/2026 21:30:52, LastErrorDetails: Container did not start within expected time limit of 600s. Please inspect your container logs for more details., Details: Site started at 02/18/2026 21:47:50 (UTC), DetailsLevel: INFO
2026-02-18T21:53:51.0855576Z Container is terminating. Grace period: 5 seconds.
2026-02-18T21:53:51.2982064Z Stop and delete container. Retry count = 0
2026-02-18T21:53:51.2997983Z Stopping container: 835e51ca4595_options-scanner-backend-2exk6s.
2026-02-18T21:53:56.4284587Z Deleting container: 835e51ca4595_options-scanner-backend-2exk6s. Retry count = 0
2026-02-18T21:53:59.4681976Z Container spec TerminationMessagePolicy  path 
2026-02-18T21:53:59.4759494Z Container is terminated. Total time elapsed: 8389 ms.
2026-02-18T21:53:59.4890773Z Site: options-scanner-backend-2exk6s stopped.
2026-02-18T23:16:44.9683054Z State: Starting, Action: EstablishingSiteNetworks, LastError: , LastErrorTimestamp: 01/01/0001 00:00:00, LastErrorDetails: , Details: , DetailsLevel: INFO
2026-02-18T23:16:50.2671511Z State: Starting, Action: StartingMsiContainer, LastError: , LastErrorTimestamp: 01/01/0001 00:00:00, LastErrorDetails: , Details: , DetailsLevel: INFO
2026-02-18T23:17:10.9956018Z State: Starting, Action: StartingSiteContainers, LastError: , LastErrorTimestamp: 01/01/0001 00:00:00, LastErrorDetails: , Details: , DetailsLevel: INFO
2026-02-18T23:17:10.9960797Z Container start method called.
2026-02-18T23:17:10.9961403Z State: Starting, Action: PullingImage, LastError: , LastErrorTimestamp: 01/01/0001 00:00:00, LastErrorDetails: , Details: Pulling image 10.1.0.5:13209/appsvc/python:3.11_20260203.2.tuxprod for options-scanner-backend-2exk6s., DetailsLevel: INFO
2026-02-18T23:17:10.9962636Z Establishing network.
2026-02-18T23:17:10.9963792Z Pulling image: appsvc/python:3.11_20260203.2.tuxprod.
2026-02-18T23:17:11.4313937Z Container is starting.
2026-02-18T23:17:11.4479763Z State: Starting, Action: MountingVolumes, LastError: , LastErrorTimestamp: 01/01/0001 00:00:00, LastErrorDetails: , Details: Mounting volumes for options-scanner-backend-2exk6s., DetailsLevel: INFO
2026-02-18T23:17:11.4481853Z Establishing user namespace if not established already.
2026-02-18T23:17:11.4483453Z Establishing network if not established already.
2026-02-18T23:17:11.4484748Z Mounting volumes.
2026-02-18T23:17:11.4486243Z Nested mountpoint 
2026-02-18T23:17:11.5434425Z Nested mountpoint volatile/logs
2026-02-18T23:17:11.6168282Z Nested mountpoint 
2026-02-18T23:17:11.9007843Z Nested mountpoint 
2026-02-18T23:17:11.9554188Z Nested mountpoint 
2026-02-18T23:17:12.6529262Z State: Starting, Action: CreatingContainer, LastError: , LastErrorTimestamp: 01/01/0001 00:00:00, LastErrorDetails: , Details: Finished pulling container image and mounting volumes for options-scanner-backend-2exk6s. Allocatinng the rest of the container resources to finish container creation., DetailsLevel: INFO
2026-02-18T23:17:12.7179678Z Creating container.
2026-02-18T23:17:12.7555270Z Creating pipes for streaming container io.
2026-02-18T23:17:12.7557139Z Creating stdout named pipe at /podr/container/pipe/fcc1e2383f1d_options-scanner-backend-2exk6s/stdout_5f6ee11af8d9449b921535c14d211416.
2026-02-18T23:17:12.7559836Z Successfully created stdout named pipe at: /podr/container/pipe/fcc1e2383f1d_options-scanner-backend-2exk6s/stdout_5f6ee11af8d9449b921535c14d211416.
2026-02-18T23:17:12.7560994Z Opening named pipe /podr/container/pipe/fcc1e2383f1d_options-scanner-backend-2exk6s/stdout_5f6ee11af8d9449b921535c14d211416 for reading in non-blocking mode.
2026-02-18T23:17:12.7562295Z Successfully opened named pipe: /podr/container/pipe/fcc1e2383f1d_options-scanner-backend-2exk6s/stdout_5f6ee11af8d9449b921535c14d211416.
2026-02-18T23:17:12.7563292Z Successfully removed non-blocking flag from /podr/container/pipe/fcc1e2383f1d_options-scanner-backend-2exk6s/stdout_5f6ee11af8d9449b921535c14d211416.
2026-02-18T23:17:12.8521570Z Creating stderr named pipe at /podr/container/pipe/fcc1e2383f1d_options-scanner-backend-2exk6s/stderr_671a00160e714ba1a83a0982e59b4a23.
2026-02-18T23:17:12.8586643Z Successfully created stderr named pipe at: /podr/container/pipe/fcc1e2383f1d_options-scanner-backend-2exk6s/stderr_671a00160e714ba1a83a0982e59b4a23.
2026-02-18T23:17:12.8604622Z Opening named pipe /podr/container/pipe/fcc1e2383f1d_options-scanner-backend-2exk6s/stderr_671a00160e714ba1a83a0982e59b4a23 for reading in non-blocking mode.
2026-02-18T23:17:12.8669300Z Successfully opened named pipe: /podr/container/pipe/fcc1e2383f1d_options-scanner-backend-2exk6s/stderr_671a00160e714ba1a83a0982e59b4a23.
2026-02-18T23:17:12.8681765Z Successfully removed non-blocking flag from /podr/container/pipe/fcc1e2383f1d_options-scanner-backend-2exk6s/stderr_671a00160e714ba1a83a0982e59b4a23.
2026-02-18T23:17:12.8752438Z Creating container with image: appsvc/python:3.11_20260203.2.tuxprod from registry: 10.1.0.5:13209 and fully qualified image name: 10.1.0.5:13209/appsvc/python:3.11_20260203.2.tuxprod
2026-02-18T23:17:14.1198931Z Starting container: fcc1e2383f1d_options-scanner-backend-2exk6s.
2026-02-18T23:17:14.2735024Z Starting watchers and probes.
2026-02-18T23:17:14.2851309Z Starting metrics collection.
2026-02-18T23:17:14.2858171Z Container is running.
2026-02-18T23:17:14.2924413Z State: Starting, Action: CreatingContainer, LastError: , LastErrorTimestamp: 01/01/0001 00:00:00, LastErrorDetails: , Details: Container options-scanner-backend-2exk6s successfully created and is running., DetailsLevel: INFO
2026-02-18T23:17:14.6099634Z Container start method finished after 3610 ms.
2026-02-18T23:17:14.7209879Z State: Starting, Action: InitiatingSiteWarmUpProbe, LastError: , LastErrorTimestamp: 01/01/0001 00:00:00, LastErrorDetails: , Details: Container options-scanner-backend-2exk6s successfully created and is running., DetailsLevel: INFO
2026-02-18T23:17:14.7467736Z State: Starting, Action: WaitingForSiteWarmUpProbeSuccess, LastError: , LastErrorTimestamp: 01/01/0001 00:00:00, LastErrorDetails: , Details: Pinging warmup path to ensure container is ready to receive requests., DetailsLevel: INFO
2026-02-18T23:19:13.0912607Z Site startup probe succeeded after 118.2742568 seconds.
2026-02-18T23:19:13.5950198Z State: Starting, Action: WarmUpProbeSucceeded, LastError: , LastErrorTimestamp: 01/01/0001 00:00:00, LastErrorDetails: , Details: Site startup probe succeeded after 118.2742568 seconds., DetailsLevel: INFO
2026-02-18T23:19:13.9211351Z Site is running with deployment version: d7049651-7ca4-4a13-8785-40f1c0255527
2026-02-18T23:19:13.9335043Z Site started.
2026-02-18T23:19:13.9347301Z State: Started, Action: None, LastError: , LastErrorTimestamp: 01/01/0001 00:00:00, LastErrorDetails: , Details: Site started at 02/18/2026 23:19:13 (UTC), DetailsLevel: INFO
2026-02-18T23:19:13.9554389Z Site is running with patch version PYTHON 3.11.14
2026-02-18T23:19:34.2660703Z State: Stopping, Action: StoppingSite, LastError: ContainerTimeout, LastErrorTimestamp: 02/18/2026 21:30:52, LastErrorDetails: Container did not start within expected time limit of 600s. Please inspect your container logs for more details., Details: Site started at 02/18/2026 21:53:30 (UTC), DetailsLevel: INFO
2026-02-18T23:19:34.3331228Z State: Stopping, Action: StoppingSiteContainers, LastError: ContainerTimeout, LastErrorTimestamp: 02/18/2026 21:30:52, LastErrorDetails: Container did not start within expected time limit of 600s. Please inspect your container logs for more details., Details: Site started at 02/18/2026 21:53:30 (UTC), DetailsLevel: INFO
2026-02-18T23:19:34.4823696Z Container is terminating. Grace period: 5 seconds.
2026-02-18T23:19:34.6096047Z Stop and delete container. Retry count = 0
2026-02-18T23:19:34.6178673Z Stopping container: 578a2b6a51e8_options-scanner-backend-2exk6s.
2026-02-18T23:19:40.0790836Z Deleting container: 578a2b6a51e8_options-scanner-backend-2exk6s. Retry count = 0
2026-02-18T23:19:42.4640912Z Container spec TerminationMessagePolicy  path 
2026-02-18T23:19:42.4730711Z Container is terminated. Total time elapsed: 7984 ms.
2026-02-18T23:19:42.4844926Z Site: options-scanner-backend-2exk6s stopped.
