2026-02-19T10:32:32.5942033Z Request method: 'POST'
2026-02-19T10:32:32.5942063Z Request headers:
2026-02-19T10:32:32.5942086Z     'Content-Type': 'application/json'
2026-02-19T10:32:32.5942111Z     'Content-Length': '3720'
2026-02-19T10:32:32.5942131Z     'Accept': 'application/json'
2026-02-19T10:32:32.5942153Z     'x-ms-client-request-id': '4c83bc90-0d7e-11f1-9207-eeaa766865b8'
2026-02-19T10:32:32.5942179Z     'User-Agent': 'azsdk-python-azuremonitorclient/unknown Python/3.11.14 (Linux-6.6.119.3-1.azl3-x86_64-with-glibc2.31)'
2026-02-19T10:32:32.5942200Z A body is sent with the request
2026-02-19T10:32:32.7638014Z 2026-02-19 10:32:32,762 - azure.core.pipeline.policies.http_logging_policy - INFO - Response status: 200
2026-02-19T10:32:32.7638583Z Response headers:
2026-02-19T10:32:32.7638618Z     'Transfer-Encoding': 'chunked'
2026-02-19T10:32:32.7638637Z     'Content-Type': 'application/json; charset=utf-8'
2026-02-19T10:32:32.7638653Z     'Server': 'Microsoft-HTTPAPI/2.0'
2026-02-19T10:32:32.7638669Z     'Strict-Transport-Security': 'REDACTED'
2026-02-19T10:32:32.7638685Z     'X-Content-Type-Options': 'REDACTED'
2026-02-19T10:32:32.7638702Z     'Date': 'Thu, 19 Feb 2026 10:32:32 GMT'
2026-02-19T10:32:32.7638722Z 2026-02-19 10:32:32,763 - azure.monitor.opentelemetry.exporter.export._base - INFO - Transmission succeeded: Item received: 3. Items accepted: 3
2026-02-19T10:32:32.9729180Z 2026-02-19 10:32:32,972 - azure.core.pipeline.policies.http_logging_policy - INFO - Request URL: 'https://westus2-2.in.applicationinsights.azure.com//v2.1/track'
2026-02-19T10:32:32.9729426Z Request method: 'POST'
2026-02-19T10:32:32.9729510Z Request headers:
2026-02-19T10:32:32.9729762Z     'Content-Type': 'application/json'
2026-02-19T10:32:32.9729791Z     'Content-Length': '3720'
2026-02-19T10:32:32.9729810Z     'Accept': 'application/json'
2026-02-19T10:32:32.9729828Z     'x-ms-client-request-id': '4cbd86c8-0d7e-11f1-99b0-eeaa766865b8'
2026-02-19T10:32:32.9729849Z     'User-Agent': 'azsdk-python-azuremonitorclient/unknown Python/3.11.14 (Linux-6.6.119.3-1.azl3-x86_64-with-glibc2.31)'
2026-02-19T10:32:32.9729868Z A body is sent with the request
2026-02-19T10:32:33.0788382Z 2026-02-19 10:32:33,078 - azure.core.pipeline.policies.http_logging_policy - INFO - Response status: 200
2026-02-19T10:32:33.0788843Z Response headers:
2026-02-19T10:32:33.0788872Z     'Transfer-Encoding': 'chunked'
2026-02-19T10:32:33.0788960Z     'Content-Type': 'application/json; charset=utf-8'
2026-02-19T10:32:33.0788981Z     'Server': 'Microsoft-HTTPAPI/2.0'
2026-02-19T10:32:33.0789000Z     'Strict-Transport-Security': 'REDACTED'
2026-02-19T10:32:33.0789019Z     'X-Content-Type-Options': 'REDACTED'
2026-02-19T10:32:33.0789038Z     'Date': 'Thu, 19 Feb 2026 10:32:32 GMT'
2026-02-19T10:32:33.0794127Z 2026-02-19 10:32:33,079 - azure.monitor.opentelemetry.exporter.export._base - INFO - Transmission succeeded: Item received: 3. Items accepted: 3
2026-02-19T10:32:37.7653669Z 2026-02-19 10:32:37,765 - azure.core.pipeline.policies.http_logging_policy - INFO - Request URL: 'https://westus2-2.in.applicationinsights.azure.com//v2.1/track'
2026-02-19T10:32:37.7654266Z Request method: 'POST'
2026-02-19T10:32:37.7654293Z Request headers:
2026-02-19T10:32:37.7654311Z     'Content-Type': 'application/json'
2026-02-19T10:32:37.7654382Z     'Content-Length': '3719'
2026-02-19T10:32:37.7654404Z     'Accept': 'application/json'
2026-02-19T10:32:37.7654426Z     'x-ms-client-request-id': '4f98cd1c-0d7e-11f1-9207-eeaa766865b8'
2026-02-19T10:32:37.7654447Z     'User-Agent': 'azsdk-python-azuremonitorclient/unknown Python/3.11.14 (Linux-6.6.119.3-1.azl3-x86_64-with-glibc2.31)'
2026-02-19T10:32:37.7654464Z A body is sent with the request
2026-02-19T10:32:37.8216351Z 2026-02-19 10:32:37,821 - azure.core.pipeline.policies.http_logging_policy - INFO - Response status: 200
2026-02-19T10:32:37.8216714Z Response headers:
2026-02-19T10:32:37.8216741Z     'Transfer-Encoding': 'chunked'
2026-02-19T10:32:37.8216762Z     'Content-Type': 'application/json; charset=utf-8'
2026-02-19T10:32:37.8216782Z     'Server': 'Microsoft-HTTPAPI/2.0'
2026-02-19T10:32:37.8216803Z     'Strict-Transport-Security': 'REDACTED'
2026-02-19T10:32:37.8216878Z     'X-Content-Type-Options': 'REDACTED'
2026-02-19T10:32:37.8216897Z     'Date': 'Thu, 19 Feb 2026 10:32:37 GMT'
2026-02-19T10:32:37.8251869Z 2026-02-19 10:32:37,824 - azure.monitor.opentelemetry.exporter.export._base - INFO - Transmission succeeded: Item received: 3. Items accepted: 3
2026-02-19T10:32:38.0810551Z 2026-02-19 10:32:38,080 - azure.core.pipeline.policies.http_logging_policy - INFO - Request URL: 'https://westus2-2.in.applicationinsights.azure.com//v2.1/track'
2026-02-19T10:32:38.0811028Z Request method: 'POST'
2026-02-19T10:32:38.0811064Z Request headers:
2026-02-19T10:32:38.0811088Z     'Content-Type': 'application/json'
2026-02-19T10:32:38.0811106Z     'Content-Length': '3719'
2026-02-19T10:32:38.0811126Z     'Accept': 'application/json'
2026-02-19T10:32:38.0811147Z     'x-ms-client-request-id': '4fc8f852-0d7e-11f1-99b0-eeaa766865b8'
2026-02-19T10:32:38.0811236Z     'User-Agent': 'azsdk-python-azuremonitorclient/unknown Python/3.11.14 (Linux-6.6.119.3-1.azl3-x86_64-with-glibc2.31)'
2026-02-19T10:32:38.0811257Z A body is sent with the request
2026-02-19T10:32:38.1334066Z 2026-02-19 10:32:38,133 - azure.core.pipeline.policies.http_logging_policy - INFO - Response status: 200
2026-02-19T10:32:38.1334468Z Response headers:
2026-02-19T10:32:38.1334496Z     'Transfer-Encoding': 'chunked'
2026-02-19T10:32:38.1334522Z     'Content-Type': 'application/json; charset=utf-8'
2026-02-19T10:32:38.1334546Z     'Server': 'Microsoft-HTTPAPI/2.0'
2026-02-19T10:32:38.1334568Z     'Strict-Transport-Security': 'REDACTED'
2026-02-19T10:32:38.1334588Z     'X-Content-Type-Options': 'REDACTED'
2026-02-19T10:32:38.1334610Z     'Date': 'Thu, 19 Feb 2026 10:32:37 GMT'
2026-02-19T10:32:38.1339970Z 2026-02-19 10:32:38,133 - azure.monitor.opentelemetry.exporter.export._base - INFO - Transmission succeeded: Item received: 3. Items accepted: 3
2026-02-19T10:32:42.8274221Z 2026-02-19 10:32:42,827 - azure.core.pipeline.policies.http_logging_policy - INFO - Request URL: 'https://westus2-2.in.applicationinsights.azure.com//v2.1/track'
2026-02-19T10:32:42.8275005Z Request method: 'POST'
2026-02-19T10:32:42.8275038Z Request headers:
2026-02-19T10:32:42.8275062Z     'Content-Type': 'application/json'
2026-02-19T10:32:42.8275085Z     'Content-Length': '3720'
2026-02-19T10:32:42.8275101Z     'Accept': 'application/json'
2026-02-19T10:32:42.8275121Z     'x-ms-client-request-id': '529d3160-0d7e-11f1-9207-eeaa766865b8'
2026-02-19T10:32:42.8275143Z     'User-Agent': 'azsdk-python-azuremonitorclient/unknown Python/3.11.14 (Linux-6.6.119.3-1.azl3-x86_64-with-glibc2.31)'
2026-02-19T10:32:42.8275159Z A body is sent with the request
2026-02-19T10:32:42.9455701Z 2026-02-19 10:32:42,945 - azure.core.pipeline.policies.http_logging_policy - INFO - Response status: 200
2026-02-19T10:32:42.9456059Z Response headers:
2026-02-19T10:32:42.9456086Z     'Transfer-Encoding': 'chunked'
2026-02-19T10:32:42.9456106Z     'Content-Type': 'application/json; charset=utf-8'
2026-02-19T10:32:42.9456124Z     'Server': 'Microsoft-HTTPAPI/2.0'
2026-02-19T10:32:42.9456151Z     'Strict-Transport-Security': 'REDACTED'
2026-02-19T10:32:42.9456170Z     'X-Content-Type-Options': 'REDACTED'
2026-02-19T10:32:42.9456187Z     'Date': 'Thu, 19 Feb 2026 10:32:42 GMT'
2026-02-19T10:32:42.9464922Z 2026-02-19 10:32:42,945 - azure.monitor.opentelemetry.exporter.export._base - INFO - Transmission succeeded: Item received: 3. Items accepted: 3
2026-02-19T10:32:43.1361472Z 2026-02-19 10:32:43,135 - azure.core.pipeline.policies.http_logging_policy - INFO - Request URL: 'https://westus2-2.in.applicationinsights.azure.com//v2.1/track'
2026-02-19T10:32:43.1361841Z Request method: 'POST'
2026-02-19T10:32:43.1361869Z Request headers:
2026-02-19T10:32:43.1361890Z     'Content-Type': 'application/json'
2026-02-19T10:32:43.1361909Z     'Content-Length': '3719'
2026-02-19T10:32:43.1361929Z     'Accept': 'application/json'
2026-02-19T10:32:43.1361950Z     'x-ms-client-request-id': '52cc503a-0d7e-11f1-99b0-eeaa766865b8'
2026-02-19T10:32:43.1361975Z     'User-Agent': 'azsdk-python-azuremonitorclient/unknown Python/3.11.14 (Linux-6.6.119.3-1.azl3-x86_64-with-glibc2.31)'
2026-02-19T10:32:43.1361994Z A body is sent with the request
2026-02-19T10:32:43.1937905Z 2026-02-19 10:32:43,192 - azure.core.pipeline.policies.http_logging_policy - INFO - Response status: 200
2026-02-19T10:32:43.1938109Z Response headers:
2026-02-19T10:32:43.1938170Z     'Transfer-Encoding': 'chunked'
2026-02-19T10:32:43.1938184Z     'Content-Type': 'application/json; charset=utf-8'
2026-02-19T10:32:43.1938740Z     'Server': 'Microsoft-HTTPAPI/2.0'
2026-02-19T10:32:43.1938766Z     'Strict-Transport-Security': 'REDACTED'
2026-02-19T10:32:43.1938787Z     'X-Content-Type-Options': 'REDACTED'
2026-02-19T10:32:43.1938808Z     'Date': 'Thu, 19 Feb 2026 10:32:42 GMT'
2026-02-19T10:32:43.1938840Z 2026-02-19 10:32:43,193 - azure.monitor.opentelemetry.exporter.export._base - INFO - Transmission succeeded: Item received: 3. Items accepted: 3
2026-02-19T10:32:47.9478523Z 2026-02-19 10:32:47,947 - azure.core.pipeline.policies.http_logging_policy - INFO - Request URL: 'https://westus2-2.in.applicationinsights.azure.com//v2.1/track'
2026-02-19T10:32:47.9478911Z Request method: 'POST'
2026-02-19T10:32:47.9478944Z Request headers:
2026-02-19T10:32:47.9479024Z     'Content-Type': 'application/json'
2026-02-19T10:32:47.9479048Z     'Content-Length': '3720'
2026-02-19T10:32:47.9479067Z     'Accept': 'application/json'
2026-02-19T10:32:47.9479088Z     'x-ms-client-request-id': '55aa85f6-0d7e-11f1-9207-eeaa766865b8'
2026-02-19T10:32:47.9479114Z     'User-Agent': 'azsdk-python-azuremonitorclient/unknown Python/3.11.14 (Linux-6.6.119.3-1.azl3-x86_64-with-glibc2.31)'
2026-02-19T10:32:47.9479134Z A body is sent with the request
2026-02-19T10:32:48.0360147Z 2026-02-19 10:32:48,035 - azure.core.pipeline.policies.http_logging_policy - INFO - Response status: 200
2026-02-19T10:32:48.0360969Z Response headers:
2026-02-19T10:32:48.0361005Z     'Transfer-Encoding': 'chunked'
2026-02-19T10:32:48.0361028Z     'Content-Type': 'application/json; charset=utf-8'
2026-02-19T10:32:48.0361048Z     'Server': 'Microsoft-HTTPAPI/2.0'
2026-02-19T10:32:48.0361123Z     'Strict-Transport-Security': 'REDACTED'
2026-02-19T10:32:48.0361145Z     'X-Content-Type-Options': 'REDACTED'
2026-02-19T10:32:48.0361165Z     'Date': 'Thu, 19 Feb 2026 10:32:47 GMT'
2026-02-19T10:32:48.0374384Z 2026-02-19 10:32:48,037 - azure.monitor.opentelemetry.exporter.export._base - INFO - Transmission succeeded: Item received: 3. Items accepted: 3
2026-02-19T10:32:48.1957259Z 2026-02-19 10:32:48,194 - azure.core.pipeline.policies.http_logging_policy - INFO - Request URL: 'https://westus2-2.in.applicationinsights.azure.com//v2.1/track'
2026-02-19T10:32:48.1957599Z Request method: 'POST'
2026-02-19T10:32:48.1957633Z Request headers:
2026-02-19T10:32:48.1957655Z     'Content-Type': 'application/json'
2026-02-19T10:32:48.1957678Z     'Content-Length': '3718'
2026-02-19T10:32:48.1957701Z     'Accept': 'application/json'
2026-02-19T10:32:48.1957786Z     'x-ms-client-request-id': '55d042be-0d7e-11f1-99b0-eeaa766865b8'
2026-02-19T10:32:48.1957816Z     'User-Agent': 'azsdk-python-azuremonitorclient/unknown Python/3.11.14 (Linux-6.6.119.3-1.azl3-x86_64-with-glibc2.31)'
2026-02-19T10:32:48.1957840Z A body is sent with the request
2026-02-19T10:32:48.2771746Z 2026-02-19 10:32:48,276 - azure.core.pipeline.policies.http_logging_policy - INFO - Response status: 200
2026-02-19T10:32:48.2772102Z Response headers:
2026-02-19T10:32:48.2772130Z     'Transfer-Encoding': 'chunked'
2026-02-19T10:32:48.2772155Z     'Content-Type': 'application/json; charset=utf-8'
2026-02-19T10:32:48.2772175Z     'Server': 'Microsoft-HTTPAPI/2.0'
2026-02-19T10:32:48.2772194Z     'Strict-Transport-Security': 'REDACTED'
2026-02-19T10:32:48.2772211Z     'X-Content-Type-Options': 'REDACTED'
2026-02-19T10:32:48.2772283Z     'Date': 'Thu, 19 Feb 2026 10:32:47 GMT'
2026-02-19T10:32:48.2777253Z 2026-02-19 10:32:48,277 - azure.monitor.opentelemetry.exporter.export._base - INFO - Transmission succeeded: Item received: 3. Items accepted: 3
2026-02-19T10:32:53.0388531Z 2026-02-19 10:32:53,038 - azure.core.pipeline.policies.http_logging_policy - INFO - Request URL: 'https://westus2-2.in.applicationinsights.azure.com//v2.1/track'
2026-02-19T10:32:53.0389319Z Request method: 'POST'
2026-02-19T10:32:53.0389352Z Request headers:
2026-02-19T10:32:53.0389377Z     'Content-Type': 'application/json'
2026-02-19T10:32:53.0389402Z     'Content-Length': '3720'
2026-02-19T10:32:53.0389424Z     'Accept': 'application/json'
2026-02-19T10:32:53.0389444Z     'x-ms-client-request-id': '58b357d2-0d7e-11f1-9207-eeaa766865b8'
2026-02-19T10:32:53.0389465Z     'User-Agent': 'azsdk-python-azuremonitorclient/unknown Python/3.11.14 (Linux-6.6.119.3-1.azl3-x86_64-with-glibc2.31)'
2026-02-19T10:32:53.0389545Z A body is sent with the request
2026-02-19T10:32:53.2325055Z 2026-02-19 10:32:53,232 - azure.core.pipeline.policies.http_logging_policy - INFO - Response status: 200
2026-02-19T10:32:53.2325413Z Response headers:
2026-02-19T10:32:53.2325439Z     'Transfer-Encoding': 'chunked'
2026-02-19T10:32:53.2325462Z     'Content-Type': 'application/json; charset=utf-8'
2026-02-19T10:32:53.2325480Z     'Server': 'Microsoft-HTTPAPI/2.0'
2026-02-19T10:32:53.2325497Z     'Strict-Transport-Security': 'REDACTED'
2026-02-19T10:32:53.2325515Z     'X-Content-Type-Options': 'REDACTED'
2026-02-19T10:32:53.2325533Z     'Date': 'Thu, 19 Feb 2026 10:32:52 GMT'
2026-02-19T10:32:53.2329974Z 2026-02-19 10:32:53,232 - azure.monitor.opentelemetry.exporter.export._base - INFO - Transmission succeeded: Item received: 3. Items accepted: 3
2026-02-19T10:32:53.2791759Z 2026-02-19 10:32:53,278 - azure.core.pipeline.policies.http_logging_policy - INFO - Request URL: 'https://westus2-2.in.applicationinsights.azure.com//v2.1/track'
2026-02-19T10:32:53.2792201Z Request method: 'POST'
2026-02-19T10:32:53.2792225Z Request headers:
2026-02-19T10:32:53.2792245Z     'Content-Type': 'application/json'
2026-02-19T10:32:53.2792270Z     'Content-Length': '3720'
2026-02-19T10:32:53.2792289Z     'Accept': 'application/json'
2026-02-19T10:32:53.2792310Z     'x-ms-client-request-id': '58d8037a-0d7e-11f1-99b0-eeaa766865b8'
2026-02-19T10:32:53.2792335Z     'User-Agent': 'azsdk-python-azuremonitorclient/unknown Python/3.11.14 (Linux-6.6.119.3-1.azl3-x86_64-with-glibc2.31)'
2026-02-19T10:32:53.2792356Z A body is sent with the request
2026-02-19T10:32:54.2207808Z 2026-02-19 10:32:54,220 - azure.core.pipeline.policies.http_logging_policy - INFO - Response status: 200
2026-02-19T10:32:54.2208261Z Response headers:
2026-02-19T10:32:54.2208292Z     'Transfer-Encoding': 'chunked'
2026-02-19T10:32:54.2208319Z     'Content-Type': 'application/json; charset=utf-8'
2026-02-19T10:32:54.2208342Z     'Server': 'Microsoft-HTTPAPI/2.0'
2026-02-19T10:32:54.2208365Z     'Strict-Transport-Security': 'REDACTED'
2026-02-19T10:32:54.2208388Z     'X-Content-Type-Options': 'REDACTED'
2026-02-19T10:32:54.2208411Z     'Date': 'Thu, 19 Feb 2026 10:32:53 GMT'
2026-02-19T10:32:54.2214194Z 2026-02-19 10:32:54,220 - azure.monitor.opentelemetry.exporter.export._base - INFO - Transmission succeeded: Item received: 3. Items accepted: 3
2026-02-19T10:32:58.2344112Z 2026-02-19 10:32:58,234 - azure.core.pipeline.policies.http_logging_policy - INFO - Request URL: 'https://westus2-2.in.applicationinsights.azure.com//v2.1/track'
2026-02-19T10:32:58.2344510Z Request method: 'POST'
2026-02-19T10:32:58.2344605Z Request headers:
2026-02-19T10:32:58.2344625Z     'Content-Type': 'application/json'
2026-02-19T10:32:58.2344642Z     'Content-Length': '3720'
2026-02-19T10:32:58.2344660Z     'Accept': 'application/json'
2026-02-19T10:32:58.2344681Z     'x-ms-client-request-id': '5bcc208e-0d7e-11f1-9207-eeaa766865b8'
2026-02-19T10:32:58.2344709Z     'User-Agent': 'azsdk-python-azuremonitorclient/unknown Python/3.11.14 (Linux-6.6.119.3-1.azl3-x86_64-with-glibc2.31)'
2026-02-19T10:32:58.2344729Z A body is sent with the request
2026-02-19T10:32:58.2947950Z 2026-02-19 10:32:58,294 - azure.core.pipeline.policies.http_logging_policy - INFO - Response status: 200
2026-02-19T10:32:58.2948300Z Response headers:
2026-02-19T10:32:58.2948330Z     'Transfer-Encoding': 'chunked'
2026-02-19T10:32:58.2948406Z     'Content-Type': 'application/json; charset=utf-8'
2026-02-19T10:32:58.2948425Z     'Server': 'Microsoft-HTTPAPI/2.0'
2026-02-19T10:32:58.2948442Z     'Strict-Transport-Security': 'REDACTED'
2026-02-19T10:32:58.2948461Z     'X-Content-Type-Options': 'REDACTED'
2026-02-19T10:32:58.2948480Z     'Date': 'Thu, 19 Feb 2026 10:32:57 GMT'
2026-02-19T10:32:58.2955011Z 2026-02-19 10:32:58,294 - azure.monitor.opentelemetry.exporter.export._base - INFO - Transmission succeeded: Item received: 3. Items accepted: 3
2026-02-19T10:32:59.2228387Z 2026-02-19 10:32:59,222 - azure.core.pipeline.policies.http_logging_policy - INFO - Request URL: 'https://westus2-2.in.applicationinsights.azure.com//v2.1/track'
2026-02-19T10:32:59.2229037Z Request method: 'POST'
2026-02-19T10:32:59.2229070Z Request headers:
2026-02-19T10:32:59.2229093Z     'Content-Type': 'application/json'
2026-02-19T10:32:59.2229170Z     'Content-Length': '3720'
2026-02-19T10:32:59.2229190Z     'Accept': 'application/json'
2026-02-19T10:32:59.2229220Z     'x-ms-client-request-id': '5c62f2ca-0d7e-11f1-99b0-eeaa766865b8'
2026-02-19T10:32:59.2229240Z     'User-Agent': 'azsdk-python-azuremonitorclient/unknown Python/3.11.14 (Linux-6.6.119.3-1.azl3-x86_64-with-glibc2.31)'
2026-02-19T10:32:59.2229258Z A body is sent with the request
2026-02-19T10:32:59.2945319Z 2026-02-19 10:32:59,294 - azure.core.pipeline.policies.http_logging_policy - INFO - Response status: 200
2026-02-19T10:32:59.2945676Z Response headers:
2026-02-19T10:32:59.2945701Z     'Transfer-Encoding': 'chunked'
2026-02-19T10:32:59.2945723Z     'Content-Type': 'application/json; charset=utf-8'
2026-02-19T10:32:59.2945743Z     'Server': 'Microsoft-HTTPAPI/2.0'
2026-02-19T10:32:59.2945764Z     'Strict-Transport-Security': 'REDACTED'
2026-02-19T10:32:59.2945836Z     'X-Content-Type-Options': 'REDACTED'
2026-02-19T10:32:59.2945854Z     'Date': 'Thu, 19 Feb 2026 10:32:58 GMT'
2026-02-19T10:32:59.2951360Z 2026-02-19 10:32:59,294 - azure.monitor.opentelemetry.exporter.export._base - INFO - Transmission succeeded: Item received: 3. Items accepted: 3
2026-02-19T10:33:03.2967775Z 2026-02-19 10:33:03,296 - azure.core.pipeline.policies.http_logging_policy - INFO - Request URL: 'https://westus2-2.in.applicationinsights.azure.com//v2.1/track'
2026-02-19T10:33:03.2968494Z Request method: 'POST'
2026-02-19T10:33:03.2968528Z Request headers:
2026-02-19T10:33:03.2968553Z     'Content-Type': 'application/json'
2026-02-19T10:33:03.2968578Z     'Content-Length': '3719'
2026-02-19T10:33:03.2968597Z     'Accept': 'application/json'
2026-02-19T10:33:03.2968616Z     'x-ms-client-request-id': '5ed094fe-0d7e-11f1-9207-eeaa766865b8'
2026-02-19T10:33:03.2968700Z     'User-Agent': 'azsdk-python-azuremonitorclient/unknown Python/3.11.14 (Linux-6.6.119.3-1.azl3-x86_64-with-glibc2.31)'
2026-02-19T10:33:03.2968718Z A body is sent with the request
2026-02-19T10:33:03.3932002Z 2026-02-19 10:33:03,392 - azure.core.pipeline.policies.http_logging_policy - INFO - Response status: 200
2026-02-19T10:33:03.3932355Z Response headers:
2026-02-19T10:33:03.3932387Z     'Transfer-Encoding': 'chunked'
2026-02-19T10:33:03.3932419Z     'Content-Type': 'application/json; charset=utf-8'
2026-02-19T10:33:03.3932442Z     'Server': 'Microsoft-HTTPAPI/2.0'
2026-02-19T10:33:03.3932465Z     'Strict-Transport-Security': 'REDACTED'
2026-02-19T10:33:03.3932487Z     'X-Content-Type-Options': 'REDACTED'
2026-02-19T10:33:03.3932509Z     'Date': 'Thu, 19 Feb 2026 10:33:02 GMT'
2026-02-19T10:33:03.3939175Z 2026-02-19 10:33:03,393 - azure.monitor.opentelemetry.exporter.export._base - INFO - Transmission succeeded: Item received: 3. Items accepted: 3
2026-02-19T10:33:04.2980424Z 2026-02-19 10:33:04,297 - azure.core.pipeline.policies.http_logging_policy - INFO - Request URL: 'https://westus2-2.in.applicationinsights.azure.com//v2.1/track'
2026-02-19T10:33:04.2980994Z Request method: 'POST'
2026-02-19T10:33:04.2981023Z Request headers:
2026-02-19T10:33:04.2981052Z     'Content-Type': 'application/json'
2026-02-19T10:33:04.2981077Z     'Content-Length': '3719'
2026-02-19T10:33:04.2981099Z     'Accept': 'application/json'
2026-02-19T10:33:04.2981124Z     'x-ms-client-request-id': '5f69438e-0d7e-11f1-99b0-eeaa766865b8'
2026-02-19T10:33:04.2981154Z     'User-Agent': 'azsdk-python-azuremonitorclient/unknown Python/3.11.14 (Linux-6.6.119.3-1.azl3-x86_64-with-glibc2.31)'
2026-02-19T10:33:04.2981177Z A body is sent with the request
2026-02-19T10:33:04.3803190Z 2026-02-19 10:33:04,380 - azure.core.pipeline.policies.http_logging_policy - INFO - Response status: 200
2026-02-19T10:33:04.3803610Z Response headers:
2026-02-19T10:33:04.3803643Z     'Transfer-Encoding': 'chunked'
2026-02-19T10:33:04.3803667Z     'Content-Type': 'application/json; charset=utf-8'
2026-02-19T10:33:04.3803692Z     'Server': 'Microsoft-HTTPAPI/2.0'
2026-02-19T10:33:04.3803717Z     'Strict-Transport-Security': 'REDACTED'
2026-02-19T10:33:04.3803739Z     'X-Content-Type-Options': 'REDACTED'
2026-02-19T10:33:04.3803764Z     'Date': 'Thu, 19 Feb 2026 10:33:03 GMT'
2026-02-19T10:33:04.3809229Z 2026-02-19 10:33:04,380 - azure.monitor.opentelemetry.exporter.export._base - INFO - Transmission succeeded: Item received: 3. Items accepted: 3
2026-02-19T10:33:08.3953893Z 2026-02-19 10:33:08,395 - azure.core.pipeline.policies.http_logging_policy - INFO - Request URL: 'https://westus2-2.in.applicationinsights.azure.com//v2.1/track'
2026-02-19T10:33:08.3954286Z Request method: 'POST'
2026-02-19T10:33:08.3954309Z Request headers:
2026-02-19T10:33:08.3954330Z     'Content-Type': 'application/json'
2026-02-19T10:33:08.3954348Z     'Content-Length': '3720'
2026-02-19T10:33:08.3954368Z     'Accept': 'application/json'
2026-02-19T10:33:08.3954390Z     'x-ms-client-request-id': '61da9140-0d7e-11f1-9207-eeaa766865b8'
2026-02-19T10:33:08.3954413Z     'User-Agent': 'azsdk-python-azuremonitorclient/unknown Python/3.11.14 (Linux-6.6.119.3-1.azl3-x86_64-with-glibc2.31)'
2026-02-19T10:33:08.3954434Z A body is sent with the request
2026-02-19T10:33:08.4864049Z 2026-02-19 10:33:08,486 - azure.core.pipeline.policies.http_logging_policy - INFO - Response status: 200
2026-02-19T10:33:08.4864422Z Response headers:
2026-02-19T10:33:08.4864514Z     'Transfer-Encoding': 'chunked'
2026-02-19T10:33:08.4864533Z     'Content-Type': 'application/json; charset=utf-8'
2026-02-19T10:33:08.4864552Z     'Server': 'Microsoft-HTTPAPI/2.0'
2026-02-19T10:33:08.4864573Z     'Strict-Transport-Security': 'REDACTED'
2026-02-19T10:33:08.4864592Z     'X-Content-Type-Options': 'REDACTED'
2026-02-19T10:33:08.4864610Z     'Date': 'Thu, 19 Feb 2026 10:33:07 GMT'
2026-02-19T10:33:08.4867405Z 2026-02-19 10:33:08,486 - azure.monitor.opentelemetry.exporter.export._base - INFO - Transmission succeeded: Item received: 3. Items accepted: 3
2026-02-19T10:33:09.3828936Z 2026-02-19 10:33:09,382 - azure.core.pipeline.policies.http_logging_policy - INFO - Request URL: 'https://westus2-2.in.applicationinsights.azure.com//v2.1/track'
2026-02-19T10:33:09.3829447Z Request method: 'POST'
2026-02-19T10:33:09.3829479Z Request headers:
2026-02-19T10:33:09.3829555Z     'Content-Type': 'application/json'
2026-02-19T10:33:09.3829576Z     'Content-Length': '3720'
2026-02-19T10:33:09.3829598Z     'Accept': 'application/json'
2026-02-19T10:33:09.3829617Z     'x-ms-client-request-id': '62713f5a-0d7e-11f1-99b0-eeaa766865b8'
2026-02-19T10:33:09.3829638Z     'User-Agent': 'azsdk-python-azuremonitorclient/unknown Python/3.11.14 (Linux-6.6.119.3-1.azl3-x86_64-with-glibc2.31)'
2026-02-19T10:33:09.3829655Z A body is sent with the request
2026-02-19T10:33:09.5385457Z 2026-02-19 10:33:09,538 - azure.core.pipeline.policies.http_logging_policy - INFO - Response status: 200
2026-02-19T10:33:09.5385816Z Response headers:
2026-02-19T10:33:09.5385844Z     'Transfer-Encoding': 'chunked'
2026-02-19T10:33:09.5385865Z     'Content-Type': 'application/json; charset=utf-8'
2026-02-19T10:33:09.5385958Z     'Server': 'Microsoft-HTTPAPI/2.0'
2026-02-19T10:33:09.5385978Z     'Strict-Transport-Security': 'REDACTED'
2026-02-19T10:33:09.5385997Z     'X-Content-Type-Options': 'REDACTED'
2026-02-19T10:33:09.5386015Z     'Date': 'Thu, 19 Feb 2026 10:33:08 GMT'
2026-02-19T10:33:09.5392372Z 2026-02-19 10:33:09,538 - azure.monitor.opentelemetry.exporter.export._base - INFO - Transmission succeeded: Item received: 3. Items accepted: 3
2026-02-19T10:33:13.4889410Z 2026-02-19 10:33:13,488 - azure.core.pipeline.policies.http_logging_policy - INFO - Request URL: 'https://westus2-2.in.applicationinsights.azure.com//v2.1/track'
2026-02-19T10:33:13.4889757Z Request method: 'POST'
2026-02-19T10:33:13.4889785Z Request headers:
2026-02-19T10:33:13.4889808Z     'Content-Type': 'application/json'
2026-02-19T10:33:13.4889827Z     'Content-Length': '3720'
2026-02-19T10:33:13.4889903Z     'Accept': 'application/json'
2026-02-19T10:33:13.4889929Z     'x-ms-client-request-id': '64e3c8b6-0d7e-11f1-9207-eeaa766865b8'
2026-02-19T10:33:13.4889955Z     'User-Agent': 'azsdk-python-azuremonitorclient/unknown Python/3.11.14 (Linux-6.6.119.3-1.azl3-x86_64-with-glibc2.31)'
2026-02-19T10:33:13.4889975Z A body is sent with the request
2026-02-19T10:33:13.5785601Z 2026-02-19 10:33:13,578 - azure.core.pipeline.policies.http_logging_policy - INFO - Response status: 200
2026-02-19T10:33:13.5785988Z Response headers:
2026-02-19T10:33:13.5786018Z     'Transfer-Encoding': 'chunked'
2026-02-19T10:33:13.5786042Z     'Content-Type': 'application/json; charset=utf-8'
2026-02-19T10:33:13.5786060Z     'Server': 'Microsoft-HTTPAPI/2.0'
2026-02-19T10:33:13.5786083Z     'Strict-Transport-Security': 'REDACTED'
2026-02-19T10:33:13.5786101Z     'X-Content-Type-Options': 'REDACTED'
2026-02-19T10:33:13.5786173Z     'Date': 'Thu, 19 Feb 2026 10:33:13 GMT'
2026-02-19T10:33:13.5791651Z 2026-02-19 10:33:13,578 - azure.monitor.opentelemetry.exporter.export._base - INFO - Transmission succeeded: Item received: 3. Items accepted: 3
2026-02-19T10:33:14.5407401Z 2026-02-19 10:33:14,540 - azure.core.pipeline.policies.http_logging_policy - INFO - Request URL: 'https://westus2-2.in.applicationinsights.azure.com//v2.1/track'
2026-02-19T10:33:14.5407782Z Request method: 'POST'
2026-02-19T10:33:14.5407815Z Request headers:
2026-02-19T10:33:14.5407843Z     'Content-Type': 'application/json'
2026-02-19T10:33:14.5407868Z     'Content-Length': '3720'
2026-02-19T10:33:14.5407892Z     'Accept': 'application/json'
2026-02-19T10:33:14.5407929Z     'x-ms-client-request-id': '6584461a-0d7e-11f1-99b0-eeaa766865b8'
2026-02-19T10:33:14.5408027Z     'User-Agent': 'azsdk-python-azuremonitorclient/unknown Python/3.11.14 (Linux-6.6.119.3-1.azl3-x86_64-with-glibc2.31)'
2026-02-19T10:33:14.5408055Z A body is sent with the request
2026-02-19T10:33:14.5935644Z 2026-02-19 10:33:14,593 - azure.core.pipeline.policies.http_logging_policy - INFO - Response status: 200
2026-02-19T10:33:14.5935924Z Response headers:
2026-02-19T10:33:14.5935953Z     'Transfer-Encoding': 'chunked'
2026-02-19T10:33:14.5935973Z     'Content-Type': 'application/json; charset=utf-8'
2026-02-19T10:33:14.5935990Z     'Server': 'Microsoft-HTTPAPI/2.0'
2026-02-19T10:33:14.5936006Z     'Strict-Transport-Security': 'REDACTED'
2026-02-19T10:33:14.5936023Z     'X-Content-Type-Options': 'REDACTED'
2026-02-19T10:33:14.5936046Z     'Date': 'Thu, 19 Feb 2026 10:33:13 GMT'
2026-02-19T10:33:14.5942324Z 2026-02-19 10:33:14,593 - azure.monitor.opentelemetry.exporter.export._base - INFO - Transmission succeeded: Item received: 3. Items accepted: 3
2026-02-19T10:33:18.5809584Z 2026-02-19 10:33:18,580 - azure.core.pipeline.policies.http_logging_policy - INFO - Request URL: 'https://westus2-2.in.applicationinsights.azure.com//v2.1/track'
2026-02-19T10:33:18.5809980Z Request method: 'POST'
2026-02-19T10:33:18.5810015Z Request headers:
2026-02-19T10:33:18.5810041Z     'Content-Type': 'application/json'
2026-02-19T10:33:18.5810061Z     'Content-Length': '3720'
2026-02-19T10:33:18.5810083Z     'Accept': 'application/json'
2026-02-19T10:33:18.5810108Z     'x-ms-client-request-id': '67ecc1ac-0d7e-11f1-9207-eeaa766865b8'
2026-02-19T10:33:18.5810142Z     'User-Agent': 'azsdk-python-azuremonitorclient/unknown Python/3.11.14 (Linux-6.6.119.3-1.azl3-x86_64-with-glibc2.31)'
2026-02-19T10:33:18.5810165Z A body is sent with the request
2026-02-19T10:33:18.7326582Z 2026-02-19 10:33:18,732 - azure.core.pipeline.policies.http_logging_policy - INFO - Response status: 200
2026-02-19T10:33:18.7327132Z Response headers:
2026-02-19T10:33:18.7327160Z     'Transfer-Encoding': 'chunked'
2026-02-19T10:33:18.7327181Z     'Content-Type': 'application/json; charset=utf-8'
2026-02-19T10:33:18.7327200Z     'Server': 'Microsoft-HTTPAPI/2.0'
2026-02-19T10:33:18.7327220Z     'Strict-Transport-Security': 'REDACTED'
2026-02-19T10:33:18.7327238Z     'X-Content-Type-Options': 'REDACTED'
2026-02-19T10:33:18.7327257Z     'Date': 'Thu, 19 Feb 2026 10:33:18 GMT'
2026-02-19T10:33:18.7332139Z 2026-02-19 10:33:18,732 - azure.monitor.opentelemetry.exporter.export._base - INFO - Transmission succeeded: Item received: 3. Items accepted: 3
2026-02-19T10:33:19.5954349Z 2026-02-19 10:33:19,595 - azure.core.pipeline.policies.http_logging_policy - INFO - Request URL: 'https://westus2-2.in.applicationinsights.azure.com//v2.1/track'
2026-02-19T10:33:19.5955014Z Request method: 'POST'
2026-02-19T10:33:19.5955046Z Request headers:
2026-02-19T10:33:19.5955069Z     'Content-Type': 'application/json'
2026-02-19T10:33:19.5955090Z     'Content-Length': '3719'
2026-02-19T10:33:19.5955112Z     'Accept': 'application/json'
2026-02-19T10:33:19.5955136Z     'x-ms-client-request-id': '68878f84-0d7e-11f1-99b0-eeaa766865b8'
2026-02-19T10:33:19.5955164Z     'User-Agent': 'azsdk-python-azuremonitorclient/unknown Python/3.11.14 (Linux-6.6.119.3-1.azl3-x86_64-with-glibc2.31)'
2026-02-19T10:33:19.5955184Z A body is sent with the request
2026-02-19T10:33:19.6504562Z 2026-02-19 10:33:19,650 - azure.core.pipeline.policies.http_logging_policy - INFO - Response status: 200
2026-02-19T10:33:19.6504853Z Response headers:
2026-02-19T10:33:19.6504885Z     'Transfer-Encoding': 'chunked'
2026-02-19T10:33:19.6504945Z     'Content-Type': 'application/json; charset=utf-8'
2026-02-19T10:33:19.6504968Z     'Server': 'Microsoft-HTTPAPI/2.0'
2026-02-19T10:33:19.6504990Z     'Strict-Transport-Security': 'REDACTED'
2026-02-19T10:33:19.6505012Z     'X-Content-Type-Options': 'REDACTED'
2026-02-19T10:33:19.6505035Z     'Date': 'Thu, 19 Feb 2026 10:33:18 GMT'
2026-02-19T10:33:19.6509284Z 2026-02-19 10:33:19,650 - azure.monitor.opentelemetry.exporter.export._base - INFO - Transmission succeeded: Item received: 3. Items accepted: 3
2026-02-19T10:33:23.7347092Z 2026-02-19 10:33:23,734 - azure.core.pipeline.policies.http_logging_policy - INFO - Request URL: 'https://westus2-2.in.applicationinsights.azure.com//v2.1/track'
2026-02-19T10:33:23.7347452Z Request method: 'POST'
2026-02-19T10:33:23.7347478Z Request headers:
2026-02-19T10:33:23.7347499Z     'Content-Type': 'application/json'
2026-02-19T10:33:23.7347575Z     'Content-Length': '3720'
2026-02-19T10:33:23.7347593Z     'Accept': 'application/json'
2026-02-19T10:33:23.7347615Z     'x-ms-client-request-id': '6aff2a56-0d7e-11f1-9207-eeaa766865b8'
2026-02-19T10:33:23.7347639Z     'User-Agent': 'azsdk-python-azuremonitorclient/unknown Python/3.11.14 (Linux-6.6.119.3-1.azl3-x86_64-with-glibc2.31)'
2026-02-19T10:33:23.7347655Z A body is sent with the request
2026-02-19T10:33:23.8135470Z 2026-02-19 10:33:23,813 - azure.core.pipeline.policies.http_logging_policy - INFO - Response status: 200
2026-02-19T10:33:23.8135847Z Response headers:
2026-02-19T10:33:23.8135877Z     'Transfer-Encoding': 'chunked'
2026-02-19T10:33:23.8135899Z     'Content-Type': 'application/json; charset=utf-8'
2026-02-19T10:33:23.8135917Z     'Server': 'Microsoft-HTTPAPI/2.0'
2026-02-19T10:33:23.8136006Z     'Strict-Transport-Security': 'REDACTED'
2026-02-19T10:33:23.8136027Z     'X-Content-Type-Options': 'REDACTED'
2026-02-19T10:33:23.8136045Z     'Date': 'Thu, 19 Feb 2026 10:33:23 GMT'
2026-02-19T10:33:23.8141425Z 2026-02-19 10:33:23,813 - azure.monitor.opentelemetry.exporter.export._base - INFO - Transmission succeeded: Item received: 3. Items accepted: 3
2026-02-19T10:33:24.6533854Z 2026-02-19 10:33:24,653 - azure.core.pipeline.policies.http_logging_policy - INFO - Request URL: 'https://westus2-2.in.applicationinsights.azure.com//v2.1/track'
2026-02-19T10:33:24.6534363Z Request method: 'POST'
2026-02-19T10:33:24.6534391Z Request headers:
2026-02-19T10:33:24.6534415Z     'Content-Type': 'application/json'
2026-02-19T10:33:24.6534434Z     'Content-Length': '3720'
2026-02-19T10:33:24.6534454Z     'Accept': 'application/json'
2026-02-19T10:33:24.6534540Z     'x-ms-client-request-id': '6b8b5756-0d7e-11f1-99b0-eeaa766865b8'
2026-02-19T10:33:24.6534564Z     'User-Agent': 'azsdk-python-azuremonitorclient/unknown Python/3.11.14 (Linux-6.6.119.3-1.azl3-x86_64-with-glibc2.31)'
2026-02-19T10:33:24.6534582Z A body is sent with the request
2026-02-19T10:33:24.7612141Z 2026-02-19 10:33:24,761 - azure.core.pipeline.policies.http_logging_policy - INFO - Response status: 200
2026-02-19T10:33:24.7612524Z Response headers:
2026-02-19T10:33:24.7612551Z     'Transfer-Encoding': 'chunked'
2026-02-19T10:33:24.7612573Z     'Content-Type': 'application/json; charset=utf-8'
2026-02-19T10:33:24.7612595Z     'Server': 'Microsoft-HTTPAPI/2.0'
2026-02-19T10:33:24.7612614Z     'Strict-Transport-Security': 'REDACTED'
2026-02-19T10:33:24.7612634Z     'X-Content-Type-Options': 'REDACTED'
2026-02-19T10:33:24.7612655Z     'Date': 'Thu, 19 Feb 2026 10:33:23 GMT'
2026-02-19T10:33:24.7615675Z 2026-02-19 10:33:24,761 - azure.monitor.opentelemetry.exporter.export._base - INFO - Transmission succeeded: Item received: 3. Items accepted: 3
2026-02-19T10:33:28.8157097Z 2026-02-19 10:33:28,815 - azure.core.pipeline.policies.http_logging_policy - INFO - Request URL: 'https://westus2-2.in.applicationinsights.azure.com//v2.1/track'
2026-02-19T10:33:28.8157508Z Request method: 'POST'
2026-02-19T10:33:28.8157543Z Request headers:
2026-02-19T10:33:28.8157567Z     'Content-Type': 'application/json'
2026-02-19T10:33:28.8157595Z     'Content-Length': '3720'
2026-02-19T10:33:28.8157623Z     'Accept': 'application/json'
2026-02-19T10:33:28.8157654Z     'x-ms-client-request-id': '6e067326-0d7e-11f1-9207-eeaa766865b8'
2026-02-19T10:33:28.8157688Z     'User-Agent': 'azsdk-python-azuremonitorclient/unknown Python/3.11.14 (Linux-6.6.119.3-1.azl3-x86_64-with-glibc2.31)'
2026-02-19T10:33:28.8157780Z A body is sent with the request
2026-02-19T10:33:28.8886318Z 2026-02-19 10:33:28,888 - azure.core.pipeline.policies.http_logging_policy - INFO - Response status: 200
2026-02-19T10:33:28.8886712Z Response headers:
2026-02-19T10:33:28.8886746Z     'Transfer-Encoding': 'chunked'
2026-02-19T10:33:28.8886770Z     'Content-Type': 'application/json; charset=utf-8'
2026-02-19T10:33:28.8886795Z     'Server': 'Microsoft-HTTPAPI/2.0'
2026-02-19T10:33:28.8886820Z     'Strict-Transport-Security': 'REDACTED'
2026-02-19T10:33:28.8886847Z     'X-Content-Type-Options': 'REDACTED'
2026-02-19T10:33:28.8886876Z     'Date': 'Thu, 19 Feb 2026 10:33:28 GMT'
2026-02-19T10:33:28.8894098Z 2026-02-19 10:33:28,888 - azure.monitor.opentelemetry.exporter.export._base - INFO - Transmission succeeded: Item received: 3. Items accepted: 3
2026-02-19T10:33:29.7631276Z 2026-02-19 10:33:29,762 - azure.core.pipeline.policies.http_logging_policy - INFO - Request URL: 'https://westus2-2.in.applicationinsights.azure.com//v2.1/track'
2026-02-19T10:33:29.7631899Z Request method: 'POST'
2026-02-19T10:33:29.7631934Z Request headers:
2026-02-19T10:33:29.7631955Z     'Content-Type': 'application/json'
2026-02-19T10:33:29.7631977Z     'Content-Length': '3720'
2026-02-19T10:33:29.7631997Z     'Accept': 'application/json'
2026-02-19T10:33:29.7632081Z     'x-ms-client-request-id': '6e9705c6-0d7e-11f1-99b0-eeaa766865b8'
2026-02-19T10:33:29.7633250Z     'User-Agent': 'azsdk-python-azuremonitorclient/unknown Python/3.11.14 (Linux-6.6.119.3-1.azl3-x86_64-with-glibc2.31)'
2026-02-19T10:33:29.7633297Z A body is sent with the request
2026-02-19T10:33:29.8712593Z 2026-02-19 10:33:29,871 - azure.core.pipeline.policies.http_logging_policy - INFO - Response status: 200
2026-02-19T10:33:29.8712948Z Response headers:
2026-02-19T10:33:29.8712976Z     'Transfer-Encoding': 'chunked'
2026-02-19T10:33:29.8712998Z     'Content-Type': 'application/json; charset=utf-8'
2026-02-19T10:33:29.8713017Z     'Server': 'Microsoft-HTTPAPI/2.0'
2026-02-19T10:33:29.8713803Z     'Strict-Transport-Security': 'REDACTED'
2026-02-19T10:33:29.8713842Z     'X-Content-Type-Options': 'REDACTED'
2026-02-19T10:33:29.8713929Z     'Date': 'Thu, 19 Feb 2026 10:33:29 GMT'
2026-02-19T10:33:29.8722493Z 2026-02-19 10:33:29,871 - azure.monitor.opentelemetry.exporter.export._base - INFO - Transmission succeeded: Item received: 3. Items accepted: 3
2026-02-19T10:33:33.8912941Z 2026-02-19 10:33:33,891 - azure.core.pipeline.policies.http_logging_policy - INFO - Request URL: 'https://westus2-2.in.applicationinsights.azure.com//v2.1/track'
2026-02-19T10:33:33.8913339Z Request method: 'POST'
2026-02-19T10:33:33.8913366Z Request headers:
2026-02-19T10:33:33.8913385Z     'Content-Type': 'application/json'
2026-02-19T10:33:33.8913403Z     'Content-Length': '3720'
2026-02-19T10:33:33.8913421Z     'Accept': 'application/json'
2026-02-19T10:33:33.8913450Z     'x-ms-client-request-id': '710ce94c-0d7e-11f1-9207-eeaa766865b8'
2026-02-19T10:33:33.8913472Z     'User-Agent': 'azsdk-python-azuremonitorclient/unknown Python/3.11.14 (Linux-6.6.119.3-1.azl3-x86_64-with-glibc2.31)'
2026-02-19T10:33:33.8913565Z A body is sent with the request
2026-02-19T10:33:33.9884168Z 2026-02-19 10:33:33,988 - azure.core.pipeline.policies.http_logging_policy - INFO - Response status: 200
2026-02-19T10:33:33.9884595Z Response headers:
2026-02-19T10:33:33.9885641Z     'Transfer-Encoding': 'chunked'
2026-02-19T10:33:33.9885680Z     'Content-Type': 'application/json; charset=utf-8'
2026-02-19T10:33:33.9885702Z     'Server': 'Microsoft-HTTPAPI/2.0'
2026-02-19T10:33:33.9885724Z     'Strict-Transport-Security': 'REDACTED'
2026-02-19T10:33:33.9885747Z     'X-Content-Type-Options': 'REDACTED'
2026-02-19T10:33:33.9885770Z     'Date': 'Thu, 19 Feb 2026 10:33:33 GMT'
2026-02-19T10:33:33.9891654Z 2026-02-19 10:33:33,988 - azure.monitor.opentelemetry.exporter.export._base - INFO - Transmission succeeded: Item received: 3. Items accepted: 3
2026-02-19T10:33:34.8735689Z 2026-02-19 10:33:34,873 - azure.core.pipeline.policies.http_logging_policy - INFO - Request URL: 'https://westus2-2.in.applicationinsights.azure.com//v2.1/track'
2026-02-19T10:33:34.8736072Z Request method: 'POST'
2026-02-19T10:33:34.8736102Z Request headers:
2026-02-19T10:33:34.8736130Z     'Content-Type': 'application/json'
2026-02-19T10:33:34.8736152Z     'Content-Length': '3720'
2026-02-19T10:33:34.8736174Z     'Accept': 'application/json'
2026-02-19T10:33:34.8736195Z     'x-ms-client-request-id': '71a2d1d2-0d7e-11f1-99b0-eeaa766865b8'
2026-02-19T10:33:34.8736218Z     'User-Agent': 'azsdk-python-azuremonitorclient/unknown Python/3.11.14 (Linux-6.6.119.3-1.azl3-x86_64-with-glibc2.31)'
2026-02-19T10:33:34.8736238Z A body is sent with the request
2026-02-19T10:33:34.9324298Z 2026-02-19 10:33:34,932 - azure.core.pipeline.policies.http_logging_policy - INFO - Response status: 200
2026-02-19T10:33:34.9324743Z Response headers:
2026-02-19T10:33:34.9324776Z     'Transfer-Encoding': 'chunked'
2026-02-19T10:33:34.9324795Z     'Content-Type': 'application/json; charset=utf-8'
2026-02-19T10:33:34.9324814Z     'Server': 'Microsoft-HTTPAPI/2.0'
2026-02-19T10:33:34.9324833Z     'Strict-Transport-Security': 'REDACTED'
2026-02-19T10:33:34.9324853Z     'X-Content-Type-Options': 'REDACTED'
2026-02-19T10:33:34.9324873Z     'Date': 'Thu, 19 Feb 2026 10:33:34 GMT'
2026-02-19T10:33:34.9329884Z 2026-02-19 10:33:34,932 - azure.monitor.opentelemetry.exporter.export._base - INFO - Transmission succeeded: Item received: 3. Items accepted: 3
2026-02-19T10:33:38.9905100Z 2026-02-19 10:33:38,990 - azure.core.pipeline.policies.http_logging_policy - INFO - Request URL: 'https://westus2-2.in.applicationinsights.azure.com//v2.1/track'
2026-02-19T10:33:38.9905475Z Request method: 'POST'
2026-02-19T10:33:38.9905566Z Request headers:
2026-02-19T10:33:38.9905592Z     'Content-Type': 'application/json'
2026-02-19T10:33:38.9905612Z     'Content-Length': '3719'
2026-02-19T10:33:38.9905630Z     'Accept': 'application/json'
2026-02-19T10:33:38.9905651Z     'x-ms-client-request-id': '741703b6-0d7e-11f1-9207-eeaa766865b8'
2026-02-19T10:33:38.9905677Z     'User-Agent': 'azsdk-python-azuremonitorclient/unknown Python/3.11.14 (Linux-6.6.119.3-1.azl3-x86_64-with-glibc2.31)'
2026-02-19T10:33:38.9905696Z A body is sent with the request
2026-02-19T10:33:39.1083833Z 2026-02-19 10:33:39,108 - azure.core.pipeline.policies.http_logging_policy - INFO - Response status: 200
2026-02-19T10:33:39.1084226Z Response headers:
2026-02-19T10:33:39.1084259Z     'Transfer-Encoding': 'chunked'
2026-02-19T10:33:39.1084279Z     'Content-Type': 'application/json; charset=utf-8'
2026-02-19T10:33:39.1084365Z     'Server': 'Microsoft-HTTPAPI/2.0'
2026-02-19T10:33:39.1084385Z     'Strict-Transport-Security': 'REDACTED'
2026-02-19T10:33:39.1084405Z     'X-Content-Type-Options': 'REDACTED'
2026-02-19T10:33:39.1084424Z     'Date': 'Thu, 19 Feb 2026 10:33:38 GMT'
2026-02-19T10:33:39.1090074Z 2026-02-19 10:33:39,108 - azure.monitor.opentelemetry.exporter.export._base - INFO - Transmission succeeded: Item received: 3. Items accepted: 3
2026-02-19T10:33:39.9350406Z 2026-02-19 10:33:39,934 - azure.core.pipeline.policies.http_logging_policy - INFO - Request URL: 'https://westus2-2.in.applicationinsights.azure.com//v2.1/track'
2026-02-19T10:33:39.9350809Z Request method: 'POST'
2026-02-19T10:33:39.9351764Z Request headers:
2026-02-19T10:33:39.9351801Z     'Content-Type': 'application/json'
2026-02-19T10:33:39.9351821Z     'Content-Length': '3720'
2026-02-19T10:33:39.9351904Z     'Accept': 'application/json'
2026-02-19T10:33:39.9351925Z     'x-ms-client-request-id': '74a72446-0d7e-11f1-99b0-eeaa766865b8'
2026-02-19T10:33:39.9351947Z     'User-Agent': 'azsdk-python-azuremonitorclient/unknown Python/3.11.14 (Linux-6.6.119.3-1.azl3-x86_64-with-glibc2.31)'
2026-02-19T10:33:39.9351966Z A body is sent with the request
2026-02-19T10:33:40.2063629Z 2026-02-19 10:33:40,206 - azure.core.pipeline.policies.http_logging_policy - INFO - Response status: 200
2026-02-19T10:33:40.2064020Z Response headers:
2026-02-19T10:33:40.2064050Z     'Transfer-Encoding': 'chunked'
2026-02-19T10:33:40.2064068Z     'Content-Type': 'application/json; charset=utf-8'
2026-02-19T10:33:40.2064091Z     'Server': 'Microsoft-HTTPAPI/2.0'
2026-02-19T10:33:40.2064113Z     'Strict-Transport-Security': 'REDACTED'
2026-02-19T10:33:40.2064198Z     'X-Content-Type-Options': 'REDACTED'
2026-02-19T10:33:40.2064218Z     'Date': 'Thu, 19 Feb 2026 10:33:39 GMT'
2026-02-19T10:33:40.2067185Z 2026-02-19 10:33:40,206 - azure.monitor.opentelemetry.exporter.export._base - INFO - Transmission succeeded: Item received: 3. Items accepted: 3
2026-02-19T10:33:44.1103323Z 2026-02-19 10:33:44,110 - azure.core.pipeline.policies.http_logging_policy - INFO - Request URL: 'https://westus2-2.in.applicationinsights.azure.com//v2.1/track'
2026-02-19T10:33:44.1103724Z Request method: 'POST'
2026-02-19T10:33:44.1103757Z Request headers:
2026-02-19T10:33:44.1103781Z     'Content-Type': 'application/json'
2026-02-19T10:33:44.1103804Z     'Content-Length': '3719'
2026-02-19T10:33:44.1103829Z     'Accept': 'application/json'
2026-02-19T10:33:44.1103851Z     'x-ms-client-request-id': '77243a6a-0d7e-11f1-9207-eeaa766865b8'
2026-02-19T10:33:44.1103940Z     'User-Agent': 'azsdk-python-azuremonitorclient/unknown Python/3.11.14 (Linux-6.6.119.3-1.azl3-x86_64-with-glibc2.31)'
2026-02-19T10:33:44.1103963Z A body is sent with the request
2026-02-19T10:33:44.2891140Z 2026-02-19 10:33:44,288 - azure.core.pipeline.policies.http_logging_policy - INFO - Response status: 200
2026-02-19T10:33:44.2891879Z Response headers:
2026-02-19T10:33:44.2891916Z     'Transfer-Encoding': 'chunked'
2026-02-19T10:33:44.2891942Z     'Content-Type': 'application/json; charset=utf-8'
2026-02-19T10:33:44.2891961Z     'Server': 'Microsoft-HTTPAPI/2.0'
2026-02-19T10:33:44.2891984Z     'Strict-Transport-Security': 'REDACTED'
2026-02-19T10:33:44.2892003Z     'X-Content-Type-Options': 'REDACTED'
2026-02-19T10:33:44.2892019Z     'Date': 'Thu, 19 Feb 2026 10:33:43 GMT'
2026-02-19T10:33:44.2897622Z 2026-02-19 10:33:44,289 - azure.monitor.opentelemetry.exporter.export._base - INFO - Transmission succeeded: Item received: 3. Items accepted: 3
2026-02-19T10:33:45.2085978Z 2026-02-19 10:33:45,208 - azure.core.pipeline.policies.http_logging_policy - INFO - Request URL: 'https://westus2-2.in.applicationinsights.azure.com//v2.1/track'
2026-02-19T10:33:45.2086383Z Request method: 'POST'
2026-02-19T10:33:45.2086416Z Request headers:
2026-02-19T10:33:45.2086449Z     'Content-Type': 'application/json'
2026-02-19T10:33:45.2086474Z     'Content-Length': '3720'
2026-02-19T10:33:45.2086497Z     'Accept': 'application/json'
2026-02-19T10:33:45.2086522Z     'x-ms-client-request-id': '77cbd0ae-0d7e-11f1-99b0-eeaa766865b8'
2026-02-19T10:33:45.2086550Z     'User-Agent': 'azsdk-python-azuremonitorclient/unknown Python/3.11.14 (Linux-6.6.119.3-1.azl3-x86_64-with-glibc2.31)'
2026-02-19T10:33:45.2086577Z A body is sent with the request
2026-02-19T10:33:45.3193605Z 2026-02-19 10:33:45,319 - azure.core.pipeline.policies.http_logging_policy - INFO - Response status: 200
2026-02-19T10:33:45.3194001Z Response headers:
2026-02-19T10:33:45.3194029Z     'Transfer-Encoding': 'chunked'
2026-02-19T10:33:45.3194050Z     'Content-Type': 'application/json; charset=utf-8'
2026-02-19T10:33:45.3194068Z     'Server': 'Microsoft-HTTPAPI/2.0'
2026-02-19T10:33:45.3194086Z     'Strict-Transport-Security': 'REDACTED'
2026-02-19T10:33:45.3194110Z     'X-Content-Type-Options': 'REDACTED'
2026-02-19T10:33:45.3194131Z     'Date': 'Thu, 19 Feb 2026 10:33:44 GMT'
2026-02-19T10:33:45.3201290Z 2026-02-19 10:33:45,319 - azure.monitor.opentelemetry.exporter.export._base - INFO - Transmission succeeded: Item received: 3. Items accepted: 3
2026-02-19T10:33:49.2912781Z 2026-02-19 10:33:49,291 - azure.core.pipeline.policies.http_logging_policy - INFO - Request URL: 'https://westus2-2.in.applicationinsights.azure.com//v2.1/track'
2026-02-19T10:33:49.2913390Z Request method: 'POST'
2026-02-19T10:33:49.2913414Z Request headers:
2026-02-19T10:33:49.2913430Z     'Content-Type': 'application/json'
2026-02-19T10:33:49.2913446Z     'Content-Length': '3719'
2026-02-19T10:33:49.2913466Z     'Accept': 'application/json'
2026-02-19T10:33:49.2913485Z     'x-ms-client-request-id': '7a3ac91c-0d7e-11f1-9207-eeaa766865b8'
2026-02-19T10:33:49.2913510Z     'User-Agent': 'azsdk-python-azuremonitorclient/unknown Python/3.11.14 (Linux-6.6.119.3-1.azl3-x86_64-with-glibc2.31)'
2026-02-19T10:33:49.2913531Z A body is sent with the request
2026-02-19T10:33:49.4164354Z 2026-02-19 10:33:49,416 - azure.core.pipeline.policies.http_logging_policy - INFO - Response status: 200
2026-02-19T10:33:49.4164726Z Response headers:
2026-02-19T10:33:49.4164752Z     'Transfer-Encoding': 'chunked'
2026-02-19T10:33:49.4164826Z     'Content-Type': 'application/json; charset=utf-8'
2026-02-19T10:33:49.4164845Z     'Server': 'Microsoft-HTTPAPI/2.0'
2026-02-19T10:33:49.4164864Z     'Strict-Transport-Security': 'REDACTED'
2026-02-19T10:33:49.4164883Z     'X-Content-Type-Options': 'REDACTED'
2026-02-19T10:33:49.4164902Z     'Date': 'Thu, 19 Feb 2026 10:33:48 GMT'
2026-02-19T10:33:49.4169125Z 2026-02-19 10:33:49,416 - azure.monitor.opentelemetry.exporter.export._base - INFO - Transmission succeeded: Item received: 3. Items accepted: 3
2026-02-19T10:33:50.3217062Z 2026-02-19 10:33:50,321 - azure.core.pipeline.policies.http_logging_policy - INFO - Request URL: 'https://westus2-2.in.applicationinsights.azure.com//v2.1/track'
2026-02-19T10:33:50.3217415Z Request method: 'POST'
2026-02-19T10:33:50.3217446Z Request headers:
2026-02-19T10:33:50.3217522Z     'Content-Type': 'application/json'
2026-02-19T10:33:50.3217549Z     'Content-Length': '3718'
2026-02-19T10:33:50.3217569Z     'Accept': 'application/json'
2026-02-19T10:33:50.3217593Z     'x-ms-client-request-id': '7ad8033a-0d7e-11f1-99b0-eeaa766865b8'
2026-02-19T10:33:50.3217617Z     'User-Agent': 'azsdk-python-azuremonitorclient/unknown Python/3.11.14 (Linux-6.6.119.3-1.azl3-x86_64-with-glibc2.31)'
2026-02-19T10:33:50.3217639Z A body is sent with the request
2026-02-19T10:33:51.5824497Z 2026-02-19 10:33:51,582 - azure.core.pipeline.policies.http_logging_policy - INFO - Response status: 200
2026-02-19T10:33:51.5824861Z Response headers:
2026-02-19T10:33:51.5824900Z     'Transfer-Encoding': 'chunked'
2026-02-19T10:33:51.5824927Z     'Content-Type': 'application/json; charset=utf-8'
2026-02-19T10:33:51.5824953Z     'Server': 'Microsoft-HTTPAPI/2.0'
2026-02-19T10:33:51.5825041Z     'Strict-Transport-Security': 'REDACTED'
2026-02-19T10:33:51.5825067Z     'X-Content-Type-Options': 'REDACTED'
2026-02-19T10:33:51.5825092Z     'Date': 'Thu, 19 Feb 2026 10:33:51 GMT'
2026-02-19T10:33:51.5830926Z 2026-02-19 10:33:51,582 - azure.monitor.opentelemetry.exporter.export._base - INFO - Transmission succeeded: Item received: 3. Items accepted: 3
2026-02-19T10:33:54.4184352Z 2026-02-19 10:33:54,418 - azure.core.pipeline.policies.http_logging_policy - INFO - Request URL: 'https://westus2-2.in.applicationinsights.azure.com//v2.1/track'
2026-02-19T10:33:54.4184730Z Request method: 'POST'
2026-02-19T10:33:54.4184759Z Request headers:
2026-02-19T10:33:54.4184782Z     'Content-Type': 'application/json'
2026-02-19T10:33:54.4184806Z     'Content-Length': '3719'
2026-02-19T10:33:54.4184824Z     'Accept': 'application/json'
2026-02-19T10:33:54.4184901Z     'x-ms-client-request-id': '7d49213a-0d7e-11f1-9207-eeaa766865b8'
2026-02-19T10:33:54.4184924Z     'User-Agent': 'azsdk-python-azuremonitorclient/unknown Python/3.11.14 (Linux-6.6.119.3-1.azl3-x86_64-with-glibc2.31)'
2026-02-19T10:33:54.4184943Z A body is sent with the request
2026-02-19T10:33:54.5914901Z 2026-02-19 10:33:54,591 - azure.core.pipeline.policies.http_logging_policy - INFO - Response status: 200
2026-02-19T10:33:54.5915276Z Response headers:
2026-02-19T10:33:54.5915311Z     'Transfer-Encoding': 'chunked'
2026-02-19T10:33:54.5915331Z     'Content-Type': 'application/json; charset=utf-8'
2026-02-19T10:33:54.5915350Z     'Server': 'Microsoft-HTTPAPI/2.0'
2026-02-19T10:33:54.5915375Z     'Strict-Transport-Security': 'REDACTED'
2026-02-19T10:33:54.5915394Z     'X-Content-Type-Options': 'REDACTED'
2026-02-19T10:33:54.5915410Z     'Date': 'Thu, 19 Feb 2026 10:33:53 GMT'
2026-02-19T10:33:54.5920352Z 2026-02-19 10:33:54,591 - azure.monitor.opentelemetry.exporter.export._base - INFO - Transmission succeeded: Item received: 3. Items accepted: 3
2026-02-19T10:33:56.5847639Z 2026-02-19 10:33:56,584 - azure.core.pipeline.policies.http_logging_policy - INFO - Request URL: 'https://westus2-2.in.applicationinsights.azure.com//v2.1/track'
2026-02-19T10:33:56.5847961Z Request method: 'POST'
2026-02-19T10:33:56.5847988Z Request headers:
2026-02-19T10:33:56.5848010Z     'Content-Type': 'application/json'
2026-02-19T10:33:56.5848031Z     'Content-Length': '3719'
2026-02-19T10:33:56.5848055Z     'Accept': 'application/json'
2026-02-19T10:33:56.5848081Z     'x-ms-client-request-id': '7e93ad9e-0d7e-11f1-99b0-eeaa766865b8'
2026-02-19T10:33:56.5848103Z     'User-Agent': 'azsdk-python-azuremonitorclient/unknown Python/3.11.14 (Linux-6.6.119.3-1.azl3-x86_64-with-glibc2.31)'
2026-02-19T10:33:56.5848203Z A body is sent with the request
2026-02-19T10:33:56.6547210Z 2026-02-19 10:33:56,654 - azure.core.pipeline.policies.http_logging_policy - INFO - Response status: 200
2026-02-19T10:33:56.6547663Z Response headers:
2026-02-19T10:33:56.6547694Z     'Transfer-Encoding': 'chunked'
2026-02-19T10:33:56.6547719Z     'Content-Type': 'application/json; charset=utf-8'
2026-02-19T10:33:56.6547739Z     'Server': 'Microsoft-HTTPAPI/2.0'
2026-02-19T10:33:56.6547762Z     'Strict-Transport-Security': 'REDACTED'
2026-02-19T10:33:56.6547780Z     'X-Content-Type-Options': 'REDACTED'
2026-02-19T10:33:56.6547797Z     'Date': 'Thu, 19 Feb 2026 10:33:56 GMT'
2026-02-19T10:33:56.6553911Z 2026-02-19 10:33:56,654 - azure.monitor.opentelemetry.exporter.export._base - INFO - Transmission succeeded: Item received: 3. Items accepted: 3
2026-02-19T10:33:59.5935895Z 2026-02-19 10:33:59,593 - azure.core.pipeline.policies.http_logging_policy - INFO - Request URL: 'https://westus2-2.in.applicationinsights.azure.com//v2.1/track'
2026-02-19T10:33:59.5936357Z Request method: 'POST'
2026-02-19T10:33:59.5936392Z Request headers:
2026-02-19T10:33:59.5936411Z     'Content-Type': 'application/json'
2026-02-19T10:33:59.5936430Z     'Content-Length': '3720'
2026-02-19T10:33:59.5936455Z     'Accept': 'application/json'
2026-02-19T10:33:59.5936475Z     'x-ms-client-request-id': '805ecac8-0d7e-11f1-9207-eeaa766865b8'
2026-02-19T10:33:59.5936498Z     'User-Agent': 'azsdk-python-azuremonitorclient/unknown Python/3.11.14 (Linux-6.6.119.3-1.azl3-x86_64-with-glibc2.31)'
2026-02-19T10:33:59.5936520Z A body is sent with the request
2026-02-19T10:33:59.6991516Z 2026-02-19 10:33:59,698 - azure.core.pipeline.policies.http_logging_policy - INFO - Response status: 200
2026-02-19T10:33:59.6991982Z Response headers:
2026-02-19T10:33:59.6992007Z     'Transfer-Encoding': 'chunked'
2026-02-19T10:33:59.6992025Z     'Content-Type': 'application/json; charset=utf-8'
2026-02-19T10:33:59.6992043Z     'Server': 'Microsoft-HTTPAPI/2.0'
2026-02-19T10:33:59.6992060Z     'Strict-Transport-Security': 'REDACTED'
2026-02-19T10:33:59.6992079Z     'X-Content-Type-Options': 'REDACTED'
2026-02-19T10:33:59.6992097Z     'Date': 'Thu, 19 Feb 2026 10:33:59 GMT'
2026-02-19T10:33:59.6997356Z 2026-02-19 10:33:59,699 - azure.monitor.opentelemetry.exporter.export._base - INFO - Transmission succeeded: Item received: 3. Items accepted: 3
2026-02-19T10:34:01.6568880Z 2026-02-19 10:34:01,656 - azure.core.pipeline.policies.http_logging_policy - INFO - Request URL: 'https://westus2-2.in.applicationinsights.azure.com//v2.1/track'
2026-02-19T10:34:01.6569259Z Request method: 'POST'
2026-02-19T10:34:01.6569339Z Request headers:
2026-02-19T10:34:01.6569362Z     'Content-Type': 'application/json'
2026-02-19T10:34:01.6569381Z     'Content-Length': '3720'
2026-02-19T10:34:01.6569399Z     'Accept': 'application/json'
2026-02-19T10:34:01.6569421Z     'x-ms-client-request-id': '8199a1f6-0d7e-11f1-99b0-eeaa766865b8'
2026-02-19T10:34:01.6569444Z     'User-Agent': 'azsdk-python-azuremonitorclient/unknown Python/3.11.14 (Linux-6.6.119.3-1.azl3-x86_64-with-glibc2.31)'
2026-02-19T10:34:01.6569465Z A body is sent with the request
2026-02-19T10:34:01.7596203Z 2026-02-19 10:34:01,759 - azure.core.pipeline.policies.http_logging_policy - INFO - Response status: 200
2026-02-19T10:34:01.7597043Z Response headers:
2026-02-19T10:34:01.7597081Z     'Transfer-Encoding': 'chunked'
2026-02-19T10:34:01.7597108Z     'Content-Type': 'application/json; charset=utf-8'
2026-02-19T10:34:01.7597197Z     'Server': 'Microsoft-HTTPAPI/2.0'
2026-02-19T10:34:01.7597220Z     'Strict-Transport-Security': 'REDACTED'
2026-02-19T10:34:01.7597381Z     'X-Content-Type-Options': 'REDACTED'
2026-02-19T10:34:01.7597405Z     'Date': 'Thu, 19 Feb 2026 10:34:01 GMT'
2026-02-19T10:34:01.7601286Z 2026-02-19 10:34:01,759 - azure.monitor.opentelemetry.exporter.export._base - INFO - Transmission succeeded: Item received: 3. Items accepted: 3
2026-02-19T10:34:04.7011704Z 2026-02-19 10:34:04,700 - azure.core.pipeline.policies.http_logging_policy - INFO - Request URL: 'https://westus2-2.in.applicationinsights.azure.com//v2.1/track'
2026-02-19T10:34:04.7012247Z Request method: 'POST'
2026-02-19T10:34:04.7012279Z Request headers:
2026-02-19T10:34:04.7012305Z     'Content-Type': 'application/json'
2026-02-19T10:34:04.7012327Z     'Content-Length': '3720'
2026-02-19T10:34:04.7012409Z     'Accept': 'application/json'
2026-02-19T10:34:04.7012434Z     'x-ms-client-request-id': '836a26fe-0d7e-11f1-9207-eeaa766865b8'
2026-02-19T10:34:04.7012460Z     'User-Agent': 'azsdk-python-azuremonitorclient/unknown Python/3.11.14 (Linux-6.6.119.3-1.azl3-x86_64-with-glibc2.31)'
2026-02-19T10:34:04.7012483Z A body is sent with the request
2026-02-19T10:34:04.7954539Z 2026-02-19 10:34:04,795 - azure.core.pipeline.policies.http_logging_policy - INFO - Response status: 200
2026-02-19T10:34:04.7954913Z Response headers:
2026-02-19T10:34:04.7954943Z     'Transfer-Encoding': 'chunked'
2026-02-19T10:34:04.7954972Z     'Content-Type': 'application/json; charset=utf-8'
2026-02-19T10:34:04.7954989Z     'Server': 'Microsoft-HTTPAPI/2.0'
2026-02-19T10:34:04.7955010Z     'Strict-Transport-Security': 'REDACTED'
2026-02-19T10:34:04.7955091Z     'X-Content-Type-Options': 'REDACTED'
2026-02-19T10:34:04.7955111Z     'Date': 'Thu, 19 Feb 2026 10:34:04 GMT'
2026-02-19T10:34:04.7961095Z 2026-02-19 10:34:04,795 - azure.monitor.opentelemetry.exporter.export._base - INFO - Transmission succeeded: Item received: 3. Items accepted: 3
2026-02-19T10:34:06.7618625Z 2026-02-19 10:34:06,761 - azure.core.pipeline.policies.http_logging_policy - INFO - Request URL: 'https://westus2-2.in.applicationinsights.azure.com//v2.1/track'
2026-02-19T10:34:06.7619049Z Request method: 'POST'
2026-02-19T10:34:06.7619079Z Request headers:
2026-02-19T10:34:06.7619099Z     'Content-Type': 'application/json'
2026-02-19T10:34:06.7619117Z     'Content-Length': '3720'
2026-02-19T10:34:06.7619136Z     'Accept': 'application/json'
2026-02-19T10:34:06.7619160Z     'x-ms-client-request-id': '84a49694-0d7e-11f1-99b0-eeaa766865b8'
2026-02-19T10:34:06.7619246Z     'User-Agent': 'azsdk-python-azuremonitorclient/unknown Python/3.11.14 (Linux-6.6.119.3-1.azl3-x86_64-with-glibc2.31)'
2026-02-19T10:34:06.7619268Z A body is sent with the request
2026-02-19T10:34:06.9109117Z 2026-02-19 10:34:06,910 - azure.core.pipeline.policies.http_logging_policy - INFO - Response status: 200
2026-02-19T10:34:06.9109511Z Response headers:
2026-02-19T10:34:06.9109549Z     'Transfer-Encoding': 'chunked'
2026-02-19T10:34:06.9109588Z     'Content-Type': 'application/json; charset=utf-8'
2026-02-19T10:34:06.9109613Z     'Server': 'Microsoft-HTTPAPI/2.0'
2026-02-19T10:34:06.9109638Z     'Strict-Transport-Security': 'REDACTED'
2026-02-19T10:34:06.9109663Z     'X-Content-Type-Options': 'REDACTED'
2026-02-19T10:34:06.9109688Z     'Date': 'Thu, 19 Feb 2026 10:34:06 GMT'
2026-02-19T10:34:06.9115223Z 2026-02-19 10:34:06,911 - azure.monitor.opentelemetry.exporter.export._base - INFO - Transmission succeeded: Item received: 3. Items accepted: 3
2026-02-19T10:34:09.7978645Z 2026-02-19 10:34:09,797 - azure.core.pipeline.policies.http_logging_policy - INFO - Request URL: 'https://westus2-2.in.applicationinsights.azure.com//v2.1/track'
2026-02-19T10:34:09.7979093Z Request method: 'POST'
2026-02-19T10:34:09.7979122Z Request headers:
2026-02-19T10:34:09.7979148Z     'Content-Type': 'application/json'
2026-02-19T10:34:09.7979171Z     'Content-Length': '3720'
2026-02-19T10:34:09.7979192Z     'Accept': 'application/json'
2026-02-19T10:34:09.7979216Z     'x-ms-client-request-id': '8673d750-0d7e-11f1-9207-eeaa766865b8'
2026-02-19T10:34:09.7979241Z     'User-Agent': 'azsdk-python-azuremonitorclient/unknown Python/3.11.14 (Linux-6.6.119.3-1.azl3-x86_64-with-glibc2.31)'
2026-02-19T10:34:09.7979261Z A body is sent with the request
2026-02-19T10:34:09.8809284Z 2026-02-19 10:34:09,880 - azure.core.pipeline.policies.http_logging_policy - INFO - Response status: 200
2026-02-19T10:34:09.8809832Z Response headers:
2026-02-19T10:34:09.8809870Z     'Transfer-Encoding': 'chunked'
2026-02-19T10:34:09.8809890Z     'Content-Type': 'application/json; charset=utf-8'
2026-02-19T10:34:09.8809910Z     'Server': 'Microsoft-HTTPAPI/2.0'
2026-02-19T10:34:09.8809930Z     'Strict-Transport-Security': 'REDACTED'
2026-02-19T10:34:09.8809953Z     'X-Content-Type-Options': 'REDACTED'
2026-02-19T10:34:09.8809977Z     'Date': 'Thu, 19 Feb 2026 10:34:09 GMT'
2026-02-19T10:34:09.8816282Z 2026-02-19 10:34:09,881 - azure.monitor.opentelemetry.exporter.export._base - INFO - Transmission succeeded: Item received: 3. Items accepted: 3
2026-02-19T10:34:11.9143908Z 2026-02-19 10:34:11,914 - azure.core.pipeline.policies.http_logging_policy - INFO - Request URL: 'https://westus2-2.in.applicationinsights.azure.com//v2.1/track'
2026-02-19T10:34:11.9144353Z Request method: 'POST'
2026-02-19T10:34:11.9144376Z Request headers:
2026-02-19T10:34:11.9144396Z     'Content-Type': 'application/json'
2026-02-19T10:34:11.9144419Z     'Content-Length': '3720'
2026-02-19T10:34:11.9144442Z     'Accept': 'application/json'
2026-02-19T10:34:11.9144466Z     'x-ms-client-request-id': '87b6cd98-0d7e-11f1-99b0-eeaa766865b8'
2026-02-19T10:34:11.9144493Z     'User-Agent': 'azsdk-python-azuremonitorclient/unknown Python/3.11.14 (Linux-6.6.119.3-1.azl3-x86_64-with-glibc2.31)'
2026-02-19T10:34:11.9144515Z A body is sent with the request
2026-02-19T10:34:11.9830486Z 2026-02-19 10:34:11,982 - azure.core.pipeline.policies.http_logging_policy - INFO - Response status: 200
2026-02-19T10:34:11.9830878Z Response headers:
2026-02-19T10:34:11.9830903Z     'Transfer-Encoding': 'chunked'
2026-02-19T10:34:11.9830978Z     'Content-Type': 'application/json; charset=utf-8'
2026-02-19T10:34:11.9830996Z     'Server': 'Microsoft-HTTPAPI/2.0'
2026-02-19T10:34:11.9831015Z     'Strict-Transport-Security': 'REDACTED'
2026-02-19T10:34:11.9831034Z     'X-Content-Type-Options': 'REDACTED'
2026-02-19T10:34:11.9831055Z     'Date': 'Thu, 19 Feb 2026 10:34:11 GMT'
2026-02-19T10:34:11.9834051Z 2026-02-19 10:34:11,983 - azure.monitor.opentelemetry.exporter.export._base - INFO - Transmission succeeded: Item received: 3. Items accepted: 3
2026-02-19T10:34:14.8828739Z 2026-02-19 10:34:14,882 - azure.core.pipeline.policies.http_logging_policy - INFO - Request URL: 'https://westus2-2.in.applicationinsights.azure.com//v2.1/track'
2026-02-19T10:34:14.8829405Z Request method: 'POST'
2026-02-19T10:34:14.8829436Z Request headers:
2026-02-19T10:34:14.8829513Z     'Content-Type': 'application/json'
2026-02-19T10:34:14.8829535Z     'Content-Length': '3720'
2026-02-19T10:34:14.8829555Z     'Accept': 'application/json'
2026-02-19T10:34:14.8829578Z     'x-ms-client-request-id': '897bc0c0-0d7e-11f1-9207-eeaa766865b8'
2026-02-19T10:34:14.8829603Z     'User-Agent': 'azsdk-python-azuremonitorclient/unknown Python/3.11.14 (Linux-6.6.119.3-1.azl3-x86_64-with-glibc2.31)'
2026-02-19T10:34:14.8829624Z A body is sent with the request
2026-02-19T10:34:15.1241904Z 2026-02-19 10:34:15,123 - azure.core.pipeline.policies.http_logging_policy - INFO - Response status: 200
2026-02-19T10:34:15.1242292Z Response headers:
2026-02-19T10:34:15.1242324Z     'Transfer-Encoding': 'chunked'
2026-02-19T10:34:15.1242346Z     'Content-Type': 'application/json; charset=utf-8'
2026-02-19T10:34:15.1242369Z     'Server': 'Microsoft-HTTPAPI/2.0'
2026-02-19T10:34:15.1242442Z     'Strict-Transport-Security': 'REDACTED'
2026-02-19T10:34:15.1242461Z     'X-Content-Type-Options': 'REDACTED'
2026-02-19T10:34:15.1242480Z     'Date': 'Thu, 19 Feb 2026 10:34:15 GMT'
2026-02-19T10:34:15.1248043Z 2026-02-19 10:34:15,124 - azure.monitor.opentelemetry.exporter.export._base - INFO - Transmission succeeded: Item received: 3. Items accepted: 3
2026-02-19T10:34:16.9859925Z 2026-02-19 10:34:16,985 - azure.core.pipeline.policies.http_logging_policy - INFO - Request URL: 'https://westus2-2.in.applicationinsights.azure.com//v2.1/track'
2026-02-19T10:34:16.9860317Z Request method: 'POST'
2026-02-19T10:34:16.9860342Z Request headers:
2026-02-19T10:34:16.9860360Z     'Content-Type': 'application/json'
2026-02-19T10:34:16.9860386Z     'Content-Length': '3720'
2026-02-19T10:34:16.9860408Z     'Accept': 'application/json'
2026-02-19T10:34:16.9860499Z     'x-ms-client-request-id': '8abca6a2-0d7e-11f1-99b0-eeaa766865b8'
2026-02-19T10:34:16.9860525Z     'User-Agent': 'azsdk-python-azuremonitorclient/unknown Python/3.11.14 (Linux-6.6.119.3-1.azl3-x86_64-with-glibc2.31)'
2026-02-19T10:34:16.9860544Z A body is sent with the request
2026-02-19T10:34:17.0446988Z 2026-02-19 10:34:17,044 - azure.core.pipeline.policies.http_logging_policy - INFO - Response status: 200
2026-02-19T10:34:17.0447386Z Response headers:
2026-02-19T10:34:17.0447413Z     'Transfer-Encoding': 'chunked'
2026-02-19T10:34:17.0447437Z     'Content-Type': 'application/json; charset=utf-8'
2026-02-19T10:34:17.0447455Z     'Server': 'Microsoft-HTTPAPI/2.0'
2026-02-19T10:34:17.0447473Z     'Strict-Transport-Security': 'REDACTED'
2026-02-19T10:34:17.0447494Z     'X-Content-Type-Options': 'REDACTED'
2026-02-19T10:34:17.0447519Z     'Date': 'Thu, 19 Feb 2026 10:34:16 GMT'
2026-02-19T10:34:17.0453639Z 2026-02-19 10:34:17,044 - azure.monitor.opentelemetry.exporter.export._base - INFO - Transmission succeeded: Item received: 3. Items accepted: 3
2026-02-19T10:34:20.1265389Z 2026-02-19 10:34:20,126 - azure.core.pipeline.policies.http_logging_policy - INFO - Request URL: 'https://westus2-2.in.applicationinsights.azure.com//v2.1/track'
2026-02-19T10:34:20.1265747Z Request method: 'POST'
2026-02-19T10:34:20.1265783Z Request headers:
2026-02-19T10:34:20.1265809Z     'Content-Type': 'application/json'
2026-02-19T10:34:20.1265829Z     'Content-Length': '3720'
2026-02-19T10:34:20.1265854Z     'Accept': 'application/json'
2026-02-19T10:34:20.1265876Z     'x-ms-client-request-id': '8c9bdd1c-0d7e-11f1-9207-eeaa766865b8'
2026-02-19T10:34:20.1265909Z     'User-Agent': 'azsdk-python-azuremonitorclient/unknown Python/3.11.14 (Linux-6.6.119.3-1.azl3-x86_64-with-glibc2.31)'
2026-02-19T10:34:20.1265999Z A body is sent with the request
2026-02-19T10:34:20.1853640Z 2026-02-19 10:34:20,185 - azure.core.pipeline.policies.http_logging_policy - INFO - Response status: 200
2026-02-19T10:34:20.1853977Z Response headers:
2026-02-19T10:34:20.1854003Z     'Transfer-Encoding': 'chunked'
2026-02-19T10:34:20.1854024Z     'Content-Type': 'application/json; charset=utf-8'
2026-02-19T10:34:20.1854045Z     'Server': 'Microsoft-HTTPAPI/2.0'
2026-02-19T10:34:20.1854064Z     'Strict-Transport-Security': 'REDACTED'
2026-02-19T10:34:20.1854087Z     'X-Content-Type-Options': 'REDACTED'
2026-02-19T10:34:20.1854111Z     'Date': 'Thu, 19 Feb 2026 10:34:20 GMT'
2026-02-19T10:34:20.1860103Z 2026-02-19 10:34:20,185 - azure.monitor.opentelemetry.exporter.export._base - INFO - Transmission succeeded: Item received: 3. Items accepted: 3
2026-02-19T10:34:22.0471142Z 2026-02-19 10:34:22,046 - azure.core.pipeline.policies.http_logging_policy - INFO - Request URL: 'https://westus2-2.in.applicationinsights.azure.com//v2.1/track'
2026-02-19T10:34:22.0471486Z Request method: 'POST'
2026-02-19T10:34:22.0471509Z Request headers:
2026-02-19T10:34:22.0471529Z     'Content-Type': 'application/json'
2026-02-19T10:34:22.0471548Z     'Content-Length': '3720'
2026-02-19T10:34:22.0471567Z     'Accept': 'application/json'
2026-02-19T10:34:22.0471588Z     'x-ms-client-request-id': '8dc0edae-0d7e-11f1-99b0-eeaa766865b8'
2026-02-19T10:34:22.0471612Z     'User-Agent': 'azsdk-python-azuremonitorclient/unknown Python/3.11.14 (Linux-6.6.119.3-1.azl3-x86_64-with-glibc2.31)'
2026-02-19T10:34:22.0471633Z A body is sent with the request
2026-02-19T10:34:22.1888110Z 2026-02-19 10:34:22,188 - azure.core.pipeline.policies.http_logging_policy - INFO - Response status: 200
2026-02-19T10:34:22.1888514Z Response headers:
2026-02-19T10:34:22.1888605Z     'Transfer-Encoding': 'chunked'
2026-02-19T10:34:22.1888624Z     'Content-Type': 'application/json; charset=utf-8'
2026-02-19T10:34:22.1888643Z     'Server': 'Microsoft-HTTPAPI/2.0'
2026-02-19T10:34:22.1888663Z     'Strict-Transport-Security': 'REDACTED'
2026-02-19T10:34:22.1888682Z     'X-Content-Type-Options': 'REDACTED'
2026-02-19T10:34:22.1888699Z     'Date': 'Thu, 19 Feb 2026 10:34:21 GMT'
2026-02-19T10:34:22.1893924Z 2026-02-19 10:34:22,188 - azure.monitor.opentelemetry.exporter.export._base - INFO - Transmission succeeded: Item received: 3. Items accepted: 3
2026-02-19T10:34:25.1872966Z 2026-02-19 10:34:25,187 - azure.core.pipeline.policies.http_logging_policy - INFO - Request URL: 'https://westus2-2.in.applicationinsights.azure.com//v2.1/track'
2026-02-19T10:34:25.1873329Z Request method: 'POST'
2026-02-19T10:34:25.1873353Z Request headers:
2026-02-19T10:34:25.1873432Z     'Content-Type': 'application/json'
2026-02-19T10:34:25.1873453Z     'Content-Length': '3720'
2026-02-19T10:34:25.1873471Z     'Accept': 'application/json'
2026-02-19T10:34:25.1873491Z     'x-ms-client-request-id': '8fa015fa-0d7e-11f1-9207-eeaa766865b8'
2026-02-19T10:34:25.1873515Z     'User-Agent': 'azsdk-python-azuremonitorclient/unknown Python/3.11.14 (Linux-6.6.119.3-1.azl3-x86_64-with-glibc2.31)'
2026-02-19T10:34:25.1873534Z A body is sent with the request
2026-02-19T10:34:25.3112725Z 2026-02-19 10:34:25,311 - azure.core.pipeline.policies.http_logging_policy - INFO - Response status: 200
2026-02-19T10:34:25.3113433Z Response headers:
2026-02-19T10:34:25.3113470Z     'Transfer-Encoding': 'chunked'
2026-02-19T10:34:25.3113490Z     'Content-Type': 'application/json; charset=utf-8'
2026-02-19T10:34:25.3113561Z     'Server': 'Microsoft-HTTPAPI/2.0'
2026-02-19T10:34:25.3113587Z     'Strict-Transport-Security': 'REDACTED'
2026-02-19T10:34:25.3113607Z     'X-Content-Type-Options': 'REDACTED'
2026-02-19T10:34:25.3113624Z     'Date': 'Thu, 19 Feb 2026 10:34:25 GMT'
2026-02-19T10:34:25.3118820Z 2026-02-19 10:34:25,311 - azure.monitor.opentelemetry.exporter.export._base - INFO - Transmission succeeded: Item received: 3. Items accepted: 3
2026-02-19T10:34:27.1906780Z 2026-02-19 10:34:27,190 - azure.core.pipeline.policies.http_logging_policy - INFO - Request URL: 'https://westus2-2.in.applicationinsights.azure.com//v2.1/track'
2026-02-19T10:34:27.1907389Z Request method: 'POST'
2026-02-19T10:34:27.1907422Z Request headers:
2026-02-19T10:34:27.1907450Z     'Content-Type': 'application/json'
2026-02-19T10:34:27.1907471Z     'Content-Length': '3720'
2026-02-19T10:34:27.1907559Z     'Accept': 'application/json'
2026-02-19T10:34:27.1907585Z     'x-ms-client-request-id': '90d1c61c-0d7e-11f1-99b0-eeaa766865b8'
2026-02-19T10:34:27.1907613Z     'User-Agent': 'azsdk-python-azuremonitorclient/unknown Python/3.11.14 (Linux-6.6.119.3-1.azl3-x86_64-with-glibc2.31)'
2026-02-19T10:34:27.1907636Z A body is sent with the request
2026-02-19T10:34:27.2525536Z 2026-02-19 10:34:27,252 - azure.core.pipeline.policies.http_logging_policy - INFO - Response status: 200
2026-02-19T10:34:27.2525926Z Response headers:
2026-02-19T10:34:27.2525954Z     'Transfer-Encoding': 'chunked'
2026-02-19T10:34:27.2525973Z     'Content-Type': 'application/json; charset=utf-8'
2026-02-19T10:34:27.2525994Z     'Server': 'Microsoft-HTTPAPI/2.0'
2026-02-19T10:34:27.2526011Z     'Strict-Transport-Security': 'REDACTED'
2026-02-19T10:34:27.2526035Z     'X-Content-Type-Options': 'REDACTED'
2026-02-19T10:34:27.2526115Z     'Date': 'Thu, 19 Feb 2026 10:34:26 GMT'
2026-02-19T10:34:27.2539414Z 2026-02-19 10:34:27,253 - azure.monitor.opentelemetry.exporter.export._base - INFO - Transmission succeeded: Item received: 3. Items accepted: 3
2026-02-19T10:34:30.3135373Z 2026-02-19 10:34:30,313 - azure.core.pipeline.policies.http_logging_policy - INFO - Request URL: 'https://westus2-2.in.applicationinsights.azure.com//v2.1/track'
2026-02-19T10:34:30.3136093Z Request method: 'POST'
2026-02-19T10:34:30.3136127Z Request headers:
2026-02-19T10:34:30.3136146Z     'Content-Type': 'application/json'
2026-02-19T10:34:30.3136163Z     'Content-Length': '3720'
2026-02-19T10:34:30.3136182Z     'Accept': 'application/json'
2026-02-19T10:34:30.3136208Z     'x-ms-client-request-id': '92ae4988-0d7e-11f1-9207-eeaa766865b8'
2026-02-19T10:34:30.3136314Z     'User-Agent': 'azsdk-python-azuremonitorclient/unknown Python/3.11.14 (Linux-6.6.119.3-1.azl3-x86_64-with-glibc2.31)'
2026-02-19T10:34:30.3136333Z A body is sent with the request
2026-02-19T10:34:30.5524814Z 2026-02-19 10:34:30,552 - azure.core.pipeline.policies.http_logging_policy - INFO - Response status: 200
2026-02-19T10:34:30.5525524Z Response headers:
2026-02-19T10:34:30.5525555Z     'Transfer-Encoding': 'chunked'
2026-02-19T10:34:30.5525580Z     'Content-Type': 'application/json; charset=utf-8'
2026-02-19T10:34:30.5525597Z     'Server': 'Microsoft-HTTPAPI/2.0'
2026-02-19T10:34:30.5525614Z     'Strict-Transport-Security': 'REDACTED'
2026-02-19T10:34:30.5525631Z     'X-Content-Type-Options': 'REDACTED'
2026-02-19T10:34:30.5525649Z     'Date': 'Thu, 19 Feb 2026 10:34:30 GMT'
2026-02-19T10:34:30.5532167Z 2026-02-19 10:34:30,552 - azure.monitor.opentelemetry.exporter.export._base - INFO - Transmission succeeded: Item received: 3. Items accepted: 3
2026-02-19T10:34:32.2557983Z 2026-02-19 10:34:32,255 - azure.core.pipeline.policies.http_logging_policy - INFO - Request URL: 'https://westus2-2.in.applicationinsights.azure.com//v2.1/track'
2026-02-19T10:34:32.2558364Z Request method: 'POST'
2026-02-19T10:34:32.2558397Z Request headers:
2026-02-19T10:34:32.2558424Z     'Content-Type': 'application/json'
2026-02-19T10:34:32.2558448Z     'Content-Length': '3720'
2026-02-19T10:34:32.2558470Z     'Accept': 'application/json'
2026-02-19T10:34:32.2558496Z     'x-ms-client-request-id': '93d6a45e-0d7e-11f1-99b0-eeaa766865b8'
2026-02-19T10:34:32.2558523Z     'User-Agent': 'azsdk-python-azuremonitorclient/unknown Python/3.11.14 (Linux-6.6.119.3-1.azl3-x86_64-with-glibc2.31)'
2026-02-19T10:34:32.2558543Z A body is sent with the request
2026-02-19T10:34:32.3605386Z 2026-02-19 10:34:32,360 - azure.core.pipeline.policies.http_logging_policy - INFO - Response status: 200
2026-02-19T10:34:32.3605769Z Response headers:
2026-02-19T10:34:32.3605793Z     'Transfer-Encoding': 'chunked'
2026-02-19T10:34:32.3605811Z     'Content-Type': 'application/json; charset=utf-8'
2026-02-19T10:34:32.3605829Z     'Server': 'Microsoft-HTTPAPI/2.0'
2026-02-19T10:34:32.3605849Z     'Strict-Transport-Security': 'REDACTED'
2026-02-19T10:34:32.3605868Z     'X-Content-Type-Options': 'REDACTED'
2026-02-19T10:34:32.3605887Z     'Date': 'Thu, 19 Feb 2026 10:34:31 GMT'
2026-02-19T10:34:32.3614117Z 2026-02-19 10:34:32,360 - azure.monitor.opentelemetry.exporter.export._base - INFO - Transmission succeeded: Item received: 3. Items accepted: 3
2026-02-19T10:34:35.5546571Z 2026-02-19 10:34:35,554 - azure.core.pipeline.policies.http_logging_policy - INFO - Request URL: 'https://westus2-2.in.applicationinsights.azure.com//v2.1/track'
2026-02-19T10:34:35.5546993Z Request method: 'POST'
2026-02-19T10:34:35.5547017Z Request headers:
2026-02-19T10:34:35.5547037Z     'Content-Type': 'application/json'
2026-02-19T10:34:35.5547054Z     'Content-Length': '3719'
2026-02-19T10:34:35.5547072Z     'Accept': 'application/json'
2026-02-19T10:34:35.5547090Z     'x-ms-client-request-id': '95ce048c-0d7e-11f1-9207-eeaa766865b8'
2026-02-19T10:34:35.5547112Z     'User-Agent': 'azsdk-python-azuremonitorclient/unknown Python/3.11.14 (Linux-6.6.119.3-1.azl3-x86_64-with-glibc2.31)'
2026-02-19T10:34:35.5547127Z A body is sent with the request
2026-02-19T10:34:35.6005017Z 2026-02-19 10:34:35,600 - azure.core.pipeline.policies.http_logging_policy - INFO - Response status: 200
2026-02-19T10:34:35.6005875Z Response headers:
2026-02-19T10:34:35.6005913Z     'Transfer-Encoding': 'chunked'
2026-02-19T10:34:35.6005994Z     'Content-Type': 'application/json; charset=utf-8'
2026-02-19T10:34:35.6006013Z     'Server': 'Microsoft-HTTPAPI/2.0'
2026-02-19T10:34:35.6006033Z     'Strict-Transport-Security': 'REDACTED'
2026-02-19T10:34:35.6006052Z     'X-Content-Type-Options': 'REDACTED'
2026-02-19T10:34:35.6006073Z     'Date': 'Thu, 19 Feb 2026 10:34:35 GMT'
2026-02-19T10:34:35.6006684Z 2026-02-19 10:34:35,600 - azure.monitor.opentelemetry.exporter.export._base - INFO - Transmission succeeded: Item received: 3. Items accepted: 3
2026-02-19T10:34:37.3627147Z 2026-02-19 10:34:37,362 - azure.core.pipeline.policies.http_logging_policy - INFO - Request URL: 'https://westus2-2.in.applicationinsights.azure.com//v2.1/track'
2026-02-19T10:34:37.3627921Z Request method: 'POST'
2026-02-19T10:34:37.3627952Z Request headers:
2026-02-19T10:34:37.3627972Z     'Content-Type': 'application/json'
2026-02-19T10:34:37.3628066Z     'Content-Length': '3720'
2026-02-19T10:34:37.3628085Z     'Accept': 'application/json'
2026-02-19T10:34:37.3628104Z     'x-ms-client-request-id': '96e1e64a-0d7e-11f1-99b0-eeaa766865b8'
2026-02-19T10:34:37.3628125Z     'User-Agent': 'azsdk-python-azuremonitorclient/unknown Python/3.11.14 (Linux-6.6.119.3-1.azl3-x86_64-with-glibc2.31)'
2026-02-19T10:34:37.3628142Z A body is sent with the request
2026-02-19T10:34:37.5388111Z 2026-02-19 10:34:37,538 - azure.core.pipeline.policies.http_logging_policy - INFO - Response status: 200
2026-02-19T10:34:37.5388820Z Response headers:
2026-02-19T10:34:37.5388856Z     'Transfer-Encoding': 'chunked'
2026-02-19T10:34:37.5388878Z     'Content-Type': 'application/json; charset=utf-8'
2026-02-19T10:34:37.5388896Z     'Server': 'Microsoft-HTTPAPI/2.0'
2026-02-19T10:34:37.5388987Z     'Strict-Transport-Security': 'REDACTED'
2026-02-19T10:34:37.5389007Z     'X-Content-Type-Options': 'REDACTED'
2026-02-19T10:34:37.5389024Z     'Date': 'Thu, 19 Feb 2026 10:34:36 GMT'
2026-02-19T10:34:37.5392657Z 2026-02-19 10:34:37,539 - azure.monitor.opentelemetry.exporter.export._base - INFO - Transmission succeeded: Item received: 3. Items accepted: 3
2026-02-19T10:34:40.6032739Z 2026-02-19 10:34:40,603 - azure.core.pipeline.policies.http_logging_policy - INFO - Request URL: 'https://westus2-2.in.applicationinsights.azure.com//v2.1/track'
2026-02-19T10:34:40.6033135Z Request method: 'POST'
2026-02-19T10:34:40.6033164Z Request headers:
2026-02-19T10:34:40.6033185Z     'Content-Type': 'application/json'
2026-02-19T10:34:40.6033205Z     'Content-Length': '3720'
2026-02-19T10:34:40.6033228Z     'Accept': 'application/json'
2026-02-19T10:34:40.6033322Z     'x-ms-client-request-id': '98d05cc0-0d7e-11f1-9207-eeaa766865b8'
2026-02-19T10:34:40.6033347Z     'User-Agent': 'azsdk-python-azuremonitorclient/unknown Python/3.11.14 (Linux-6.6.119.3-1.azl3-x86_64-with-glibc2.31)'
2026-02-19T10:34:40.6033373Z A body is sent with the request
2026-02-19T10:34:40.6747469Z 2026-02-19 10:34:40,674 - azure.core.pipeline.policies.http_logging_policy - INFO - Response status: 200
2026-02-19T10:34:40.6748173Z Response headers:
2026-02-19T10:34:40.6748205Z     'Transfer-Encoding': 'chunked'
2026-02-19T10:34:40.6748226Z     'Content-Type': 'application/json; charset=utf-8'
2026-02-19T10:34:40.6748245Z     'Server': 'Microsoft-HTTPAPI/2.0'
2026-02-19T10:34:40.6748265Z     'Strict-Transport-Security': 'REDACTED'
2026-02-19T10:34:40.6748286Z     'X-Content-Type-Options': 'REDACTED'
2026-02-19T10:34:40.6748305Z     'Date': 'Thu, 19 Feb 2026 10:34:40 GMT'
2026-02-19T10:34:40.6752413Z 2026-02-19 10:34:40,675 - azure.monitor.opentelemetry.exporter.export._base - INFO - Transmission succeeded: Item received: 3. Items accepted: 3
2026-02-19T10:34:42.5408900Z 2026-02-19 10:34:42,540 - azure.core.pipeline.policies.http_logging_policy - INFO - Request URL: 'https://westus2-2.in.applicationinsights.azure.com//v2.1/track'
2026-02-19T10:34:42.5409276Z Request method: 'POST'
2026-02-19T10:34:42.5409301Z Request headers:
2026-02-19T10:34:42.5409322Z     'Content-Type': 'application/json'
2026-02-19T10:34:42.5409339Z     'Content-Length': '3720'
2026-02-19T10:34:42.5409357Z     'Accept': 'application/json'
2026-02-19T10:34:42.5409386Z     'x-ms-client-request-id': '99f808fa-0d7e-11f1-99b0-eeaa766865b8'
2026-02-19T10:34:42.5409408Z     'User-Agent': 'azsdk-python-azuremonitorclient/unknown Python/3.11.14 (Linux-6.6.119.3-1.azl3-x86_64-with-glibc2.31)'
2026-02-19T10:34:42.5409487Z A body is sent with the request
2026-02-19T10:34:42.6563562Z 2026-02-19 10:34:42,656 - azure.core.pipeline.policies.http_logging_policy - INFO - Response status: 200
2026-02-19T10:34:42.6563917Z Response headers:
2026-02-19T10:34:42.6563951Z     'Transfer-Encoding': 'chunked'
2026-02-19T10:34:42.6563973Z     'Content-Type': 'application/json; charset=utf-8'
2026-02-19T10:34:42.6563991Z     'Server': 'Microsoft-HTTPAPI/2.0'
2026-02-19T10:34:42.6564010Z     'Strict-Transport-Security': 'REDACTED'
2026-02-19T10:34:42.6564029Z     'X-Content-Type-Options': 'REDACTED'
2026-02-19T10:34:42.6564051Z     'Date': 'Thu, 19 Feb 2026 10:34:41 GMT'
2026-02-19T10:34:42.6569369Z 2026-02-19 10:34:42,656 - azure.monitor.opentelemetry.exporter.export._base - INFO - Transmission succeeded: Item received: 3. Items accepted: 3
2026-02-19T10:34:45.6769711Z 2026-02-19 10:34:45,676 - azure.core.pipeline.policies.http_logging_policy - INFO - Request URL: 'https://westus2-2.in.applicationinsights.azure.com//v2.1/track'
2026-02-19T10:34:45.6770101Z Request method: 'POST'
2026-02-19T10:34:45.6770134Z Request headers:
2026-02-19T10:34:45.6770159Z     'Content-Type': 'application/json'
2026-02-19T10:34:45.6770178Z     'Content-Length': '3720'
2026-02-19T10:34:45.6770197Z     'Accept': 'application/json'
2026-02-19T10:34:45.6770215Z     'x-ms-client-request-id': '9bd6906a-0d7e-11f1-9207-eeaa766865b8'
2026-02-19T10:34:45.6770237Z     'User-Agent': 'azsdk-python-azuremonitorclient/unknown Python/3.11.14 (Linux-6.6.119.3-1.azl3-x86_64-with-glibc2.31)'
2026-02-19T10:34:45.6770259Z A body is sent with the request
2026-02-19T10:34:45.7529098Z 2026-02-19 10:34:45,752 - azure.core.pipeline.policies.http_logging_policy - INFO - Response status: 200
2026-02-19T10:34:45.7529509Z Response headers:
2026-02-19T10:34:45.7529536Z     'Transfer-Encoding': 'chunked'
2026-02-19T10:34:45.7529556Z     'Content-Type': 'application/json; charset=utf-8'
2026-02-19T10:34:45.7529575Z     'Server': 'Microsoft-HTTPAPI/2.0'
2026-02-19T10:34:45.7529593Z     'Strict-Transport-Security': 'REDACTED'
2026-02-19T10:34:45.7529609Z     'X-Content-Type-Options': 'REDACTED'
2026-02-19T10:34:45.7529626Z     'Date': 'Thu, 19 Feb 2026 10:34:45 GMT'
2026-02-19T10:34:45.7532994Z 2026-02-19 10:34:45,753 - azure.monitor.opentelemetry.exporter.export._base - INFO - Transmission succeeded: Item received: 3. Items accepted: 3
2026-02-19T10:34:47.6584390Z 2026-02-19 10:34:47,658 - azure.core.pipeline.policies.http_logging_policy - INFO - Request URL: 'https://westus2-2.in.applicationinsights.azure.com//v2.1/track'
2026-02-19T10:34:47.6584778Z Request method: 'POST'
2026-02-19T10:34:47.6584876Z Request headers:
2026-02-19T10:34:47.6584910Z     'Content-Type': 'application/json'
2026-02-19T10:34:47.6584936Z     'Content-Length': '3720'
2026-02-19T10:34:47.6584961Z     'Accept': 'application/json'
2026-02-19T10:34:47.6584990Z     'x-ms-client-request-id': '9d04e6b2-0d7e-11f1-99b0-eeaa766865b8'
2026-02-19T10:34:47.6585021Z     'User-Agent': 'azsdk-python-azuremonitorclient/unknown Python/3.11.14 (Linux-6.6.119.3-1.azl3-x86_64-with-glibc2.31)'
2026-02-19T10:34:47.6585047Z A body is sent with the request
2026-02-19T10:34:47.9780764Z 2026-02-19 10:34:47,977 - azure.core.pipeline.policies.http_logging_policy - INFO - Response status: 200
2026-02-19T10:34:47.9781109Z Response headers:
2026-02-19T10:34:47.9781138Z     'Transfer-Encoding': 'chunked'
2026-02-19T10:34:47.9782594Z     'Content-Type': 'application/json; charset=utf-8'
2026-02-19T10:34:47.9782706Z     'Server': 'Microsoft-HTTPAPI/2.0'
2026-02-19T10:34:47.9782724Z     'Strict-Transport-Security': 'REDACTED'
2026-02-19T10:34:47.9782742Z     'X-Content-Type-Options': 'REDACTED'
2026-02-19T10:34:47.9782759Z     'Date': 'Thu, 19 Feb 2026 10:34:47 GMT'
2026-02-19T10:34:47.9782777Z     'Connection': 'close'
2026-02-19T10:34:47.9803336Z 2026-02-19 10:34:47,979 - azure.monitor.opentelemetry.exporter.export._base - INFO - Transmission succeeded: Item received: 3. Items accepted: 3
2026-02-19T10:34:50.7552151Z 2026-02-19 10:34:50,755 - azure.core.pipeline.policies.http_logging_policy - INFO - Request URL: 'https://westus2-2.in.applicationinsights.azure.com//v2.1/track'
2026-02-19T10:34:50.7552515Z Request method: 'POST'
2026-02-19T10:34:50.7552549Z Request headers:
2026-02-19T10:34:50.7552575Z     'Content-Type': 'application/json'
2026-02-19T10:34:50.7552676Z     'Content-Length': '3718'
2026-02-19T10:34:50.7552695Z     'Accept': 'application/json'
2026-02-19T10:34:50.7552715Z     'x-ms-client-request-id': '9edd6ad6-0d7e-11f1-9207-eeaa766865b8'
2026-02-19T10:34:50.7552739Z     'User-Agent': 'azsdk-python-azuremonitorclient/unknown Python/3.11.14 (Linux-6.6.119.3-1.azl3-x86_64-with-glibc2.31)'
2026-02-19T10:34:50.7552760Z A body is sent with the request
2026-02-19T10:34:50.8477617Z 2026-02-19 10:34:50,847 - azure.core.pipeline.policies.http_logging_policy - INFO - Response status: 200
2026-02-19T10:34:50.8478054Z Response headers:
2026-02-19T10:34:50.8478088Z     'Transfer-Encoding': 'chunked'
2026-02-19T10:34:50.8478113Z     'Content-Type': 'application/json; charset=utf-8'
2026-02-19T10:34:50.8478138Z     'Server': 'Microsoft-HTTPAPI/2.0'
2026-02-19T10:34:50.8478236Z     'Strict-Transport-Security': 'REDACTED'
2026-02-19T10:34:50.8478259Z     'X-Content-Type-Options': 'REDACTED'
2026-02-19T10:34:50.8478278Z     'Date': 'Thu, 19 Feb 2026 10:34:50 GMT'
2026-02-19T10:34:50.8481638Z 2026-02-19 10:34:50,847 - azure.monitor.opentelemetry.exporter.export._base - INFO - Transmission succeeded: Item received: 3. Items accepted: 3
2026-02-19T10:34:52.9821565Z 2026-02-19 10:34:52,981 - azure.core.pipeline.policies.http_logging_policy - INFO - Request URL: 'https://westus2-2.in.applicationinsights.azure.com//v2.1/track'
2026-02-19T10:34:52.9822269Z Request method: 'POST'
2026-02-19T10:34:52.9822310Z Request headers:
2026-02-19T10:34:52.9822334Z     'Content-Type': 'application/json'
2026-02-19T10:34:52.9822359Z     'Content-Length': '3747'
2026-02-19T10:34:52.9822394Z     'Accept': 'application/json'
2026-02-19T10:34:52.9822484Z     'x-ms-client-request-id': 'a0313cbe-0d7e-11f1-99b0-eeaa766865b8'
2026-02-19T10:34:52.9822519Z     'User-Agent': 'azsdk-python-azuremonitorclient/unknown Python/3.11.14 (Linux-6.6.119.3-1.azl3-x86_64-with-glibc2.31)'
2026-02-19T10:34:52.9822547Z A body is sent with the request
2026-02-19T10:34:53.1458767Z 2026-02-19 10:34:53,145 - azure.core.pipeline.policies.http_logging_policy - INFO - Response status: 200
2026-02-19T10:34:53.1459145Z Response headers:
2026-02-19T10:34:53.1459172Z     'Transfer-Encoding': 'chunked'
2026-02-19T10:34:53.1459194Z     'Content-Type': 'application/json; charset=utf-8'
2026-02-19T10:34:53.1459212Z     'Server': 'Microsoft-HTTPAPI/2.0'
2026-02-19T10:34:53.1459230Z     'Strict-Transport-Security': 'REDACTED'
2026-02-19T10:34:53.1459248Z     'X-Content-Type-Options': 'REDACTED'
2026-02-19T10:34:53.1459268Z     'Date': 'Thu, 19 Feb 2026 10:34:52 GMT'
2026-02-19T10:34:53.1465953Z 2026-02-19 10:34:53,146 - azure.monitor.opentelemetry.exporter.export._base - INFO - Transmission succeeded: Item received: 3. Items accepted: 3
2026-02-19T10:34:55.8499980Z 2026-02-19 10:34:55,849 - azure.core.pipeline.policies.http_logging_policy - INFO - Request URL: 'https://westus2-2.in.applicationinsights.azure.com//v2.1/track'
2026-02-19T10:34:55.8500423Z Request method: 'POST'
2026-02-19T10:34:55.8500449Z Request headers:
2026-02-19T10:34:55.8500479Z     'Content-Type': 'application/json'
2026-02-19T10:34:55.8500499Z     'Content-Length': '3720'
2026-02-19T10:34:55.8500515Z     'Accept': 'application/json'
2026-02-19T10:34:55.8500533Z     'x-ms-client-request-id': 'a1e6d348-0d7e-11f1-9207-eeaa766865b8'
2026-02-19T10:34:55.8500558Z     'User-Agent': 'azsdk-python-azuremonitorclient/unknown Python/3.11.14 (Linux-6.6.119.3-1.azl3-x86_64-with-glibc2.31)'
2026-02-19T10:34:55.8500578Z A body is sent with the request
2026-02-19T10:34:55.9837850Z 2026-02-19 10:34:55,983 - azure.core.pipeline.policies.http_logging_policy - INFO - Response status: 200
2026-02-19T10:34:55.9838280Z Response headers:
2026-02-19T10:34:55.9838313Z     'Transfer-Encoding': 'chunked'
2026-02-19T10:34:55.9838344Z     'Content-Type': 'application/json; charset=utf-8'
2026-02-19T10:34:55.9838371Z     'Server': 'Microsoft-HTTPAPI/2.0'
2026-02-19T10:34:55.9838393Z     'Strict-Transport-Security': 'REDACTED'
2026-02-19T10:34:55.9838416Z     'X-Content-Type-Options': 'REDACTED'
2026-02-19T10:34:55.9838440Z     'Date': 'Thu, 19 Feb 2026 10:34:55 GMT'
2026-02-19T10:34:55.9841942Z 2026-02-19 10:34:55,983 - azure.monitor.opentelemetry.exporter.export._base - INFO - Transmission succeeded: Item received: 3. Items accepted: 3
2026-02-19T10:34:58.1481941Z 2026-02-19 10:34:58,148 - azure.core.pipeline.policies.http_logging_policy - INFO - Request URL: 'https://westus2-2.in.applicationinsights.azure.com//v2.1/track'
2026-02-19T10:34:58.1482438Z Request method: 'POST'
2026-02-19T10:34:58.1482469Z Request headers:
2026-02-19T10:34:58.1482494Z     'Content-Type': 'application/json'
2026-02-19T10:34:58.1482520Z     'Content-Length': '3720'
2026-02-19T10:34:58.1482541Z     'Accept': 'application/json'
2026-02-19T10:34:58.1482564Z     'x-ms-client-request-id': 'a3458554-0d7e-11f1-99b0-eeaa766865b8'
2026-02-19T10:34:58.1482590Z     'User-Agent': 'azsdk-python-azuremonitorclient/unknown Python/3.11.14 (Linux-6.6.119.3-1.azl3-x86_64-with-glibc2.31)'
2026-02-19T10:34:58.1482613Z A body is sent with the request
2026-02-19T10:34:58.1929489Z 2026-02-19 10:34:58,192 - azure.core.pipeline.policies.http_logging_policy - INFO - Response status: 200
2026-02-19T10:34:58.1929951Z Response headers:
2026-02-19T10:34:58.1929988Z     'Transfer-Encoding': 'chunked'
2026-02-19T10:34:58.1930011Z     'Content-Type': 'application/json; charset=utf-8'
2026-02-19T10:34:58.1930032Z     'Server': 'Microsoft-HTTPAPI/2.0'
2026-02-19T10:34:58.1930056Z     'Strict-Transport-Security': 'REDACTED'
2026-02-19T10:34:58.1930078Z     'X-Content-Type-Options': 'REDACTED'
2026-02-19T10:34:58.1930100Z     'Date': 'Thu, 19 Feb 2026 10:34:57 GMT'
2026-02-19T10:34:58.1935194Z 2026-02-19 10:34:58,193 - azure.monitor.opentelemetry.exporter.export._base - INFO - Transmission succeeded: Item received: 3. Items accepted: 3
2026-02-19T10:35:00.9864380Z 2026-02-19 10:35:00,986 - azure.core.pipeline.policies.http_logging_policy - INFO - Request URL: 'https://westus2-2.in.applicationinsights.azure.com//v2.1/track'
2026-02-19T10:35:00.9864754Z Request method: 'POST'
2026-02-19T10:35:00.9864850Z Request headers:
2026-02-19T10:35:00.9864879Z     'Content-Type': 'application/json'
2026-02-19T10:35:00.9864901Z     'Content-Length': '3720'
2026-02-19T10:35:00.9864922Z     'Accept': 'application/json'
2026-02-19T10:35:00.9864942Z     'x-ms-client-request-id': 'a4f6992e-0d7e-11f1-9207-eeaa766865b8'
2026-02-19T10:35:00.9864966Z     'User-Agent': 'azsdk-python-azuremonitorclient/unknown Python/3.11.14 (Linux-6.6.119.3-1.azl3-x86_64-with-glibc2.31)'
2026-02-19T10:35:00.9864984Z A body is sent with the request
2026-02-19T10:35:01.0954162Z 2026-02-19 10:35:01,094 - azure.core.pipeline.policies.http_logging_policy - INFO - Response status: 200
2026-02-19T10:35:01.0954533Z Response headers:
2026-02-19T10:35:01.0954562Z     'Transfer-Encoding': 'chunked'
2026-02-19T10:35:01.0954581Z     'Content-Type': 'application/json; charset=utf-8'
2026-02-19T10:35:01.0954664Z     'Server': 'Microsoft-HTTPAPI/2.0'
2026-02-19T10:35:01.0954684Z     'Strict-Transport-Security': 'REDACTED'
2026-02-19T10:35:01.0954702Z     'X-Content-Type-Options': 'REDACTED'
2026-02-19T10:35:01.0954719Z     'Date': 'Thu, 19 Feb 2026 10:35:00 GMT'
2026-02-19T10:35:01.0954746Z 2026-02-19 10:35:01,095 - azure.monitor.opentelemetry.exporter.export._base - INFO - Transmission succeeded: Item received: 3. Items accepted: 3
2026-02-19T10:35:03.1951804Z 2026-02-19 10:35:03,194 - azure.core.pipeline.policies.http_logging_policy - INFO - Request URL: 'https://westus2-2.in.applicationinsights.azure.com//v2.1/track'
2026-02-19T10:35:03.1952170Z Request method: 'POST'
2026-02-19T10:35:03.1952200Z Request headers:
2026-02-19T10:35:03.1952222Z     'Content-Type': 'application/json'
2026-02-19T10:35:03.1952242Z     'Content-Length': '3720'
2026-02-19T10:35:03.1952327Z     'Accept': 'application/json'
2026-02-19T10:35:03.1952349Z     'x-ms-client-request-id': 'a647a0b6-0d7e-11f1-99b0-eeaa766865b8'
2026-02-19T10:35:03.1952375Z     'User-Agent': 'azsdk-python-azuremonitorclient/unknown Python/3.11.14 (Linux-6.6.119.3-1.azl3-x86_64-with-glibc2.31)'
2026-02-19T10:35:03.1952396Z A body is sent with the request
2026-02-19T10:35:03.2837368Z 2026-02-19 10:35:03,283 - azure.core.pipeline.policies.http_logging_policy - INFO - Response status: 200
2026-02-19T10:35:03.2837801Z Response headers:
2026-02-19T10:35:03.2837838Z     'Transfer-Encoding': 'chunked'
2026-02-19T10:35:03.2837863Z     'Content-Type': 'application/json; charset=utf-8'
2026-02-19T10:35:03.2837888Z     'Server': 'Microsoft-HTTPAPI/2.0'
2026-02-19T10:35:03.2837913Z     'Strict-Transport-Security': 'REDACTED'
2026-02-19T10:35:03.2837942Z     'X-Content-Type-Options': 'REDACTED'
2026-02-19T10:35:03.2838036Z     'Date': 'Thu, 19 Feb 2026 10:35:02 GMT'
2026-02-19T10:35:03.2842010Z 2026-02-19 10:35:03,283 - azure.monitor.opentelemetry.exporter.export._base - INFO - Transmission succeeded: Item received: 3. Items accepted: 3
2026-02-19T10:35:06.0976214Z 2026-02-19 10:35:06,097 - azure.core.pipeline.policies.http_logging_policy - INFO - Request URL: 'https://westus2-2.in.applicationinsights.azure.com//v2.1/track'
2026-02-19T10:35:06.0976625Z Request method: 'POST'
2026-02-19T10:35:06.0976653Z Request headers:
2026-02-19T10:35:06.0976678Z     'Content-Type': 'application/json'
2026-02-19T10:35:06.0976704Z     'Content-Length': '3720'
2026-02-19T10:35:06.0976723Z     'Accept': 'application/json'
2026-02-19T10:35:06.0976743Z     'x-ms-client-request-id': 'a8027dfe-0d7e-11f1-9207-eeaa766865b8'
2026-02-19T10:35:06.0976768Z     'User-Agent': 'azsdk-python-azuremonitorclient/unknown Python/3.11.14 (Linux-6.6.119.3-1.azl3-x86_64-with-glibc2.31)'
2026-02-19T10:35:06.0976848Z A body is sent with the request
2026-02-19T10:35:06.2189232Z 2026-02-19 10:35:06,218 - azure.core.pipeline.policies.http_logging_policy - INFO - Response status: 200
2026-02-19T10:35:06.2189627Z Response headers:
2026-02-19T10:35:06.2189656Z     'Transfer-Encoding': 'chunked'
2026-02-19T10:35:06.2189681Z     'Content-Type': 'application/json; charset=utf-8'
2026-02-19T10:35:06.2189698Z     'Server': 'Microsoft-HTTPAPI/2.0'
2026-02-19T10:35:06.2189717Z     'Strict-Transport-Security': 'REDACTED'
2026-02-19T10:35:06.2189735Z     'X-Content-Type-Options': 'REDACTED'
2026-02-19T10:35:06.2189753Z     'Date': 'Thu, 19 Feb 2026 10:35:05 GMT'
2026-02-19T10:35:06.2194985Z 2026-02-19 10:35:06,219 - azure.monitor.opentelemetry.exporter.export._base - INFO - Transmission succeeded: Item received: 3. Items accepted: 3
2026-02-19T10:35:08.2859581Z 2026-02-19 10:35:08,285 - azure.core.pipeline.policies.http_logging_policy - INFO - Request URL: 'https://westus2-2.in.applicationinsights.azure.com//v2.1/track'
2026-02-19T10:35:08.2860078Z Request method: 'POST'
2026-02-19T10:35:08.2860106Z Request headers:
2026-02-19T10:35:08.2860133Z     'Content-Type': 'application/json'
2026-02-19T10:35:08.2860153Z     'Content-Length': '3720'
2026-02-19T10:35:08.2860171Z     'Accept': 'application/json'
2026-02-19T10:35:08.2860188Z     'x-ms-client-request-id': 'a95069e6-0d7e-11f1-99b0-eeaa766865b8'
2026-02-19T10:35:08.2860208Z     'User-Agent': 'azsdk-python-azuremonitorclient/unknown Python/3.11.14 (Linux-6.6.119.3-1.azl3-x86_64-with-glibc2.31)'
2026-02-19T10:35:08.2860227Z A body is sent with the request
2026-02-19T10:35:08.4296061Z 2026-02-19 10:35:08,429 - azure.core.pipeline.policies.http_logging_policy - INFO - Response status: 200
2026-02-19T10:35:08.4296569Z Response headers:
2026-02-19T10:35:08.4296601Z     'Transfer-Encoding': 'chunked'
2026-02-19T10:35:08.4296818Z     'Content-Type': 'application/json; charset=utf-8'
2026-02-19T10:35:08.4296845Z     'Server': 'Microsoft-HTTPAPI/2.0'
2026-02-19T10:35:08.4296871Z     'Strict-Transport-Security': 'REDACTED'
2026-02-19T10:35:08.4296892Z     'X-Content-Type-Options': 'REDACTED'
2026-02-19T10:35:08.4296914Z     'Date': 'Thu, 19 Feb 2026 10:35:07 GMT'
2026-02-19T10:35:08.4302403Z 2026-02-19 10:35:08,429 - azure.monitor.opentelemetry.exporter.export._base - INFO - Transmission succeeded: Item received: 3. Items accepted: 3
2026-02-19T10:35:11.2220947Z 2026-02-19 10:35:11,221 - azure.core.pipeline.policies.http_logging_policy - INFO - Request URL: 'https://westus2-2.in.applicationinsights.azure.com//v2.1/track'
2026-02-19T10:35:11.2221352Z Request method: 'POST'
2026-02-19T10:35:11.2221377Z Request headers:
2026-02-19T10:35:11.2221396Z     'Content-Type': 'application/json'
2026-02-19T10:35:11.2221417Z     'Content-Length': '3720'
2026-02-19T10:35:11.2221436Z     'Accept': 'application/json'
2026-02-19T10:35:11.2221457Z     'x-ms-client-request-id': 'ab104f4e-0d7e-11f1-9207-eeaa766865b8'
2026-02-19T10:35:11.2221484Z     'User-Agent': 'azsdk-python-azuremonitorclient/unknown Python/3.11.14 (Linux-6.6.119.3-1.azl3-x86_64-with-glibc2.31)'
2026-02-19T10:35:11.2221504Z A body is sent with the request
2026-02-19T10:35:11.3163138Z 2026-02-19 10:35:11,316 - azure.core.pipeline.policies.http_logging_policy - INFO - Response status: 200
2026-02-19T10:35:11.3163501Z Response headers:
2026-02-19T10:35:11.3163528Z     'Transfer-Encoding': 'chunked'
2026-02-19T10:35:11.3163617Z     'Content-Type': 'application/json; charset=utf-8'
2026-02-19T10:35:11.3163635Z     'Server': 'Microsoft-HTTPAPI/2.0'
2026-02-19T10:35:11.3163654Z     'Strict-Transport-Security': 'REDACTED'
2026-02-19T10:35:11.3163675Z     'X-Content-Type-Options': 'REDACTED'
2026-02-19T10:35:11.3163694Z     'Date': 'Thu, 19 Feb 2026 10:35:10 GMT'
2026-02-19T10:35:11.3169665Z 2026-02-19 10:35:11,316 - azure.monitor.opentelemetry.exporter.export._base - INFO - Transmission succeeded: Item received: 3. Items accepted: 3
2026-02-19T10:35:13.4316253Z 2026-02-19 10:35:13,431 - azure.core.pipeline.policies.http_logging_policy - INFO - Request URL: 'https://westus2-2.in.applicationinsights.azure.com//v2.1/track'
2026-02-19T10:35:13.4317052Z Request method: 'POST'
2026-02-19T10:35:13.4317087Z Request headers:
2026-02-19T10:35:13.4317106Z     'Content-Type': 'application/json'
2026-02-19T10:35:13.4317127Z     'Content-Length': '3719'
2026-02-19T10:35:13.4317153Z     'Accept': 'application/json'
2026-02-19T10:35:13.4317174Z     'x-ms-client-request-id': 'ac619542-0d7e-11f1-99b0-eeaa766865b8'
2026-02-19T10:35:13.4317199Z     'User-Agent': 'azsdk-python-azuremonitorclient/unknown Python/3.11.14 (Linux-6.6.119.3-1.azl3-x86_64-with-glibc2.31)'
2026-02-19T10:35:13.4317220Z A body is sent with the request
2026-02-19T10:35:13.5241439Z 2026-02-19 10:35:13,523 - azure.core.pipeline.policies.http_logging_policy - INFO - Response status: 200
2026-02-19T10:35:13.5242217Z Response headers:
2026-02-19T10:35:13.5242250Z     'Transfer-Encoding': 'chunked'
2026-02-19T10:35:13.5242278Z     'Content-Type': 'application/json; charset=utf-8'
2026-02-19T10:35:13.5242301Z     'Server': 'Microsoft-HTTPAPI/2.0'
2026-02-19T10:35:13.5242322Z     'Strict-Transport-Security': 'REDACTED'
2026-02-19T10:35:13.5242345Z     'X-Content-Type-Options': 'REDACTED'
2026-02-19T10:35:13.5242378Z     'Date': 'Thu, 19 Feb 2026 10:35:12 GMT'
2026-02-19T10:35:13.5249611Z 2026-02-19 10:35:13,524 - azure.monitor.opentelemetry.exporter.export._base - INFO - Transmission succeeded: Item received: 3. Items accepted: 3
2026-02-19T10:35:16.3182764Z 2026-02-19 10:35:16,318 - azure.core.pipeline.policies.http_logging_policy - INFO - Request URL: 'https://westus2-2.in.applicationinsights.azure.com//v2.1/track'
2026-02-19T10:35:16.3183247Z Request method: 'POST'
2026-02-19T10:35:16.3183276Z Request headers:
2026-02-19T10:35:16.3183294Z     'Content-Type': 'application/json'
2026-02-19T10:35:16.3183310Z     'Content-Length': '3720'
2026-02-19T10:35:16.3183327Z     'Accept': 'application/json'
2026-02-19T10:35:16.3183345Z     'x-ms-client-request-id': 'ae1a0d4c-0d7e-11f1-9207-eeaa766865b8'
2026-02-19T10:35:16.3183367Z     'User-Agent': 'azsdk-python-azuremonitorclient/unknown Python/3.11.14 (Linux-6.6.119.3-1.azl3-x86_64-with-glibc2.31)'
2026-02-19T10:35:16.3183385Z A body is sent with the request
2026-02-19T10:35:16.4252763Z 2026-02-19 10:35:16,425 - azure.core.pipeline.policies.http_logging_policy - INFO - Response status: 200
2026-02-19T10:35:16.4253136Z Response headers:
2026-02-19T10:35:16.4253175Z     'Transfer-Encoding': 'chunked'
2026-02-19T10:35:16.4253260Z     'Content-Type': 'application/json; charset=utf-8'
2026-02-19T10:35:16.4253286Z     'Server': 'Microsoft-HTTPAPI/2.0'
2026-02-19T10:35:16.4253309Z     'Strict-Transport-Security': 'REDACTED'
2026-02-19T10:35:16.4253333Z     'X-Content-Type-Options': 'REDACTED'
2026-02-19T10:35:16.4253356Z     'Date': 'Thu, 19 Feb 2026 10:35:15 GMT'
2026-02-19T10:35:16.4260290Z 2026-02-19 10:35:16,425 - azure.monitor.opentelemetry.exporter.export._base - INFO - Transmission succeeded: Item received: 3. Items accepted: 3
2026-02-19T10:35:18.5262791Z 2026-02-19 10:35:18,526 - azure.core.pipeline.policies.http_logging_policy - INFO - Request URL: 'https://westus2-2.in.applicationinsights.azure.com//v2.1/track'
2026-02-19T10:35:18.5263186Z Request method: 'POST'
2026-02-19T10:35:18.5263213Z Request headers:
2026-02-19T10:35:18.5263241Z     'Content-Type': 'application/json'
2026-02-19T10:35:18.5263326Z     'Content-Length': '3720'
2026-02-19T10:35:18.5263346Z     'Accept': 'application/json'
2026-02-19T10:35:18.5263366Z     'x-ms-client-request-id': 'af6af814-0d7e-11f1-99b0-eeaa766865b8'
2026-02-19T10:35:18.5263391Z     'User-Agent': 'azsdk-python-azuremonitorclient/unknown Python/3.11.14 (Linux-6.6.119.3-1.azl3-x86_64-with-glibc2.31)'
2026-02-19T10:35:18.5263409Z A body is sent with the request
2026-02-19T10:35:18.8177064Z 2026-02-19 10:35:18,817 - azure.core.pipeline.policies.http_logging_policy - INFO - Response status: 200
2026-02-19T10:35:18.8177499Z Response headers:
2026-02-19T10:35:18.8177534Z     'Transfer-Encoding': 'chunked'
2026-02-19T10:35:18.8177565Z     'Content-Type': 'application/json; charset=utf-8'
2026-02-19T10:35:18.8177593Z     'Server': 'Microsoft-HTTPAPI/2.0'
2026-02-19T10:35:18.8177618Z     'Strict-Transport-Security': 'REDACTED'
2026-02-19T10:35:18.8177702Z     'X-Content-Type-Options': 'REDACTED'
2026-02-19T10:35:18.8177727Z     'Date': 'Thu, 19 Feb 2026 10:35:17 GMT'
2026-02-19T10:35:18.8182977Z 2026-02-19 10:35:18,817 - azure.monitor.opentelemetry.exporter.export._base - INFO - Transmission succeeded: Item received: 3. Items accepted: 3
2026-02-19T10:35:21.4282037Z 2026-02-19 10:35:21,427 - azure.core.pipeline.policies.http_logging_policy - INFO - Request URL: 'https://westus2-2.in.applicationinsights.azure.com//v2.1/track'
2026-02-19T10:35:21.4282655Z Request method: 'POST'
2026-02-19T10:35:21.4282688Z Request headers:
2026-02-19T10:35:21.4282712Z     'Content-Type': 'application/json'
2026-02-19T10:35:21.4282737Z     'Content-Length': '3720'
2026-02-19T10:35:21.4282759Z     'Accept': 'application/json'
2026-02-19T10:35:21.4282782Z     'x-ms-client-request-id': 'b125c3f0-0d7e-11f1-9207-eeaa766865b8'
2026-02-19T10:35:21.4282887Z     'User-Agent': 'azsdk-python-azuremonitorclient/unknown Python/3.11.14 (Linux-6.6.119.3-1.azl3-x86_64-with-glibc2.31)'
2026-02-19T10:35:21.4282909Z A body is sent with the request
2026-02-19T10:35:21.5154535Z 2026-02-19 10:35:21,515 - azure.core.pipeline.policies.http_logging_policy - INFO - Response status: 200
2026-02-19T10:35:21.5154945Z Response headers:
2026-02-19T10:35:21.5154977Z     'Transfer-Encoding': 'chunked'
2026-02-19T10:35:21.5155001Z     'Content-Type': 'application/json; charset=utf-8'
2026-02-19T10:35:21.5155031Z     'Server': 'Microsoft-HTTPAPI/2.0'
2026-02-19T10:35:21.5155055Z     'Strict-Transport-Security': 'REDACTED'
2026-02-19T10:35:21.5155079Z     'X-Content-Type-Options': 'REDACTED'
2026-02-19T10:35:21.5155107Z     'Date': 'Thu, 19 Feb 2026 10:35:20 GMT'
2026-02-19T10:35:21.5162953Z 2026-02-19 10:35:21,516 - azure.monitor.opentelemetry.exporter.export._base - INFO - Transmission succeeded: Item received: 3. Items accepted: 3
2026-02-19T10:35:23.8197807Z 2026-02-19 10:35:23,819 - azure.core.pipeline.policies.http_logging_policy - INFO - Request URL: 'https://westus2-2.in.applicationinsights.azure.com//v2.1/track'
2026-02-19T10:35:23.8198272Z Request method: 'POST'
2026-02-19T10:35:23.8198306Z Request headers:
2026-02-19T10:35:23.8198326Z     'Content-Type': 'application/json'
2026-02-19T10:35:23.8198348Z     'Content-Length': '3720'
2026-02-19T10:35:23.8198369Z     'Accept': 'application/json'
2026-02-19T10:35:23.8198394Z     'x-ms-client-request-id': 'b292b1a8-0d7e-11f1-99b0-eeaa766865b8'
2026-02-19T10:35:23.8198424Z     'User-Agent': 'azsdk-python-azuremonitorclient/unknown Python/3.11.14 (Linux-6.6.119.3-1.azl3-x86_64-with-glibc2.31)'
2026-02-19T10:35:23.8198445Z A body is sent with the request
2026-02-19T10:35:23.9317702Z 2026-02-19 10:35:23,931 - azure.core.pipeline.policies.http_logging_policy - INFO - Response status: 200
2026-02-19T10:35:23.9318113Z Response headers:
2026-02-19T10:35:23.9318146Z     'Transfer-Encoding': 'chunked'
2026-02-19T10:35:23.9318174Z     'Content-Type': 'application/json; charset=utf-8'
2026-02-19T10:35:23.9318201Z     'Server': 'Microsoft-HTTPAPI/2.0'
2026-02-19T10:35:23.9318225Z     'Strict-Transport-Security': 'REDACTED'
2026-02-19T10:35:23.9318248Z     'X-Content-Type-Options': 'REDACTED'
2026-02-19T10:35:23.9318273Z     'Date': 'Thu, 19 Feb 2026 10:35:22 GMT'
2026-02-19T10:35:23.9325043Z 2026-02-19 10:35:23,931 - azure.monitor.opentelemetry.exporter.export._base - INFO - Transmission succeeded: Item received: 3. Items accepted: 3
2026-02-19T10:35:26.5188192Z 2026-02-19 10:35:26,518 - azure.core.pipeline.policies.http_logging_policy - INFO - Request URL: 'https://westus2-2.in.applicationinsights.azure.com//v2.1/track'
2026-02-19T10:35:26.5188675Z Request method: 'POST'
2026-02-19T10:35:26.5188700Z Request headers:
2026-02-19T10:35:26.5188718Z     'Content-Type': 'application/json'
2026-02-19T10:35:26.5188734Z     'Content-Length': '3720'
2026-02-19T10:35:26.5188757Z     'Accept': 'application/json'
2026-02-19T10:35:26.5188777Z     'x-ms-client-request-id': 'b42e84c4-0d7e-11f1-9207-eeaa766865b8'
2026-02-19T10:35:26.5188800Z     'User-Agent': 'azsdk-python-azuremonitorclient/unknown Python/3.11.14 (Linux-6.6.119.3-1.azl3-x86_64-with-glibc2.31)'
2026-02-19T10:35:26.5188821Z A body is sent with the request
2026-02-19T10:35:26.6182658Z 2026-02-19 10:35:26,617 - azure.core.pipeline.policies.http_logging_policy - INFO - Response status: 200
2026-02-19T10:35:26.6183159Z Response headers:
2026-02-19T10:35:26.6183247Z     'Transfer-Encoding': 'chunked'
2026-02-19T10:35:26.6183267Z     'Content-Type': 'application/json; charset=utf-8'
2026-02-19T10:35:26.6183284Z     'Server': 'Microsoft-HTTPAPI/2.0'
2026-02-19T10:35:26.6183303Z     'Strict-Transport-Security': 'REDACTED'
2026-02-19T10:35:26.6183324Z     'X-Content-Type-Options': 'REDACTED'
2026-02-19T10:35:26.6183340Z     'Date': 'Thu, 19 Feb 2026 10:35:26 GMT'
2026-02-19T10:35:26.6187720Z 2026-02-19 10:35:26,618 - azure.monitor.opentelemetry.exporter.export._base - INFO - Transmission succeeded: Item received: 3. Items accepted: 3
2026-02-19T10:35:28.9336963Z 2026-02-19 10:35:28,933 - azure.core.pipeline.policies.http_logging_policy - INFO - Request URL: 'https://westus2-2.in.applicationinsights.azure.com//v2.1/track'
2026-02-19T10:35:28.9337356Z Request method: 'POST'
2026-02-19T10:35:28.9337388Z Request headers:
2026-02-19T10:35:28.9337468Z     'Content-Type': 'application/json'
2026-02-19T10:35:28.9337487Z     'Content-Length': '3720'
2026-02-19T10:35:28.9337506Z     'Accept': 'application/json'
2026-02-19T10:35:28.9337527Z     'x-ms-client-request-id': 'b59f03ce-0d7e-11f1-99b0-eeaa766865b8'
2026-02-19T10:35:28.9337549Z     'User-Agent': 'azsdk-python-azuremonitorclient/unknown Python/3.11.14 (Linux-6.6.119.3-1.azl3-x86_64-with-glibc2.31)'
2026-02-19T10:35:28.9337568Z A body is sent with the request
2026-02-19T10:35:29.0593319Z 2026-02-19 10:35:29,059 - azure.core.pipeline.policies.http_logging_policy - INFO - Response status: 200
2026-02-19T10:35:29.0593733Z Response headers:
2026-02-19T10:35:29.0593764Z     'Transfer-Encoding': 'chunked'
2026-02-19T10:35:29.0593789Z     'Content-Type': 'application/json; charset=utf-8'
2026-02-19T10:35:29.0593872Z     'Server': 'Microsoft-HTTPAPI/2.0'
2026-02-19T10:35:29.0593893Z     'Strict-Transport-Security': 'REDACTED'
2026-02-19T10:35:29.0593911Z     'X-Content-Type-Options': 'REDACTED'
2026-02-19T10:35:29.0593930Z     'Date': 'Thu, 19 Feb 2026 10:35:29 GMT'
2026-02-19T10:35:29.0600066Z 2026-02-19 10:35:29,059 - azure.monitor.opentelemetry.exporter.export._base - INFO - Transmission succeeded: Item received: 3. Items accepted: 3
2026-02-19T10:35:31.6205909Z 2026-02-19 10:35:31,620 - azure.core.pipeline.policies.http_logging_policy - INFO - Request URL: 'https://westus2-2.in.applicationinsights.azure.com//v2.1/track'
2026-02-19T10:35:31.6206281Z Request method: 'POST'
2026-02-19T10:35:31.6206307Z Request headers:
2026-02-19T10:35:31.6206337Z     'Content-Type': 'application/json'
2026-02-19T10:35:31.6206355Z     'Content-Length': '3720'
2026-02-19T10:35:31.6206427Z     'Accept': 'application/json'
2026-02-19T10:35:31.6206449Z     'x-ms-client-request-id': 'b739007c-0d7e-11f1-9207-eeaa766865b8'
2026-02-19T10:35:31.6206471Z     'User-Agent': 'azsdk-python-azuremonitorclient/unknown Python/3.11.14 (Linux-6.6.119.3-1.azl3-x86_64-with-glibc2.31)'
2026-02-19T10:35:31.6206490Z A body is sent with the request
2026-02-19T10:35:31.7196996Z 2026-02-19 10:35:31,719 - azure.core.pipeline.policies.http_logging_policy - INFO - Response status: 200
2026-02-19T10:35:31.7197381Z Response headers:
2026-02-19T10:35:31.7197410Z     'Transfer-Encoding': 'chunked'
2026-02-19T10:35:31.7197437Z     'Content-Type': 'application/json; charset=utf-8'
2026-02-19T10:35:31.7197456Z     'Server': 'Microsoft-HTTPAPI/2.0'
2026-02-19T10:35:31.7197476Z     'Strict-Transport-Security': 'REDACTED'
2026-02-19T10:35:31.7197496Z     'X-Content-Type-Options': 'REDACTED'
2026-02-19T10:35:31.7197582Z     'Date': 'Thu, 19 Feb 2026 10:35:31 GMT'
2026-02-19T10:35:31.7202749Z 2026-02-19 10:35:31,719 - azure.monitor.opentelemetry.exporter.export._base - INFO - Transmission succeeded: Item received: 3. Items accepted: 3
2026-02-19T10:35:34.0616534Z 2026-02-19 10:35:34,061 - azure.core.pipeline.policies.http_logging_policy - INFO - Request URL: 'https://westus2-2.in.applicationinsights.azure.com//v2.1/track'
2026-02-19T10:35:34.0616935Z Request method: 'POST'
2026-02-19T10:35:34.0616964Z Request headers:
2026-02-19T10:35:34.0616992Z     'Content-Type': 'application/json'
2026-02-19T10:35:34.0617014Z     'Content-Length': '3720'
2026-02-19T10:35:34.0617034Z     'Accept': 'application/json'
2026-02-19T10:35:34.0617054Z     'x-ms-client-request-id': 'b8ad7b68-0d7e-11f1-99b0-eeaa766865b8'
2026-02-19T10:35:34.0617139Z     'User-Agent': 'azsdk-python-azuremonitorclient/unknown Python/3.11.14 (Linux-6.6.119.3-1.azl3-x86_64-with-glibc2.31)'
2026-02-19T10:35:34.0617160Z A body is sent with the request
2026-02-19T10:35:34.1592143Z 2026-02-19 10:35:34,158 - azure.core.pipeline.policies.http_logging_policy - INFO - Response status: 200
2026-02-19T10:35:34.1593209Z Response headers:
2026-02-19T10:35:34.1593263Z     'Transfer-Encoding': 'chunked'
2026-02-19T10:35:34.1593285Z     'Content-Type': 'application/json; charset=utf-8'
2026-02-19T10:35:34.1593305Z     'Server': 'Microsoft-HTTPAPI/2.0'
2026-02-19T10:35:34.1593327Z     'Strict-Transport-Security': 'REDACTED'
2026-02-19T10:35:34.1593346Z     'X-Content-Type-Options': 'REDACTED'
2026-02-19T10:35:34.1593365Z     'Date': 'Thu, 19 Feb 2026 10:35:34 GMT'
2026-02-19T10:35:34.1604839Z 2026-02-19 10:35:34,160 - azure.monitor.opentelemetry.exporter.export._base - INFO - Transmission succeeded: Item received: 3. Items accepted: 3
2026-02-19T10:35:36.7216558Z 2026-02-19 10:35:36,721 - azure.core.pipeline.policies.http_logging_policy - INFO - Request URL: 'https://westus2-2.in.applicationinsights.azure.com//v2.1/track'
2026-02-19T10:35:36.7216941Z Request method: 'POST'
2026-02-19T10:35:36.7216970Z Request headers:
2026-02-19T10:35:36.7216992Z     'Content-Type': 'application/json'
2026-02-19T10:35:36.7217012Z     'Content-Length': '3718'
2026-02-19T10:35:36.7217034Z     'Accept': 'application/json'
2026-02-19T10:35:36.7217055Z     'x-ms-client-request-id': 'ba435c90-0d7e-11f1-9207-eeaa766865b8'
2026-02-19T10:35:36.7217078Z     'User-Agent': 'azsdk-python-azuremonitorclient/unknown Python/3.11.14 (Linux-6.6.119.3-1.azl3-x86_64-with-glibc2.31)'
2026-02-19T10:35:36.7217098Z A body is sent with the request
2026-02-19T10:35:36.8703231Z 2026-02-19 10:35:36,870 - azure.core.pipeline.policies.http_logging_policy - INFO - Response status: 200
2026-02-19T10:35:36.8703607Z Response headers:
2026-02-19T10:35:36.8703630Z     'Transfer-Encoding': 'chunked'
2026-02-19T10:35:36.8703648Z     'Content-Type': 'application/json; charset=utf-8'
2026-02-19T10:35:36.8703664Z     'Server': 'Microsoft-HTTPAPI/2.0'
2026-02-19T10:35:36.8703683Z     'Strict-Transport-Security': 'REDACTED'
2026-02-19T10:35:36.8703701Z     'X-Content-Type-Options': 'REDACTED'
2026-02-19T10:35:36.8703719Z     'Date': 'Thu, 19 Feb 2026 10:35:36 GMT'
2026-02-19T10:35:36.8709011Z 2026-02-19 10:35:36,870 - azure.monitor.opentelemetry.exporter.export._base - INFO - Transmission succeeded: Item received: 3. Items accepted: 3
2026-02-19T10:35:39.1622614Z 2026-02-19 10:35:39,162 - azure.core.pipeline.policies.http_logging_policy - INFO - Request URL: 'https://westus2-2.in.applicationinsights.azure.com//v2.1/track'
2026-02-19T10:35:39.1623094Z Request method: 'POST'
2026-02-19T10:35:39.1623125Z Request headers:
2026-02-19T10:35:39.1623147Z     'Content-Type': 'application/json'
2026-02-19T10:35:39.1623166Z     'Content-Length': '3720'
2026-02-19T10:35:39.1623185Z     'Accept': 'application/json'
2026-02-19T10:35:39.1623207Z     'x-ms-client-request-id': 'bbb7c566-0d7e-11f1-99b0-eeaa766865b8'
2026-02-19T10:35:39.1623230Z     'User-Agent': 'azsdk-python-azuremonitorclient/unknown Python/3.11.14 (Linux-6.6.119.3-1.azl3-x86_64-with-glibc2.31)'
2026-02-19T10:35:39.1623252Z A body is sent with the request
2026-02-19T10:35:39.2618106Z 2026-02-19 10:35:39,261 - azure.core.pipeline.policies.http_logging_policy - INFO - Response status: 200
2026-02-19T10:35:39.2618489Z Response headers:
2026-02-19T10:35:39.2618522Z     'Transfer-Encoding': 'chunked'
2026-02-19T10:35:39.2618603Z     'Content-Type': 'application/json; charset=utf-8'
2026-02-19T10:35:39.2618622Z     'Server': 'Microsoft-HTTPAPI/2.0'
2026-02-19T10:35:39.2618640Z     'Strict-Transport-Security': 'REDACTED'
2026-02-19T10:35:39.2618659Z     'X-Content-Type-Options': 'REDACTED'
2026-02-19T10:35:39.2618677Z     'Date': 'Thu, 19 Feb 2026 10:35:39 GMT'
2026-02-19T10:35:39.2623414Z 2026-02-19 10:35:39,262 - azure.monitor.opentelemetry.exporter.export._base - INFO - Transmission succeeded: Item received: 3. Items accepted: 3
2026-02-19T10:35:41.8725501Z 2026-02-19 10:35:41,872 - azure.core.pipeline.policies.http_logging_policy - INFO - Request URL: 'https://westus2-2.in.applicationinsights.azure.com//v2.1/track'
2026-02-19T10:35:41.8726033Z Request method: 'POST'
2026-02-19T10:35:41.8726067Z Request headers:
2026-02-19T10:35:41.8726088Z     'Content-Type': 'application/json'
2026-02-19T10:35:41.8726165Z     'Content-Length': '3720'
2026-02-19T10:35:41.8726184Z     'Accept': 'application/json'
2026-02-19T10:35:41.8726205Z     'x-ms-client-request-id': 'bd555410-0d7e-11f1-9207-eeaa766865b8'
2026-02-19T10:35:41.8726232Z     'User-Agent': 'azsdk-python-azuremonitorclient/unknown Python/3.11.14 (Linux-6.6.119.3-1.azl3-x86_64-with-glibc2.31)'
2026-02-19T10:35:41.8726252Z A body is sent with the request
2026-02-19T10:35:41.9222331Z 2026-02-19 10:35:41,922 - azure.core.pipeline.policies.http_logging_policy - INFO - Response status: 200
2026-02-19T10:35:41.9222723Z Response headers:
2026-02-19T10:35:41.9222748Z     'Transfer-Encoding': 'chunked'
2026-02-19T10:35:41.9222770Z     'Content-Type': 'application/json; charset=utf-8'
2026-02-19T10:35:41.9222789Z     'Server': 'Microsoft-HTTPAPI/2.0'
2026-02-19T10:35:41.9222883Z     'Strict-Transport-Security': 'REDACTED'
2026-02-19T10:35:41.9222902Z     'X-Content-Type-Options': 'REDACTED'
2026-02-19T10:35:41.9222919Z     'Date': 'Thu, 19 Feb 2026 10:35:41 GMT'
2026-02-19T10:35:41.9227998Z 2026-02-19 10:35:41,922 - azure.monitor.opentelemetry.exporter.export._base - INFO - Transmission succeeded: Item received: 3. Items accepted: 3
2026-02-19T10:35:44.2641600Z 2026-02-19 10:35:44,263 - azure.core.pipeline.policies.http_logging_policy - INFO - Request URL: 'https://westus2-2.in.applicationinsights.azure.com//v2.1/track'
2026-02-19T10:35:44.2642030Z Request method: 'POST'
2026-02-19T10:35:44.2642064Z Request headers:
2026-02-19T10:35:44.2642089Z     'Content-Type': 'application/json'
2026-02-19T10:35:44.2642111Z     'Content-Length': '3720'
2026-02-19T10:35:44.2642136Z     'Accept': 'application/json'
2026-02-19T10:35:44.2642228Z     'x-ms-client-request-id': 'bec23f5c-0d7e-11f1-99b0-eeaa766865b8'
2026-02-19T10:35:44.2642262Z     'User-Agent': 'azsdk-python-azuremonitorclient/unknown Python/3.11.14 (Linux-6.6.119.3-1.azl3-x86_64-with-glibc2.31)'
2026-02-19T10:35:44.2642286Z A body is sent with the request
2026-02-19T10:35:44.3474743Z 2026-02-19 10:35:44,347 - azure.core.pipeline.policies.http_logging_policy - INFO - Response status: 200
2026-02-19T10:35:44.3476190Z Response headers:
2026-02-19T10:35:44.3476230Z     'Transfer-Encoding': 'chunked'
2026-02-19T10:35:44.3476251Z     'Content-Type': 'application/json; charset=utf-8'
2026-02-19T10:35:44.3476271Z     'Server': 'Microsoft-HTTPAPI/2.0'
2026-02-19T10:35:44.3476290Z     'Strict-Transport-Security': 'REDACTED'
2026-02-19T10:35:44.3476310Z     'X-Content-Type-Options': 'REDACTED'
2026-02-19T10:35:44.3476336Z     'Date': 'Thu, 19 Feb 2026 10:35:44 GMT'
2026-02-19T10:35:44.3481944Z 2026-02-19 10:35:44,347 - azure.monitor.opentelemetry.exporter.export._base - INFO - Transmission succeeded: Item received: 3. Items accepted: 3
2026-02-19T10:35:46.9242258Z 2026-02-19 10:35:46,924 - azure.core.pipeline.policies.http_logging_policy - INFO - Request URL: 'https://westus2-2.in.applicationinsights.azure.com//v2.1/track'
2026-02-19T10:35:46.9242658Z Request method: 'POST'
2026-02-19T10:35:46.9242687Z Request headers:
2026-02-19T10:35:46.9242708Z     'Content-Type': 'application/json'
2026-02-19T10:35:46.9242726Z     'Content-Length': '3720'
2026-02-19T10:35:46.9242745Z     'Accept': 'application/json'
2026-02-19T10:35:46.9242764Z     'x-ms-client-request-id': 'c0582642-0d7e-11f1-9207-eeaa766865b8'
2026-02-19T10:35:46.9242788Z     'User-Agent': 'azsdk-python-azuremonitorclient/unknown Python/3.11.14 (Linux-6.6.119.3-1.azl3-x86_64-with-glibc2.31)'
2026-02-19T10:35:46.9242866Z A body is sent with the request
2026-02-19T10:35:47.4532557Z 2026-02-19 10:35:47,452 - azure.core.pipeline.policies.http_logging_policy - INFO - Response status: 200
2026-02-19T10:35:47.4535848Z Response headers:
2026-02-19T10:35:47.4535910Z     'Transfer-Encoding': 'chunked'
2026-02-19T10:35:47.4535931Z     'Content-Type': 'application/json; charset=utf-8'
2026-02-19T10:35:47.4535953Z     'Server': 'Microsoft-HTTPAPI/2.0'
2026-02-19T10:35:47.4535975Z     'Strict-Transport-Security': 'REDACTED'
2026-02-19T10:35:47.4535993Z     'X-Content-Type-Options': 'REDACTED'
2026-02-19T10:35:47.4536012Z     'Date': 'Thu, 19 Feb 2026 10:35:47 GMT'
2026-02-19T10:35:47.4543482Z 2026-02-19 10:35:47,453 - azure.monitor.opentelemetry.exporter.export._base - INFO - Transmission succeeded: Item received: 3. Items accepted: 3
2026-02-19T10:35:49.3496771Z 2026-02-19 10:35:49,349 - azure.core.pipeline.policies.http_logging_policy - INFO - Request URL: 'https://westus2-2.in.applicationinsights.azure.com//v2.1/track'
2026-02-19T10:35:49.3497190Z Request method: 'POST'
2026-02-19T10:35:49.3497221Z Request headers:
2026-02-19T10:35:49.3497243Z     'Content-Type': 'application/json'
2026-02-19T10:35:49.3497263Z     'Content-Length': '3720'
2026-02-19T10:35:49.3497289Z     'Accept': 'application/json'
2026-02-19T10:35:49.3497311Z     'x-ms-client-request-id': 'c1ca3ccc-0d7e-11f1-99b0-eeaa766865b8'
2026-02-19T10:35:49.3497336Z     'User-Agent': 'azsdk-python-azuremonitorclient/unknown Python/3.11.14 (Linux-6.6.119.3-1.azl3-x86_64-with-glibc2.31)'
2026-02-19T10:35:49.3497357Z A body is sent with the request
2026-02-19T10:35:49.4277462Z 2026-02-19 10:35:49,427 - azure.core.pipeline.policies.http_logging_policy - INFO - Response status: 200
2026-02-19T10:35:49.4277907Z Response headers:
2026-02-19T10:35:49.4277936Z     'Transfer-Encoding': 'chunked'
2026-02-19T10:35:49.4277956Z     'Content-Type': 'application/json; charset=utf-8'
2026-02-19T10:35:49.4277976Z     'Server': 'Microsoft-HTTPAPI/2.0'
2026-02-19T10:35:49.4277996Z     'Strict-Transport-Security': 'REDACTED'
2026-02-19T10:35:49.4278015Z     'X-Content-Type-Options': 'REDACTED'
2026-02-19T10:35:49.4278037Z     'Date': 'Thu, 19 Feb 2026 10:35:49 GMT'
2026-02-19T10:35:49.4285751Z 2026-02-19 10:35:49,428 - azure.monitor.opentelemetry.exporter.export._base - INFO - Transmission succeeded: Item received: 3. Items accepted: 3
2026-02-19T10:35:52.4559117Z 2026-02-19 10:35:52,455 - azure.core.pipeline.policies.http_logging_policy - INFO - Request URL: 'https://westus2-2.in.applicationinsights.azure.com//v2.1/track'
2026-02-19T10:35:52.4559512Z Request method: 'POST'
2026-02-19T10:35:52.4559598Z Request headers:
2026-02-19T10:35:52.4559621Z     'Content-Type': 'application/json'
2026-02-19T10:35:52.4559643Z     'Content-Length': '3719'
2026-02-19T10:35:52.4559661Z     'Accept': 'application/json'
2026-02-19T10:35:52.4559684Z     'x-ms-client-request-id': 'c3a42f9e-0d7e-11f1-9207-eeaa766865b8'
2026-02-19T10:35:52.4559708Z     'User-Agent': 'azsdk-python-azuremonitorclient/unknown Python/3.11.14 (Linux-6.6.119.3-1.azl3-x86_64-with-glibc2.31)'
2026-02-19T10:35:52.4559727Z A body is sent with the request
2026-02-19T10:35:52.4900542Z 2026-02-19 10:35:52,489 - azure.core.pipeline.policies.http_logging_policy - INFO - Response status: 200
2026-02-19T10:35:52.4900871Z Response headers:
2026-02-19T10:35:52.4900899Z     'Transfer-Encoding': 'chunked'
2026-02-19T10:35:52.4900917Z     'Content-Type': 'application/json; charset=utf-8'
2026-02-19T10:35:52.4900986Z     'Server': 'Microsoft-HTTPAPI/2.0'
2026-02-19T10:35:52.4901006Z     'Strict-Transport-Security': 'REDACTED'
2026-02-19T10:35:52.4901025Z     'X-Content-Type-Options': 'REDACTED'
2026-02-19T10:35:52.4901043Z     'Date': 'Thu, 19 Feb 2026 10:35:51 GMT'
2026-02-19T10:35:52.4906553Z 2026-02-19 10:35:52,490 - azure.monitor.opentelemetry.exporter.export._base - INFO - Transmission succeeded: Item received: 3. Items accepted: 3
2026-02-19T10:35:54.4304622Z 2026-02-19 10:35:54,430 - azure.core.pipeline.policies.http_logging_policy - INFO - Request URL: 'https://westus2-2.in.applicationinsights.azure.com//v2.1/track'
2026-02-19T10:35:54.4305001Z Request method: 'POST'
2026-02-19T10:35:54.4305040Z Request headers:
2026-02-19T10:35:54.4305068Z     'Content-Type': 'application/json'
2026-02-19T10:35:54.4305093Z     'Content-Length': '3718'
2026-02-19T10:35:54.4305183Z     'Accept': 'application/json'
2026-02-19T10:35:54.4305211Z     'x-ms-client-request-id': 'c4d17fb6-0d7e-11f1-99b0-eeaa766865b8'
2026-02-19T10:35:54.4305241Z     'User-Agent': 'azsdk-python-azuremonitorclient/unknown Python/3.11.14 (Linux-6.6.119.3-1.azl3-x86_64-with-glibc2.31)'
2026-02-19T10:35:54.4305267Z A body is sent with the request
2026-02-19T10:35:54.5089031Z 2026-02-19 10:35:54,508 - azure.core.pipeline.policies.http_logging_policy - INFO - Response status: 200
2026-02-19T10:35:54.5089515Z Response headers:
2026-02-19T10:35:54.5089552Z     'Transfer-Encoding': 'chunked'
2026-02-19T10:35:54.5089586Z     'Content-Type': 'application/json; charset=utf-8'
2026-02-19T10:35:54.5089611Z     'Server': 'Microsoft-HTTPAPI/2.0'
2026-02-19T10:35:54.5089634Z     'Strict-Transport-Security': 'REDACTED'
2026-02-19T10:35:54.5089720Z     'X-Content-Type-Options': 'REDACTED'
2026-02-19T10:35:54.5089749Z     'Date': 'Thu, 19 Feb 2026 10:35:54 GMT'
2026-02-19T10:35:54.5097848Z 2026-02-19 10:35:54,509 - azure.monitor.opentelemetry.exporter.export._base - INFO - Transmission succeeded: Item received: 3. Items accepted: 3
2026-02-19T10:35:57.4925018Z 2026-02-19 10:35:57,492 - azure.core.pipeline.policies.http_logging_policy - INFO - Request URL: 'https://westus2-2.in.applicationinsights.azure.com//v2.1/track'
2026-02-19T10:35:57.4925676Z Request method: 'POST'
2026-02-19T10:35:57.4925710Z Request headers:
2026-02-19T10:35:57.4925734Z     'Content-Type': 'application/json'
2026-02-19T10:35:57.4925756Z     'Content-Length': '3720'
2026-02-19T10:35:57.4925776Z     'Accept': 'application/json'
2026-02-19T10:35:57.4925796Z     'x-ms-client-request-id': 'c6a4bbbe-0d7e-11f1-9207-eeaa766865b8'
2026-02-19T10:35:57.4925882Z     'User-Agent': 'azsdk-python-azuremonitorclient/unknown Python/3.11.14 (Linux-6.6.119.3-1.azl3-x86_64-with-glibc2.31)'
2026-02-19T10:35:57.4925905Z A body is sent with the request
2026-02-19T10:35:57.5344816Z 2026-02-19 10:35:57,534 - azure.core.pipeline.policies.http_logging_policy - INFO - Response status: 200
2026-02-19T10:35:57.5345190Z Response headers:
2026-02-19T10:35:57.5345223Z     'Transfer-Encoding': 'chunked'
2026-02-19T10:35:57.5345243Z     'Content-Type': 'application/json; charset=utf-8'
2026-02-19T10:35:57.5345262Z     'Server': 'Microsoft-HTTPAPI/2.0'
2026-02-19T10:35:57.5345279Z     'Strict-Transport-Security': 'REDACTED'
2026-02-19T10:35:57.5345296Z     'X-Content-Type-Options': 'REDACTED'
2026-02-19T10:35:57.5345318Z     'Date': 'Thu, 19 Feb 2026 10:35:56 GMT'
2026-02-19T10:35:57.5351755Z 2026-02-19 10:35:57,534 - azure.monitor.opentelemetry.exporter.export._base - INFO - Transmission succeeded: Item received: 3. Items accepted: 3
2026-02-19T10:35:59.5114969Z 2026-02-19 10:35:59,511 - azure.core.pipeline.policies.http_logging_policy - INFO - Request URL: 'https://westus2-2.in.applicationinsights.azure.com//v2.1/track'
2026-02-19T10:35:59.5115396Z Request method: 'POST'
2026-02-19T10:35:59.5115431Z Request headers:
2026-02-19T10:35:59.5115459Z     'Content-Type': 'application/json'
2026-02-19T10:35:59.5115487Z     'Content-Length': '3719'
2026-02-19T10:35:59.5115516Z     'Accept': 'application/json'
2026-02-19T10:35:59.5115546Z     'x-ms-client-request-id': 'c7d8cd7c-0d7e-11f1-99b0-eeaa766865b8'
2026-02-19T10:35:59.5115579Z     'User-Agent': 'azsdk-python-azuremonitorclient/unknown Python/3.11.14 (Linux-6.6.119.3-1.azl3-x86_64-with-glibc2.31)'
2026-02-19T10:35:59.5115678Z A body is sent with the request
2026-02-19T10:35:59.5962346Z 2026-02-19 10:35:59,596 - azure.core.pipeline.policies.http_logging_policy - INFO - Response status: 200
2026-02-19T10:35:59.5962681Z Response headers:
2026-02-19T10:35:59.5962715Z     'Transfer-Encoding': 'chunked'
2026-02-19T10:35:59.5962737Z     'Content-Type': 'application/json; charset=utf-8'
2026-02-19T10:35:59.5962755Z     'Server': 'Microsoft-HTTPAPI/2.0'
2026-02-19T10:35:59.5962774Z     'Strict-Transport-Security': 'REDACTED'
2026-02-19T10:35:59.5962792Z     'X-Content-Type-Options': 'REDACTED'
2026-02-19T10:35:59.5962814Z     'Date': 'Thu, 19 Feb 2026 10:35:59 GMT'
2026-02-19T10:35:59.5968229Z 2026-02-19 10:35:59,596 - azure.monitor.opentelemetry.exporter.export._base - INFO - Transmission succeeded: Item received: 3. Items accepted: 3
2026-02-19T10:36:02.5369677Z 2026-02-19 10:36:02,536 - azure.core.pipeline.policies.http_logging_policy - INFO - Request URL: 'https://westus2-2.in.applicationinsights.azure.com//v2.1/track'
2026-02-19T10:36:02.5370091Z Request method: 'POST'
2026-02-19T10:36:02.5370122Z Request headers:
2026-02-19T10:36:02.5370139Z     'Content-Type': 'application/json'
2026-02-19T10:36:02.5370159Z     'Content-Length': '3719'
2026-02-19T10:36:02.5370177Z     'Accept': 'application/json'
2026-02-19T10:36:02.5370197Z     'x-ms-client-request-id': 'c9a67712-0d7e-11f1-9207-eeaa766865b8'
2026-02-19T10:36:02.5370225Z     'User-Agent': 'azsdk-python-azuremonitorclient/unknown Python/3.11.14 (Linux-6.6.119.3-1.azl3-x86_64-with-glibc2.31)'
2026-02-19T10:36:02.5370245Z A body is sent with the request
2026-02-19T10:36:02.6752514Z 2026-02-19 10:36:02,674 - azure.core.pipeline.policies.http_logging_policy - INFO - Response status: 200
2026-02-19T10:36:02.6753327Z Response headers:
2026-02-19T10:36:02.6753361Z     'Transfer-Encoding': 'chunked'
2026-02-19T10:36:02.6753385Z     'Content-Type': 'application/json; charset=utf-8'
2026-02-19T10:36:02.6753409Z     'Server': 'Microsoft-HTTPAPI/2.0'
2026-02-19T10:36:02.6753431Z     'Strict-Transport-Security': 'REDACTED'
2026-02-19T10:36:02.6753456Z     'X-Content-Type-Options': 'REDACTED'
2026-02-19T10:36:02.6753479Z     'Date': 'Thu, 19 Feb 2026 10:36:02 GMT'
2026-02-19T10:36:02.6761820Z 2026-02-19 10:36:02,675 - azure.monitor.opentelemetry.exporter.export._base - INFO - Transmission succeeded: Item received: 3. Items accepted: 3
2026-02-19T10:36:04.5985431Z 2026-02-19 10:36:04,598 - azure.core.pipeline.policies.http_logging_policy - INFO - Request URL: 'https://westus2-2.in.applicationinsights.azure.com//v2.1/track'
2026-02-19T10:36:04.5986114Z Request method: 'POST'
2026-02-19T10:36:04.5986205Z Request headers:
2026-02-19T10:36:04.5986226Z     'Content-Type': 'application/json'
2026-02-19T10:36:04.5986246Z     'Content-Length': '3718'
2026-02-19T10:36:04.5986266Z     'Accept': 'application/json'
2026-02-19T10:36:04.5986284Z     'x-ms-client-request-id': 'cae107be-0d7e-11f1-99b0-eeaa766865b8'
2026-02-19T10:36:04.5986310Z     'User-Agent': 'azsdk-python-azuremonitorclient/unknown Python/3.11.14 (Linux-6.6.119.3-1.azl3-x86_64-with-glibc2.31)'
2026-02-19T10:36:04.5986326Z A body is sent with the request
2026-02-19T10:36:04.6976788Z 2026-02-19 10:36:04,697 - azure.core.pipeline.policies.http_logging_policy - INFO - Response status: 200
2026-02-19T10:36:04.6977159Z Response headers:
2026-02-19T10:36:04.6977186Z     'Transfer-Encoding': 'chunked'
2026-02-19T10:36:04.6977267Z     'Content-Type': 'application/json; charset=utf-8'
2026-02-19T10:36:04.6977287Z     'Server': 'Microsoft-HTTPAPI/2.0'
2026-02-19T10:36:04.6977306Z     'Strict-Transport-Security': 'REDACTED'
2026-02-19T10:36:04.6977325Z     'X-Content-Type-Options': 'REDACTED'
2026-02-19T10:36:04.6977344Z     'Date': 'Thu, 19 Feb 2026 10:36:04 GMT'
2026-02-19T10:36:04.6982848Z 2026-02-19 10:36:04,697 - azure.monitor.opentelemetry.exporter.export._base - INFO - Transmission succeeded: Item received: 3. Items accepted: 3
2026-02-19T10:36:07.6778793Z 2026-02-19 10:36:07,677 - azure.core.pipeline.policies.http_logging_policy - INFO - Request URL: 'https://westus2-2.in.applicationinsights.azure.com//v2.1/track'
2026-02-19T10:36:07.6779235Z Request method: 'POST'
2026-02-19T10:36:07.6779267Z Request headers:
2026-02-19T10:36:07.6779288Z     'Content-Type': 'application/json'
2026-02-19T10:36:07.6779383Z     'Content-Length': '3719'
2026-02-19T10:36:07.6779409Z     'Accept': 'application/json'
2026-02-19T10:36:07.6779432Z     'x-ms-client-request-id': 'ccb6e720-0d7e-11f1-9207-eeaa766865b8'
2026-02-19T10:36:07.6779457Z     'User-Agent': 'azsdk-python-azuremonitorclient/unknown Python/3.11.14 (Linux-6.6.119.3-1.azl3-x86_64-with-glibc2.31)'
2026-02-19T10:36:07.6779478Z A body is sent with the request
2026-02-19T10:36:07.7375443Z 2026-02-19 10:36:07,737 - azure.core.pipeline.policies.http_logging_policy - INFO - Response status: 200
2026-02-19T10:36:07.7375836Z Response headers:
2026-02-19T10:36:07.7375868Z     'Transfer-Encoding': 'chunked'
2026-02-19T10:36:07.7375890Z     'Content-Type': 'application/json; charset=utf-8'
2026-02-19T10:36:07.7375914Z     'Server': 'Microsoft-HTTPAPI/2.0'
2026-02-19T10:36:07.7375936Z     'Strict-Transport-Security': 'REDACTED'
2026-02-19T10:36:07.7376036Z     'X-Content-Type-Options': 'REDACTED'
2026-02-19T10:36:07.7376057Z     'Date': 'Thu, 19 Feb 2026 10:36:07 GMT'
2026-02-19T10:36:07.7381587Z 2026-02-19 10:36:07,737 - azure.monitor.opentelemetry.exporter.export._base - INFO - Transmission succeeded: Item received: 3. Items accepted: 3
2026-02-19T10:36:09.6995753Z 2026-02-19 10:36:09,699 - azure.core.pipeline.policies.http_logging_policy - INFO - Request URL: 'https://westus2-2.in.applicationinsights.azure.com//v2.1/track'
2026-02-19T10:36:09.6996158Z Request method: 'POST'
2026-02-19T10:36:09.6996193Z Request headers:
2026-02-19T10:36:09.6996217Z     'Content-Type': 'application/json'
2026-02-19T10:36:09.6996238Z     'Content-Length': '3718'
2026-02-19T10:36:09.6996263Z     'Accept': 'application/json'
2026-02-19T10:36:09.6996284Z     'x-ms-client-request-id': 'cdeb64e0-0d7e-11f1-99b0-eeaa766865b8'
2026-02-19T10:36:09.6996383Z     'User-Agent': 'azsdk-python-azuremonitorclient/unknown Python/3.11.14 (Linux-6.6.119.3-1.azl3-x86_64-with-glibc2.31)'
2026-02-19T10:36:09.6996404Z A body is sent with the request
2026-02-19T10:36:09.8279726Z 2026-02-19 10:36:09,827 - azure.core.pipeline.policies.http_logging_policy - INFO - Response status: 200
2026-02-19T10:36:09.8280112Z Response headers:
2026-02-19T10:36:09.8280142Z     'Transfer-Encoding': 'chunked'
2026-02-19T10:36:09.8280174Z     'Content-Type': 'application/json; charset=utf-8'
2026-02-19T10:36:09.8280192Z     'Server': 'Microsoft-HTTPAPI/2.0'
2026-02-19T10:36:09.8280209Z     'Strict-Transport-Security': 'REDACTED'
2026-02-19T10:36:09.8280229Z     'X-Content-Type-Options': 'REDACTED'
2026-02-19T10:36:09.8280249Z     'Date': 'Thu, 19 Feb 2026 10:36:09 GMT'
2026-02-19T10:36:09.8284769Z 2026-02-19 10:36:09,828 - azure.monitor.opentelemetry.exporter.export._base - INFO - Transmission succeeded: Item received: 3. Items accepted: 3
2026-02-19T10:36:12.7397916Z 2026-02-19 10:36:12,739 - azure.core.pipeline.policies.http_logging_policy - INFO - Request URL: 'https://westus2-2.in.applicationinsights.azure.com//v2.1/track'
2026-02-19T10:36:12.7398288Z Request method: 'POST'
2026-02-19T10:36:12.7398316Z Request headers:
2026-02-19T10:36:12.7398336Z     'Content-Type': 'application/json'
2026-02-19T10:36:12.7398362Z     'Content-Length': '3719'
2026-02-19T10:36:12.7398382Z     'Accept': 'application/json'
2026-02-19T10:36:12.7398405Z     'x-ms-client-request-id': 'cfbb4aba-0d7e-11f1-9207-eeaa766865b8'
2026-02-19T10:36:12.7398433Z     'User-Agent': 'azsdk-python-azuremonitorclient/unknown Python/3.11.14 (Linux-6.6.119.3-1.azl3-x86_64-with-glibc2.31)'
2026-02-19T10:36:12.7398452Z A body is sent with the request
2026-02-19T10:36:12.8451061Z 2026-02-19 10:36:12,844 - azure.core.pipeline.policies.http_logging_policy - INFO - Response status: 200
2026-02-19T10:36:12.8451489Z Response headers:
2026-02-19T10:36:12.8451526Z     'Transfer-Encoding': 'chunked'
2026-02-19T10:36:12.8451548Z     'Content-Type': 'application/json; charset=utf-8'
2026-02-19T10:36:12.8451572Z     'Server': 'Microsoft-HTTPAPI/2.0'
2026-02-19T10:36:12.8451598Z     'Strict-Transport-Security': 'REDACTED'
2026-02-19T10:36:12.8451623Z     'X-Content-Type-Options': 'REDACTED'
2026-02-19T10:36:12.8451647Z     'Date': 'Thu, 19 Feb 2026 10:36:12 GMT'
2026-02-19T10:36:12.8456247Z 2026-02-19 10:36:12,845 - azure.monitor.opentelemetry.exporter.export._base - INFO - Transmission succeeded: Item received: 3. Items accepted: 3
2026-02-19T10:36:14.8302680Z 2026-02-19 10:36:14,829 - azure.core.pipeline.policies.http_logging_policy - INFO - Request URL: 'https://westus2-2.in.applicationinsights.azure.com//v2.1/track'
2026-02-19T10:36:14.8303043Z Request method: 'POST'
2026-02-19T10:36:14.8303072Z Request headers:
2026-02-19T10:36:14.8303095Z     'Content-Type': 'application/json'
2026-02-19T10:36:14.8303119Z     'Content-Length': '3719'
2026-02-19T10:36:14.8303143Z     'Accept': 'application/json'
2026-02-19T10:36:14.8303168Z     'x-ms-client-request-id': 'd0fa39f4-0d7e-11f1-99b0-eeaa766865b8'
2026-02-19T10:36:14.8303199Z     'User-Agent': 'azsdk-python-azuremonitorclient/unknown Python/3.11.14 (Linux-6.6.119.3-1.azl3-x86_64-with-glibc2.31)'
2026-02-19T10:36:14.8303222Z A body is sent with the request
2026-02-19T10:36:14.9346685Z 2026-02-19 10:36:14,934 - azure.core.pipeline.policies.http_logging_policy - INFO - Response status: 200
2026-02-19T10:36:14.9347073Z Response headers:
2026-02-19T10:36:14.9347172Z     'Transfer-Encoding': 'chunked'
2026-02-19T10:36:14.9347192Z     'Content-Type': 'application/json; charset=utf-8'
2026-02-19T10:36:14.9347211Z     'Server': 'Microsoft-HTTPAPI/2.0'
2026-02-19T10:36:14.9347230Z     'Strict-Transport-Security': 'REDACTED'
2026-02-19T10:36:14.9347249Z     'X-Content-Type-Options': 'REDACTED'
2026-02-19T10:36:14.9347267Z     'Date': 'Thu, 19 Feb 2026 10:36:14 GMT'
2026-02-19T10:36:14.9353984Z 2026-02-19 10:36:14,934 - azure.monitor.opentelemetry.exporter.export._base - INFO - Transmission succeeded: Item received: 3. Items accepted: 3
2026-02-19T10:36:17.8474514Z 2026-02-19 10:36:17,847 - azure.core.pipeline.policies.http_logging_policy - INFO - Request URL: 'https://westus2-2.in.applicationinsights.azure.com//v2.1/track'
2026-02-19T10:36:17.8474913Z Request method: 'POST'
2026-02-19T10:36:17.8474944Z Request headers:
2026-02-19T10:36:17.8475028Z     'Content-Type': 'application/json'
2026-02-19T10:36:17.8475047Z     'Content-Length': '3720'
2026-02-19T10:36:17.8475066Z     'Accept': 'application/json'
2026-02-19T10:36:17.8475086Z     'x-ms-client-request-id': 'd2c6a15a-0d7e-11f1-9207-eeaa766865b8'
2026-02-19T10:36:17.8475110Z     'User-Agent': 'azsdk-python-azuremonitorclient/unknown Python/3.11.14 (Linux-6.6.119.3-1.azl3-x86_64-with-glibc2.31)'
2026-02-19T10:36:17.8475131Z A body is sent with the request
2026-02-19T10:36:18.0104180Z 2026-02-19 10:36:18,010 - azure.core.pipeline.policies.http_logging_policy - INFO - Response status: 200
2026-02-19T10:36:18.0104995Z Response headers:
2026-02-19T10:36:18.0105032Z     'Transfer-Encoding': 'chunked'
2026-02-19T10:36:18.0105059Z     'Content-Type': 'application/json; charset=utf-8'
2026-02-19T10:36:18.0105139Z     'Server': 'Microsoft-HTTPAPI/2.0'
2026-02-19T10:36:18.0105163Z     'Strict-Transport-Security': 'REDACTED'
2026-02-19T10:36:18.0105183Z     'X-Content-Type-Options': 'REDACTED'
2026-02-19T10:36:18.0105203Z     'Date': 'Thu, 19 Feb 2026 10:36:17 GMT'
2026-02-19T10:36:18.0111125Z 2026-02-19 10:36:18,010 - azure.monitor.opentelemetry.exporter.export._base - INFO - Transmission succeeded: Item received: 3. Items accepted: 3
2026-02-19T10:36:19.9370950Z 2026-02-19 10:36:19,936 - azure.core.pipeline.policies.http_logging_policy - INFO - Request URL: 'https://westus2-2.in.applicationinsights.azure.com//v2.1/track'
2026-02-19T10:36:19.9371376Z Request method: 'POST'
2026-02-19T10:36:19.9371403Z Request headers:
2026-02-19T10:36:19.9371431Z     'Content-Type': 'application/json'
2026-02-19T10:36:19.9371453Z     'Content-Length': '3720'
2026-02-19T10:36:19.9371530Z     'Accept': 'application/json'
2026-02-19T10:36:19.9371559Z     'x-ms-client-request-id': 'd405837e-0d7e-11f1-99b0-eeaa766865b8'
2026-02-19T10:36:19.9371588Z     'User-Agent': 'azsdk-python-azuremonitorclient/unknown Python/3.11.14 (Linux-6.6.119.3-1.azl3-x86_64-with-glibc2.31)'
2026-02-19T10:36:19.9371610Z A body is sent with the request
2026-02-19T10:36:20.0408208Z 2026-02-19 10:36:20,040 - azure.core.pipeline.policies.http_logging_policy - INFO - Response status: 200
2026-02-19T10:36:20.0408612Z Response headers:
2026-02-19T10:36:20.0408647Z     'Transfer-Encoding': 'chunked'
2026-02-19T10:36:20.0408680Z     'Content-Type': 'application/json; charset=utf-8'
2026-02-19T10:36:20.0408704Z     'Server': 'Microsoft-HTTPAPI/2.0'
2026-02-19T10:36:20.0408725Z     'Strict-Transport-Security': 'REDACTED'
2026-02-19T10:36:20.0408747Z     'X-Content-Type-Options': 'REDACTED'
2026-02-19T10:36:20.0408829Z     'Date': 'Thu, 19 Feb 2026 10:36:19 GMT'
2026-02-19T10:36:20.0413713Z 2026-02-19 10:36:20,041 - azure.monitor.opentelemetry.exporter.export._base - INFO - Transmission succeeded: Item received: 3. Items accepted: 3
2026-02-19T10:36:23.0136299Z 2026-02-19 10:36:23,013 - azure.core.pipeline.policies.http_logging_policy - INFO - Request URL: 'https://westus2-2.in.applicationinsights.azure.com//v2.1/track'
2026-02-19T10:36:23.0136714Z Request method: 'POST'
2026-02-19T10:36:23.0136744Z Request headers:
2026-02-19T10:36:23.0136774Z     'Content-Type': 'application/json'
2026-02-19T10:36:23.0136794Z     'Content-Length': '3720'
2026-02-19T10:36:23.0136814Z     'Accept': 'application/json'
2026-02-19T10:36:23.0136834Z     'x-ms-client-request-id': 'd5daf346-0d7e-11f1-9207-eeaa766865b8'
2026-02-19T10:36:23.0136918Z     'User-Agent': 'azsdk-python-azuremonitorclient/unknown Python/3.11.14 (Linux-6.6.119.3-1.azl3-x86_64-with-glibc2.31)'
2026-02-19T10:36:23.0136941Z A body is sent with the request
2026-02-19T10:36:23.1269002Z 2026-02-19 10:36:23,126 - azure.core.pipeline.policies.http_logging_policy - INFO - Response status: 200
2026-02-19T10:36:23.1269400Z Response headers:
2026-02-19T10:36:23.1269431Z     'Transfer-Encoding': 'chunked'
2026-02-19T10:36:23.1269451Z     'Content-Type': 'application/json; charset=utf-8'
2026-02-19T10:36:23.1269472Z     'Server': 'Microsoft-HTTPAPI/2.0'
2026-02-19T10:36:23.1269498Z     'Strict-Transport-Security': 'REDACTED'
2026-02-19T10:36:23.1269517Z     'X-Content-Type-Options': 'REDACTED'
2026-02-19T10:36:23.1269536Z     'Date': 'Thu, 19 Feb 2026 10:36:22 GMT'
2026-02-19T10:36:23.1274681Z 2026-02-19 10:36:23,127 - azure.monitor.opentelemetry.exporter.export._base - INFO - Transmission succeeded: Item received: 3. Items accepted: 3
2026-02-19T10:36:25.0428878Z 2026-02-19 10:36:25,042 - azure.core.pipeline.policies.http_logging_policy - INFO - Request URL: 'https://westus2-2.in.applicationinsights.azure.com//v2.1/track'
2026-02-19T10:36:25.0429271Z Request method: 'POST'
2026-02-19T10:36:25.0429301Z Request headers:
2026-02-19T10:36:25.0429329Z     'Content-Type': 'application/json'
2026-02-19T10:36:25.0429351Z     'Content-Length': '3720'
2026-02-19T10:36:25.0429372Z     'Accept': 'application/json'
2026-02-19T10:36:25.0429400Z     'x-ms-client-request-id': 'd71098ce-0d7e-11f1-99b0-eeaa766865b8'
2026-02-19T10:36:25.0429424Z     'User-Agent': 'azsdk-python-azuremonitorclient/unknown Python/3.11.14 (Linux-6.6.119.3-1.azl3-x86_64-with-glibc2.31)'
2026-02-19T10:36:25.0429443Z A body is sent with the request
2026-02-19T10:36:25.1774664Z 2026-02-19 10:36:25,177 - azure.core.pipeline.policies.http_logging_policy - INFO - Response status: 200
2026-02-19T10:36:25.1775309Z Response headers:
2026-02-19T10:36:25.1775342Z     'Transfer-Encoding': 'chunked'
2026-02-19T10:36:25.1775364Z     'Content-Type': 'application/json; charset=utf-8'
2026-02-19T10:36:25.1775384Z     'Server': 'Microsoft-HTTPAPI/2.0'
2026-02-19T10:36:25.1775403Z     'Strict-Transport-Security': 'REDACTED'
2026-02-19T10:36:25.1775422Z     'X-Content-Type-Options': 'REDACTED'
2026-02-19T10:36:25.1775440Z     'Date': 'Thu, 19 Feb 2026 10:36:24 GMT'
2026-02-19T10:36:25.1783929Z 2026-02-19 10:36:25,177 - azure.monitor.opentelemetry.exporter.export._base - INFO - Transmission succeeded: Item received: 3. Items accepted: 3
2026-02-19T10:36:28.1290931Z 2026-02-19 10:36:28,128 - azure.core.pipeline.policies.http_logging_policy - INFO - Request URL: 'https://westus2-2.in.applicationinsights.azure.com//v2.1/track'
2026-02-19T10:36:28.1291535Z Request method: 'POST'
2026-02-19T10:36:28.1291565Z Request headers:
2026-02-19T10:36:28.1291586Z     'Content-Type': 'application/json'
2026-02-19T10:36:28.1291606Z     'Content-Length': '3720'
2026-02-19T10:36:28.1291627Z     'Accept': 'application/json'
2026-02-19T10:36:28.1291648Z     'x-ms-client-request-id': 'd8e78310-0d7e-11f1-9207-eeaa766865b8'
2026-02-19T10:36:28.1291668Z     'User-Agent': 'azsdk-python-azuremonitorclient/unknown Python/3.11.14 (Linux-6.6.119.3-1.azl3-x86_64-with-glibc2.31)'
2026-02-19T10:36:28.1291686Z A body is sent with the request
2026-02-19T10:36:28.2069208Z 2026-02-19 10:36:28,206 - azure.core.pipeline.policies.http_logging_policy - INFO - Response status: 200
2026-02-19T10:36:28.2069611Z Response headers:
2026-02-19T10:36:28.2069643Z     'Transfer-Encoding': 'chunked'
2026-02-19T10:36:28.2069719Z     'Content-Type': 'application/json; charset=utf-8'
2026-02-19T10:36:28.2069737Z     'Server': 'Microsoft-HTTPAPI/2.0'
2026-02-19T10:36:28.2069754Z     'Strict-Transport-Security': 'REDACTED'
2026-02-19T10:36:28.2069773Z     'X-Content-Type-Options': 'REDACTED'
2026-02-19T10:36:28.2069793Z     'Date': 'Thu, 19 Feb 2026 10:36:27 GMT'
2026-02-19T10:36:28.2075503Z 2026-02-19 10:36:28,207 - azure.monitor.opentelemetry.exporter.export._base - INFO - Transmission succeeded: Item received: 3. Items accepted: 3
2026-02-19T10:36:30.1797266Z 2026-02-19 10:36:30,179 - azure.core.pipeline.policies.http_logging_policy - INFO - Request URL: 'https://westus2-2.in.applicationinsights.azure.com//v2.1/track'
2026-02-19T10:36:30.1797669Z Request method: 'POST'
2026-02-19T10:36:30.1797702Z Request headers:
2026-02-19T10:36:30.1797724Z     'Content-Type': 'application/json'
2026-02-19T10:36:30.1797815Z     'Content-Length': '3720'
2026-02-19T10:36:30.1797835Z     'Accept': 'application/json'
2026-02-19T10:36:30.1797856Z     'x-ms-client-request-id': 'da2067ec-0d7e-11f1-99b0-eeaa766865b8'
2026-02-19T10:36:30.1797878Z     'User-Agent': 'azsdk-python-azuremonitorclient/unknown Python/3.11.14 (Linux-6.6.119.3-1.azl3-x86_64-with-glibc2.31)'
2026-02-19T10:36:30.1797897Z A body is sent with the request
2026-02-19T10:36:30.3437233Z 2026-02-19 10:36:30,343 - azure.core.pipeline.policies.http_logging_policy - INFO - Response status: 200
2026-02-19T10:36:30.3437619Z Response headers:
2026-02-19T10:36:30.3437651Z     'Transfer-Encoding': 'chunked'
2026-02-19T10:36:30.3437676Z     'Content-Type': 'application/json; charset=utf-8'
2026-02-19T10:36:30.3437695Z     'Server': 'Microsoft-HTTPAPI/2.0'
2026-02-19T10:36:30.3437786Z     'Strict-Transport-Security': 'REDACTED'
2026-02-19T10:36:30.3437808Z     'X-Content-Type-Options': 'REDACTED'
2026-02-19T10:36:30.3437827Z     'Date': 'Thu, 19 Feb 2026 10:36:29 GMT'
2026-02-19T10:36:30.3445043Z 2026-02-19 10:36:30,343 - azure.monitor.opentelemetry.exporter.export._base - INFO - Transmission succeeded: Item received: 3. Items accepted: 3
2026-02-19T10:36:33.2093002Z 2026-02-19 10:36:33,209 - azure.core.pipeline.policies.http_logging_policy - INFO - Request URL: 'https://westus2-2.in.applicationinsights.azure.com//v2.1/track'
2026-02-19T10:36:33.2093396Z Request method: 'POST'
2026-02-19T10:36:33.2093424Z Request headers:
2026-02-19T10:36:33.2093448Z     'Content-Type': 'application/json'
2026-02-19T10:36:33.2093471Z     'Content-Length': '3719'
2026-02-19T10:36:33.2093491Z     'Accept': 'application/json'
2026-02-19T10:36:33.2093578Z     'x-ms-client-request-id': 'dbeeb15a-0d7e-11f1-9207-eeaa766865b8'
2026-02-19T10:36:33.2093604Z     'User-Agent': 'azsdk-python-azuremonitorclient/unknown Python/3.11.14 (Linux-6.6.119.3-1.azl3-x86_64-with-glibc2.31)'
2026-02-19T10:36:33.2093622Z A body is sent with the request
2026-02-19T10:36:33.3487122Z 2026-02-19 10:36:33,348 - azure.core.pipeline.policies.http_logging_policy - INFO - Response status: 200
2026-02-19T10:36:33.3487715Z Response headers:
2026-02-19T10:36:33.3487742Z     'Transfer-Encoding': 'chunked'
2026-02-19T10:36:33.3487770Z     'Content-Type': 'application/json; charset=utf-8'
2026-02-19T10:36:33.3487788Z     'Server': 'Microsoft-HTTPAPI/2.0'
2026-02-19T10:36:33.3487808Z     'Strict-Transport-Security': 'REDACTED'
2026-02-19T10:36:33.3487826Z     'X-Content-Type-Options': 'REDACTED'
2026-02-19T10:36:33.3487845Z     'Date': 'Thu, 19 Feb 2026 10:36:33 GMT'
2026-02-19T10:36:33.3505715Z 2026-02-19 10:36:33,348 - azure.monitor.opentelemetry.exporter.export._base - INFO - Transmission succeeded: Item received: 3. Items accepted: 3
2026-02-19T10:36:35.3463990Z 2026-02-19 10:36:35,346 - azure.core.pipeline.policies.http_logging_policy - INFO - Request URL: 'https://westus2-2.in.applicationinsights.azure.com//v2.1/track'
2026-02-19T10:36:35.3464391Z Request method: 'POST'
2026-02-19T10:36:35.3464422Z Request headers:
2026-02-19T10:36:35.3464446Z     'Content-Type': 'application/json'
2026-02-19T10:36:35.3464469Z     'Content-Length': '3720'
2026-02-19T10:36:35.3464487Z     'Accept': 'application/json'
2026-02-19T10:36:35.3464508Z     'x-ms-client-request-id': 'dd34c388-0d7e-11f1-99b0-eeaa766865b8'
2026-02-19T10:36:35.3464532Z     'User-Agent': 'azsdk-python-azuremonitorclient/unknown Python/3.11.14 (Linux-6.6.119.3-1.azl3-x86_64-with-glibc2.31)'
2026-02-19T10:36:35.3464605Z A body is sent with the request
2026-02-19T10:36:35.4553609Z 2026-02-19 10:36:35,455 - azure.core.pipeline.policies.http_logging_policy - INFO - Response status: 200
2026-02-19T10:36:35.4554000Z Response headers:
2026-02-19T10:36:35.4554029Z     'Transfer-Encoding': 'chunked'
2026-02-19T10:36:35.4554049Z     'Content-Type': 'application/json; charset=utf-8'
2026-02-19T10:36:35.4554068Z     'Server': 'Microsoft-HTTPAPI/2.0'
2026-02-19T10:36:35.4554086Z     'Strict-Transport-Security': 'REDACTED'
2026-02-19T10:36:35.4554107Z     'X-Content-Type-Options': 'REDACTED'
2026-02-19T10:36:35.4554125Z     'Date': 'Thu, 19 Feb 2026 10:36:34 GMT'
2026-02-19T10:36:35.4559748Z 2026-02-19 10:36:35,455 - azure.monitor.opentelemetry.exporter.export._base - INFO - Transmission succeeded: Item received: 3. Items accepted: 3
2026-02-19T10:36:38.3518476Z 2026-02-19 10:36:38,351 - azure.core.pipeline.policies.http_logging_policy - INFO - Request URL: 'https://westus2-2.in.applicationinsights.azure.com//v2.1/track'
2026-02-19T10:36:38.3519182Z Request method: 'POST'
2026-02-19T10:36:38.3519209Z Request headers:
2026-02-19T10:36:38.3519230Z     'Content-Type': 'application/json'
2026-02-19T10:36:38.3519246Z     'Content-Length': '3719'
2026-02-19T10:36:38.3519268Z     'Accept': 'application/json'
2026-02-19T10:36:38.3519290Z     'x-ms-client-request-id': 'deff60e2-0d7e-11f1-9207-eeaa766865b8'
2026-02-19T10:36:38.3519311Z     'User-Agent': 'azsdk-python-azuremonitorclient/unknown Python/3.11.14 (Linux-6.6.119.3-1.azl3-x86_64-with-glibc2.31)'
2026-02-19T10:36:38.3519328Z A body is sent with the request
2026-02-19T10:36:38.4655153Z 2026-02-19 10:36:38,465 - azure.core.pipeline.policies.http_logging_policy - INFO - Response status: 200
2026-02-19T10:36:38.4655604Z Response headers:
2026-02-19T10:36:38.4655633Z     'Transfer-Encoding': 'chunked'
2026-02-19T10:36:38.4655652Z     'Content-Type': 'application/json; charset=utf-8'
2026-02-19T10:36:38.4655673Z     'Server': 'Microsoft-HTTPAPI/2.0'
2026-02-19T10:36:38.4655692Z     'Strict-Transport-Security': 'REDACTED'
2026-02-19T10:36:38.4655711Z     'X-Content-Type-Options': 'REDACTED'
2026-02-19T10:36:38.4655729Z     'Date': 'Thu, 19 Feb 2026 10:36:38 GMT'
2026-02-19T10:36:38.4660383Z 2026-02-19 10:36:38,465 - azure.monitor.opentelemetry.exporter.export._base - INFO - Transmission succeeded: Item received: 3. Items accepted: 3
2026-02-19T10:36:40.4576445Z 2026-02-19 10:36:40,457 - azure.core.pipeline.policies.http_logging_policy - INFO - Request URL: 'https://westus2-2.in.applicationinsights.azure.com//v2.1/track'
2026-02-19T10:36:40.4577056Z Request method: 'POST'
2026-02-19T10:36:40.4577143Z Request headers:
2026-02-19T10:36:40.4577170Z     'Content-Type': 'application/json'
2026-02-19T10:36:40.4577192Z     'Content-Length': '3720'
2026-02-19T10:36:40.4577214Z     'Accept': 'application/json'
2026-02-19T10:36:40.4577237Z     'x-ms-client-request-id': 'e040b320-0d7e-11f1-99b0-eeaa766865b8'
2026-02-19T10:36:40.4577264Z     'User-Agent': 'azsdk-python-azuremonitorclient/unknown Python/3.11.14 (Linux-6.6.119.3-1.azl3-x86_64-with-glibc2.31)'
2026-02-19T10:36:40.4577287Z A body is sent with the request
2026-02-19T10:36:40.5413568Z 2026-02-19 10:36:40,541 - azure.core.pipeline.policies.http_logging_policy - INFO - Response status: 200
2026-02-19T10:36:40.5413948Z Response headers:
2026-02-19T10:36:40.5413980Z     'Transfer-Encoding': 'chunked'
2026-02-19T10:36:40.5414002Z     'Content-Type': 'application/json; charset=utf-8'
2026-02-19T10:36:40.5414085Z     'Server': 'Microsoft-HTTPAPI/2.0'
2026-02-19T10:36:40.5414103Z     'Strict-Transport-Security': 'REDACTED'
2026-02-19T10:36:40.5414121Z     'X-Content-Type-Options': 'REDACTED'
2026-02-19T10:36:40.5414140Z     'Date': 'Thu, 19 Feb 2026 10:36:40 GMT'
2026-02-19T10:36:40.5419930Z 2026-02-19 10:36:40,541 - azure.monitor.opentelemetry.exporter.export._base - INFO - Transmission succeeded: Item received: 3. Items accepted: 3
2026-02-19T10:36:43.4676028Z 2026-02-19 10:36:43,467 - azure.core.pipeline.policies.http_logging_policy - INFO - Request URL: 'https://westus2-2.in.applicationinsights.azure.com//v2.1/track'
2026-02-19T10:36:43.4677166Z Request method: 'POST'
2026-02-19T10:36:43.4677221Z Request headers:
2026-02-19T10:36:43.4677249Z     'Content-Type': 'application/json'
2026-02-19T10:36:43.4677272Z     'Content-Length': '3720'
2026-02-19T10:36:43.4677359Z     'Accept': 'application/json'
2026-02-19T10:36:43.4677387Z     'x-ms-client-request-id': 'e20bfad4-0d7e-11f1-9207-eeaa766865b8'
2026-02-19T10:36:43.4677420Z     'User-Agent': 'azsdk-python-azuremonitorclient/unknown Python/3.11.14 (Linux-6.6.119.3-1.azl3-x86_64-with-glibc2.31)'
2026-02-19T10:36:43.4677441Z A body is sent with the request
2026-02-19T10:36:43.5424644Z 2026-02-19 10:36:43,542 - azure.core.pipeline.policies.http_logging_policy - INFO - Response status: 200
2026-02-19T10:36:43.5425038Z Response headers:
2026-02-19T10:36:43.5425073Z     'Transfer-Encoding': 'chunked'
2026-02-19T10:36:43.5425108Z     'Content-Type': 'application/json; charset=utf-8'
2026-02-19T10:36:43.5425132Z     'Server': 'Microsoft-HTTPAPI/2.0'
2026-02-19T10:36:43.5425155Z     'Strict-Transport-Security': 'REDACTED'
2026-02-19T10:36:43.5425246Z     'X-Content-Type-Options': 'REDACTED'
2026-02-19T10:36:43.5425274Z     'Date': 'Thu, 19 Feb 2026 10:36:43 GMT'
2026-02-19T10:36:43.5430642Z 2026-02-19 10:36:43,542 - azure.monitor.opentelemetry.exporter.export._base - INFO - Transmission succeeded: Item received: 3. Items accepted: 3
2026-02-19T10:36:45.5436212Z 2026-02-19 10:36:45,543 - azure.core.pipeline.policies.http_logging_policy - INFO - Request URL: 'https://westus2-2.in.applicationinsights.azure.com//v2.1/track'
2026-02-19T10:36:45.5439127Z Request method: 'POST'
2026-02-19T10:36:45.5439195Z Request headers:
2026-02-19T10:36:45.5439285Z     'Content-Type': 'application/json'
2026-02-19T10:36:45.5439310Z     'Content-Length': '3720'
2026-02-19T10:36:45.5439334Z     'Accept': 'application/json'
2026-02-19T10:36:45.5439355Z     'x-ms-client-request-id': 'e348c0b2-0d7e-11f1-99b0-eeaa766865b8'
2026-02-19T10:36:45.5439378Z     'User-Agent': 'azsdk-python-azuremonitorclient/unknown Python/3.11.14 (Linux-6.6.119.3-1.azl3-x86_64-with-glibc2.31)'
2026-02-19T10:36:45.5439399Z A body is sent with the request
2026-02-19T10:36:45.6697084Z 2026-02-19 10:36:45,669 - azure.core.pipeline.policies.http_logging_policy - INFO - Response status: 200
2026-02-19T10:36:45.6697736Z Response headers:
2026-02-19T10:36:45.6697773Z     'Transfer-Encoding': 'chunked'
2026-02-19T10:36:45.6697797Z     'Content-Type': 'application/json; charset=utf-8'
2026-02-19T10:36:45.6697819Z     'Server': 'Microsoft-HTTPAPI/2.0'
2026-02-19T10:36:45.6697901Z     'Strict-Transport-Security': 'REDACTED'
2026-02-19T10:36:45.6697923Z     'X-Content-Type-Options': 'REDACTED'
2026-02-19T10:36:45.6697943Z     'Date': 'Thu, 19 Feb 2026 10:36:45 GMT'
2026-02-19T10:36:45.6702963Z 2026-02-19 10:36:45,669 - azure.monitor.opentelemetry.exporter.export._base - INFO - Transmission succeeded: Item received: 3. Items accepted: 3
2026-02-19T10:36:48.5448279Z 2026-02-19 10:36:48,544 - azure.core.pipeline.policies.http_logging_policy - INFO - Request URL: 'https://westus2-2.in.applicationinsights.azure.com//v2.1/track'
2026-02-19T10:36:48.5448605Z Request method: 'POST'
2026-02-19T10:36:48.5448633Z Request headers:
2026-02-19T10:36:48.5448654Z     'Content-Type': 'application/json'
2026-02-19T10:36:48.5448671Z     'Content-Length': '3720'
2026-02-19T10:36:48.5448692Z     'Accept': 'application/json'
2026-02-19T10:36:48.5448767Z     'x-ms-client-request-id': 'e512b63c-0d7e-11f1-9207-eeaa766865b8'
2026-02-19T10:36:48.5448792Z     'User-Agent': 'azsdk-python-azuremonitorclient/unknown Python/3.11.14 (Linux-6.6.119.3-1.azl3-x86_64-with-glibc2.31)'
2026-02-19T10:36:48.5448810Z A body is sent with the request
2026-02-19T10:36:48.6274229Z 2026-02-19 10:36:48,627 - azure.core.pipeline.policies.http_logging_policy - INFO - Response status: 200
2026-02-19T10:36:48.6274623Z Response headers:
2026-02-19T10:36:48.6274655Z     'Transfer-Encoding': 'chunked'
2026-02-19T10:36:48.6274676Z     'Content-Type': 'application/json; charset=utf-8'
2026-02-19T10:36:48.6274697Z     'Server': 'Microsoft-HTTPAPI/2.0'
2026-02-19T10:36:48.6274718Z     'Strict-Transport-Security': 'REDACTED'
2026-02-19T10:36:48.6274737Z     'X-Content-Type-Options': 'REDACTED'
2026-02-19T10:36:48.6274813Z     'Date': 'Thu, 19 Feb 2026 10:36:48 GMT'
2026-02-19T10:36:48.6280589Z 2026-02-19 10:36:48,627 - azure.monitor.opentelemetry.exporter.export._base - INFO - Transmission succeeded: Item received: 3. Items accepted: 3
2026-02-19T10:36:50.6723898Z 2026-02-19 10:36:50,672 - azure.core.pipeline.policies.http_logging_policy - INFO - Request URL: 'https://westus2-2.in.applicationinsights.azure.com//v2.1/track'
2026-02-19T10:36:50.6724388Z Request method: 'POST'
2026-02-19T10:36:50.6724419Z Request headers:
2026-02-19T10:36:50.6724441Z     'Content-Type': 'application/json'
2026-02-19T10:36:50.6724458Z     'Content-Length': '3720'
2026-02-19T10:36:50.6724484Z     'Accept': 'application/json'
2026-02-19T10:36:50.6724505Z     'x-ms-client-request-id': 'e657543a-0d7e-11f1-99b0-eeaa766865b8'
2026-02-19T10:36:50.6724525Z     'User-Agent': 'azsdk-python-azuremonitorclient/unknown Python/3.11.14 (Linux-6.6.119.3-1.azl3-x86_64-with-glibc2.31)'
2026-02-19T10:36:50.6724594Z A body is sent with the request
2026-02-19T10:36:50.8834270Z 2026-02-19 10:36:50,883 - azure.core.pipeline.policies.http_logging_policy - INFO - Response status: 200
2026-02-19T10:36:50.8834679Z Response headers:
2026-02-19T10:36:50.8834706Z     'Transfer-Encoding': 'chunked'
2026-02-19T10:36:50.8834730Z     'Content-Type': 'application/json; charset=utf-8'
2026-02-19T10:36:50.8834752Z     'Server': 'Microsoft-HTTPAPI/2.0'
2026-02-19T10:36:50.8834772Z     'Strict-Transport-Security': 'REDACTED'
2026-02-19T10:36:50.8834791Z     'X-Content-Type-Options': 'REDACTED'
2026-02-19T10:36:50.8834811Z     'Date': 'Thu, 19 Feb 2026 10:36:50 GMT'
2026-02-19T10:36:50.8840515Z 2026-02-19 10:36:50,883 - azure.monitor.opentelemetry.exporter.export._base - INFO - Transmission succeeded: Item received: 3. Items accepted: 3
2026-02-19T10:36:53.6295410Z 2026-02-19 10:36:53,629 - azure.core.pipeline.policies.http_logging_policy - INFO - Request URL: 'https://westus2-2.in.applicationinsights.azure.com//v2.1/track'
2026-02-19T10:36:53.6296594Z Request method: 'POST'
2026-02-19T10:36:53.6296634Z Request headers:
2026-02-19T10:36:53.6296656Z     'Content-Type': 'application/json'
2026-02-19T10:36:53.6296676Z     'Content-Length': '3718'
2026-02-19T10:36:53.6296697Z     'Accept': 'application/json'
2026-02-19T10:36:53.6296722Z     'x-ms-client-request-id': 'e81a9426-0d7e-11f1-9207-eeaa766865b8'
2026-02-19T10:36:53.6296748Z     'User-Agent': 'azsdk-python-azuremonitorclient/unknown Python/3.11.14 (Linux-6.6.119.3-1.azl3-x86_64-with-glibc2.31)'
2026-02-19T10:36:53.6296768Z A body is sent with the request
2026-02-19T10:36:53.7593049Z 2026-02-19 10:36:53,759 - azure.core.pipeline.policies.http_logging_policy - INFO - Response status: 200
2026-02-19T10:36:53.7593691Z Response headers:
2026-02-19T10:36:53.7593721Z     'Transfer-Encoding': 'chunked'
2026-02-19T10:36:53.7593739Z     'Content-Type': 'application/json; charset=utf-8'
2026-02-19T10:36:53.7593756Z     'Server': 'Microsoft-HTTPAPI/2.0'
2026-02-19T10:36:53.7593775Z     'Strict-Transport-Security': 'REDACTED'
2026-02-19T10:36:53.7593794Z     'X-Content-Type-Options': 'REDACTED'
2026-02-19T10:36:53.7593811Z     'Date': 'Thu, 19 Feb 2026 10:36:53 GMT'
2026-02-19T10:36:53.7599883Z 2026-02-19 10:36:53,759 - azure.monitor.opentelemetry.exporter.export._base - INFO - Transmission succeeded: Item received: 3. Items accepted: 3
2026-02-19T10:36:55.8856000Z 2026-02-19 10:36:55,885 - azure.core.pipeline.policies.http_logging_policy - INFO - Request URL: 'https://westus2-2.in.applicationinsights.azure.com//v2.1/track'
2026-02-19T10:36:55.8856281Z Request method: 'POST'
2026-02-19T10:36:55.8856344Z Request headers:
2026-02-19T10:36:55.8856367Z     'Content-Type': 'application/json'
2026-02-19T10:36:55.8856388Z     'Content-Length': '3719'
2026-02-19T10:36:55.8856409Z     'Accept': 'application/json'
2026-02-19T10:36:55.8856431Z     'x-ms-client-request-id': 'e972d400-0d7e-11f1-99b0-eeaa766865b8'
2026-02-19T10:36:55.8856456Z     'User-Agent': 'azsdk-python-azuremonitorclient/unknown Python/3.11.14 (Linux-6.6.119.3-1.azl3-x86_64-with-glibc2.31)'
2026-02-19T10:36:55.8856477Z A body is sent with the request
2026-02-19T10:36:56.0553141Z 2026-02-19 10:36:56,055 - azure.core.pipeline.policies.http_logging_policy - INFO - Response status: 200
2026-02-19T10:36:56.0553532Z Response headers:
2026-02-19T10:36:56.0553563Z     'Transfer-Encoding': 'chunked'
2026-02-19T10:36:56.0553661Z     'Content-Type': 'application/json; charset=utf-8'
2026-02-19T10:36:56.0553686Z     'Server': 'Microsoft-HTTPAPI/2.0'
2026-02-19T10:36:56.0553707Z     'Strict-Transport-Security': 'REDACTED'
2026-02-19T10:36:56.0553729Z     'X-Content-Type-Options': 'REDACTED'
2026-02-19T10:36:56.0553751Z     'Date': 'Thu, 19 Feb 2026 10:36:55 GMT'
2026-02-19T10:36:56.0559799Z 2026-02-19 10:36:56,055 - azure.monitor.opentelemetry.exporter.export._base - INFO - Transmission succeeded: Item received: 3. Items accepted: 3
2026-02-19T10:36:58.7612829Z 2026-02-19 10:36:58,761 - azure.core.pipeline.policies.http_logging_policy - INFO - Request URL: 'https://westus2-2.in.applicationinsights.azure.com//v2.1/track'
2026-02-19T10:36:58.7613224Z Request method: 'POST'
2026-02-19T10:36:58.7613248Z Request headers:
2026-02-19T10:36:58.7613274Z     'Content-Type': 'application/json'
2026-02-19T10:36:58.7613360Z     'Content-Length': '3720'
2026-02-19T10:36:58.7613381Z     'Accept': 'application/json'
2026-02-19T10:36:58.7613403Z     'x-ms-client-request-id': 'eb299de2-0d7e-11f1-9207-eeaa766865b8'
2026-02-19T10:36:58.7613426Z     'User-Agent': 'azsdk-python-azuremonitorclient/unknown Python/3.11.14 (Linux-6.6.119.3-1.azl3-x86_64-with-glibc2.31)'
2026-02-19T10:36:58.7613446Z A body is sent with the request
2026-02-19T10:36:58.8250254Z 2026-02-19 10:36:58,824 - azure.core.pipeline.policies.http_logging_policy - INFO - Response status: 200
2026-02-19T10:36:58.8250659Z Response headers:
2026-02-19T10:36:58.8250694Z     'Transfer-Encoding': 'chunked'
2026-02-19T10:36:58.8250715Z     'Content-Type': 'application/json; charset=utf-8'
2026-02-19T10:36:58.8250735Z     'Server': 'Microsoft-HTTPAPI/2.0'
2026-02-19T10:36:58.8250755Z     'Strict-Transport-Security': 'REDACTED'
2026-02-19T10:36:58.8250829Z     'X-Content-Type-Options': 'REDACTED'
2026-02-19T10:36:58.8250849Z     'Date': 'Thu, 19 Feb 2026 10:36:58 GMT'
2026-02-19T10:36:58.8274621Z 2026-02-19 10:36:58,825 - azure.monitor.opentelemetry.exporter.export._base - INFO - Transmission succeeded: Item received: 3. Items accepted: 3
2026-02-19T10:37:01.0582830Z 2026-02-19 10:37:01,057 - azure.core.pipeline.policies.http_logging_policy - INFO - Request URL: 'https://westus2-2.in.applicationinsights.azure.com//v2.1/track'
2026-02-19T10:37:01.0583251Z Request method: 'POST'
2026-02-19T10:37:01.0583282Z Request headers:
2026-02-19T10:37:01.0583307Z     'Content-Type': 'application/json'
2026-02-19T10:37:01.0583328Z     'Content-Length': '3720'
2026-02-19T10:37:01.0583354Z     'Accept': 'application/json'
2026-02-19T10:37:01.0583378Z     'x-ms-client-request-id': 'ec87fa9e-0d7e-11f1-99b0-eeaa766865b8'
2026-02-19T10:37:01.0583462Z     'User-Agent': 'azsdk-python-azuremonitorclient/unknown Python/3.11.14 (Linux-6.6.119.3-1.azl3-x86_64-with-glibc2.31)'
2026-02-19T10:37:01.0583486Z A body is sent with the request
2026-02-19T10:37:01.2974192Z 2026-02-19 10:37:01,297 - azure.core.pipeline.policies.http_logging_policy - INFO - Response status: 200
2026-02-19T10:37:01.2974531Z Response headers:
2026-02-19T10:37:01.2974557Z     'Transfer-Encoding': 'chunked'
2026-02-19T10:37:01.2974578Z     'Content-Type': 'application/json; charset=utf-8'
2026-02-19T10:37:01.2974599Z     'Server': 'Microsoft-HTTPAPI/2.0'
2026-02-19T10:37:01.2974620Z     'Strict-Transport-Security': 'REDACTED'
2026-02-19T10:37:01.2974639Z     'X-Content-Type-Options': 'REDACTED'
2026-02-19T10:37:01.2974659Z     'Date': 'Thu, 19 Feb 2026 10:37:00 GMT'
2026-02-19T10:37:01.2980005Z 2026-02-19 10:37:01,297 - azure.monitor.opentelemetry.exporter.export._base - INFO - Transmission succeeded: Item received: 3. Items accepted: 3
2026-02-19T10:37:03.8287735Z 2026-02-19 10:37:03,828 - azure.core.pipeline.policies.http_logging_policy - INFO - Request URL: 'https://westus2-2.in.applicationinsights.azure.com//v2.1/track'
2026-02-19T10:37:03.8288257Z Request method: 'POST'
2026-02-19T10:37:03.8288280Z Request headers:
2026-02-19T10:37:03.8288299Z     'Content-Type': 'application/json'
2026-02-19T10:37:03.8288321Z     'Content-Length': '3720'
2026-02-19T10:37:03.8288342Z     'Accept': 'application/json'
2026-02-19T10:37:03.8288367Z     'x-ms-client-request-id': 'ee2edade-0d7e-11f1-9207-eeaa766865b8'
2026-02-19T10:37:03.8288388Z     'User-Agent': 'azsdk-python-azuremonitorclient/unknown Python/3.11.14 (Linux-6.6.119.3-1.azl3-x86_64-with-glibc2.31)'
2026-02-19T10:37:03.8288404Z A body is sent with the request
2026-02-19T10:37:03.9315446Z 2026-02-19 10:37:03,931 - azure.core.pipeline.policies.http_logging_policy - INFO - Response status: 200
2026-02-19T10:37:03.9315850Z Response headers:
2026-02-19T10:37:03.9315879Z     'Transfer-Encoding': 'chunked'
2026-02-19T10:37:03.9315906Z     'Content-Type': 'application/json; charset=utf-8'
2026-02-19T10:37:03.9315924Z     'Server': 'Microsoft-HTTPAPI/2.0'
2026-02-19T10:37:03.9315946Z     'Strict-Transport-Security': 'REDACTED'
2026-02-19T10:37:03.9315966Z     'X-Content-Type-Options': 'REDACTED'
2026-02-19T10:37:03.9315985Z     'Date': 'Thu, 19 Feb 2026 10:37:03 GMT'
2026-02-19T10:37:03.9323573Z 2026-02-19 10:37:03,931 - azure.monitor.opentelemetry.exporter.export._base - INFO - Transmission succeeded: Item received: 3. Items accepted: 3
2026-02-19T10:37:06.2994868Z 2026-02-19 10:37:06,299 - azure.core.pipeline.policies.http_logging_policy - INFO - Request URL: 'https://westus2-2.in.applicationinsights.azure.com//v2.1/track'
2026-02-19T10:37:06.2995342Z Request method: 'POST'
2026-02-19T10:37:06.2995368Z Request headers:
2026-02-19T10:37:06.2995390Z     'Content-Type': 'application/json'
2026-02-19T10:37:06.2995413Z     'Content-Length': '3719'
2026-02-19T10:37:06.2995434Z     'Accept': 'application/json'
2026-02-19T10:37:06.2995455Z     'x-ms-client-request-id': 'efa7dae6-0d7e-11f1-99b0-eeaa766865b8'
2026-02-19T10:37:06.2995475Z     'User-Agent': 'azsdk-python-azuremonitorclient/unknown Python/3.11.14 (Linux-6.6.119.3-1.azl3-x86_64-with-glibc2.31)'
2026-02-19T10:37:06.2995493Z A body is sent with the request
2026-02-19T10:37:06.4131616Z 2026-02-19 10:37:06,412 - azure.core.pipeline.policies.http_logging_policy - INFO - Response status: 200
2026-02-19T10:37:06.4132187Z Response headers:
2026-02-19T10:37:06.4132286Z     'Transfer-Encoding': 'chunked'
2026-02-19T10:37:06.4132309Z     'Content-Type': 'application/json; charset=utf-8'
2026-02-19T10:37:06.4132331Z     'Server': 'Microsoft-HTTPAPI/2.0'
2026-02-19T10:37:06.4132355Z     'Strict-Transport-Security': 'REDACTED'
2026-02-19T10:37:06.4132381Z     'X-Content-Type-Options': 'REDACTED'
2026-02-19T10:37:06.4132405Z     'Date': 'Thu, 19 Feb 2026 10:37:05 GMT'
2026-02-19T10:37:06.4139392Z 2026-02-19 10:37:06,413 - azure.monitor.opentelemetry.exporter.export._base - INFO - Transmission succeeded: Item received: 3. Items accepted: 3
2026-02-19T10:37:08.9340253Z 2026-02-19 10:37:08,933 - azure.core.pipeline.policies.http_logging_policy - INFO - Request URL: 'https://westus2-2.in.applicationinsights.azure.com//v2.1/track'
2026-02-19T10:37:08.9340712Z Request method: 'POST'
2026-02-19T10:37:08.9340738Z Request headers:
2026-02-19T10:37:08.9340828Z     'Content-Type': 'application/json'
2026-02-19T10:37:08.9340845Z     'Content-Length': '3720'
2026-02-19T10:37:08.9340862Z     'Accept': 'application/json'
2026-02-19T10:37:08.9340882Z     'x-ms-client-request-id': 'f139d5b2-0d7e-11f1-9207-eeaa766865b8'
2026-02-19T10:37:08.9340904Z     'User-Agent': 'azsdk-python-azuremonitorclient/unknown Python/3.11.14 (Linux-6.6.119.3-1.azl3-x86_64-with-glibc2.31)'
2026-02-19T10:37:08.9340922Z A body is sent with the request
2026-02-19T10:37:09.0154247Z 2026-02-19 10:37:09,010 - azure.core.pipeline.policies.http_logging_policy - INFO - Response status: 200
2026-02-19T10:37:09.0154780Z Response headers:
2026-02-19T10:37:09.0154808Z     'Transfer-Encoding': 'chunked'
2026-02-19T10:37:09.0154827Z     'Content-Type': 'application/json; charset=utf-8'
2026-02-19T10:37:09.0154885Z     'Server': 'Microsoft-HTTPAPI/2.0'
2026-02-19T10:37:09.0154904Z     'Strict-Transport-Security': 'REDACTED'
2026-02-19T10:37:09.0154922Z     'X-Content-Type-Options': 'REDACTED'
2026-02-19T10:37:09.0154939Z     'Date': 'Thu, 19 Feb 2026 10:37:08 GMT'
2026-02-19T10:37:09.0163502Z 2026-02-19 10:37:09,016 - azure.monitor.opentelemetry.exporter.export._base - INFO - Transmission succeeded: Item received: 3. Items accepted: 3
2026-02-19T10:37:11.4412867Z 2026-02-19 10:37:11,438 - azure.core.pipeline.policies.http_logging_policy - INFO - Request URL: 'https://westus2-2.in.applicationinsights.azure.com//v2.1/track'
2026-02-19T10:37:11.4413452Z Request method: 'POST'
2026-02-19T10:37:11.4413483Z Request headers:
2026-02-19T10:37:11.4413506Z     'Content-Type': 'application/json'
2026-02-19T10:37:11.4413526Z     'Content-Length': '3720'
2026-02-19T10:37:11.4413606Z     'Accept': 'application/json'
2026-02-19T10:37:11.4413630Z     'x-ms-client-request-id': 'f2b80a44-0d7e-11f1-99b0-eeaa766865b8'
2026-02-19T10:37:11.4413653Z     'User-Agent': 'azsdk-python-azuremonitorclient/unknown Python/3.11.14 (Linux-6.6.119.3-1.azl3-x86_64-with-glibc2.31)'
2026-02-19T10:37:11.4413672Z A body is sent with the request
2026-02-19T10:37:11.5441611Z 2026-02-19 10:37:11,543 - azure.core.pipeline.policies.http_logging_policy - INFO - Response status: 200
2026-02-19T10:37:11.5442314Z Response headers:
2026-02-19T10:37:11.5442351Z     'Transfer-Encoding': 'chunked'
2026-02-19T10:37:11.5442372Z     'Content-Type': 'application/json; charset=utf-8'
2026-02-19T10:37:11.5442396Z     'Server': 'Microsoft-HTTPAPI/2.0'
2026-02-19T10:37:11.5442421Z     'Strict-Transport-Security': 'REDACTED'
2026-02-19T10:37:11.5442444Z     'X-Content-Type-Options': 'REDACTED'
2026-02-19T10:37:11.5442532Z     'Date': 'Thu, 19 Feb 2026 10:37:11 GMT'
2026-02-19T10:37:11.5488943Z 2026-02-19 10:37:11,548 - azure.monitor.opentelemetry.exporter.export._base - INFO - Transmission succeeded: Item received: 3. Items accepted: 3
2026-02-19T10:37:14.0199729Z 2026-02-19 10:37:14,019 - azure.core.pipeline.policies.http_logging_policy - INFO - Request URL: 'https://westus2-2.in.applicationinsights.azure.com//v2.1/track'
2026-02-19T10:37:14.0200141Z Request method: 'POST'
2026-02-19T10:37:14.0200171Z Request headers:
2026-02-19T10:37:14.0200192Z     'Content-Type': 'application/json'
2026-02-19T10:37:14.0200219Z     'Content-Length': '3719'
2026-02-19T10:37:14.0200245Z     'Accept': 'application/json'
2026-02-19T10:37:14.0200269Z     'x-ms-client-request-id': 'f441e362-0d7e-11f1-9207-eeaa766865b8'
2026-02-19T10:37:14.0200376Z     'User-Agent': 'azsdk-python-azuremonitorclient/unknown Python/3.11.14 (Linux-6.6.119.3-1.azl3-x86_64-with-glibc2.31)'
2026-02-19T10:37:14.0200398Z A body is sent with the request
2026-02-19T10:37:14.3941416Z 2026-02-19 10:37:14,393 - azure.core.pipeline.policies.http_logging_policy - INFO - Response status: 200
2026-02-19T10:37:14.3941823Z Response headers:
2026-02-19T10:37:14.3941852Z     'Transfer-Encoding': 'chunked'
2026-02-19T10:37:14.3941875Z     'Content-Type': 'application/json; charset=utf-8'
2026-02-19T10:37:14.3941899Z     'Server': 'Microsoft-HTTPAPI/2.0'
2026-02-19T10:37:14.3941919Z     'Strict-Transport-Security': 'REDACTED'
2026-02-19T10:37:14.3941938Z     'X-Content-Type-Options': 'REDACTED'
2026-02-19T10:37:14.3941959Z     'Date': 'Thu, 19 Feb 2026 10:37:13 GMT'
2026-02-19T10:37:14.3946487Z 2026-02-19 10:37:14,394 - azure.monitor.opentelemetry.exporter.export._base - INFO - Transmission succeeded: Item received: 3. Items accepted: 3
2026-02-19T10:37:16.5568163Z 2026-02-19 10:37:16,555 - azure.core.pipeline.policies.http_logging_policy - INFO - Request URL: 'https://westus2-2.in.applicationinsights.azure.com//v2.1/track'
2026-02-19T10:37:16.5568560Z Request method: 'POST'
2026-02-19T10:37:16.5568587Z Request headers:
2026-02-19T10:37:16.5568608Z     'Content-Type': 'application/json'
2026-02-19T10:37:16.5568634Z     'Content-Length': '3719'
2026-02-19T10:37:16.5568655Z     'Accept': 'application/json'
2026-02-19T10:37:16.5568674Z     'x-ms-client-request-id': 'f5c4c59c-0d7e-11f1-99b0-eeaa766865b8'
2026-02-19T10:37:16.5568696Z     'User-Agent': 'azsdk-python-azuremonitorclient/unknown Python/3.11.14 (Linux-6.6.119.3-1.azl3-x86_64-with-glibc2.31)'
2026-02-19T10:37:16.5568717Z A body is sent with the request
2026-02-19T10:37:16.6262616Z 2026-02-19 10:37:16,624 - azure.core.pipeline.policies.http_logging_policy - INFO - Response status: 200
2026-02-19T10:37:16.6262984Z Response headers:
2026-02-19T10:37:16.6263008Z     'Transfer-Encoding': 'chunked'
2026-02-19T10:37:16.6263029Z     'Content-Type': 'application/json; charset=utf-8'
2026-02-19T10:37:16.6263050Z     'Server': 'Microsoft-HTTPAPI/2.0'
2026-02-19T10:37:16.6263069Z     'Strict-Transport-Security': 'REDACTED'
2026-02-19T10:37:16.6263087Z     'X-Content-Type-Options': 'REDACTED'
2026-02-19T10:37:16.6263106Z     'Date': 'Thu, 19 Feb 2026 10:37:16 GMT'
2026-02-19T10:37:16.6263130Z 2026-02-19 10:37:16,625 - azure.monitor.opentelemetry.exporter.export._base - INFO - Transmission succeeded: Item received: 3. Items accepted: 3
2026-02-19T10:37:19.3963467Z 2026-02-19 10:37:19,396 - azure.core.pipeline.policies.http_logging_policy - INFO - Request URL: 'https://westus2-2.in.applicationinsights.azure.com//v2.1/track'
2026-02-19T10:37:19.3963982Z Request method: 'POST'
2026-02-19T10:37:19.3964063Z Request headers:
2026-02-19T10:37:19.3964083Z     'Content-Type': 'application/json'
2026-02-19T10:37:19.3964104Z     'Content-Length': '3720'
2026-02-19T10:37:19.3964124Z     'Accept': 'application/json'
2026-02-19T10:37:19.3964147Z     'x-ms-client-request-id': 'f7764708-0d7e-11f1-9207-eeaa766865b8'
2026-02-19T10:37:19.3964172Z     'User-Agent': 'azsdk-python-azuremonitorclient/unknown Python/3.11.14 (Linux-6.6.119.3-1.azl3-x86_64-with-glibc2.31)'
2026-02-19T10:37:19.3964193Z A body is sent with the request
2026-02-19T10:37:19.4391216Z 2026-02-19 10:37:19,438 - azure.core.pipeline.policies.http_logging_policy - INFO - Response status: 200
2026-02-19T10:37:19.4391635Z Response headers:
2026-02-19T10:37:19.4391663Z     'Transfer-Encoding': 'chunked'
2026-02-19T10:37:19.4391684Z     'Content-Type': 'application/json; charset=utf-8'
2026-02-19T10:37:19.4391710Z     'Server': 'Microsoft-HTTPAPI/2.0'
2026-02-19T10:37:19.4391733Z     'Strict-Transport-Security': 'REDACTED'
2026-02-19T10:37:19.4391756Z     'X-Content-Type-Options': 'REDACTED'
2026-02-19T10:37:19.4391778Z     'Date': 'Thu, 19 Feb 2026 10:37:18 GMT'
2026-02-19T10:37:19.4400291Z 2026-02-19 10:37:19,439 - azure.monitor.opentelemetry.exporter.export._base - INFO - Transmission succeeded: Item received: 3. Items accepted: 3
2026-02-19T10:37:21.6312697Z 2026-02-19 10:37:21,629 - azure.core.pipeline.policies.http_logging_policy - INFO - Request URL: 'https://westus2-2.in.applicationinsights.azure.com//v2.1/track'
2026-02-19T10:37:21.6313395Z Request method: 'POST'
2026-02-19T10:37:21.6313426Z Request headers:
2026-02-19T10:37:21.6313449Z     'Content-Type': 'application/json'
2026-02-19T10:37:21.6313468Z     'Content-Length': '3720'
2026-02-19T10:37:21.6313489Z     'Accept': 'application/json'
2026-02-19T10:37:21.6313517Z     'x-ms-client-request-id': 'f8cb144e-0d7e-11f1-99b0-eeaa766865b8'
2026-02-19T10:37:21.6313545Z     'User-Agent': 'azsdk-python-azuremonitorclient/unknown Python/3.11.14 (Linux-6.6.119.3-1.azl3-x86_64-with-glibc2.31)'
2026-02-19T10:37:21.6313566Z A body is sent with the request
2026-02-19T10:37:21.7297357Z 2026-02-19 10:37:21,728 - azure.core.pipeline.policies.http_logging_policy - INFO - Response status: 200
2026-02-19T10:37:21.7297585Z Response headers:
2026-02-19T10:37:21.7297611Z     'Transfer-Encoding': 'chunked'
2026-02-19T10:37:21.7297661Z     'Content-Type': 'application/json; charset=utf-8'
2026-02-19T10:37:21.7297681Z     'Server': 'Microsoft-HTTPAPI/2.0'
2026-02-19T10:37:21.7297699Z     'Strict-Transport-Security': 'REDACTED'
2026-02-19T10:37:21.7297720Z     'X-Content-Type-Options': 'REDACTED'
2026-02-19T10:37:21.7297740Z     'Date': 'Thu, 19 Feb 2026 10:37:21 GMT'
2026-02-19T10:37:21.7297766Z 2026-02-19 10:37:21,729 - azure.monitor.opentelemetry.exporter.export._base - INFO - Transmission succeeded: Item received: 3. Items accepted: 3
2026-02-19T10:37:24.4505976Z 2026-02-19 10:37:24,444 - azure.core.pipeline.policies.http_logging_policy - INFO - Request URL: 'https://westus2-2.in.applicationinsights.azure.com//v2.1/track'
2026-02-19T10:37:24.4506459Z Request method: 'POST'
2026-02-19T10:37:24.4506488Z Request headers:
2026-02-19T10:37:24.4506509Z     'Content-Type': 'application/json'
2026-02-19T10:37:24.4506587Z     'Content-Length': '3720'
2026-02-19T10:37:24.4506606Z     'Accept': 'application/json'
2026-02-19T10:37:24.4506623Z     'x-ms-client-request-id': 'fa7893c0-0d7e-11f1-9207-eeaa766865b8'
2026-02-19T10:37:24.4506647Z     'User-Agent': 'azsdk-python-azuremonitorclient/unknown Python/3.11.14 (Linux-6.6.119.3-1.azl3-x86_64-with-glibc2.31)'
2026-02-19T10:37:24.4506667Z A body is sent with the request
2026-02-19T10:37:24.5704478Z 2026-02-19 10:37:24,570 - azure.core.pipeline.policies.http_logging_policy - INFO - Response status: 200
2026-02-19T10:37:24.5704870Z Response headers:
2026-02-19T10:37:24.5704902Z     'Transfer-Encoding': 'chunked'
2026-02-19T10:37:24.5704926Z     'Content-Type': 'application/json; charset=utf-8'
2026-02-19T10:37:24.5704954Z     'Server': 'Microsoft-HTTPAPI/2.0'
2026-02-19T10:37:24.5704976Z     'Strict-Transport-Security': 'REDACTED'
2026-02-19T10:37:24.5705062Z     'X-Content-Type-Options': 'REDACTED'
2026-02-19T10:37:24.5705082Z     'Date': 'Thu, 19 Feb 2026 10:37:24 GMT'
2026-02-19T10:37:24.5737724Z 2026-02-19 10:37:24,571 - azure.monitor.opentelemetry.exporter.export._base - INFO - Transmission succeeded: Item received: 3. Items accepted: 3
2026-02-19T10:37:26.7391203Z 2026-02-19 10:37:26,735 - azure.core.pipeline.policies.http_logging_policy - INFO - Request URL: 'https://westus2-2.in.applicationinsights.azure.com//v2.1/track'
2026-02-19T10:37:26.7391444Z Request method: 'POST'
2026-02-19T10:37:26.7391476Z Request headers:
2026-02-19T10:37:26.7391497Z     'Content-Type': 'application/json'
2026-02-19T10:37:26.7391518Z     'Content-Length': '3720'
2026-02-19T10:37:26.7391537Z     'Accept': 'application/json'
2026-02-19T10:37:26.7391556Z     'x-ms-client-request-id': 'fbd62700-0d7e-11f1-99b0-eeaa766865b8'
2026-02-19T10:37:26.7391640Z     'User-Agent': 'azsdk-python-azuremonitorclient/unknown Python/3.11.14 (Linux-6.6.119.3-1.azl3-x86_64-with-glibc2.31)'
2026-02-19T10:37:26.7391659Z A body is sent with the request
2026-02-19T10:37:26.8210372Z 2026-02-19 10:37:26,820 - azure.core.pipeline.policies.http_logging_policy - INFO - Response status: 200
2026-02-19T10:37:26.8210745Z Response headers:
2026-02-19T10:37:26.8210777Z     'Transfer-Encoding': 'chunked'
2026-02-19T10:37:26.8210798Z     'Content-Type': 'application/json; charset=utf-8'
2026-02-19T10:37:26.8210821Z     'Server': 'Microsoft-HTTPAPI/2.0'
2026-02-19T10:37:26.8210843Z     'Strict-Transport-Security': 'REDACTED'
2026-02-19T10:37:26.8210862Z     'X-Content-Type-Options': 'REDACTED'
2026-02-19T10:37:26.8210882Z     'Date': 'Thu, 19 Feb 2026 10:37:26 GMT'
2026-02-19T10:37:26.8219376Z 2026-02-19 10:37:26,821 - azure.monitor.opentelemetry.exporter.export._base - INFO - Transmission succeeded: Item received: 3. Items accepted: 3
2026-02-19T10:37:29.5754941Z 2026-02-19 10:37:29,575 - azure.core.pipeline.policies.http_logging_policy - INFO - Request URL: 'https://westus2-2.in.applicationinsights.azure.com//v2.1/track'
2026-02-19T10:37:29.5755340Z Request method: 'POST'
2026-02-19T10:37:29.5755370Z Request headers:
2026-02-19T10:37:29.5755392Z     'Content-Type': 'application/json'
2026-02-19T10:37:29.5755413Z     'Content-Length': '3720'
2026-02-19T10:37:29.5755439Z     'Accept': 'application/json'
2026-02-19T10:37:29.5755462Z     'x-ms-client-request-id': 'fd877cc0-0d7e-11f1-9207-eeaa766865b8'
2026-02-19T10:37:29.5755486Z     'User-Agent': 'azsdk-python-azuremonitorclient/unknown Python/3.11.14 (Linux-6.6.119.3-1.azl3-x86_64-with-glibc2.31)'
2026-02-19T10:37:29.5755508Z A body is sent with the request
2026-02-19T10:37:29.6124618Z 2026-02-19 10:37:29,612 - azure.core.pipeline.policies.http_logging_policy - INFO - Response status: 200
2026-02-19T10:37:29.6125040Z Response headers:
2026-02-19T10:37:29.6125066Z     'Transfer-Encoding': 'chunked'
2026-02-19T10:37:29.6125089Z     'Content-Type': 'application/json; charset=utf-8'
2026-02-19T10:37:29.6125109Z     'Server': 'Microsoft-HTTPAPI/2.0'
2026-02-19T10:37:29.6125125Z     'Strict-Transport-Security': 'REDACTED'
2026-02-19T10:37:29.6125144Z     'X-Content-Type-Options': 'REDACTED'
2026-02-19T10:37:29.6125160Z     'Date': 'Thu, 19 Feb 2026 10:37:29 GMT'
2026-02-19T10:37:29.6130476Z 2026-02-19 10:37:29,612 - azure.monitor.opentelemetry.exporter.export._base - INFO - Transmission succeeded: Item received: 3. Items accepted: 3
2026-02-19T10:37:31.8233987Z 2026-02-19 10:37:31,823 - azure.core.pipeline.policies.http_logging_policy - INFO - Request URL: 'https://westus2-2.in.applicationinsights.azure.com//v2.1/track'
2026-02-19T10:37:31.8234387Z Request method: 'POST'
2026-02-19T10:37:31.8234411Z Request headers:
2026-02-19T10:37:31.8236286Z     'Content-Type': 'application/json'
2026-02-19T10:37:31.8236398Z     'Content-Length': '3720'
2026-02-19T10:37:31.8236417Z     'Accept': 'application/json'
2026-02-19T10:37:31.8236442Z     'x-ms-client-request-id': 'fede7b64-0d7e-11f1-99b0-eeaa766865b8'
2026-02-19T10:37:31.8236466Z     'User-Agent': 'azsdk-python-azuremonitorclient/unknown Python/3.11.14 (Linux-6.6.119.3-1.azl3-x86_64-with-glibc2.31)'
2026-02-19T10:37:31.8236486Z A body is sent with the request
2026-02-19T10:37:31.9329372Z 2026-02-19 10:37:31,932 - azure.core.pipeline.policies.http_logging_policy - INFO - Response status: 200
2026-02-19T10:37:31.9329760Z Response headers:
2026-02-19T10:37:31.9329855Z     'Transfer-Encoding': 'chunked'
2026-02-19T10:37:31.9329876Z     'Content-Type': 'application/json; charset=utf-8'
2026-02-19T10:37:31.9329896Z     'Server': 'Microsoft-HTTPAPI/2.0'
2026-02-19T10:37:31.9329916Z     'Strict-Transport-Security': 'REDACTED'
2026-02-19T10:37:31.9329934Z     'X-Content-Type-Options': 'REDACTED'
2026-02-19T10:37:31.9329954Z     'Date': 'Thu, 19 Feb 2026 10:37:31 GMT'
2026-02-19T10:37:31.9334976Z 2026-02-19 10:37:31,933 - azure.monitor.opentelemetry.exporter.export._base - INFO - Transmission succeeded: Item received: 3. Items accepted: 3
2026-02-19T10:37:34.6159203Z 2026-02-19 10:37:34,615 - azure.core.pipeline.policies.http_logging_policy - INFO - Request URL: 'https://westus2-2.in.applicationinsights.azure.com//v2.1/track'
2026-02-19T10:37:34.6159548Z Request method: 'POST'
2026-02-19T10:37:34.6159576Z Request headers:
2026-02-19T10:37:34.6159660Z     'Content-Type': 'application/json'
2026-02-19T10:37:34.6159679Z     'Content-Length': '3719'
2026-02-19T10:37:34.6159696Z     'Accept': 'application/json'
2026-02-19T10:37:34.6159716Z     'x-ms-client-request-id': '00889756-0d7f-11f1-9207-eeaa766865b8'
2026-02-19T10:37:34.6159742Z     'User-Agent': 'azsdk-python-azuremonitorclient/unknown Python/3.11.14 (Linux-6.6.119.3-1.azl3-x86_64-with-glibc2.31)'
2026-02-19T10:37:34.6159762Z A body is sent with the request
2026-02-19T10:37:34.6980577Z 2026-02-19 10:37:34,697 - azure.core.pipeline.policies.http_logging_policy - INFO - Response status: 200
2026-02-19T10:37:34.6980909Z Response headers:
2026-02-19T10:37:34.6980938Z     'Transfer-Encoding': 'chunked'
2026-02-19T10:37:34.6980962Z     'Content-Type': 'application/json; charset=utf-8'
2026-02-19T10:37:34.6981054Z     'Server': 'Microsoft-HTTPAPI/2.0'
2026-02-19T10:37:34.6981076Z     'Strict-Transport-Security': 'REDACTED'
2026-02-19T10:37:34.6981096Z     'X-Content-Type-Options': 'REDACTED'
2026-02-19T10:37:34.6981115Z     'Date': 'Thu, 19 Feb 2026 10:37:34 GMT'
2026-02-19T10:37:34.6984417Z 2026-02-19 10:37:34,698 - azure.monitor.opentelemetry.exporter.export._base - INFO - Transmission succeeded: Item received: 3. Items accepted: 3
2026-02-19T10:37:36.9355368Z 2026-02-19 10:37:36,935 - azure.core.pipeline.policies.http_logging_policy - INFO - Request URL: 'https://westus2-2.in.applicationinsights.azure.com//v2.1/track'
2026-02-19T10:37:36.9355778Z Request method: 'POST'
2026-02-19T10:37:36.9355812Z Request headers:
2026-02-19T10:37:36.9355830Z     'Content-Type': 'application/json'
2026-02-19T10:37:36.9355849Z     'Content-Length': '3718'
2026-02-19T10:37:36.9355919Z     'Accept': 'application/json'
2026-02-19T10:37:36.9355942Z     'x-ms-client-request-id': '01ea85be-0d7f-11f1-99b0-eeaa766865b8'
2026-02-19T10:37:36.9355967Z     'User-Agent': 'azsdk-python-azuremonitorclient/unknown Python/3.11.14 (Linux-6.6.119.3-1.azl3-x86_64-with-glibc2.31)'
2026-02-19T10:37:36.9355988Z A body is sent with the request
2026-02-19T10:37:36.9986650Z 2026-02-19 10:37:36,998 - azure.core.pipeline.policies.http_logging_policy - INFO - Response status: 200
2026-02-19T10:37:36.9987026Z Response headers:
2026-02-19T10:37:36.9987053Z     'Transfer-Encoding': 'chunked'
2026-02-19T10:37:36.9987074Z     'Content-Type': 'application/json; charset=utf-8'
2026-02-19T10:37:36.9987095Z     'Server': 'Microsoft-HTTPAPI/2.0'
2026-02-19T10:37:36.9987117Z     'Strict-Transport-Security': 'REDACTED'
2026-02-19T10:37:36.9987136Z     'X-Content-Type-Options': 'REDACTED'
2026-02-19T10:37:36.9987211Z     'Date': 'Thu, 19 Feb 2026 10:37:36 GMT'
2026-02-19T10:37:36.9992921Z 2026-02-19 10:37:36,998 - azure.monitor.opentelemetry.exporter.export._base - INFO - Transmission succeeded: Item received: 3. Items accepted: 3
2026-02-19T10:37:39.7005679Z 2026-02-19 10:37:39,700 - azure.core.pipeline.policies.http_logging_policy - INFO - Request URL: 'https://westus2-2.in.applicationinsights.azure.com//v2.1/track'
2026-02-19T10:37:39.7006105Z Request method: 'POST'
2026-02-19T10:37:39.7006132Z Request headers:
2026-02-19T10:37:39.7006157Z     'Content-Type': 'application/json'
2026-02-19T10:37:39.7006175Z     'Content-Length': '3720'
2026-02-19T10:37:39.7006197Z     'Accept': 'application/json'
2026-02-19T10:37:39.7006218Z     'x-ms-client-request-id': '039073e2-0d7f-11f1-9207-eeaa766865b8'
2026-02-19T10:37:39.7006265Z     'User-Agent': 'azsdk-python-azuremonitorclient/unknown Python/3.11.14 (Linux-6.6.119.3-1.azl3-x86_64-with-glibc2.31)'
2026-02-19T10:37:39.7006284Z A body is sent with the request
2026-02-19T10:37:39.7807955Z 2026-02-19 10:37:39,780 - azure.core.pipeline.policies.http_logging_policy - INFO - Response status: 200
2026-02-19T10:37:39.7808704Z Response headers:
2026-02-19T10:37:39.7808741Z     'Transfer-Encoding': 'chunked'
2026-02-19T10:37:39.7808767Z     'Content-Type': 'application/json; charset=utf-8'
2026-02-19T10:37:39.7808788Z     'Server': 'Microsoft-HTTPAPI/2.0'
2026-02-19T10:37:39.7808807Z     'Strict-Transport-Security': 'REDACTED'
2026-02-19T10:37:39.7808826Z     'X-Content-Type-Options': 'REDACTED'
2026-02-19T10:37:39.7808845Z     'Date': 'Thu, 19 Feb 2026 10:37:39 GMT'
2026-02-19T10:37:39.7812802Z 2026-02-19 10:37:39,781 - azure.monitor.opentelemetry.exporter.export._base - INFO - Transmission succeeded: Item received: 3. Items accepted: 3
2026-02-19T10:37:42.0007796Z 2026-02-19 10:37:42,000 - azure.core.pipeline.policies.http_logging_policy - INFO - Request URL: 'https://westus2-2.in.applicationinsights.azure.com//v2.1/track'
2026-02-19T10:37:42.0008404Z Request method: 'POST'
2026-02-19T10:37:42.0008438Z Request headers:
2026-02-19T10:37:42.0008463Z     'Content-Type': 'application/json'
2026-02-19T10:37:42.0008490Z     'Content-Length': '3720'
2026-02-19T10:37:42.0008510Z     'Accept': 'application/json'
2026-02-19T10:37:42.0008531Z     'x-ms-client-request-id': '04ef6fcc-0d7f-11f1-99b0-eeaa766865b8'
2026-02-19T10:37:42.0008555Z     'User-Agent': 'azsdk-python-azuremonitorclient/unknown Python/3.11.14 (Linux-6.6.119.3-1.azl3-x86_64-with-glibc2.31)'
2026-02-19T10:37:42.0008576Z A body is sent with the request
2026-02-19T10:37:42.1329779Z 2026-02-19 10:37:42,132 - azure.core.pipeline.policies.http_logging_policy - INFO - Response status: 200
2026-02-19T10:37:42.1330378Z Response headers:
2026-02-19T10:37:42.1330407Z     'Transfer-Encoding': 'chunked'
2026-02-19T10:37:42.1330429Z     'Content-Type': 'application/json; charset=utf-8'
2026-02-19T10:37:42.1330449Z     'Server': 'Microsoft-HTTPAPI/2.0'
2026-02-19T10:37:42.1330470Z     'Strict-Transport-Security': 'REDACTED'
2026-02-19T10:37:42.1330492Z     'X-Content-Type-Options': 'REDACTED'
2026-02-19T10:37:42.1330513Z     'Date': 'Thu, 19 Feb 2026 10:37:41 GMT'
2026-02-19T10:37:42.1335336Z 2026-02-19 10:37:42,133 - azure.monitor.opentelemetry.exporter.export._base - INFO - Transmission succeeded: Item received: 3. Items accepted: 3
2026-02-19T10:37:44.7829373Z 2026-02-19 10:37:44,782 - azure.core.pipeline.policies.http_logging_policy - INFO - Request URL: 'https://westus2-2.in.applicationinsights.azure.com//v2.1/track'
2026-02-19T10:37:44.7829839Z Request method: 'POST'
2026-02-19T10:37:44.7829866Z Request headers:
2026-02-19T10:37:44.7829888Z     'Content-Type': 'application/json'
2026-02-19T10:37:44.7829911Z     'Content-Length': '3720'
2026-02-19T10:37:44.7829931Z     'Accept': 'application/json'
2026-02-19T10:37:44.7829954Z     'x-ms-client-request-id': '0697f574-0d7f-11f1-9207-eeaa766865b8'
2026-02-19T10:37:44.7829981Z     'User-Agent': 'azsdk-python-azuremonitorclient/unknown Python/3.11.14 (Linux-6.6.119.3-1.azl3-x86_64-with-glibc2.31)'
2026-02-19T10:37:44.7830004Z A body is sent with the request
2026-02-19T10:37:44.9086240Z 2026-02-19 10:37:44,908 - azure.core.pipeline.policies.http_logging_policy - INFO - Response status: 200
2026-02-19T10:37:44.9086625Z Response headers:
2026-02-19T10:37:44.9086655Z     'Transfer-Encoding': 'chunked'
2026-02-19T10:37:44.9086744Z     'Content-Type': 'application/json; charset=utf-8'
2026-02-19T10:37:44.9086762Z     'Server': 'Microsoft-HTTPAPI/2.0'
2026-02-19T10:37:44.9086785Z     'Strict-Transport-Security': 'REDACTED'
2026-02-19T10:37:44.9086805Z     'X-Content-Type-Options': 'REDACTED'
2026-02-19T10:37:44.9086824Z     'Date': 'Thu, 19 Feb 2026 10:37:44 GMT'
2026-02-19T10:37:44.9092622Z 2026-02-19 10:37:44,908 - azure.monitor.opentelemetry.exporter.export._base - INFO - Transmission succeeded: Item received: 3. Items accepted: 3
2026-02-19T10:37:47.1354204Z 2026-02-19 10:37:47,135 - azure.core.pipeline.policies.http_logging_policy - INFO - Request URL: 'https://westus2-2.in.applicationinsights.azure.com//v2.1/track'
2026-02-19T10:37:47.1354830Z Request method: 'POST'
2026-02-19T10:37:47.1354866Z Request headers:
2026-02-19T10:37:47.1354900Z     'Content-Type': 'application/json'
2026-02-19T10:37:47.1355002Z     'Content-Length': '3720'
2026-02-19T10:37:47.1355024Z     'Accept': 'application/json'
2026-02-19T10:37:47.1355049Z     'x-ms-client-request-id': '07feeb20-0d7f-11f1-99b0-eeaa766865b8'
2026-02-19T10:37:47.1355078Z     'User-Agent': 'azsdk-python-azuremonitorclient/unknown Python/3.11.14 (Linux-6.6.119.3-1.azl3-x86_64-with-glibc2.31)'
2026-02-19T10:37:47.1355103Z A body is sent with the request
2026-02-19T10:37:47.2292022Z 2026-02-19 10:37:47,228 - azure.core.pipeline.policies.http_logging_policy - INFO - Response status: 200
2026-02-19T10:37:47.2293655Z Response headers:
2026-02-19T10:37:47.2293693Z     'Transfer-Encoding': 'chunked'
2026-02-19T10:37:47.2293714Z     'Content-Type': 'application/json; charset=utf-8'
2026-02-19T10:37:47.2293737Z     'Server': 'Microsoft-HTTPAPI/2.0'
2026-02-19T10:37:47.2293829Z     'Strict-Transport-Security': 'REDACTED'
2026-02-19T10:37:47.2293847Z     'X-Content-Type-Options': 'REDACTED'
2026-02-19T10:37:47.2293864Z     'Date': 'Thu, 19 Feb 2026 10:37:47 GMT'
2026-02-19T10:37:47.2304487Z 2026-02-19 10:37:47,229 - azure.monitor.opentelemetry.exporter.export._base - INFO - Transmission succeeded: Item received: 3. Items accepted: 3
2026-02-19T10:37:49.9105807Z 2026-02-19 10:37:49,910 - azure.core.pipeline.policies.http_logging_policy - INFO - Request URL: 'https://westus2-2.in.applicationinsights.azure.com//v2.1/track'
2026-02-19T10:37:49.9106177Z Request method: 'POST'
2026-02-19T10:37:49.9106208Z Request headers:
2026-02-19T10:37:49.9106232Z     'Content-Type': 'application/json'
2026-02-19T10:37:49.9106255Z     'Content-Length': '3720'
2026-02-19T10:37:49.9106279Z     'Accept': 'application/json'
2026-02-19T10:37:49.9106356Z     'x-ms-client-request-id': '09a660de-0d7f-11f1-9207-eeaa766865b8'
2026-02-19T10:37:49.9106381Z     'User-Agent': 'azsdk-python-azuremonitorclient/unknown Python/3.11.14 (Linux-6.6.119.3-1.azl3-x86_64-with-glibc2.31)'
2026-02-19T10:37:49.9106400Z A body is sent with the request
2026-02-19T10:37:49.9561380Z 2026-02-19 10:37:49,955 - azure.core.pipeline.policies.http_logging_policy - INFO - Response status: 200
2026-02-19T10:37:49.9561772Z Response headers:
2026-02-19T10:37:49.9561803Z     'Transfer-Encoding': 'chunked'
2026-02-19T10:37:49.9561833Z     'Content-Type': 'application/json; charset=utf-8'
2026-02-19T10:37:49.9561852Z     'Server': 'Microsoft-HTTPAPI/2.0'
2026-02-19T10:37:49.9561869Z     'Strict-Transport-Security': 'REDACTED'
2026-02-19T10:37:49.9562822Z     'X-Content-Type-Options': 'REDACTED'
2026-02-19T10:37:49.9562981Z     'Date': 'Thu, 19 Feb 2026 10:37:49 GMT'
2026-02-19T10:37:49.9573250Z 2026-02-19 10:37:49,956 - azure.monitor.opentelemetry.exporter.export._base - INFO - Transmission succeeded: Item received: 3. Items accepted: 3
2026-02-19T10:37:52.2321549Z 2026-02-19 10:37:52,231 - azure.core.pipeline.policies.http_logging_policy - INFO - Request URL: 'https://westus2-2.in.applicationinsights.azure.com//v2.1/track'
2026-02-19T10:37:52.2321948Z Request method: 'POST'
2026-02-19T10:37:52.2321981Z Request headers:
2026-02-19T10:37:52.2322005Z     'Content-Type': 'application/json'
2026-02-19T10:37:52.2322027Z     'Content-Length': '3718'
2026-02-19T10:37:52.2322046Z     'Accept': 'application/json'
2026-02-19T10:37:52.2322066Z     'x-ms-client-request-id': '0b089eb0-0d7f-11f1-99b0-eeaa766865b8'
2026-02-19T10:37:52.2322089Z     'User-Agent': 'azsdk-python-azuremonitorclient/unknown Python/3.11.14 (Linux-6.6.119.3-1.azl3-x86_64-with-glibc2.31)'
2026-02-19T10:37:52.2322166Z A body is sent with the request
2026-02-19T10:37:52.3062589Z 2026-02-19 10:37:52,306 - azure.core.pipeline.policies.http_logging_policy - INFO - Response status: 200
2026-02-19T10:37:52.3062969Z Response headers:
2026-02-19T10:37:52.3063004Z     'Transfer-Encoding': 'chunked'
2026-02-19T10:37:52.3063025Z     'Content-Type': 'application/json; charset=utf-8'
2026-02-19T10:37:52.3063043Z     'Server': 'Microsoft-HTTPAPI/2.0'
2026-02-19T10:37:52.3063062Z     'Strict-Transport-Security': 'REDACTED'
2026-02-19T10:37:52.3063083Z     'X-Content-Type-Options': 'REDACTED'
2026-02-19T10:37:52.3063105Z     'Date': 'Thu, 19 Feb 2026 10:37:52 GMT'
2026-02-19T10:37:52.3066822Z 2026-02-19 10:37:52,306 - azure.monitor.opentelemetry.exporter.export._base - INFO - Transmission succeeded: Item received: 3. Items accepted: 3
2026-02-19T10:37:54.9588683Z 2026-02-19 10:37:54,958 - azure.core.pipeline.policies.http_logging_policy - INFO - Request URL: 'https://westus2-2.in.applicationinsights.azure.com//v2.1/track'
2026-02-19T10:37:54.9589026Z Request method: 'POST'
2026-02-19T10:37:54.9589055Z Request headers:
2026-02-19T10:37:54.9589079Z     'Content-Type': 'application/json'
2026-02-19T10:37:54.9589097Z     'Content-Length': '3720'
2026-02-19T10:37:54.9589115Z     'Accept': 'application/json'
2026-02-19T10:37:54.9589136Z     'x-ms-client-request-id': '0ca8ad14-0d7f-11f1-9207-eeaa766865b8'
2026-02-19T10:37:54.9589161Z     'User-Agent': 'azsdk-python-azuremonitorclient/unknown Python/3.11.14 (Linux-6.6.119.3-1.azl3-x86_64-with-glibc2.31)'
2026-02-19T10:37:54.9589180Z A body is sent with the request
2026-02-19T10:37:55.0213217Z 2026-02-19 10:37:55,021 - azure.core.pipeline.policies.http_logging_policy - INFO - Response status: 200
2026-02-19T10:37:55.0213660Z Response headers:
2026-02-19T10:37:55.0213690Z     'Transfer-Encoding': 'chunked'
2026-02-19T10:37:55.0213708Z     'Content-Type': 'application/json; charset=utf-8'
2026-02-19T10:37:55.0213725Z     'Server': 'Microsoft-HTTPAPI/2.0'
2026-02-19T10:37:55.0213742Z     'Strict-Transport-Security': 'REDACTED'
2026-02-19T10:37:55.0213761Z     'X-Content-Type-Options': 'REDACTED'
2026-02-19T10:37:55.0213778Z     'Date': 'Thu, 19 Feb 2026 10:37:54 GMT'
2026-02-19T10:37:55.0218503Z 2026-02-19 10:37:55,021 - azure.monitor.opentelemetry.exporter.export._base - INFO - Transmission succeeded: Item received: 3. Items accepted: 3
2026-02-19T10:37:57.3084076Z 2026-02-19 10:37:57,308 - azure.core.pipeline.policies.http_logging_policy - INFO - Request URL: 'https://westus2-2.in.applicationinsights.azure.com//v2.1/track'
2026-02-19T10:37:57.3084473Z Request method: 'POST'
2026-02-19T10:37:57.3084557Z Request headers:
2026-02-19T10:37:57.3084582Z     'Content-Type': 'application/json'
2026-02-19T10:37:57.3084605Z     'Content-Length': '3720'
2026-02-19T10:37:57.3084624Z     'Accept': 'application/json'
2026-02-19T10:37:57.3084646Z     'x-ms-client-request-id': '0e0f33bc-0d7f-11f1-99b0-eeaa766865b8'
2026-02-19T10:37:57.3084672Z     'User-Agent': 'azsdk-python-azuremonitorclient/unknown Python/3.11.14 (Linux-6.6.119.3-1.azl3-x86_64-with-glibc2.31)'
2026-02-19T10:37:57.3084690Z A body is sent with the request
2026-02-19T10:37:57.3482189Z 2026-02-19 10:37:57,347 - azure.core.pipeline.policies.http_logging_policy - INFO - Response status: 200
2026-02-19T10:37:57.3482824Z Response headers:
2026-02-19T10:37:57.3482856Z     'Transfer-Encoding': 'chunked'
2026-02-19T10:37:57.3482876Z     'Content-Type': 'application/json; charset=utf-8'
2026-02-19T10:37:57.3482964Z     'Server': 'Microsoft-HTTPAPI/2.0'
2026-02-19T10:37:57.3482986Z     'Strict-Transport-Security': 'REDACTED'
2026-02-19T10:37:57.3483008Z     'X-Content-Type-Options': 'REDACTED'
2026-02-19T10:37:57.3483030Z     'Date': 'Thu, 19 Feb 2026 10:37:57 GMT'
2026-02-19T10:37:57.3485657Z 2026-02-19 10:37:57,348 - azure.monitor.opentelemetry.exporter.export._base - INFO - Transmission succeeded: Item received: 3. Items accepted: 3
2026-02-19T10:38:00.0245575Z 2026-02-19 10:38:00,024 - azure.core.pipeline.policies.http_logging_policy - INFO - Request URL: 'https://westus2-2.in.applicationinsights.azure.com//v2.1/track'
2026-02-19T10:38:00.0246146Z Request method: 'POST'
2026-02-19T10:38:00.0246172Z Request headers:
2026-02-19T10:38:00.0246194Z     'Content-Type': 'application/json'
2026-02-19T10:38:00.0246210Z     'Content-Length': '3720'
2026-02-19T10:38:00.0246293Z     'Accept': 'application/json'
2026-02-19T10:38:00.0246314Z     'x-ms-client-request-id': '0fad8bec-0d7f-11f1-9207-eeaa766865b8'
2026-02-19T10:38:00.0246333Z     'User-Agent': 'azsdk-python-azuremonitorclient/unknown Python/3.11.14 (Linux-6.6.119.3-1.azl3-x86_64-with-glibc2.31)'
2026-02-19T10:38:00.0246349Z A body is sent with the request
2026-02-19T10:38:00.0947128Z 2026-02-19 10:38:00,093 - azure.core.pipeline.policies.http_logging_policy - INFO - Response status: 200
2026-02-19T10:38:00.0947456Z Response headers:
2026-02-19T10:38:00.0947484Z     'Transfer-Encoding': 'chunked'
2026-02-19T10:38:00.0947503Z     'Content-Type': 'application/json; charset=utf-8'
2026-02-19T10:38:00.0947523Z     'Server': 'Microsoft-HTTPAPI/2.0'
2026-02-19T10:38:00.0947541Z     'Strict-Transport-Security': 'REDACTED'
2026-02-19T10:38:00.0947624Z     'X-Content-Type-Options': 'REDACTED'
2026-02-19T10:38:00.0947643Z     'Date': 'Thu, 19 Feb 2026 10:37:59 GMT'
2026-02-19T10:38:00.0947668Z 2026-02-19 10:38:00,094 - azure.monitor.opentelemetry.exporter.export._base - INFO - Transmission succeeded: Item received: 3. Items accepted: 3
2026-02-19T10:38:02.3511111Z 2026-02-19 10:38:02,350 - azure.core.pipeline.policies.http_logging_policy - INFO - Request URL: 'https://westus2-2.in.applicationinsights.azure.com//v2.1/track'
2026-02-19T10:38:02.3511492Z Request method: 'POST'
2026-02-19T10:38:02.3511522Z Request headers:
2026-02-19T10:38:02.3511542Z     'Content-Type': 'application/json'
2026-02-19T10:38:02.3511564Z     'Content-Length': '3719'
2026-02-19T10:38:02.3511584Z     'Accept': 'application/json'
2026-02-19T10:38:02.3511607Z     'x-ms-client-request-id': '1110a500-0d7f-11f1-99b0-eeaa766865b8'
2026-02-19T10:38:02.3511698Z     'User-Agent': 'azsdk-python-azuremonitorclient/unknown Python/3.11.14 (Linux-6.6.119.3-1.azl3-x86_64-with-glibc2.31)'
2026-02-19T10:38:02.3511721Z A body is sent with the request
2026-02-19T10:38:02.4337301Z 2026-02-19 10:38:02,433 - azure.core.pipeline.policies.http_logging_policy - INFO - Response status: 200
2026-02-19T10:38:02.4337694Z Response headers:
2026-02-19T10:38:02.4337726Z     'Transfer-Encoding': 'chunked'
2026-02-19T10:38:02.4337745Z     'Content-Type': 'application/json; charset=utf-8'
2026-02-19T10:38:02.4337764Z     'Server': 'Microsoft-HTTPAPI/2.0'
2026-02-19T10:38:02.4337782Z     'Strict-Transport-Security': 'REDACTED'
2026-02-19T10:38:02.4337800Z     'X-Content-Type-Options': 'REDACTED'
2026-02-19T10:38:02.4337822Z     'Date': 'Thu, 19 Feb 2026 10:38:02 GMT'
2026-02-19T10:38:02.4344151Z 2026-02-19 10:38:02,434 - azure.monitor.opentelemetry.exporter.export._base - INFO - Transmission succeeded: Item received: 3. Items accepted: 3
2026-02-19T10:38:05.0958609Z 2026-02-19 10:38:05,095 - azure.core.pipeline.policies.http_logging_policy - INFO - Request URL: 'https://westus2-2.in.applicationinsights.azure.com//v2.1/track'
2026-02-19T10:38:05.0959139Z Request method: 'POST'
2026-02-19T10:38:05.0959170Z Request headers:
2026-02-19T10:38:05.0959193Z     'Content-Type': 'application/json'
2026-02-19T10:38:05.0959213Z     'Content-Length': '3718'
2026-02-19T10:38:05.0959233Z     'Accept': 'application/json'
2026-02-19T10:38:05.0959256Z     'x-ms-client-request-id': '12b375e0-0d7f-11f1-9207-eeaa766865b8'
2026-02-19T10:38:05.0959282Z     'User-Agent': 'azsdk-python-azuremonitorclient/unknown Python/3.11.14 (Linux-6.6.119.3-1.azl3-x86_64-with-glibc2.31)'
2026-02-19T10:38:05.0959305Z A body is sent with the request
2026-02-19T10:38:05.1900435Z 2026-02-19 10:38:05,189 - azure.core.pipeline.policies.http_logging_policy - INFO - Response status: 200
2026-02-19T10:38:05.1900793Z Response headers:
2026-02-19T10:38:05.1900821Z     'Transfer-Encoding': 'chunked'
2026-02-19T10:38:05.1900842Z     'Content-Type': 'application/json; charset=utf-8'
2026-02-19T10:38:05.1900863Z     'Server': 'Microsoft-HTTPAPI/2.0'
2026-02-19T10:38:05.1900881Z     'Strict-Transport-Security': 'REDACTED'
2026-02-19T10:38:05.1900900Z     'X-Content-Type-Options': 'REDACTED'
2026-02-19T10:38:05.1900916Z     'Date': 'Thu, 19 Feb 2026 10:38:04 GMT'
2026-02-19T10:38:05.1905549Z 2026-02-19 10:38:05,190 - azure.monitor.opentelemetry.exporter.export._base - INFO - Transmission succeeded: Item received: 3. Items accepted: 3
2026-02-19T10:38:07.4358005Z 2026-02-19 10:38:07,435 - azure.core.pipeline.policies.http_logging_policy - INFO - Request URL: 'https://westus2-2.in.applicationinsights.azure.com//v2.1/track'
2026-02-19T10:38:07.4358779Z Request method: 'POST'
2026-02-19T10:38:07.4358811Z Request headers:
2026-02-19T10:38:07.4358831Z     'Content-Type': 'application/json'
2026-02-19T10:38:07.4358853Z     'Content-Length': '3720'
2026-02-19T10:38:07.4358874Z     'Accept': 'application/json'
2026-02-19T10:38:07.4358896Z     'x-ms-client-request-id': '141882c2-0d7f-11f1-99b0-eeaa766865b8'
2026-02-19T10:38:07.4358918Z     'User-Agent': 'azsdk-python-azuremonitorclient/unknown Python/3.11.14 (Linux-6.6.119.3-1.azl3-x86_64-with-glibc2.31)'
2026-02-19T10:38:07.4358936Z A body is sent with the request
2026-02-19T10:38:07.5525411Z 2026-02-19 10:38:07,552 - azure.core.pipeline.policies.http_logging_policy - INFO - Response status: 200
2026-02-19T10:38:07.5526124Z Response headers:
2026-02-19T10:38:07.5526161Z     'Transfer-Encoding': 'chunked'
2026-02-19T10:38:07.5526244Z     'Content-Type': 'application/json; charset=utf-8'
2026-02-19T10:38:07.5526266Z     'Server': 'Microsoft-HTTPAPI/2.0'
2026-02-19T10:38:07.5526287Z     'Strict-Transport-Security': 'REDACTED'
2026-02-19T10:38:07.5526307Z     'X-Content-Type-Options': 'REDACTED'
2026-02-19T10:38:07.5526323Z     'Date': 'Thu, 19 Feb 2026 10:38:07 GMT'
2026-02-19T10:38:07.5533050Z 2026-02-19 10:38:07,552 - azure.monitor.opentelemetry.exporter.export._base - INFO - Transmission succeeded: Item received: 3. Items accepted: 3
2026-02-19T10:38:10.1929137Z 2026-02-19 10:38:10,192 - azure.core.pipeline.policies.http_logging_policy - INFO - Request URL: 'https://westus2-2.in.applicationinsights.azure.com//v2.1/track'
2026-02-19T10:38:10.1929488Z Request method: 'POST'
2026-02-19T10:38:10.1929516Z Request headers:
2026-02-19T10:38:10.1929537Z     'Content-Type': 'application/json'
2026-02-19T10:38:10.1929619Z     'Content-Length': '3720'
2026-02-19T10:38:10.1929640Z     'Accept': 'application/json'
2026-02-19T10:38:10.1929663Z     'x-ms-client-request-id': '15bd3514-0d7f-11f1-9207-eeaa766865b8'
2026-02-19T10:38:10.1929686Z     'User-Agent': 'azsdk-python-azuremonitorclient/unknown Python/3.11.14 (Linux-6.6.119.3-1.azl3-x86_64-with-glibc2.31)'
2026-02-19T10:38:10.1929707Z A body is sent with the request
2026-02-19T10:38:10.2427365Z 2026-02-19 10:38:10,242 - azure.core.pipeline.policies.http_logging_policy - INFO - Response status: 200
2026-02-19T10:38:10.2427893Z Response headers:
2026-02-19T10:38:10.2427929Z     'Transfer-Encoding': 'chunked'
2026-02-19T10:38:10.2427950Z     'Content-Type': 'application/json; charset=utf-8'
2026-02-19T10:38:10.2430050Z     'Server': 'Microsoft-HTTPAPI/2.0'
2026-02-19T10:38:10.2430194Z     'Strict-Transport-Security': 'REDACTED'
2026-02-19T10:38:10.2430216Z     'X-Content-Type-Options': 'REDACTED'
2026-02-19T10:38:10.2430237Z     'Date': 'Thu, 19 Feb 2026 10:38:09 GMT'
2026-02-19T10:38:10.2439164Z 2026-02-19 10:38:10,243 - azure.monitor.opentelemetry.exporter.export._base - INFO - Transmission succeeded: Item received: 3. Items accepted: 3
2026-02-19T10:38:12.5552659Z 2026-02-19 10:38:12,554 - azure.core.pipeline.policies.http_logging_policy - INFO - Request URL: 'https://westus2-2.in.applicationinsights.azure.com//v2.1/track'
2026-02-19T10:38:12.5553205Z Request method: 'POST'
2026-02-19T10:38:12.5553236Z Request headers:
2026-02-19T10:38:12.5553262Z     'Content-Type': 'application/json'
2026-02-19T10:38:12.5553278Z     'Content-Length': '3719'
2026-02-19T10:38:12.5553294Z     'Accept': 'application/json'
2026-02-19T10:38:12.5553379Z     'x-ms-client-request-id': '1725a8aa-0d7f-11f1-99b0-eeaa766865b8'
2026-02-19T10:38:12.5553401Z     'User-Agent': 'azsdk-python-azuremonitorclient/unknown Python/3.11.14 (Linux-6.6.119.3-1.azl3-x86_64-with-glibc2.31)'
2026-02-19T10:38:12.5553418Z A body is sent with the request
2026-02-19T10:38:12.6900419Z 2026-02-19 10:38:12,689 - azure.core.pipeline.policies.http_logging_policy - INFO - Response status: 200
2026-02-19T10:38:12.6900766Z Response headers:
2026-02-19T10:38:12.6900798Z     'Transfer-Encoding': 'chunked'
2026-02-19T10:38:12.6900819Z     'Content-Type': 'application/json; charset=utf-8'
2026-02-19T10:38:12.6900838Z     'Server': 'Microsoft-HTTPAPI/2.0'
2026-02-19T10:38:12.6900856Z     'Strict-Transport-Security': 'REDACTED'
2026-02-19T10:38:12.6900873Z     'X-Content-Type-Options': 'REDACTED'
2026-02-19T10:38:12.6900891Z     'Date': 'Thu, 19 Feb 2026 10:38:12 GMT'
2026-02-19T10:38:12.6903957Z 2026-02-19 10:38:12,690 - azure.monitor.opentelemetry.exporter.export._base - INFO - Transmission succeeded: Item received: 3. Items accepted: 3
2026-02-19T10:38:15.2470903Z 2026-02-19 10:38:15,246 - azure.core.pipeline.policies.http_logging_policy - INFO - Request URL: 'https://westus2-2.in.applicationinsights.azure.com//v2.1/track'
2026-02-19T10:38:15.2471274Z Request method: 'POST'
2026-02-19T10:38:15.2471301Z Request headers:
2026-02-19T10:38:15.2471325Z     'Content-Type': 'application/json'
2026-02-19T10:38:15.2471347Z     'Content-Length': '3719'
2026-02-19T10:38:15.2471367Z     'Accept': 'application/json'
2026-02-19T10:38:15.2471391Z     'x-ms-client-request-id': '18c06c72-0d7f-11f1-9207-eeaa766865b8'
2026-02-19T10:38:15.2471415Z     'User-Agent': 'azsdk-python-azuremonitorclient/unknown Python/3.11.14 (Linux-6.6.119.3-1.azl3-x86_64-with-glibc2.31)'
2026-02-19T10:38:15.2471489Z A body is sent with the request
2026-02-19T10:38:15.4745981Z 2026-02-19 10:38:15,474 - azure.core.pipeline.policies.http_logging_policy - INFO - Response status: 200
2026-02-19T10:38:15.4746543Z Response headers:
2026-02-19T10:38:15.4746574Z     'Transfer-Encoding': 'chunked'
2026-02-19T10:38:15.4746592Z     'Content-Type': 'application/json; charset=utf-8'
2026-02-19T10:38:15.4746609Z     'Server': 'Microsoft-HTTPAPI/2.0'
2026-02-19T10:38:15.4746626Z     'Strict-Transport-Security': 'REDACTED'
2026-02-19T10:38:15.4746652Z     'X-Content-Type-Options': 'REDACTED'
2026-02-19T10:38:15.4746672Z     'Date': 'Thu, 19 Feb 2026 10:38:14 GMT'
2026-02-19T10:38:15.4761436Z 2026-02-19 10:38:15,475 - azure.monitor.opentelemetry.exporter.export._base - INFO - Transmission succeeded: Item received: 3. Items accepted: 3
2026-02-19T10:38:17.6923150Z 2026-02-19 10:38:17,692 - azure.core.pipeline.policies.http_logging_policy - INFO - Request URL: 'https://westus2-2.in.applicationinsights.azure.com//v2.1/track'
2026-02-19T10:38:17.6923540Z Request method: 'POST'
2026-02-19T10:38:17.6923568Z Request headers:
2026-02-19T10:38:17.6923591Z     'Content-Type': 'application/json'
2026-02-19T10:38:17.6923615Z     'Content-Length': '3720'
2026-02-19T10:38:17.6923641Z     'Accept': 'application/json'
2026-02-19T10:38:17.6923664Z     'x-ms-client-request-id': '1a3581aa-0d7f-11f1-99b0-eeaa766865b8'
2026-02-19T10:38:17.6923688Z     'User-Agent': 'azsdk-python-azuremonitorclient/unknown Python/3.11.14 (Linux-6.6.119.3-1.azl3-x86_64-with-glibc2.31)'
2026-02-19T10:38:17.6923706Z A body is sent with the request
2026-02-19T10:38:17.8005802Z 2026-02-19 10:38:17,800 - azure.core.pipeline.policies.http_logging_policy - INFO - Response status: 200
2026-02-19T10:38:17.8006230Z Response headers:
2026-02-19T10:38:17.8006257Z     'Transfer-Encoding': 'chunked'
2026-02-19T10:38:17.8006279Z     'Content-Type': 'application/json; charset=utf-8'
2026-02-19T10:38:17.8006297Z     'Server': 'Microsoft-HTTPAPI/2.0'
2026-02-19T10:38:17.8006316Z     'Strict-Transport-Security': 'REDACTED'
2026-02-19T10:38:17.8006337Z     'X-Content-Type-Options': 'REDACTED'
2026-02-19T10:38:17.8006358Z     'Date': 'Thu, 19 Feb 2026 10:38:17 GMT'
2026-02-19T10:38:17.8012003Z 2026-02-19 10:38:17,800 - azure.monitor.opentelemetry.exporter.export._base - INFO - Transmission succeeded: Item received: 3. Items accepted: 3
2026-02-19T10:38:20.4786805Z 2026-02-19 10:38:20,478 - azure.core.pipeline.policies.http_logging_policy - INFO - Request URL: 'https://westus2-2.in.applicationinsights.azure.com//v2.1/track'
2026-02-19T10:38:20.4787194Z Request method: 'POST'
2026-02-19T10:38:20.4787274Z Request headers:
2026-02-19T10:38:20.4787298Z     'Content-Type': 'application/json'
2026-02-19T10:38:20.4787319Z     'Content-Length': '3720'
2026-02-19T10:38:20.4787339Z     'Accept': 'application/json'
2026-02-19T10:38:20.4787362Z     'x-ms-client-request-id': '1bdead24-0d7f-11f1-9207-eeaa766865b8'
2026-02-19T10:38:20.4787387Z     'User-Agent': 'azsdk-python-azuremonitorclient/unknown Python/3.11.14 (Linux-6.6.119.3-1.azl3-x86_64-with-glibc2.31)'
2026-02-19T10:38:20.4787405Z A body is sent with the request
2026-02-19T10:38:20.5450995Z 2026-02-19 10:38:20,544 - azure.core.pipeline.policies.http_logging_policy - INFO - Response status: 200
2026-02-19T10:38:20.5452344Z Response headers:
2026-02-19T10:38:20.5452391Z     'Transfer-Encoding': 'chunked'
2026-02-19T10:38:20.5452415Z     'Content-Type': 'application/json; charset=utf-8'
2026-02-19T10:38:20.5452506Z     'Server': 'Microsoft-HTTPAPI/2.0'
2026-02-19T10:38:20.5452529Z     'Strict-Transport-Security': 'REDACTED'
2026-02-19T10:38:20.5452550Z     'X-Content-Type-Options': 'REDACTED'
2026-02-19T10:38:20.5452572Z     'Date': 'Thu, 19 Feb 2026 10:38:19 GMT'
2026-02-19T10:38:20.5460103Z 2026-02-19 10:38:20,545 - azure.monitor.opentelemetry.exporter.export._base - INFO - Transmission succeeded: Item received: 3. Items accepted: 3
2026-02-19T10:38:22.8025279Z 2026-02-19 10:38:22,802 - azure.core.pipeline.policies.http_logging_policy - INFO - Request URL: 'https://westus2-2.in.applicationinsights.azure.com//v2.1/track'
2026-02-19T10:38:22.8025663Z Request method: 'POST'
2026-02-19T10:38:22.8025692Z Request headers:
2026-02-19T10:38:22.8025713Z     'Content-Type': 'application/json'
2026-02-19T10:38:22.8025732Z     'Content-Length': '3720'
2026-02-19T10:38:22.8025811Z     'Accept': 'application/json'
2026-02-19T10:38:22.8025832Z     'x-ms-client-request-id': '1d414afa-0d7f-11f1-99b0-eeaa766865b8'
2026-02-19T10:38:22.8025859Z     'User-Agent': 'azsdk-python-azuremonitorclient/unknown Python/3.11.14 (Linux-6.6.119.3-1.azl3-x86_64-with-glibc2.31)'
2026-02-19T10:38:22.8025879Z A body is sent with the request
2026-02-19T10:38:22.9351402Z 2026-02-19 10:38:22,934 - azure.core.pipeline.policies.http_logging_policy - INFO - Response status: 200
2026-02-19T10:38:22.9351933Z Response headers:
2026-02-19T10:38:22.9351963Z     'Transfer-Encoding': 'chunked'
2026-02-19T10:38:22.9351986Z     'Content-Type': 'application/json; charset=utf-8'
2026-02-19T10:38:22.9352005Z     'Server': 'Microsoft-HTTPAPI/2.0'
2026-02-19T10:38:22.9352027Z     'Strict-Transport-Security': 'REDACTED'
2026-02-19T10:38:22.9352109Z     'X-Content-Type-Options': 'REDACTED'
2026-02-19T10:38:22.9352133Z     'Date': 'Thu, 19 Feb 2026 10:38:22 GMT'
2026-02-19T10:38:22.9367014Z 2026-02-19 10:38:22,935 - azure.monitor.opentelemetry.exporter.export._base - INFO - Transmission succeeded: Item received: 3. Items accepted: 3
2026-02-19T10:38:25.5474077Z 2026-02-19 10:38:25,547 - azure.core.pipeline.policies.http_logging_policy - INFO - Request URL: 'https://westus2-2.in.applicationinsights.azure.com//v2.1/track'
2026-02-19T10:38:25.5474450Z Request method: 'POST'
2026-02-19T10:38:25.5474474Z Request headers:
2026-02-19T10:38:25.5474497Z     'Content-Type': 'application/json'
2026-02-19T10:38:25.5474517Z     'Content-Length': '3719'
2026-02-19T10:38:25.5474537Z     'Accept': 'application/json'
2026-02-19T10:38:25.5474562Z     'x-ms-client-request-id': '1ee42166-0d7f-11f1-9207-eeaa766865b8'
2026-02-19T10:38:25.5474638Z     'User-Agent': 'azsdk-python-azuremonitorclient/unknown Python/3.11.14 (Linux-6.6.119.3-1.azl3-x86_64-with-glibc2.31)'
2026-02-19T10:38:25.5474657Z A body is sent with the request
2026-02-19T10:38:25.6880473Z 2026-02-19 10:38:25,687 - azure.core.pipeline.policies.http_logging_policy - INFO - Response status: 200
2026-02-19T10:38:25.6881164Z Response headers:
2026-02-19T10:38:25.6881197Z     'Transfer-Encoding': 'chunked'
2026-02-19T10:38:25.6881217Z     'Content-Type': 'application/json; charset=utf-8'
2026-02-19T10:38:25.6881238Z     'Server': 'Microsoft-HTTPAPI/2.0'
2026-02-19T10:38:25.6881260Z     'Strict-Transport-Security': 'REDACTED'
2026-02-19T10:38:25.6881281Z     'X-Content-Type-Options': 'REDACTED'
2026-02-19T10:38:25.6881300Z     'Date': 'Thu, 19 Feb 2026 10:38:24 GMT'
2026-02-19T10:38:25.6885262Z 2026-02-19 10:38:25,688 - azure.monitor.opentelemetry.exporter.export._base - INFO - Transmission succeeded: Item received: 3. Items accepted: 3
2026-02-19T10:38:27.9378629Z 2026-02-19 10:38:27,937 - azure.core.pipeline.policies.http_logging_policy - INFO - Request URL: 'https://westus2-2.in.applicationinsights.azure.com//v2.1/track'
2026-02-19T10:38:27.9379033Z Request method: 'POST'
2026-02-19T10:38:27.9379062Z Request headers:
2026-02-19T10:38:27.9379086Z     'Content-Type': 'application/json'
2026-02-19T10:38:27.9379110Z     'Content-Length': '3720'
2026-02-19T10:38:27.9379135Z     'Accept': 'application/json'
2026-02-19T10:38:27.9379158Z     'x-ms-client-request-id': '2050e070-0d7f-11f1-99b0-eeaa766865b8'
2026-02-19T10:38:27.9379188Z     'User-Agent': 'azsdk-python-azuremonitorclient/unknown Python/3.11.14 (Linux-6.6.119.3-1.azl3-x86_64-with-glibc2.31)'
2026-02-19T10:38:27.9379210Z A body is sent with the request
2026-02-19T10:38:28.0608428Z 2026-02-19 10:38:28,060 - azure.core.pipeline.policies.http_logging_policy - INFO - Response status: 200
2026-02-19T10:38:28.0608827Z Response headers:
2026-02-19T10:38:28.0608863Z     'Transfer-Encoding': 'chunked'
2026-02-19T10:38:28.0608893Z     'Content-Type': 'application/json; charset=utf-8'
2026-02-19T10:38:28.0608916Z     'Server': 'Microsoft-HTTPAPI/2.0'
2026-02-19T10:38:28.0608939Z     'Strict-Transport-Security': 'REDACTED'
2026-02-19T10:38:28.0608964Z     'X-Content-Type-Options': 'REDACTED'
2026-02-19T10:38:28.0608988Z     'Date': 'Thu, 19 Feb 2026 10:38:27 GMT'
2026-02-19T10:38:28.0615121Z 2026-02-19 10:38:28,061 - azure.monitor.opentelemetry.exporter.export._base - INFO - Transmission succeeded: Item received: 3. Items accepted: 3
2026-02-19T10:38:30.6902059Z 2026-02-19 10:38:30,689 - azure.core.pipeline.policies.http_logging_policy - INFO - Request URL: 'https://westus2-2.in.applicationinsights.azure.com//v2.1/track'
2026-02-19T10:38:30.6903026Z Request method: 'POST'
2026-02-19T10:38:30.6903062Z Request headers:
2026-02-19T10:38:30.6903084Z     'Content-Type': 'application/json'
2026-02-19T10:38:30.6903104Z     'Content-Length': '3720'
2026-02-19T10:38:30.6903127Z     'Accept': 'application/json'
2026-02-19T10:38:30.6903148Z     'x-ms-client-request-id': '21f4d76a-0d7f-11f1-9207-eeaa766865b8'
2026-02-19T10:38:30.6903173Z     'User-Agent': 'azsdk-python-azuremonitorclient/unknown Python/3.11.14 (Linux-6.6.119.3-1.azl3-x86_64-with-glibc2.31)'
2026-02-19T10:38:30.6903193Z A body is sent with the request
2026-02-19T10:38:30.8312204Z 2026-02-19 10:38:30,830 - azure.core.pipeline.policies.http_logging_policy - INFO - Response status: 200
2026-02-19T10:38:30.8312886Z Response headers:
2026-02-19T10:38:30.8312924Z     'Transfer-Encoding': 'chunked'
2026-02-19T10:38:30.8313023Z     'Content-Type': 'application/json; charset=utf-8'
2026-02-19T10:38:30.8313047Z     'Server': 'Microsoft-HTTPAPI/2.0'
2026-02-19T10:38:30.8313075Z     'Strict-Transport-Security': 'REDACTED'
2026-02-19T10:38:30.8313101Z     'X-Content-Type-Options': 'REDACTED'
2026-02-19T10:38:30.8313128Z     'Date': 'Thu, 19 Feb 2026 10:38:29 GMT'
2026-02-19T10:38:30.8319224Z 2026-02-19 10:38:30,831 - azure.monitor.opentelemetry.exporter.export._base - INFO - Transmission succeeded: Item received: 3. Items accepted: 3
2026-02-19T10:38:33.0631404Z 2026-02-19 10:38:33,062 - azure.core.pipeline.policies.http_logging_policy - INFO - Request URL: 'https://westus2-2.in.applicationinsights.azure.com//v2.1/track'
2026-02-19T10:38:33.0631928Z Request method: 'POST'
2026-02-19T10:38:33.0631960Z Request headers:
2026-02-19T10:38:33.0632042Z     'Content-Type': 'application/json'
2026-02-19T10:38:33.0632062Z     'Content-Length': '3720'
2026-02-19T10:38:33.0632083Z     'Accept': 'application/json'
2026-02-19T10:38:33.0632106Z     'x-ms-client-request-id': '235eee6a-0d7f-11f1-99b0-eeaa766865b8'
2026-02-19T10:38:33.0632129Z     'User-Agent': 'azsdk-python-azuremonitorclient/unknown Python/3.11.14 (Linux-6.6.119.3-1.azl3-x86_64-with-glibc2.31)'
2026-02-19T10:38:33.0632148Z A body is sent with the request
2026-02-19T10:38:33.2584337Z 2026-02-19 10:38:33,258 - azure.core.pipeline.policies.http_logging_policy - INFO - Response status: 200
2026-02-19T10:38:33.2585032Z Response headers:
2026-02-19T10:38:33.2585067Z     'Transfer-Encoding': 'chunked'
2026-02-19T10:38:33.2585095Z     'Content-Type': 'application/json; charset=utf-8'
2026-02-19T10:38:33.2585123Z     'Server': 'Microsoft-HTTPAPI/2.0'
2026-02-19T10:38:33.2585216Z     'Strict-Transport-Security': 'REDACTED'
2026-02-19T10:38:33.2585246Z     'X-Content-Type-Options': 'REDACTED'
2026-02-19T10:38:33.2585274Z     'Date': 'Thu, 19 Feb 2026 10:38:32 GMT'
2026-02-19T10:38:33.2590923Z 2026-02-19 10:38:33,258 - azure.monitor.opentelemetry.exporter.export._base - INFO - Transmission succeeded: Item received: 3. Items accepted: 3
2026-02-19T10:38:35.8334017Z 2026-02-19 10:38:35,833 - azure.core.pipeline.policies.http_logging_policy - INFO - Request URL: 'https://westus2-2.in.applicationinsights.azure.com//v2.1/track'
2026-02-19T10:38:35.8334402Z Request method: 'POST'
2026-02-19T10:38:35.8334432Z Request headers:
2026-02-19T10:38:35.8334456Z     'Content-Type': 'application/json'
2026-02-19T10:38:35.8334477Z     'Content-Length': '3720'
2026-02-19T10:38:35.8334498Z     'Accept': 'application/json'
2026-02-19T10:38:35.8334524Z     'x-ms-client-request-id': '2505a416-0d7f-11f1-9207-eeaa766865b8'
2026-02-19T10:38:35.8334548Z     'User-Agent': 'azsdk-python-azuremonitorclient/unknown Python/3.11.14 (Linux-6.6.119.3-1.azl3-x86_64-with-glibc2.31)'
2026-02-19T10:38:35.8334570Z A body is sent with the request
2026-02-19T10:38:35.9247470Z 2026-02-19 10:38:35,924 - azure.core.pipeline.policies.http_logging_policy - INFO - Response status: 200
2026-02-19T10:38:35.9247856Z Response headers:
2026-02-19T10:38:35.9247939Z     'Transfer-Encoding': 'chunked'
2026-02-19T10:38:35.9247961Z     'Content-Type': 'application/json; charset=utf-8'
2026-02-19T10:38:35.9247979Z     'Server': 'Microsoft-HTTPAPI/2.0'
2026-02-19T10:38:35.9248000Z     'Strict-Transport-Security': 'REDACTED'
2026-02-19T10:38:35.9248019Z     'X-Content-Type-Options': 'REDACTED'
2026-02-19T10:38:35.9248035Z     'Date': 'Thu, 19 Feb 2026 10:38:34 GMT'
2026-02-19T10:38:35.9254515Z 2026-02-19 10:38:35,925 - azure.monitor.opentelemetry.exporter.export._base - INFO - Transmission succeeded: Item received: 3. Items accepted: 3
2026-02-19T10:38:38.2606536Z 2026-02-19 10:38:38,260 - azure.core.pipeline.policies.http_logging_policy - INFO - Request URL: 'https://westus2-2.in.applicationinsights.azure.com//v2.1/track'
2026-02-19T10:38:38.2607082Z Request method: 'POST'
2026-02-19T10:38:38.2607111Z Request headers:
2026-02-19T10:38:38.2607202Z     'Content-Type': 'application/json'
2026-02-19T10:38:38.2607231Z     'Content-Length': '3720'
2026-02-19T10:38:38.2607254Z     'Accept': 'application/json'
2026-02-19T10:38:38.2607275Z     'x-ms-client-request-id': '26780456-0d7f-11f1-99b0-eeaa766865b8'
2026-02-19T10:38:38.2607297Z     'User-Agent': 'azsdk-python-azuremonitorclient/unknown Python/3.11.14 (Linux-6.6.119.3-1.azl3-x86_64-with-glibc2.31)'
2026-02-19T10:38:38.2607316Z A body is sent with the request
2026-02-19T10:38:38.3135678Z 2026-02-19 10:38:38,313 - azure.core.pipeline.policies.http_logging_policy - INFO - Response status: 200
2026-02-19T10:38:38.3136047Z Response headers:
2026-02-19T10:38:38.3136081Z     'Transfer-Encoding': 'chunked'
2026-02-19T10:38:38.3136102Z     'Content-Type': 'application/json; charset=utf-8'
2026-02-19T10:38:38.3136183Z     'Server': 'Microsoft-HTTPAPI/2.0'
2026-02-19T10:38:38.3136202Z     'Strict-Transport-Security': 'REDACTED'
2026-02-19T10:38:38.3136221Z     'X-Content-Type-Options': 'REDACTED'
2026-02-19T10:38:38.3136239Z     'Date': 'Thu, 19 Feb 2026 10:38:37 GMT'
2026-02-19T10:38:38.3136258Z     'Connection': 'close'
2026-02-19T10:38:38.3151962Z 2026-02-19 10:38:38,314 - azure.monitor.opentelemetry.exporter.export._base - INFO - Transmission succeeded: Item received: 3. Items accepted: 3
2026-02-19T10:38:40.9268812Z 2026-02-19 10:38:40,926 - azure.core.pipeline.policies.http_logging_policy - INFO - Request URL: 'https://westus2-2.in.applicationinsights.azure.com//v2.1/track'
2026-02-19T10:38:40.9269213Z Request method: 'POST'
2026-02-19T10:38:40.9269240Z Request headers:
2026-02-19T10:38:40.9269262Z     'Content-Type': 'application/json'
2026-02-19T10:38:40.9269340Z     'Content-Length': '3720'
2026-02-19T10:38:40.9269361Z     'Accept': 'application/json'
2026-02-19T10:38:40.9269381Z     'x-ms-client-request-id': '280ed8ee-0d7f-11f1-9207-eeaa766865b8'
2026-02-19T10:38:40.9269402Z     'User-Agent': 'azsdk-python-azuremonitorclient/unknown Python/3.11.14 (Linux-6.6.119.3-1.azl3-x86_64-with-glibc2.31)'
2026-02-19T10:38:40.9269422Z A body is sent with the request
2026-02-19T10:38:41.0012025Z 2026-02-19 10:38:41,000 - azure.core.pipeline.policies.http_logging_policy - INFO - Response status: 200
2026-02-19T10:38:41.0012364Z Response headers:
2026-02-19T10:38:41.0012391Z     'Transfer-Encoding': 'chunked'
2026-02-19T10:38:41.0012411Z     'Content-Type': 'application/json; charset=utf-8'
2026-02-19T10:38:41.0012434Z     'Server': 'Microsoft-HTTPAPI/2.0'
2026-02-19T10:38:41.0012458Z     'Strict-Transport-Security': 'REDACTED'
2026-02-19T10:38:41.0012526Z     'X-Content-Type-Options': 'REDACTED'
2026-02-19T10:38:41.0012544Z     'Date': 'Thu, 19 Feb 2026 10:38:40 GMT'
2026-02-19T10:38:41.0017679Z 2026-02-19 10:38:41,001 - azure.monitor.opentelemetry.exporter.export._base - INFO - Transmission succeeded: Item received: 3. Items accepted: 3
2026-02-19T10:38:43.3175423Z 2026-02-19 10:38:43,317 - azure.core.pipeline.policies.http_logging_policy - INFO - Request URL: 'https://westus2-2.in.applicationinsights.azure.com//v2.1/track'
2026-02-19T10:38:43.3175803Z Request method: 'POST'
2026-02-19T10:38:43.3175837Z Request headers:
2026-02-19T10:38:43.3175859Z     'Content-Type': 'application/json'
2026-02-19T10:38:43.3175881Z     'Content-Length': '3747'
2026-02-19T10:38:43.3175908Z     'Accept': 'application/json'
2026-02-19T10:38:43.3175931Z     'x-ms-client-request-id': '297b9e92-0d7f-11f1-99b0-eeaa766865b8'
2026-02-19T10:38:43.3176022Z     'User-Agent': 'azsdk-python-azuremonitorclient/unknown Python/3.11.14 (Linux-6.6.119.3-1.azl3-x86_64-with-glibc2.31)'
2026-02-19T10:38:43.3176044Z A body is sent with the request
2026-02-19T10:38:43.4581646Z 2026-02-19 10:38:43,457 - azure.core.pipeline.policies.http_logging_policy - INFO - Response status: 200
2026-02-19T10:38:43.4582025Z Response headers:
2026-02-19T10:38:43.4582055Z     'Transfer-Encoding': 'chunked'
2026-02-19T10:38:43.4582078Z     'Content-Type': 'application/json; charset=utf-8'
2026-02-19T10:38:43.4582101Z     'Server': 'Microsoft-HTTPAPI/2.0'
2026-02-19T10:38:43.4582124Z     'Strict-Transport-Security': 'REDACTED'
2026-02-19T10:38:43.4582145Z     'X-Content-Type-Options': 'REDACTED'
2026-02-19T10:38:43.4582167Z     'Date': 'Thu, 19 Feb 2026 10:38:43 GMT'
2026-02-19T10:38:43.4588865Z 2026-02-19 10:38:43,458 - azure.monitor.opentelemetry.exporter.export._base - INFO - Transmission succeeded: Item received: 3. Items accepted: 3
2026-02-19T10:38:46.0034452Z 2026-02-19 10:38:46,003 - azure.core.pipeline.policies.http_logging_policy - INFO - Request URL: 'https://westus2-2.in.applicationinsights.azure.com//v2.1/track'
2026-02-19T10:38:46.0034774Z Request method: 'POST'
2026-02-19T10:38:46.0034801Z Request headers:
2026-02-19T10:38:46.0034821Z     'Content-Type': 'application/json'
2026-02-19T10:38:46.0034846Z     'Content-Length': '3720'
2026-02-19T10:38:46.0034868Z     'Accept': 'application/json'
2026-02-19T10:38:46.0034889Z     'x-ms-client-request-id': '2b1579ee-0d7f-11f1-9207-eeaa766865b8'
2026-02-19T10:38:46.0034912Z     'User-Agent': 'azsdk-python-azuremonitorclient/unknown Python/3.11.14 (Linux-6.6.119.3-1.azl3-x86_64-with-glibc2.31)'
2026-02-19T10:38:46.0034932Z A body is sent with the request
2026-02-19T10:38:46.1294926Z 2026-02-19 10:38:46,129 - azure.core.pipeline.policies.http_logging_policy - INFO - Response status: 200
2026-02-19T10:38:46.1295257Z Response headers:
2026-02-19T10:38:46.1295288Z     'Transfer-Encoding': 'chunked'
2026-02-19T10:38:46.1295311Z     'Content-Type': 'application/json; charset=utf-8'
2026-02-19T10:38:46.1295333Z     'Server': 'Microsoft-HTTPAPI/2.0'
2026-02-19T10:38:46.1295355Z     'Strict-Transport-Security': 'REDACTED'
2026-02-19T10:38:46.1295373Z     'X-Content-Type-Options': 'REDACTED'
2026-02-19T10:38:46.1295398Z     'Date': 'Thu, 19 Feb 2026 10:38:46 GMT'
2026-02-19T10:38:46.1300455Z 2026-02-19 10:38:46,129 - azure.monitor.opentelemetry.exporter.export._base - INFO - Transmission succeeded: Item received: 3. Items accepted: 3
2026-02-19T10:38:48.4605109Z 2026-02-19 10:38:48,460 - azure.core.pipeline.policies.http_logging_policy - INFO - Request URL: 'https://westus2-2.in.applicationinsights.azure.com//v2.1/track'
2026-02-19T10:38:48.4605624Z Request method: 'POST'
2026-02-19T10:38:48.4605646Z Request headers:
2026-02-19T10:38:48.4605665Z     'Content-Type': 'application/json'
2026-02-19T10:38:48.4605683Z     'Content-Length': '3719'
2026-02-19T10:38:48.4605705Z     'Accept': 'application/json'
2026-02-19T10:38:48.4605725Z     'x-ms-client-request-id': '2c8c64d6-0d7f-11f1-99b0-eeaa766865b8'
2026-02-19T10:38:48.4605748Z     'User-Agent': 'azsdk-python-azuremonitorclient/unknown Python/3.11.14 (Linux-6.6.119.3-1.azl3-x86_64-with-glibc2.31)'
2026-02-19T10:38:48.4605768Z A body is sent with the request
2026-02-19T10:38:48.6127211Z 2026-02-19 10:38:48,612 - azure.core.pipeline.policies.http_logging_policy - INFO - Response status: 200
2026-02-19T10:38:48.6127566Z Response headers:
2026-02-19T10:38:48.6127645Z     'Transfer-Encoding': 'chunked'
2026-02-19T10:38:48.6127668Z     'Content-Type': 'application/json; charset=utf-8'
2026-02-19T10:38:48.6127689Z     'Server': 'Microsoft-HTTPAPI/2.0'
2026-02-19T10:38:48.6127709Z     'Strict-Transport-Security': 'REDACTED'
2026-02-19T10:38:48.6127731Z     'X-Content-Type-Options': 'REDACTED'
2026-02-19T10:38:48.6127751Z     'Date': 'Thu, 19 Feb 2026 10:38:48 GMT'
2026-02-19T10:38:48.6133461Z 2026-02-19 10:38:48,612 - azure.monitor.opentelemetry.exporter.export._base - INFO - Transmission succeeded: Item received: 3. Items accepted: 3
2026-02-19T10:38:51.1318135Z 2026-02-19 10:38:51,131 - azure.core.pipeline.policies.http_logging_policy - INFO - Request URL: 'https://westus2-2.in.applicationinsights.azure.com//v2.1/track'
2026-02-19T10:38:51.1318818Z Request method: 'POST'
2026-02-19T10:38:51.1318843Z Request headers:
2026-02-19T10:38:51.1318931Z     'Content-Type': 'application/json'
2026-02-19T10:38:51.1318949Z     'Content-Length': '3720'
2026-02-19T10:38:51.1318965Z     'Accept': 'application/json'
2026-02-19T10:38:51.1318984Z     'x-ms-client-request-id': '2e23fa34-0d7f-11f1-9207-eeaa766865b8'
2026-02-19T10:38:51.1319005Z     'User-Agent': 'azsdk-python-azuremonitorclient/unknown Python/3.11.14 (Linux-6.6.119.3-1.azl3-x86_64-with-glibc2.31)'
2026-02-19T10:38:51.1319022Z A body is sent with the request
2026-02-19T10:38:51.2037858Z 2026-02-19 10:38:51,203 - azure.core.pipeline.policies.http_logging_policy - INFO - Response status: 200
2026-02-19T10:38:51.2038576Z Response headers:
2026-02-19T10:38:51.2039367Z     'Transfer-Encoding': 'chunked'
2026-02-19T10:38:51.2039394Z     'Content-Type': 'application/json; charset=utf-8'
2026-02-19T10:38:51.2039461Z     'Server': 'Microsoft-HTTPAPI/2.0'
2026-02-19T10:38:51.2039481Z     'Strict-Transport-Security': 'REDACTED'
2026-02-19T10:38:51.2039498Z     'X-Content-Type-Options': 'REDACTED'
2026-02-19T10:38:51.2039513Z     'Date': 'Thu, 19 Feb 2026 10:38:51 GMT'
2026-02-19T10:38:51.2044002Z 2026-02-19 10:38:51,204 - azure.monitor.opentelemetry.exporter.export._base - INFO - Transmission succeeded: Item received: 3. Items accepted: 3
2026-02-19T10:38:53.6147060Z 2026-02-19 10:38:53,614 - azure.core.pipeline.policies.http_logging_policy - INFO - Request URL: 'https://westus2-2.in.applicationinsights.azure.com//v2.1/track'
2026-02-19T10:38:53.6147421Z Request method: 'POST'
2026-02-19T10:38:53.6147451Z Request headers:
2026-02-19T10:38:53.6147476Z     'Content-Type': 'application/json'
2026-02-19T10:38:53.6147492Z     'Content-Length': '3719'
2026-02-19T10:38:53.6147613Z     'Accept': 'application/json'
2026-02-19T10:38:53.6147639Z     'x-ms-client-request-id': '2f9edd0c-0d7f-11f1-99b0-eeaa766865b8'
2026-02-19T10:38:53.6147664Z     'User-Agent': 'azsdk-python-azuremonitorclient/unknown Python/3.11.14 (Linux-6.6.119.3-1.azl3-x86_64-with-glibc2.31)'
2026-02-19T10:38:53.6147686Z A body is sent with the request
2026-02-19T10:38:53.7127784Z 2026-02-19 10:38:53,712 - azure.core.pipeline.policies.http_logging_policy - INFO - Response status: 200
2026-02-19T10:38:53.7128164Z Response headers:
2026-02-19T10:38:53.7128198Z     'Transfer-Encoding': 'chunked'
2026-02-19T10:38:53.7128225Z     'Content-Type': 'application/json; charset=utf-8'
2026-02-19T10:38:53.7128246Z     'Server': 'Microsoft-HTTPAPI/2.0'
2026-02-19T10:38:53.7128266Z     'Strict-Transport-Security': 'REDACTED'
2026-02-19T10:38:53.7128289Z     'X-Content-Type-Options': 'REDACTED'
2026-02-19T10:38:53.7128374Z     'Date': 'Thu, 19 Feb 2026 10:38:53 GMT'
2026-02-19T10:38:53.7134363Z 2026-02-19 10:38:53,712 - azure.monitor.opentelemetry.exporter.export._base - INFO - Transmission succeeded: Item received: 3. Items accepted: 3
2026-02-19T10:38:56.2059388Z 2026-02-19 10:38:56,205 - azure.core.pipeline.policies.http_logging_policy - INFO - Request URL: 'https://westus2-2.in.applicationinsights.azure.com//v2.1/track'
2026-02-19T10:38:56.2059725Z Request method: 'POST'
2026-02-19T10:38:56.2059750Z Request headers:
2026-02-19T10:38:56.2059774Z     'Content-Type': 'application/json'
2026-02-19T10:38:56.2059789Z     'Content-Length': '3719'
2026-02-19T10:38:56.2059805Z     'Accept': 'application/json'
2026-02-19T10:38:56.2059825Z     'x-ms-client-request-id': '312a4012-0d7f-11f1-9207-eeaa766865b8'
2026-02-19T10:38:56.2059901Z     'User-Agent': 'azsdk-python-azuremonitorclient/unknown Python/3.11.14 (Linux-6.6.119.3-1.azl3-x86_64-with-glibc2.31)'
2026-02-19T10:38:56.2059925Z A body is sent with the request
2026-02-19T10:38:56.3084900Z 2026-02-19 10:38:56,308 - azure.core.pipeline.policies.http_logging_policy - INFO - Response status: 200
2026-02-19T10:38:56.3085280Z Response headers:
2026-02-19T10:38:56.3085306Z     'Transfer-Encoding': 'chunked'
2026-02-19T10:38:56.3085328Z     'Content-Type': 'application/json; charset=utf-8'
2026-02-19T10:38:56.3085348Z     'Server': 'Microsoft-HTTPAPI/2.0'
2026-02-19T10:38:56.3085367Z     'Strict-Transport-Security': 'REDACTED'
2026-02-19T10:38:56.3085384Z     'X-Content-Type-Options': 'REDACTED'
2026-02-19T10:38:56.3085401Z     'Date': 'Thu, 19 Feb 2026 10:38:56 GMT'
2026-02-19T10:38:56.3091552Z 2026-02-19 10:38:56,308 - azure.monitor.opentelemetry.exporter.export._base - INFO - Transmission succeeded: Item received: 3. Items accepted: 3
2026-02-19T10:38:58.7153512Z 2026-02-19 10:38:58,715 - azure.core.pipeline.policies.http_logging_policy - INFO - Request URL: 'https://westus2-2.in.applicationinsights.azure.com//v2.1/track'
2026-02-19T10:38:58.7153841Z Request method: 'POST'
2026-02-19T10:38:58.7153871Z Request headers:
2026-02-19T10:38:58.7153892Z     'Content-Type': 'application/json'
2026-02-19T10:38:58.7153921Z     'Content-Length': '3719'
2026-02-19T10:38:58.7153943Z     'Accept': 'application/json'
2026-02-19T10:38:58.7153967Z     'x-ms-client-request-id': '32a927be-0d7f-11f1-99b0-eeaa766865b8'
2026-02-19T10:38:58.7153993Z     'User-Agent': 'azsdk-python-azuremonitorclient/unknown Python/3.11.14 (Linux-6.6.119.3-1.azl3-x86_64-with-glibc2.31)'
2026-02-19T10:38:58.7154014Z A body is sent with the request
2026-02-19T10:38:58.8709859Z 2026-02-19 10:38:58,870 - azure.core.pipeline.policies.http_logging_policy - INFO - Response status: 200
2026-02-19T10:38:58.8710207Z Response headers:
2026-02-19T10:38:58.8710230Z     'Transfer-Encoding': 'chunked'
2026-02-19T10:38:58.8710250Z     'Content-Type': 'application/json; charset=utf-8'
2026-02-19T10:38:58.8710268Z     'Server': 'Microsoft-HTTPAPI/2.0'
2026-02-19T10:38:58.8710286Z     'Strict-Transport-Security': 'REDACTED'
2026-02-19T10:38:58.8710303Z     'X-Content-Type-Options': 'REDACTED'
2026-02-19T10:38:58.8710320Z     'Date': 'Thu, 19 Feb 2026 10:38:58 GMT'
2026-02-19T10:38:58.8713841Z 2026-02-19 10:38:58,871 - azure.monitor.opentelemetry.exporter.export._base - INFO - Transmission succeeded: Item received: 3. Items accepted: 3
2026-02-19T10:39:01.3108035Z 2026-02-19 10:39:01,310 - azure.core.pipeline.policies.http_logging_policy - INFO - Request URL: 'https://westus2-2.in.applicationinsights.azure.com//v2.1/track'
2026-02-19T10:39:01.3108400Z Request method: 'POST'
2026-02-19T10:39:01.3108424Z Request headers:
2026-02-19T10:39:01.3108445Z     'Content-Type': 'application/json'
2026-02-19T10:39:01.3108467Z     'Content-Length': '3720'
2026-02-19T10:39:01.3108487Z     'Accept': 'application/json'
2026-02-19T10:39:01.3108507Z     'x-ms-client-request-id': '3435310e-0d7f-11f1-9207-eeaa766865b8'
2026-02-19T10:39:01.3108531Z     'User-Agent': 'azsdk-python-azuremonitorclient/unknown Python/3.11.14 (Linux-6.6.119.3-1.azl3-x86_64-with-glibc2.31)'
2026-02-19T10:39:01.3108549Z A body is sent with the request
2026-02-19T10:39:01.3541851Z 2026-02-19 10:39:01,353 - azure.core.pipeline.policies.http_logging_policy - INFO - Response status: 200
2026-02-19T10:39:01.3542253Z Response headers:
2026-02-19T10:39:01.3542284Z     'Transfer-Encoding': 'chunked'
2026-02-19T10:39:01.3542381Z     'Content-Type': 'application/json; charset=utf-8'
2026-02-19T10:39:01.3542400Z     'Server': 'Microsoft-HTTPAPI/2.0'
2026-02-19T10:39:01.3542418Z     'Strict-Transport-Security': 'REDACTED'
2026-02-19T10:39:01.3542437Z     'X-Content-Type-Options': 'REDACTED'
2026-02-19T10:39:01.3542457Z     'Date': 'Thu, 19 Feb 2026 10:39:01 GMT'
2026-02-19T10:39:01.3548639Z 2026-02-19 10:39:01,354 - azure.monitor.opentelemetry.exporter.export._base - INFO - Transmission succeeded: Item received: 3. Items accepted: 3
2026-02-19T10:39:03.8732810Z 2026-02-19 10:39:03,873 - azure.core.pipeline.policies.http_logging_policy - INFO - Request URL: 'https://westus2-2.in.applicationinsights.azure.com//v2.1/track'
2026-02-19T10:39:03.8733213Z Request method: 'POST'
2026-02-19T10:39:03.8733241Z Request headers:
2026-02-19T10:39:03.8733261Z     'Content-Type': 'application/json'
2026-02-19T10:39:03.8733339Z     'Content-Length': '3720'
2026-02-19T10:39:03.8733357Z     'Accept': 'application/json'
2026-02-19T10:39:03.8733376Z     'x-ms-client-request-id': '35bc31b2-0d7f-11f1-99b0-eeaa766865b8'
2026-02-19T10:39:03.8733398Z     'User-Agent': 'azsdk-python-azuremonitorclient/unknown Python/3.11.14 (Linux-6.6.119.3-1.azl3-x86_64-with-glibc2.31)'
2026-02-19T10:39:03.8733417Z A body is sent with the request
2026-02-19T10:39:03.9402968Z 2026-02-19 10:39:03,940 - azure.core.pipeline.policies.http_logging_policy - INFO - Response status: 200
2026-02-19T10:39:03.9403341Z Response headers:
2026-02-19T10:39:03.9403369Z     'Transfer-Encoding': 'chunked'
2026-02-19T10:39:03.9403388Z     'Content-Type': 'application/json; charset=utf-8'
2026-02-19T10:39:03.9403405Z     'Server': 'Microsoft-HTTPAPI/2.0'
2026-02-19T10:39:03.9403476Z     'Strict-Transport-Security': 'REDACTED'
2026-02-19T10:39:03.9403495Z     'X-Content-Type-Options': 'REDACTED'
2026-02-19T10:39:03.9403513Z     'Date': 'Thu, 19 Feb 2026 10:39:03 GMT'
2026-02-19T10:39:03.9406770Z 2026-02-19 10:39:03,940 - azure.monitor.opentelemetry.exporter.export._base - INFO - Transmission succeeded: Item received: 3. Items accepted: 3
2026-02-19T10:39:06.3563640Z 2026-02-19 10:39:06,356 - azure.core.pipeline.policies.http_logging_policy - INFO - Request URL: 'https://westus2-2.in.applicationinsights.azure.com//v2.1/track'
2026-02-19T10:39:06.3564030Z Request method: 'POST'
2026-02-19T10:39:06.3564058Z Request headers:
2026-02-19T10:39:06.3564082Z     'Content-Type': 'application/json'
2026-02-19T10:39:06.3564101Z     'Content-Length': '3719'
2026-02-19T10:39:06.3564118Z     'Accept': 'application/json'
2026-02-19T10:39:06.3564210Z     'x-ms-client-request-id': '373714c6-0d7f-11f1-9207-eeaa766865b8'
2026-02-19T10:39:06.3564234Z     'User-Agent': 'azsdk-python-azuremonitorclient/unknown Python/3.11.14 (Linux-6.6.119.3-1.azl3-x86_64-with-glibc2.31)'
2026-02-19T10:39:06.3564252Z A body is sent with the request
2026-02-19T10:39:06.4445994Z 2026-02-19 10:39:06,444 - azure.core.pipeline.policies.http_logging_policy - INFO - Response status: 200
2026-02-19T10:39:06.4446394Z Response headers:
2026-02-19T10:39:06.4446431Z     'Transfer-Encoding': 'chunked'
2026-02-19T10:39:06.4446467Z     'Content-Type': 'application/json; charset=utf-8'
2026-02-19T10:39:06.4446492Z     'Server': 'Microsoft-HTTPAPI/2.0'
2026-02-19T10:39:06.4446517Z     'Strict-Transport-Security': 'REDACTED'
2026-02-19T10:39:06.4446540Z     'X-Content-Type-Options': 'REDACTED'
2026-02-19T10:39:06.4446563Z     'Date': 'Thu, 19 Feb 2026 10:39:06 GMT'
2026-02-19T10:39:06.4449340Z 2026-02-19 10:39:06,444 - azure.monitor.opentelemetry.exporter.export._base - INFO - Transmission succeeded: Item received: 3. Items accepted: 3
2026-02-19T10:39:08.9435050Z 2026-02-19 10:39:08,943 - azure.core.pipeline.policies.http_logging_policy - INFO - Request URL: 'https://westus2-2.in.applicationinsights.azure.com//v2.1/track'
2026-02-19T10:39:08.9435554Z Request method: 'POST'
2026-02-19T10:39:08.9435584Z Request headers:
2026-02-19T10:39:08.9435604Z     'Content-Type': 'application/json'
2026-02-19T10:39:08.9435627Z     'Content-Length': '3720'
2026-02-19T10:39:08.9435643Z     'Accept': 'application/json'
2026-02-19T10:39:08.9435664Z     'x-ms-client-request-id': '38c1d574-0d7f-11f1-99b0-eeaa766865b8'
2026-02-19T10:39:08.9435689Z     'User-Agent': 'azsdk-python-azuremonitorclient/unknown Python/3.11.14 (Linux-6.6.119.3-1.azl3-x86_64-with-glibc2.31)'
2026-02-19T10:39:08.9435749Z A body is sent with the request
2026-02-19T10:39:09.0297164Z 2026-02-19 10:39:09,029 - azure.core.pipeline.policies.http_logging_policy - INFO - Response status: 200
2026-02-19T10:39:09.0297754Z Response headers:
2026-02-19T10:39:09.0297789Z     'Transfer-Encoding': 'chunked'
2026-02-19T10:39:09.0297810Z     'Content-Type': 'application/json; charset=utf-8'
2026-02-19T10:39:09.0297833Z     'Server': 'Microsoft-HTTPAPI/2.0'
2026-02-19T10:39:09.0297858Z     'Strict-Transport-Security': 'REDACTED'
2026-02-19T10:39:09.0297882Z     'X-Content-Type-Options': 'REDACTED'
2026-02-19T10:39:09.0297902Z     'Date': 'Thu, 19 Feb 2026 10:39:08 GMT'
2026-02-19T10:39:09.0297931Z 2026-02-19 10:39:09,029 - azure.monitor.opentelemetry.exporter.export._base - INFO - Transmission succeeded: Item received: 3. Items accepted: 3
2026-02-19T10:39:11.4464942Z 2026-02-19 10:39:11,446 - azure.core.pipeline.policies.http_logging_policy - INFO - Request URL: 'https://westus2-2.in.applicationinsights.azure.com//v2.1/track'
2026-02-19T10:39:11.4465301Z Request method: 'POST'
2026-02-19T10:39:11.4465324Z Request headers:
2026-02-19T10:39:11.4465344Z     'Content-Type': 'application/json'
2026-02-19T10:39:11.4465363Z     'Content-Length': '3720'
2026-02-19T10:39:11.4465379Z     'Accept': 'application/json'
2026-02-19T10:39:11.4465398Z     'x-ms-client-request-id': '3a3fc550-0d7f-11f1-9207-eeaa766865b8'
2026-02-19T10:39:11.4465420Z     'User-Agent': 'azsdk-python-azuremonitorclient/unknown Python/3.11.14 (Linux-6.6.119.3-1.azl3-x86_64-with-glibc2.31)'
2026-02-19T10:39:11.4465440Z A body is sent with the request
2026-02-19T10:39:11.5843088Z 2026-02-19 10:39:11,584 - azure.core.pipeline.policies.http_logging_policy - INFO - Response status: 200
2026-02-19T10:39:11.5843406Z Response headers:
2026-02-19T10:39:11.5843486Z     'Transfer-Encoding': 'chunked'
2026-02-19T10:39:11.5843509Z     'Content-Type': 'application/json; charset=utf-8'
2026-02-19T10:39:11.5843529Z     'Server': 'Microsoft-HTTPAPI/2.0'
2026-02-19T10:39:11.5843549Z     'Strict-Transport-Security': 'REDACTED'
2026-02-19T10:39:11.5843568Z     'X-Content-Type-Options': 'REDACTED'
2026-02-19T10:39:11.5843587Z     'Date': 'Thu, 19 Feb 2026 10:39:11 GMT'
2026-02-19T10:39:11.5851295Z 2026-02-19 10:39:11,584 - azure.monitor.opentelemetry.exporter.export._base - INFO - Transmission succeeded: Item received: 3. Items accepted: 3
2026-02-19T10:39:14.0312932Z 2026-02-19 10:39:14,031 - azure.core.pipeline.policies.http_logging_policy - INFO - Request URL: 'https://westus2-2.in.applicationinsights.azure.com//v2.1/track'
2026-02-19T10:39:14.0313328Z Request method: 'POST'
2026-02-19T10:39:14.0313357Z Request headers:
2026-02-19T10:39:14.0313428Z     'Content-Type': 'application/json'
2026-02-19T10:39:14.0313446Z     'Content-Length': '3719'
2026-02-19T10:39:14.0313465Z     'Accept': 'application/json'
2026-02-19T10:39:14.0313486Z     'x-ms-client-request-id': '3bca2d98-0d7f-11f1-99b0-eeaa766865b8'
2026-02-19T10:39:14.0313508Z     'User-Agent': 'azsdk-python-azuremonitorclient/unknown Python/3.11.14 (Linux-6.6.119.3-1.azl3-x86_64-with-glibc2.31)'
2026-02-19T10:39:14.0313527Z A body is sent with the request
2026-02-19T10:39:14.1688467Z 2026-02-19 10:39:14,168 - azure.core.pipeline.policies.http_logging_policy - INFO - Response status: 200
2026-02-19T10:39:14.1688861Z Response headers:
2026-02-19T10:39:14.1688894Z     'Transfer-Encoding': 'chunked'
2026-02-19T10:39:14.1688917Z     'Content-Type': 'application/json; charset=utf-8'
2026-02-19T10:39:14.1688988Z     'Server': 'Microsoft-HTTPAPI/2.0'
2026-02-19T10:39:14.1689007Z     'Strict-Transport-Security': 'REDACTED'
2026-02-19T10:39:14.1689028Z     'X-Content-Type-Options': 'REDACTED'
2026-02-19T10:39:14.1689047Z     'Date': 'Thu, 19 Feb 2026 10:39:13 GMT'
2026-02-19T10:39:14.1696013Z 2026-02-19 10:39:14,169 - azure.monitor.opentelemetry.exporter.export._base - INFO - Transmission succeeded: Item received: 3. Items accepted: 3
2026-02-19T10:39:16.5866902Z 2026-02-19 10:39:16,586 - azure.core.pipeline.policies.http_logging_policy - INFO - Request URL: 'https://westus2-2.in.applicationinsights.azure.com//v2.1/track'
2026-02-19T10:39:16.5867245Z Request method: 'POST'
2026-02-19T10:39:16.5867275Z Request headers:
2026-02-19T10:39:16.5867297Z     'Content-Type': 'application/json'
2026-02-19T10:39:16.5867316Z     'Content-Length': '3720'
2026-02-19T10:39:16.5867399Z     'Accept': 'application/json'
2026-02-19T10:39:16.5867422Z     'x-ms-client-request-id': '3d501ab0-0d7f-11f1-9207-eeaa766865b8'
2026-02-19T10:39:16.5867446Z     'User-Agent': 'azsdk-python-azuremonitorclient/unknown Python/3.11.14 (Linux-6.6.119.3-1.azl3-x86_64-with-glibc2.31)'
2026-02-19T10:39:16.5867466Z A body is sent with the request
2026-02-19T10:39:16.7370329Z 2026-02-19 10:39:16,736 - azure.core.pipeline.policies.http_logging_policy - INFO - Response status: 200
2026-02-19T10:39:16.7371018Z Response headers:
2026-02-19T10:39:16.7371052Z     'Transfer-Encoding': 'chunked'
2026-02-19T10:39:16.7371072Z     'Content-Type': 'application/json; charset=utf-8'
2026-02-19T10:39:16.7371091Z     'Server': 'Microsoft-HTTPAPI/2.0'
2026-02-19T10:39:16.7371109Z     'Strict-Transport-Security': 'REDACTED'
2026-02-19T10:39:16.7371133Z     'X-Content-Type-Options': 'REDACTED'
2026-02-19T10:39:16.7371221Z     'Date': 'Thu, 19 Feb 2026 10:39:16 GMT'
2026-02-19T10:39:16.7378465Z 2026-02-19 10:39:16,737 - azure.monitor.opentelemetry.exporter.export._base - INFO - Transmission succeeded: Item received: 3. Items accepted: 3
2026-02-19T10:39:19.1711776Z 2026-02-19 10:39:19,170 - azure.core.pipeline.policies.http_logging_policy - INFO - Request URL: 'https://westus2-2.in.applicationinsights.azure.com//v2.1/track'
2026-02-19T10:39:19.1712132Z Request method: 'POST'
2026-02-19T10:39:19.1712160Z Request headers:
2026-02-19T10:39:19.1712179Z     'Content-Type': 'application/json'
2026-02-19T10:39:19.1712198Z     'Content-Length': '3719'
2026-02-19T10:39:19.1712218Z     'Accept': 'application/json'
2026-02-19T10:39:19.1712242Z     'x-ms-client-request-id': '3eda7452-0d7f-11f1-99b0-eeaa766865b8'
2026-02-19T10:39:19.1712327Z     'User-Agent': 'azsdk-python-azuremonitorclient/unknown Python/3.11.14 (Linux-6.6.119.3-1.azl3-x86_64-with-glibc2.31)'
2026-02-19T10:39:19.1712349Z A body is sent with the request
2026-02-19T10:39:19.2699502Z 2026-02-19 10:39:19,269 - azure.core.pipeline.policies.http_logging_policy - INFO - Response status: 200
2026-02-19T10:39:19.2699875Z Response headers:
2026-02-19T10:39:19.2699907Z     'Transfer-Encoding': 'chunked'
2026-02-19T10:39:19.2699929Z     'Content-Type': 'application/json; charset=utf-8'
2026-02-19T10:39:19.2699948Z     'Server': 'Microsoft-HTTPAPI/2.0'
2026-02-19T10:39:19.2699967Z     'Strict-Transport-Security': 'REDACTED'
2026-02-19T10:39:19.2699984Z     'X-Content-Type-Options': 'REDACTED'
2026-02-19T10:39:19.2700001Z     'Date': 'Thu, 19 Feb 2026 10:39:19 GMT'
2026-02-19T10:39:19.2702987Z 2026-02-19 10:39:19,270 - azure.monitor.opentelemetry.exporter.export._base - INFO - Transmission succeeded: Item received: 3. Items accepted: 3
2026-02-19T10:39:21.7391408Z 2026-02-19 10:39:21,738 - azure.core.pipeline.policies.http_logging_policy - INFO - Request URL: 'https://westus2-2.in.applicationinsights.azure.com//v2.1/track'
2026-02-19T10:39:21.7392055Z Request method: 'POST'
2026-02-19T10:39:21.7392088Z Request headers:
2026-02-19T10:39:21.7392113Z     'Content-Type': 'application/json'
2026-02-19T10:39:21.7392132Z     'Content-Length': '3720'
2026-02-19T10:39:21.7392151Z     'Accept': 'application/json'
2026-02-19T10:39:21.7392173Z     'x-ms-client-request-id': '40624ea8-0d7f-11f1-9207-eeaa766865b8'
2026-02-19T10:39:21.7392196Z     'User-Agent': 'azsdk-python-azuremonitorclient/unknown Python/3.11.14 (Linux-6.6.119.3-1.azl3-x86_64-with-glibc2.31)'
2026-02-19T10:39:21.7392223Z A body is sent with the request
2026-02-19T10:39:21.8649958Z 2026-02-19 10:39:21,864 - azure.core.pipeline.policies.http_logging_policy - INFO - Response status: 200
2026-02-19T10:39:21.8650592Z Response headers:
2026-02-19T10:39:21.8650621Z     'Transfer-Encoding': 'chunked'
2026-02-19T10:39:21.8650640Z     'Content-Type': 'application/json; charset=utf-8'
2026-02-19T10:39:21.8650659Z     'Server': 'Microsoft-HTTPAPI/2.0'
2026-02-19T10:39:21.8650678Z     'Strict-Transport-Security': 'REDACTED'
2026-02-19T10:39:21.8650698Z     'X-Content-Type-Options': 'REDACTED'
2026-02-19T10:39:21.8650717Z     'Date': 'Thu, 19 Feb 2026 10:39:21 GMT'
2026-02-19T10:39:21.8656340Z 2026-02-19 10:39:21,865 - azure.monitor.opentelemetry.exporter.export._base - INFO - Transmission succeeded: Item received: 3. Items accepted: 3
2026-02-19T10:39:24.2735911Z 2026-02-19 10:39:24,273 - azure.core.pipeline.policies.http_logging_policy - INFO - Request URL: 'https://westus2-2.in.applicationinsights.azure.com//v2.1/track'
2026-02-19T10:39:24.2736556Z Request method: 'POST'
2026-02-19T10:39:24.2736589Z Request headers:
2026-02-19T10:39:24.2736614Z     'Content-Type': 'application/json'
2026-02-19T10:39:24.2736636Z     'Content-Length': '3720'
2026-02-19T10:39:24.2736657Z     'Accept': 'application/json'
2026-02-19T10:39:24.2736679Z     'x-ms-client-request-id': '41e4fbfe-0d7f-11f1-99b0-eeaa766865b8'
2026-02-19T10:39:24.2736703Z     'User-Agent': 'azsdk-python-azuremonitorclient/unknown Python/3.11.14 (Linux-6.6.119.3-1.azl3-x86_64-with-glibc2.31)'
2026-02-19T10:39:24.2737602Z A body is sent with the request
2026-02-19T10:39:24.4601715Z 2026-02-19 10:39:24,459 - azure.core.pipeline.policies.http_logging_policy - INFO - Response status: 200
2026-02-19T10:39:24.4602463Z Response headers:
2026-02-19T10:39:24.4602495Z     'Transfer-Encoding': 'chunked'
2026-02-19T10:39:24.4602697Z     'Content-Type': 'application/json; charset=utf-8'
2026-02-19T10:39:24.4602723Z     'Server': 'Microsoft-HTTPAPI/2.0'
2026-02-19T10:39:24.4602743Z     'Strict-Transport-Security': 'REDACTED'
2026-02-19T10:39:24.4602764Z     'X-Content-Type-Options': 'REDACTED'
2026-02-19T10:39:24.4602783Z     'Date': 'Thu, 19 Feb 2026 10:39:24 GMT'
2026-02-19T10:39:24.4609366Z 2026-02-19 10:39:24,460 - azure.monitor.opentelemetry.exporter.export._base - INFO - Transmission succeeded: Item received: 3. Items accepted: 3
2026-02-19T10:39:26.8689004Z 2026-02-19 10:39:26,867 - azure.core.pipeline.policies.http_logging_policy - INFO - Request URL: 'https://westus2-2.in.applicationinsights.azure.com//v2.1/track'
2026-02-19T10:39:26.8690376Z Request method: 'POST'
2026-02-19T10:39:26.8690417Z Request headers:
2026-02-19T10:39:26.8690442Z     'Content-Type': 'application/json'
2026-02-19T10:39:26.8690526Z     'Content-Length': '3720'
2026-02-19T10:39:26.8690549Z     'Accept': 'application/json'
2026-02-19T10:39:26.8690572Z     'x-ms-client-request-id': '4370dda8-0d7f-11f1-9207-eeaa766865b8'
2026-02-19T10:39:26.8690599Z     'User-Agent': 'azsdk-python-azuremonitorclient/unknown Python/3.11.14 (Linux-6.6.119.3-1.azl3-x86_64-with-glibc2.31)'
2026-02-19T10:39:26.8691514Z A body is sent with the request
2026-02-19T10:39:26.9234793Z 2026-02-19 10:39:26,923 - azure.core.pipeline.policies.http_logging_policy - INFO - Response status: 200
2026-02-19T10:39:26.9235179Z Response headers:
2026-02-19T10:39:26.9235213Z     'Transfer-Encoding': 'chunked'
2026-02-19T10:39:26.9235234Z     'Content-Type': 'application/json; charset=utf-8'
2026-02-19T10:39:26.9235251Z     'Server': 'Microsoft-HTTPAPI/2.0'
2026-02-19T10:39:26.9235330Z     'Strict-Transport-Security': 'REDACTED'
2026-02-19T10:39:26.9235349Z     'X-Content-Type-Options': 'REDACTED'
2026-02-19T10:39:26.9235368Z     'Date': 'Thu, 19 Feb 2026 10:39:26 GMT'
2026-02-19T10:39:26.9240958Z 2026-02-19 10:39:26,923 - azure.monitor.opentelemetry.exporter.export._base - INFO - Transmission succeeded: Item received: 3. Items accepted: 3
2026-02-19T10:39:29.4634668Z 2026-02-19 10:39:29,463 - azure.core.pipeline.policies.http_logging_policy - INFO - Request URL: 'https://westus2-2.in.applicationinsights.azure.com//v2.1/track'
2026-02-19T10:39:29.4635133Z Request method: 'POST'
2026-02-19T10:39:29.4635155Z Request headers:
2026-02-19T10:39:29.4635176Z     'Content-Type': 'application/json'
2026-02-19T10:39:29.4635195Z     'Content-Length': '3720'
2026-02-19T10:39:29.4635213Z     'Accept': 'application/json'
2026-02-19T10:39:29.4635233Z     'x-ms-client-request-id': '44fcec48-0d7f-11f1-99b0-eeaa766865b8'
2026-02-19T10:39:29.4635256Z     'User-Agent': 'azsdk-python-azuremonitorclient/unknown Python/3.11.14 (Linux-6.6.119.3-1.azl3-x86_64-with-glibc2.31)'
2026-02-19T10:39:29.4635275Z A body is sent with the request
2026-02-19T10:39:29.5081429Z 2026-02-19 10:39:29,507 - azure.core.pipeline.policies.http_logging_policy - INFO - Response status: 200
2026-02-19T10:39:29.5081734Z Response headers:
2026-02-19T10:39:29.5081799Z     'Transfer-Encoding': 'chunked'
2026-02-19T10:39:29.5081823Z     'Content-Type': 'application/json; charset=utf-8'
2026-02-19T10:39:29.5081844Z     'Server': 'Microsoft-HTTPAPI/2.0'
2026-02-19T10:39:29.5081865Z     'Strict-Transport-Security': 'REDACTED'
2026-02-19T10:39:29.5081885Z     'X-Content-Type-Options': 'REDACTED'
2026-02-19T10:39:29.5081904Z     'Date': 'Thu, 19 Feb 2026 10:39:29 GMT'
2026-02-19T10:39:29.5086734Z 2026-02-19 10:39:29,508 - azure.monitor.opentelemetry.exporter.export._base - INFO - Transmission succeeded: Item received: 3. Items accepted: 3
2026-02-19T10:39:31.9262390Z 2026-02-19 10:39:31,925 - azure.core.pipeline.policies.http_logging_policy - INFO - Request URL: 'https://westus2-2.in.applicationinsights.azure.com//v2.1/track'
2026-02-19T10:39:31.9262752Z Request method: 'POST'
2026-02-19T10:39:31.9262781Z Request headers:
2026-02-19T10:39:31.9262862Z     'Content-Type': 'application/json'
2026-02-19T10:39:31.9262884Z     'Content-Length': '3720'
2026-02-19T10:39:31.9262902Z     'Accept': 'application/json'
2026-02-19T10:39:31.9262922Z     'x-ms-client-request-id': '46749b70-0d7f-11f1-9207-eeaa766865b8'
2026-02-19T10:39:31.9262945Z     'User-Agent': 'azsdk-python-azuremonitorclient/unknown Python/3.11.14 (Linux-6.6.119.3-1.azl3-x86_64-with-glibc2.31)'
2026-02-19T10:39:31.9262963Z A body is sent with the request
2026-02-19T10:39:31.9880975Z 2026-02-19 10:39:31,987 - azure.core.pipeline.policies.http_logging_policy - INFO - Response status: 200
2026-02-19T10:39:31.9881363Z Response headers:
2026-02-19T10:39:31.9881397Z     'Transfer-Encoding': 'chunked'
2026-02-19T10:39:31.9881422Z     'Content-Type': 'application/json; charset=utf-8'
2026-02-19T10:39:31.9881445Z     'Server': 'Microsoft-HTTPAPI/2.0'
2026-02-19T10:39:31.9881527Z     'Strict-Transport-Security': 'REDACTED'
2026-02-19T10:39:31.9881550Z     'X-Content-Type-Options': 'REDACTED'
2026-02-19T10:39:31.9881573Z     'Date': 'Thu, 19 Feb 2026 10:39:31 GMT'
2026-02-19T10:39:31.9888434Z 2026-02-19 10:39:31,988 - azure.monitor.opentelemetry.exporter.export._base - INFO - Transmission succeeded: Item received: 3. Items accepted: 3
2026-02-19T10:39:34.5104167Z 2026-02-19 10:39:34,510 - azure.core.pipeline.policies.http_logging_policy - INFO - Request URL: 'https://westus2-2.in.applicationinsights.azure.com//v2.1/track'
2026-02-19T10:39:34.5104513Z Request method: 'POST'
2026-02-19T10:39:34.5104543Z Request headers:
2026-02-19T10:39:34.5104565Z     'Content-Type': 'application/json'
2026-02-19T10:39:34.5104587Z     'Content-Length': '3720'
2026-02-19T10:39:34.5104611Z     'Accept': 'application/json'
2026-02-19T10:39:34.5104692Z     'x-ms-client-request-id': '47ff0a66-0d7f-11f1-99b0-eeaa766865b8'
2026-02-19T10:39:34.5104717Z     'User-Agent': 'azsdk-python-azuremonitorclient/unknown Python/3.11.14 (Linux-6.6.119.3-1.azl3-x86_64-with-glibc2.31)'
2026-02-19T10:39:34.5104737Z A body is sent with the request
2026-02-19T10:39:34.6850920Z 2026-02-19 10:39:34,684 - azure.core.pipeline.policies.http_logging_policy - INFO - Response status: 200
2026-02-19T10:39:34.6851284Z Response headers:
2026-02-19T10:39:34.6851315Z     'Transfer-Encoding': 'chunked'
2026-02-19T10:39:34.6851336Z     'Content-Type': 'application/json; charset=utf-8'
2026-02-19T10:39:34.6851354Z     'Server': 'Microsoft-HTTPAPI/2.0'
2026-02-19T10:39:34.6851374Z     'Strict-Transport-Security': 'REDACTED'
2026-02-19T10:39:34.6851395Z     'X-Content-Type-Options': 'REDACTED'
2026-02-19T10:39:34.6851474Z     'Date': 'Thu, 19 Feb 2026 10:39:34 GMT'
2026-02-19T10:39:34.6861176Z 2026-02-19 10:39:34,685 - azure.monitor.opentelemetry.exporter.export._base - INFO - Transmission succeeded: Item received: 3. Items accepted: 3
2026-02-19T10:39:36.9902341Z 2026-02-19 10:39:36,990 - azure.core.pipeline.policies.http_logging_policy - INFO - Request URL: 'https://westus2-2.in.applicationinsights.azure.com//v2.1/track'
2026-02-19T10:39:36.9902712Z Request method: 'POST'
2026-02-19T10:39:36.9902742Z Request headers:
2026-02-19T10:39:36.9902762Z     'Content-Type': 'application/json'
2026-02-19T10:39:36.9902780Z     'Content-Length': '3720'
2026-02-19T10:39:36.9902801Z     'Accept': 'application/json'
2026-02-19T10:39:36.9902822Z     'x-ms-client-request-id': '49796fd0-0d7f-11f1-9207-eeaa766865b8'
2026-02-19T10:39:36.9902850Z     'User-Agent': 'azsdk-python-azuremonitorclient/unknown Python/3.11.14 (Linux-6.6.119.3-1.azl3-x86_64-with-glibc2.31)'
2026-02-19T10:39:36.9902932Z A body is sent with the request
2026-02-19T10:39:37.0578009Z 2026-02-19 10:39:37,057 - azure.core.pipeline.policies.http_logging_policy - INFO - Response status: 200
2026-02-19T10:39:37.0578381Z Response headers:
2026-02-19T10:39:37.0578406Z     'Transfer-Encoding': 'chunked'
2026-02-19T10:39:37.0578426Z     'Content-Type': 'application/json; charset=utf-8'
2026-02-19T10:39:37.0578445Z     'Server': 'Microsoft-HTTPAPI/2.0'
2026-02-19T10:39:37.0578466Z     'Strict-Transport-Security': 'REDACTED'
2026-02-19T10:39:37.0578492Z     'X-Content-Type-Options': 'REDACTED'
2026-02-19T10:39:37.0578510Z     'Date': 'Thu, 19 Feb 2026 10:39:36 GMT'
2026-02-19T10:39:37.0585650Z 2026-02-19 10:39:37,058 - azure.monitor.opentelemetry.exporter.export._base - INFO - Transmission succeeded: Item received: 3. Items accepted: 3
2026-02-19T10:39:39.6877419Z 2026-02-19 10:39:39,687 - azure.core.pipeline.policies.http_logging_policy - INFO - Request URL: 'https://westus2-2.in.applicationinsights.azure.com//v2.1/track'
2026-02-19T10:39:39.6877797Z Request method: 'POST'
2026-02-19T10:39:39.6877824Z Request headers:
2026-02-19T10:39:39.6877849Z     'Content-Type': 'application/json'
2026-02-19T10:39:39.6877874Z     'Content-Length': '3720'
2026-02-19T10:39:39.6877897Z     'Accept': 'application/json'
2026-02-19T10:39:39.6877926Z     'x-ms-client-request-id': '4b150a2a-0d7f-11f1-99b0-eeaa766865b8'
2026-02-19T10:39:39.6877953Z     'User-Agent': 'azsdk-python-azuremonitorclient/unknown Python/3.11.14 (Linux-6.6.119.3-1.azl3-x86_64-with-glibc2.31)'
2026-02-19T10:39:39.6877973Z A body is sent with the request
2026-02-19T10:39:39.8044671Z 2026-02-19 10:39:39,803 - azure.core.pipeline.policies.http_logging_policy - INFO - Response status: 200
2026-02-19T10:39:39.8045323Z Response headers:
2026-02-19T10:39:39.8045353Z     'Transfer-Encoding': 'chunked'
2026-02-19T10:39:39.8045380Z     'Content-Type': 'application/json; charset=utf-8'
2026-02-19T10:39:39.8045404Z     'Server': 'Microsoft-HTTPAPI/2.0'
2026-02-19T10:39:39.8045428Z     'Strict-Transport-Security': 'REDACTED'
2026-02-19T10:39:39.8045450Z     'X-Content-Type-Options': 'REDACTED'
2026-02-19T10:39:39.8045473Z     'Date': 'Thu, 19 Feb 2026 10:39:39 GMT'
2026-02-19T10:39:39.8045503Z 2026-02-19 10:39:39,804 - azure.monitor.opentelemetry.exporter.export._base - INFO - Transmission succeeded: Item received: 3. Items accepted: 3
2026-02-19T10:39:42.0603974Z 2026-02-19 10:39:42,060 - azure.core.pipeline.policies.http_logging_policy - INFO - Request URL: 'https://westus2-2.in.applicationinsights.azure.com//v2.1/track'
2026-02-19T10:39:42.0604364Z Request method: 'POST'
2026-02-19T10:39:42.0604464Z Request headers:
2026-02-19T10:39:42.0604483Z     'Content-Type': 'application/json'
2026-02-19T10:39:42.0604499Z     'Content-Length': '3720'
2026-02-19T10:39:42.0604516Z     'Accept': 'application/json'
2026-02-19T10:39:42.0604538Z     'x-ms-client-request-id': '4c7f161c-0d7f-11f1-9207-eeaa766865b8'
2026-02-19T10:39:42.0604559Z     'User-Agent': 'azsdk-python-azuremonitorclient/unknown Python/3.11.14 (Linux-6.6.119.3-1.azl3-x86_64-with-glibc2.31)'
2026-02-19T10:39:42.0604579Z A body is sent with the request
2026-02-19T10:39:42.1527233Z 2026-02-19 10:39:42,152 - azure.core.pipeline.policies.http_logging_policy - INFO - Response status: 200
2026-02-19T10:39:42.1527619Z Response headers:
2026-02-19T10:39:42.1527645Z     'Transfer-Encoding': 'chunked'
2026-02-19T10:39:42.1527668Z     'Content-Type': 'application/json; charset=utf-8'
2026-02-19T10:39:42.1527738Z     'Server': 'Microsoft-HTTPAPI/2.0'
2026-02-19T10:39:42.1527757Z     'Strict-Transport-Security': 'REDACTED'
2026-02-19T10:39:42.1527775Z     'X-Content-Type-Options': 'REDACTED'
2026-02-19T10:39:42.1527794Z     'Date': 'Thu, 19 Feb 2026 10:39:41 GMT'
2026-02-19T10:39:42.1532438Z 2026-02-19 10:39:42,153 - azure.monitor.opentelemetry.exporter.export._base - INFO - Transmission succeeded: Item received: 3. Items accepted: 3
2026-02-19T10:39:44.8072046Z 2026-02-19 10:39:44,807 - azure.core.pipeline.policies.http_logging_policy - INFO - Request URL: 'https://westus2-2.in.applicationinsights.azure.com//v2.1/track'
2026-02-19T10:39:44.8072537Z Request method: 'POST'
2026-02-19T10:39:44.8072568Z Request headers:
2026-02-19T10:39:44.8072593Z     'Content-Type': 'application/json'
2026-02-19T10:39:44.8072613Z     'Content-Length': '3720'
2026-02-19T10:39:44.8072692Z     'Accept': 'application/json'
2026-02-19T10:39:44.8072712Z     'x-ms-client-request-id': '4e223724-0d7f-11f1-99b0-eeaa766865b8'
2026-02-19T10:39:44.8072733Z     'User-Agent': 'azsdk-python-azuremonitorclient/unknown Python/3.11.14 (Linux-6.6.119.3-1.azl3-x86_64-with-glibc2.31)'
2026-02-19T10:39:44.8072752Z A body is sent with the request
2026-02-19T10:39:44.9532952Z 2026-02-19 10:39:44,952 - azure.core.pipeline.policies.http_logging_policy - INFO - Response status: 200
2026-02-19T10:39:44.9533345Z Response headers:
2026-02-19T10:39:44.9533379Z     'Transfer-Encoding': 'chunked'
2026-02-19T10:39:44.9533400Z     'Content-Type': 'application/json; charset=utf-8'
2026-02-19T10:39:44.9533418Z     'Server': 'Microsoft-HTTPAPI/2.0'
2026-02-19T10:39:44.9533436Z     'Strict-Transport-Security': 'REDACTED'
2026-02-19T10:39:44.9533515Z     'X-Content-Type-Options': 'REDACTED'
2026-02-19T10:39:44.9533534Z     'Date': 'Thu, 19 Feb 2026 10:39:44 GMT'
2026-02-19T10:39:44.9541476Z 2026-02-19 10:39:44,953 - azure.monitor.opentelemetry.exporter.export._base - INFO - Transmission succeeded: Item received: 3. Items accepted: 3
2026-02-19T10:39:47.1557977Z 2026-02-19 10:39:47,155 - azure.core.pipeline.policies.http_logging_policy - INFO - Request URL: 'https://westus2-2.in.applicationinsights.azure.com//v2.1/track'
2026-02-19T10:39:47.1558366Z Request method: 'POST'
2026-02-19T10:39:47.1558399Z Request headers:
2026-02-19T10:39:47.1558418Z     'Content-Type': 'application/json'
2026-02-19T10:39:47.1558435Z     'Content-Length': '3720'
2026-02-19T10:39:47.1558455Z     'Accept': 'application/json'
2026-02-19T10:39:47.1558476Z     'x-ms-client-request-id': '4f888e1a-0d7f-11f1-9207-eeaa766865b8'
2026-02-19T10:39:47.1558546Z     'User-Agent': 'azsdk-python-azuremonitorclient/unknown Python/3.11.14 (Linux-6.6.119.3-1.azl3-x86_64-with-glibc2.31)'
2026-02-19T10:39:47.1558567Z A body is sent with the request
2026-02-19T10:39:47.2221475Z 2026-02-19 10:39:47,221 - azure.core.pipeline.policies.http_logging_policy - INFO - Response status: 200
2026-02-19T10:39:47.2221813Z Response headers:
2026-02-19T10:39:47.2221841Z     'Transfer-Encoding': 'chunked'
2026-02-19T10:39:47.2221862Z     'Content-Type': 'application/json; charset=utf-8'
2026-02-19T10:39:47.2221883Z     'Server': 'Microsoft-HTTPAPI/2.0'
2026-02-19T10:39:47.2221902Z     'Strict-Transport-Security': 'REDACTED'
2026-02-19T10:39:47.2221923Z     'X-Content-Type-Options': 'REDACTED'
2026-02-19T10:39:47.2221945Z     'Date': 'Thu, 19 Feb 2026 10:39:47 GMT'
2026-02-19T10:39:47.2226598Z 2026-02-19 10:39:47,222 - azure.monitor.opentelemetry.exporter.export._base - INFO - Transmission succeeded: Item received: 3. Items accepted: 3
2026-02-19T10:39:49.9553721Z 2026-02-19 10:39:49,955 - azure.core.pipeline.policies.http_logging_policy - INFO - Request URL: 'https://westus2-2.in.applicationinsights.azure.com//v2.1/track'
2026-02-19T10:39:49.9554114Z Request method: 'POST'
2026-02-19T10:39:49.9554143Z Request headers:
2026-02-19T10:39:49.9554163Z     'Content-Type': 'application/json'
2026-02-19T10:39:49.9554184Z     'Content-Length': '3719'
2026-02-19T10:39:49.9554203Z     'Accept': 'application/json'
2026-02-19T10:39:49.9554225Z     'x-ms-client-request-id': '5133c2ac-0d7f-11f1-99b0-eeaa766865b8'
2026-02-19T10:39:49.9554251Z     'User-Agent': 'azsdk-python-azuremonitorclient/unknown Python/3.11.14 (Linux-6.6.119.3-1.azl3-x86_64-with-glibc2.31)'
2026-02-19T10:39:49.9554268Z A body is sent with the request
2026-02-19T10:39:50.0016813Z 2026-02-19 10:39:50,001 - azure.core.pipeline.policies.http_logging_policy - INFO - Response status: 200
2026-02-19T10:39:50.0017214Z Response headers:
2026-02-19T10:39:50.0017243Z     'Transfer-Encoding': 'chunked'
2026-02-19T10:39:50.0017263Z     'Content-Type': 'application/json; charset=utf-8'
2026-02-19T10:39:50.0017285Z     'Server': 'Microsoft-HTTPAPI/2.0'
2026-02-19T10:39:50.0017305Z     'Strict-Transport-Security': 'REDACTED'
2026-02-19T10:39:50.0017323Z     'X-Content-Type-Options': 'REDACTED'
2026-02-19T10:39:50.0017340Z     'Date': 'Thu, 19 Feb 2026 10:39:49 GMT'
2026-02-19T10:39:50.0022864Z 2026-02-19 10:39:50,001 - azure.monitor.opentelemetry.exporter.export._base - INFO - Transmission succeeded: Item received: 3. Items accepted: 3
2026-02-19T10:39:52.2246568Z 2026-02-19 10:39:52,224 - azure.core.pipeline.policies.http_logging_policy - INFO - Request URL: 'https://westus2-2.in.applicationinsights.azure.com//v2.1/track'
2026-02-19T10:39:52.2246980Z Request method: 'POST'
2026-02-19T10:39:52.2247007Z Request headers:
2026-02-19T10:39:52.2247028Z     'Content-Type': 'application/json'
2026-02-19T10:39:52.2247047Z     'Content-Length': '3720'
2026-02-19T10:39:52.2247067Z     'Accept': 'application/json'
2026-02-19T10:39:52.2247088Z     'x-ms-client-request-id': '528e04b4-0d7f-11f1-9207-eeaa766865b8'
2026-02-19T10:39:52.2247112Z     'User-Agent': 'azsdk-python-azuremonitorclient/unknown Python/3.11.14 (Linux-6.6.119.3-1.azl3-x86_64-with-glibc2.31)'
2026-02-19T10:39:52.2247131Z A body is sent with the request
2026-02-19T10:39:52.2651191Z 2026-02-19 10:39:52,264 - azure.core.pipeline.policies.http_logging_policy - INFO - Response status: 200
2026-02-19T10:39:52.2651567Z Response headers:
2026-02-19T10:39:52.2651591Z     'Transfer-Encoding': 'chunked'
2026-02-19T10:39:52.2651678Z     'Content-Type': 'application/json; charset=utf-8'
2026-02-19T10:39:52.2651695Z     'Server': 'Microsoft-HTTPAPI/2.0'
2026-02-19T10:39:52.2651714Z     'Strict-Transport-Security': 'REDACTED'
2026-02-19T10:39:52.2651731Z     'X-Content-Type-Options': 'REDACTED'
2026-02-19T10:39:52.2651750Z     'Date': 'Thu, 19 Feb 2026 10:39:52 GMT'
2026-02-19T10:39:52.2659849Z 2026-02-19 10:39:52,265 - azure.monitor.opentelemetry.exporter.export._base - INFO - Transmission succeeded: Item received: 3. Items accepted: 3
2026-02-19T10:39:55.0041821Z 2026-02-19 10:39:55,003 - azure.core.pipeline.policies.http_logging_policy - INFO - Request URL: 'https://westus2-2.in.applicationinsights.azure.com//v2.1/track'
2026-02-19T10:39:55.0042219Z Request method: 'POST'
2026-02-19T10:39:55.0042244Z Request headers:
2026-02-19T10:39:55.0042325Z     'Content-Type': 'application/json'
2026-02-19T10:39:55.0042346Z     'Content-Length': '3720'
2026-02-19T10:39:55.0042364Z     'Accept': 'application/json'
2026-02-19T10:39:55.0042385Z     'x-ms-client-request-id': '54362602-0d7f-11f1-99b0-eeaa766865b8'
2026-02-19T10:39:55.0042413Z     'User-Agent': 'azsdk-python-azuremonitorclient/unknown Python/3.11.14 (Linux-6.6.119.3-1.azl3-x86_64-with-glibc2.31)'
2026-02-19T10:39:55.0042433Z A body is sent with the request
2026-02-19T10:39:55.0630328Z 2026-02-19 10:39:55,062 - azure.core.pipeline.policies.http_logging_policy - INFO - Response status: 200
2026-02-19T10:39:55.0630672Z Response headers:
2026-02-19T10:39:55.0630710Z     'Transfer-Encoding': 'chunked'
2026-02-19T10:39:55.0630735Z     'Content-Type': 'application/json; charset=utf-8'
2026-02-19T10:39:55.0630757Z     'Server': 'Microsoft-HTTPAPI/2.0'
2026-02-19T10:39:55.0630817Z     'Strict-Transport-Security': 'REDACTED'
2026-02-19T10:39:55.0630845Z     'X-Content-Type-Options': 'REDACTED'
2026-02-19T10:39:55.0630869Z     'Date': 'Thu, 19 Feb 2026 10:39:54 GMT'
2026-02-19T10:39:55.0638348Z 2026-02-19 10:39:55,063 - azure.monitor.opentelemetry.exporter.export._base - INFO - Transmission succeeded: Item received: 3. Items accepted: 3
2026-02-19T10:39:57.2675300Z 2026-02-19 10:39:57,267 - azure.core.pipeline.policies.http_logging_policy - INFO - Request URL: 'https://westus2-2.in.applicationinsights.azure.com//v2.1/track'
2026-02-19T10:39:57.2675647Z Request method: 'POST'
2026-02-19T10:39:57.2675680Z Request headers:
2026-02-19T10:39:57.2675703Z     'Content-Type': 'application/json'
2026-02-19T10:39:57.2675720Z     'Content-Length': '3719'
2026-02-19T10:39:57.2675740Z     'Accept': 'application/json'
2026-02-19T10:39:57.2675819Z     'x-ms-client-request-id': '558f81ec-0d7f-11f1-9207-eeaa766865b8'
2026-02-19T10:39:57.2675845Z     'User-Agent': 'azsdk-python-azuremonitorclient/unknown Python/3.11.14 (Linux-6.6.119.3-1.azl3-x86_64-with-glibc2.31)'
2026-02-19T10:39:57.2675865Z A body is sent with the request
2026-02-19T10:39:57.3241788Z 2026-02-19 10:39:57,323 - azure.core.pipeline.policies.http_logging_policy - INFO - Response status: 200
2026-02-19T10:39:57.3242121Z Response headers:
2026-02-19T10:39:57.3242149Z     'Transfer-Encoding': 'chunked'
2026-02-19T10:39:57.3242170Z     'Content-Type': 'application/json; charset=utf-8'
2026-02-19T10:39:57.3242189Z     'Server': 'Microsoft-HTTPAPI/2.0'
2026-02-19T10:39:57.3242213Z     'Strict-Transport-Security': 'REDACTED'
2026-02-19T10:39:57.3242234Z     'X-Content-Type-Options': 'REDACTED'
2026-02-19T10:39:57.3242253Z     'Date': 'Thu, 19 Feb 2026 10:39:57 GMT'
2026-02-19T10:39:57.3246376Z 2026-02-19 10:39:57,324 - azure.monitor.opentelemetry.exporter.export._base - INFO - Transmission succeeded: Item received: 3. Items accepted: 3
2026-02-19T10:40:00.0651857Z 2026-02-19 10:40:00,065 - azure.core.pipeline.policies.http_logging_policy - INFO - Request URL: 'https://westus2-2.in.applicationinsights.azure.com//v2.1/track'
2026-02-19T10:40:00.0652254Z Request method: 'POST'
2026-02-19T10:40:00.0652285Z Request headers:
2026-02-19T10:40:00.0652304Z     'Content-Type': 'application/json'
2026-02-19T10:40:00.0652322Z     'Content-Length': '3720'
2026-02-19T10:40:00.0652343Z     'Accept': 'application/json'
2026-02-19T10:40:00.0652368Z     'x-ms-client-request-id': '573a65b6-0d7f-11f1-99b0-eeaa766865b8'
2026-02-19T10:40:00.0652395Z     'User-Agent': 'azsdk-python-azuremonitorclient/unknown Python/3.11.14 (Linux-6.6.119.3-1.azl3-x86_64-with-glibc2.31)'
2026-02-19T10:40:00.0652488Z A body is sent with the request
2026-02-19T10:40:00.1906661Z 2026-02-19 10:40:00,190 - azure.core.pipeline.policies.http_logging_policy - INFO - Response status: 200
2026-02-19T10:40:00.1907016Z Response headers:
2026-02-19T10:40:00.1907045Z     'Transfer-Encoding': 'chunked'
2026-02-19T10:40:00.1907073Z     'Content-Type': 'application/json; charset=utf-8'
2026-02-19T10:40:00.1907099Z     'Server': 'Microsoft-HTTPAPI/2.0'
2026-02-19T10:40:00.1907118Z     'Strict-Transport-Security': 'REDACTED'
2026-02-19T10:40:00.1907137Z     'X-Content-Type-Options': 'REDACTED'
2026-02-19T10:40:00.1907156Z     'Date': 'Thu, 19 Feb 2026 10:39:59 GMT'
2026-02-19T10:40:00.1911905Z 2026-02-19 10:40:00,190 - azure.monitor.opentelemetry.exporter.export._base - INFO - Transmission succeeded: Item received: 3. Items accepted: 3
2026-02-19T10:40:02.3266845Z 2026-02-19 10:40:02,326 - azure.core.pipeline.policies.http_logging_policy - INFO - Request URL: 'https://westus2-2.in.applicationinsights.azure.com//v2.1/track'
2026-02-19T10:40:02.3267191Z Request method: 'POST'
2026-02-19T10:40:02.3267217Z Request headers:
2026-02-19T10:40:02.3267241Z     'Content-Type': 'application/json'
2026-02-19T10:40:02.3267263Z     'Content-Length': '3720'
2026-02-19T10:40:02.3267287Z     'Accept': 'application/json'
2026-02-19T10:40:02.3267311Z     'x-ms-client-request-id': '5893793e-0d7f-11f1-9207-eeaa766865b8'
2026-02-19T10:40:02.3267335Z     'User-Agent': 'azsdk-python-azuremonitorclient/unknown Python/3.11.14 (Linux-6.6.119.3-1.azl3-x86_64-with-glibc2.31)'
2026-02-19T10:40:02.3267355Z A body is sent with the request
2026-02-19T10:40:02.4136875Z 2026-02-19 10:40:02,413 - azure.core.pipeline.policies.http_logging_policy - INFO - Response status: 200
2026-02-19T10:40:02.4137336Z Response headers:
2026-02-19T10:40:02.4137362Z     'Transfer-Encoding': 'chunked'
2026-02-19T10:40:02.4137382Z     'Content-Type': 'application/json; charset=utf-8'
2026-02-19T10:40:02.4137401Z     'Server': 'Microsoft-HTTPAPI/2.0'
2026-02-19T10:40:02.4137418Z     'Strict-Transport-Security': 'REDACTED'
2026-02-19T10:40:02.4137437Z     'X-Content-Type-Options': 'REDACTED'
2026-02-19T10:40:02.4137455Z     'Date': 'Thu, 19 Feb 2026 10:40:02 GMT'
2026-02-19T10:40:02.4140880Z 2026-02-19 10:40:02,413 - azure.monitor.opentelemetry.exporter.export._base - INFO - Transmission succeeded: Item received: 3. Items accepted: 3
2026-02-19T10:40:05.1937845Z 2026-02-19 10:40:05,193 - azure.core.pipeline.policies.http_logging_policy - INFO - Request URL: 'https://westus2-2.in.applicationinsights.azure.com//v2.1/track'
2026-02-19T10:40:05.1938369Z Request method: 'POST'
2026-02-19T10:40:05.1938458Z Request headers:
2026-02-19T10:40:05.1938479Z     'Content-Type': 'application/json'
2026-02-19T10:40:05.1938500Z     'Content-Length': '3720'
2026-02-19T10:40:05.1938517Z     'Accept': 'application/json'
2026-02-19T10:40:05.1938535Z     'x-ms-client-request-id': '5a48f524-0d7f-11f1-99b0-eeaa766865b8'
2026-02-19T10:40:05.1938555Z     'User-Agent': 'azsdk-python-azuremonitorclient/unknown Python/3.11.14 (Linux-6.6.119.3-1.azl3-x86_64-with-glibc2.31)'
2026-02-19T10:40:05.1938572Z A body is sent with the request
2026-02-19T10:40:05.2660024Z 2026-02-19 10:40:05,265 - azure.core.pipeline.policies.http_logging_policy - INFO - Response status: 200
2026-02-19T10:40:05.2660417Z Response headers:
2026-02-19T10:40:05.2660445Z     'Transfer-Encoding': 'chunked'
2026-02-19T10:40:05.2660463Z     'Content-Type': 'application/json; charset=utf-8'
2026-02-19T10:40:05.2660537Z     'Server': 'Microsoft-HTTPAPI/2.0'
2026-02-19T10:40:05.2660555Z     'Strict-Transport-Security': 'REDACTED'
2026-02-19T10:40:05.2660574Z     'X-Content-Type-Options': 'REDACTED'
2026-02-19T10:40:05.2660591Z     'Date': 'Thu, 19 Feb 2026 10:40:04 GMT'
2026-02-19T10:40:05.2666304Z 2026-02-19 10:40:05,266 - azure.monitor.opentelemetry.exporter.export._base - INFO - Transmission succeeded: Item received: 3. Items accepted: 3
2026-02-19T10:40:07.4163227Z 2026-02-19 10:40:07,416 - azure.core.pipeline.policies.http_logging_policy - INFO - Request URL: 'https://westus2-2.in.applicationinsights.azure.com//v2.1/track'
2026-02-19T10:40:07.4163637Z Request method: 'POST'
2026-02-19T10:40:07.4163677Z Request headers:
2026-02-19T10:40:07.4163702Z     'Content-Type': 'application/json'
2026-02-19T10:40:07.4163724Z     'Content-Length': '3720'
2026-02-19T10:40:07.4163819Z     'Accept': 'application/json'
2026-02-19T10:40:07.4163847Z     'x-ms-client-request-id': '5b9c173a-0d7f-11f1-9207-eeaa766865b8'
2026-02-19T10:40:07.4163876Z     'User-Agent': 'azsdk-python-azuremonitorclient/unknown Python/3.11.14 (Linux-6.6.119.3-1.azl3-x86_64-with-glibc2.31)'
2026-02-19T10:40:07.4163902Z A body is sent with the request
2026-02-19T10:40:07.5050603Z 2026-02-19 10:40:07,504 - azure.core.pipeline.policies.http_logging_policy - INFO - Response status: 200
2026-02-19T10:40:07.5051222Z Response headers:
2026-02-19T10:40:07.5051258Z     'Transfer-Encoding': 'chunked'
2026-02-19T10:40:07.5051284Z     'Content-Type': 'application/json; charset=utf-8'
2026-02-19T10:40:07.5051307Z     'Server': 'Microsoft-HTTPAPI/2.0'
2026-02-19T10:40:07.5051334Z     'Strict-Transport-Security': 'REDACTED'
2026-02-19T10:40:07.5051423Z     'X-Content-Type-Options': 'REDACTED'
2026-02-19T10:40:07.5051449Z     'Date': 'Thu, 19 Feb 2026 10:40:07 GMT'
2026-02-19T10:40:07.5059421Z 2026-02-19 10:40:07,505 - azure.monitor.opentelemetry.exporter.export._base - INFO - Transmission succeeded: Item received: 3. Items accepted: 3
2026-02-19T10:40:10.2684672Z 2026-02-19 10:40:10,268 - azure.core.pipeline.policies.http_logging_policy - INFO - Request URL: 'https://westus2-2.in.applicationinsights.azure.com//v2.1/track'
2026-02-19T10:40:10.2685067Z Request method: 'POST'
2026-02-19T10:40:10.2685097Z Request headers:
2026-02-19T10:40:10.2685119Z     'Content-Type': 'application/json'
2026-02-19T10:40:10.2685140Z     'Content-Length': '3719'
2026-02-19T10:40:10.2685159Z     'Accept': 'application/json'
2026-02-19T10:40:10.2685185Z     'x-ms-client-request-id': '5d4f4ae8-0d7f-11f1-99b0-eeaa766865b8'
2026-02-19T10:40:10.2685273Z     'User-Agent': 'azsdk-python-azuremonitorclient/unknown Python/3.11.14 (Linux-6.6.119.3-1.azl3-x86_64-with-glibc2.31)'
2026-02-19T10:40:10.2685293Z A body is sent with the request
2026-02-19T10:40:10.3544185Z 2026-02-19 10:40:10,354 - azure.core.pipeline.policies.http_logging_policy - INFO - Response status: 200
2026-02-19T10:40:10.3544556Z Response headers:
2026-02-19T10:40:10.3544592Z     'Transfer-Encoding': 'chunked'
2026-02-19T10:40:10.3544617Z     'Content-Type': 'application/json; charset=utf-8'
2026-02-19T10:40:10.3544645Z     'Server': 'Microsoft-HTTPAPI/2.0'
2026-02-19T10:40:10.3544672Z     'Strict-Transport-Security': 'REDACTED'
2026-02-19T10:40:10.3544695Z     'X-Content-Type-Options': 'REDACTED'
2026-02-19T10:40:10.3544717Z     'Date': 'Thu, 19 Feb 2026 10:40:09 GMT'
2026-02-19T10:40:10.3550581Z 2026-02-19 10:40:10,354 - azure.monitor.opentelemetry.exporter.export._base - INFO - Transmission succeeded: Item received: 3. Items accepted: 3
2026-02-19T10:40:12.5071477Z 2026-02-19 10:40:12,506 - azure.core.pipeline.policies.http_logging_policy - INFO - Request URL: 'https://westus2-2.in.applicationinsights.azure.com//v2.1/track'
2026-02-19T10:40:12.5071866Z Request method: 'POST'
2026-02-19T10:40:12.5071894Z Request headers:
2026-02-19T10:40:12.5071914Z     'Content-Type': 'application/json'
2026-02-19T10:40:12.5071935Z     'Content-Length': '3720'
2026-02-19T10:40:12.5071960Z     'Accept': 'application/json'
2026-02-19T10:40:12.5071980Z     'x-ms-client-request-id': '5ea4e36c-0d7f-11f1-9207-eeaa766865b8'
2026-02-19T10:40:12.5072003Z     'User-Agent': 'azsdk-python-azuremonitorclient/unknown Python/3.11.14 (Linux-6.6.119.3-1.azl3-x86_64-with-glibc2.31)'
2026-02-19T10:40:12.5072022Z A body is sent with the request
2026-02-19T10:40:12.5731519Z 2026-02-19 10:40:12,572 - azure.core.pipeline.policies.http_logging_policy - INFO - Response status: 200
2026-02-19T10:40:12.5732254Z Response headers:
2026-02-19T10:40:12.5732296Z     'Transfer-Encoding': 'chunked'
2026-02-19T10:40:12.5732327Z     'Content-Type': 'application/json; charset=utf-8'
2026-02-19T10:40:12.5732349Z     'Server': 'Microsoft-HTTPAPI/2.0'
2026-02-19T10:40:12.5732373Z     'Strict-Transport-Security': 'REDACTED'
2026-02-19T10:40:12.5732398Z     'X-Content-Type-Options': 'REDACTED'
2026-02-19T10:40:12.5732424Z     'Date': 'Thu, 19 Feb 2026 10:40:12 GMT'
2026-02-19T10:40:12.5737005Z 2026-02-19 10:40:12,573 - azure.monitor.opentelemetry.exporter.export._base - INFO - Transmission succeeded: Item received: 3. Items accepted: 3
2026-02-19T10:40:15.3572451Z 2026-02-19 10:40:15,357 - azure.core.pipeline.policies.http_logging_policy - INFO - Request URL: 'https://westus2-2.in.applicationinsights.azure.com//v2.1/track'
2026-02-19T10:40:15.3572895Z Request method: 'POST'
2026-02-19T10:40:15.3572922Z Request headers:
2026-02-19T10:40:15.3572943Z     'Content-Type': 'application/json'
2026-02-19T10:40:15.3572961Z     'Content-Length': '3719'
2026-02-19T10:40:15.3572980Z     'Accept': 'application/json'
2026-02-19T10:40:15.3573001Z     'x-ms-client-request-id': '6057c49a-0d7f-11f1-99b0-eeaa766865b8'
2026-02-19T10:40:15.3573025Z     'User-Agent': 'azsdk-python-azuremonitorclient/unknown Python/3.11.14 (Linux-6.6.119.3-1.azl3-x86_64-with-glibc2.31)'
2026-02-19T10:40:15.3573046Z A body is sent with the request
2026-02-19T10:40:15.4909657Z 2026-02-19 10:40:15,490 - azure.core.pipeline.policies.http_logging_policy - INFO - Response status: 200
2026-02-19T10:40:15.4910030Z Response headers:
2026-02-19T10:40:15.4910058Z     'Transfer-Encoding': 'chunked'
2026-02-19T10:40:15.4910138Z     'Content-Type': 'application/json; charset=utf-8'
2026-02-19T10:40:15.4910157Z     'Server': 'Microsoft-HTTPAPI/2.0'
2026-02-19T10:40:15.4910175Z     'Strict-Transport-Security': 'REDACTED'
2026-02-19T10:40:15.4910194Z     'X-Content-Type-Options': 'REDACTED'
2026-02-19T10:40:15.4910214Z     'Date': 'Thu, 19 Feb 2026 10:40:15 GMT'
2026-02-19T10:40:15.4915576Z 2026-02-19 10:40:15,491 - azure.monitor.opentelemetry.exporter.export._base - INFO - Transmission succeeded: Item received: 3. Items accepted: 3
2026-02-19T10:40:17.5769006Z 2026-02-19 10:40:17,575 - azure.core.pipeline.policies.http_logging_policy - INFO - Request URL: 'https://westus2-2.in.applicationinsights.azure.com//v2.1/track'
2026-02-19T10:40:17.5769389Z Request method: 'POST'
2026-02-19T10:40:17.5769417Z Request headers:
2026-02-19T10:40:17.5769498Z     'Content-Type': 'application/json'
2026-02-19T10:40:17.5769524Z     'Content-Length': '3720'
2026-02-19T10:40:17.5769545Z     'Accept': 'application/json'
2026-02-19T10:40:17.5769567Z     'x-ms-client-request-id': '61aa5394-0d7f-11f1-9207-eeaa766865b8'
2026-02-19T10:40:17.5769592Z     'User-Agent': 'azsdk-python-azuremonitorclient/unknown Python/3.11.14 (Linux-6.6.119.3-1.azl3-x86_64-with-glibc2.31)'
2026-02-19T10:40:17.5769612Z A body is sent with the request
2026-02-19T10:40:17.7274682Z 2026-02-19 10:40:17,727 - azure.core.pipeline.policies.http_logging_policy - INFO - Response status: 200
2026-02-19T10:40:17.7275082Z Response headers:
2026-02-19T10:40:17.7275109Z     'Transfer-Encoding': 'chunked'
2026-02-19T10:40:17.7275128Z     'Content-Type': 'application/json; charset=utf-8'
2026-02-19T10:40:17.7275149Z     'Server': 'Microsoft-HTTPAPI/2.0'
2026-02-19T10:40:17.7275238Z     'Strict-Transport-Security': 'REDACTED'
2026-02-19T10:40:17.7275258Z     'X-Content-Type-Options': 'REDACTED'
2026-02-19T10:40:17.7275275Z     'Date': 'Thu, 19 Feb 2026 10:40:17 GMT'
2026-02-19T10:40:17.7280834Z 2026-02-19 10:40:17,727 - azure.monitor.opentelemetry.exporter.export._base - INFO - Transmission succeeded: Item received: 3. Items accepted: 3
2026-02-19T10:40:20.4929156Z 2026-02-19 10:40:20,492 - azure.core.pipeline.policies.http_logging_policy - INFO - Request URL: 'https://westus2-2.in.applicationinsights.azure.com//v2.1/track'
2026-02-19T10:40:20.4930181Z Request method: 'POST'
2026-02-19T10:40:20.4930214Z Request headers:
2026-02-19T10:40:20.4930236Z     'Content-Type': 'application/json'
2026-02-19T10:40:20.4930257Z     'Content-Length': '3720'
2026-02-19T10:40:20.4930282Z     'Accept': 'application/json'
2026-02-19T10:40:20.4930375Z     'x-ms-client-request-id': '63676be0-0d7f-11f1-99b0-eeaa766865b8'
2026-02-19T10:40:20.4930401Z     'User-Agent': 'azsdk-python-azuremonitorclient/unknown Python/3.11.14 (Linux-6.6.119.3-1.azl3-x86_64-with-glibc2.31)'
2026-02-19T10:40:20.4930421Z A body is sent with the request
2026-02-19T10:40:20.6183138Z 2026-02-19 10:40:20,618 - azure.core.pipeline.policies.http_logging_policy - INFO - Response status: 200
2026-02-19T10:40:20.6183540Z Response headers:
2026-02-19T10:40:20.6183576Z     'Transfer-Encoding': 'chunked'
2026-02-19T10:40:20.6183604Z     'Content-Type': 'application/json; charset=utf-8'
2026-02-19T10:40:20.6183630Z     'Server': 'Microsoft-HTTPAPI/2.0'
2026-02-19T10:40:20.6183658Z     'Strict-Transport-Security': 'REDACTED'
2026-02-19T10:40:20.6183678Z     'X-Content-Type-Options': 'REDACTED'
2026-02-19T10:40:20.6183700Z     'Date': 'Thu, 19 Feb 2026 10:40:19 GMT'
2026-02-19T10:40:20.6189339Z 2026-02-19 10:40:20,618 - azure.monitor.opentelemetry.exporter.export._base - INFO - Transmission succeeded: Item received: 3. Items accepted: 3
2026-02-19T10:40:22.7299550Z 2026-02-19 10:40:22,729 - azure.core.pipeline.policies.http_logging_policy - INFO - Request URL: 'https://westus2-2.in.applicationinsights.azure.com//v2.1/track'
2026-02-19T10:40:22.7299939Z Request method: 'POST'
2026-02-19T10:40:22.7299970Z Request headers:
2026-02-19T10:40:22.7299992Z     'Content-Type': 'application/json'
2026-02-19T10:40:22.7300011Z     'Content-Length': '3720'
2026-02-19T10:40:22.7300035Z     'Accept': 'application/json'
2026-02-19T10:40:22.7300055Z     'x-ms-client-request-id': '64bcc2d8-0d7f-11f1-9207-eeaa766865b8'
2026-02-19T10:40:22.7300079Z     'User-Agent': 'azsdk-python-azuremonitorclient/unknown Python/3.11.14 (Linux-6.6.119.3-1.azl3-x86_64-with-glibc2.31)'
2026-02-19T10:40:22.7300159Z A body is sent with the request
2026-02-19T10:40:22.8221799Z 2026-02-19 10:40:22,821 - azure.core.pipeline.policies.http_logging_policy - INFO - Response status: 200
2026-02-19T10:40:22.8222133Z Response headers:
2026-02-19T10:40:22.8222695Z     'Transfer-Encoding': 'chunked'
2026-02-19T10:40:22.8222741Z     'Content-Type': 'application/json; charset=utf-8'
2026-02-19T10:40:22.8222769Z     'Server': 'Microsoft-HTTPAPI/2.0'
2026-02-19T10:40:22.8222789Z     'Strict-Transport-Security': 'REDACTED'
2026-02-19T10:40:22.8222807Z     'X-Content-Type-Options': 'REDACTED'
2026-02-19T10:40:22.8222825Z     'Date': 'Thu, 19 Feb 2026 10:40:22 GMT'
2026-02-19T10:40:22.8301074Z 2026-02-19 10:40:22,829 - azure.monitor.opentelemetry.exporter.export._base - INFO - Transmission succeeded: Item received: 3. Items accepted: 3
2026-02-19T10:40:25.6204993Z 2026-02-19 10:40:25,620 - azure.core.pipeline.policies.http_logging_policy - INFO - Request URL: 'https://westus2-2.in.applicationinsights.azure.com//v2.1/track'
2026-02-19T10:40:25.6205364Z Request method: 'POST'
2026-02-19T10:40:25.6205394Z Request headers:
2026-02-19T10:40:25.6205415Z     'Content-Type': 'application/json'
2026-02-19T10:40:25.6205437Z     'Content-Length': '3720'
2026-02-19T10:40:25.6205461Z     'Accept': 'application/json'
2026-02-19T10:40:25.6205483Z     'x-ms-client-request-id': '6675d3e4-0d7f-11f1-99b0-eeaa766865b8'
2026-02-19T10:40:25.6205510Z     'User-Agent': 'azsdk-python-azuremonitorclient/unknown Python/3.11.14 (Linux-6.6.119.3-1.azl3-x86_64-with-glibc2.31)'
2026-02-19T10:40:25.6205532Z A body is sent with the request
2026-02-19T10:40:25.7184292Z 2026-02-19 10:40:25,718 - azure.core.pipeline.policies.http_logging_policy - INFO - Response status: 200
2026-02-19T10:40:25.7184742Z Response headers:
2026-02-19T10:40:25.7184770Z     'Transfer-Encoding': 'chunked'
2026-02-19T10:40:25.7184789Z     'Content-Type': 'application/json; charset=utf-8'
2026-02-19T10:40:25.7184807Z     'Server': 'Microsoft-HTTPAPI/2.0'
2026-02-19T10:40:25.7184825Z     'Strict-Transport-Security': 'REDACTED'
2026-02-19T10:40:25.7184842Z     'X-Content-Type-Options': 'REDACTED'
2026-02-19T10:40:25.7184861Z     'Date': 'Thu, 19 Feb 2026 10:40:25 GMT'
2026-02-19T10:40:25.7189973Z 2026-02-19 10:40:25,718 - azure.monitor.opentelemetry.exporter.export._base - INFO - Transmission succeeded: Item received: 3. Items accepted: 3
2026-02-19T10:40:27.8317845Z 2026-02-19 10:40:27,831 - azure.core.pipeline.policies.http_logging_policy - INFO - Request URL: 'https://westus2-2.in.applicationinsights.azure.com//v2.1/track'
2026-02-19T10:40:27.8318204Z Request method: 'POST'
2026-02-19T10:40:27.8318289Z Request headers:
2026-02-19T10:40:27.8318311Z     'Content-Type': 'application/json'
2026-02-19T10:40:27.8318330Z     'Content-Length': '3719'
2026-02-19T10:40:27.8318351Z     'Accept': 'application/json'
2026-02-19T10:40:27.8318372Z     'x-ms-client-request-id': '67c73d00-0d7f-11f1-9207-eeaa766865b8'
2026-02-19T10:40:27.8318398Z     'User-Agent': 'azsdk-python-azuremonitorclient/unknown Python/3.11.14 (Linux-6.6.119.3-1.azl3-x86_64-with-glibc2.31)'
2026-02-19T10:40:27.8318418Z A body is sent with the request
2026-02-19T10:40:27.9149436Z 2026-02-19 10:40:27,914 - azure.core.pipeline.policies.http_logging_policy - INFO - Response status: 200
2026-02-19T10:40:27.9149857Z Response headers:
2026-02-19T10:40:27.9149888Z     'Transfer-Encoding': 'chunked'
2026-02-19T10:40:27.9149911Z     'Content-Type': 'application/json; charset=utf-8'
2026-02-19T10:40:27.9149998Z     'Server': 'Microsoft-HTTPAPI/2.0'
2026-02-19T10:40:27.9150023Z     'Strict-Transport-Security': 'REDACTED'
2026-02-19T10:40:27.9150043Z     'X-Content-Type-Options': 'REDACTED'
2026-02-19T10:40:27.9150063Z     'Date': 'Thu, 19 Feb 2026 10:40:27 GMT'
2026-02-19T10:40:27.9155050Z 2026-02-19 10:40:27,915 - azure.monitor.opentelemetry.exporter.export._base - INFO - Transmission succeeded: Item received: 3. Items accepted: 3
2026-02-19T10:40:30.7207164Z 2026-02-19 10:40:30,720 - azure.core.pipeline.policies.http_logging_policy - INFO - Request URL: 'https://westus2-2.in.applicationinsights.azure.com//v2.1/track'
2026-02-19T10:40:30.7207785Z Request method: 'POST'
2026-02-19T10:40:30.7207817Z Request headers:
2026-02-19T10:40:30.7207851Z     'Content-Type': 'application/json'
2026-02-19T10:40:30.7207941Z     'Content-Length': '3720'
2026-02-19T10:40:30.7207962Z     'Accept': 'application/json'
2026-02-19T10:40:30.7207984Z     'x-ms-client-request-id': '69800dac-0d7f-11f1-99b0-eeaa766865b8'
2026-02-19T10:40:30.7208006Z     'User-Agent': 'azsdk-python-azuremonitorclient/unknown Python/3.11.14 (Linux-6.6.119.3-1.azl3-x86_64-with-glibc2.31)'
2026-02-19T10:40:30.7208026Z A body is sent with the request
2026-02-19T10:40:30.7588372Z 2026-02-19 10:40:30,758 - azure.core.pipeline.policies.http_logging_policy - INFO - Response status: 200
2026-02-19T10:40:30.7588739Z Response headers:
2026-02-19T10:40:30.7588774Z     'Transfer-Encoding': 'chunked'
2026-02-19T10:40:30.7588798Z     'Content-Type': 'application/json; charset=utf-8'
2026-02-19T10:40:30.7588823Z     'Server': 'Microsoft-HTTPAPI/2.0'
2026-02-19T10:40:30.7588902Z     'Strict-Transport-Security': 'REDACTED'
2026-02-19T10:40:30.7588924Z     'X-Content-Type-Options': 'REDACTED'
2026-02-19T10:40:30.7588944Z     'Date': 'Thu, 19 Feb 2026 10:40:30 GMT'
2026-02-19T10:40:30.7595595Z 2026-02-19 10:40:30,759 - azure.monitor.opentelemetry.exporter.export._base - INFO - Transmission succeeded: Item received: 3. Items accepted: 3
2026-02-19T10:40:32.9175923Z 2026-02-19 10:40:32,917 - azure.core.pipeline.policies.http_logging_policy - INFO - Request URL: 'https://westus2-2.in.applicationinsights.azure.com//v2.1/track'
2026-02-19T10:40:32.9176369Z Request method: 'POST'
2026-02-19T10:40:32.9176407Z Request headers:
2026-02-19T10:40:32.9176432Z     'Content-Type': 'application/json'
2026-02-19T10:40:32.9176457Z     'Content-Length': '3720'
2026-02-19T10:40:32.9176480Z     'Accept': 'application/json'
2026-02-19T10:40:32.9176562Z     'x-ms-client-request-id': '6acf4088-0d7f-11f1-9207-eeaa766865b8'
2026-02-19T10:40:32.9176592Z     'User-Agent': 'azsdk-python-azuremonitorclient/unknown Python/3.11.14 (Linux-6.6.119.3-1.azl3-x86_64-with-glibc2.31)'
2026-02-19T10:40:32.9176613Z A body is sent with the request
2026-02-19T10:40:32.9979060Z 2026-02-19 10:40:32,997 - azure.core.pipeline.policies.http_logging_policy - INFO - Response status: 200
2026-02-19T10:40:32.9979427Z Response headers:
2026-02-19T10:40:32.9979456Z     'Transfer-Encoding': 'chunked'
2026-02-19T10:40:32.9979476Z     'Content-Type': 'application/json; charset=utf-8'
2026-02-19T10:40:32.9979496Z     'Server': 'Microsoft-HTTPAPI/2.0'
2026-02-19T10:40:32.9979518Z     'Strict-Transport-Security': 'REDACTED'
2026-02-19T10:40:32.9979535Z     'X-Content-Type-Options': 'REDACTED'
2026-02-19T10:40:32.9979553Z     'Date': 'Thu, 19 Feb 2026 10:40:32 GMT'
2026-02-19T10:40:32.9982977Z 2026-02-19 10:40:32,998 - azure.monitor.opentelemetry.exporter.export._base - INFO - Transmission succeeded: Item received: 3. Items accepted: 3
2026-02-19T10:40:35.7611025Z 2026-02-19 10:40:35,760 - azure.core.pipeline.policies.http_logging_policy - INFO - Request URL: 'https://westus2-2.in.applicationinsights.azure.com//v2.1/track'
2026-02-19T10:40:35.7611373Z Request method: 'POST'
2026-02-19T10:40:35.7611402Z Request headers:
2026-02-19T10:40:35.7611420Z     'Content-Type': 'application/json'
2026-02-19T10:40:35.7611437Z     'Content-Length': '3720'
2026-02-19T10:40:35.7611459Z     'Accept': 'application/json'
2026-02-19T10:40:35.7611483Z     'x-ms-client-request-id': '6c812a22-0d7f-11f1-99b0-eeaa766865b8'
2026-02-19T10:40:35.7611509Z     'User-Agent': 'azsdk-python-azuremonitorclient/unknown Python/3.11.14 (Linux-6.6.119.3-1.azl3-x86_64-with-glibc2.31)'
2026-02-19T10:40:35.7611530Z A body is sent with the request
2026-02-19T10:40:35.9024855Z 2026-02-19 10:40:35,902 - azure.core.pipeline.policies.http_logging_policy - INFO - Response status: 200
2026-02-19T10:40:35.9025378Z Response headers:
2026-02-19T10:40:35.9025409Z     'Transfer-Encoding': 'chunked'
2026-02-19T10:40:35.9025436Z     'Content-Type': 'application/json; charset=utf-8'
2026-02-19T10:40:35.9025457Z     'Server': 'Microsoft-HTTPAPI/2.0'
2026-02-19T10:40:35.9025477Z     'Strict-Transport-Security': 'REDACTED'
2026-02-19T10:40:35.9025502Z     'X-Content-Type-Options': 'REDACTED'
2026-02-19T10:40:35.9025522Z     'Date': 'Thu, 19 Feb 2026 10:40:35 GMT'
2026-02-19T10:40:35.9033193Z 2026-02-19 10:40:35,902 - azure.monitor.opentelemetry.exporter.export._base - INFO - Transmission succeeded: Item received: 3. Items accepted: 3
2026-02-19T10:40:38.0000130Z 2026-02-19 10:40:37,999 - azure.core.pipeline.policies.http_logging_policy - INFO - Request URL: 'https://westus2-2.in.applicationinsights.azure.com//v2.1/track'
2026-02-19T10:40:38.0000525Z Request method: 'POST'
2026-02-19T10:40:38.0000554Z Request headers:
2026-02-19T10:40:38.0000573Z     'Content-Type': 'application/json'
2026-02-19T10:40:38.0000593Z     'Content-Length': '3720'
2026-02-19T10:40:38.0000611Z     'Accept': 'application/json'
2026-02-19T10:40:38.0000632Z     'x-ms-client-request-id': '6dd6c79c-0d7f-11f1-9207-eeaa766865b8'
2026-02-19T10:40:38.0000656Z     'User-Agent': 'azsdk-python-azuremonitorclient/unknown Python/3.11.14 (Linux-6.6.119.3-1.azl3-x86_64-with-glibc2.31)'
2026-02-19T10:40:38.0000676Z A body is sent with the request
2026-02-19T10:40:38.1382147Z 2026-02-19 10:40:38,137 - azure.core.pipeline.policies.http_logging_policy - INFO - Response status: 200
2026-02-19T10:40:38.1382597Z Response headers:
2026-02-19T10:40:38.1382622Z     'Transfer-Encoding': 'chunked'
2026-02-19T10:40:38.1382642Z     'Content-Type': 'application/json; charset=utf-8'
2026-02-19T10:40:38.1382666Z     'Server': 'Microsoft-HTTPAPI/2.0'
2026-02-19T10:40:38.1382686Z     'Strict-Transport-Security': 'REDACTED'
2026-02-19T10:40:38.1382706Z     'X-Content-Type-Options': 'REDACTED'
2026-02-19T10:40:38.1382727Z     'Date': 'Thu, 19 Feb 2026 10:40:37 GMT'
2026-02-19T10:40:38.1387972Z 2026-02-19 10:40:38,138 - azure.monitor.opentelemetry.exporter.export._base - INFO - Transmission succeeded: Item received: 3. Items accepted: 3
2026-02-19T10:40:40.9049028Z 2026-02-19 10:40:40,904 - azure.core.pipeline.policies.http_logging_policy - INFO - Request URL: 'https://westus2-2.in.applicationinsights.azure.com//v2.1/track'
2026-02-19T10:40:40.9049395Z Request method: 'POST'
2026-02-19T10:40:40.9049479Z Request headers:
2026-02-19T10:40:40.9049509Z     'Content-Type': 'application/json'
2026-02-19T10:40:40.9049536Z     'Content-Length': '3720'
2026-02-19T10:40:40.9049560Z     'Accept': 'application/json'
2026-02-19T10:40:40.9049590Z     'x-ms-client-request-id': '6f92093e-0d7f-11f1-99b0-eeaa766865b8'
2026-02-19T10:40:40.9049621Z     'User-Agent': 'azsdk-python-azuremonitorclient/unknown Python/3.11.14 (Linux-6.6.119.3-1.azl3-x86_64-with-glibc2.31)'
2026-02-19T10:40:40.9049645Z A body is sent with the request
2026-02-19T10:40:41.0100541Z 2026-02-19 10:40:41,009 - azure.core.pipeline.policies.http_logging_policy - INFO - Response status: 200
2026-02-19T10:40:41.0100953Z Response headers:
2026-02-19T10:40:41.0100984Z     'Transfer-Encoding': 'chunked'
2026-02-19T10:40:41.0101007Z     'Content-Type': 'application/json; charset=utf-8'
2026-02-19T10:40:41.0101097Z     'Server': 'Microsoft-HTTPAPI/2.0'
2026-02-19T10:40:41.0101121Z     'Strict-Transport-Security': 'REDACTED'
2026-02-19T10:40:41.0101142Z     'X-Content-Type-Options': 'REDACTED'
2026-02-19T10:40:41.0101164Z     'Date': 'Thu, 19 Feb 2026 10:40:40 GMT'
2026-02-19T10:40:41.0107949Z 2026-02-19 10:40:41,010 - azure.monitor.opentelemetry.exporter.export._base - INFO - Transmission succeeded: Item received: 3. Items accepted: 3
2026-02-19T10:40:43.1408028Z 2026-02-19 10:40:43,140 - azure.core.pipeline.policies.http_logging_policy - INFO - Request URL: 'https://westus2-2.in.applicationinsights.azure.com//v2.1/track'
2026-02-19T10:40:43.1408443Z Request method: 'POST'
2026-02-19T10:40:43.1408482Z Request headers:
2026-02-19T10:40:43.1408508Z     'Content-Type': 'application/json'
2026-02-19T10:40:43.1408537Z     'Content-Length': '3720'
2026-02-19T10:40:43.1408631Z     'Accept': 'application/json'
2026-02-19T10:40:43.1408660Z     'x-ms-client-request-id': '70e735de-0d7f-11f1-9207-eeaa766865b8'
2026-02-19T10:40:43.1408689Z     'User-Agent': 'azsdk-python-azuremonitorclient/unknown Python/3.11.14 (Linux-6.6.119.3-1.azl3-x86_64-with-glibc2.31)'
2026-02-19T10:40:43.1408712Z A body is sent with the request
2026-02-19T10:40:43.2279076Z 2026-02-19 10:40:43,227 - azure.core.pipeline.policies.http_logging_policy - INFO - Response status: 200
2026-02-19T10:40:43.2279444Z Response headers:
2026-02-19T10:40:43.2279473Z     'Transfer-Encoding': 'chunked'
2026-02-19T10:40:43.2279494Z     'Content-Type': 'application/json; charset=utf-8'
2026-02-19T10:40:43.2279516Z     'Server': 'Microsoft-HTTPAPI/2.0'
2026-02-19T10:40:43.2279537Z     'Strict-Transport-Security': 'REDACTED'
2026-02-19T10:40:43.2279611Z     'X-Content-Type-Options': 'REDACTED'
2026-02-19T10:40:43.2279630Z     'Date': 'Thu, 19 Feb 2026 10:40:42 GMT'
2026-02-19T10:40:43.2284870Z 2026-02-19 10:40:43,228 - azure.monitor.opentelemetry.exporter.export._base - INFO - Transmission succeeded: Item received: 3. Items accepted: 3
2026-02-19T10:40:46.0124695Z 2026-02-19 10:40:46,012 - azure.core.pipeline.policies.http_logging_policy - INFO - Request URL: 'https://westus2-2.in.applicationinsights.azure.com//v2.1/track'
2026-02-19T10:40:46.0125064Z Request method: 'POST'
2026-02-19T10:40:46.0125100Z Request headers:
2026-02-19T10:40:46.0125130Z     'Content-Type': 'application/json'
2026-02-19T10:40:46.0125154Z     'Content-Length': '3718'
2026-02-19T10:40:46.0125184Z     'Accept': 'application/json'
2026-02-19T10:40:46.0125215Z     'x-ms-client-request-id': '729d6524-0d7f-11f1-99b0-eeaa766865b8'
2026-02-19T10:40:46.0125300Z     'User-Agent': 'azsdk-python-azuremonitorclient/unknown Python/3.11.14 (Linux-6.6.119.3-1.azl3-x86_64-with-glibc2.31)'
2026-02-19T10:40:46.0125328Z A body is sent with the request
2026-02-19T10:40:46.0749240Z 2026-02-19 10:40:46,074 - azure.core.pipeline.policies.http_logging_policy - INFO - Response status: 200
2026-02-19T10:40:46.0749530Z Response headers:
2026-02-19T10:40:46.0749556Z     'Transfer-Encoding': 'chunked'
2026-02-19T10:40:46.0749577Z     'Content-Type': 'application/json; charset=utf-8'
2026-02-19T10:40:46.0749596Z     'Server': 'Microsoft-HTTPAPI/2.0'
2026-02-19T10:40:46.0749619Z     'Strict-Transport-Security': 'REDACTED'
2026-02-19T10:40:46.0749638Z     'X-Content-Type-Options': 'REDACTED'
2026-02-19T10:40:46.0749656Z     'Date': 'Thu, 19 Feb 2026 10:40:45 GMT'
2026-02-19T10:40:46.0754943Z 2026-02-19 10:40:46,075 - azure.monitor.opentelemetry.exporter.export._base - INFO - Transmission succeeded: Item received: 3. Items accepted: 3
2026-02-19T10:40:48.2299371Z 2026-02-19 10:40:48,229 - azure.core.pipeline.policies.http_logging_policy - INFO - Request URL: 'https://westus2-2.in.applicationinsights.azure.com//v2.1/track'
2026-02-19T10:40:48.2299883Z Request method: 'POST'
2026-02-19T10:40:48.2299915Z Request headers:
2026-02-19T10:40:48.2299936Z     'Content-Type': 'application/json'
2026-02-19T10:40:48.2299954Z     'Content-Length': '3720'
2026-02-19T10:40:48.2299976Z     'Accept': 'application/json'
2026-02-19T10:40:48.2299995Z     'x-ms-client-request-id': '73efc14c-0d7f-11f1-9207-eeaa766865b8'
2026-02-19T10:40:48.2300014Z     'User-Agent': 'azsdk-python-azuremonitorclient/unknown Python/3.11.14 (Linux-6.6.119.3-1.azl3-x86_64-with-glibc2.31)'
2026-02-19T10:40:48.2300031Z A body is sent with the request
2026-02-19T10:40:48.3018553Z 2026-02-19 10:40:48,301 - azure.core.pipeline.policies.http_logging_policy - INFO - Response status: 200
2026-02-19T10:40:48.3019117Z Response headers:
2026-02-19T10:40:48.3019147Z     'Transfer-Encoding': 'chunked'
2026-02-19T10:40:48.3019164Z     'Content-Type': 'application/json; charset=utf-8'
2026-02-19T10:40:48.3019181Z     'Server': 'Microsoft-HTTPAPI/2.0'
2026-02-19T10:40:48.3019199Z     'Strict-Transport-Security': 'REDACTED'
2026-02-19T10:40:48.3019218Z     'X-Content-Type-Options': 'REDACTED'
2026-02-19T10:40:48.3019238Z     'Date': 'Thu, 19 Feb 2026 10:40:47 GMT'
2026-02-19T10:40:48.3023446Z 2026-02-19 10:40:48,302 - azure.monitor.opentelemetry.exporter.export._base - INFO - Transmission succeeded: Item received: 3. Items accepted: 3
2026-02-19T10:40:51.0776491Z 2026-02-19 10:40:51,077 - azure.core.pipeline.policies.http_logging_policy - INFO - Request URL: 'https://westus2-2.in.applicationinsights.azure.com//v2.1/track'
2026-02-19T10:40:51.0777029Z Request method: 'POST'
2026-02-19T10:40:51.0777056Z Request headers:
2026-02-19T10:40:51.0777075Z     'Content-Type': 'application/json'
2026-02-19T10:40:51.0777095Z     'Content-Length': '3720'
2026-02-19T10:40:51.0777115Z     'Accept': 'application/json'
2026-02-19T10:40:51.0777135Z     'x-ms-client-request-id': '75a247ee-0d7f-11f1-99b0-eeaa766865b8'
2026-02-19T10:40:51.0777154Z     'User-Agent': 'azsdk-python-azuremonitorclient/unknown Python/3.11.14 (Linux-6.6.119.3-1.azl3-x86_64-with-glibc2.31)'
2026-02-19T10:40:51.0777171Z A body is sent with the request
2026-02-19T10:40:51.1537902Z 2026-02-19 10:40:51,153 - azure.core.pipeline.policies.http_logging_policy - INFO - Response status: 200
2026-02-19T10:40:51.1538287Z Response headers:
2026-02-19T10:40:51.1538319Z     'Transfer-Encoding': 'chunked'
2026-02-19T10:40:51.1538396Z     'Content-Type': 'application/json; charset=utf-8'
2026-02-19T10:40:51.1538415Z     'Server': 'Microsoft-HTTPAPI/2.0'
2026-02-19T10:40:51.1538435Z     'Strict-Transport-Security': 'REDACTED'
2026-02-19T10:40:51.1538452Z     'X-Content-Type-Options': 'REDACTED'
2026-02-19T10:40:51.1538469Z     'Date': 'Thu, 19 Feb 2026 10:40:50 GMT'
2026-02-19T10:40:51.1544210Z 2026-02-19 10:40:51,153 - azure.monitor.opentelemetry.exporter.export._base - INFO - Transmission succeeded: Item received: 3. Items accepted: 3
2026-02-19T10:40:53.3040910Z 2026-02-19 10:40:53,303 - azure.core.pipeline.policies.http_logging_policy - INFO - Request URL: 'https://westus2-2.in.applicationinsights.azure.com//v2.1/track'
2026-02-19T10:40:53.3041267Z Request method: 'POST'
2026-02-19T10:40:53.3041294Z Request headers:
2026-02-19T10:40:53.3041374Z     'Content-Type': 'application/json'
2026-02-19T10:40:53.3041396Z     'Content-Length': '3720'
2026-02-19T10:40:53.3041416Z     'Accept': 'application/json'
2026-02-19T10:40:53.3041440Z     'x-ms-client-request-id': '76f60234-0d7f-11f1-9207-eeaa766865b8'
2026-02-19T10:40:53.3041465Z     'User-Agent': 'azsdk-python-azuremonitorclient/unknown Python/3.11.14 (Linux-6.6.119.3-1.azl3-x86_64-with-glibc2.31)'
2026-02-19T10:40:53.3041484Z A body is sent with the request
2026-02-19T10:40:53.3615862Z 2026-02-19 10:40:53,361 - azure.core.pipeline.policies.http_logging_policy - INFO - Response status: 200
2026-02-19T10:40:53.3616227Z Response headers:
2026-02-19T10:40:53.3616264Z     'Transfer-Encoding': 'chunked'
2026-02-19T10:40:53.3616287Z     'Content-Type': 'application/json; charset=utf-8'
2026-02-19T10:40:53.3616315Z     'Server': 'Microsoft-HTTPAPI/2.0'
2026-02-19T10:40:53.3616395Z     'Strict-Transport-Security': 'REDACTED'
2026-02-19T10:40:53.3616420Z     'X-Content-Type-Options': 'REDACTED'
2026-02-19T10:40:53.3616442Z     'Date': 'Thu, 19 Feb 2026 10:40:52 GMT'
2026-02-19T10:40:53.3623402Z 2026-02-19 10:40:53,361 - azure.monitor.opentelemetry.exporter.export._base - INFO - Transmission succeeded: Item received: 3. Items accepted: 3
2026-02-19T10:40:56.1558760Z 2026-02-19 10:40:56,155 - azure.core.pipeline.policies.http_logging_policy - INFO - Request URL: 'https://westus2-2.in.applicationinsights.azure.com//v2.1/track'
2026-02-19T10:40:56.1559080Z Request method: 'POST'
2026-02-19T10:40:56.1559111Z Request headers:
2026-02-19T10:40:56.1559132Z     'Content-Type': 'application/json'
2026-02-19T10:40:56.1559153Z     'Content-Length': '3720'
2026-02-19T10:40:56.1559182Z     'Accept': 'application/json'
2026-02-19T10:40:56.1559255Z     'x-ms-client-request-id': '78a923f4-0d7f-11f1-99b0-eeaa766865b8'
2026-02-19T10:40:56.1559283Z     'User-Agent': 'azsdk-python-azuremonitorclient/unknown Python/3.11.14 (Linux-6.6.119.3-1.azl3-x86_64-with-glibc2.31)'
2026-02-19T10:40:56.1559305Z A body is sent with the request
2026-02-19T10:40:56.2273746Z 2026-02-19 10:40:56,227 - azure.core.pipeline.policies.http_logging_policy - INFO - Response status: 200
2026-02-19T10:40:56.2274104Z Response headers:
2026-02-19T10:40:56.2274141Z     'Transfer-Encoding': 'chunked'
2026-02-19T10:40:56.2274165Z     'Content-Type': 'application/json; charset=utf-8'
2026-02-19T10:40:56.2274187Z     'Server': 'Microsoft-HTTPAPI/2.0'
2026-02-19T10:40:56.2274207Z     'Strict-Transport-Security': 'REDACTED'
2026-02-19T10:40:56.2274229Z     'X-Content-Type-Options': 'REDACTED'
2026-02-19T10:40:56.2274260Z     'Date': 'Thu, 19 Feb 2026 10:40:55 GMT'
2026-02-19T10:40:56.2280389Z 2026-02-19 10:40:56,227 - azure.monitor.opentelemetry.exporter.export._base - INFO - Transmission succeeded: Item received: 3. Items accepted: 3
2026-02-19T10:40:58.3637173Z 2026-02-19 10:40:58,363 - azure.core.pipeline.policies.http_logging_policy - INFO - Request URL: 'https://westus2-2.in.applicationinsights.azure.com//v2.1/track'
2026-02-19T10:40:58.3637539Z Request method: 'POST'
2026-02-19T10:40:58.3637576Z Request headers:
2026-02-19T10:40:58.3637596Z     'Content-Type': 'application/json'
2026-02-19T10:40:58.3637614Z     'Content-Length': '3719'
2026-02-19T10:40:58.3637634Z     'Accept': 'application/json'
2026-02-19T10:40:58.3637654Z     'x-ms-client-request-id': '79fa0908-0d7f-11f1-9207-eeaa766865b8'
2026-02-19T10:40:58.3637679Z     'User-Agent': 'azsdk-python-azuremonitorclient/unknown Python/3.11.14 (Linux-6.6.119.3-1.azl3-x86_64-with-glibc2.31)'
2026-02-19T10:40:58.3637759Z A body is sent with the request
2026-02-19T10:40:58.4634873Z 2026-02-19 10:40:58,463 - azure.core.pipeline.policies.http_logging_policy - INFO - Response status: 200
2026-02-19T10:40:58.4635221Z Response headers:
2026-02-19T10:40:58.4635255Z     'Transfer-Encoding': 'chunked'
2026-02-19T10:40:58.4635284Z     'Content-Type': 'application/json; charset=utf-8'
2026-02-19T10:40:58.4635304Z     'Server': 'Microsoft-HTTPAPI/2.0'
2026-02-19T10:40:58.4635323Z     'Strict-Transport-Security': 'REDACTED'
2026-02-19T10:40:58.4635343Z     'X-Content-Type-Options': 'REDACTED'
2026-02-19T10:40:58.4635361Z     'Date': 'Thu, 19 Feb 2026 10:40:57 GMT'
2026-02-19T10:40:58.4641245Z 2026-02-19 10:40:58,463 - azure.monitor.opentelemetry.exporter.export._base - INFO - Transmission succeeded: Item received: 3. Items accepted: 3
2026-02-19T10:41:01.2295488Z 2026-02-19 10:41:01,229 - azure.core.pipeline.policies.http_logging_policy - INFO - Request URL: 'https://westus2-2.in.applicationinsights.azure.com//v2.1/track'
2026-02-19T10:41:01.2295884Z Request method: 'POST'
2026-02-19T10:41:01.2295969Z Request headers:
2026-02-19T10:41:01.2295992Z     'Content-Type': 'application/json'
2026-02-19T10:41:01.2296015Z     'Content-Length': '3720'
2026-02-19T10:41:01.2296035Z     'Accept': 'application/json'
2026-02-19T10:41:01.2296058Z     'x-ms-client-request-id': '7baf549c-0d7f-11f1-99b0-eeaa766865b8'
2026-02-19T10:41:01.2296080Z     'User-Agent': 'azsdk-python-azuremonitorclient/unknown Python/3.11.14 (Linux-6.6.119.3-1.azl3-x86_64-with-glibc2.31)'
2026-02-19T10:41:01.2296099Z A body is sent with the request
2026-02-19T10:41:01.3367645Z 2026-02-19 10:41:01,336 - azure.core.pipeline.policies.http_logging_policy - INFO - Response status: 200
2026-02-19T10:41:01.3368041Z Response headers:
2026-02-19T10:41:01.3368077Z     'Transfer-Encoding': 'chunked'
2026-02-19T10:41:01.3368103Z     'Content-Type': 'application/json; charset=utf-8'
2026-02-19T10:41:01.3368191Z     'Server': 'Microsoft-HTTPAPI/2.0'
2026-02-19T10:41:01.3368216Z     'Strict-Transport-Security': 'REDACTED'
2026-02-19T10:41:01.3368240Z     'X-Content-Type-Options': 'REDACTED'
2026-02-19T10:41:01.3368262Z     'Date': 'Thu, 19 Feb 2026 10:41:00 GMT'
2026-02-19T10:41:01.3373157Z 2026-02-19 10:41:01,336 - azure.monitor.opentelemetry.exporter.export._base - INFO - Transmission succeeded: Item received: 3. Items accepted: 3
2026-02-19T10:41:03.4654527Z 2026-02-19 10:41:03,465 - azure.core.pipeline.policies.http_logging_policy - INFO - Request URL: 'https://westus2-2.in.applicationinsights.azure.com//v2.1/track'
2026-02-19T10:41:03.4655224Z Request method: 'POST'
2026-02-19T10:41:03.4655254Z Request headers:
2026-02-19T10:41:03.4655277Z     'Content-Type': 'application/json'
2026-02-19T10:41:03.4655298Z     'Content-Length': '3720'
2026-02-19T10:41:03.4655384Z     'Accept': 'application/json'
2026-02-19T10:41:03.4655405Z     'x-ms-client-request-id': '7d04818c-0d7f-11f1-9207-eeaa766865b8'
2026-02-19T10:41:03.4655426Z     'User-Agent': 'azsdk-python-azuremonitorclient/unknown Python/3.11.14 (Linux-6.6.119.3-1.azl3-x86_64-with-glibc2.31)'
2026-02-19T10:41:03.4655445Z A body is sent with the request
2026-02-19T10:41:03.5554716Z 2026-02-19 10:41:03,555 - azure.core.pipeline.policies.http_logging_policy - INFO - Response status: 200
2026-02-19T10:41:03.5555087Z Response headers:
2026-02-19T10:41:03.5555112Z     'Transfer-Encoding': 'chunked'
2026-02-19T10:41:03.5555131Z     'Content-Type': 'application/json; charset=utf-8'
2026-02-19T10:41:03.5555149Z     'Server': 'Microsoft-HTTPAPI/2.0'
2026-02-19T10:41:03.5555168Z     'Strict-Transport-Security': 'REDACTED'
2026-02-19T10:41:03.5555248Z     'X-Content-Type-Options': 'REDACTED'
2026-02-19T10:41:03.5555268Z     'Date': 'Thu, 19 Feb 2026 10:41:03 GMT'
2026-02-19T10:41:03.5561002Z 2026-02-19 10:41:03,555 - azure.monitor.opentelemetry.exporter.export._base - INFO - Transmission succeeded: Item received: 3. Items accepted: 3
2026-02-19T10:41:06.3387471Z 2026-02-19 10:41:06,338 - azure.core.pipeline.policies.http_logging_policy - INFO - Request URL: 'https://westus2-2.in.applicationinsights.azure.com//v2.1/track'
2026-02-19T10:41:06.3387833Z Request method: 'POST'
2026-02-19T10:41:06.3387864Z Request headers:
2026-02-19T10:41:06.3387884Z     'Content-Type': 'application/json'
2026-02-19T10:41:06.3387904Z     'Content-Length': '3718'
2026-02-19T10:41:06.3387922Z     'Accept': 'application/json'
2026-02-19T10:41:06.3387942Z     'x-ms-client-request-id': '7ebaed5e-0d7f-11f1-99b0-eeaa766865b8'
2026-02-19T10:41:06.3388023Z     'User-Agent': 'azsdk-python-azuremonitorclient/unknown Python/3.11.14 (Linux-6.6.119.3-1.azl3-x86_64-with-glibc2.31)'
2026-02-19T10:41:06.3388045Z A body is sent with the request
2026-02-19T10:41:06.4729115Z 2026-02-19 10:41:06,472 - azure.core.pipeline.policies.http_logging_policy - INFO - Response status: 200
2026-02-19T10:41:06.4729448Z Response headers:
2026-02-19T10:41:06.4729478Z     'Transfer-Encoding': 'chunked'
2026-02-19T10:41:06.4729505Z     'Content-Type': 'application/json; charset=utf-8'
2026-02-19T10:41:06.4729531Z     'Server': 'Microsoft-HTTPAPI/2.0'
2026-02-19T10:41:06.4729555Z     'Strict-Transport-Security': 'REDACTED'
2026-02-19T10:41:06.4729578Z     'X-Content-Type-Options': 'REDACTED'
2026-02-19T10:41:06.4729601Z     'Date': 'Thu, 19 Feb 2026 10:41:05 GMT'
2026-02-19T10:41:06.4735578Z 2026-02-19 10:41:06,473 - azure.monitor.opentelemetry.exporter.export._base - INFO - Transmission succeeded: Item received: 3. Items accepted: 3
2026-02-19T10:41:08.5575395Z 2026-02-19 10:41:08,557 - azure.core.pipeline.policies.http_logging_policy - INFO - Request URL: 'https://westus2-2.in.applicationinsights.azure.com//v2.1/track'
2026-02-19T10:41:08.5576173Z Request method: 'POST'
2026-02-19T10:41:08.5576203Z Request headers:
2026-02-19T10:41:08.5576224Z     'Content-Type': 'application/json'
2026-02-19T10:41:08.5576244Z     'Content-Length': '3720'
2026-02-19T10:41:08.5576264Z     'Accept': 'application/json'
2026-02-19T10:41:08.5576353Z     'x-ms-client-request-id': '800d7d7a-0d7f-11f1-9207-eeaa766865b8'
2026-02-19T10:41:08.5576379Z     'User-Agent': 'azsdk-python-azuremonitorclient/unknown Python/3.11.14 (Linux-6.6.119.3-1.azl3-x86_64-with-glibc2.31)'
2026-02-19T10:41:08.5576399Z A body is sent with the request
2026-02-19T10:41:08.6187912Z 2026-02-19 10:41:08,618 - azure.core.pipeline.policies.http_logging_policy - INFO - Response status: 200
2026-02-19T10:41:08.6188282Z Response headers:
2026-02-19T10:41:08.6188315Z     'Transfer-Encoding': 'chunked'
2026-02-19T10:41:08.6188336Z     'Content-Type': 'application/json; charset=utf-8'
2026-02-19T10:41:08.6188354Z     'Server': 'Microsoft-HTTPAPI/2.0'
2026-02-19T10:41:08.6188374Z     'Strict-Transport-Security': 'REDACTED'
2026-02-19T10:41:08.6188392Z     'X-Content-Type-Options': 'REDACTED'
2026-02-19T10:41:08.6188410Z     'Date': 'Thu, 19 Feb 2026 10:41:08 GMT'
2026-02-19T10:41:08.6193623Z 2026-02-19 10:41:08,618 - azure.monitor.opentelemetry.exporter.export._base - INFO - Transmission succeeded: Item received: 3. Items accepted: 3
2026-02-19T10:41:11.4751718Z 2026-02-19 10:41:11,474 - azure.core.pipeline.policies.http_logging_policy - INFO - Request URL: 'https://westus2-2.in.applicationinsights.azure.com//v2.1/track'
2026-02-19T10:41:11.4752106Z Request method: 'POST'
2026-02-19T10:41:11.4752361Z Request headers:
2026-02-19T10:41:11.4752387Z     'Content-Type': 'application/json'
2026-02-19T10:41:11.4752409Z     'Content-Length': '3720'
2026-02-19T10:41:11.4752489Z     'Accept': 'application/json'
2026-02-19T10:41:11.4752509Z     'x-ms-client-request-id': '81caaea8-0d7f-11f1-99b0-eeaa766865b8'
2026-02-19T10:41:11.4752530Z     'User-Agent': 'azsdk-python-azuremonitorclient/unknown Python/3.11.14 (Linux-6.6.119.3-1.azl3-x86_64-with-glibc2.31)'
2026-02-19T10:41:11.4752548Z A body is sent with the request
2026-02-19T10:41:11.6322845Z 2026-02-19 10:41:11,632 - azure.core.pipeline.policies.http_logging_policy - INFO - Response status: 200
2026-02-19T10:41:11.6323490Z Response headers:
2026-02-19T10:41:11.6323533Z     'Transfer-Encoding': 'chunked'
2026-02-19T10:41:11.6323555Z     'Content-Type': 'application/json; charset=utf-8'
2026-02-19T10:41:11.6323572Z     'Server': 'Microsoft-HTTPAPI/2.0'
2026-02-19T10:41:11.6323594Z     'Strict-Transport-Security': 'REDACTED'
2026-02-19T10:41:11.6323672Z     'X-Content-Type-Options': 'REDACTED'
2026-02-19T10:41:11.6323690Z     'Date': 'Thu, 19 Feb 2026 10:41:10 GMT'
2026-02-19T10:41:11.6329168Z 2026-02-19 10:41:11,632 - azure.monitor.opentelemetry.exporter.export._base - INFO - Transmission succeeded: Item received: 3. Items accepted: 3
2026-02-19T10:41:13.6212128Z 2026-02-19 10:41:13,621 - azure.core.pipeline.policies.http_logging_policy - INFO - Request URL: 'https://westus2-2.in.applicationinsights.azure.com//v2.1/track'
2026-02-19T10:41:13.6212454Z Request method: 'POST'
2026-02-19T10:41:13.6212481Z Request headers:
2026-02-19T10:41:13.6212507Z     'Content-Type': 'application/json'
2026-02-19T10:41:13.6212526Z     'Content-Length': '3720'
2026-02-19T10:41:13.6212546Z     'Accept': 'application/json'
2026-02-19T10:41:13.6212567Z     'x-ms-client-request-id': '831227be-0d7f-11f1-9207-eeaa766865b8'
2026-02-19T10:41:13.6212649Z     'User-Agent': 'azsdk-python-azuremonitorclient/unknown Python/3.11.14 (Linux-6.6.119.3-1.azl3-x86_64-with-glibc2.31)'
2026-02-19T10:41:13.6212669Z A body is sent with the request
2026-02-19T10:41:13.6961725Z 2026-02-19 10:41:13,695 - azure.core.pipeline.policies.http_logging_policy - INFO - Response status: 200
2026-02-19T10:41:13.6968103Z Response headers:
2026-02-19T10:41:13.6968152Z     'Transfer-Encoding': 'chunked'
2026-02-19T10:41:13.6968172Z     'Content-Type': 'application/json; charset=utf-8'
2026-02-19T10:41:13.6968198Z     'Server': 'Microsoft-HTTPAPI/2.0'
2026-02-19T10:41:13.6968215Z     'Strict-Transport-Security': 'REDACTED'
2026-02-19T10:41:13.6968231Z     'X-Content-Type-Options': 'REDACTED'
2026-02-19T10:41:13.6968249Z     'Date': 'Thu, 19 Feb 2026 10:41:13 GMT'
2026-02-19T10:41:13.6993098Z 2026-02-19 10:41:13,697 - azure.monitor.opentelemetry.exporter.export._base - INFO - Transmission succeeded: Item received: 3. Items accepted: 3
2026-02-19T10:41:16.6344560Z 2026-02-19 10:41:16,634 - azure.core.pipeline.policies.http_logging_policy - INFO - Request URL: 'https://westus2-2.in.applicationinsights.azure.com//v2.1/track'
2026-02-19T10:41:16.6344910Z Request method: 'POST'
2026-02-19T10:41:16.6344944Z Request headers:
2026-02-19T10:41:16.6344962Z     'Content-Type': 'application/json'
2026-02-19T10:41:16.6344984Z     'Content-Length': '3720'
2026-02-19T10:41:16.6345005Z     'Accept': 'application/json'
2026-02-19T10:41:16.6345024Z     'x-ms-client-request-id': '84ddee0c-0d7f-11f1-99b0-eeaa766865b8'
2026-02-19T10:41:16.6345045Z     'User-Agent': 'azsdk-python-azuremonitorclient/unknown Python/3.11.14 (Linux-6.6.119.3-1.azl3-x86_64-with-glibc2.31)'
2026-02-19T10:41:16.6345065Z A body is sent with the request
2026-02-19T10:41:17.3758709Z 2026-02-19 10:41:17,375 - azure.core.pipeline.policies.http_logging_policy - INFO - Response status: 200
2026-02-19T10:41:17.3759036Z Response headers:
2026-02-19T10:41:17.3759066Z     'Transfer-Encoding': 'chunked'
2026-02-19T10:41:17.3759084Z     'Content-Type': 'application/json; charset=utf-8'
2026-02-19T10:41:17.3759106Z     'Server': 'Microsoft-HTTPAPI/2.0'
2026-02-19T10:41:17.3759133Z     'Strict-Transport-Security': 'REDACTED'
2026-02-19T10:41:17.3759151Z     'X-Content-Type-Options': 'REDACTED'
2026-02-19T10:41:17.3759175Z     'Date': 'Thu, 19 Feb 2026 10:41:16 GMT'
2026-02-19T10:41:17.3763782Z 2026-02-19 10:41:17,376 - azure.monitor.opentelemetry.exporter.export._base - INFO - Transmission succeeded: Item received: 3. Items accepted: 3
2026-02-19T10:41:18.7013199Z 2026-02-19 10:41:18,701 - azure.core.pipeline.policies.http_logging_policy - INFO - Request URL: 'https://westus2-2.in.applicationinsights.azure.com//v2.1/track'
2026-02-19T10:41:18.7013764Z Request method: 'POST'
2026-02-19T10:41:18.7013790Z Request headers:
2026-02-19T10:41:18.7013812Z     'Content-Type': 'application/json'
2026-02-19T10:41:18.7013830Z     'Content-Length': '3720'
2026-02-19T10:41:18.7013849Z     'Accept': 'application/json'
2026-02-19T10:41:18.7013869Z     'x-ms-client-request-id': '86195158-0d7f-11f1-9207-eeaa766865b8'
2026-02-19T10:41:18.7013889Z     'User-Agent': 'azsdk-python-azuremonitorclient/unknown Python/3.11.14 (Linux-6.6.119.3-1.azl3-x86_64-with-glibc2.31)'
2026-02-19T10:41:18.7013909Z A body is sent with the request
2026-02-19T10:41:18.8062187Z 2026-02-19 10:41:18,806 - azure.core.pipeline.policies.http_logging_policy - INFO - Response status: 200
2026-02-19T10:41:18.8062531Z Response headers:
2026-02-19T10:41:18.8062560Z     'Transfer-Encoding': 'chunked'
2026-02-19T10:41:18.8062647Z     'Content-Type': 'application/json; charset=utf-8'
2026-02-19T10:41:18.8062669Z     'Server': 'Microsoft-HTTPAPI/2.0'
2026-02-19T10:41:18.8062691Z     'Strict-Transport-Security': 'REDACTED'
2026-02-19T10:41:18.8062710Z     'X-Content-Type-Options': 'REDACTED'
2026-02-19T10:41:18.8062730Z     'Date': 'Thu, 19 Feb 2026 10:41:18 GMT'
2026-02-19T10:41:18.8067820Z 2026-02-19 10:41:18,806 - azure.monitor.opentelemetry.exporter.export._base - INFO - Transmission succeeded: Item received: 3. Items accepted: 3
2026-02-19T10:41:22.3779611Z 2026-02-19 10:41:22,377 - azure.core.pipeline.policies.http_logging_policy - INFO - Request URL: 'https://westus2-2.in.applicationinsights.azure.com//v2.1/track'
2026-02-19T10:41:22.3780100Z Request method: 'POST'
2026-02-19T10:41:22.3780123Z Request headers:
2026-02-19T10:41:22.3780141Z     'Content-Type': 'application/json'
2026-02-19T10:41:22.3780161Z     'Content-Length': '3720'
2026-02-19T10:41:22.3780178Z     'Accept': 'application/json'
2026-02-19T10:41:22.3780198Z     'x-ms-client-request-id': '884a51c0-0d7f-11f1-99b0-eeaa766865b8'
2026-02-19T10:41:22.3780222Z     'User-Agent': 'azsdk-python-azuremonitorclient/unknown Python/3.11.14 (Linux-6.6.119.3-1.azl3-x86_64-with-glibc2.31)'
2026-02-19T10:41:22.3780242Z A body is sent with the request
2026-02-19T10:41:22.4365540Z 2026-02-19 10:41:22,436 - azure.core.pipeline.policies.http_logging_policy - INFO - Response status: 200
2026-02-19T10:41:22.4365889Z Response headers:
2026-02-19T10:41:22.4365979Z     'Transfer-Encoding': 'chunked'
2026-02-19T10:41:22.4366001Z     'Content-Type': 'application/json; charset=utf-8'
2026-02-19T10:41:22.4366019Z     'Server': 'Microsoft-HTTPAPI/2.0'
2026-02-19T10:41:22.4366037Z     'Strict-Transport-Security': 'REDACTED'
2026-02-19T10:41:22.4366055Z     'X-Content-Type-Options': 'REDACTED'
2026-02-19T10:41:22.4366071Z     'Date': 'Thu, 19 Feb 2026 10:41:21 GMT'
2026-02-19T10:41:22.4372075Z 2026-02-19 10:41:22,437 - azure.monitor.opentelemetry.exporter.export._base - INFO - Transmission succeeded: Item received: 3. Items accepted: 3
2026-02-19T10:41:23.8088921Z 2026-02-19 10:41:23,808 - azure.core.pipeline.policies.http_logging_policy - INFO - Request URL: 'https://westus2-2.in.applicationinsights.azure.com//v2.1/track'
2026-02-19T10:41:23.8089308Z Request method: 'POST'
2026-02-19T10:41:23.8089335Z Request headers:
2026-02-19T10:41:23.8089424Z     'Content-Type': 'application/json'
2026-02-19T10:41:23.8089444Z     'Content-Length': '3720'
2026-02-19T10:41:23.8089463Z     'Accept': 'application/json'
2026-02-19T10:41:23.8089481Z     'x-ms-client-request-id': '8924acda-0d7f-11f1-9207-eeaa766865b8'
2026-02-19T10:41:23.8089503Z     'User-Agent': 'azsdk-python-azuremonitorclient/unknown Python/3.11.14 (Linux-6.6.119.3-1.azl3-x86_64-with-glibc2.31)'
2026-02-19T10:41:23.8089523Z A body is sent with the request
2026-02-19T10:41:23.9128832Z 2026-02-19 10:41:23,912 - azure.core.pipeline.policies.http_logging_policy - INFO - Response status: 200
2026-02-19T10:41:23.9129346Z Response headers:
2026-02-19T10:41:23.9129382Z     'Transfer-Encoding': 'chunked'
2026-02-19T10:41:23.9129409Z     'Content-Type': 'application/json; charset=utf-8'
2026-02-19T10:41:23.9129495Z     'Server': 'Microsoft-HTTPAPI/2.0'
2026-02-19T10:41:23.9129522Z     'Strict-Transport-Security': 'REDACTED'
2026-02-19T10:41:23.9129546Z     'X-Content-Type-Options': 'REDACTED'
2026-02-19T10:41:23.9129570Z     'Date': 'Thu, 19 Feb 2026 10:41:23 GMT'
2026-02-19T10:41:23.9134309Z 2026-02-19 10:41:23,913 - azure.monitor.opentelemetry.exporter.export._base - INFO - Transmission succeeded: Item received: 3. Items accepted: 3
2026-02-19T10:41:27.4408064Z 2026-02-19 10:41:27,440 - azure.core.pipeline.policies.http_logging_policy - INFO - Request URL: 'https://westus2-2.in.applicationinsights.azure.com//v2.1/track'
2026-02-19T10:41:27.4410279Z Request method: 'POST'
2026-02-19T10:41:27.4410350Z Request headers:
2026-02-19T10:41:27.4410372Z     'Content-Type': 'application/json'
2026-02-19T10:41:27.4410394Z     'Content-Length': '3719'
2026-02-19T10:41:27.4410492Z     'Accept': 'application/json'
2026-02-19T10:41:27.4410514Z     'x-ms-client-request-id': '8b4ecc20-0d7f-11f1-99b0-eeaa766865b8'
2026-02-19T10:41:27.4410538Z     'User-Agent': 'azsdk-python-azuremonitorclient/unknown Python/3.11.14 (Linux-6.6.119.3-1.azl3-x86_64-with-glibc2.31)'
2026-02-19T10:41:27.4410558Z A body is sent with the request
2026-02-19T10:41:27.5041860Z 2026-02-19 10:41:27,503 - azure.core.pipeline.policies.http_logging_policy - INFO - Response status: 200
2026-02-19T10:41:27.5042205Z Response headers:
2026-02-19T10:41:27.5042234Z     'Transfer-Encoding': 'chunked'
2026-02-19T10:41:27.5042255Z     'Content-Type': 'application/json; charset=utf-8'
2026-02-19T10:41:27.5042278Z     'Server': 'Microsoft-HTTPAPI/2.0'
2026-02-19T10:41:27.5042297Z     'Strict-Transport-Security': 'REDACTED'
2026-02-19T10:41:27.5042318Z     'X-Content-Type-Options': 'REDACTED'
2026-02-19T10:41:27.5042397Z     'Date': 'Thu, 19 Feb 2026 10:41:26 GMT'
2026-02-19T10:41:27.5046330Z 2026-02-19 10:41:27,504 - azure.monitor.opentelemetry.exporter.export._base - INFO - Transmission succeeded: Item received: 3. Items accepted: 3
2026-02-19T10:41:28.9149890Z 2026-02-19 10:41:28,914 - azure.core.pipeline.policies.http_logging_policy - INFO - Request URL: 'https://westus2-2.in.applicationinsights.azure.com//v2.1/track'
2026-02-19T10:41:28.9150598Z Request method: 'POST'
2026-02-19T10:41:28.9150629Z Request headers:
2026-02-19T10:41:28.9150648Z     'Content-Type': 'application/json'
2026-02-19T10:41:28.9150668Z     'Content-Length': '3719'
2026-02-19T10:41:28.9150691Z     'Accept': 'application/json'
2026-02-19T10:41:28.9150713Z     'x-ms-client-request-id': '8c2fcbf8-0d7f-11f1-9207-eeaa766865b8'
2026-02-19T10:41:28.9150786Z     'User-Agent': 'azsdk-python-azuremonitorclient/unknown Python/3.11.14 (Linux-6.6.119.3-1.azl3-x86_64-with-glibc2.31)'
2026-02-19T10:41:28.9150805Z A body is sent with the request
2026-02-19T10:41:29.0280666Z 2026-02-19 10:41:29,027 - azure.core.pipeline.policies.http_logging_policy - INFO - Response status: 200
2026-02-19T10:41:29.0281007Z Response headers:
2026-02-19T10:41:29.0281036Z     'Transfer-Encoding': 'chunked'
2026-02-19T10:41:29.0281055Z     'Content-Type': 'application/json; charset=utf-8'
2026-02-19T10:41:29.0281072Z     'Server': 'Microsoft-HTTPAPI/2.0'
2026-02-19T10:41:29.0281099Z     'Strict-Transport-Security': 'REDACTED'
2026-02-19T10:41:29.0281121Z     'X-Content-Type-Options': 'REDACTED'
2026-02-19T10:41:29.0281139Z     'Date': 'Thu, 19 Feb 2026 10:41:28 GMT'
2026-02-19T10:41:29.0287346Z 2026-02-19 10:41:29,028 - azure.monitor.opentelemetry.exporter.export._base - INFO - Transmission succeeded: Item received: 3. Items accepted: 3
2026-02-19T10:41:32.5061852Z 2026-02-19 10:41:32,505 - azure.core.pipeline.policies.http_logging_policy - INFO - Request URL: 'https://westus2-2.in.applicationinsights.azure.com//v2.1/track'
2026-02-19T10:41:32.5062515Z Request method: 'POST'
2026-02-19T10:41:32.5062553Z Request headers:
2026-02-19T10:41:32.5062577Z     'Content-Type': 'application/json'
2026-02-19T10:41:32.5062600Z     'Content-Length': '3720'
2026-02-19T10:41:32.5062622Z     'Accept': 'application/json'
2026-02-19T10:41:32.5062656Z     'x-ms-client-request-id': '8e53c470-0d7f-11f1-99b0-eeaa766865b8'
2026-02-19T10:41:32.5062686Z     'User-Agent': 'azsdk-python-azuremonitorclient/unknown Python/3.11.14 (Linux-6.6.119.3-1.azl3-x86_64-with-glibc2.31)'
2026-02-19T10:41:32.5062709Z A body is sent with the request
2026-02-19T10:41:32.6585448Z 2026-02-19 10:41:32,658 - azure.core.pipeline.policies.http_logging_policy - INFO - Response status: 200
2026-02-19T10:41:32.6585793Z Response headers:
2026-02-19T10:41:32.6585820Z     'Transfer-Encoding': 'chunked'
2026-02-19T10:41:32.6585841Z     'Content-Type': 'application/json; charset=utf-8'
2026-02-19T10:41:32.6585860Z     'Server': 'Microsoft-HTTPAPI/2.0'
2026-02-19T10:41:32.6585879Z     'Strict-Transport-Security': 'REDACTED'
2026-02-19T10:41:32.6585896Z     'X-Content-Type-Options': 'REDACTED'
2026-02-19T10:41:32.6585916Z     'Date': 'Thu, 19 Feb 2026 10:41:32 GMT'
2026-02-19T10:41:32.6592170Z 2026-02-19 10:41:32,658 - azure.monitor.opentelemetry.exporter.export._base - INFO - Transmission succeeded: Item received: 3. Items accepted: 3
2026-02-19T10:41:34.0301197Z 2026-02-19 10:41:34,029 - azure.core.pipeline.policies.http_logging_policy - INFO - Request URL: 'https://westus2-2.in.applicationinsights.azure.com//v2.1/track'
2026-02-19T10:41:34.0301739Z Request method: 'POST'
2026-02-19T10:41:34.0301767Z Request headers:
2026-02-19T10:41:34.0301788Z     'Content-Type': 'application/json'
2026-02-19T10:41:34.0301808Z     'Content-Length': '3720'
2026-02-19T10:41:34.0301827Z     'Accept': 'application/json'
2026-02-19T10:41:34.0301849Z     'x-ms-client-request-id': '8f3c4eca-0d7f-11f1-9207-eeaa766865b8'
2026-02-19T10:41:34.0301870Z     'User-Agent': 'azsdk-python-azuremonitorclient/unknown Python/3.11.14 (Linux-6.6.119.3-1.azl3-x86_64-with-glibc2.31)'
2026-02-19T10:41:34.0301889Z A body is sent with the request
2026-02-19T10:41:34.2461074Z 2026-02-19 10:41:34,245 - azure.core.pipeline.policies.http_logging_policy - INFO - Response status: 200
2026-02-19T10:41:34.2461444Z Response headers:
2026-02-19T10:41:34.2461480Z     'Transfer-Encoding': 'chunked'
2026-02-19T10:41:34.2461564Z     'Content-Type': 'application/json; charset=utf-8'
2026-02-19T10:41:34.2461582Z     'Server': 'Microsoft-HTTPAPI/2.0'
2026-02-19T10:41:34.2461601Z     'Strict-Transport-Security': 'REDACTED'
2026-02-19T10:41:34.2461620Z     'X-Content-Type-Options': 'REDACTED'
2026-02-19T10:41:34.2461637Z     'Date': 'Thu, 19 Feb 2026 10:41:33 GMT'
2026-02-19T10:41:34.2464090Z 2026-02-19 10:41:34,246 - azure.monitor.opentelemetry.exporter.export._base - INFO - Transmission succeeded: Item received: 3. Items accepted: 3
2026-02-19T10:41:37.6610911Z 2026-02-19 10:41:37,660 - azure.core.pipeline.policies.http_logging_policy - INFO - Request URL: 'https://westus2-2.in.applicationinsights.azure.com//v2.1/track'
2026-02-19T10:41:37.6611279Z Request method: 'POST'
2026-02-19T10:41:37.6611311Z Request headers:
2026-02-19T10:41:37.6611338Z     'Content-Type': 'application/json'
2026-02-19T10:41:37.6611425Z     'Content-Length': '3719'
2026-02-19T10:41:37.6611451Z     'Accept': 'application/json'
2026-02-19T10:41:37.6611479Z     'x-ms-client-request-id': '916658e4-0d7f-11f1-99b0-eeaa766865b8'
2026-02-19T10:41:37.6611509Z     'User-Agent': 'azsdk-python-azuremonitorclient/unknown Python/3.11.14 (Linux-6.6.119.3-1.azl3-x86_64-with-glibc2.31)'
2026-02-19T10:41:37.6611532Z A body is sent with the request
2026-02-19T10:41:37.7644945Z 2026-02-19 10:41:37,764 - azure.core.pipeline.policies.http_logging_policy - INFO - Response status: 200
2026-02-19T10:41:37.7645707Z Response headers:
2026-02-19T10:41:37.7645739Z     'Transfer-Encoding': 'chunked'
2026-02-19T10:41:37.7645761Z     'Content-Type': 'application/json; charset=utf-8'
2026-02-19T10:41:37.7645783Z     'Server': 'Microsoft-HTTPAPI/2.0'
2026-02-19T10:41:37.7645865Z     'Strict-Transport-Security': 'REDACTED'
2026-02-19T10:41:37.7645889Z     'X-Content-Type-Options': 'REDACTED'
2026-02-19T10:41:37.7645911Z     'Date': 'Thu, 19 Feb 2026 10:41:37 GMT'
2026-02-19T10:41:37.7651612Z 2026-02-19 10:41:37,764 - azure.monitor.opentelemetry.exporter.export._base - INFO - Transmission succeeded: Item received: 3. Items accepted: 3
2026-02-19T10:41:39.2483807Z 2026-02-19 10:41:39,248 - azure.core.pipeline.policies.http_logging_policy - INFO - Request URL: 'https://westus2-2.in.applicationinsights.azure.com//v2.1/track'
2026-02-19T10:41:39.2484180Z Request method: 'POST'
2026-02-19T10:41:39.2484210Z Request headers:
2026-02-19T10:41:39.2484229Z     'Content-Type': 'application/json'
2026-02-19T10:41:39.2484246Z     'Content-Length': '3720'
2026-02-19T10:41:39.2484263Z     'Accept': 'application/json'
2026-02-19T10:41:39.2484301Z     'x-ms-client-request-id': '92588db2-0d7f-11f1-9207-eeaa766865b8'
2026-02-19T10:41:39.2484325Z     'User-Agent': 'azsdk-python-azuremonitorclient/unknown Python/3.11.14 (Linux-6.6.119.3-1.azl3-x86_64-with-glibc2.31)'
2026-02-19T10:41:39.2484342Z A body is sent with the request
2026-02-19T10:41:39.3357938Z 2026-02-19 10:41:39,335 - azure.core.pipeline.policies.http_logging_policy - INFO - Response status: 200
2026-02-19T10:41:39.3358542Z Response headers:
2026-02-19T10:41:39.3358577Z     'Transfer-Encoding': 'chunked'
2026-02-19T10:41:39.3358598Z     'Content-Type': 'application/json; charset=utf-8'
2026-02-19T10:41:39.3358617Z     'Server': 'Microsoft-HTTPAPI/2.0'
2026-02-19T10:41:39.3358637Z     'Strict-Transport-Security': 'REDACTED'
2026-02-19T10:41:39.3358657Z     'X-Content-Type-Options': 'REDACTED'
2026-02-19T10:41:39.3358677Z     'Date': 'Thu, 19 Feb 2026 10:41:38 GMT'
2026-02-19T10:41:39.3363795Z 2026-02-19 10:41:39,336 - azure.monitor.opentelemetry.exporter.export._base - INFO - Transmission succeeded: Item received: 3. Items accepted: 3
2026-02-19T10:41:42.7664630Z 2026-02-19 10:41:42,766 - azure.core.pipeline.policies.http_logging_policy - INFO - Request URL: 'https://westus2-2.in.applicationinsights.azure.com//v2.1/track'
2026-02-19T10:41:42.7665171Z Request method: 'POST'
2026-02-19T10:41:42.7665204Z Request headers:
2026-02-19T10:41:42.7665232Z     'Content-Type': 'application/json'
2026-02-19T10:41:42.7665250Z     'Content-Length': '3719'
2026-02-19T10:41:42.7665267Z     'Accept': 'application/json'
2026-02-19T10:41:42.7665288Z     'x-ms-client-request-id': '94715d9a-0d7f-11f1-99b0-eeaa766865b8'
2026-02-19T10:41:42.7665312Z     'User-Agent': 'azsdk-python-azuremonitorclient/unknown Python/3.11.14 (Linux-6.6.119.3-1.azl3-x86_64-with-glibc2.31)'
2026-02-19T10:41:42.7665393Z A body is sent with the request
2026-02-19T10:41:42.8186821Z 2026-02-19 10:41:42,818 - azure.core.pipeline.policies.http_logging_policy - INFO - Response status: 200
2026-02-19T10:41:42.8187393Z Response headers:
2026-02-19T10:41:42.8187424Z     'Transfer-Encoding': 'chunked'
2026-02-19T10:41:42.8187447Z     'Content-Type': 'application/json; charset=utf-8'
2026-02-19T10:41:42.8187466Z     'Server': 'Microsoft-HTTPAPI/2.0'
2026-02-19T10:41:42.8187486Z     'Strict-Transport-Security': 'REDACTED'
2026-02-19T10:41:42.8187506Z     'X-Content-Type-Options': 'REDACTED'
2026-02-19T10:41:42.8187527Z     'Date': 'Thu, 19 Feb 2026 10:41:42 GMT'
2026-02-19T10:41:42.8193572Z 2026-02-19 10:41:42,818 - azure.monitor.opentelemetry.exporter.export._base - INFO - Transmission succeeded: Item received: 3. Items accepted: 3
2026-02-19T10:41:44.3393661Z 2026-02-19 10:41:44,338 - azure.core.pipeline.policies.http_logging_policy - INFO - Request URL: 'https://westus2-2.in.applicationinsights.azure.com//v2.1/track'
2026-02-19T10:41:44.3394013Z Request method: 'POST'
2026-02-19T10:41:44.3394041Z Request headers:
2026-02-19T10:41:44.3394060Z     'Content-Type': 'application/json'
2026-02-19T10:41:44.3394078Z     'Content-Length': '3720'
2026-02-19T10:41:44.3394097Z     'Accept': 'application/json'
2026-02-19T10:41:44.3394119Z     'x-ms-client-request-id': '956143e6-0d7f-11f1-9207-eeaa766865b8'
2026-02-19T10:41:44.3394147Z     'User-Agent': 'azsdk-python-azuremonitorclient/unknown Python/3.11.14 (Linux-6.6.119.3-1.azl3-x86_64-with-glibc2.31)'
2026-02-19T10:41:44.3394164Z A body is sent with the request
2026-02-19T10:41:44.4333789Z 2026-02-19 10:41:44,433 - azure.core.pipeline.policies.http_logging_policy - INFO - Response status: 200
2026-02-19T10:41:44.4334216Z Response headers:
2026-02-19T10:41:44.4334242Z     'Transfer-Encoding': 'chunked'
2026-02-19T10:41:44.4334262Z     'Content-Type': 'application/json; charset=utf-8'
2026-02-19T10:41:44.4334281Z     'Server': 'Microsoft-HTTPAPI/2.0'
2026-02-19T10:41:44.4334301Z     'Strict-Transport-Security': 'REDACTED'
2026-02-19T10:41:44.4334320Z     'X-Content-Type-Options': 'REDACTED'
2026-02-19T10:41:44.4334342Z     'Date': 'Thu, 19 Feb 2026 10:41:43 GMT'
2026-02-19T10:41:44.4339282Z 2026-02-19 10:41:44,433 - azure.monitor.opentelemetry.exporter.export._base - INFO - Transmission succeeded: Item received: 3. Items accepted: 3
2026-02-19T10:41:47.8210143Z 2026-02-19 10:41:47,820 - azure.core.pipeline.policies.http_logging_policy - INFO - Request URL: 'https://westus2-2.in.applicationinsights.azure.com//v2.1/track'
2026-02-19T10:41:47.8210485Z Request method: 'POST'
2026-02-19T10:41:47.8210584Z Request headers:
2026-02-19T10:41:47.8210607Z     'Content-Type': 'application/json'
2026-02-19T10:41:47.8210626Z     'Content-Length': '3720'
2026-02-19T10:41:47.8210646Z     'Accept': 'application/json'
2026-02-19T10:41:47.8210667Z     'x-ms-client-request-id': '9774a1d2-0d7f-11f1-99b0-eeaa766865b8'
2026-02-19T10:41:47.8210693Z     'User-Agent': 'azsdk-python-azuremonitorclient/unknown Python/3.11.14 (Linux-6.6.119.3-1.azl3-x86_64-with-glibc2.31)'
2026-02-19T10:41:47.8210715Z A body is sent with the request
2026-02-19T10:41:47.8660476Z 2026-02-19 10:41:47,865 - azure.core.pipeline.policies.http_logging_policy - INFO - Response status: 200
2026-02-19T10:41:47.8660806Z Response headers:
2026-02-19T10:41:47.8660839Z     'Transfer-Encoding': 'chunked'
2026-02-19T10:41:47.8660860Z     'Content-Type': 'application/json; charset=utf-8'
2026-02-19T10:41:47.8660930Z     'Server': 'Microsoft-HTTPAPI/2.0'
2026-02-19T10:41:47.8660950Z     'Strict-Transport-Security': 'REDACTED'
2026-02-19T10:41:47.8660970Z     'X-Content-Type-Options': 'REDACTED'
2026-02-19T10:41:47.8660988Z     'Date': 'Thu, 19 Feb 2026 10:41:47 GMT'
2026-02-19T10:41:47.8665358Z 2026-02-19 10:41:47,866 - azure.monitor.opentelemetry.exporter.export._base - INFO - Transmission succeeded: Item received: 3. Items accepted: 3
2026-02-19T10:41:49.4357462Z 2026-02-19 10:41:49,435 - azure.core.pipeline.policies.http_logging_policy - INFO - Request URL: 'https://westus2-2.in.applicationinsights.azure.com//v2.1/track'
2026-02-19T10:41:49.4357813Z Request method: 'POST'
2026-02-19T10:41:49.4357842Z Request headers:
2026-02-19T10:41:49.4357861Z     'Content-Type': 'application/json'
2026-02-19T10:41:49.4357878Z     'Content-Length': '3719'
2026-02-19T10:41:49.4357963Z     'Accept': 'application/json'
2026-02-19T10:41:49.4357985Z     'x-ms-client-request-id': '986b0554-0d7f-11f1-9207-eeaa766865b8'
2026-02-19T10:41:49.4358008Z     'User-Agent': 'azsdk-python-azuremonitorclient/unknown Python/3.11.14 (Linux-6.6.119.3-1.azl3-x86_64-with-glibc2.31)'
2026-02-19T10:41:49.4358025Z A body is sent with the request
2026-02-19T10:41:49.5232322Z 2026-02-19 10:41:49,523 - azure.core.pipeline.policies.http_logging_policy - INFO - Response status: 200
2026-02-19T10:41:49.5232621Z Response headers:
2026-02-19T10:41:49.5232653Z     'Transfer-Encoding': 'chunked'
2026-02-19T10:41:49.5232671Z     'Content-Type': 'application/json; charset=utf-8'
2026-02-19T10:41:49.5232690Z     'Server': 'Microsoft-HTTPAPI/2.0'
2026-02-19T10:41:49.5232711Z     'Strict-Transport-Security': 'REDACTED'
2026-02-19T10:41:49.5232791Z     'X-Content-Type-Options': 'REDACTED'
2026-02-19T10:41:49.5232814Z     'Date': 'Thu, 19 Feb 2026 10:41:48 GMT'
2026-02-19T10:41:49.5239751Z 2026-02-19 10:41:49,523 - azure.monitor.opentelemetry.exporter.export._base - INFO - Transmission succeeded: Item received: 3. Items accepted: 3
2026-02-19T10:41:52.8681349Z 2026-02-19 10:41:52,867 - azure.core.pipeline.policies.http_logging_policy - INFO - Request URL: 'https://westus2-2.in.applicationinsights.azure.com//v2.1/track'
2026-02-19T10:41:52.8681935Z Request method: 'POST'
2026-02-19T10:41:52.8681970Z Request headers:
2026-02-19T10:41:52.8681994Z     'Content-Type': 'application/json'
2026-02-19T10:41:52.8682017Z     'Content-Length': '3720'
2026-02-19T10:41:52.8682038Z     'Accept': 'application/json'
2026-02-19T10:41:52.8682062Z     'x-ms-client-request-id': '9a76c1b2-0d7f-11f1-99b0-eeaa766865b8'
2026-02-19T10:41:52.8682155Z     'User-Agent': 'azsdk-python-azuremonitorclient/unknown Python/3.11.14 (Linux-6.6.119.3-1.azl3-x86_64-with-glibc2.31)'
2026-02-19T10:41:52.8682178Z A body is sent with the request
2026-02-19T10:41:52.9693702Z 2026-02-19 10:41:52,969 - azure.core.pipeline.policies.http_logging_policy - INFO - Response status: 200
2026-02-19T10:41:52.9694023Z Response headers:
2026-02-19T10:41:52.9694056Z     'Transfer-Encoding': 'chunked'
2026-02-19T10:41:52.9694075Z     'Content-Type': 'application/json; charset=utf-8'
2026-02-19T10:41:52.9694092Z     'Server': 'Microsoft-HTTPAPI/2.0'
2026-02-19T10:41:52.9694116Z     'Strict-Transport-Security': 'REDACTED'
2026-02-19T10:41:52.9694135Z     'X-Content-Type-Options': 'REDACTED'
2026-02-19T10:41:52.9694153Z     'Date': 'Thu, 19 Feb 2026 10:41:52 GMT'
2026-02-19T10:41:52.9699807Z 2026-02-19 10:41:52,969 - azure.monitor.opentelemetry.exporter.export._base - INFO - Transmission succeeded: Item received: 3. Items accepted: 3
2026-02-19T10:41:54.5253177Z 2026-02-19 10:41:54,525 - azure.core.pipeline.policies.http_logging_policy - INFO - Request URL: 'https://westus2-2.in.applicationinsights.azure.com//v2.1/track'
2026-02-19T10:41:54.5253880Z Request method: 'POST'
2026-02-19T10:41:54.5253914Z Request headers:
2026-02-19T10:41:54.5253932Z     'Content-Type': 'application/json'
2026-02-19T10:41:54.5253954Z     'Content-Length': '3720'
2026-02-19T10:41:54.5253976Z     'Accept': 'application/json'
2026-02-19T10:41:54.5253996Z     'x-ms-client-request-id': '9b739ffe-0d7f-11f1-9207-eeaa766865b8'
2026-02-19T10:41:54.5254022Z     'User-Agent': 'azsdk-python-azuremonitorclient/unknown Python/3.11.14 (Linux-6.6.119.3-1.azl3-x86_64-with-glibc2.31)'
2026-02-19T10:41:54.5254042Z A body is sent with the request
2026-02-19T10:41:54.6447214Z 2026-02-19 10:41:54,644 - azure.core.pipeline.policies.http_logging_policy - INFO - Response status: 200
2026-02-19T10:41:54.6447531Z Response headers:
2026-02-19T10:41:54.6447564Z     'Transfer-Encoding': 'chunked'
2026-02-19T10:41:54.6447588Z     'Content-Type': 'application/json; charset=utf-8'
2026-02-19T10:41:54.6447610Z     'Server': 'Microsoft-HTTPAPI/2.0'
2026-02-19T10:41:54.6447634Z     'Strict-Transport-Security': 'REDACTED'
2026-02-19T10:41:54.6447657Z     'X-Content-Type-Options': 'REDACTED'
2026-02-19T10:41:54.6447682Z     'Date': 'Thu, 19 Feb 2026 10:41:53 GMT'
2026-02-19T10:41:54.6454611Z 2026-02-19 10:41:54,645 - azure.monitor.opentelemetry.exporter.export._base - INFO - Transmission succeeded: Item received: 3. Items accepted: 3
2026-02-19T10:41:57.9716306Z 2026-02-19 10:41:57,971 - azure.core.pipeline.policies.http_logging_policy - INFO - Request URL: 'https://westus2-2.in.applicationinsights.azure.com//v2.1/track'
2026-02-19T10:41:57.9718857Z Request method: 'POST'
2026-02-19T10:41:57.9718885Z Request headers:
2026-02-19T10:41:57.9718906Z     'Content-Type': 'application/json'
2026-02-19T10:41:57.9718923Z     'Content-Length': '3720'
2026-02-19T10:41:57.9718940Z     'Accept': 'application/json'
2026-02-19T10:41:57.9718961Z     'x-ms-client-request-id': '9d8175f0-0d7f-11f1-99b0-eeaa766865b8'
2026-02-19T10:41:57.9718983Z     'User-Agent': 'azsdk-python-azuremonitorclient/unknown Python/3.11.14 (Linux-6.6.119.3-1.azl3-x86_64-with-glibc2.31)'
2026-02-19T10:41:57.9719001Z A body is sent with the request
2026-02-19T10:41:58.0744681Z 2026-02-19 10:41:58,074 - azure.core.pipeline.policies.http_logging_policy - INFO - Response status: 200
2026-02-19T10:41:58.0745037Z Response headers:
2026-02-19T10:41:58.0745071Z     'Transfer-Encoding': 'chunked'
2026-02-19T10:41:58.0745156Z     'Content-Type': 'application/json; charset=utf-8'
2026-02-19T10:41:58.0745178Z     'Server': 'Microsoft-HTTPAPI/2.0'
2026-02-19T10:41:58.0745198Z     'Strict-Transport-Security': 'REDACTED'
2026-02-19T10:41:58.0745220Z     'X-Content-Type-Options': 'REDACTED'
2026-02-19T10:41:58.0745243Z     'Date': 'Thu, 19 Feb 2026 10:41:58 GMT'
2026-02-19T10:41:58.0751234Z 2026-02-19 10:41:58,074 - azure.monitor.opentelemetry.exporter.export._base - INFO - Transmission succeeded: Item received: 3. Items accepted: 3
2026-02-19T10:41:59.6474682Z 2026-02-19 10:41:59,647 - azure.core.pipeline.policies.http_logging_policy - INFO - Request URL: 'https://westus2-2.in.applicationinsights.azure.com//v2.1/track'
2026-02-19T10:41:59.6474976Z Request method: 'POST'
2026-02-19T10:41:59.6475008Z Request headers:
2026-02-19T10:41:59.6475059Z     'Content-Type': 'application/json'
2026-02-19T10:41:59.6475082Z     'Content-Length': '3719'
2026-02-19T10:41:59.6475104Z     'Accept': 'application/json'
2026-02-19T10:41:59.6475126Z     'x-ms-client-request-id': '9e813378-0d7f-11f1-9207-eeaa766865b8'
2026-02-19T10:41:59.6475150Z     'User-Agent': 'azsdk-python-azuremonitorclient/unknown Python/3.11.14 (Linux-6.6.119.3-1.azl3-x86_64-with-glibc2.31)'
2026-02-19T10:41:59.6475173Z A body is sent with the request
2026-02-19T10:41:59.7462833Z 2026-02-19 10:41:59,745 - azure.core.pipeline.policies.http_logging_policy - INFO - Response status: 200
2026-02-19T10:41:59.7463180Z Response headers:
2026-02-19T10:41:59.7463213Z     'Transfer-Encoding': 'chunked'
2026-02-19T10:41:59.7463233Z     'Content-Type': 'application/json; charset=utf-8'
2026-02-19T10:41:59.7463252Z     'Server': 'Microsoft-HTTPAPI/2.0'
2026-02-19T10:41:59.7463307Z     'Strict-Transport-Security': 'REDACTED'
2026-02-19T10:41:59.7463326Z     'X-Content-Type-Options': 'REDACTED'
2026-02-19T10:41:59.7463344Z     'Date': 'Thu, 19 Feb 2026 10:41:58 GMT'
2026-02-19T10:41:59.7471300Z 2026-02-19 10:41:59,746 - azure.monitor.opentelemetry.exporter.export._base - INFO - Transmission succeeded: Item received: 3. Items accepted: 3
2026-02-19T10:42:03.0766271Z 2026-02-19 10:42:03,076 - azure.core.pipeline.policies.http_logging_policy - INFO - Request URL: 'https://westus2-2.in.applicationinsights.azure.com//v2.1/track'
2026-02-19T10:42:03.0766638Z Request method: 'POST'
2026-02-19T10:42:03.0766665Z Request headers:
2026-02-19T10:42:03.0766685Z     'Content-Type': 'application/json'
2026-02-19T10:42:03.0766708Z     'Content-Length': '3720'
2026-02-19T10:42:03.0766725Z     'Accept': 'application/json'
2026-02-19T10:42:03.0766822Z     'x-ms-client-request-id': 'a08c7484-0d7f-11f1-99b0-eeaa766865b8'
2026-02-19T10:42:03.0766848Z     'User-Agent': 'azsdk-python-azuremonitorclient/unknown Python/3.11.14 (Linux-6.6.119.3-1.azl3-x86_64-with-glibc2.31)'
2026-02-19T10:42:03.0766869Z A body is sent with the request
2026-02-19T10:42:03.1972535Z 2026-02-19 10:42:03,197 - azure.core.pipeline.policies.http_logging_policy - INFO - Response status: 200
2026-02-19T10:42:03.1972928Z Response headers:
2026-02-19T10:42:03.1972955Z     'Transfer-Encoding': 'chunked'
2026-02-19T10:42:03.1972982Z     'Content-Type': 'application/json; charset=utf-8'
2026-02-19T10:42:03.1973000Z     'Server': 'Microsoft-HTTPAPI/2.0'
2026-02-19T10:42:03.1973018Z     'Strict-Transport-Security': 'REDACTED'
2026-02-19T10:42:03.1973036Z     'X-Content-Type-Options': 'REDACTED'
2026-02-19T10:42:03.1973052Z     'Date': 'Thu, 19 Feb 2026 10:42:03 GMT'
2026-02-19T10:42:03.1977832Z 2026-02-19 10:42:03,197 - azure.monitor.opentelemetry.exporter.export._base - INFO - Transmission succeeded: Item received: 3. Items accepted: 3
2026-02-19T10:42:04.7489211Z 2026-02-19 10:42:04,748 - azure.core.pipeline.policies.http_logging_policy - INFO - Request URL: 'https://westus2-2.in.applicationinsights.azure.com//v2.1/track'
2026-02-19T10:42:04.7490510Z Request method: 'POST'
2026-02-19T10:42:04.7490548Z Request headers:
2026-02-19T10:42:04.7490576Z     'Content-Type': 'application/json'
2026-02-19T10:42:04.7490595Z     'Content-Length': '3720'
2026-02-19T10:42:04.7490612Z     'Accept': 'application/json'
2026-02-19T10:42:04.7490629Z     'x-ms-client-request-id': 'a18b9eb4-0d7f-11f1-9207-eeaa766865b8'
2026-02-19T10:42:04.7490649Z     'User-Agent': 'azsdk-python-azuremonitorclient/unknown Python/3.11.14 (Linux-6.6.119.3-1.azl3-x86_64-with-glibc2.31)'
2026-02-19T10:42:04.7490719Z A body is sent with the request
2026-02-19T10:42:04.8460379Z 2026-02-19 10:42:04,845 - azure.core.pipeline.policies.http_logging_policy - INFO - Response status: 200
2026-02-19T10:42:04.8460707Z Response headers:
2026-02-19T10:42:04.8460733Z     'Transfer-Encoding': 'chunked'
2026-02-19T10:42:04.8460756Z     'Content-Type': 'application/json; charset=utf-8'
2026-02-19T10:42:04.8460776Z     'Server': 'Microsoft-HTTPAPI/2.0'
2026-02-19T10:42:04.8460800Z     'Strict-Transport-Security': 'REDACTED'
2026-02-19T10:42:04.8460820Z     'X-Content-Type-Options': 'REDACTED'
2026-02-19T10:42:04.8460839Z     'Date': 'Thu, 19 Feb 2026 10:42:03 GMT'
2026-02-19T10:42:04.8465326Z 2026-02-19 10:42:04,846 - azure.monitor.opentelemetry.exporter.export._base - INFO - Transmission succeeded: Item received: 3. Items accepted: 3
2026-02-19T10:42:08.1994685Z 2026-02-19 10:42:08,199 - azure.core.pipeline.policies.http_logging_policy - INFO - Request URL: 'https://westus2-2.in.applicationinsights.azure.com//v2.1/track'
2026-02-19T10:42:08.1995030Z Request method: 'POST'
2026-02-19T10:42:08.1995062Z Request headers:
2026-02-19T10:42:08.1995085Z     'Content-Type': 'application/json'
2026-02-19T10:42:08.1995107Z     'Content-Length': '3719'
2026-02-19T10:42:08.1995129Z     'Accept': 'application/json'
2026-02-19T10:42:08.1995157Z     'x-ms-client-request-id': 'a39a1e56-0d7f-11f1-99b0-eeaa766865b8'
2026-02-19T10:42:08.1995183Z     'User-Agent': 'azsdk-python-azuremonitorclient/unknown Python/3.11.14 (Linux-6.6.119.3-1.azl3-x86_64-with-glibc2.31)'
2026-02-19T10:42:08.1995205Z A body is sent with the request
2026-02-19T10:42:08.3468891Z 2026-02-19 10:42:08,346 - azure.core.pipeline.policies.http_logging_policy - INFO - Response status: 200
2026-02-19T10:42:08.3471810Z Response headers:
2026-02-19T10:42:08.3471855Z     'Transfer-Encoding': 'chunked'
2026-02-19T10:42:08.3471877Z     'Content-Type': 'application/json; charset=utf-8'
2026-02-19T10:42:08.3471897Z     'Server': 'Microsoft-HTTPAPI/2.0'
2026-02-19T10:42:08.3471917Z     'Strict-Transport-Security': 'REDACTED'
2026-02-19T10:42:08.3471936Z     'X-Content-Type-Options': 'REDACTED'
2026-02-19T10:42:08.3471954Z     'Date': 'Thu, 19 Feb 2026 10:42:08 GMT'
2026-02-19T10:42:08.3489295Z 2026-02-19 10:42:08,348 - azure.monitor.opentelemetry.exporter.export._base - INFO - Transmission succeeded: Item received: 3. Items accepted: 3
2026-02-19T10:42:09.8618218Z 2026-02-19 10:42:09,854 - azure.core.pipeline.policies.http_logging_policy - INFO - Request URL: 'https://westus2-2.in.applicationinsights.azure.com//v2.1/track'
2026-02-19T10:42:09.8618663Z Request method: 'POST'
2026-02-19T10:42:09.8618736Z Request headers:
2026-02-19T10:42:09.8618758Z     'Content-Type': 'application/json'
2026-02-19T10:42:09.8618776Z     'Content-Length': '3719'
2026-02-19T10:42:09.8618794Z     'Accept': 'application/json'
2026-02-19T10:42:09.8618813Z     'x-ms-client-request-id': 'a496c250-0d7f-11f1-9207-eeaa766865b8'
2026-02-19T10:42:09.8618837Z     'User-Agent': 'azsdk-python-azuremonitorclient/unknown Python/3.11.14 (Linux-6.6.119.3-1.azl3-x86_64-with-glibc2.31)'
2026-02-19T10:42:09.8618855Z A body is sent with the request
2026-02-19T10:42:10.2779282Z 2026-02-19 10:42:10,273 - azure.core.pipeline.policies.http_logging_policy - INFO - Response status: 200
2026-02-19T10:42:10.2779675Z Response headers:
2026-02-19T10:42:10.2779709Z     'Transfer-Encoding': 'chunked'
2026-02-19T10:42:10.2779737Z     'Content-Type': 'application/json; charset=utf-8'
2026-02-19T10:42:10.2779829Z     'Server': 'Microsoft-HTTPAPI/2.0'
2026-02-19T10:42:10.2779847Z     'Strict-Transport-Security': 'REDACTED'
2026-02-19T10:42:10.2779864Z     'X-Content-Type-Options': 'REDACTED'
2026-02-19T10:42:10.2779883Z     'Date': 'Thu, 19 Feb 2026 10:42:10 GMT'
2026-02-19T10:42:10.3053789Z 2026-02-19 10:42:10,304 - azure.monitor.opentelemetry.exporter.export._base - INFO - Transmission succeeded: Item received: 3. Items accepted: 3
2026-02-19T10:42:13.3877784Z 2026-02-19 10:42:13,380 - azure.core.pipeline.policies.http_logging_policy - INFO - Request URL: 'https://westus2-2.in.applicationinsights.azure.com//v2.1/track'
2026-02-19T10:42:13.3878175Z Request method: 'POST'
2026-02-19T10:42:13.3878202Z Request headers:
2026-02-19T10:42:13.3878230Z     'Content-Type': 'application/json'
2026-02-19T10:42:13.3878248Z     'Content-Length': '3720'
2026-02-19T10:42:13.3878331Z     'Accept': 'application/json'
2026-02-19T10:42:13.3878353Z     'x-ms-client-request-id': 'a6ae27d6-0d7f-11f1-99b0-eeaa766865b8'
2026-02-19T10:42:13.3878377Z     'User-Agent': 'azsdk-python-azuremonitorclient/unknown Python/3.11.14 (Linux-6.6.119.3-1.azl3-x86_64-with-glibc2.31)'
2026-02-19T10:42:13.3878399Z A body is sent with the request
2026-02-19T10:42:13.5279512Z 2026-02-19 10:42:13,527 - azure.core.pipeline.policies.http_logging_policy - INFO - Response status: 200
2026-02-19T10:42:13.5280103Z Response headers:
2026-02-19T10:42:13.5280137Z     'Transfer-Encoding': 'chunked'
2026-02-19T10:42:13.5280164Z     'Content-Type': 'application/json; charset=utf-8'
2026-02-19T10:42:13.5280188Z     'Server': 'Microsoft-HTTPAPI/2.0'
2026-02-19T10:42:13.5280212Z     'Strict-Transport-Security': 'REDACTED'
2026-02-19T10:42:13.5280292Z     'X-Content-Type-Options': 'REDACTED'
2026-02-19T10:42:13.5280315Z     'Date': 'Thu, 19 Feb 2026 10:42:13 GMT'
2026-02-19T10:42:13.5336287Z 2026-02-19 10:42:13,530 - azure.monitor.opentelemetry.exporter.export._base - INFO - Transmission succeeded: Item received: 3. Items accepted: 3
2026-02-19T10:42:15.3219606Z 2026-02-19 10:42:15,316 - azure.core.pipeline.policies.http_logging_policy - INFO - Request URL: 'https://westus2-2.in.applicationinsights.azure.com//v2.1/track'
2026-02-19T10:42:15.3219979Z Request method: 'POST'
2026-02-19T10:42:15.3220006Z Request headers:
2026-02-19T10:42:15.3220023Z     'Content-Type': 'application/json'
2026-02-19T10:42:15.3220106Z     'Content-Length': '3720'
2026-02-19T10:42:15.3220124Z     'Accept': 'application/json'
2026-02-19T10:42:15.3220143Z     'x-ms-client-request-id': 'a7d826a2-0d7f-11f1-9207-eeaa766865b8'
2026-02-19T10:42:15.3220163Z     'User-Agent': 'azsdk-python-azuremonitorclient/unknown Python/3.11.14 (Linux-6.6.119.3-1.azl3-x86_64-with-glibc2.31)'
2026-02-19T10:42:15.3220181Z A body is sent with the request
2026-02-19T10:42:15.5121756Z 2026-02-19 10:42:15,511 - azure.core.pipeline.policies.http_logging_policy - INFO - Response status: 200
2026-02-19T10:42:15.5122152Z Response headers:
2026-02-19T10:42:15.5122183Z     'Transfer-Encoding': 'chunked'
2026-02-19T10:42:15.5122202Z     'Content-Type': 'application/json; charset=utf-8'
2026-02-19T10:42:15.5122220Z     'Server': 'Microsoft-HTTPAPI/2.0'
2026-02-19T10:42:15.5122300Z     'Strict-Transport-Security': 'REDACTED'
2026-02-19T10:42:15.5122320Z     'X-Content-Type-Options': 'REDACTED'
2026-02-19T10:42:15.5122338Z     'Date': 'Thu, 19 Feb 2026 10:42:15 GMT'
2026-02-19T10:42:15.5127986Z 2026-02-19 10:42:15,512 - azure.monitor.opentelemetry.exporter.export._base - INFO - Transmission succeeded: Item received: 3. Items accepted: 3
2026-02-19T10:42:18.5322302Z 2026-02-19 10:42:18,532 - azure.core.pipeline.policies.http_logging_policy - INFO - Request URL: 'https://westus2-2.in.applicationinsights.azure.com//v2.1/track'
2026-02-19T10:42:18.5322705Z Request method: 'POST'
2026-02-19T10:42:18.5322733Z Request headers:
2026-02-19T10:42:18.5322759Z     'Content-Type': 'application/json'
2026-02-19T10:42:18.5322779Z     'Content-Length': '3720'
2026-02-19T10:42:18.5322798Z     'Accept': 'application/json'
2026-02-19T10:42:18.5322882Z     'x-ms-client-request-id': 'a9c2ca9e-0d7f-11f1-99b0-eeaa766865b8'
2026-02-19T10:42:18.5322912Z     'User-Agent': 'azsdk-python-azuremonitorclient/unknown Python/3.11.14 (Linux-6.6.119.3-1.azl3-x86_64-with-glibc2.31)'
2026-02-19T10:42:18.5322935Z A body is sent with the request
2026-02-19T10:42:18.6114385Z 2026-02-19 10:42:18,611 - azure.core.pipeline.policies.http_logging_policy - INFO - Response status: 200
2026-02-19T10:42:18.6114719Z Response headers:
2026-02-19T10:42:18.6114751Z     'Transfer-Encoding': 'chunked'
2026-02-19T10:42:18.6114772Z     'Content-Type': 'application/json; charset=utf-8'
2026-02-19T10:42:18.6114789Z     'Server': 'Microsoft-HTTPAPI/2.0'
2026-02-19T10:42:18.6114809Z     'Strict-Transport-Security': 'REDACTED'
2026-02-19T10:42:18.6114832Z     'X-Content-Type-Options': 'REDACTED'
2026-02-19T10:42:18.6114851Z     'Date': 'Thu, 19 Feb 2026 10:42:18 GMT'
2026-02-19T10:42:18.6119050Z 2026-02-19 10:42:18,611 - azure.monitor.opentelemetry.exporter.export._base - INFO - Transmission succeeded: Item received: 3. Items accepted: 3
2026-02-19T10:42:20.5142012Z 2026-02-19 10:42:20,513 - azure.core.pipeline.policies.http_logging_policy - INFO - Request URL: 'https://westus2-2.in.applicationinsights.azure.com//v2.1/track'
2026-02-19T10:42:20.5142509Z Request method: 'POST'
2026-02-19T10:42:20.5142538Z Request headers:
2026-02-19T10:42:20.5142558Z     'Content-Type': 'application/json'
2026-02-19T10:42:20.5142577Z     'Content-Length': '3720'
2026-02-19T10:42:20.5142599Z     'Accept': 'application/json'
2026-02-19T10:42:20.5142630Z     'x-ms-client-request-id': 'aaf136bc-0d7f-11f1-9207-eeaa766865b8'
2026-02-19T10:42:20.5142658Z     'User-Agent': 'azsdk-python-azuremonitorclient/unknown Python/3.11.14 (Linux-6.6.119.3-1.azl3-x86_64-with-glibc2.31)'
2026-02-19T10:42:20.5142681Z A body is sent with the request
2026-02-19T10:42:20.7073073Z 2026-02-19 10:42:20,707 - azure.core.pipeline.policies.http_logging_policy - INFO - Response status: 200
2026-02-19T10:42:20.7073436Z Response headers:
2026-02-19T10:42:20.7073463Z     'Transfer-Encoding': 'chunked'
2026-02-19T10:42:20.7073484Z     'Content-Type': 'application/json; charset=utf-8'
2026-02-19T10:42:20.7073509Z     'Server': 'Microsoft-HTTPAPI/2.0'
2026-02-19T10:42:20.7073529Z     'Strict-Transport-Security': 'REDACTED'
2026-02-19T10:42:20.7073549Z     'X-Content-Type-Options': 'REDACTED'
2026-02-19T10:42:20.7073568Z     'Date': 'Thu, 19 Feb 2026 10:42:20 GMT'
2026-02-19T10:42:20.7079056Z 2026-02-19 10:42:20,707 - azure.monitor.opentelemetry.exporter.export._base - INFO - Transmission succeeded: Item received: 3. Items accepted: 3
2026-02-19T10:42:23.6430787Z 2026-02-19 10:42:23,641 - azure.core.pipeline.policies.http_logging_policy - INFO - Request URL: 'https://westus2-2.in.applicationinsights.azure.com//v2.1/track'
2026-02-19T10:42:23.6431164Z Request method: 'POST'
2026-02-19T10:42:23.6431193Z Request headers:
2026-02-19T10:42:23.6431216Z     'Content-Type': 'application/json'
2026-02-19T10:42:23.6431244Z     'Content-Length': '3720'
2026-02-19T10:42:23.6431266Z     'Accept': 'application/json'
2026-02-19T10:42:23.6431291Z     'x-ms-client-request-id': 'acce20c6-0d7f-11f1-99b0-eeaa766865b8'
2026-02-19T10:42:23.6431320Z     'User-Agent': 'azsdk-python-azuremonitorclient/unknown Python/3.11.14 (Linux-6.6.119.3-1.azl3-x86_64-with-glibc2.31)'
2026-02-19T10:42:23.6431341Z A body is sent with the request
2026-02-19T10:42:23.7777196Z 2026-02-19 10:42:23,777 - azure.core.pipeline.policies.http_logging_policy - INFO - Response status: 200
2026-02-19T10:42:23.7777672Z Response headers:
2026-02-19T10:42:23.7777704Z     'Transfer-Encoding': 'chunked'
2026-02-19T10:42:23.7777728Z     'Content-Type': 'application/json; charset=utf-8'
2026-02-19T10:42:23.7777750Z     'Server': 'Microsoft-HTTPAPI/2.0'
2026-02-19T10:42:23.7777772Z     'Strict-Transport-Security': 'REDACTED'
2026-02-19T10:42:23.7777791Z     'X-Content-Type-Options': 'REDACTED'
2026-02-19T10:42:23.7777810Z     'Date': 'Thu, 19 Feb 2026 10:42:23 GMT'
2026-02-19T10:42:23.7875825Z 2026-02-19 10:42:23,787 - azure.monitor.opentelemetry.exporter.export._base - INFO - Transmission succeeded: Item received: 3. Items accepted: 3
2026-02-19T10:42:25.7344838Z 2026-02-19 10:42:25,721 - azure.core.pipeline.policies.http_logging_policy - INFO - Request URL: 'https://westus2-2.in.applicationinsights.azure.com//v2.1/track'
2026-02-19T10:42:25.7345093Z Request method: 'POST'
2026-02-19T10:42:25.7345188Z Request headers:
2026-02-19T10:42:25.7345208Z     'Content-Type': 'application/json'
2026-02-19T10:42:25.7345235Z     'Content-Length': '3720'
2026-02-19T10:42:25.7345252Z     'Accept': 'application/json'
2026-02-19T10:42:25.7345270Z     'x-ms-client-request-id': 'ae0b7362-0d7f-11f1-9207-eeaa766865b8'
2026-02-19T10:42:25.7345291Z     'User-Agent': 'azsdk-python-azuremonitorclient/unknown Python/3.11.14 (Linux-6.6.119.3-1.azl3-x86_64-with-glibc2.31)'
2026-02-19T10:42:25.7345308Z A body is sent with the request
2026-02-19T10:42:25.8567645Z 2026-02-19 10:42:25,856 - azure.core.pipeline.policies.http_logging_policy - INFO - Response status: 200
2026-02-19T10:42:25.8568350Z Response headers:
2026-02-19T10:42:25.8568388Z     'Transfer-Encoding': 'chunked'
2026-02-19T10:42:25.8568410Z     'Content-Type': 'application/json; charset=utf-8'
2026-02-19T10:42:25.8568500Z     'Server': 'Microsoft-HTTPAPI/2.0'
2026-02-19T10:42:25.8568525Z     'Strict-Transport-Security': 'REDACTED'
2026-02-19T10:42:25.8568547Z     'X-Content-Type-Options': 'REDACTED'
2026-02-19T10:42:25.8568566Z     'Date': 'Thu, 19 Feb 2026 10:42:25 GMT'
2026-02-19T10:42:25.8775971Z 2026-02-19 10:42:25,867 - azure.monitor.opentelemetry.exporter.export._base - INFO - Transmission succeeded: Item received: 3. Items accepted: 3
2026-02-19T10:42:28.7900873Z 2026-02-19 10:42:28,789 - azure.core.pipeline.policies.http_logging_policy - INFO - Request URL: 'https://westus2-2.in.applicationinsights.azure.com//v2.1/track'
2026-02-19T10:42:28.7901265Z Request method: 'POST'
2026-02-19T10:42:28.7901294Z Request headers:
2026-02-19T10:42:28.7901315Z     'Content-Type': 'application/json'
2026-02-19T10:42:28.7901333Z     'Content-Length': '3719'
2026-02-19T10:42:28.7901408Z     'Accept': 'application/json'
2026-02-19T10:42:28.7901429Z     'x-ms-client-request-id': 'afe003ec-0d7f-11f1-99b0-eeaa766865b8'
2026-02-19T10:42:28.7901454Z     'User-Agent': 'azsdk-python-azuremonitorclient/unknown Python/3.11.14 (Linux-6.6.119.3-1.azl3-x86_64-with-glibc2.31)'
2026-02-19T10:42:28.7901472Z A body is sent with the request
2026-02-19T10:42:28.8310819Z 2026-02-19 10:42:28,830 - azure.core.pipeline.policies.http_logging_policy - INFO - Response status: 200
2026-02-19T10:42:28.8311423Z Response headers:
2026-02-19T10:42:28.8311459Z     'Transfer-Encoding': 'chunked'
2026-02-19T10:42:28.8311478Z     'Content-Type': 'application/json; charset=utf-8'
2026-02-19T10:42:28.8311499Z     'Server': 'Microsoft-HTTPAPI/2.0'
2026-02-19T10:42:28.8311521Z     'Strict-Transport-Security': 'REDACTED'
2026-02-19T10:42:28.8311602Z     'X-Content-Type-Options': 'REDACTED'
2026-02-19T10:42:28.8311625Z     'Date': 'Thu, 19 Feb 2026 10:42:28 GMT'
2026-02-19T10:42:28.8317201Z 2026-02-19 10:42:28,831 - azure.monitor.opentelemetry.exporter.export._base - INFO - Transmission succeeded: Item received: 3. Items accepted: 3
2026-02-19T10:42:30.8898374Z 2026-02-19 10:42:30,889 - azure.core.pipeline.policies.http_logging_policy - INFO - Request URL: 'https://westus2-2.in.applicationinsights.azure.com//v2.1/track'
2026-02-19T10:42:30.8898704Z Request method: 'POST'
2026-02-19T10:42:30.8898735Z Request headers:
2026-02-19T10:42:30.8898754Z     'Content-Type': 'application/json'
2026-02-19T10:42:30.8898771Z     'Content-Length': '3720'
2026-02-19T10:42:30.8898795Z     'Accept': 'application/json'
2026-02-19T10:42:30.8898815Z     'x-ms-client-request-id': 'b12067f6-0d7f-11f1-9207-eeaa766865b8'
2026-02-19T10:42:30.8898888Z     'User-Agent': 'azsdk-python-azuremonitorclient/unknown Python/3.11.14 (Linux-6.6.119.3-1.azl3-x86_64-with-glibc2.31)'
2026-02-19T10:42:30.8898908Z A body is sent with the request
2026-02-19T10:42:30.9589114Z 2026-02-19 10:42:30,958 - azure.core.pipeline.policies.http_logging_policy - INFO - Response status: 200
2026-02-19T10:42:30.9589553Z Response headers:
2026-02-19T10:42:30.9589587Z     'Transfer-Encoding': 'chunked'
2026-02-19T10:42:30.9589614Z     'Content-Type': 'application/json; charset=utf-8'
2026-02-19T10:42:30.9589635Z     'Server': 'Microsoft-HTTPAPI/2.0'
2026-02-19T10:42:30.9589655Z     'Strict-Transport-Security': 'REDACTED'
2026-02-19T10:42:30.9589676Z     'X-Content-Type-Options': 'REDACTED'
2026-02-19T10:42:30.9589697Z     'Date': 'Thu, 19 Feb 2026 10:42:30 GMT'
2026-02-19T10:42:30.9607272Z 2026-02-19 10:42:30,959 - azure.monitor.opentelemetry.exporter.export._base - INFO - Transmission succeeded: Item received: 3. Items accepted: 3
2026-02-19T10:42:33.8332193Z 2026-02-19 10:42:33,833 - azure.core.pipeline.policies.http_logging_policy - INFO - Request URL: 'https://westus2-2.in.applicationinsights.azure.com//v2.1/track'
2026-02-19T10:42:33.8332591Z Request method: 'POST'
2026-02-19T10:42:33.8332614Z Request headers:
2026-02-19T10:42:33.8332638Z     'Content-Type': 'application/json'
2026-02-19T10:42:33.8332657Z     'Content-Length': '3720'
2026-02-19T10:42:33.8332678Z     'Accept': 'application/json'
2026-02-19T10:42:33.8332703Z     'x-ms-client-request-id': 'b2e18a34-0d7f-11f1-99b0-eeaa766865b8'
2026-02-19T10:42:33.8332728Z     'User-Agent': 'azsdk-python-azuremonitorclient/unknown Python/3.11.14 (Linux-6.6.119.3-1.azl3-x86_64-with-glibc2.31)'
2026-02-19T10:42:33.8332752Z A body is sent with the request
2026-02-19T10:42:33.9346948Z 2026-02-19 10:42:33,934 - azure.core.pipeline.policies.http_logging_policy - INFO - Response status: 200
2026-02-19T10:42:33.9347327Z Response headers:
2026-02-19T10:42:33.9347357Z     'Transfer-Encoding': 'chunked'
2026-02-19T10:42:33.9347380Z     'Content-Type': 'application/json; charset=utf-8'
2026-02-19T10:42:33.9347407Z     'Server': 'Microsoft-HTTPAPI/2.0'
2026-02-19T10:42:33.9347428Z     'Strict-Transport-Security': 'REDACTED'
2026-02-19T10:42:33.9347448Z     'X-Content-Type-Options': 'REDACTED'
2026-02-19T10:42:33.9347469Z     'Date': 'Thu, 19 Feb 2026 10:42:33 GMT'
2026-02-19T10:42:33.9360948Z 2026-02-19 10:42:33,935 - azure.monitor.opentelemetry.exporter.export._base - INFO - Transmission succeeded: Item received: 3. Items accepted: 3
2026-02-19T10:42:35.9628201Z 2026-02-19 10:42:35,962 - azure.core.pipeline.policies.http_logging_policy - INFO - Request URL: 'https://westus2-2.in.applicationinsights.azure.com//v2.1/track'
2026-02-19T10:42:35.9628598Z Request method: 'POST'
2026-02-19T10:42:35.9628620Z Request headers:
2026-02-19T10:42:35.9628639Z     'Content-Type': 'application/json'
2026-02-19T10:42:35.9628659Z     'Content-Length': '3718'
2026-02-19T10:42:35.9628677Z     'Accept': 'application/json'
2026-02-19T10:42:35.9628697Z     'x-ms-client-request-id': 'b4267b7a-0d7f-11f1-9207-eeaa766865b8'
2026-02-19T10:42:35.9628722Z     'User-Agent': 'azsdk-python-azuremonitorclient/unknown Python/3.11.14 (Linux-6.6.119.3-1.azl3-x86_64-with-glibc2.31)'
2026-02-19T10:42:35.9628740Z A body is sent with the request
2026-02-19T10:42:36.0423818Z 2026-02-19 10:42:36,042 - azure.core.pipeline.policies.http_logging_policy - INFO - Response status: 200
2026-02-19T10:42:36.0424412Z Response headers:
2026-02-19T10:42:36.0424441Z     'Transfer-Encoding': 'chunked'
2026-02-19T10:42:36.0424537Z     'Content-Type': 'application/json; charset=utf-8'
2026-02-19T10:42:36.0424556Z     'Server': 'Microsoft-HTTPAPI/2.0'
2026-02-19T10:42:36.0424577Z     'Strict-Transport-Security': 'REDACTED'
2026-02-19T10:42:36.0424596Z     'X-Content-Type-Options': 'REDACTED'
2026-02-19T10:42:36.0424617Z     'Date': 'Thu, 19 Feb 2026 10:42:35 GMT'
2026-02-19T10:42:36.0431049Z 2026-02-19 10:42:36,042 - azure.monitor.opentelemetry.exporter.export._base - INFO - Transmission succeeded: Item received: 3. Items accepted: 3
2026-02-19T10:42:38.9385411Z 2026-02-19 10:42:38,938 - azure.core.pipeline.policies.http_logging_policy - INFO - Request URL: 'https://westus2-2.in.applicationinsights.azure.com//v2.1/track'
2026-02-19T10:42:38.9385797Z Request method: 'POST'
2026-02-19T10:42:38.9385838Z Request headers:
2026-02-19T10:42:38.9385922Z     'Content-Type': 'application/json'
2026-02-19T10:42:38.9385944Z     'Content-Length': '3720'
2026-02-19T10:42:38.9385963Z     'Accept': 'application/json'
2026-02-19T10:42:38.9385984Z     'x-ms-client-request-id': 'b5ec8850-0d7f-11f1-99b0-eeaa766865b8'
2026-02-19T10:42:38.9386013Z     'User-Agent': 'azsdk-python-azuremonitorclient/unknown Python/3.11.14 (Linux-6.6.119.3-1.azl3-x86_64-with-glibc2.31)'
2026-02-19T10:42:38.9386037Z A body is sent with the request
2026-02-19T10:42:39.0863589Z 2026-02-19 10:42:39,086 - azure.core.pipeline.policies.http_logging_policy - INFO - Response status: 200
2026-02-19T10:42:39.0863991Z Response headers:
2026-02-19T10:42:39.0864023Z     'Transfer-Encoding': 'chunked'
2026-02-19T10:42:39.0864046Z     'Content-Type': 'application/json; charset=utf-8'
2026-02-19T10:42:39.0864066Z     'Server': 'Microsoft-HTTPAPI/2.0'
2026-02-19T10:42:39.0864140Z     'Strict-Transport-Security': 'REDACTED'
2026-02-19T10:42:39.0864164Z     'X-Content-Type-Options': 'REDACTED'
2026-02-19T10:42:39.0864182Z     'Date': 'Thu, 19 Feb 2026 10:42:38 GMT'
2026-02-19T10:42:39.0870799Z 2026-02-19 10:42:39,086 - azure.monitor.opentelemetry.exporter.export._base - INFO - Transmission succeeded: Item received: 3. Items accepted: 3
2026-02-19T10:42:41.0451929Z 2026-02-19 10:42:41,044 - azure.core.pipeline.policies.http_logging_policy - INFO - Request URL: 'https://westus2-2.in.applicationinsights.azure.com//v2.1/track'
2026-02-19T10:42:41.0452341Z Request method: 'POST'
2026-02-19T10:42:41.0452369Z Request headers:
2026-02-19T10:42:41.0452392Z     'Content-Type': 'application/json'
2026-02-19T10:42:41.0452415Z     'Content-Length': '3719'
2026-02-19T10:42:41.0452436Z     'Accept': 'application/json'
2026-02-19T10:42:41.0452527Z     'x-ms-client-request-id': 'b72dfc30-0d7f-11f1-9207-eeaa766865b8'
2026-02-19T10:42:41.0452555Z     'User-Agent': 'azsdk-python-azuremonitorclient/unknown Python/3.11.14 (Linux-6.6.119.3-1.azl3-x86_64-with-glibc2.31)'
2026-02-19T10:42:41.0452578Z A body is sent with the request
2026-02-19T10:42:41.1614901Z 2026-02-19 10:42:41,161 - azure.core.pipeline.policies.http_logging_policy - INFO - Response status: 200
2026-02-19T10:42:41.1615290Z Response headers:
2026-02-19T10:42:41.1615321Z     'Transfer-Encoding': 'chunked'
2026-02-19T10:42:41.1615343Z     'Content-Type': 'application/json; charset=utf-8'
2026-02-19T10:42:41.1615362Z     'Server': 'Microsoft-HTTPAPI/2.0'
2026-02-19T10:42:41.1615381Z     'Strict-Transport-Security': 'REDACTED'
2026-02-19T10:42:41.1615404Z     'X-Content-Type-Options': 'REDACTED'
2026-02-19T10:42:41.1615421Z     'Date': 'Thu, 19 Feb 2026 10:42:40 GMT'
2026-02-19T10:42:41.1620138Z 2026-02-19 10:42:41,161 - azure.monitor.opentelemetry.exporter.export._base - INFO - Transmission succeeded: Item received: 3. Items accepted: 3
2026-02-19T10:42:44.0883316Z 2026-02-19 10:42:44,088 - azure.core.pipeline.policies.http_logging_policy - INFO - Request URL: 'https://westus2-2.in.applicationinsights.azure.com//v2.1/track'
2026-02-19T10:42:44.0883920Z Request method: 'POST'
2026-02-19T10:42:44.0883951Z Request headers:
2026-02-19T10:42:44.0883972Z     'Content-Type': 'application/json'
2026-02-19T10:42:44.0883991Z     'Content-Length': '3720'
2026-02-19T10:42:44.0884011Z     'Accept': 'application/json'
2026-02-19T10:42:44.0884036Z     'x-ms-client-request-id': 'b8fe5776-0d7f-11f1-99b0-eeaa766865b8'
2026-02-19T10:42:44.0884063Z     'User-Agent': 'azsdk-python-azuremonitorclient/unknown Python/3.11.14 (Linux-6.6.119.3-1.azl3-x86_64-with-glibc2.31)'
2026-02-19T10:42:44.0884130Z A body is sent with the request
2026-02-19T10:42:44.1865513Z 2026-02-19 10:42:44,186 - azure.core.pipeline.policies.http_logging_policy - INFO - Response status: 200
2026-02-19T10:42:44.1866097Z Response headers:
2026-02-19T10:42:44.1866131Z     'Transfer-Encoding': 'chunked'
2026-02-19T10:42:44.1866150Z     'Content-Type': 'application/json; charset=utf-8'
2026-02-19T10:42:44.1866174Z     'Server': 'Microsoft-HTTPAPI/2.0'
2026-02-19T10:42:44.1866196Z     'Strict-Transport-Security': 'REDACTED'
2026-02-19T10:42:44.1866218Z     'X-Content-Type-Options': 'REDACTED'
2026-02-19T10:42:44.1866239Z     'Date': 'Thu, 19 Feb 2026 10:42:43 GMT'
2026-02-19T10:42:44.1875796Z 2026-02-19 10:42:44,186 - azure.monitor.opentelemetry.exporter.export._base - INFO - Transmission succeeded: Item received: 3. Items accepted: 3
2026-02-19T10:42:46.1642601Z 2026-02-19 10:42:46,163 - azure.core.pipeline.policies.http_logging_policy - INFO - Request URL: 'https://westus2-2.in.applicationinsights.azure.com//v2.1/track'
2026-02-19T10:42:46.1642866Z Request method: 'POST'
2026-02-19T10:42:46.1642895Z Request headers:
2026-02-19T10:42:46.1642920Z     'Content-Type': 'application/json'
2026-02-19T10:42:46.1642941Z     'Content-Length': '3720'
2026-02-19T10:42:46.1642964Z     'Accept': 'application/json'
2026-02-19T10:42:46.1642984Z     'x-ms-client-request-id': 'ba3b1782-0d7f-11f1-9207-eeaa766865b8'
2026-02-19T10:42:46.1643009Z     'User-Agent': 'azsdk-python-azuremonitorclient/unknown Python/3.11.14 (Linux-6.6.119.3-1.azl3-x86_64-with-glibc2.31)'
2026-02-19T10:42:46.1643027Z A body is sent with the request
2026-02-19T10:42:46.2589652Z 2026-02-19 10:42:46,258 - azure.core.pipeline.policies.http_logging_policy - INFO - Response status: 200
2026-02-19T10:42:46.2590060Z Response headers:
2026-02-19T10:42:46.2590088Z     'Transfer-Encoding': 'chunked'
2026-02-19T10:42:46.2590107Z     'Content-Type': 'application/json; charset=utf-8'
2026-02-19T10:42:46.2590128Z     'Server': 'Microsoft-HTTPAPI/2.0'
2026-02-19T10:42:46.2590146Z     'Strict-Transport-Security': 'REDACTED'
2026-02-19T10:42:46.2590165Z     'X-Content-Type-Options': 'REDACTED'
2026-02-19T10:42:46.2590184Z     'Date': 'Thu, 19 Feb 2026 10:42:45 GMT'
2026-02-19T10:42:46.2599817Z 2026-02-19 10:42:46,259 - azure.monitor.opentelemetry.exporter.export._base - INFO - Transmission succeeded: Item received: 3. Items accepted: 3
2026-02-19T10:42:49.1889000Z 2026-02-19 10:42:49,188 - azure.core.pipeline.policies.http_logging_policy - INFO - Request URL: 'https://westus2-2.in.applicationinsights.azure.com//v2.1/track'
2026-02-19T10:42:49.1889393Z Request method: 'POST'
2026-02-19T10:42:49.1889484Z Request headers:
2026-02-19T10:42:49.1889504Z     'Content-Type': 'application/json'
2026-02-19T10:42:49.1889522Z     'Content-Length': '3720'
2026-02-19T10:42:49.1889542Z     'Accept': 'application/json'
2026-02-19T10:42:49.1889563Z     'x-ms-client-request-id': 'bc089a3a-0d7f-11f1-99b0-eeaa766865b8'
2026-02-19T10:42:49.1889586Z     'User-Agent': 'azsdk-python-azuremonitorclient/unknown Python/3.11.14 (Linux-6.6.119.3-1.azl3-x86_64-with-glibc2.31)'
2026-02-19T10:42:49.1889607Z A body is sent with the request
2026-02-19T10:42:49.2939484Z 2026-02-19 10:42:49,293 - azure.core.pipeline.policies.http_logging_policy - INFO - Response status: 200
2026-02-19T10:42:49.2939858Z Response headers:
2026-02-19T10:42:49.2939883Z     'Transfer-Encoding': 'chunked'
2026-02-19T10:42:49.2939903Z     'Content-Type': 'application/json; charset=utf-8'
2026-02-19T10:42:49.2939982Z     'Server': 'Microsoft-HTTPAPI/2.0'
2026-02-19T10:42:49.2940000Z     'Strict-Transport-Security': 'REDACTED'
2026-02-19T10:42:49.2940018Z     'X-Content-Type-Options': 'REDACTED'
2026-02-19T10:42:49.2940037Z     'Date': 'Thu, 19 Feb 2026 10:42:48 GMT'
2026-02-19T10:42:49.2945604Z 2026-02-19 10:42:49,294 - azure.monitor.opentelemetry.exporter.export._base - INFO - Transmission succeeded: Item received: 3. Items accepted: 3
2026-02-19T10:42:51.2615637Z 2026-02-19 10:42:51,261 - azure.core.pipeline.policies.http_logging_policy - INFO - Request URL: 'https://westus2-2.in.applicationinsights.azure.com//v2.1/track'
2026-02-19T10:42:51.2616027Z Request method: 'POST'
2026-02-19T10:42:51.2616059Z Request headers:
2026-02-19T10:42:51.2616082Z     'Content-Type': 'application/json'
2026-02-19T10:42:51.2616100Z     'Content-Length': '3719'
2026-02-19T10:42:51.2616186Z     'Accept': 'application/json'
2026-02-19T10:42:51.2616209Z     'x-ms-client-request-id': 'bd44e264-0d7f-11f1-9207-eeaa766865b8'
2026-02-19T10:42:51.2616234Z     'User-Agent': 'azsdk-python-azuremonitorclient/unknown Python/3.11.14 (Linux-6.6.119.3-1.azl3-x86_64-with-glibc2.31)'
2026-02-19T10:42:51.2616257Z A body is sent with the request
2026-02-19T10:42:51.3432586Z 2026-02-19 10:42:51,343 - azure.core.pipeline.policies.http_logging_policy - INFO - Response status: 200
2026-02-19T10:42:51.3432991Z Response headers:
2026-02-19T10:42:51.3433020Z     'Transfer-Encoding': 'chunked'
2026-02-19T10:42:51.3433045Z     'Content-Type': 'application/json; charset=utf-8'
2026-02-19T10:42:51.3433062Z     'Server': 'Microsoft-HTTPAPI/2.0'
2026-02-19T10:42:51.3433085Z     'Strict-Transport-Security': 'REDACTED'
2026-02-19T10:42:51.3433165Z     'X-Content-Type-Options': 'REDACTED'
2026-02-19T10:42:51.3433187Z     'Date': 'Thu, 19 Feb 2026 10:42:50 GMT'
2026-02-19T10:42:51.3438854Z 2026-02-19 10:42:51,343 - azure.monitor.opentelemetry.exporter.export._base - INFO - Transmission succeeded: Item received: 3. Items accepted: 3
2026-02-19T10:42:54.2964211Z 2026-02-19 10:42:54,296 - azure.core.pipeline.policies.http_logging_policy - INFO - Request URL: 'https://westus2-2.in.applicationinsights.azure.com//v2.1/track'
2026-02-19T10:42:54.2964729Z Request method: 'POST'
2026-02-19T10:42:54.2964760Z Request headers:
2026-02-19T10:42:54.2964785Z     'Content-Type': 'application/json'
2026-02-19T10:42:54.2964812Z     'Content-Length': '3720'
2026-02-19T10:42:54.2964835Z     'Accept': 'application/json'
2026-02-19T10:42:54.2964865Z     'x-ms-client-request-id': 'bf13f6b6-0d7f-11f1-99b0-eeaa766865b8'
2026-02-19T10:42:54.2964947Z     'User-Agent': 'azsdk-python-azuremonitorclient/unknown Python/3.11.14 (Linux-6.6.119.3-1.azl3-x86_64-with-glibc2.31)'
2026-02-19T10:42:54.2964968Z A body is sent with the request
2026-02-19T10:42:54.3526442Z 2026-02-19 10:42:54,352 - azure.core.pipeline.policies.http_logging_policy - INFO - Response status: 200
2026-02-19T10:42:54.3526833Z Response headers:
2026-02-19T10:42:54.3526863Z     'Transfer-Encoding': 'chunked'
2026-02-19T10:42:54.3526884Z     'Content-Type': 'application/json; charset=utf-8'
2026-02-19T10:42:54.3526902Z     'Server': 'Microsoft-HTTPAPI/2.0'
2026-02-19T10:42:54.3526922Z     'Strict-Transport-Security': 'REDACTED'
2026-02-19T10:42:54.3526939Z     'X-Content-Type-Options': 'REDACTED'
2026-02-19T10:42:54.3526961Z     'Date': 'Thu, 19 Feb 2026 10:42:54 GMT'
2026-02-19T10:42:54.3532490Z 2026-02-19 10:42:54,352 - azure.monitor.opentelemetry.exporter.export._base - INFO - Transmission succeeded: Item received: 3. Items accepted: 3
2026-02-19T10:42:56.3452820Z 2026-02-19 10:42:56,345 - azure.core.pipeline.policies.http_logging_policy - INFO - Request URL: 'https://westus2-2.in.applicationinsights.azure.com//v2.1/track'
2026-02-19T10:42:56.3453216Z Request method: 'POST'
2026-02-19T10:42:56.3453246Z Request headers:
2026-02-19T10:42:56.3453267Z     'Content-Type': 'application/json'
2026-02-19T10:42:56.3453289Z     'Content-Length': '3720'
2026-02-19T10:42:56.3453309Z     'Accept': 'application/json'
2026-02-19T10:42:56.3453331Z     'x-ms-client-request-id': 'c04c9a6a-0d7f-11f1-9207-eeaa766865b8'
2026-02-19T10:42:56.3453357Z     'User-Agent': 'azsdk-python-azuremonitorclient/unknown Python/3.11.14 (Linux-6.6.119.3-1.azl3-x86_64-with-glibc2.31)'
2026-02-19T10:42:56.3453377Z A body is sent with the request
2026-02-19T10:42:56.4375086Z 2026-02-19 10:42:56,437 - azure.core.pipeline.policies.http_logging_policy - INFO - Response status: 200
2026-02-19T10:42:56.4375482Z Response headers:
2026-02-19T10:42:56.4375521Z     'Transfer-Encoding': 'chunked'
2026-02-19T10:42:56.4375543Z     'Content-Type': 'application/json; charset=utf-8'
2026-02-19T10:42:56.4375562Z     'Server': 'Microsoft-HTTPAPI/2.0'
2026-02-19T10:42:56.4375584Z     'Strict-Transport-Security': 'REDACTED'
2026-02-19T10:42:56.4375602Z     'X-Content-Type-Options': 'REDACTED'
2026-02-19T10:42:56.4375619Z     'Date': 'Thu, 19 Feb 2026 10:42:55 GMT'
2026-02-19T10:42:56.4381810Z 2026-02-19 10:42:56,437 - azure.monitor.opentelemetry.exporter.export._base - INFO - Transmission succeeded: Item received: 3. Items accepted: 3
2026-02-19T10:42:59.3546311Z 2026-02-19 10:42:59,354 - azure.core.pipeline.policies.http_logging_policy - INFO - Request URL: 'https://westus2-2.in.applicationinsights.azure.com//v2.1/track'
2026-02-19T10:42:59.3546914Z Request method: 'POST'
2026-02-19T10:42:59.3546938Z Request headers:
2026-02-19T10:42:59.3546956Z     'Content-Type': 'application/json'
2026-02-19T10:42:59.3546972Z     'Content-Length': '3720'
2026-02-19T10:42:59.3546991Z     'Accept': 'application/json'
2026-02-19T10:42:59.3547011Z     'x-ms-client-request-id': 'c217cbb2-0d7f-11f1-99b0-eeaa766865b8'
2026-02-19T10:42:59.3547033Z     'User-Agent': 'azsdk-python-azuremonitorclient/unknown Python/3.11.14 (Linux-6.6.119.3-1.azl3-x86_64-with-glibc2.31)'
2026-02-19T10:42:59.3547054Z A body is sent with the request
2026-02-19T10:42:59.4087398Z 2026-02-19 10:42:59,408 - azure.core.pipeline.policies.http_logging_policy - INFO - Response status: 200
2026-02-19T10:42:59.4087774Z Response headers:
2026-02-19T10:42:59.4087802Z     'Transfer-Encoding': 'chunked'
2026-02-19T10:42:59.4087882Z     'Content-Type': 'application/json; charset=utf-8'
2026-02-19T10:42:59.4087901Z     'Server': 'Microsoft-HTTPAPI/2.0'
2026-02-19T10:42:59.4087921Z     'Strict-Transport-Security': 'REDACTED'
2026-02-19T10:42:59.4087941Z     'X-Content-Type-Options': 'REDACTED'
2026-02-19T10:42:59.4087961Z     'Date': 'Thu, 19 Feb 2026 10:42:59 GMT'
2026-02-19T10:42:59.4090537Z 2026-02-19 10:42:59,408 - azure.monitor.opentelemetry.exporter.export._base - INFO - Transmission succeeded: Item received: 3. Items accepted: 3
2026-02-19T10:43:01.4398067Z 2026-02-19 10:43:01,439 - azure.core.pipeline.policies.http_logging_policy - INFO - Request URL: 'https://westus2-2.in.applicationinsights.azure.com//v2.1/track'
2026-02-19T10:43:01.4398804Z Request method: 'POST'
2026-02-19T10:43:01.4398836Z Request headers:
2026-02-19T10:43:01.4398919Z     'Content-Type': 'application/json'
2026-02-19T10:43:01.4398941Z     'Content-Length': '3720'
2026-02-19T10:43:01.4398958Z     'Accept': 'application/json'
2026-02-19T10:43:01.4398978Z     'x-ms-client-request-id': 'c355f51c-0d7f-11f1-9207-eeaa766865b8'
2026-02-19T10:43:01.4398998Z     'User-Agent': 'azsdk-python-azuremonitorclient/unknown Python/3.11.14 (Linux-6.6.119.3-1.azl3-x86_64-with-glibc2.31)'
2026-02-19T10:43:01.4399014Z A body is sent with the request
2026-02-19T10:43:01.5692893Z 2026-02-19 10:43:01,569 - azure.core.pipeline.policies.http_logging_policy - INFO - Response status: 200
2026-02-19T10:43:01.5693600Z Response headers:
2026-02-19T10:43:01.5693634Z     'Transfer-Encoding': 'chunked'
2026-02-19T10:43:01.5693660Z     'Content-Type': 'application/json; charset=utf-8'
2026-02-19T10:43:01.5693679Z     'Server': 'Microsoft-HTTPAPI/2.0'
2026-02-19T10:43:01.5693763Z     'Strict-Transport-Security': 'REDACTED'
2026-02-19T10:43:01.5693784Z     'X-Content-Type-Options': 'REDACTED'
2026-02-19T10:43:01.5693803Z     'Date': 'Thu, 19 Feb 2026 10:43:00 GMT'
2026-02-19T10:43:01.5697487Z 2026-02-19 10:43:01,569 - azure.monitor.opentelemetry.exporter.export._base - INFO - Transmission succeeded: Item received: 3. Items accepted: 3
2026-02-19T10:43:04.4106504Z 2026-02-19 10:43:04,410 - azure.core.pipeline.policies.http_logging_policy - INFO - Request URL: 'https://westus2-2.in.applicationinsights.azure.com//v2.1/track'
2026-02-19T10:43:04.4106885Z Request method: 'POST'
2026-02-19T10:43:04.4106913Z Request headers:
2026-02-19T10:43:04.4106941Z     'Content-Type': 'application/json'
2026-02-19T10:43:04.4106962Z     'Content-Length': '3720'
2026-02-19T10:43:04.4106981Z     'Accept': 'application/json'
2026-02-19T10:43:04.4107067Z     'x-ms-client-request-id': 'c51b473a-0d7f-11f1-99b0-eeaa766865b8'
2026-02-19T10:43:04.4107093Z     'User-Agent': 'azsdk-python-azuremonitorclient/unknown Python/3.11.14 (Linux-6.6.119.3-1.azl3-x86_64-with-glibc2.31)'
2026-02-19T10:43:04.4107114Z A body is sent with the request
2026-02-19T10:43:04.4766155Z 2026-02-19 10:43:04,476 - azure.core.pipeline.policies.http_logging_policy - INFO - Response status: 200
2026-02-19T10:43:04.4766543Z Response headers:
2026-02-19T10:43:04.4766574Z     'Transfer-Encoding': 'chunked'
2026-02-19T10:43:04.4766596Z     'Content-Type': 'application/json; charset=utf-8'
2026-02-19T10:43:04.4766614Z     'Server': 'Microsoft-HTTPAPI/2.0'
2026-02-19T10:43:04.4766679Z     'Strict-Transport-Security': 'REDACTED'
2026-02-19T10:43:04.4766699Z     'X-Content-Type-Options': 'REDACTED'
2026-02-19T10:43:04.4766715Z     'Date': 'Thu, 19 Feb 2026 10:43:04 GMT'
2026-02-19T10:43:04.4771889Z 2026-02-19 10:43:04,476 - azure.monitor.opentelemetry.exporter.export._base - INFO - Transmission succeeded: Item received: 3. Items accepted: 3
2026-02-19T10:43:06.5717157Z 2026-02-19 10:43:06,571 - azure.core.pipeline.policies.http_logging_policy - INFO - Request URL: 'https://westus2-2.in.applicationinsights.azure.com//v2.1/track'
2026-02-19T10:43:06.5717530Z Request method: 'POST'
2026-02-19T10:43:06.5717564Z Request headers:
2026-02-19T10:43:06.5717595Z     'Content-Type': 'application/json'
2026-02-19T10:43:06.5717620Z     'Content-Length': '3720'
2026-02-19T10:43:06.5717643Z     'Accept': 'application/json'
2026-02-19T10:43:06.5717669Z     'x-ms-client-request-id': 'c66504dc-0d7f-11f1-9207-eeaa766865b8'
2026-02-19T10:43:06.5717700Z     'User-Agent': 'azsdk-python-azuremonitorclient/unknown Python/3.11.14 (Linux-6.6.119.3-1.azl3-x86_64-with-glibc2.31)'
2026-02-19T10:43:06.5717791Z A body is sent with the request
2026-02-19T10:43:06.7042466Z 2026-02-19 10:43:06,704 - azure.core.pipeline.policies.http_logging_policy - INFO - Response status: 200
2026-02-19T10:43:06.7042857Z Response headers:
2026-02-19T10:43:06.7042896Z     'Transfer-Encoding': 'chunked'
2026-02-19T10:43:06.7042917Z     'Content-Type': 'application/json; charset=utf-8'
2026-02-19T10:43:06.7042935Z     'Server': 'Microsoft-HTTPAPI/2.0'
2026-02-19T10:43:06.7042953Z     'Strict-Transport-Security': 'REDACTED'
2026-02-19T10:43:06.7042973Z     'X-Content-Type-Options': 'REDACTED'
2026-02-19T10:43:06.7042994Z     'Date': 'Thu, 19 Feb 2026 10:43:05 GMT'
2026-02-19T10:43:06.7049158Z 2026-02-19 10:43:06,704 - azure.monitor.opentelemetry.exporter.export._base - INFO - Transmission succeeded: Item received: 3. Items accepted: 3
2026-02-19T10:43:09.4784983Z 2026-02-19 10:43:09,478 - azure.core.pipeline.policies.http_logging_policy - INFO - Request URL: 'https://westus2-2.in.applicationinsights.azure.com//v2.1/track'
2026-02-19T10:43:09.4785374Z Request method: 'POST'
2026-02-19T10:43:09.4785406Z Request headers:
2026-02-19T10:43:09.4785429Z     'Content-Type': 'application/json'
2026-02-19T10:43:09.4785447Z     'Content-Length': '3720'
2026-02-19T10:43:09.4785466Z     'Accept': 'application/json'
2026-02-19T10:43:09.4785487Z     'x-ms-client-request-id': 'c820930e-0d7f-11f1-99b0-eeaa766865b8'
2026-02-19T10:43:09.4785510Z     'User-Agent': 'azsdk-python-azuremonitorclient/unknown Python/3.11.14 (Linux-6.6.119.3-1.azl3-x86_64-with-glibc2.31)'
2026-02-19T10:43:09.4785532Z A body is sent with the request
2026-02-19T10:43:09.6249056Z 2026-02-19 10:43:09,624 - azure.core.pipeline.policies.http_logging_policy - INFO - Response status: 200
2026-02-19T10:43:09.6249531Z Response headers:
2026-02-19T10:43:09.6249563Z     'Transfer-Encoding': 'chunked'
2026-02-19T10:43:09.6249588Z     'Content-Type': 'application/json; charset=utf-8'
2026-02-19T10:43:09.6249610Z     'Server': 'Microsoft-HTTPAPI/2.0'
2026-02-19T10:43:09.6249635Z     'Strict-Transport-Security': 'REDACTED'
2026-02-19T10:43:09.6249659Z     'X-Content-Type-Options': 'REDACTED'
2026-02-19T10:43:09.6249682Z     'Date': 'Thu, 19 Feb 2026 10:43:09 GMT'
2026-02-19T10:43:09.6254960Z 2026-02-19 10:43:09,625 - azure.monitor.opentelemetry.exporter.export._base - INFO - Transmission succeeded: Item received: 3. Items accepted: 3
2026-02-19T10:43:11.7063044Z 2026-02-19 10:43:11,706 - azure.core.pipeline.policies.http_logging_policy - INFO - Request URL: 'https://westus2-2.in.applicationinsights.azure.com//v2.1/track'
2026-02-19T10:43:11.7063624Z Request method: 'POST'
2026-02-19T10:43:11.7063717Z Request headers:
2026-02-19T10:43:11.7063742Z     'Content-Type': 'application/json'
2026-02-19T10:43:11.7063767Z     'Content-Length': '3720'
2026-02-19T10:43:11.7063790Z     'Accept': 'application/json'
2026-02-19T10:43:11.7063813Z     'x-ms-client-request-id': 'c97481de-0d7f-11f1-9207-eeaa766865b8'
2026-02-19T10:43:11.7063838Z     'User-Agent': 'azsdk-python-azuremonitorclient/unknown Python/3.11.14 (Linux-6.6.119.3-1.azl3-x86_64-with-glibc2.31)'
2026-02-19T10:43:11.7063857Z A body is sent with the request
2026-02-19T10:43:11.8256600Z 2026-02-19 10:43:11,825 - azure.core.pipeline.policies.http_logging_policy - INFO - Response status: 200
2026-02-19T10:43:11.8257000Z Response headers:
2026-02-19T10:43:11.8257031Z     'Transfer-Encoding': 'chunked'
2026-02-19T10:43:11.8257051Z     'Content-Type': 'application/json; charset=utf-8'
2026-02-19T10:43:11.8257130Z     'Server': 'Microsoft-HTTPAPI/2.0'
2026-02-19T10:43:11.8257152Z     'Strict-Transport-Security': 'REDACTED'
2026-02-19T10:43:11.8257170Z     'X-Content-Type-Options': 'REDACTED'
2026-02-19T10:43:11.8257192Z     'Date': 'Thu, 19 Feb 2026 10:43:10 GMT'
2026-02-19T10:43:11.8262160Z 2026-02-19 10:43:11,825 - azure.monitor.opentelemetry.exporter.export._base - INFO - Transmission succeeded: Item received: 3. Items accepted: 3
2026-02-19T10:43:14.6270365Z 2026-02-19 10:43:14,626 - azure.core.pipeline.policies.http_logging_policy - INFO - Request URL: 'https://westus2-2.in.applicationinsights.azure.com//v2.1/track'
2026-02-19T10:43:14.6270829Z Request method: 'POST'
2026-02-19T10:43:14.6270860Z Request headers:
2026-02-19T10:43:14.6270880Z     'Content-Type': 'application/json'
2026-02-19T10:43:14.6270900Z     'Content-Length': '3720'
2026-02-19T10:43:14.6270982Z     'Accept': 'application/json'
2026-02-19T10:43:14.6271003Z     'x-ms-client-request-id': 'cb322b2a-0d7f-11f1-99b0-eeaa766865b8'
2026-02-19T10:43:14.6271025Z     'User-Agent': 'azsdk-python-azuremonitorclient/unknown Python/3.11.14 (Linux-6.6.119.3-1.azl3-x86_64-with-glibc2.31)'
2026-02-19T10:43:14.6271041Z A body is sent with the request
2026-02-19T10:43:14.7537709Z 2026-02-19 10:43:14,753 - azure.core.pipeline.policies.http_logging_policy - INFO - Response status: 200
2026-02-19T10:43:14.7538048Z Response headers:
2026-02-19T10:43:14.7538074Z     'Transfer-Encoding': 'chunked'
2026-02-19T10:43:14.7538093Z     'Content-Type': 'application/json; charset=utf-8'
2026-02-19T10:43:14.7538111Z     'Server': 'Microsoft-HTTPAPI/2.0'
2026-02-19T10:43:14.7538133Z     'Strict-Transport-Security': 'REDACTED'
2026-02-19T10:43:14.7538227Z     'X-Content-Type-Options': 'REDACTED'
2026-02-19T10:43:14.7538247Z     'Date': 'Thu, 19 Feb 2026 10:43:14 GMT'
2026-02-19T10:43:14.7541688Z 2026-02-19 10:43:14,753 - azure.monitor.opentelemetry.exporter.export._base - INFO - Transmission succeeded: Item received: 3. Items accepted: 3
2026-02-19T10:43:16.8281918Z 2026-02-19 10:43:16,827 - azure.core.pipeline.policies.http_logging_policy - INFO - Request URL: 'https://westus2-2.in.applicationinsights.azure.com//v2.1/track'
2026-02-19T10:43:16.8282298Z Request method: 'POST'
2026-02-19T10:43:16.8282327Z Request headers:
2026-02-19T10:43:16.8282348Z     'Content-Type': 'application/json'
2026-02-19T10:43:16.8282372Z     'Content-Length': '3720'
2026-02-19T10:43:16.8282389Z     'Accept': 'application/json'
2026-02-19T10:43:16.8282408Z     'x-ms-client-request-id': 'cc820c34-0d7f-11f1-9207-eeaa766865b8'
2026-02-19T10:43:16.8282498Z     'User-Agent': 'azsdk-python-azuremonitorclient/unknown Python/3.11.14 (Linux-6.6.119.3-1.azl3-x86_64-with-glibc2.31)'
2026-02-19T10:43:16.8282521Z A body is sent with the request
2026-02-19T10:43:16.9061753Z 2026-02-19 10:43:16,905 - azure.core.pipeline.policies.http_logging_policy - INFO - Response status: 200
2026-02-19T10:43:16.9062426Z Response headers:
2026-02-19T10:43:16.9062453Z     'Transfer-Encoding': 'chunked'
2026-02-19T10:43:16.9062476Z     'Content-Type': 'application/json; charset=utf-8'
2026-02-19T10:43:16.9062496Z     'Server': 'Microsoft-HTTPAPI/2.0'
2026-02-19T10:43:16.9062514Z     'Strict-Transport-Security': 'REDACTED'
2026-02-19T10:43:16.9062532Z     'X-Content-Type-Options': 'REDACTED'
2026-02-19T10:43:16.9062549Z     'Date': 'Thu, 19 Feb 2026 10:43:15 GMT'
2026-02-19T10:43:16.9070449Z 2026-02-19 10:43:16,906 - azure.monitor.opentelemetry.exporter.export._base - INFO - Transmission succeeded: Item received: 3. Items accepted: 3
2026-02-19T10:43:19.7562724Z 2026-02-19 10:43:19,755 - azure.core.pipeline.policies.http_logging_policy - INFO - Request URL: 'https://westus2-2.in.applicationinsights.azure.com//v2.1/track'
2026-02-19T10:43:19.7563226Z Request method: 'POST'
2026-02-19T10:43:19.7563253Z Request headers:
2026-02-19T10:43:19.7563272Z     'Content-Type': 'application/json'
2026-02-19T10:43:19.7563291Z     'Content-Length': '3720'
2026-02-19T10:43:19.7563311Z     'Accept': 'application/json'
2026-02-19T10:43:19.7563332Z     'x-ms-client-request-id': 'ce40ce98-0d7f-11f1-99b0-eeaa766865b8'
2026-02-19T10:43:19.7563356Z     'User-Agent': 'azsdk-python-azuremonitorclient/unknown Python/3.11.14 (Linux-6.6.119.3-1.azl3-x86_64-with-glibc2.31)'
2026-02-19T10:43:19.7563378Z A body is sent with the request
2026-02-19T10:43:19.8199345Z 2026-02-19 10:43:19,819 - azure.core.pipeline.policies.http_logging_policy - INFO - Response status: 200
2026-02-19T10:43:19.8199738Z Response headers:
2026-02-19T10:43:19.8199776Z     'Transfer-Encoding': 'chunked'
2026-02-19T10:43:19.8199802Z     'Content-Type': 'application/json; charset=utf-8'
2026-02-19T10:43:19.8199821Z     'Server': 'Microsoft-HTTPAPI/2.0'
2026-02-19T10:43:19.8199842Z     'Strict-Transport-Security': 'REDACTED'
2026-02-19T10:43:19.8199866Z     'X-Content-Type-Options': 'REDACTED'
2026-02-19T10:43:19.8199892Z     'Date': 'Thu, 19 Feb 2026 10:43:19 GMT'
2026-02-19T10:43:19.8205604Z 2026-02-19 10:43:19,820 - azure.monitor.opentelemetry.exporter.export._base - INFO - Transmission succeeded: Item received: 3. Items accepted: 3
2026-02-19T10:43:21.9083399Z 2026-02-19 10:43:21,908 - azure.core.pipeline.policies.http_logging_policy - INFO - Request URL: 'https://westus2-2.in.applicationinsights.azure.com//v2.1/track'
2026-02-19T10:43:21.9083782Z Request method: 'POST'
2026-02-19T10:43:21.9083809Z Request headers:
2026-02-19T10:43:21.9083832Z     'Content-Type': 'application/json'
2026-02-19T10:43:21.9083853Z     'Content-Length': '3720'
2026-02-19T10:43:21.9083876Z     'Accept': 'application/json'
2026-02-19T10:43:21.9083901Z     'x-ms-client-request-id': 'cf89322c-0d7f-11f1-9207-eeaa766865b8'
2026-02-19T10:43:21.9083927Z     'User-Agent': 'azsdk-python-azuremonitorclient/unknown Python/3.11.14 (Linux-6.6.119.3-1.azl3-x86_64-with-glibc2.31)'
2026-02-19T10:43:21.9083948Z A body is sent with the request
2026-02-19T10:43:21.9986134Z 2026-02-19 10:43:21,998 - azure.core.pipeline.policies.http_logging_policy - INFO - Response status: 200
2026-02-19T10:43:21.9986932Z Response headers:
2026-02-19T10:43:21.9987029Z     'Transfer-Encoding': 'chunked'
2026-02-19T10:43:21.9987056Z     'Content-Type': 'application/json; charset=utf-8'
2026-02-19T10:43:21.9987081Z     'Server': 'Microsoft-HTTPAPI/2.0'
2026-02-19T10:43:21.9987106Z     'Strict-Transport-Security': 'REDACTED'
2026-02-19T10:43:21.9987129Z     'X-Content-Type-Options': 'REDACTED'
2026-02-19T10:43:21.9987153Z     'Date': 'Thu, 19 Feb 2026 10:43:21 GMT'
2026-02-19T10:43:21.9996148Z 2026-02-19 10:43:21,999 - azure.monitor.opentelemetry.exporter.export._base - INFO - Transmission succeeded: Item received: 3. Items accepted: 3
2026-02-19T10:43:24.8218100Z 2026-02-19 10:43:24,821 - azure.core.pipeline.policies.http_logging_policy - INFO - Request URL: 'https://westus2-2.in.applicationinsights.azure.com//v2.1/track'
2026-02-19T10:43:24.8218472Z Request method: 'POST'
2026-02-19T10:43:24.8218503Z Request headers:
2026-02-19T10:43:24.8218594Z     'Content-Type': 'application/json'
2026-02-19T10:43:24.8218613Z     'Content-Length': '3720'
2026-02-19T10:43:24.8218633Z     'Accept': 'application/json'
2026-02-19T10:43:24.8218653Z     'x-ms-client-request-id': 'd145c7ba-0d7f-11f1-99b0-eeaa766865b8'
2026-02-19T10:43:24.8218676Z     'User-Agent': 'azsdk-python-azuremonitorclient/unknown Python/3.11.14 (Linux-6.6.119.3-1.azl3-x86_64-with-glibc2.31)'
2026-02-19T10:43:24.8218695Z A body is sent with the request
2026-02-19T10:43:24.9258578Z 2026-02-19 10:43:24,925 - azure.core.pipeline.policies.http_logging_policy - INFO - Response status: 200
2026-02-19T10:43:24.9260299Z Response headers:
2026-02-19T10:43:24.9260357Z     'Transfer-Encoding': 'chunked'
2026-02-19T10:43:24.9260379Z     'Content-Type': 'application/json; charset=utf-8'
2026-02-19T10:43:24.9260467Z     'Server': 'Microsoft-HTTPAPI/2.0'
2026-02-19T10:43:24.9260488Z     'Strict-Transport-Security': 'REDACTED'
2026-02-19T10:43:24.9260507Z     'X-Content-Type-Options': 'REDACTED'
2026-02-19T10:43:24.9260524Z     'Date': 'Thu, 19 Feb 2026 10:43:24 GMT'
2026-02-19T10:43:24.9271272Z 2026-02-19 10:43:24,926 - azure.monitor.opentelemetry.exporter.export._base - INFO - Transmission succeeded: Item received: 3. Items accepted: 3
2026-02-19T10:43:27.0028271Z 2026-02-19 10:43:27,001 - azure.core.pipeline.policies.http_logging_policy - INFO - Request URL: 'https://westus2-2.in.applicationinsights.azure.com//v2.1/track'
2026-02-19T10:43:27.0028648Z Request method: 'POST'
2026-02-19T10:43:27.0028676Z Request headers:
2026-02-19T10:43:27.0028693Z     'Content-Type': 'application/json'
2026-02-19T10:43:27.0028712Z     'Content-Length': '3719'
2026-02-19T10:43:27.0028964Z     'Accept': 'application/json'
2026-02-19T10:43:27.0028990Z     'x-ms-client-request-id': 'd2925ec6-0d7f-11f1-9207-eeaa766865b8'
2026-02-19T10:43:27.0029014Z     'User-Agent': 'azsdk-python-azuremonitorclient/unknown Python/3.11.14 (Linux-6.6.119.3-1.azl3-x86_64-with-glibc2.31)'
2026-02-19T10:43:27.0029036Z A body is sent with the request
2026-02-19T10:43:27.0439637Z 2026-02-19 10:43:27,043 - azure.core.pipeline.policies.http_logging_policy - INFO - Response status: 200
2026-02-19T10:43:27.0439995Z Response headers:
2026-02-19T10:43:27.0440025Z     'Transfer-Encoding': 'chunked'
2026-02-19T10:43:27.0440045Z     'Content-Type': 'application/json; charset=utf-8'
2026-02-19T10:43:27.0440065Z     'Server': 'Microsoft-HTTPAPI/2.0'
2026-02-19T10:43:27.0440085Z     'Strict-Transport-Security': 'REDACTED'
2026-02-19T10:43:27.0440103Z     'X-Content-Type-Options': 'REDACTED'
2026-02-19T10:43:27.0440180Z     'Date': 'Thu, 19 Feb 2026 10:43:26 GMT'
2026-02-19T10:43:27.0445362Z 2026-02-19 10:43:27,044 - azure.monitor.opentelemetry.exporter.export._base - INFO - Transmission succeeded: Item received: 3. Items accepted: 3
2026-02-19T10:43:29.9289274Z 2026-02-19 10:43:29,928 - azure.core.pipeline.policies.http_logging_policy - INFO - Request URL: 'https://westus2-2.in.applicationinsights.azure.com//v2.1/track'
2026-02-19T10:43:29.9289844Z Request method: 'POST'
2026-02-19T10:43:29.9289873Z Request headers:
2026-02-19T10:43:29.9289894Z     'Content-Type': 'application/json'
2026-02-19T10:43:29.9289911Z     'Content-Length': '3719'
2026-02-19T10:43:29.9289936Z     'Accept': 'application/json'
2026-02-19T10:43:29.9289955Z     'x-ms-client-request-id': 'd4510ffa-0d7f-11f1-99b0-eeaa766865b8'
2026-02-19T10:43:29.9290038Z     'User-Agent': 'azsdk-python-azuremonitorclient/unknown Python/3.11.14 (Linux-6.6.119.3-1.azl3-x86_64-with-glibc2.31)'
2026-02-19T10:43:29.9290059Z A body is sent with the request
2026-02-19T10:43:30.0422400Z 2026-02-19 10:43:30,041 - azure.core.pipeline.policies.http_logging_policy - INFO - Response status: 200
2026-02-19T10:43:30.0422837Z Response headers:
2026-02-19T10:43:30.0422866Z     'Transfer-Encoding': 'chunked'
2026-02-19T10:43:30.0422893Z     'Content-Type': 'application/json; charset=utf-8'
2026-02-19T10:43:30.0422917Z     'Server': 'Microsoft-HTTPAPI/2.0'
2026-02-19T10:43:30.0422937Z     'Strict-Transport-Security': 'REDACTED'
2026-02-19T10:43:30.0422957Z     'X-Content-Type-Options': 'REDACTED'
2026-02-19T10:43:30.0422977Z     'Date': 'Thu, 19 Feb 2026 10:43:29 GMT'
2026-02-19T10:43:30.0423008Z 2026-02-19 10:43:30,041 - azure.monitor.opentelemetry.exporter.export._base - INFO - Transmission succeeded: Item received: 3. Items accepted: 3
2026-02-19T10:43:32.0462054Z 2026-02-19 10:43:32,045 - azure.core.pipeline.policies.http_logging_policy - INFO - Request URL: 'https://westus2-2.in.applicationinsights.azure.com//v2.1/track'
2026-02-19T10:43:32.0462481Z Request method: 'POST'
2026-02-19T10:43:32.0462516Z Request headers:
2026-02-19T10:43:32.0462540Z     'Content-Type': 'application/json'
2026-02-19T10:43:32.0462569Z     'Content-Length': '3720'
2026-02-19T10:43:32.0462599Z     'Accept': 'application/json'
2026-02-19T10:43:32.0462628Z     'x-ms-client-request-id': 'd5941fa6-0d7f-11f1-9207-eeaa766865b8'
2026-02-19T10:43:32.0462660Z     'User-Agent': 'azsdk-python-azuremonitorclient/unknown Python/3.11.14 (Linux-6.6.119.3-1.azl3-x86_64-with-glibc2.31)'
2026-02-19T10:43:32.0462686Z A body is sent with the request
2026-02-19T10:43:32.1472488Z 2026-02-19 10:43:32,147 - azure.core.pipeline.policies.http_logging_policy - INFO - Response status: 200
2026-02-19T10:43:32.1472952Z Response headers:
2026-02-19T10:43:32.1472976Z     'Transfer-Encoding': 'chunked'
2026-02-19T10:43:32.1472994Z     'Content-Type': 'application/json; charset=utf-8'
2026-02-19T10:43:32.1473011Z     'Server': 'Microsoft-HTTPAPI/2.0'
2026-02-19T10:43:32.1473030Z     'Strict-Transport-Security': 'REDACTED'
2026-02-19T10:43:32.1473048Z     'X-Content-Type-Options': 'REDACTED'
2026-02-19T10:43:32.1473067Z     'Date': 'Thu, 19 Feb 2026 10:43:31 GMT'
2026-02-19T10:43:32.1477381Z 2026-02-19 10:43:32,147 - azure.monitor.opentelemetry.exporter.export._base - INFO - Transmission succeeded: Item received: 3. Items accepted: 3
2026-02-19T10:43:35.0435904Z 2026-02-19 10:43:35,043 - azure.core.pipeline.policies.http_logging_policy - INFO - Request URL: 'https://westus2-2.in.applicationinsights.azure.com//v2.1/track'
2026-02-19T10:43:35.0437012Z Request method: 'POST'
2026-02-19T10:43:35.0437103Z Request headers:
2026-02-19T10:43:35.0437125Z     'Content-Type': 'application/json'
2026-02-19T10:43:35.0437145Z     'Content-Length': '3720'
2026-02-19T10:43:35.0437169Z     'Accept': 'application/json'
2026-02-19T10:43:35.0437190Z     'x-ms-client-request-id': 'd75d7da0-0d7f-11f1-99b0-eeaa766865b8'
2026-02-19T10:43:35.0437213Z     'User-Agent': 'azsdk-python-azuremonitorclient/unknown Python/3.11.14 (Linux-6.6.119.3-1.azl3-x86_64-with-glibc2.31)'
2026-02-19T10:43:35.0437230Z A body is sent with the request
2026-02-19T10:43:35.2212087Z 2026-02-19 10:43:35,220 - azure.core.pipeline.policies.http_logging_policy - INFO - Response status: 200
2026-02-19T10:43:35.2212512Z Response headers:
2026-02-19T10:43:35.2212544Z     'Transfer-Encoding': 'chunked'
2026-02-19T10:43:35.2212843Z     'Content-Type': 'application/json; charset=utf-8'
2026-02-19T10:43:35.2212873Z     'Server': 'Microsoft-HTTPAPI/2.0'
2026-02-19T10:43:35.2212897Z     'Strict-Transport-Security': 'REDACTED'
2026-02-19T10:43:35.2212919Z     'X-Content-Type-Options': 'REDACTED'
2026-02-19T10:43:35.2212941Z     'Date': 'Thu, 19 Feb 2026 10:43:34 GMT'
2026-02-19T10:43:35.2217910Z 2026-02-19 10:43:35,221 - azure.monitor.opentelemetry.exporter.export._base - INFO - Transmission succeeded: Item received: 3. Items accepted: 3
2026-02-19T10:43:37.1493110Z 2026-02-19 10:43:37,149 - azure.core.pipeline.policies.http_logging_policy - INFO - Request URL: 'https://westus2-2.in.applicationinsights.azure.com//v2.1/track'
2026-02-19T10:43:37.1493638Z Request method: 'POST'
2026-02-19T10:43:37.1493672Z Request headers:
2026-02-19T10:43:37.1493691Z     'Content-Type': 'application/json'
2026-02-19T10:43:37.1493772Z     'Content-Length': '3720'
2026-02-19T10:43:37.1493796Z     'Accept': 'application/json'
2026-02-19T10:43:37.1493818Z     'x-ms-client-request-id': 'd89ecae8-0d7f-11f1-9207-eeaa766865b8'
2026-02-19T10:43:37.1494033Z     'User-Agent': 'azsdk-python-azuremonitorclient/unknown Python/3.11.14 (Linux-6.6.119.3-1.azl3-x86_64-with-glibc2.31)'
2026-02-19T10:43:37.1494058Z A body is sent with the request
2026-02-19T10:43:37.2213162Z 2026-02-19 10:43:37,221 - azure.core.pipeline.policies.http_logging_policy - INFO - Response status: 200
2026-02-19T10:43:37.2213578Z Response headers:
2026-02-19T10:43:37.2213611Z     'Transfer-Encoding': 'chunked'
2026-02-19T10:43:37.2213638Z     'Content-Type': 'application/json; charset=utf-8'
2026-02-19T10:43:37.2213662Z     'Server': 'Microsoft-HTTPAPI/2.0'
2026-02-19T10:43:37.2213685Z     'Strict-Transport-Security': 'REDACTED'
2026-02-19T10:43:37.2213766Z     'X-Content-Type-Options': 'REDACTED'
2026-02-19T10:43:37.2213788Z     'Date': 'Thu, 19 Feb 2026 10:43:36 GMT'
2026-02-19T10:43:37.2218330Z 2026-02-19 10:43:37,221 - azure.monitor.opentelemetry.exporter.export._base - INFO - Transmission succeeded: Item received: 3. Items accepted: 3
2026-02-19T10:43:40.2239248Z 2026-02-19 10:43:40,223 - azure.core.pipeline.policies.http_logging_policy - INFO - Request URL: 'https://westus2-2.in.applicationinsights.azure.com//v2.1/track'
2026-02-19T10:43:40.2239672Z Request method: 'POST'
2026-02-19T10:43:40.2239708Z Request headers:
2026-02-19T10:43:40.2239734Z     'Content-Type': 'application/json'
2026-02-19T10:43:40.2239758Z     'Content-Length': '3719'
2026-02-19T10:43:40.2239783Z     'Accept': 'application/json'
2026-02-19T10:43:40.2239810Z     'x-ms-client-request-id': 'da73ee0c-0d7f-11f1-99b0-eeaa766865b8'
2026-02-19T10:43:40.2239910Z     'User-Agent': 'azsdk-python-azuremonitorclient/unknown Python/3.11.14 (Linux-6.6.119.3-1.azl3-x86_64-with-glibc2.31)'
2026-02-19T10:43:40.2239937Z A body is sent with the request
2026-02-19T10:43:40.3214339Z 2026-02-19 10:43:40,321 - azure.core.pipeline.policies.http_logging_policy - INFO - Response status: 200
2026-02-19T10:43:40.3214728Z Response headers:
2026-02-19T10:43:40.3214754Z     'Transfer-Encoding': 'chunked'
2026-02-19T10:43:40.3214774Z     'Content-Type': 'application/json; charset=utf-8'
2026-02-19T10:43:40.3214796Z     'Server': 'Microsoft-HTTPAPI/2.0'
2026-02-19T10:43:40.3214817Z     'Strict-Transport-Security': 'REDACTED'
2026-02-19T10:43:40.3214834Z     'X-Content-Type-Options': 'REDACTED'
2026-02-19T10:43:40.3214852Z     'Date': 'Thu, 19 Feb 2026 10:43:39 GMT'
2026-02-19T10:43:40.3221165Z 2026-02-19 10:43:40,321 - azure.monitor.opentelemetry.exporter.export._base - INFO - Transmission succeeded: Item received: 3. Items accepted: 3
2026-02-19T10:43:42.2252939Z 2026-02-19 10:43:42,223 - azure.core.pipeline.policies.http_logging_policy - INFO - Request URL: 'https://westus2-2.in.applicationinsights.azure.com//v2.1/track'
2026-02-19T10:43:42.2254007Z Request method: 'POST'
2026-02-19T10:43:42.2254073Z Request headers:
2026-02-19T10:43:42.2254096Z     'Content-Type': 'application/json'
2026-02-19T10:43:42.2254113Z     'Content-Length': '3720'
2026-02-19T10:43:42.2254137Z     'Accept': 'application/json'
2026-02-19T10:43:42.2254157Z     'x-ms-client-request-id': 'dba5118e-0d7f-11f1-9207-eeaa766865b8'
2026-02-19T10:43:42.2254177Z     'User-Agent': 'azsdk-python-azuremonitorclient/unknown Python/3.11.14 (Linux-6.6.119.3-1.azl3-x86_64-with-glibc2.31)'
2026-02-19T10:43:42.2254194Z A body is sent with the request
2026-02-19T10:43:42.3393776Z 2026-02-19 10:43:42,339 - azure.core.pipeline.policies.http_logging_policy - INFO - Response status: 200
2026-02-19T10:43:42.3394197Z Response headers:
2026-02-19T10:43:42.3394231Z     'Transfer-Encoding': 'chunked'
2026-02-19T10:43:42.3394259Z     'Content-Type': 'application/json; charset=utf-8'
2026-02-19T10:43:42.3394282Z     'Server': 'Microsoft-HTTPAPI/2.0'
2026-02-19T10:43:42.3394306Z     'Strict-Transport-Security': 'REDACTED'
2026-02-19T10:43:42.3394329Z     'X-Content-Type-Options': 'REDACTED'
2026-02-19T10:43:42.3394355Z     'Date': 'Thu, 19 Feb 2026 10:43:41 GMT'
2026-02-19T10:43:42.3403439Z 2026-02-19 10:43:42,339 - azure.monitor.opentelemetry.exporter.export._base - INFO - Transmission succeeded: Item received: 3. Items accepted: 3
2026-02-19T10:43:45.3233311Z 2026-02-19 10:43:45,323 - azure.core.pipeline.policies.http_logging_policy - INFO - Request URL: 'https://westus2-2.in.applicationinsights.azure.com//v2.1/track'
2026-02-19T10:43:45.3233633Z Request method: 'POST'
2026-02-19T10:43:45.3233655Z Request headers:
2026-02-19T10:43:45.3233674Z     'Content-Type': 'application/json'
2026-02-19T10:43:45.3233695Z     'Content-Length': '3719'
2026-02-19T10:43:45.3233712Z     'Accept': 'application/json'
2026-02-19T10:43:45.3233733Z     'x-ms-client-request-id': 'dd7e0fba-0d7f-11f1-99b0-eeaa766865b8'
2026-02-19T10:43:45.3233756Z     'User-Agent': 'azsdk-python-azuremonitorclient/unknown Python/3.11.14 (Linux-6.6.119.3-1.azl3-x86_64-with-glibc2.31)'
2026-02-19T10:43:45.3233776Z A body is sent with the request
2026-02-19T10:43:45.3844851Z 2026-02-19 10:43:45,384 - azure.core.pipeline.policies.http_logging_policy - INFO - Response status: 200
2026-02-19T10:43:45.3845507Z Response headers:
2026-02-19T10:43:45.3845602Z     'Transfer-Encoding': 'chunked'
2026-02-19T10:43:45.3845624Z     'Content-Type': 'application/json; charset=utf-8'
2026-02-19T10:43:45.3845642Z     'Server': 'Microsoft-HTTPAPI/2.0'
2026-02-19T10:43:45.3845664Z     'Strict-Transport-Security': 'REDACTED'
2026-02-19T10:43:45.3845685Z     'X-Content-Type-Options': 'REDACTED'
2026-02-19T10:43:45.3845706Z     'Date': 'Thu, 19 Feb 2026 10:43:44 GMT'
2026-02-19T10:43:45.3851452Z 2026-02-19 10:43:45,385 - azure.monitor.opentelemetry.exporter.export._base - INFO - Transmission succeeded: Item received: 3. Items accepted: 3
2026-02-19T10:43:47.3418543Z 2026-02-19 10:43:47,341 - azure.core.pipeline.policies.http_logging_policy - INFO - Request URL: 'https://westus2-2.in.applicationinsights.azure.com//v2.1/track'
2026-02-19T10:43:47.3418920Z Request method: 'POST'
2026-02-19T10:43:47.3418951Z Request headers:
2026-02-19T10:43:47.3419043Z     'Content-Type': 'application/json'
2026-02-19T10:43:47.3419064Z     'Content-Length': '3720'
2026-02-19T10:43:47.3419083Z     'Accept': 'application/json'
2026-02-19T10:43:47.3419104Z     'x-ms-client-request-id': 'deb210f2-0d7f-11f1-9207-eeaa766865b8'
2026-02-19T10:43:47.3419128Z     'User-Agent': 'azsdk-python-azuremonitorclient/unknown Python/3.11.14 (Linux-6.6.119.3-1.azl3-x86_64-with-glibc2.31)'
2026-02-19T10:43:47.3419149Z A body is sent with the request
2026-02-19T10:43:47.4054750Z 2026-02-19 10:43:47,405 - azure.core.pipeline.policies.http_logging_policy - INFO - Response status: 200
2026-02-19T10:43:47.4056644Z Response headers:
2026-02-19T10:43:47.4056716Z     'Transfer-Encoding': 'chunked'
2026-02-19T10:43:47.4056742Z     'Content-Type': 'application/json; charset=utf-8'
2026-02-19T10:43:47.4056821Z     'Server': 'Microsoft-HTTPAPI/2.0'
2026-02-19T10:43:47.4056843Z     'Strict-Transport-Security': 'REDACTED'
2026-02-19T10:43:47.4056860Z     'X-Content-Type-Options': 'REDACTED'
2026-02-19T10:43:47.4056877Z     'Date': 'Thu, 19 Feb 2026 10:43:46 GMT'
2026-02-19T10:43:47.4063583Z 2026-02-19 10:43:47,406 - azure.monitor.opentelemetry.exporter.export._base - INFO - Transmission succeeded: Item received: 3. Items accepted: 3
2026-02-19T10:43:50.3868693Z 2026-02-19 10:43:50,386 - azure.core.pipeline.policies.http_logging_policy - INFO - Request URL: 'https://westus2-2.in.applicationinsights.azure.com//v2.1/track'
2026-02-19T10:43:50.3869116Z Request method: 'POST'
2026-02-19T10:43:50.3869147Z Request headers:
2026-02-19T10:43:50.3869167Z     'Content-Type': 'application/json'
2026-02-19T10:43:50.3869187Z     'Content-Length': '3720'
2026-02-19T10:43:50.3869262Z     'Accept': 'application/json'
2026-02-19T10:43:50.3869284Z     'x-ms-client-request-id': 'e082b148-0d7f-11f1-99b0-eeaa766865b8'
2026-02-19T10:43:50.3869308Z     'User-Agent': 'azsdk-python-azuremonitorclient/unknown Python/3.11.14 (Linux-6.6.119.3-1.azl3-x86_64-with-glibc2.31)'
2026-02-19T10:43:50.3869328Z A body is sent with the request
2026-02-19T10:43:50.4788238Z 2026-02-19 10:43:50,478 - azure.core.pipeline.policies.http_logging_policy - INFO - Response status: 200
2026-02-19T10:43:50.4788920Z Response headers:
2026-02-19T10:43:50.4788962Z     'Transfer-Encoding': 'chunked'
2026-02-19T10:43:50.4788983Z     'Content-Type': 'application/json; charset=utf-8'
2026-02-19T10:43:50.4789001Z     'Server': 'Microsoft-HTTPAPI/2.0'
2026-02-19T10:43:50.4789018Z     'Strict-Transport-Security': 'REDACTED'
2026-02-19T10:43:50.4789041Z     'X-Content-Type-Options': 'REDACTED'
2026-02-19T10:43:50.4789125Z     'Date': 'Thu, 19 Feb 2026 10:43:49 GMT'
2026-02-19T10:43:50.4793686Z 2026-02-19 10:43:50,479 - azure.monitor.opentelemetry.exporter.export._base - INFO - Transmission succeeded: Item received: 3. Items accepted: 3
2026-02-19T10:43:52.4079272Z 2026-02-19 10:43:52,407 - azure.core.pipeline.policies.http_logging_policy - INFO - Request URL: 'https://westus2-2.in.applicationinsights.azure.com//v2.1/track'
2026-02-19T10:43:52.4079783Z Request method: 'POST'
2026-02-19T10:43:52.4079812Z Request headers:
2026-02-19T10:43:52.4079835Z     'Content-Type': 'application/json'
2026-02-19T10:43:52.4079852Z     'Content-Length': '3720'
2026-02-19T10:43:52.4079870Z     'Accept': 'application/json'
2026-02-19T10:43:52.4079891Z     'x-ms-client-request-id': 'e1b71176-0d7f-11f1-9207-eeaa766865b8'
2026-02-19T10:43:52.4079973Z     'User-Agent': 'azsdk-python-azuremonitorclient/unknown Python/3.11.14 (Linux-6.6.119.3-1.azl3-x86_64-with-glibc2.31)'
2026-02-19T10:43:52.4079994Z A body is sent with the request
2026-02-19T10:43:52.5205381Z 2026-02-19 10:43:52,520 - azure.core.pipeline.policies.http_logging_policy - INFO - Response status: 200
2026-02-19T10:43:52.5205804Z Response headers:
2026-02-19T10:43:52.5205837Z     'Transfer-Encoding': 'chunked'
2026-02-19T10:43:52.5205862Z     'Content-Type': 'application/json; charset=utf-8'
2026-02-19T10:43:52.5205887Z     'Server': 'Microsoft-HTTPAPI/2.0'
2026-02-19T10:43:52.5205911Z     'Strict-Transport-Security': 'REDACTED'
2026-02-19T10:43:52.5205940Z     'X-Content-Type-Options': 'REDACTED'
2026-02-19T10:43:52.5205963Z     'Date': 'Thu, 19 Feb 2026 10:43:51 GMT'
2026-02-19T10:43:52.5210948Z 2026-02-19 10:43:52,520 - azure.monitor.opentelemetry.exporter.export._base - INFO - Transmission succeeded: Item received: 3. Items accepted: 3
2026-02-19T10:43:55.4811140Z 2026-02-19 10:43:55,480 - azure.core.pipeline.policies.http_logging_policy - INFO - Request URL: 'https://westus2-2.in.applicationinsights.azure.com//v2.1/track'
2026-02-19T10:43:55.4811730Z Request method: 'POST'
2026-02-19T10:43:55.4811766Z Request headers:
2026-02-19T10:43:55.4811794Z     'Content-Type': 'application/json'
2026-02-19T10:43:55.4811818Z     'Content-Length': '3720'
2026-02-19T10:43:55.4811840Z     'Accept': 'application/json'
2026-02-19T10:43:55.4811866Z     'x-ms-client-request-id': 'e38c02f4-0d7f-11f1-99b0-eeaa766865b8'
2026-02-19T10:43:55.4811899Z     'User-Agent': 'azsdk-python-azuremonitorclient/unknown Python/3.11.14 (Linux-6.6.119.3-1.azl3-x86_64-with-glibc2.31)'
2026-02-19T10:43:55.4811923Z A body is sent with the request
2026-02-19T10:43:55.6003578Z 2026-02-19 10:43:55,600 - azure.core.pipeline.policies.http_logging_policy - INFO - Response status: 200
2026-02-19T10:43:55.6003978Z Response headers:
2026-02-19T10:43:55.6004001Z     'Transfer-Encoding': 'chunked'
2026-02-19T10:43:55.6004024Z     'Content-Type': 'application/json; charset=utf-8'
2026-02-19T10:43:55.6004041Z     'Server': 'Microsoft-HTTPAPI/2.0'
2026-02-19T10:43:55.6004060Z     'Strict-Transport-Security': 'REDACTED'
2026-02-19T10:43:55.6004080Z     'X-Content-Type-Options': 'REDACTED'
2026-02-19T10:43:55.6004100Z     'Date': 'Thu, 19 Feb 2026 10:43:55 GMT'
2026-02-19T10:43:55.6007676Z 2026-02-19 10:43:55,600 - azure.monitor.opentelemetry.exporter.export._base - INFO - Transmission succeeded: Item received: 3. Items accepted: 3
2026-02-19T10:43:57.5227663Z 2026-02-19 10:43:57,522 - azure.core.pipeline.policies.http_logging_policy - INFO - Request URL: 'https://westus2-2.in.applicationinsights.azure.com//v2.1/track'
2026-02-19T10:43:57.5228155Z Request method: 'POST'
2026-02-19T10:43:57.5228190Z Request headers:
2026-02-19T10:43:57.5228210Z     'Content-Type': 'application/json'
2026-02-19T10:43:57.5228228Z     'Content-Length': '3720'
2026-02-19T10:43:57.5228247Z     'Accept': 'application/json'
2026-02-19T10:43:57.5228270Z     'x-ms-client-request-id': 'e4c388a4-0d7f-11f1-9207-eeaa766865b8'
2026-02-19T10:43:57.5228294Z     'User-Agent': 'azsdk-python-azuremonitorclient/unknown Python/3.11.14 (Linux-6.6.119.3-1.azl3-x86_64-with-glibc2.31)'
2026-02-19T10:43:57.5228316Z A body is sent with the request
2026-02-19T10:43:57.5932694Z 2026-02-19 10:43:57,593 - azure.core.pipeline.policies.http_logging_policy - INFO - Response status: 200
2026-02-19T10:43:57.5933098Z Response headers:
2026-02-19T10:43:57.5933128Z     'Transfer-Encoding': 'chunked'
2026-02-19T10:43:57.5933217Z     'Content-Type': 'application/json; charset=utf-8'
2026-02-19T10:43:57.5933235Z     'Server': 'Microsoft-HTTPAPI/2.0'
2026-02-19T10:43:57.5933255Z     'Strict-Transport-Security': 'REDACTED'
2026-02-19T10:43:57.5933272Z     'X-Content-Type-Options': 'REDACTED'
2026-02-19T10:43:57.5933290Z     'Date': 'Thu, 19 Feb 2026 10:43:57 GMT'
2026-02-19T10:43:57.5940473Z 2026-02-19 10:43:57,593 - azure.monitor.opentelemetry.exporter.export._base - INFO - Transmission succeeded: Item received: 3. Items accepted: 3
2026-02-19T10:44:00.6029069Z 2026-02-19 10:44:00,602 - azure.core.pipeline.policies.http_logging_policy - INFO - Request URL: 'https://westus2-2.in.applicationinsights.azure.com//v2.1/track'
2026-02-19T10:44:00.6029443Z Request method: 'POST'
2026-02-19T10:44:00.6029476Z Request headers:
2026-02-19T10:44:00.6029496Z     'Content-Type': 'application/json'
2026-02-19T10:44:00.6029584Z     'Content-Length': '3719'
2026-02-19T10:44:00.6029604Z     'Accept': 'application/json'
2026-02-19T10:44:00.6029627Z     'x-ms-client-request-id': 'e6998624-0d7f-11f1-99b0-eeaa766865b8'
2026-02-19T10:44:00.6029652Z     'User-Agent': 'azsdk-python-azuremonitorclient/unknown Python/3.11.14 (Linux-6.6.119.3-1.azl3-x86_64-with-glibc2.31)'
2026-02-19T10:44:00.6029673Z A body is sent with the request
2026-02-19T10:44:00.6696088Z 2026-02-19 10:44:00,669 - azure.core.pipeline.policies.http_logging_policy - INFO - Response status: 200
2026-02-19T10:44:00.6696484Z Response headers:
2026-02-19T10:44:00.6696511Z     'Transfer-Encoding': 'chunked'
2026-02-19T10:44:00.6696530Z     'Content-Type': 'application/json; charset=utf-8'
2026-02-19T10:44:00.6696552Z     'Server': 'Microsoft-HTTPAPI/2.0'
2026-02-19T10:44:00.6696630Z     'Strict-Transport-Security': 'REDACTED'
2026-02-19T10:44:00.6696650Z     'X-Content-Type-Options': 'REDACTED'
2026-02-19T10:44:00.6696669Z     'Date': 'Thu, 19 Feb 2026 10:44:00 GMT'
2026-02-19T10:44:00.6699556Z 2026-02-19 10:44:00,669 - azure.monitor.opentelemetry.exporter.export._base - INFO - Transmission succeeded: Item received: 3. Items accepted: 3
2026-02-19T10:44:02.5954687Z 2026-02-19 10:44:02,595 - azure.core.pipeline.policies.http_logging_policy - INFO - Request URL: 'https://westus2-2.in.applicationinsights.azure.com//v2.1/track'
2026-02-19T10:44:02.5955098Z Request method: 'POST'
2026-02-19T10:44:02.5955131Z Request headers:
2026-02-19T10:44:02.5955153Z     'Content-Type': 'application/json'
2026-02-19T10:44:02.5955176Z     'Content-Length': '3720'
2026-02-19T10:44:02.5955199Z     'Accept': 'application/json'
2026-02-19T10:44:02.5955283Z     'x-ms-client-request-id': 'e7c99458-0d7f-11f1-9207-eeaa766865b8'
2026-02-19T10:44:02.5955312Z     'User-Agent': 'azsdk-python-azuremonitorclient/unknown Python/3.11.14 (Linux-6.6.119.3-1.azl3-x86_64-with-glibc2.31)'
2026-02-19T10:44:02.5955334Z A body is sent with the request
2026-02-19T10:44:02.6638827Z 2026-02-19 10:44:02,663 - azure.core.pipeline.policies.http_logging_policy - INFO - Response status: 200
2026-02-19T10:44:02.6639159Z Response headers:
2026-02-19T10:44:02.6639188Z     'Transfer-Encoding': 'chunked'
2026-02-19T10:44:02.6639208Z     'Content-Type': 'application/json; charset=utf-8'
2026-02-19T10:44:02.6639229Z     'Server': 'Microsoft-HTTPAPI/2.0'
2026-02-19T10:44:02.6639249Z     'Strict-Transport-Security': 'REDACTED'
2026-02-19T10:44:02.6639269Z     'X-Content-Type-Options': 'REDACTED'
2026-02-19T10:44:02.6639298Z     'Date': 'Thu, 19 Feb 2026 10:44:01 GMT'
2026-02-19T10:44:02.6647306Z 2026-02-19 10:44:02,664 - azure.monitor.opentelemetry.exporter.export._base - INFO - Transmission succeeded: Item received: 3. Items accepted: 3
2026-02-19T10:44:05.6718380Z 2026-02-19 10:44:05,671 - azure.core.pipeline.policies.http_logging_policy - INFO - Request URL: 'https://westus2-2.in.applicationinsights.azure.com//v2.1/track'
2026-02-19T10:44:05.6718751Z Request method: 'POST'
2026-02-19T10:44:05.6718776Z Request headers:
2026-02-19T10:44:05.6718797Z     'Content-Type': 'application/json'
2026-02-19T10:44:05.6718818Z     'Content-Length': '3720'
2026-02-19T10:44:05.6718838Z     'Accept': 'application/json'
2026-02-19T10:44:05.6718858Z     'x-ms-client-request-id': 'e99ef872-0d7f-11f1-99b0-eeaa766865b8'
2026-02-19T10:44:05.6718881Z     'User-Agent': 'azsdk-python-azuremonitorclient/unknown Python/3.11.14 (Linux-6.6.119.3-1.azl3-x86_64-with-glibc2.31)'
2026-02-19T10:44:05.6718964Z A body is sent with the request
2026-02-19T10:44:05.8071661Z 2026-02-19 10:44:05,806 - azure.core.pipeline.policies.http_logging_policy - INFO - Response status: 200
2026-02-19T10:44:05.8072024Z Response headers:
2026-02-19T10:44:05.8072052Z     'Transfer-Encoding': 'chunked'
2026-02-19T10:44:05.8072076Z     'Content-Type': 'application/json; charset=utf-8'
2026-02-19T10:44:05.8072094Z     'Server': 'Microsoft-HTTPAPI/2.0'
2026-02-19T10:44:05.8072115Z     'Strict-Transport-Security': 'REDACTED'
2026-02-19T10:44:05.8072139Z     'X-Content-Type-Options': 'REDACTED'
2026-02-19T10:44:05.8072157Z     'Date': 'Thu, 19 Feb 2026 10:44:05 GMT'
2026-02-19T10:44:05.8082638Z 2026-02-19 10:44:05,807 - azure.monitor.opentelemetry.exporter.export._base - INFO - Transmission succeeded: Item received: 3. Items accepted: 3
2026-02-19T10:44:07.6664128Z 2026-02-19 10:44:07,666 - azure.core.pipeline.policies.http_logging_policy - INFO - Request URL: 'https://westus2-2.in.applicationinsights.azure.com//v2.1/track'
2026-02-19T10:44:07.6664786Z Request method: 'POST'
2026-02-19T10:44:07.6664818Z Request headers:
2026-02-19T10:44:07.6664844Z     'Content-Type': 'application/json'
2026-02-19T10:44:07.6664865Z     'Content-Length': '3719'
2026-02-19T10:44:07.6664885Z     'Accept': 'application/json'
2026-02-19T10:44:07.6664912Z     'x-ms-client-request-id': 'eacf5732-0d7f-11f1-9207-eeaa766865b8'
2026-02-19T10:44:07.6664938Z     'User-Agent': 'azsdk-python-azuremonitorclient/unknown Python/3.11.14 (Linux-6.6.119.3-1.azl3-x86_64-with-glibc2.31)'
2026-02-19T10:44:07.6664960Z A body is sent with the request
2026-02-19T10:44:07.7706584Z 2026-02-19 10:44:07,770 - azure.core.pipeline.policies.http_logging_policy - INFO - Response status: 200
2026-02-19T10:44:07.7706986Z Response headers:
2026-02-19T10:44:07.7707013Z     'Transfer-Encoding': 'chunked'
2026-02-19T10:44:07.7707033Z     'Content-Type': 'application/json; charset=utf-8'
2026-02-19T10:44:07.7707051Z     'Server': 'Microsoft-HTTPAPI/2.0'
2026-02-19T10:44:07.7707068Z     'Strict-Transport-Security': 'REDACTED'
2026-02-19T10:44:07.7707085Z     'X-Content-Type-Options': 'REDACTED'
2026-02-19T10:44:07.7707103Z     'Date': 'Thu, 19 Feb 2026 10:44:07 GMT'
2026-02-19T10:44:07.7712133Z 2026-02-19 10:44:07,770 - azure.monitor.opentelemetry.exporter.export._base - INFO - Transmission succeeded: Item received: 3. Items accepted: 3
2026-02-19T10:44:10.8095869Z 2026-02-19 10:44:10,809 - azure.core.pipeline.policies.http_logging_policy - INFO - Request URL: 'https://westus2-2.in.applicationinsights.azure.com//v2.1/track'
2026-02-19T10:44:10.8096263Z Request method: 'POST'
2026-02-19T10:44:10.8096347Z Request headers:
2026-02-19T10:44:10.8096371Z     'Content-Type': 'application/json'
2026-02-19T10:44:10.8096393Z     'Content-Length': '3720'
2026-02-19T10:44:10.8096414Z     'Accept': 'application/json'
2026-02-19T10:44:10.8096438Z     'x-ms-client-request-id': 'ecaef454-0d7f-11f1-99b0-eeaa766865b8'
2026-02-19T10:44:10.8096464Z     'User-Agent': 'azsdk-python-azuremonitorclient/unknown Python/3.11.14 (Linux-6.6.119.3-1.azl3-x86_64-with-glibc2.31)'
2026-02-19T10:44:10.8096485Z A body is sent with the request
2026-02-19T10:44:10.9473524Z 2026-02-19 10:44:10,947 - azure.core.pipeline.policies.http_logging_policy - INFO - Response status: 200
2026-02-19T10:44:10.9473911Z Response headers:
2026-02-19T10:44:10.9473941Z     'Transfer-Encoding': 'chunked'
2026-02-19T10:44:10.9473964Z     'Content-Type': 'application/json; charset=utf-8'
2026-02-19T10:44:10.9474042Z     'Server': 'Microsoft-HTTPAPI/2.0'
2026-02-19T10:44:10.9474062Z     'Strict-Transport-Security': 'REDACTED'
2026-02-19T10:44:10.9474082Z     'X-Content-Type-Options': 'REDACTED'
2026-02-19T10:44:10.9474102Z     'Date': 'Thu, 19 Feb 2026 10:44:10 GMT'
2026-02-19T10:44:10.9479914Z 2026-02-19 10:44:10,947 - azure.monitor.opentelemetry.exporter.export._base - INFO - Transmission succeeded: Item received: 3. Items accepted: 3
2026-02-19T10:44:12.7726397Z 2026-02-19 10:44:12,772 - azure.core.pipeline.policies.http_logging_policy - INFO - Request URL: 'https://westus2-2.in.applicationinsights.azure.com//v2.1/track'
2026-02-19T10:44:12.7726796Z Request method: 'POST'
2026-02-19T10:44:12.7726823Z Request headers:
2026-02-19T10:44:12.7726851Z     'Content-Type': 'application/json'
2026-02-19T10:44:12.7726872Z     'Content-Length': '3720'
2026-02-19T10:44:12.7726957Z     'Accept': 'application/json'
2026-02-19T10:44:12.7726979Z     'x-ms-client-request-id': 'edda7ede-0d7f-11f1-9207-eeaa766865b8'
2026-02-19T10:44:12.7727001Z     'User-Agent': 'azsdk-python-azuremonitorclient/unknown Python/3.11.14 (Linux-6.6.119.3-1.azl3-x86_64-with-glibc2.31)'
2026-02-19T10:44:12.7727021Z A body is sent with the request
2026-02-19T10:44:12.8459038Z 2026-02-19 10:44:12,845 - azure.core.pipeline.policies.http_logging_policy - INFO - Response status: 200
2026-02-19T10:44:12.8459835Z Response headers:
2026-02-19T10:44:12.8459878Z     'Transfer-Encoding': 'chunked'
2026-02-19T10:44:12.8459901Z     'Content-Type': 'application/json; charset=utf-8'
2026-02-19T10:44:12.8459930Z     'Server': 'Microsoft-HTTPAPI/2.0'
2026-02-19T10:44:12.8459959Z     'Strict-Transport-Security': 'REDACTED'
2026-02-19T10:44:12.8460046Z     'X-Content-Type-Options': 'REDACTED'
2026-02-19T10:44:12.8460070Z     'Date': 'Thu, 19 Feb 2026 10:44:12 GMT'
2026-02-19T10:44:12.8467149Z 2026-02-19 10:44:12,846 - azure.monitor.opentelemetry.exporter.export._base - INFO - Transmission succeeded: Item received: 3. Items accepted: 3
2026-02-19T10:44:15.9495753Z 2026-02-19 10:44:15,949 - azure.core.pipeline.policies.http_logging_policy - INFO - Request URL: 'https://westus2-2.in.applicationinsights.azure.com//v2.1/track'
2026-02-19T10:44:15.9496159Z Request method: 'POST'
2026-02-19T10:44:15.9496188Z Request headers:
2026-02-19T10:44:15.9496207Z     'Content-Type': 'application/json'
2026-02-19T10:44:15.9496226Z     'Content-Length': '3720'
2026-02-19T10:44:15.9496247Z     'Accept': 'application/json'
2026-02-19T10:44:15.9496267Z     'x-ms-client-request-id': 'efbf3ae6-0d7f-11f1-99b0-eeaa766865b8'
2026-02-19T10:44:15.9496347Z     'User-Agent': 'azsdk-python-azuremonitorclient/unknown Python/3.11.14 (Linux-6.6.119.3-1.azl3-x86_64-with-glibc2.31)'
2026-02-19T10:44:15.9496368Z A body is sent with the request
2026-02-19T10:44:16.0717498Z 2026-02-19 10:44:16,071 - azure.core.pipeline.policies.http_logging_policy - INFO - Response status: 200
2026-02-19T10:44:16.0717890Z Response headers:
2026-02-19T10:44:16.0717921Z     'Transfer-Encoding': 'chunked'
2026-02-19T10:44:16.0717943Z     'Content-Type': 'application/json; charset=utf-8'
2026-02-19T10:44:16.0717961Z     'Server': 'Microsoft-HTTPAPI/2.0'
2026-02-19T10:44:16.0717980Z     'Strict-Transport-Security': 'REDACTED'
2026-02-19T10:44:16.0717999Z     'X-Content-Type-Options': 'REDACTED'
2026-02-19T10:44:16.0718023Z     'Date': 'Thu, 19 Feb 2026 10:44:15 GMT'
2026-02-19T10:44:16.0723605Z 2026-02-19 10:44:16,071 - azure.monitor.opentelemetry.exporter.export._base - INFO - Transmission succeeded: Item received: 3. Items accepted: 3
2026-02-19T10:44:17.8496403Z 2026-02-19 10:44:17,849 - azure.core.pipeline.policies.http_logging_policy - INFO - Request URL: 'https://westus2-2.in.applicationinsights.azure.com//v2.1/track'
2026-02-19T10:44:17.8497152Z Request method: 'POST'
2026-02-19T10:44:17.8497183Z Request headers:
2026-02-19T10:44:17.8497198Z     'Content-Type': 'application/json'
2026-02-19T10:44:17.8497214Z     'Content-Length': '3720'
2026-02-19T10:44:17.8497230Z     'Accept': 'application/json'
2026-02-19T10:44:17.8497255Z     'x-ms-client-request-id': 'f0e12ab0-0d7f-11f1-9207-eeaa766865b8'
2026-02-19T10:44:17.8497286Z     'User-Agent': 'azsdk-python-azuremonitorclient/unknown Python/3.11.14 (Linux-6.6.119.3-1.azl3-x86_64-with-glibc2.31)'
2026-02-19T10:44:17.8497303Z A body is sent with the request
2026-02-19T10:44:17.9877365Z 2026-02-19 10:44:17,987 - azure.core.pipeline.policies.http_logging_policy - INFO - Response status: 200
2026-02-19T10:44:17.9877736Z Response headers:
2026-02-19T10:44:17.9877762Z     'Transfer-Encoding': 'chunked'
2026-02-19T10:44:17.9877782Z     'Content-Type': 'application/json; charset=utf-8'
2026-02-19T10:44:17.9877800Z     'Server': 'Microsoft-HTTPAPI/2.0'
2026-02-19T10:44:17.9877819Z     'Strict-Transport-Security': 'REDACTED'
2026-02-19T10:44:17.9877843Z     'X-Content-Type-Options': 'REDACTED'
2026-02-19T10:44:17.9877860Z     'Date': 'Thu, 19 Feb 2026 10:44:17 GMT'
2026-02-19T10:44:17.9882917Z 2026-02-19 10:44:17,987 - azure.monitor.opentelemetry.exporter.export._base - INFO - Transmission succeeded: Item received: 3. Items accepted: 3
2026-02-19T10:44:21.0738084Z 2026-02-19 10:44:21,073 - azure.core.pipeline.policies.http_logging_policy - INFO - Request URL: 'https://westus2-2.in.applicationinsights.azure.com//v2.1/track'
2026-02-19T10:44:21.0738893Z Request method: 'POST'
2026-02-19T10:44:21.0738923Z Request headers:
2026-02-19T10:44:21.0738943Z     'Content-Type': 'application/json'
2026-02-19T10:44:21.0738963Z     'Content-Length': '3720'
2026-02-19T10:44:21.0738982Z     'Accept': 'application/json'
2026-02-19T10:44:21.0739001Z     'x-ms-client-request-id': 'f2cd2716-0d7f-11f1-99b0-eeaa766865b8'
2026-02-19T10:44:21.0739024Z     'User-Agent': 'azsdk-python-azuremonitorclient/unknown Python/3.11.14 (Linux-6.6.119.3-1.azl3-x86_64-with-glibc2.31)'
2026-02-19T10:44:21.0739042Z A body is sent with the request
2026-02-19T10:44:21.2141342Z 2026-02-19 10:44:21,213 - azure.core.pipeline.policies.http_logging_policy - INFO - Response status: 200
2026-02-19T10:44:21.2141715Z Response headers:
2026-02-19T10:44:21.2141745Z     'Transfer-Encoding': 'chunked'
2026-02-19T10:44:21.2141830Z     'Content-Type': 'application/json; charset=utf-8'
2026-02-19T10:44:21.2141851Z     'Server': 'Microsoft-HTTPAPI/2.0'
2026-02-19T10:44:21.2141872Z     'Strict-Transport-Security': 'REDACTED'
2026-02-19T10:44:21.2141892Z     'X-Content-Type-Options': 'REDACTED'
2026-02-19T10:44:21.2141910Z     'Date': 'Thu, 19 Feb 2026 10:44:20 GMT'
2026-02-19T10:44:21.2144539Z 2026-02-19 10:44:21,214 - azure.monitor.opentelemetry.exporter.export._base - INFO - Transmission succeeded: Item received: 3. Items accepted: 3
2026-02-19T10:44:22.9913851Z 2026-02-19 10:44:22,989 - azure.core.pipeline.policies.http_logging_policy - INFO - Request URL: 'https://westus2-2.in.applicationinsights.azure.com//v2.1/track'
2026-02-19T10:44:22.9914234Z Request method: 'POST'
2026-02-19T10:44:22.9914264Z Request headers:
2026-02-19T10:44:22.9914347Z     'Content-Type': 'application/json'
2026-02-19T10:44:22.9914370Z     'Content-Length': '3720'
2026-02-19T10:44:22.9914392Z     'Accept': 'application/json'
2026-02-19T10:44:22.9914415Z     'x-ms-client-request-id': 'f3f1888a-0d7f-11f1-9207-eeaa766865b8'
2026-02-19T10:44:22.9914440Z     'User-Agent': 'azsdk-python-azuremonitorclient/unknown Python/3.11.14 (Linux-6.6.119.3-1.azl3-x86_64-with-glibc2.31)'
2026-02-19T10:44:22.9914460Z A body is sent with the request
2026-02-19T10:44:23.0368216Z 2026-02-19 10:44:23,036 - azure.core.pipeline.policies.http_logging_policy - INFO - Response status: 200
2026-02-19T10:44:23.0369849Z Response headers:
2026-02-19T10:44:23.0369902Z     'Transfer-Encoding': 'chunked'
2026-02-19T10:44:23.0369925Z     'Content-Type': 'application/json; charset=utf-8'
2026-02-19T10:44:23.0369948Z     'Server': 'Microsoft-HTTPAPI/2.0'
2026-02-19T10:44:23.0370033Z     'Strict-Transport-Security': 'REDACTED'
2026-02-19T10:44:23.0370056Z     'X-Content-Type-Options': 'REDACTED'
2026-02-19T10:44:23.0370076Z     'Date': 'Thu, 19 Feb 2026 10:44:22 GMT'
2026-02-19T10:44:23.0375665Z 2026-02-19 10:44:23,037 - azure.monitor.opentelemetry.exporter.export._base - INFO - Transmission succeeded: Item received: 3. Items accepted: 3
2026-02-19T10:44:26.2163110Z 2026-02-19 10:44:26,216 - azure.core.pipeline.policies.http_logging_policy - INFO - Request URL: 'https://westus2-2.in.applicationinsights.azure.com//v2.1/track'
2026-02-19T10:44:26.2163427Z Request method: 'POST'
2026-02-19T10:44:26.2163454Z Request headers:
2026-02-19T10:44:26.2163474Z     'Content-Type': 'application/json'
2026-02-19T10:44:26.2163498Z     'Content-Length': '3719'
2026-02-19T10:44:26.2163518Z     'Accept': 'application/json'
2026-02-19T10:44:26.2163599Z     'x-ms-client-request-id': 'f5ddd5d6-0d7f-11f1-99b0-eeaa766865b8'
2026-02-19T10:44:26.2163625Z     'User-Agent': 'azsdk-python-azuremonitorclient/unknown Python/3.11.14 (Linux-6.6.119.3-1.azl3-x86_64-with-glibc2.31)'
2026-02-19T10:44:26.2163643Z A body is sent with the request
2026-02-19T10:44:26.2892279Z 2026-02-19 10:44:26,288 - azure.core.pipeline.policies.http_logging_policy - INFO - Response status: 200
2026-02-19T10:44:26.2892993Z Response headers:
2026-02-19T10:44:26.2893028Z     'Transfer-Encoding': 'chunked'
2026-02-19T10:44:26.2893050Z     'Content-Type': 'application/json; charset=utf-8'
2026-02-19T10:44:26.2893068Z     'Server': 'Microsoft-HTTPAPI/2.0'
2026-02-19T10:44:26.2893099Z     'Strict-Transport-Security': 'REDACTED'
2026-02-19T10:44:26.2893122Z     'X-Content-Type-Options': 'REDACTED'
2026-02-19T10:44:26.2893142Z     'Date': 'Thu, 19 Feb 2026 10:44:25 GMT'
2026-02-19T10:44:26.2899989Z 2026-02-19 10:44:26,289 - azure.monitor.opentelemetry.exporter.export._base - INFO - Transmission succeeded: Item received: 3. Items accepted: 3
2026-02-19T10:44:28.0392104Z 2026-02-19 10:44:28,038 - azure.core.pipeline.policies.http_logging_policy - INFO - Request URL: 'https://westus2-2.in.applicationinsights.azure.com//v2.1/track'
2026-02-19T10:44:28.0392481Z Request method: 'POST'
2026-02-19T10:44:28.0392509Z Request headers:
2026-02-19T10:44:28.0392529Z     'Content-Type': 'application/json'
2026-02-19T10:44:28.0392549Z     'Content-Length': '3720'
2026-02-19T10:44:28.0392567Z     'Accept': 'application/json'
2026-02-19T10:44:28.0392591Z     'x-ms-client-request-id': 'f6f3fc3e-0d7f-11f1-9207-eeaa766865b8'
2026-02-19T10:44:28.0392614Z     'User-Agent': 'azsdk-python-azuremonitorclient/unknown Python/3.11.14 (Linux-6.6.119.3-1.azl3-x86_64-with-glibc2.31)'
2026-02-19T10:44:28.0392682Z A body is sent with the request
2026-02-19T10:44:28.1209903Z 2026-02-19 10:44:28,120 - azure.core.pipeline.policies.http_logging_policy - INFO - Response status: 200
2026-02-19T10:44:28.1210274Z Response headers:
2026-02-19T10:44:28.1210300Z     'Transfer-Encoding': 'chunked'
2026-02-19T10:44:28.1210320Z     'Content-Type': 'application/json; charset=utf-8'
2026-02-19T10:44:28.1210337Z     'Server': 'Microsoft-HTTPAPI/2.0'
2026-02-19T10:44:28.1210358Z     'Strict-Transport-Security': 'REDACTED'
2026-02-19T10:44:28.1210376Z     'X-Content-Type-Options': 'REDACTED'
2026-02-19T10:44:28.1210403Z     'Date': 'Thu, 19 Feb 2026 10:44:28 GMT'
2026-02-19T10:44:28.1213510Z 2026-02-19 10:44:28,121 - azure.monitor.opentelemetry.exporter.export._base - INFO - Transmission succeeded: Item received: 3. Items accepted: 3
2026-02-19T10:44:31.2918714Z 2026-02-19 10:44:31,291 - azure.core.pipeline.policies.http_logging_policy - INFO - Request URL: 'https://westus2-2.in.applicationinsights.azure.com//v2.1/track'
2026-02-19T10:44:31.2919130Z Request method: 'POST'
2026-02-19T10:44:31.2919162Z Request headers:
2026-02-19T10:44:31.2919179Z     'Content-Type': 'application/json'
2026-02-19T10:44:31.2919200Z     'Content-Length': '3719'
2026-02-19T10:44:31.2919219Z     'Accept': 'application/json'
2026-02-19T10:44:31.2919238Z     'x-ms-client-request-id': 'f8e449a4-0d7f-11f1-99b0-eeaa766865b8'
2026-02-19T10:44:31.2919262Z     'User-Agent': 'azsdk-python-azuremonitorclient/unknown Python/3.11.14 (Linux-6.6.119.3-1.azl3-x86_64-with-glibc2.31)'
2026-02-19T10:44:31.2919284Z A body is sent with the request
2026-02-19T10:44:31.5017145Z 2026-02-19 10:44:31,501 - azure.core.pipeline.policies.http_logging_policy - INFO - Response status: 200
2026-02-19T10:44:31.5018132Z Response headers:
2026-02-19T10:44:31.5018178Z     'Transfer-Encoding': 'chunked'
2026-02-19T10:44:31.5018197Z     'Content-Type': 'application/json; charset=utf-8'
2026-02-19T10:44:31.5018214Z     'Server': 'Microsoft-HTTPAPI/2.0'
2026-02-19T10:44:31.5018232Z     'Strict-Transport-Security': 'REDACTED'
2026-02-19T10:44:31.5018251Z     'X-Content-Type-Options': 'REDACTED'
2026-02-19T10:44:31.5018270Z     'Date': 'Thu, 19 Feb 2026 10:44:30 GMT'
2026-02-19T10:44:31.5026957Z 2026-02-19 10:44:31,502 - azure.monitor.opentelemetry.exporter.export._base - INFO - Transmission succeeded: Item received: 3. Items accepted: 3
2026-02-19T10:44:33.1229242Z 2026-02-19 10:44:33,122 - azure.core.pipeline.policies.http_logging_policy - INFO - Request URL: 'https://westus2-2.in.applicationinsights.azure.com//v2.1/track'
2026-02-19T10:44:33.1229621Z Request method: 'POST'
2026-02-19T10:44:33.1229714Z Request headers:
2026-02-19T10:44:33.1229738Z     'Content-Type': 'application/json'
2026-02-19T10:44:33.1229757Z     'Content-Length': '3720'
2026-02-19T10:44:33.1229776Z     'Accept': 'application/json'
2026-02-19T10:44:33.1229798Z     'x-ms-client-request-id': 'f9fbb2aa-0d7f-11f1-9207-eeaa766865b8'
2026-02-19T10:44:33.1229825Z     'User-Agent': 'azsdk-python-azuremonitorclient/unknown Python/3.11.14 (Linux-6.6.119.3-1.azl3-x86_64-with-glibc2.31)'
2026-02-19T10:44:33.1229846Z A body is sent with the request
2026-02-19T10:44:33.2374792Z 2026-02-19 10:44:33,237 - azure.core.pipeline.policies.http_logging_policy - INFO - Response status: 200
2026-02-19T10:44:33.2375178Z Response headers:
2026-02-19T10:44:33.2375210Z     'Transfer-Encoding': 'chunked'
2026-02-19T10:44:33.2375232Z     'Content-Type': 'application/json; charset=utf-8'
2026-02-19T10:44:33.2375314Z     'Server': 'Microsoft-HTTPAPI/2.0'
2026-02-19T10:44:33.2375335Z     'Strict-Transport-Security': 'REDACTED'
2026-02-19T10:44:33.2375353Z     'X-Content-Type-Options': 'REDACTED'
2026-02-19T10:44:33.2375372Z     'Date': 'Thu, 19 Feb 2026 10:44:33 GMT'
2026-02-19T10:44:33.2380319Z 2026-02-19 10:44:33,237 - azure.monitor.opentelemetry.exporter.export._base - INFO - Transmission succeeded: Item received: 3. Items accepted: 3
2026-02-19T10:44:36.5044161Z 2026-02-19 10:44:36,504 - azure.core.pipeline.policies.http_logging_policy - INFO - Request URL: 'https://westus2-2.in.applicationinsights.azure.com//v2.1/track'
2026-02-19T10:44:36.5044700Z Request method: 'POST'
2026-02-19T10:44:36.5044729Z Request headers:
2026-02-19T10:44:36.5044753Z     'Content-Type': 'application/json'
2026-02-19T10:44:36.5044776Z     'Content-Length': '3720'
2026-02-19T10:44:36.5044859Z     'Accept': 'application/json'
2026-02-19T10:44:36.5044879Z     'x-ms-client-request-id': 'fbffa890-0d7f-11f1-99b0-eeaa766865b8'
2026-02-19T10:44:36.5044901Z     'User-Agent': 'azsdk-python-azuremonitorclient/unknown Python/3.11.14 (Linux-6.6.119.3-1.azl3-x86_64-with-glibc2.31)'
2026-02-19T10:44:36.5044920Z A body is sent with the request
2026-02-19T10:44:36.6349631Z 2026-02-19 10:44:36,634 - azure.core.pipeline.policies.http_logging_policy - INFO - Response status: 200
2026-02-19T10:44:36.6350024Z Response headers:
2026-02-19T10:44:36.6350056Z     'Transfer-Encoding': 'chunked'
2026-02-19T10:44:36.6350078Z     'Content-Type': 'application/json; charset=utf-8'
2026-02-19T10:44:36.6350096Z     'Server': 'Microsoft-HTTPAPI/2.0'
2026-02-19T10:44:36.6350115Z     'Strict-Transport-Security': 'REDACTED'
2026-02-19T10:44:36.6350193Z     'X-Content-Type-Options': 'REDACTED'
2026-02-19T10:44:36.6350211Z     'Date': 'Thu, 19 Feb 2026 10:44:35 GMT'
2026-02-19T10:44:36.6355050Z 2026-02-19 10:44:36,635 - azure.monitor.opentelemetry.exporter.export._base - INFO - Transmission succeeded: Item received: 3. Items accepted: 3
2026-02-19T10:44:38.2394029Z 2026-02-19 10:44:38,239 - azure.core.pipeline.policies.http_logging_policy - INFO - Request URL: 'https://westus2-2.in.applicationinsights.azure.com//v2.1/track'
2026-02-19T10:44:38.2394425Z Request method: 'POST'
2026-02-19T10:44:38.2394451Z Request headers:
2026-02-19T10:44:38.2394470Z     'Content-Type': 'application/json'
2026-02-19T10:44:38.2394495Z     'Content-Length': '3718'
2026-02-19T10:44:38.2394514Z     'Accept': 'application/json'
2026-02-19T10:44:38.2394534Z     'x-ms-client-request-id': 'fd0868f8-0d7f-11f1-9207-eeaa766865b8'
2026-02-19T10:44:38.2394612Z     'User-Agent': 'azsdk-python-azuremonitorclient/unknown Python/3.11.14 (Linux-6.6.119.3-1.azl3-x86_64-with-glibc2.31)'
2026-02-19T10:44:38.2394632Z A body is sent with the request
2026-02-19T10:44:38.3580783Z 2026-02-19 10:44:38,357 - azure.core.pipeline.policies.http_logging_policy - INFO - Response status: 200
2026-02-19T10:44:38.3581172Z Response headers:
2026-02-19T10:44:38.3581202Z     'Transfer-Encoding': 'chunked'
2026-02-19T10:44:38.3581230Z     'Content-Type': 'application/json; charset=utf-8'
2026-02-19T10:44:38.3581249Z     'Server': 'Microsoft-HTTPAPI/2.0'
2026-02-19T10:44:38.3581268Z     'Strict-Transport-Security': 'REDACTED'
2026-02-19T10:44:38.3581287Z     'X-Content-Type-Options': 'REDACTED'
2026-02-19T10:44:38.3581304Z     'Date': 'Thu, 19 Feb 2026 10:44:38 GMT'
2026-02-19T10:44:38.3586477Z 2026-02-19 10:44:38,358 - azure.monitor.opentelemetry.exporter.export._base - INFO - Transmission succeeded: Item received: 3. Items accepted: 3
2026-02-19T10:44:41.6370024Z 2026-02-19 10:44:41,636 - azure.core.pipeline.policies.http_logging_policy - INFO - Request URL: 'https://westus2-2.in.applicationinsights.azure.com//v2.1/track'
2026-02-19T10:44:41.6370443Z Request method: 'POST'
2026-02-19T10:44:41.6370471Z Request headers:
2026-02-19T10:44:41.6370505Z     'Content-Type': 'application/json'
2026-02-19T10:44:41.6370524Z     'Content-Length': '3719'
2026-02-19T10:44:41.6370545Z     'Accept': 'application/json'
2026-02-19T10:44:41.6370569Z     'x-ms-client-request-id': 'ff0ed614-0d7f-11f1-99b0-eeaa766865b8'
2026-02-19T10:44:41.6370597Z     'User-Agent': 'azsdk-python-azuremonitorclient/unknown Python/3.11.14 (Linux-6.6.119.3-1.azl3-x86_64-with-glibc2.31)'
2026-02-19T10:44:41.6370625Z A body is sent with the request
2026-02-19T10:44:41.7688334Z 2026-02-19 10:44:41,768 - azure.core.pipeline.policies.http_logging_policy - INFO - Response status: 200
2026-02-19T10:44:41.7688742Z Response headers:
2026-02-19T10:44:41.7688780Z     'Transfer-Encoding': 'chunked'
2026-02-19T10:44:41.7688805Z     'Content-Type': 'application/json; charset=utf-8'
2026-02-19T10:44:41.7688830Z     'Server': 'Microsoft-HTTPAPI/2.0'
2026-02-19T10:44:41.7688854Z     'Strict-Transport-Security': 'REDACTED'
2026-02-19T10:44:41.7688877Z     'X-Content-Type-Options': 'REDACTED'
2026-02-19T10:44:41.7688902Z     'Date': 'Thu, 19 Feb 2026 10:44:40 GMT'
2026-02-19T10:44:41.7695911Z 2026-02-19 10:44:41,769 - azure.monitor.opentelemetry.exporter.export._base - INFO - Transmission succeeded: Item received: 3. Items accepted: 3
2026-02-19T10:44:43.3620737Z 2026-02-19 10:44:43,361 - azure.core.pipeline.policies.http_logging_policy - INFO - Request URL: 'https://westus2-2.in.applicationinsights.azure.com//v2.1/track'
2026-02-19T10:44:43.3621175Z Request method: 'POST'
2026-02-19T10:44:43.3621202Z Request headers:
2026-02-19T10:44:43.3621223Z     'Content-Type': 'application/json'
2026-02-19T10:44:43.3621242Z     'Content-Length': '3720'
2026-02-19T10:44:43.3621261Z     'Accept': 'application/json'
2026-02-19T10:44:43.3621283Z     'x-ms-client-request-id': '00160564-0d80-11f1-9207-eeaa766865b8'
2026-02-19T10:44:43.3621307Z     'User-Agent': 'azsdk-python-azuremonitorclient/unknown Python/3.11.14 (Linux-6.6.119.3-1.azl3-x86_64-with-glibc2.31)'
2026-02-19T10:44:43.3621326Z A body is sent with the request
2026-02-19T10:44:43.4669601Z 2026-02-19 10:44:43,466 - azure.core.pipeline.policies.http_logging_policy - INFO - Response status: 200
2026-02-19T10:44:43.4669973Z Response headers:
2026-02-19T10:44:43.4670000Z     'Transfer-Encoding': 'chunked'
2026-02-19T10:44:43.4670082Z     'Content-Type': 'application/json; charset=utf-8'
2026-02-19T10:44:43.4670101Z     'Server': 'Microsoft-HTTPAPI/2.0'
2026-02-19T10:44:43.4670120Z     'Strict-Transport-Security': 'REDACTED'
2026-02-19T10:44:43.4670137Z     'X-Content-Type-Options': 'REDACTED'
2026-02-19T10:44:43.4670156Z     'Date': 'Thu, 19 Feb 2026 10:44:43 GMT'
2026-02-19T10:44:43.4675283Z 2026-02-19 10:44:43,467 - azure.monitor.opentelemetry.exporter.export._base - INFO - Transmission succeeded: Item received: 3. Items accepted: 3
2026-02-19T10:44:46.7717494Z 2026-02-19 10:44:46,771 - azure.core.pipeline.policies.http_logging_policy - INFO - Request URL: 'https://westus2-2.in.applicationinsights.azure.com//v2.1/track'
2026-02-19T10:44:46.7717885Z Request method: 'POST'
2026-02-19T10:44:46.7717916Z Request headers:
2026-02-19T10:44:46.7717993Z     'Content-Type': 'application/json'
2026-02-19T10:44:46.7718016Z     'Content-Length': '3720'
2026-02-19T10:44:46.7718037Z     'Accept': 'application/json'
2026-02-19T10:44:46.7718059Z     'x-ms-client-request-id': '021e5640-0d80-11f1-99b0-eeaa766865b8'
2026-02-19T10:44:46.7718084Z     'User-Agent': 'azsdk-python-azuremonitorclient/unknown Python/3.11.14 (Linux-6.6.119.3-1.azl3-x86_64-with-glibc2.31)'
2026-02-19T10:44:46.7718103Z A body is sent with the request
2026-02-19T10:44:46.8703505Z 2026-02-19 10:44:46,870 - azure.core.pipeline.policies.http_logging_policy - INFO - Response status: 200
2026-02-19T10:44:46.8704199Z Response headers:
2026-02-19T10:44:46.8704236Z     'Transfer-Encoding': 'chunked'
2026-02-19T10:44:46.8704257Z     'Content-Type': 'application/json; charset=utf-8'
2026-02-19T10:44:46.8704276Z     'Server': 'Microsoft-HTTPAPI/2.0'
2026-02-19T10:44:46.8704347Z     'Strict-Transport-Security': 'REDACTED'
2026-02-19T10:44:46.8704367Z     'X-Content-Type-Options': 'REDACTED'
2026-02-19T10:44:46.8704385Z     'Date': 'Thu, 19 Feb 2026 10:44:46 GMT'
2026-02-19T10:44:46.8708899Z 2026-02-19 10:44:46,870 - azure.monitor.opentelemetry.exporter.export._base - INFO - Transmission succeeded: Item received: 3. Items accepted: 3
2026-02-19T10:44:48.4689256Z 2026-02-19 10:44:48,468 - azure.core.pipeline.policies.http_logging_policy - INFO - Request URL: 'https://westus2-2.in.applicationinsights.azure.com//v2.1/track'
2026-02-19T10:44:48.4689631Z Request method: 'POST'
2026-02-19T10:44:48.4689659Z Request headers:
2026-02-19T10:44:48.4689684Z     'Content-Type': 'application/json'
2026-02-19T10:44:48.4689703Z     'Content-Length': '3720'
2026-02-19T10:44:48.4689721Z     'Accept': 'application/json'
2026-02-19T10:44:48.4689812Z     'x-ms-client-request-id': '03215114-0d80-11f1-9207-eeaa766865b8'
2026-02-19T10:44:48.4689839Z     'User-Agent': 'azsdk-python-azuremonitorclient/unknown Python/3.11.14 (Linux-6.6.119.3-1.azl3-x86_64-with-glibc2.31)'
2026-02-19T10:44:48.4689857Z A body is sent with the request
2026-02-19T10:44:48.7357712Z 2026-02-19 10:44:48,735 - azure.core.pipeline.policies.http_logging_policy - INFO - Response status: 200
2026-02-19T10:44:48.7358075Z Response headers:
2026-02-19T10:44:48.7358103Z     'Transfer-Encoding': 'chunked'
2026-02-19T10:44:48.7358125Z     'Content-Type': 'application/json; charset=utf-8'
2026-02-19T10:44:48.7358151Z     'Server': 'Microsoft-HTTPAPI/2.0'
2026-02-19T10:44:48.7358171Z     'Strict-Transport-Security': 'REDACTED'
2026-02-19T10:44:48.7358191Z     'X-Content-Type-Options': 'REDACTED'
2026-02-19T10:44:48.7358209Z     'Date': 'Thu, 19 Feb 2026 10:44:48 GMT'
2026-02-19T10:44:48.7363697Z 2026-02-19 10:44:48,736 - azure.monitor.opentelemetry.exporter.export._base - INFO - Transmission succeeded: Item received: 3. Items accepted: 3
2026-02-19T10:44:51.8726314Z 2026-02-19 10:44:51,872 - azure.core.pipeline.policies.http_logging_policy - INFO - Request URL: 'https://westus2-2.in.applicationinsights.azure.com//v2.1/track'
2026-02-19T10:44:51.8726718Z Request method: 'POST'
2026-02-19T10:44:51.8726752Z Request headers:
2026-02-19T10:44:51.8726780Z     'Content-Type': 'application/json'
2026-02-19T10:44:51.8726804Z     'Content-Length': '3719'
2026-02-19T10:44:51.8726826Z     'Accept': 'application/json'
2026-02-19T10:44:51.8726849Z     'x-ms-client-request-id': '0528ae08-0d80-11f1-99b0-eeaa766865b8'
2026-02-19T10:44:51.8726873Z     'User-Agent': 'azsdk-python-azuremonitorclient/unknown Python/3.11.14 (Linux-6.6.119.3-1.azl3-x86_64-with-glibc2.31)'
2026-02-19T10:44:51.8726964Z A body is sent with the request
2026-02-19T10:44:52.0406666Z 2026-02-19 10:44:52,040 - azure.core.pipeline.policies.http_logging_policy - INFO - Response status: 200
2026-02-19T10:44:52.0407024Z Response headers:
2026-02-19T10:44:52.0407055Z     'Transfer-Encoding': 'chunked'
2026-02-19T10:44:52.0407074Z     'Content-Type': 'application/json; charset=utf-8'
2026-02-19T10:44:52.0407094Z     'Server': 'Microsoft-HTTPAPI/2.0'
2026-02-19T10:44:52.0407115Z     'Strict-Transport-Security': 'REDACTED'
2026-02-19T10:44:52.0407133Z     'X-Content-Type-Options': 'REDACTED'
2026-02-19T10:44:52.0407150Z     'Date': 'Thu, 19 Feb 2026 10:44:51 GMT'
2026-02-19T10:44:52.0413593Z 2026-02-19 10:44:52,040 - azure.monitor.opentelemetry.exporter.export._base - INFO - Transmission succeeded: Item received: 3. Items accepted: 3
2026-02-19T10:44:53.7377513Z 2026-02-19 10:44:53,737 - azure.core.pipeline.policies.http_logging_policy - INFO - Request URL: 'https://westus2-2.in.applicationinsights.azure.com//v2.1/track'
2026-02-19T10:44:53.7377902Z Request method: 'POST'
2026-02-19T10:44:53.7377929Z Request headers:
2026-02-19T10:44:53.7377950Z     'Content-Type': 'application/json'
2026-02-19T10:44:53.7377969Z     'Content-Length': '3719'
2026-02-19T10:44:53.7377994Z     'Accept': 'application/json'
2026-02-19T10:44:53.7378016Z     'x-ms-client-request-id': '0645462a-0d80-11f1-9207-eeaa766865b8'
2026-02-19T10:44:53.7378037Z     'User-Agent': 'azsdk-python-azuremonitorclient/unknown Python/3.11.14 (Linux-6.6.119.3-1.azl3-x86_64-with-glibc2.31)'
2026-02-19T10:44:53.7378054Z A body is sent with the request
2026-02-19T10:44:53.8678279Z 2026-02-19 10:44:53,867 - azure.core.pipeline.policies.http_logging_policy - INFO - Response status: 200
2026-02-19T10:44:53.8678646Z Response headers:
2026-02-19T10:44:53.8678672Z     'Transfer-Encoding': 'chunked'
2026-02-19T10:44:53.8678693Z     'Content-Type': 'application/json; charset=utf-8'
2026-02-19T10:44:53.8678712Z     'Server': 'Microsoft-HTTPAPI/2.0'
2026-02-19T10:44:53.8678730Z     'Strict-Transport-Security': 'REDACTED'
2026-02-19T10:44:53.8678750Z     'X-Content-Type-Options': 'REDACTED'
2026-02-19T10:44:53.8678773Z     'Date': 'Thu, 19 Feb 2026 10:44:53 GMT'
2026-02-19T10:44:53.8685261Z 2026-02-19 10:44:53,868 - azure.monitor.opentelemetry.exporter.export._base - INFO - Transmission succeeded: Item received: 3. Items accepted: 3
2026-02-19T10:44:57.0427976Z 2026-02-19 10:44:57,042 - azure.core.pipeline.policies.http_logging_policy - INFO - Request URL: 'https://westus2-2.in.applicationinsights.azure.com//v2.1/track'
2026-02-19T10:44:57.0428851Z Request method: 'POST'
2026-02-19T10:44:57.0428949Z Request headers:
2026-02-19T10:44:57.0428971Z     'Content-Type': 'application/json'
2026-02-19T10:44:57.0428990Z     'Content-Length': '3719'
2026-02-19T10:44:57.0429007Z     'Accept': 'application/json'
2026-02-19T10:44:57.0429028Z     'x-ms-client-request-id': '083d94c8-0d80-11f1-99b0-eeaa766865b8'
2026-02-19T10:44:57.0429053Z     'User-Agent': 'azsdk-python-azuremonitorclient/unknown Python/3.11.14 (Linux-6.6.119.3-1.azl3-x86_64-with-glibc2.31)'
2026-02-19T10:44:57.0429075Z A body is sent with the request
2026-02-19T10:44:57.1429726Z 2026-02-19 10:44:57,142 - azure.core.pipeline.policies.http_logging_policy - INFO - Response status: 200
2026-02-19T10:44:57.1430343Z Response headers:
2026-02-19T10:44:57.1430378Z     'Transfer-Encoding': 'chunked'
2026-02-19T10:44:57.1430402Z     'Content-Type': 'application/json; charset=utf-8'
2026-02-19T10:44:57.1430489Z     'Server': 'Microsoft-HTTPAPI/2.0'
2026-02-19T10:44:57.1430515Z     'Strict-Transport-Security': 'REDACTED'
2026-02-19T10:44:57.1430539Z     'X-Content-Type-Options': 'REDACTED'
2026-02-19T10:44:57.1430561Z     'Date': 'Thu, 19 Feb 2026 10:44:56 GMT'
2026-02-19T10:44:57.1435875Z 2026-02-19 10:44:57,143 - azure.monitor.opentelemetry.exporter.export._base - INFO - Transmission succeeded: Item received: 3. Items accepted: 3
2026-02-19T10:44:58.8699488Z 2026-02-19 10:44:58,869 - azure.core.pipeline.policies.http_logging_policy - INFO - Request URL: 'https://westus2-2.in.applicationinsights.azure.com//v2.1/track'
2026-02-19T10:44:58.8700017Z Request method: 'POST'
2026-02-19T10:44:58.8700045Z Request headers:
2026-02-19T10:44:58.8700066Z     'Content-Type': 'application/json'
2026-02-19T10:44:58.8700085Z     'Content-Length': '3719'
2026-02-19T10:44:58.8700157Z     'Accept': 'application/json'
2026-02-19T10:44:58.8700175Z     'x-ms-client-request-id': '095462d8-0d80-11f1-9207-eeaa766865b8'
2026-02-19T10:44:58.8700194Z     'User-Agent': 'azsdk-python-azuremonitorclient/unknown Python/3.11.14 (Linux-6.6.119.3-1.azl3-x86_64-with-glibc2.31)'
2026-02-19T10:44:58.8700211Z A body is sent with the request
2026-02-19T10:44:58.9358624Z 2026-02-19 10:44:58,935 - azure.core.pipeline.policies.http_logging_policy - INFO - Response status: 200
2026-02-19T10:44:58.9359014Z Response headers:
2026-02-19T10:44:58.9359045Z     'Transfer-Encoding': 'chunked'
2026-02-19T10:44:58.9359067Z     'Content-Type': 'application/json; charset=utf-8'
2026-02-19T10:44:58.9359085Z     'Server': 'Microsoft-HTTPAPI/2.0'
2026-02-19T10:44:58.9359104Z     'Strict-Transport-Security': 'REDACTED'
2026-02-19T10:44:58.9359172Z     'X-Content-Type-Options': 'REDACTED'
2026-02-19T10:44:58.9359190Z     'Date': 'Thu, 19 Feb 2026 10:44:58 GMT'
2026-02-19T10:44:58.9364332Z 2026-02-19 10:44:58,936 - azure.monitor.opentelemetry.exporter.export._base - INFO - Transmission succeeded: Item received: 3. Items accepted: 3
2026-02-19T10:45:02.1452583Z 2026-02-19 10:45:02,145 - azure.core.pipeline.policies.http_logging_policy - INFO - Request URL: 'https://westus2-2.in.applicationinsights.azure.com//v2.1/track'
2026-02-19T10:45:02.1453109Z Request method: 'POST'
2026-02-19T10:45:02.1453141Z Request headers:
2026-02-19T10:45:02.1453231Z     'Content-Type': 'application/json'
2026-02-19T10:45:02.1453254Z     'Content-Length': '3720'
2026-02-19T10:45:02.1453275Z     'Accept': 'application/json'
2026-02-19T10:45:02.1453299Z     'x-ms-client-request-id': '0b4827c8-0d80-11f1-99b0-eeaa766865b8'
2026-02-19T10:45:02.1453325Z     'User-Agent': 'azsdk-python-azuremonitorclient/unknown Python/3.11.14 (Linux-6.6.119.3-1.azl3-x86_64-with-glibc2.31)'
2026-02-19T10:45:02.1453347Z A body is sent with the request
2026-02-19T10:45:02.2804358Z 2026-02-19 10:45:02,280 - azure.core.pipeline.policies.http_logging_policy - INFO - Response status: 200
2026-02-19T10:45:02.2804749Z Response headers:
2026-02-19T10:45:02.2804778Z     'Transfer-Encoding': 'chunked'
2026-02-19T10:45:02.2804799Z     'Content-Type': 'application/json; charset=utf-8'
2026-02-19T10:45:02.2804883Z     'Server': 'Microsoft-HTTPAPI/2.0'
2026-02-19T10:45:02.2804903Z     'Strict-Transport-Security': 'REDACTED'
2026-02-19T10:45:02.2804921Z     'X-Content-Type-Options': 'REDACTED'
2026-02-19T10:45:02.2804938Z     'Date': 'Thu, 19 Feb 2026 10:45:01 GMT'
2026-02-19T10:45:02.2810997Z 2026-02-19 10:45:02,280 - azure.monitor.opentelemetry.exporter.export._base - INFO - Transmission succeeded: Item received: 3. Items accepted: 3
2026-02-19T10:45:03.9386878Z 2026-02-19 10:45:03,938 - azure.core.pipeline.policies.http_logging_policy - INFO - Request URL: 'https://westus2-2.in.applicationinsights.azure.com//v2.1/track'
2026-02-19T10:45:03.9387282Z Request method: 'POST'
2026-02-19T10:45:03.9387309Z Request headers:
2026-02-19T10:45:03.9387334Z     'Content-Type': 'application/json'
2026-02-19T10:45:03.9387353Z     'Content-Length': '3720'
2026-02-19T10:45:03.9387434Z     'Accept': 'application/json'
2026-02-19T10:45:03.9387458Z     'x-ms-client-request-id': '0c59c3ba-0d80-11f1-9207-eeaa766865b8'
2026-02-19T10:45:03.9387481Z     'User-Agent': 'azsdk-python-azuremonitorclient/unknown Python/3.11.14 (Linux-6.6.119.3-1.azl3-x86_64-with-glibc2.31)'
2026-02-19T10:45:03.9387501Z A body is sent with the request
2026-02-19T10:45:04.0741898Z 2026-02-19 10:45:04,073 - azure.core.pipeline.policies.http_logging_policy - INFO - Response status: 200
2026-02-19T10:45:04.0742280Z Response headers:
2026-02-19T10:45:04.0742310Z     'Transfer-Encoding': 'chunked'
2026-02-19T10:45:04.0742329Z     'Content-Type': 'application/json; charset=utf-8'
2026-02-19T10:45:04.0742355Z     'Server': 'Microsoft-HTTPAPI/2.0'
2026-02-19T10:45:04.0742374Z     'Strict-Transport-Security': 'REDACTED'
2026-02-19T10:45:04.0742394Z     'X-Content-Type-Options': 'REDACTED'
2026-02-19T10:45:04.0742470Z     'Date': 'Thu, 19 Feb 2026 10:45:03 GMT'
2026-02-19T10:45:04.0747608Z 2026-02-19 10:45:04,074 - azure.monitor.opentelemetry.exporter.export._base - INFO - Transmission succeeded: Item received: 3. Items accepted: 3
2026-02-19T10:45:07.2823545Z 2026-02-19 10:45:07,282 - azure.core.pipeline.policies.http_logging_policy - INFO - Request URL: 'https://westus2-2.in.applicationinsights.azure.com//v2.1/track'
2026-02-19T10:45:07.2824100Z Request method: 'POST'
2026-02-19T10:45:07.2824142Z Request headers:
2026-02-19T10:45:07.2824161Z     'Content-Type': 'application/json'
2026-02-19T10:45:07.2824180Z     'Content-Length': '3720'
2026-02-19T10:45:07.2824202Z     'Accept': 'application/json'
2026-02-19T10:45:07.2824221Z     'x-ms-client-request-id': '0e58038e-0d80-11f1-99b0-eeaa766865b8'
2026-02-19T10:45:07.2824244Z     'User-Agent': 'azsdk-python-azuremonitorclient/unknown Python/3.11.14 (Linux-6.6.119.3-1.azl3-x86_64-with-glibc2.31)'
2026-02-19T10:45:07.2824338Z A body is sent with the request
2026-02-19T10:45:07.5044042Z 2026-02-19 10:45:07,504 - azure.core.pipeline.policies.http_logging_policy - INFO - Response status: 200
2026-02-19T10:45:07.5044432Z Response headers:
2026-02-19T10:45:07.5044464Z     'Transfer-Encoding': 'chunked'
2026-02-19T10:45:07.5044491Z     'Content-Type': 'application/json; charset=utf-8'
2026-02-19T10:45:07.5044511Z     'Server': 'Microsoft-HTTPAPI/2.0'
2026-02-19T10:45:07.5044534Z     'Strict-Transport-Security': 'REDACTED'
2026-02-19T10:45:07.5044555Z     'X-Content-Type-Options': 'REDACTED'
2026-02-19T10:45:07.5044571Z     'Date': 'Thu, 19 Feb 2026 10:45:06 GMT'
2026-02-19T10:45:07.5047670Z 2026-02-19 10:45:07,504 - azure.monitor.opentelemetry.exporter.export._base - INFO - Transmission succeeded: Item received: 3. Items accepted: 3
2026-02-19T10:45:09.0762297Z 2026-02-19 10:45:09,076 - azure.core.pipeline.policies.http_logging_policy - INFO - Request URL: 'https://westus2-2.in.applicationinsights.azure.com//v2.1/track'
2026-02-19T10:45:09.0762826Z Request method: 'POST'
2026-02-19T10:45:09.0762852Z Request headers:
2026-02-19T10:45:09.0762869Z     'Content-Type': 'application/json'
2026-02-19T10:45:09.0762885Z     'Content-Length': '3720'
2026-02-19T10:45:09.0762902Z     'Accept': 'application/json'
2026-02-19T10:45:09.0762926Z     'x-ms-client-request-id': '0f69be34-0d80-11f1-9207-eeaa766865b8'
2026-02-19T10:45:09.0762949Z     'User-Agent': 'azsdk-python-azuremonitorclient/unknown Python/3.11.14 (Linux-6.6.119.3-1.azl3-x86_64-with-glibc2.31)'
2026-02-19T10:45:09.0762969Z A body is sent with the request
2026-02-19T10:45:09.1583811Z 2026-02-19 10:45:09,158 - azure.core.pipeline.policies.http_logging_policy - INFO - Response status: 200
2026-02-19T10:45:09.1584261Z Response headers:
2026-02-19T10:45:09.1584285Z     'Transfer-Encoding': 'chunked'
2026-02-19T10:45:09.1584304Z     'Content-Type': 'application/json; charset=utf-8'
2026-02-19T10:45:09.1584323Z     'Server': 'Microsoft-HTTPAPI/2.0'
2026-02-19T10:45:09.1584341Z     'Strict-Transport-Security': 'REDACTED'
2026-02-19T10:45:09.1584359Z     'X-Content-Type-Options': 'REDACTED'
2026-02-19T10:45:09.1584378Z     'Date': 'Thu, 19 Feb 2026 10:45:08 GMT'
2026-02-19T10:45:09.1589972Z 2026-02-19 10:45:09,158 - azure.monitor.opentelemetry.exporter.export._base - INFO - Transmission succeeded: Item received: 3. Items accepted: 3
2026-02-19T10:45:12.5071522Z 2026-02-19 10:45:12,506 - azure.core.pipeline.policies.http_logging_policy - INFO - Request URL: 'https://westus2-2.in.applicationinsights.azure.com//v2.1/track'
2026-02-19T10:45:12.5071874Z Request method: 'POST'
2026-02-19T10:45:12.5071960Z Request headers:
2026-02-19T10:45:12.5071979Z     'Content-Type': 'application/json'
2026-02-19T10:45:12.5071997Z     'Content-Length': '3720'
2026-02-19T10:45:12.5072014Z     'Accept': 'application/json'
2026-02-19T10:45:12.5072033Z     'x-ms-client-request-id': '11753ed8-0d80-11f1-99b0-eeaa766865b8'
2026-02-19T10:45:12.5072055Z     'User-Agent': 'azsdk-python-azuremonitorclient/unknown Python/3.11.14 (Linux-6.6.119.3-1.azl3-x86_64-with-glibc2.31)'
2026-02-19T10:45:12.5072072Z A body is sent with the request
2026-02-19T10:45:12.5433370Z 2026-02-19 10:45:12,542 - azure.core.pipeline.policies.http_logging_policy - INFO - Response status: 200
2026-02-19T10:45:12.5433760Z Response headers:
2026-02-19T10:45:12.5433801Z     'Transfer-Encoding': 'chunked'
2026-02-19T10:45:12.5433884Z     'Content-Type': 'application/json; charset=utf-8'
2026-02-19T10:45:12.5433904Z     'Server': 'Microsoft-HTTPAPI/2.0'
2026-02-19T10:45:12.5433922Z     'Strict-Transport-Security': 'REDACTED'
2026-02-19T10:45:12.5433942Z     'X-Content-Type-Options': 'REDACTED'
2026-02-19T10:45:12.5433959Z     'Date': 'Thu, 19 Feb 2026 10:45:11 GMT'
2026-02-19T10:45:12.5443338Z 2026-02-19 10:45:12,543 - azure.monitor.opentelemetry.exporter.export._base - INFO - Transmission succeeded: Item received: 3. Items accepted: 3
2026-02-19T10:45:14.1617538Z 2026-02-19 10:45:14,161 - azure.core.pipeline.policies.http_logging_policy - INFO - Request URL: 'https://westus2-2.in.applicationinsights.azure.com//v2.1/track'
2026-02-19T10:45:14.1617943Z Request method: 'POST'
2026-02-19T10:45:14.1617977Z Request headers:
2026-02-19T10:45:14.1617998Z     'Content-Type': 'application/json'
2026-02-19T10:45:14.1618086Z     'Content-Length': '3720'
2026-02-19T10:45:14.1618107Z     'Accept': 'application/json'
2026-02-19T10:45:14.1618131Z     'x-ms-client-request-id': '1271a3b2-0d80-11f1-9207-eeaa766865b8'
2026-02-19T10:45:14.1618153Z     'User-Agent': 'azsdk-python-azuremonitorclient/unknown Python/3.11.14 (Linux-6.6.119.3-1.azl3-x86_64-with-glibc2.31)'
2026-02-19T10:45:14.1618173Z A body is sent with the request
2026-02-19T10:45:14.5921691Z 2026-02-19 10:45:14,591 - azure.core.pipeline.policies.http_logging_policy - INFO - Response status: 200
2026-02-19T10:45:14.5922101Z Response headers:
2026-02-19T10:45:14.5922135Z     'Transfer-Encoding': 'chunked'
2026-02-19T10:45:14.5922157Z     'Content-Type': 'application/json; charset=utf-8'
2026-02-19T10:45:14.5922179Z     'Server': 'Microsoft-HTTPAPI/2.0'
2026-02-19T10:45:14.5922203Z     'Strict-Transport-Security': 'REDACTED'
2026-02-19T10:45:14.5922283Z     'X-Content-Type-Options': 'REDACTED'
2026-02-19T10:45:14.5922306Z     'Date': 'Thu, 19 Feb 2026 10:45:13 GMT'
2026-02-19T10:45:14.5928299Z 2026-02-19 10:45:14,592 - azure.monitor.opentelemetry.exporter.export._base - INFO - Transmission succeeded: Item received: 3. Items accepted: 3
2026-02-19T10:45:17.5454210Z 2026-02-19 10:45:17,545 - azure.core.pipeline.policies.http_logging_policy - INFO - Request URL: 'https://westus2-2.in.applicationinsights.azure.com//v2.1/track'
2026-02-19T10:45:17.5454625Z Request method: 'POST'
2026-02-19T10:45:17.5454653Z Request headers:
2026-02-19T10:45:17.5454672Z     'Content-Type': 'application/json'
2026-02-19T10:45:17.5454691Z     'Content-Length': '3720'
2026-02-19T10:45:17.5454710Z     'Accept': 'application/json'
2026-02-19T10:45:17.5454734Z     'x-ms-client-request-id': '147608e2-0d80-11f1-99b0-eeaa766865b8'
2026-02-19T10:45:17.5454821Z     'User-Agent': 'azsdk-python-azuremonitorclient/unknown Python/3.11.14 (Linux-6.6.119.3-1.azl3-x86_64-with-glibc2.31)'
2026-02-19T10:45:17.5454842Z A body is sent with the request
2026-02-19T10:45:17.6452629Z 2026-02-19 10:45:17,645 - azure.core.pipeline.policies.http_logging_policy - INFO - Response status: 200
2026-02-19T10:45:17.6453256Z Response headers:
2026-02-19T10:45:17.6453287Z     'Transfer-Encoding': 'chunked'
2026-02-19T10:45:17.6453311Z     'Content-Type': 'application/json; charset=utf-8'
2026-02-19T10:45:17.6453333Z     'Server': 'Microsoft-HTTPAPI/2.0'
2026-02-19T10:45:17.6453355Z     'Strict-Transport-Security': 'REDACTED'
2026-02-19T10:45:17.6453383Z     'X-Content-Type-Options': 'REDACTED'
2026-02-19T10:45:17.6453405Z     'Date': 'Thu, 19 Feb 2026 10:45:17 GMT'
2026-02-19T10:45:17.6460072Z 2026-02-19 10:45:17,645 - azure.monitor.opentelemetry.exporter.export._base - INFO - Transmission succeeded: Item received: 3. Items accepted: 3
2026-02-19T10:45:19.5943357Z 2026-02-19 10:45:19,594 - azure.core.pipeline.policies.http_logging_policy - INFO - Request URL: 'https://westus2-2.in.applicationinsights.azure.com//v2.1/track'
2026-02-19T10:45:19.5943887Z Request method: 'POST'
2026-02-19T10:45:19.5943915Z Request headers:
2026-02-19T10:45:19.5943935Z     'Content-Type': 'application/json'
2026-02-19T10:45:19.5943955Z     'Content-Length': '3720'
2026-02-19T10:45:19.5943976Z     'Accept': 'application/json'
2026-02-19T10:45:19.5944000Z     'x-ms-client-request-id': '15aeac96-0d80-11f1-9207-eeaa766865b8'
2026-02-19T10:45:19.5944029Z     'User-Agent': 'azsdk-python-azuremonitorclient/unknown Python/3.11.14 (Linux-6.6.119.3-1.azl3-x86_64-with-glibc2.31)'
2026-02-19T10:45:19.5944050Z A body is sent with the request
2026-02-19T10:45:19.6646885Z 2026-02-19 10:45:19,664 - azure.core.pipeline.policies.http_logging_policy - INFO - Response status: 200
2026-02-19T10:45:19.6647273Z Response headers:
2026-02-19T10:45:19.6647304Z     'Transfer-Encoding': 'chunked'
2026-02-19T10:45:19.6647325Z     'Content-Type': 'application/json; charset=utf-8'
2026-02-19T10:45:19.6647342Z     'Server': 'Microsoft-HTTPAPI/2.0'
2026-02-19T10:45:19.6647360Z     'Strict-Transport-Security': 'REDACTED'
2026-02-19T10:45:19.6647379Z     'X-Content-Type-Options': 'REDACTED'
2026-02-19T10:45:19.6647398Z     'Date': 'Thu, 19 Feb 2026 10:45:18 GMT'
2026-02-19T10:45:19.6652537Z 2026-02-19 10:45:19,664 - azure.monitor.opentelemetry.exporter.export._base - INFO - Transmission succeeded: Item received: 3. Items accepted: 3
2026-02-19T10:45:22.6473789Z 2026-02-19 10:45:22,647 - azure.core.pipeline.policies.http_logging_policy - INFO - Request URL: 'https://westus2-2.in.applicationinsights.azure.com//v2.1/track'
2026-02-19T10:45:22.6474469Z Request method: 'POST'
2026-02-19T10:45:22.6474497Z Request headers:
2026-02-19T10:45:22.6474517Z     'Content-Type': 'application/json'
2026-02-19T10:45:22.6474535Z     'Content-Length': '3720'
2026-02-19T10:45:22.6474552Z     'Accept': 'application/json'
2026-02-19T10:45:22.6474572Z     'x-ms-client-request-id': '17808652-0d80-11f1-99b0-eeaa766865b8'
2026-02-19T10:45:22.6474595Z     'User-Agent': 'azsdk-python-azuremonitorclient/unknown Python/3.11.14 (Linux-6.6.119.3-1.azl3-x86_64-with-glibc2.31)'
2026-02-19T10:45:22.6474616Z A body is sent with the request
2026-02-19T10:45:22.7495488Z 2026-02-19 10:45:22,748 - azure.core.pipeline.policies.http_logging_policy - INFO - Response status: 200
2026-02-19T10:45:22.7496020Z Response headers:
2026-02-19T10:45:22.7496138Z     'Transfer-Encoding': 'chunked'
2026-02-19T10:45:22.7496160Z     'Content-Type': 'application/json; charset=utf-8'
2026-02-19T10:45:22.7496181Z     'Server': 'Microsoft-HTTPAPI/2.0'
2026-02-19T10:45:22.7496198Z     'Strict-Transport-Security': 'REDACTED'
2026-02-19T10:45:22.7496216Z     'X-Content-Type-Options': 'REDACTED'
2026-02-19T10:45:22.7496233Z     'Date': 'Thu, 19 Feb 2026 10:45:22 GMT'
2026-02-19T10:45:22.7510326Z 2026-02-19 10:45:22,750 - azure.monitor.opentelemetry.exporter.export._base - INFO - Transmission succeeded: Item received: 3. Items accepted: 3
2026-02-19T10:45:24.6666475Z 2026-02-19 10:45:24,666 - azure.core.pipeline.policies.http_logging_policy - INFO - Request URL: 'https://westus2-2.in.applicationinsights.azure.com//v2.1/track'
2026-02-19T10:45:24.6666767Z Request method: 'POST'
2026-02-19T10:45:24.6666793Z Request headers:
2026-02-19T10:45:24.6666867Z     'Content-Type': 'application/json'
2026-02-19T10:45:24.6666886Z     'Content-Length': '3720'
2026-02-19T10:45:24.6666906Z     'Accept': 'application/json'
2026-02-19T10:45:24.6666926Z     'x-ms-client-request-id': '18b4a6ca-0d80-11f1-9207-eeaa766865b8'
2026-02-19T10:45:24.6666949Z     'User-Agent': 'azsdk-python-azuremonitorclient/unknown Python/3.11.14 (Linux-6.6.119.3-1.azl3-x86_64-with-glibc2.31)'
2026-02-19T10:45:24.6666967Z A body is sent with the request
2026-02-19T10:45:24.7492934Z 2026-02-19 10:45:24,749 - azure.core.pipeline.policies.http_logging_policy - INFO - Response status: 200
2026-02-19T10:45:24.7493322Z Response headers:
2026-02-19T10:45:24.7493359Z     'Transfer-Encoding': 'chunked'
2026-02-19T10:45:24.7493379Z     'Content-Type': 'application/json; charset=utf-8'
2026-02-19T10:45:24.7493462Z     'Server': 'Microsoft-HTTPAPI/2.0'
2026-02-19T10:45:24.7493484Z     'Strict-Transport-Security': 'REDACTED'
2026-02-19T10:45:24.7493502Z     'X-Content-Type-Options': 'REDACTED'
2026-02-19T10:45:24.7493521Z     'Date': 'Thu, 19 Feb 2026 10:45:23 GMT'
2026-02-19T10:45:24.7501043Z 2026-02-19 10:45:24,749 - azure.monitor.opentelemetry.exporter.export._base - INFO - Transmission succeeded: Item received: 3. Items accepted: 3
2026-02-19T10:45:27.7527901Z 2026-02-19 10:45:27,752 - azure.core.pipeline.policies.http_logging_policy - INFO - Request URL: 'https://westus2-2.in.applicationinsights.azure.com//v2.1/track'
2026-02-19T10:45:27.7528588Z Request method: 'POST'
2026-02-19T10:45:27.7528617Z Request headers:
2026-02-19T10:45:27.7528638Z     'Content-Type': 'application/json'
2026-02-19T10:45:27.7528657Z     'Content-Length': '3720'
2026-02-19T10:45:27.7528741Z     'Accept': 'application/json'
2026-02-19T10:45:27.7528766Z     'x-ms-client-request-id': '1a8b8dec-0d80-11f1-99b0-eeaa766865b8'
2026-02-19T10:45:27.7528790Z     'User-Agent': 'azsdk-python-azuremonitorclient/unknown Python/3.11.14 (Linux-6.6.119.3-1.azl3-x86_64-with-glibc2.31)'
2026-02-19T10:45:27.7528807Z A body is sent with the request
2026-02-19T10:45:27.8307437Z 2026-02-19 10:45:27,830 - azure.core.pipeline.policies.http_logging_policy - INFO - Response status: 200
2026-02-19T10:45:27.8307823Z Response headers:
2026-02-19T10:45:27.8307850Z     'Transfer-Encoding': 'chunked'
2026-02-19T10:45:27.8307875Z     'Content-Type': 'application/json; charset=utf-8'
2026-02-19T10:45:27.8307894Z     'Server': 'Microsoft-HTTPAPI/2.0'
2026-02-19T10:45:27.8307912Z     'Strict-Transport-Security': 'REDACTED'
2026-02-19T10:45:27.8307931Z     'X-Content-Type-Options': 'REDACTED'
2026-02-19T10:45:27.8308006Z     'Date': 'Thu, 19 Feb 2026 10:45:27 GMT'
2026-02-19T10:45:27.8314277Z 2026-02-19 10:45:27,830 - azure.monitor.opentelemetry.exporter.export._base - INFO - Transmission succeeded: Item received: 3. Items accepted: 3
2026-02-19T10:45:29.7519509Z 2026-02-19 10:45:29,751 - azure.core.pipeline.policies.http_logging_policy - INFO - Request URL: 'https://westus2-2.in.applicationinsights.azure.com//v2.1/track'
2026-02-19T10:45:29.7519940Z Request method: 'POST'
2026-02-19T10:45:29.7519967Z Request headers:
2026-02-19T10:45:29.7519987Z     'Content-Type': 'application/json'
2026-02-19T10:45:29.7520012Z     'Content-Length': '3720'
2026-02-19T10:45:29.7520031Z     'Accept': 'application/json'
2026-02-19T10:45:29.7520052Z     'x-ms-client-request-id': '1bbc91ca-0d80-11f1-9207-eeaa766865b8'
2026-02-19T10:45:29.7520134Z     'User-Agent': 'azsdk-python-azuremonitorclient/unknown Python/3.11.14 (Linux-6.6.119.3-1.azl3-x86_64-with-glibc2.31)'
2026-02-19T10:45:29.7520156Z A body is sent with the request
2026-02-19T10:45:29.9384672Z 2026-02-19 10:45:29,938 - azure.core.pipeline.policies.http_logging_policy - INFO - Response status: 200
2026-02-19T10:45:29.9385064Z Response headers:
2026-02-19T10:45:29.9385098Z     'Transfer-Encoding': 'chunked'
2026-02-19T10:45:29.9385121Z     'Content-Type': 'application/json; charset=utf-8'
2026-02-19T10:45:29.9385140Z     'Server': 'Microsoft-HTTPAPI/2.0'
2026-02-19T10:45:29.9385158Z     'Strict-Transport-Security': 'REDACTED'
2026-02-19T10:45:29.9385177Z     'X-Content-Type-Options': 'REDACTED'
2026-02-19T10:45:29.9385198Z     'Date': 'Thu, 19 Feb 2026 10:45:28 GMT'
2026-02-19T10:45:29.9390584Z 2026-02-19 10:45:29,938 - azure.monitor.opentelemetry.exporter.export._base - INFO - Transmission succeeded: Item received: 3. Items accepted: 3
2026-02-19T10:45:32.8333855Z 2026-02-19 10:45:32,832 - azure.core.pipeline.policies.http_logging_policy - INFO - Request URL: 'https://westus2-2.in.applicationinsights.azure.com//v2.1/track'
2026-02-19T10:45:32.8334372Z Request method: 'POST'
2026-02-19T10:45:32.8334403Z Request headers:
2026-02-19T10:45:32.8334431Z     'Content-Type': 'application/json'
2026-02-19T10:45:32.8334450Z     'Content-Length': '3719'
2026-02-19T10:45:32.8334467Z     'Accept': 'application/json'
2026-02-19T10:45:32.8334486Z     'x-ms-client-request-id': '1d92bc5e-0d80-11f1-99b0-eeaa766865b8'
2026-02-19T10:45:32.8334515Z     'User-Agent': 'azsdk-python-azuremonitorclient/unknown Python/3.11.14 (Linux-6.6.119.3-1.azl3-x86_64-with-glibc2.31)'
2026-02-19T10:45:32.8334536Z A body is sent with the request
2026-02-19T10:45:33.0174497Z 2026-02-19 10:45:33,017 - azure.core.pipeline.policies.http_logging_policy - INFO - Response status: 200
2026-02-19T10:45:33.0174902Z Response headers:
2026-02-19T10:45:33.0174928Z     'Transfer-Encoding': 'chunked'
2026-02-19T10:45:33.0174948Z     'Content-Type': 'application/json; charset=utf-8'
2026-02-19T10:45:33.0174968Z     'Server': 'Microsoft-HTTPAPI/2.0'
2026-02-19T10:45:33.0174985Z     'Strict-Transport-Security': 'REDACTED'
2026-02-19T10:45:33.0175004Z     'X-Content-Type-Options': 'REDACTED'
2026-02-19T10:45:33.0175023Z     'Date': 'Thu, 19 Feb 2026 10:45:32 GMT'
2026-02-19T10:45:33.0181034Z 2026-02-19 10:45:33,017 - azure.monitor.opentelemetry.exporter.export._base - INFO - Transmission succeeded: Item received: 3. Items accepted: 3
2026-02-19T10:45:34.9405382Z 2026-02-19 10:45:34,940 - azure.core.pipeline.policies.http_logging_policy - INFO - Request URL: 'https://westus2-2.in.applicationinsights.azure.com//v2.1/track'
2026-02-19T10:45:34.9405869Z Request method: 'POST'
2026-02-19T10:45:34.9405899Z Request headers:
2026-02-19T10:45:34.9405922Z     'Content-Type': 'application/json'
2026-02-19T10:45:34.9405941Z     'Content-Length': '3720'
2026-02-19T10:45:34.9405961Z     'Accept': 'application/json'
2026-02-19T10:45:34.9405982Z     'x-ms-client-request-id': '1ed45172-0d80-11f1-9207-eeaa766865b8'
2026-02-19T10:45:34.9406003Z     'User-Agent': 'azsdk-python-azuremonitorclient/unknown Python/3.11.14 (Linux-6.6.119.3-1.azl3-x86_64-with-glibc2.31)'
2026-02-19T10:45:34.9406022Z A body is sent with the request
2026-02-19T10:45:35.0649424Z 2026-02-19 10:45:35,064 - azure.core.pipeline.policies.http_logging_policy - INFO - Response status: 200
2026-02-19T10:45:35.0649721Z Response headers:
2026-02-19T10:45:35.0649778Z     'Transfer-Encoding': 'chunked'
2026-02-19T10:45:35.0649798Z     'Content-Type': 'application/json; charset=utf-8'
2026-02-19T10:45:35.0649816Z     'Server': 'Microsoft-HTTPAPI/2.0'
2026-02-19T10:45:35.0649835Z     'Strict-Transport-Security': 'REDACTED'
2026-02-19T10:45:35.0649853Z     'X-Content-Type-Options': 'REDACTED'
2026-02-19T10:45:35.0649874Z     'Date': 'Thu, 19 Feb 2026 10:45:35 GMT'
2026-02-19T10:45:35.0656541Z 2026-02-19 10:45:35,065 - azure.monitor.opentelemetry.exporter.export._base - INFO - Transmission succeeded: Item received: 3. Items accepted: 3
2026-02-19T10:45:38.0202840Z 2026-02-19 10:45:38,020 - azure.core.pipeline.policies.http_logging_policy - INFO - Request URL: 'https://westus2-2.in.applicationinsights.azure.com//v2.1/track'
2026-02-19T10:45:38.0203098Z Request method: 'POST'
2026-02-19T10:45:38.0205567Z Request headers:
2026-02-19T10:45:38.0205670Z     'Content-Type': 'application/json'
2026-02-19T10:45:38.0205695Z     'Content-Length': '3720'
2026-02-19T10:45:38.0205719Z     'Accept': 'application/json'
2026-02-19T10:45:38.0205743Z     'x-ms-client-request-id': '20aa3e30-0d80-11f1-99b0-eeaa766865b8'
2026-02-19T10:45:38.0205772Z     'User-Agent': 'azsdk-python-azuremonitorclient/unknown Python/3.11.14 (Linux-6.6.119.3-1.azl3-x86_64-with-glibc2.31)'
2026-02-19T10:45:38.0205795Z A body is sent with the request
2026-02-19T10:45:38.1184008Z 2026-02-19 10:45:38,118 - azure.core.pipeline.policies.http_logging_policy - INFO - Response status: 200
2026-02-19T10:45:38.1184392Z Response headers:
2026-02-19T10:45:38.1184422Z     'Transfer-Encoding': 'chunked'
2026-02-19T10:45:38.1184444Z     'Content-Type': 'application/json; charset=utf-8'
2026-02-19T10:45:38.1184531Z     'Server': 'Microsoft-HTTPAPI/2.0'
2026-02-19T10:45:38.1184553Z     'Strict-Transport-Security': 'REDACTED'
2026-02-19T10:45:38.1184570Z     'X-Content-Type-Options': 'REDACTED'
2026-02-19T10:45:38.1184588Z     'Date': 'Thu, 19 Feb 2026 10:45:38 GMT'
2026-02-19T10:45:38.1190700Z 2026-02-19 10:45:38,118 - azure.monitor.opentelemetry.exporter.export._base - INFO - Transmission succeeded: Item received: 3. Items accepted: 3
2026-02-19T10:45:40.0672844Z 2026-02-19 10:45:40,067 - azure.core.pipeline.policies.http_logging_policy - INFO - Request URL: 'https://westus2-2.in.applicationinsights.azure.com//v2.1/track'
2026-02-19T10:45:40.0673237Z Request method: 'POST'
2026-02-19T10:45:40.0673269Z Request headers:
2026-02-19T10:45:40.0673290Z     'Content-Type': 'application/json'
2026-02-19T10:45:40.0673308Z     'Content-Length': '3720'
2026-02-19T10:45:40.0673391Z     'Accept': 'application/json'
2026-02-19T10:45:40.0673415Z     'x-ms-client-request-id': '21e298ec-0d80-11f1-9207-eeaa766865b8'
2026-02-19T10:45:40.0673439Z     'User-Agent': 'azsdk-python-azuremonitorclient/unknown Python/3.11.14 (Linux-6.6.119.3-1.azl3-x86_64-with-glibc2.31)'
2026-02-19T10:45:40.0673459Z A body is sent with the request
2026-02-19T10:45:40.2016947Z 2026-02-19 10:45:40,201 - azure.core.pipeline.policies.http_logging_policy - INFO - Response status: 200
2026-02-19T10:45:40.2017340Z Response headers:
2026-02-19T10:45:40.2017375Z     'Transfer-Encoding': 'chunked'
2026-02-19T10:45:40.2017398Z     'Content-Type': 'application/json; charset=utf-8'
2026-02-19T10:45:40.2017417Z     'Server': 'Microsoft-HTTPAPI/2.0'
2026-02-19T10:45:40.2017439Z     'Strict-Transport-Security': 'REDACTED'
2026-02-19T10:45:40.2017457Z     'X-Content-Type-Options': 'REDACTED'
2026-02-19T10:45:40.2017533Z     'Date': 'Thu, 19 Feb 2026 10:45:40 GMT'
2026-02-19T10:45:40.2022195Z 2026-02-19 10:45:40,202 - azure.monitor.opentelemetry.exporter.export._base - INFO - Transmission succeeded: Item received: 3. Items accepted: 3
2026-02-19T10:45:41.9576288Z 2026-02-19 10:45:41,957 - azure.core.pipeline.policies.http_logging_policy - INFO - Request URL: 'https://westus2-2.in.applicationinsights.azure.com//v2.1/track'
2026-02-19T10:45:41.9576791Z Request method: 'POST'
2026-02-19T10:45:41.9576819Z Request headers:
2026-02-19T10:45:41.9576838Z     'Content-Type': 'application/json'
2026-02-19T10:45:41.9576857Z     'Content-Length': '3271'
2026-02-19T10:45:41.9576878Z     'Accept': 'application/json'
2026-02-19T10:45:41.9576902Z     'x-ms-client-request-id': '23030c20-0d80-11f1-8396-eeaa766865b8'
2026-02-19T10:45:41.9577004Z     'User-Agent': 'azsdk-python-azuremonitorclient/unknown Python/3.11.14 (Linux-6.6.119.3-1.azl3-x86_64-with-glibc2.31)'
2026-02-19T10:45:41.9577025Z A body is sent with the request
2026-02-19T10:45:42.0509920Z 2026-02-19 10:45:42,050 - azure.core.pipeline.policies.http_logging_policy - INFO - Request URL: 'https://westus2-2.in.applicationinsights.azure.com//v2.1/track'
2026-02-19T10:45:42.0510270Z Request method: 'POST'
2026-02-19T10:45:42.0510297Z Request headers:
2026-02-19T10:45:42.0510322Z     'Content-Type': 'application/json'
2026-02-19T10:45:42.0510340Z     'Content-Length': '2452'
2026-02-19T10:45:42.0510360Z     'Accept': 'application/json'
2026-02-19T10:45:42.0510378Z     'x-ms-client-request-id': '231143bc-0d80-11f1-9ee5-eeaa766865b8'
2026-02-19T10:45:42.0510400Z     'User-Agent': 'azsdk-python-azuremonitorclient/unknown Python/3.11.14 (Linux-6.6.119.3-1.azl3-x86_64-with-glibc2.31)'
2026-02-19T10:45:42.0510419Z A body is sent with the request
2026-02-19T10:45:42.1697693Z 2026-02-19 10:45:42,169 - azure.core.pipeline.policies.http_logging_policy - INFO - Response status: 200
2026-02-19T10:45:42.1698750Z Response headers:
2026-02-19T10:45:42.1698790Z     'Transfer-Encoding': 'chunked'
2026-02-19T10:45:42.1698811Z     'Content-Type': 'application/json; charset=utf-8'
2026-02-19T10:45:42.1698833Z     'Server': 'Microsoft-HTTPAPI/2.0'
2026-02-19T10:45:42.1698853Z     'Strict-Transport-Security': 'REDACTED'
2026-02-19T10:45:42.1698872Z     'X-Content-Type-Options': 'REDACTED'
2026-02-19T10:45:42.1698890Z     'Date': 'Thu, 19 Feb 2026 10:45:41 GMT'
2026-02-19T10:45:42.1709284Z 2026-02-19 10:45:42,170 - azure.monitor.opentelemetry.exporter.export._base - INFO - Transmission succeeded: Item received: 3. Items accepted: 3
2026-02-19T10:45:42.2231972Z 2026-02-19 10:45:42,222 - azure.core.pipeline.policies.http_logging_policy - INFO - Request URL: 'https://westus-0.in.applicationinsights.azure.com//v2.1/track'
2026-02-19T10:45:42.2232353Z Request method: 'POST'
2026-02-19T10:45:42.2232376Z Request headers:
2026-02-19T10:45:42.2232394Z     'Content-Type': 'application/json'
2026-02-19T10:45:42.2232415Z     'Content-Length': '1430'
2026-02-19T10:45:42.2232436Z     'Accept': 'application/json'
2026-02-19T10:45:42.2232458Z     'x-ms-client-request-id': '232b8cfe-0d80-11f1-8cd4-eeaa766865b8'
2026-02-19T10:45:42.2232482Z     'User-Agent': 'azsdk-python-azuremonitorclient/unknown Python/3.11.14 (Linux-6.6.119.3-1.azl3-x86_64-with-glibc2.31)'
2026-02-19T10:45:42.2232501Z A body is sent with the request
2026-02-19T10:45:42.2853831Z 2026-02-19 10:45:42,285 - azure.core.pipeline.policies.http_logging_policy - INFO - Response status: 200
2026-02-19T10:45:42.2854445Z Response headers:
2026-02-19T10:45:42.2854536Z     'Transfer-Encoding': 'chunked'
2026-02-19T10:45:42.2854557Z     'Content-Type': 'application/json; charset=utf-8'
2026-02-19T10:45:42.2854578Z     'Server': 'Microsoft-HTTPAPI/2.0'
2026-02-19T10:45:42.2854596Z     'Strict-Transport-Security': 'REDACTED'
2026-02-19T10:45:42.2854618Z     'X-Content-Type-Options': 'REDACTED'
2026-02-19T10:45:42.2854638Z     'Date': 'Thu, 19 Feb 2026 10:45:41 GMT'
2026-02-19T10:45:42.2860916Z 2026-02-19 10:45:42,285 - azure.monitor.opentelemetry.exporter.export._base - INFO - Transmission succeeded: Item received: 4. Items accepted: 4
2026-02-19T10:45:42.3131152Z 2026-02-19 10:45:42,312 - azure.core.pipeline.policies.http_logging_policy - INFO - Request URL: 'https://westus-0.in.applicationinsights.azure.com//v2.1/track'
2026-02-19T10:45:42.3131537Z Request method: 'POST'
2026-02-19T10:45:42.3131564Z Request headers:
2026-02-19T10:45:42.3131653Z     'Content-Type': 'application/json'
2026-02-19T10:45:42.3131674Z     'Content-Length': '1431'
2026-02-19T10:45:42.3131697Z     'Accept': 'application/json'
2026-02-19T10:45:42.3131717Z     'x-ms-client-request-id': '233949ac-0d80-11f1-a761-eeaa766865b8'
2026-02-19T10:45:42.3131741Z     'User-Agent': 'azsdk-python-azuremonitorclient/unknown Python/3.11.14 (Linux-6.6.119.3-1.azl3-x86_64-with-glibc2.31)'
2026-02-19T10:45:42.3131758Z A body is sent with the request
2026-02-19T10:45:42.4587817Z 2026-02-19 10:45:42,458 - azure.core.pipeline.policies.http_logging_policy - INFO - Response status: 200
2026-02-19T10:45:42.4589799Z Response headers:
2026-02-19T10:45:42.4589854Z     'Transfer-Encoding': 'chunked'
2026-02-19T10:45:42.4589876Z     'Content-Type': 'application/json; charset=utf-8'
2026-02-19T10:45:42.4589951Z     'Server': 'Microsoft-HTTPAPI/2.0'
2026-02-19T10:45:42.4589974Z     'Strict-Transport-Security': 'REDACTED'
2026-02-19T10:45:42.4589994Z     'X-Content-Type-Options': 'REDACTED'
2026-02-19T10:45:42.4590015Z     'Date': 'Thu, 19 Feb 2026 10:45:41 GMT'
2026-02-19T10:45:42.5094724Z 2026-02-19 10:45:42,509 - azure.core.pipeline.policies.http_logging_policy - INFO - Response status: 200
2026-02-19T10:45:42.5095079Z Response headers:
2026-02-19T10:45:42.5095107Z     'Transfer-Encoding': 'chunked'
2026-02-19T10:45:42.5095129Z     'Content-Type': 'application/json; charset=utf-8'
2026-02-19T10:45:42.5095152Z     'Server': 'Microsoft-HTTPAPI/2.0'
2026-02-19T10:45:42.5095690Z     'Strict-Transport-Security': 'REDACTED'
2026-02-19T10:45:42.5095916Z     'X-Content-Type-Options': 'REDACTED'
2026-02-19T10:45:42.5096540Z     'Date': 'Thu, 19 Feb 2026 10:45:41 GMT'
2026-02-19T10:45:42.5096572Z     'Connection': 'close'
2026-02-19T10:45:43.1278758Z 2026-02-19 10:45:43,127 - azure.core.pipeline.policies.http_logging_policy - INFO - Request URL: 'https://westus2-2.in.applicationinsights.azure.com//v2.1/track'
2026-02-19T10:45:43.1279190Z Request method: 'POST'
2026-02-19T10:45:43.1279220Z Request headers:
2026-02-19T10:45:43.1279241Z     'Content-Type': 'application/json'
2026-02-19T10:45:43.1279259Z     'Content-Length': '10122'
2026-02-19T10:45:43.1279279Z     'Accept': 'application/json'
2026-02-19T10:45:43.1279303Z     'x-ms-client-request-id': '23b57004-0d80-11f1-99b0-eeaa766865b8'
2026-02-19T10:45:43.1279326Z     'User-Agent': 'azsdk-python-azuremonitorclient/unknown Python/3.11.14 (Linux-6.6.119.3-1.azl3-x86_64-with-glibc2.31)'
2026-02-19T10:45:43.1279419Z A body is sent with the request
2026-02-19T10:45:43.2146053Z 2026-02-19 10:45:43,214 - azure.core.pipeline.policies.http_logging_policy - INFO - Response status: 200
2026-02-19T10:45:43.2146731Z Response headers:
2026-02-19T10:45:43.2146760Z     'Transfer-Encoding': 'chunked'
2026-02-19T10:45:43.2146781Z     'Content-Type': 'application/json; charset=utf-8'
2026-02-19T10:45:43.2146800Z     'Server': 'Microsoft-HTTPAPI/2.0'
2026-02-19T10:45:43.2146818Z     'Strict-Transport-Security': 'REDACTED'
2026-02-19T10:45:43.2146835Z     'X-Content-Type-Options': 'REDACTED'
2026-02-19T10:45:43.2146858Z     'Date': 'Thu, 19 Feb 2026 10:45:43 GMT'
2026-02-19T10:45:43.2152287Z 2026-02-19 10:45:43,214 - azure.monitor.opentelemetry.exporter.export._base - INFO - Transmission succeeded: Item received: 8. Items accepted: 8
2026-02-19T10:45:45.2049755Z 2026-02-19 10:45:45,204 - azure.core.pipeline.policies.http_logging_policy - INFO - Request URL: 'https://westus2-2.in.applicationinsights.azure.com//v2.1/track'
2026-02-19T10:45:45.2050144Z Request method: 'POST'
2026-02-19T10:45:45.2050178Z Request headers:
2026-02-19T10:45:45.2050198Z     'Content-Type': 'application/json'
2026-02-19T10:45:45.2050219Z     'Content-Length': '10151'
2026-02-19T10:45:45.2050239Z     'Accept': 'application/json'
2026-02-19T10:45:45.2050259Z     'x-ms-client-request-id': '24f28ccc-0d80-11f1-9207-eeaa766865b8'
2026-02-19T10:45:45.2050290Z     'User-Agent': 'azsdk-python-azuremonitorclient/unknown Python/3.11.14 (Linux-6.6.119.3-1.azl3-x86_64-with-glibc2.31)'
2026-02-19T10:45:45.2050313Z A body is sent with the request
2026-02-19T10:45:45.3613534Z 2026-02-19 10:45:45,361 - azure.core.pipeline.policies.http_logging_policy - INFO - Response status: 200
2026-02-19T10:45:45.3613963Z Response headers:
2026-02-19T10:45:45.3613987Z     'Transfer-Encoding': 'chunked'
2026-02-19T10:45:45.3614008Z     'Content-Type': 'application/json; charset=utf-8'
2026-02-19T10:45:45.3614026Z     'Server': 'Microsoft-HTTPAPI/2.0'
2026-02-19T10:45:45.3614047Z     'Strict-Transport-Security': 'REDACTED'
2026-02-19T10:45:45.3614068Z     'X-Content-Type-Options': 'REDACTED'
2026-02-19T10:45:45.3614087Z     'Date': 'Thu, 19 Feb 2026 10:45:45 GMT'
2026-02-19T10:45:45.3621167Z 2026-02-19 10:45:45,361 - azure.monitor.opentelemetry.exporter.export._base - INFO - Transmission succeeded: Item received: 8. Items accepted: 8
2026-02-19T10:45:48.2168693Z 2026-02-19 10:45:48,216 - azure.core.pipeline.policies.http_logging_policy - INFO - Request URL: 'https://westus2-2.in.applicationinsights.azure.com//v2.1/track'
2026-02-19T10:45:48.2169085Z Request method: 'POST'
2026-02-19T10:45:48.2169166Z Request headers:
2026-02-19T10:45:48.2169188Z     'Content-Type': 'application/json'
2026-02-19T10:45:48.2169208Z     'Content-Length': '3720'
2026-02-19T10:45:48.2169227Z     'Accept': 'application/json'
2026-02-19T10:45:48.2169246Z     'x-ms-client-request-id': '26be1e90-0d80-11f1-99b0-eeaa766865b8'
2026-02-19T10:45:48.2169269Z     'User-Agent': 'azsdk-python-azuremonitorclient/unknown Python/3.11.14 (Linux-6.6.119.3-1.azl3-x86_64-with-glibc2.31)'
2026-02-19T10:45:48.2169289Z A body is sent with the request
2026-02-19T10:45:48.2742502Z 2026-02-19 10:45:48,274 - azure.core.pipeline.policies.http_logging_policy - INFO - Response status: 200
2026-02-19T10:45:48.2742859Z Response headers:
2026-02-19T10:45:48.2742893Z     'Transfer-Encoding': 'chunked'
2026-02-19T10:45:48.2742915Z     'Content-Type': 'application/json; charset=utf-8'
2026-02-19T10:45:48.2742995Z     'Server': 'Microsoft-HTTPAPI/2.0'
2026-02-19T10:45:48.2743015Z     'Strict-Transport-Security': 'REDACTED'
2026-02-19T10:45:48.2743035Z     'X-Content-Type-Options': 'REDACTED'
2026-02-19T10:45:48.2743055Z     'Date': 'Thu, 19 Feb 2026 10:45:48 GMT'
2026-02-19T10:45:48.2747842Z 2026-02-19 10:45:48,274 - azure.monitor.opentelemetry.exporter.export._base - INFO - Transmission succeeded: Item received: 3. Items accepted: 3
2026-02-19T10:45:50.3635529Z 2026-02-19 10:45:50,363 - azure.core.pipeline.policies.http_logging_policy - INFO - Request URL: 'https://westus2-2.in.applicationinsights.azure.com//v2.1/track'
2026-02-19T10:45:50.3635904Z Request method: 'POST'
2026-02-19T10:45:50.3635934Z Request headers:
2026-02-19T10:45:50.3635958Z     'Content-Type': 'application/json'
2026-02-19T10:45:50.3635979Z     'Content-Length': '3721'
2026-02-19T10:45:50.3636058Z     'Accept': 'application/json'
2026-02-19T10:45:50.3636078Z     'x-ms-client-request-id': '2805afa2-0d80-11f1-9207-eeaa766865b8'
2026-02-19T10:45:50.3636100Z     'User-Agent': 'azsdk-python-azuremonitorclient/unknown Python/3.11.14 (Linux-6.6.119.3-1.azl3-x86_64-with-glibc2.31)'
2026-02-19T10:45:50.3636118Z A body is sent with the request
2026-02-19T10:45:50.4249641Z 2026-02-19 10:45:50,424 - azure.core.pipeline.policies.http_logging_policy - INFO - Response status: 200
2026-02-19T10:45:50.4250003Z Response headers:
2026-02-19T10:45:50.4250035Z     'Transfer-Encoding': 'chunked'
2026-02-19T10:45:50.4250056Z     'Content-Type': 'application/json; charset=utf-8'
2026-02-19T10:45:50.4250075Z     'Server': 'Microsoft-HTTPAPI/2.0'
2026-02-19T10:45:50.4250094Z     'Strict-Transport-Security': 'REDACTED'
2026-02-19T10:45:50.4250171Z     'X-Content-Type-Options': 'REDACTED'
2026-02-19T10:45:50.4250191Z     'Date': 'Thu, 19 Feb 2026 10:45:50 GMT'
2026-02-19T10:45:50.4253102Z 2026-02-19 10:45:50,425 - azure.monitor.opentelemetry.exporter.export._base - INFO - Transmission succeeded: Item received: 3. Items accepted: 3
2026-02-19T10:45:53.2762393Z 2026-02-19 10:45:53,276 - azure.core.pipeline.policies.http_logging_policy - INFO - Request URL: 'https://westus2-2.in.applicationinsights.azure.com//v2.1/track'
2026-02-19T10:45:53.2762935Z Request method: 'POST'
2026-02-19T10:45:53.2762962Z Request headers:
2026-02-19T10:45:53.2762989Z     'Content-Type': 'application/json'
2026-02-19T10:45:53.2763009Z     'Content-Length': '3720'
2026-02-19T10:45:53.2763028Z     'Accept': 'application/json'
2026-02-19T10:45:53.2763051Z     'x-ms-client-request-id': '29c2200a-0d80-11f1-99b0-eeaa766865b8'
2026-02-19T10:45:53.2763138Z     'User-Agent': 'azsdk-python-azuremonitorclient/unknown Python/3.11.14 (Linux-6.6.119.3-1.azl3-x86_64-with-glibc2.31)'
2026-02-19T10:45:53.2763157Z A body is sent with the request
2026-02-19T10:45:53.4026616Z 2026-02-19 10:45:53,402 - azure.core.pipeline.policies.http_logging_policy - INFO - Response status: 200
2026-02-19T10:45:53.4027003Z Response headers:
2026-02-19T10:45:53.4027218Z     'Transfer-Encoding': 'chunked'
2026-02-19T10:45:53.4027240Z     'Content-Type': 'application/json; charset=utf-8'
2026-02-19T10:45:53.4027259Z     'Server': 'Microsoft-HTTPAPI/2.0'
2026-02-19T10:45:53.4027282Z     'Strict-Transport-Security': 'REDACTED'
2026-02-19T10:45:53.4027308Z     'X-Content-Type-Options': 'REDACTED'
2026-02-19T10:45:53.4027324Z     'Date': 'Thu, 19 Feb 2026 10:45:53 GMT'
2026-02-19T10:45:53.4034473Z 2026-02-19 10:45:53,403 - azure.monitor.opentelemetry.exporter.export._base - INFO - Transmission succeeded: Item received: 3. Items accepted: 3
2026-02-19T10:45:55.4299064Z 2026-02-19 10:45:55,427 - azure.core.pipeline.policies.http_logging_policy - INFO - Request URL: 'https://westus2-2.in.applicationinsights.azure.com//v2.1/track'
2026-02-19T10:45:55.4300047Z Request method: 'POST'
2026-02-19T10:45:55.4300080Z Request headers:
2026-02-19T10:45:55.4300099Z     'Content-Type': 'application/json'
2026-02-19T10:45:55.4300115Z     'Content-Length': '3720'
2026-02-19T10:45:55.4300130Z     'Accept': 'application/json'
2026-02-19T10:45:55.4300155Z     'x-ms-client-request-id': '2b0a5d1a-0d80-11f1-9207-eeaa766865b8'
2026-02-19T10:45:55.4300176Z     'User-Agent': 'azsdk-python-azuremonitorclient/unknown Python/3.11.14 (Linux-6.6.119.3-1.azl3-x86_64-with-glibc2.31)'
2026-02-19T10:45:55.4300193Z A body is sent with the request
2026-02-19T10:45:55.5435700Z 2026-02-19 10:45:55,543 - azure.core.pipeline.policies.http_logging_policy - INFO - Response status: 200
2026-02-19T10:45:55.5436075Z Response headers:
2026-02-19T10:45:55.5436104Z     'Transfer-Encoding': 'chunked'
2026-02-19T10:45:55.5436124Z     'Content-Type': 'application/json; charset=utf-8'
2026-02-19T10:45:55.5436147Z     'Server': 'Microsoft-HTTPAPI/2.0'
2026-02-19T10:45:55.5436172Z     'Strict-Transport-Security': 'REDACTED'
2026-02-19T10:45:55.5436192Z     'X-Content-Type-Options': 'REDACTED'
2026-02-19T10:45:55.5436209Z     'Date': 'Thu, 19 Feb 2026 10:45:55 GMT'
2026-02-19T10:45:55.5442933Z 2026-02-19 10:45:55,543 - azure.monitor.opentelemetry.exporter.export._base - INFO - Transmission succeeded: Item received: 3. Items accepted: 3
2026-02-19T10:45:55.6927837Z 2026-02-19 10:45:55,692 - azure.identity._credentials.environment - INFO - Incomplete environment configuration for EnvironmentCredential. These variables are set: AZURE_CLIENT_ID
2026-02-19T10:45:55.6932743Z 2026-02-19 10:45:55,693 - azure.identity._credentials.managed_identity - INFO - ManagedIdentityCredential will use App Service managed identity
2026-02-19T10:45:55.6960944Z 2026-02-19 10:45:55,695 - azure.core.pipeline.policies.http_logging_policy - INFO - Request URL: 'http://169.254.129.2:8081/msi/token?api-version=REDACTED&resource=REDACTED&client_id=REDACTED'
2026-02-19T10:45:55.6961147Z Request method: 'GET'
2026-02-19T10:45:55.6961171Z Request headers:
2026-02-19T10:45:55.6961196Z     'X-IDENTITY-HEADER': 'REDACTED'
2026-02-19T10:45:55.6961221Z     'User-Agent': 'azsdk-python-identity/1.17.1 Python/3.11.14 (Linux-6.6.119.3-1.azl3-x86_64-with-glibc2.31)'
2026-02-19T10:45:55.6961243Z     'traceparent': '00-6401c16324272b2961f942bbab8abf89-eb9f7113660a3669-01'
2026-02-19T10:45:55.6961263Z No body was attached to the request
2026-02-19T10:45:55.8109223Z 2026-02-19 10:45:55,810 - azure.core.pipeline.policies.http_logging_policy - INFO - Response status: 200
2026-02-19T10:45:55.8109914Z Response headers:
2026-02-19T10:45:55.8109945Z     'Content-Type': 'application/json; charset=utf-8'
2026-02-19T10:45:55.8109966Z     'Date': 'Thu, 19 Feb 2026 10:45:55 GMT'
2026-02-19T10:45:55.8109984Z     'Server': 'Kestrel'
2026-02-19T10:45:55.8110003Z     'Transfer-Encoding': 'chunked'
2026-02-19T10:45:55.8110023Z     'X-CORRELATION-ID': 'REDACTED'
2026-02-19T10:45:55.8115058Z 2026-02-19 10:45:55,811 - azure.identity._credentials.chained - INFO - DefaultAzureCredential acquired a token from ManagedIdentityCredential
2026-02-19T10:45:55.9176296Z 2026-02-19 10:45:55,916 - app.providers.circuit_breaker - INFO - Circuit 'market_data' transitioning OPEN → HALF_OPEN after 900s
2026-02-19T10:45:56.5884806Z 2026-02-19 10:45:56,586 - app.providers.yahoo_provider - ERROR - Failed to fetch quote for AAPL
2026-02-19T10:45:56.5885253Z Traceback (most recent call last):
2026-02-19T10:45:56.5885291Z   File "/tmp/8de6f43366ae4c5/app/providers/yahoo_provider.py", line 79, in get_quote
2026-02-19T10:45:56.5885317Z     price=self._safe_float(getattr(info, "last_price", 0)),
2026-02-19T10:45:56.5885341Z                            ^^^^^^^^^^^^^^^^^^^^^^^^^^^^^^
2026-02-19T10:45:56.5885370Z   File "/tmp/8de6f43366ae4c5/antenv/lib/python3.11/site-packages/yfinance/scrapers/quote.py", line 249, in last_price
2026-02-19T10:45:56.5885394Z     prices = self._get_1y_prices()
2026-02-19T10:45:56.5885416Z              ^^^^^^^^^^^^^^^^^^^^^
2026-02-19T10:45:56.5885444Z   File "/tmp/8de6f43366ae4c5/antenv/lib/python3.11/site-packages/yfinance/scrapers/quote.py", line 131, in _get_1y_prices
2026-02-19T10:45:56.5885472Z     self._prices_1y = self._tkr.history(period="1y", auto_adjust=False, keepna=True, proxy=self.proxy)
2026-02-19T10:45:56.5885499Z                       ^^^^^^^^^^^^^^^^^^^^^^^^^^^^^^^^^^^^^^^^^^^^^^^^^^^^^^^^^^^^^^^^^^^^^^^^^^^^^^^^
2026-02-19T10:45:56.5885527Z   File "/tmp/8de6f43366ae4c5/antenv/lib/python3.11/site-packages/yfinance/utils.py", line 104, in wrapper
2026-02-19T10:45:56.5885565Z     result = func(*args, **kwargs)
2026-02-19T10:45:56.5885593Z              ^^^^^^^^^^^^^^^^^^^^^
2026-02-19T10:45:56.5885618Z   File "/tmp/8de6f43366ae4c5/antenv/lib/python3.11/site-packages/yfinance/base.py", line 80, in history
2026-02-19T10:45:56.5885640Z     return self._lazy_load_price_history().history(*args, **kwargs)
2026-02-19T10:45:56.5885665Z            ^^^^^^^^^^^^^^^^^^^^^^^^^^^^^^^^^^^^^^^^^^^^^^^^^^^^^^^^
2026-02-19T10:45:56.5885691Z   File "/tmp/8de6f43366ae4c5/antenv/lib/python3.11/site-packages/yfinance/utils.py", line 104, in wrapper
2026-02-19T10:45:56.5885713Z     result = func(*args, **kwargs)
2026-02-19T10:45:56.5885735Z              ^^^^^^^^^^^^^^^^^^^^^
2026-02-19T10:45:56.5885762Z   File "/tmp/8de6f43366ae4c5/antenv/lib/python3.11/site-packages/yfinance/scrapers/history.py", line 175, in history
2026-02-19T10:45:56.5885785Z     data = get_fn(
2026-02-19T10:45:56.5885820Z            ^^^^^^^
2026-02-19T10:45:56.5885849Z   File "/tmp/8de6f43366ae4c5/antenv/lib/python3.11/site-packages/yfinance/utils.py", line 104, in wrapper
2026-02-19T10:45:56.5885873Z     result = func(*args, **kwargs)
2026-02-19T10:45:56.5885894Z              ^^^^^^^^^^^^^^^^^^^^^
2026-02-19T10:45:56.5885918Z   File "/tmp/8de6f43366ae4c5/antenv/lib/python3.11/site-packages/yfinance/data.py", line 347, in get
2026-02-19T10:45:56.5885947Z     return self._make_request(url, request_method = self._session.get, user_agent_headers=user_agent_headers, params=params, proxy=proxy, timeout=timeout)
2026-02-19T10:45:56.5885972Z            ^^^^^^^^^^^^^^^^^^^^^^^^^^^^^^^^^^^^^^^^^^^^^^^^^^^^^^^^^^^^^^^^^^^^^^^^^^^^^^^^^^^^^^^^^^^^^^^^^^^^^^^^^^^^^^^^^^^^^^^^^^^^^^^^^^^^^^^^^^^^^^^
2026-02-19T10:45:56.5885998Z   File "/tmp/8de6f43366ae4c5/antenv/lib/python3.11/site-packages/yfinance/utils.py", line 104, in wrapper
2026-02-19T10:45:56.5886018Z     result = func(*args, **kwargs)
2026-02-19T10:45:56.5886037Z              ^^^^^^^^^^^^^^^^^^^^^
2026-02-19T10:45:56.5886069Z   File "/tmp/8de6f43366ae4c5/antenv/lib/python3.11/site-packages/yfinance/data.py", line 409, in _make_request
2026-02-19T10:45:56.5886090Z     raise YFRateLimitError()
2026-02-19T10:45:56.5886111Z yfinance.exceptions.YFRateLimitError: Too Many Requests. Rate limited. Try after a while.
2026-02-19T10:45:56.5898900Z 2026-02-19 10:45:56,588 - app.services.scan_service - ERROR - Provider failed for AAPL
2026-02-19T10:45:56.5899081Z Traceback (most recent call last):
2026-02-19T10:45:56.5899112Z   File "/tmp/8de6f43366ae4c5/app/services/scan_service.py", line 305, in run_scan
2026-02-19T10:45:56.5899136Z     quote = self._provider.get_quote(sym)
2026-02-19T10:45:56.5899165Z             ^^^^^^^^^^^^^^^^^^^^^^^^^^^^^
2026-02-19T10:45:56.5899189Z   File "/tmp/8de6f43366ae4c5/app/providers/yahoo_provider.py", line 79, in get_quote
2026-02-19T10:45:56.5899214Z     price=self._safe_float(getattr(info, "last_price", 0)),
2026-02-19T10:45:56.5899238Z                            ^^^^^^^^^^^^^^^^^^^^^^^^^^^^^^
2026-02-19T10:45:56.5899294Z   File "/tmp/8de6f43366ae4c5/antenv/lib/python3.11/site-packages/yfinance/scrapers/quote.py", line 249, in last_price
2026-02-19T10:45:56.5899317Z     prices = self._get_1y_prices()
2026-02-19T10:45:56.5899339Z              ^^^^^^^^^^^^^^^^^^^^^
2026-02-19T10:45:56.5899366Z   File "/tmp/8de6f43366ae4c5/antenv/lib/python3.11/site-packages/yfinance/scrapers/quote.py", line 131, in _get_1y_prices
2026-02-19T10:45:56.5899392Z     self._prices_1y = self._tkr.history(period="1y", auto_adjust=False, keepna=True, proxy=self.proxy)
2026-02-19T10:45:56.5899417Z                       ^^^^^^^^^^^^^^^^^^^^^^^^^^^^^^^^^^^^^^^^^^^^^^^^^^^^^^^^^^^^^^^^^^^^^^^^^^^^^^^^
2026-02-19T10:45:56.5899443Z   File "/tmp/8de6f43366ae4c5/antenv/lib/python3.11/site-packages/yfinance/utils.py", line 104, in wrapper
2026-02-19T10:45:56.5899465Z     result = func(*args, **kwargs)
2026-02-19T10:45:56.5899488Z              ^^^^^^^^^^^^^^^^^^^^^
2026-02-19T10:45:56.5899514Z   File "/tmp/8de6f43366ae4c5/antenv/lib/python3.11/site-packages/yfinance/base.py", line 80, in history
2026-02-19T10:45:56.5899551Z     return self._lazy_load_price_history().history(*args, **kwargs)
2026-02-19T10:45:56.5899575Z            ^^^^^^^^^^^^^^^^^^^^^^^^^^^^^^^^^^^^^^^^^^^^^^^^^^^^^^^^
2026-02-19T10:45:56.5899601Z   File "/tmp/8de6f43366ae4c5/antenv/lib/python3.11/site-packages/yfinance/utils.py", line 104, in wrapper
2026-02-19T10:45:56.5899624Z     result = func(*args, **kwargs)
2026-02-19T10:45:56.5901010Z              ^^^^^^^^^^^^^^^^^^^^^
2026-02-19T10:45:56.5901485Z   File "/tmp/8de6f43366ae4c5/antenv/lib/python3.11/site-packages/yfinance/scrapers/history.py", line 175, in history
2026-02-19T10:45:56.5901517Z     data = get_fn(
2026-02-19T10:45:56.5901537Z            ^^^^^^^
2026-02-19T10:45:56.5901563Z   File "/tmp/8de6f43366ae4c5/antenv/lib/python3.11/site-packages/yfinance/utils.py", line 104, in wrapper
2026-02-19T10:45:56.5901585Z     result = func(*args, **kwargs)
2026-02-19T10:45:56.5901605Z              ^^^^^^^^^^^^^^^^^^^^^
2026-02-19T10:45:56.5902487Z   File "/tmp/8de6f43366ae4c5/antenv/lib/python3.11/site-packages/yfinance/data.py", line 347, in get
2026-02-19T10:45:56.5902515Z     return self._make_request(url, request_method = self._session.get, user_agent_headers=user_agent_headers, params=params, proxy=proxy, timeout=timeout)
2026-02-19T10:45:56.5902536Z            ^^^^^^^^^^^^^^^^^^^^^^^^^^^^^^^^^^^^^^^^^^^^^^^^^^^^^^^^^^^^^^^^^^^^^^^^^^^^^^^^^^^^^^^^^^^^^^^^^^^^^^^^^^^^^^^^^^^^^^^^^^^^^^^^^^^^^^^^^^^^^^^
2026-02-19T10:45:56.5902557Z   File "/tmp/8de6f43366ae4c5/antenv/lib/python3.11/site-packages/yfinance/utils.py", line 104, in wrapper
2026-02-19T10:45:56.5902576Z     result = func(*args, **kwargs)
2026-02-19T10:45:56.5902594Z              ^^^^^^^^^^^^^^^^^^^^^
2026-02-19T10:45:56.5902615Z   File "/tmp/8de6f43366ae4c5/antenv/lib/python3.11/site-packages/yfinance/data.py", line 409, in _make_request
2026-02-19T10:45:56.5902634Z     raise YFRateLimitError()
2026-02-19T10:45:56.5902653Z yfinance.exceptions.YFRateLimitError: Too Many Requests. Rate limited. Try after a while.
2026-02-19T10:45:56.5919416Z 2026-02-19 10:45:56,591 - app.providers.circuit_breaker - WARNING - Circuit 'market_data' OPEN after 10 consecutive failures
2026-02-19T10:45:56.5923455Z 2026-02-19 10:45:56,591 - azure.identity._credentials.environment - INFO - Incomplete environment configuration for EnvironmentCredential. These variables are set: AZURE_CLIENT_ID
2026-02-19T10:45:56.5923619Z 2026-02-19 10:45:56,592 - azure.identity._credentials.managed_identity - INFO - ManagedIdentityCredential will use App Service managed identity
2026-02-19T10:45:56.5981592Z 2026-02-19 10:45:56,598 - azure.core.pipeline.policies.http_logging_policy - INFO - Request URL: 'http://169.254.129.2:8081/msi/token?api-version=REDACTED&resource=REDACTED&client_id=REDACTED'
2026-02-19T10:45:56.5981746Z Request method: 'GET'
2026-02-19T10:45:56.5981770Z Request headers:
2026-02-19T10:45:56.5981792Z     'X-IDENTITY-HEADER': 'REDACTED'
2026-02-19T10:45:56.5981817Z     'User-Agent': 'azsdk-python-identity/1.17.1 Python/3.11.14 (Linux-6.6.119.3-1.azl3-x86_64-with-glibc2.31)'
2026-02-19T10:45:56.5981843Z     'traceparent': '00-3e30d7f47e9510cae7c1aaccbbd5ebeb-3163068cd5ea9139-01'
2026-02-19T10:45:56.5981892Z No body was attached to the request
2026-02-19T10:45:56.6383240Z 2026-02-19 10:45:56,635 - azure.core.pipeline.policies.http_logging_policy - INFO - Response status: 200
2026-02-19T10:45:56.6383889Z Response headers:
2026-02-19T10:45:56.6383922Z     'Content-Type': 'application/json; charset=utf-8'
2026-02-19T10:45:56.6383952Z     'Date': 'Thu, 19 Feb 2026 10:45:56 GMT'
2026-02-19T10:45:56.6383974Z     'Server': 'Kestrel'
2026-02-19T10:45:56.6383998Z     'Transfer-Encoding': 'chunked'
2026-02-19T10:45:56.6384018Z     'X-CORRELATION-ID': 'REDACTED'
2026-02-19T10:45:56.6384049Z 2026-02-19 10:45:56,636 - azure.identity._credentials.chained - INFO - DefaultAzureCredential acquired a token from ManagedIdentityCredential
2026-02-19T10:45:56.6940139Z 2026-02-19 10:45:56,693 - app.main - INFO - Background scan completed: 0 results
2026-02-19T10:45:58.4049578Z 2026-02-19 10:45:58,404 - azure.core.pipeline.policies.http_logging_policy - INFO - Request URL: 'https://westus2-2.in.applicationinsights.azure.com//v2.1/track'
2026-02-19T10:45:58.4049973Z Request method: 'POST'
2026-02-19T10:45:58.4050002Z Request headers:
2026-02-19T10:45:58.4050027Z     'Content-Type': 'application/json'
2026-02-19T10:45:58.4050047Z     'Content-Length': '3720'
2026-02-19T10:45:58.4050066Z     'Accept': 'application/json'
2026-02-19T10:45:58.4050088Z     'x-ms-client-request-id': '2cd0b5b8-0d80-11f1-99b0-eeaa766865b8'
2026-02-19T10:45:58.4050111Z     'User-Agent': 'azsdk-python-azuremonitorclient/unknown Python/3.11.14 (Linux-6.6.119.3-1.azl3-x86_64-with-glibc2.31)'
2026-02-19T10:45:58.4050139Z A body is sent with the request
2026-02-19T10:45:58.4682263Z 2026-02-19 10:45:58,467 - azure.core.pipeline.policies.http_logging_policy - INFO - Response status: 200
2026-02-19T10:45:58.4682872Z Response headers:
2026-02-19T10:45:58.4682907Z     'Transfer-Encoding': 'chunked'
2026-02-19T10:45:58.4682925Z     'Content-Type': 'application/json; charset=utf-8'
2026-02-19T10:45:58.4682947Z     'Server': 'Microsoft-HTTPAPI/2.0'
2026-02-19T10:45:58.4682967Z     'Strict-Transport-Security': 'REDACTED'
2026-02-19T10:45:58.4682986Z     'X-Content-Type-Options': 'REDACTED'
2026-02-19T10:45:58.4683003Z     'Date': 'Thu, 19 Feb 2026 10:45:58 GMT'
2026-02-19T10:45:58.4689488Z 2026-02-19 10:45:58,468 - azure.monitor.opentelemetry.exporter.export._base - INFO - Transmission succeeded: Item received: 3. Items accepted: 3
2026-02-19T10:45:58.5821346Z 2026-02-19 10:45:58,581 - azure.core.pipeline.policies.http_logging_policy - INFO - Request URL: 'https://westus2-2.in.applicationinsights.azure.com//v2.1/track'
2026-02-19T10:45:58.5823374Z Request method: 'POST'
2026-02-19T10:45:58.5823443Z Request headers:
2026-02-19T10:45:58.5823465Z     'Content-Type': 'application/json'
2026-02-19T10:45:58.5823483Z     'Content-Length': '11272'
2026-02-19T10:45:58.5823501Z     'Accept': 'application/json'
2026-02-19T10:45:58.5823523Z     'x-ms-client-request-id': '2cebbd90-0d80-11f1-8dfa-eeaa766865b8'
2026-02-19T10:45:58.5823549Z     'User-Agent': 'azsdk-python-azuremonitorclient/unknown Python/3.11.14 (Linux-6.6.119.3-1.azl3-x86_64-with-glibc2.31)'
2026-02-19T10:45:58.5823570Z A body is sent with the request
2026-02-19T10:45:58.7537676Z 2026-02-19 10:45:58,753 - azure.core.pipeline.policies.http_logging_policy - INFO - Response status: 200
2026-02-19T10:45:58.7538068Z Response headers:
2026-02-19T10:45:58.7538098Z     'Transfer-Encoding': 'chunked'
2026-02-19T10:45:58.7538119Z     'Content-Type': 'application/json; charset=utf-8'
2026-02-19T10:45:58.7538202Z     'Server': 'Microsoft-HTTPAPI/2.0'
2026-02-19T10:45:58.7538222Z     'Strict-Transport-Security': 'REDACTED'
2026-02-19T10:45:58.7538240Z     'X-Content-Type-Options': 'REDACTED'
2026-02-19T10:45:58.7538258Z     'Date': 'Thu, 19 Feb 2026 10:45:58 GMT'
2026-02-19T10:45:58.7544473Z 2026-02-19 10:45:58,753 - azure.monitor.opentelemetry.exporter.export._base - INFO - Transmission succeeded: Item received: 9. Items accepted: 9
2026-02-19T10:46:00.5494588Z 2026-02-19 10:46:00,549 - azure.core.pipeline.policies.http_logging_policy - INFO - Request URL: 'https://westus2-2.in.applicationinsights.azure.com//v2.1/track'
2026-02-19T10:46:00.5495158Z Request method: 'POST'
2026-02-19T10:46:00.5495188Z Request headers:
2026-02-19T10:46:00.5495211Z     'Content-Type': 'application/json'
2026-02-19T10:46:00.5495231Z     'Content-Length': '29110'
2026-02-19T10:46:00.5495320Z     'Accept': 'application/json'
2026-02-19T10:46:00.5495344Z     'x-ms-client-request-id': '2e17ee1e-0d80-11f1-9207-eeaa766865b8'
2026-02-19T10:46:00.5495368Z     'User-Agent': 'azsdk-python-azuremonitorclient/unknown Python/3.11.14 (Linux-6.6.119.3-1.azl3-x86_64-with-glibc2.31)'
2026-02-19T10:46:00.5495390Z A body is sent with the request
2026-02-19T10:46:00.6925996Z 2026-02-19 10:46:00,692 - azure.core.pipeline.policies.http_logging_policy - INFO - Response status: 200
2026-02-19T10:46:00.6926388Z Response headers:
2026-02-19T10:46:00.6926420Z     'Transfer-Encoding': 'chunked'
2026-02-19T10:46:00.6926442Z     'Content-Type': 'application/json; charset=utf-8'
2026-02-19T10:46:00.6926459Z     'Server': 'Microsoft-HTTPAPI/2.0'
2026-02-19T10:46:00.6926481Z     'Strict-Transport-Security': 'REDACTED'
2026-02-19T10:46:00.6926560Z     'X-Content-Type-Options': 'REDACTED'
2026-02-19T10:46:00.6926580Z     'Date': 'Thu, 19 Feb 2026 10:46:00 GMT'
2026-02-19T10:46:00.6932204Z 2026-02-19 10:46:00,692 - azure.monitor.opentelemetry.exporter.export._base - INFO - Transmission succeeded: Item received: 21. Items accepted: 21
2026-02-19T10:46:03.4704410Z 2026-02-19 10:46:03,470 - azure.core.pipeline.policies.http_logging_policy - INFO - Request URL: 'https://westus2-2.in.applicationinsights.azure.com//v2.1/track'
2026-02-19T10:46:03.4704792Z Request method: 'POST'
2026-02-19T10:46:03.4704821Z Request headers:
2026-02-19T10:46:03.4704841Z     'Content-Type': 'application/json'
2026-02-19T10:46:03.4704860Z     'Content-Length': '3718'
2026-02-19T10:46:03.4704881Z     'Accept': 'application/json'
2026-02-19T10:46:03.4704905Z     'x-ms-client-request-id': '2fd5a2fa-0d80-11f1-99b0-eeaa766865b8'
2026-02-19T10:46:03.4704995Z     'User-Agent': 'azsdk-python-azuremonitorclient/unknown Python/3.11.14 (Linux-6.6.119.3-1.azl3-x86_64-with-glibc2.31)'
2026-02-19T10:46:03.4705018Z A body is sent with the request
2026-02-19T10:46:03.5108583Z 2026-02-19 10:46:03,510 - azure.core.pipeline.policies.http_logging_policy - INFO - Response status: 200
2026-02-19T10:46:03.5108991Z Response headers:
2026-02-19T10:46:03.5109022Z     'Transfer-Encoding': 'chunked'
2026-02-19T10:46:03.5109045Z     'Content-Type': 'application/json; charset=utf-8'
2026-02-19T10:46:03.5109068Z     'Server': 'Microsoft-HTTPAPI/2.0'
2026-02-19T10:46:03.5109092Z     'Strict-Transport-Security': 'REDACTED'
2026-02-19T10:46:03.5109113Z     'X-Content-Type-Options': 'REDACTED'
2026-02-19T10:46:03.5109132Z     'Date': 'Thu, 19 Feb 2026 10:46:03 GMT'
2026-02-19T10:46:03.5112596Z 2026-02-19 10:46:03,511 - azure.monitor.opentelemetry.exporter.export._base - INFO - Transmission succeeded: Item received: 3. Items accepted: 3
2026-02-19T10:46:05.6957320Z 2026-02-19 10:46:05,695 - azure.core.pipeline.policies.http_logging_policy - INFO - Request URL: 'https://westus2-2.in.applicationinsights.azure.com//v2.1/track'
2026-02-19T10:46:05.6957753Z Request method: 'POST'
2026-02-19T10:46:05.6957791Z Request headers:
2026-02-19T10:46:05.6957819Z     'Content-Type': 'application/json'
2026-02-19T10:46:05.6957846Z     'Content-Length': '3723'
2026-02-19T10:46:05.6957876Z     'Accept': 'application/json'
2026-02-19T10:46:05.6957906Z     'x-ms-client-request-id': '31292cd0-0d80-11f1-9207-eeaa766865b8'
2026-02-19T10:46:05.6957938Z     'User-Agent': 'azsdk-python-azuremonitorclient/unknown Python/3.11.14 (Linux-6.6.119.3-1.azl3-x86_64-with-glibc2.31)'
2026-02-19T10:46:05.6957964Z A body is sent with the request
2026-02-19T10:46:05.8066041Z 2026-02-19 10:46:05,806 - azure.core.pipeline.policies.http_logging_policy - INFO - Response status: 200
2026-02-19T10:46:05.8066445Z Response headers:
2026-02-19T10:46:05.8066478Z     'Transfer-Encoding': 'chunked'
2026-02-19T10:46:05.8066508Z     'Content-Type': 'application/json; charset=utf-8'
2026-02-19T10:46:05.8066531Z     'Server': 'Microsoft-HTTPAPI/2.0'
2026-02-19T10:46:05.8066554Z     'Strict-Transport-Security': 'REDACTED'
2026-02-19T10:46:05.8066578Z     'X-Content-Type-Options': 'REDACTED'
2026-02-19T10:46:05.8066599Z     'Date': 'Thu, 19 Feb 2026 10:46:05 GMT'
2026-02-19T10:46:05.8072895Z 2026-02-19 10:46:05,806 - azure.monitor.opentelemetry.exporter.export._base - INFO - Transmission succeeded: Item received: 3. Items accepted: 3
2026-02-19T10:46:08.5130533Z 2026-02-19 10:46:08,512 - azure.core.pipeline.policies.http_logging_policy - INFO - Request URL: 'https://westus2-2.in.applicationinsights.azure.com//v2.1/track'
2026-02-19T10:46:08.5131026Z Request method: 'POST'
2026-02-19T10:46:08.5131056Z Request headers:
2026-02-19T10:46:08.5131080Z     'Content-Type': 'application/json'
2026-02-19T10:46:08.5131105Z     'Content-Length': '3719'
2026-02-19T10:46:08.5131129Z     'Accept': 'application/json'
2026-02-19T10:46:08.5131156Z     'x-ms-client-request-id': '32d71286-0d80-11f1-99b0-eeaa766865b8'
2026-02-19T10:46:08.5131187Z     'User-Agent': 'azsdk-python-azuremonitorclient/unknown Python/3.11.14 (Linux-6.6.119.3-1.azl3-x86_64-with-glibc2.31)'
2026-02-19T10:46:08.5131212Z A body is sent with the request
2026-02-19T10:46:08.5797376Z 2026-02-19 10:46:08,579 - azure.core.pipeline.policies.http_logging_policy - INFO - Response status: 200
2026-02-19T10:46:08.5797780Z Response headers:
2026-02-19T10:46:08.5797810Z     'Transfer-Encoding': 'chunked'
2026-02-19T10:46:08.5797888Z     'Content-Type': 'application/json; charset=utf-8'
2026-02-19T10:46:08.5797909Z     'Server': 'Microsoft-HTTPAPI/2.0'
2026-02-19T10:46:08.5797929Z     'Strict-Transport-Security': 'REDACTED'
2026-02-19T10:46:08.5797950Z     'X-Content-Type-Options': 'REDACTED'
2026-02-19T10:46:08.5797971Z     'Date': 'Thu, 19 Feb 2026 10:46:08 GMT'
2026-02-19T10:46:08.5803853Z 2026-02-19 10:46:08,579 - azure.monitor.opentelemetry.exporter.export._base - INFO - Transmission succeeded: Item received: 3. Items accepted: 3
2026-02-19T10:46:10.8091394Z 2026-02-19 10:46:10,808 - azure.core.pipeline.policies.http_logging_policy - INFO - Request URL: 'https://westus2-2.in.applicationinsights.azure.com//v2.1/track'
2026-02-19T10:46:10.8091770Z Request method: 'POST'
2026-02-19T10:46:10.8091800Z Request headers:
2026-02-19T10:46:10.8091884Z     'Content-Type': 'application/json'
2026-02-19T10:46:10.8091904Z     'Content-Length': '3719'
2026-02-19T10:46:10.8091925Z     'Accept': 'application/json'
2026-02-19T10:46:10.8091946Z     'x-ms-client-request-id': '34356d12-0d80-11f1-9207-eeaa766865b8'
2026-02-19T10:46:10.8091969Z     'User-Agent': 'azsdk-python-azuremonitorclient/unknown Python/3.11.14 (Linux-6.6.119.3-1.azl3-x86_64-with-glibc2.31)'
2026-02-19T10:46:10.8091990Z A body is sent with the request
2026-02-19T10:46:10.8634109Z 2026-02-19 10:46:10,863 - azure.core.pipeline.policies.http_logging_policy - INFO - Response status: 200
2026-02-19T10:46:10.8634488Z Response headers:
2026-02-19T10:46:10.8634525Z     'Transfer-Encoding': 'chunked'
2026-02-19T10:46:10.8634543Z     'Content-Type': 'application/json; charset=utf-8'
2026-02-19T10:46:10.8634562Z     'Server': 'Microsoft-HTTPAPI/2.0'
2026-02-19T10:46:10.8634647Z     'Strict-Transport-Security': 'REDACTED'
2026-02-19T10:46:10.8634667Z     'X-Content-Type-Options': 'REDACTED'
2026-02-19T10:46:10.8634685Z     'Date': 'Thu, 19 Feb 2026 10:46:10 GMT'
2026-02-19T10:46:10.8640764Z 2026-02-19 10:46:10,863 - azure.monitor.opentelemetry.exporter.export._base - INFO - Transmission succeeded: Item received: 3. Items accepted: 3
2026-02-19T10:46:13.5817831Z 2026-02-19 10:46:13,581 - azure.core.pipeline.policies.http_logging_policy - INFO - Request URL: 'https://westus2-2.in.applicationinsights.azure.com//v2.1/track'
2026-02-19T10:46:13.5818474Z Request method: 'POST'
2026-02-19T10:46:13.5818502Z Request headers:
2026-02-19T10:46:13.5818524Z     'Content-Type': 'application/json'
2026-02-19T10:46:13.5818541Z     'Content-Length': '3719'
2026-02-19T10:46:13.5818558Z     'Accept': 'application/json'
2026-02-19T10:46:13.5818628Z     'x-ms-client-request-id': '35dc80d8-0d80-11f1-99b0-eeaa766865b8'
2026-02-19T10:46:13.5818653Z     'User-Agent': 'azsdk-python-azuremonitorclient/unknown Python/3.11.14 (Linux-6.6.119.3-1.azl3-x86_64-with-glibc2.31)'
2026-02-19T10:46:13.5818673Z A body is sent with the request
2026-02-19T10:46:13.6346866Z 2026-02-19 10:46:13,634 - azure.core.pipeline.policies.http_logging_policy - INFO - Response status: 200
2026-02-19T10:46:13.6348923Z Response headers:
2026-02-19T10:46:13.6348962Z     'Transfer-Encoding': 'chunked'
2026-02-19T10:46:13.6348986Z     'Content-Type': 'application/json; charset=utf-8'
2026-02-19T10:46:13.6349007Z     'Server': 'Microsoft-HTTPAPI/2.0'
2026-02-19T10:46:13.6349030Z     'Strict-Transport-Security': 'REDACTED'
2026-02-19T10:46:13.6349048Z     'X-Content-Type-Options': 'REDACTED'
2026-02-19T10:46:13.6349068Z     'Date': 'Thu, 19 Feb 2026 10:46:13 GMT'
2026-02-19T10:46:13.6369418Z 2026-02-19 10:46:13,635 - azure.monitor.opentelemetry.exporter.export._base - INFO - Transmission succeeded: Item received: 3. Items accepted: 3
2026-02-19T10:46:15.8654153Z 2026-02-19 10:46:15,865 - azure.core.pipeline.policies.http_logging_policy - INFO - Request URL: 'https://westus2-2.in.applicationinsights.azure.com//v2.1/track'
2026-02-19T10:46:15.8654525Z Request method: 'POST'
2026-02-19T10:46:15.8654555Z Request headers:
2026-02-19T10:46:15.8654584Z     'Content-Type': 'application/json'
2026-02-19T10:46:15.8654605Z     'Content-Length': '3720'
2026-02-19T10:46:15.8654627Z     'Accept': 'application/json'
2026-02-19T10:46:15.8654653Z     'x-ms-client-request-id': '3738f588-0d80-11f1-9207-eeaa766865b8'
2026-02-19T10:46:15.8654676Z     'User-Agent': 'azsdk-python-azuremonitorclient/unknown Python/3.11.14 (Linux-6.6.119.3-1.azl3-x86_64-with-glibc2.31)'
2026-02-19T10:46:15.8654751Z A body is sent with the request
2026-02-19T10:46:15.9292487Z 2026-02-19 10:46:15,929 - azure.core.pipeline.policies.http_logging_policy - INFO - Response status: 200
2026-02-19T10:46:15.9293165Z Response headers:
2026-02-19T10:46:15.9293206Z     'Transfer-Encoding': 'chunked'
2026-02-19T10:46:15.9293230Z     'Content-Type': 'application/json; charset=utf-8'
2026-02-19T10:46:15.9293251Z     'Server': 'Microsoft-HTTPAPI/2.0'
2026-02-19T10:46:15.9293274Z     'Strict-Transport-Security': 'REDACTED'
2026-02-19T10:46:15.9293294Z     'X-Content-Type-Options': 'REDACTED'
2026-02-19T10:46:15.9293316Z     'Date': 'Thu, 19 Feb 2026 10:46:15 GMT'
2026-02-19T10:46:15.9297558Z 2026-02-19 10:46:15,929 - azure.monitor.opentelemetry.exporter.export._base - INFO - Transmission succeeded: Item received: 3. Items accepted: 3
2026-02-19T10:46:18.6389655Z 2026-02-19 10:46:18,638 - azure.core.pipeline.policies.http_logging_policy - INFO - Request URL: 'https://westus2-2.in.applicationinsights.azure.com//v2.1/track'
2026-02-19T10:46:18.6390056Z Request method: 'POST'
2026-02-19T10:46:18.6390088Z Request headers:
2026-02-19T10:46:18.6390111Z     'Content-Type': 'application/json'
2026-02-19T10:46:18.6390132Z     'Content-Length': '3720'
2026-02-19T10:46:18.6390153Z     'Accept': 'application/json'
2026-02-19T10:46:18.6390174Z     'x-ms-client-request-id': '38e02bb8-0d80-11f1-99b0-eeaa766865b8'
2026-02-19T10:46:18.6390198Z     'User-Agent': 'azsdk-python-azuremonitorclient/unknown Python/3.11.14 (Linux-6.6.119.3-1.azl3-x86_64-with-glibc2.31)'
2026-02-19T10:46:18.6390221Z A body is sent with the request
2026-02-19T10:46:18.7530357Z 2026-02-19 10:46:18,752 - azure.core.pipeline.policies.http_logging_policy - INFO - Response status: 200
2026-02-19T10:46:18.7530812Z Response headers:
2026-02-19T10:46:18.7530845Z     'Transfer-Encoding': 'chunked'
2026-02-19T10:46:18.7530867Z     'Content-Type': 'application/json; charset=utf-8'
2026-02-19T10:46:18.7530887Z     'Server': 'Microsoft-HTTPAPI/2.0'
2026-02-19T10:46:18.7530905Z     'Strict-Transport-Security': 'REDACTED'
2026-02-19T10:46:18.7530926Z     'X-Content-Type-Options': 'REDACTED'
2026-02-19T10:46:18.7530945Z     'Date': 'Thu, 19 Feb 2026 10:46:18 GMT'
2026-02-19T10:46:18.7536641Z 2026-02-19 10:46:18,753 - azure.monitor.opentelemetry.exporter.export._base - INFO - Transmission succeeded: Item received: 3. Items accepted: 3
2026-02-19T10:46:20.9314085Z 2026-02-19 10:46:20,931 - azure.core.pipeline.policies.http_logging_policy - INFO - Request URL: 'https://westus2-2.in.applicationinsights.azure.com//v2.1/track'
2026-02-19T10:46:20.9314728Z Request method: 'POST'
2026-02-19T10:46:20.9314820Z Request headers:
2026-02-19T10:46:20.9314851Z     'Content-Type': 'application/json'
2026-02-19T10:46:20.9314874Z     'Content-Length': '3719'
2026-02-19T10:46:20.9314896Z     'Accept': 'application/json'
2026-02-19T10:46:20.9314920Z     'x-ms-client-request-id': '3a3df6d4-0d80-11f1-9207-eeaa766865b8'
2026-02-19T10:46:20.9314945Z     'User-Agent': 'azsdk-python-azuremonitorclient/unknown Python/3.11.14 (Linux-6.6.119.3-1.azl3-x86_64-with-glibc2.31)'
2026-02-19T10:46:20.9314964Z A body is sent with the request
2026-02-19T10:46:21.0103432Z 2026-02-19 10:46:21,010 - azure.core.pipeline.policies.http_logging_policy - INFO - Response status: 200
2026-02-19T10:46:21.0103803Z Response headers:
2026-02-19T10:46:21.0103830Z     'Transfer-Encoding': 'chunked'
2026-02-19T10:46:21.0104039Z     'Content-Type': 'application/json; charset=utf-8'
2026-02-19T10:46:21.0104136Z     'Server': 'Microsoft-HTTPAPI/2.0'
2026-02-19T10:46:21.0104157Z     'Strict-Transport-Security': 'REDACTED'
2026-02-19T10:46:21.0104176Z     'X-Content-Type-Options': 'REDACTED'
2026-02-19T10:46:21.0104195Z     'Date': 'Thu, 19 Feb 2026 10:46:20 GMT'
2026-02-19T10:46:21.0109054Z 2026-02-19 10:46:21,010 - azure.monitor.opentelemetry.exporter.export._base - INFO - Transmission succeeded: Item received: 3. Items accepted: 3
2026-02-19T10:46:23.7553532Z 2026-02-19 10:46:23,755 - azure.core.pipeline.policies.http_logging_policy - INFO - Request URL: 'https://westus2-2.in.applicationinsights.azure.com//v2.1/track'
2026-02-19T10:46:23.7553915Z Request method: 'POST'
2026-02-19T10:46:23.7553943Z Request headers:
2026-02-19T10:46:23.7553968Z     'Content-Type': 'application/json'
2026-02-19T10:46:23.7553990Z     'Content-Length': '3720'
2026-02-19T10:46:23.7554085Z     'Accept': 'application/json'
2026-02-19T10:46:23.7554112Z     'x-ms-client-request-id': '3becd9d2-0d80-11f1-99b0-eeaa766865b8'
2026-02-19T10:46:23.7554139Z     'User-Agent': 'azsdk-python-azuremonitorclient/unknown Python/3.11.14 (Linux-6.6.119.3-1.azl3-x86_64-with-glibc2.31)'
2026-02-19T10:46:23.7554162Z A body is sent with the request
2026-02-19T10:46:23.8601457Z 2026-02-19 10:46:23,858 - azure.core.pipeline.policies.http_logging_policy - INFO - Response status: 200
2026-02-19T10:46:23.8602711Z Response headers:
2026-02-19T10:46:23.8602748Z     'Transfer-Encoding': 'chunked'
2026-02-19T10:46:23.8602772Z     'Content-Type': 'application/json; charset=utf-8'
2026-02-19T10:46:23.8602791Z     'Server': 'Microsoft-HTTPAPI/2.0'
2026-02-19T10:46:23.8602814Z     'Strict-Transport-Security': 'REDACTED'
2026-02-19T10:46:23.8602852Z     'X-Content-Type-Options': 'REDACTED'
2026-02-19T10:46:23.8602878Z     'Date': 'Thu, 19 Feb 2026 10:46:23 GMT'
2026-02-19T10:46:23.8602907Z 2026-02-19 10:46:23,859 - azure.monitor.opentelemetry.exporter.export._base - INFO - Transmission succeeded: Item received: 3. Items accepted: 3
2026-02-19T10:46:26.0127214Z 2026-02-19 10:46:26,012 - azure.core.pipeline.policies.http_logging_policy - INFO - Request URL: 'https://westus2-2.in.applicationinsights.azure.com//v2.1/track'
2026-02-19T10:46:26.0127686Z Request method: 'POST'
2026-02-19T10:46:26.0127715Z Request headers:
2026-02-19T10:46:26.0127739Z     'Content-Type': 'application/json'
2026-02-19T10:46:26.0127760Z     'Content-Length': '3720'
2026-02-19T10:46:26.0127779Z     'Accept': 'application/json'
2026-02-19T10:46:26.0127800Z     'x-ms-client-request-id': '3d4546b6-0d80-11f1-9207-eeaa766865b8'
2026-02-19T10:46:26.0127886Z     'User-Agent': 'azsdk-python-azuremonitorclient/unknown Python/3.11.14 (Linux-6.6.119.3-1.azl3-x86_64-with-glibc2.31)'
2026-02-19T10:46:26.0127909Z A body is sent with the request
2026-02-19T10:46:26.0703420Z 2026-02-19 10:46:26,069 - azure.core.pipeline.policies.http_logging_policy - INFO - Response status: 200
2026-02-19T10:46:26.0703874Z Response headers:
2026-02-19T10:46:26.0703904Z     'Transfer-Encoding': 'chunked'
2026-02-19T10:46:26.0703926Z     'Content-Type': 'application/json; charset=utf-8'
2026-02-19T10:46:26.0703949Z     'Server': 'Microsoft-HTTPAPI/2.0'
2026-02-19T10:46:26.0703969Z     'Strict-Transport-Security': 'REDACTED'
2026-02-19T10:46:26.0703987Z     'X-Content-Type-Options': 'REDACTED'
2026-02-19T10:46:26.0704010Z     'Date': 'Thu, 19 Feb 2026 10:46:25 GMT'
2026-02-19T10:46:26.0711620Z 2026-02-19 10:46:26,071 - azure.monitor.opentelemetry.exporter.export._base - INFO - Transmission succeeded: Item received: 3. Items accepted: 3
2026-02-19T10:46:28.8623634Z 2026-02-19 10:46:28,862 - azure.core.pipeline.policies.http_logging_policy - INFO - Request URL: 'https://westus2-2.in.applicationinsights.azure.com//v2.1/track'
2026-02-19T10:46:28.8624104Z Request method: 'POST'
2026-02-19T10:46:28.8624133Z Request headers:
2026-02-19T10:46:28.8624154Z     'Content-Type': 'application/json'
2026-02-19T10:46:28.8624174Z     'Content-Length': '3720'
2026-02-19T10:46:28.8624192Z     'Accept': 'application/json'
2026-02-19T10:46:28.8624211Z     'x-ms-client-request-id': '3ef821c2-0d80-11f1-99b0-eeaa766865b8'
2026-02-19T10:46:28.8624244Z     'User-Agent': 'azsdk-python-azuremonitorclient/unknown Python/3.11.14 (Linux-6.6.119.3-1.azl3-x86_64-with-glibc2.31)'
2026-02-19T10:46:28.8624262Z A body is sent with the request
2026-02-19T10:46:28.9670769Z 2026-02-19 10:46:28,965 - azure.core.pipeline.policies.http_logging_policy - INFO - Response status: 200
2026-02-19T10:46:28.9671053Z Response headers:
2026-02-19T10:46:28.9671078Z     'Transfer-Encoding': 'chunked'
2026-02-19T10:46:28.9671099Z     'Content-Type': 'application/json; charset=utf-8'
2026-02-19T10:46:28.9671119Z     'Server': 'Microsoft-HTTPAPI/2.0'
2026-02-19T10:46:28.9671141Z     'Strict-Transport-Security': 'REDACTED'
2026-02-19T10:46:28.9671161Z     'X-Content-Type-Options': 'REDACTED'
2026-02-19T10:46:28.9671182Z     'Date': 'Thu, 19 Feb 2026 10:46:28 GMT'
2026-02-19T10:46:28.9671212Z 2026-02-19 10:46:28,965 - azure.monitor.opentelemetry.exporter.export._base - INFO - Transmission succeeded: Item received: 3. Items accepted: 3
2026-02-19T10:46:31.0732730Z 2026-02-19 10:46:31,073 - azure.core.pipeline.policies.http_logging_policy - INFO - Request URL: 'https://westus2-2.in.applicationinsights.azure.com//v2.1/track'
2026-02-19T10:46:31.0733133Z Request method: 'POST'
2026-02-19T10:46:31.0733224Z Request headers:
2026-02-19T10:46:31.0733244Z     'Content-Type': 'application/json'
2026-02-19T10:46:31.0733262Z     'Content-Length': '3720'
2026-02-19T10:46:31.0733281Z     'Accept': 'application/json'
2026-02-19T10:46:31.0733300Z     'x-ms-client-request-id': '40497e2c-0d80-11f1-9207-eeaa766865b8'
2026-02-19T10:46:31.0733321Z     'User-Agent': 'azsdk-python-azuremonitorclient/unknown Python/3.11.14 (Linux-6.6.119.3-1.azl3-x86_64-with-glibc2.31)'
2026-02-19T10:46:31.0733340Z A body is sent with the request
2026-02-19T10:46:31.1447542Z 2026-02-19 10:46:31,144 - azure.core.pipeline.policies.http_logging_policy - INFO - Response status: 200
2026-02-19T10:46:31.1448639Z Response headers:
2026-02-19T10:46:31.1448689Z     'Transfer-Encoding': 'chunked'
2026-02-19T10:46:31.1448771Z     'Content-Type': 'application/json; charset=utf-8'
2026-02-19T10:46:31.1448793Z     'Server': 'Microsoft-HTTPAPI/2.0'
2026-02-19T10:46:31.1448813Z     'Strict-Transport-Security': 'REDACTED'
2026-02-19T10:46:31.1448832Z     'X-Content-Type-Options': 'REDACTED'
2026-02-19T10:46:31.1448850Z     'Date': 'Thu, 19 Feb 2026 10:46:30 GMT'
2026-02-19T10:46:31.1478834Z 2026-02-19 10:46:31,146 - azure.monitor.opentelemetry.exporter.export._base - INFO - Transmission succeeded: Item received: 3. Items accepted: 3
2026-02-19T10:46:33.9679075Z 2026-02-19 10:46:33,967 - azure.core.pipeline.policies.http_logging_policy - INFO - Request URL: 'https://westus2-2.in.applicationinsights.azure.com//v2.1/track'
2026-02-19T10:46:33.9679468Z Request method: 'POST'
2026-02-19T10:46:33.9679502Z Request headers:
2026-02-19T10:46:33.9679524Z     'Content-Type': 'application/json'
2026-02-19T10:46:33.9679604Z     'Content-Length': '3718'
2026-02-19T10:46:33.9679624Z     'Accept': 'application/json'
2026-02-19T10:46:33.9679644Z     'x-ms-client-request-id': '42032b82-0d80-11f1-99b0-eeaa766865b8'
2026-02-19T10:46:33.9679665Z     'User-Agent': 'azsdk-python-azuremonitorclient/unknown Python/3.11.14 (Linux-6.6.119.3-1.azl3-x86_64-with-glibc2.31)'
2026-02-19T10:46:33.9679683Z A body is sent with the request
2026-02-19T10:46:34.1252787Z 2026-02-19 10:46:34,125 - azure.core.pipeline.policies.http_logging_policy - INFO - Response status: 200
2026-02-19T10:46:34.1253217Z Response headers:
2026-02-19T10:46:34.1253243Z     'Transfer-Encoding': 'chunked'
2026-02-19T10:46:34.1253262Z     'Content-Type': 'application/json; charset=utf-8'
2026-02-19T10:46:34.1253281Z     'Server': 'Microsoft-HTTPAPI/2.0'
2026-02-19T10:46:34.1253301Z     'Strict-Transport-Security': 'REDACTED'
2026-02-19T10:46:34.1253379Z     'X-Content-Type-Options': 'REDACTED'
2026-02-19T10:46:34.1253398Z     'Date': 'Thu, 19 Feb 2026 10:46:33 GMT'
2026-02-19T10:46:34.1259717Z 2026-02-19 10:46:34,125 - azure.monitor.opentelemetry.exporter.export._base - INFO - Transmission succeeded: Item received: 3. Items accepted: 3
2026-02-19T10:46:36.1558206Z 2026-02-19 10:46:36,155 - azure.core.pipeline.policies.http_logging_policy - INFO - Request URL: 'https://westus2-2.in.applicationinsights.azure.com//v2.1/track'
2026-02-19T10:46:36.1558677Z Request method: 'POST'
2026-02-19T10:46:36.1558706Z Request headers:
2026-02-19T10:46:36.1558726Z     'Content-Type': 'application/json'
2026-02-19T10:46:36.1558746Z     'Content-Length': '3719'
2026-02-19T10:46:36.1558765Z     'Accept': 'application/json'
2026-02-19T10:46:36.1558787Z     'x-ms-client-request-id': '4351048c-0d80-11f1-9207-eeaa766865b8'
2026-02-19T10:46:36.1558877Z     'User-Agent': 'azsdk-python-azuremonitorclient/unknown Python/3.11.14 (Linux-6.6.119.3-1.azl3-x86_64-with-glibc2.31)'
2026-02-19T10:46:36.1558895Z A body is sent with the request
2026-02-19T10:46:36.2260219Z 2026-02-19 10:46:36,225 - azure.core.pipeline.policies.http_logging_policy - INFO - Response status: 200
2026-02-19T10:46:36.2260529Z Response headers:
2026-02-19T10:46:36.2260556Z     'Transfer-Encoding': 'chunked'
2026-02-19T10:46:36.2260577Z     'Content-Type': 'application/json; charset=utf-8'
2026-02-19T10:46:36.2260598Z     'Server': 'Microsoft-HTTPAPI/2.0'
2026-02-19T10:46:36.2260619Z     'Strict-Transport-Security': 'REDACTED'
2026-02-19T10:46:36.2260638Z     'X-Content-Type-Options': 'REDACTED'
2026-02-19T10:46:36.2260663Z     'Date': 'Thu, 19 Feb 2026 10:46:35 GMT'
2026-02-19T10:46:36.2266664Z 2026-02-19 10:46:36,226 - azure.monitor.opentelemetry.exporter.export._base - INFO - Transmission succeeded: Item received: 3. Items accepted: 3
2026-02-19T10:46:37.8336918Z 2026-02-19 10:46:37,833 - azure.identity._credentials.environment - INFO - Incomplete environment configuration for EnvironmentCredential. These variables are set: AZURE_CLIENT_ID
2026-02-19T10:46:37.8337658Z 2026-02-19 10:46:37,833 - azure.identity._credentials.managed_identity - INFO - ManagedIdentityCredential will use App Service managed identity
2026-02-19T10:46:37.8346971Z 2026-02-19 10:46:37,834 - azure.core.pipeline.policies.http_logging_policy - INFO - Request URL: 'http://169.254.129.2:8081/msi/token?api-version=REDACTED&resource=REDACTED&client_id=REDACTED'
2026-02-19T10:46:37.8347198Z Request method: 'GET'
2026-02-19T10:46:37.8347221Z Request headers:
2026-02-19T10:46:37.8347249Z     'X-IDENTITY-HEADER': 'REDACTED'
2026-02-19T10:46:37.8347276Z     'User-Agent': 'azsdk-python-identity/1.17.1 Python/3.11.14 (Linux-6.6.119.3-1.azl3-x86_64-with-glibc2.31)'
2026-02-19T10:46:37.8347332Z     'traceparent': '00-198d4235e2aaf29a2bfb1315d4b29dc6-e5a111c10863fe0d-01'
2026-02-19T10:46:37.8347355Z No body was attached to the request
2026-02-19T10:46:37.8584937Z 2026-02-19 10:46:37,858 - azure.core.pipeline.policies.http_logging_policy - INFO - Response status: 200
2026-02-19T10:46:37.8585255Z Response headers:
2026-02-19T10:46:37.8585290Z     'Content-Type': 'application/json; charset=utf-8'
2026-02-19T10:46:37.8585310Z     'Date': 'Thu, 19 Feb 2026 10:46:37 GMT'
2026-02-19T10:46:37.8585330Z     'Server': 'Kestrel'
2026-02-19T10:46:37.8585349Z     'Transfer-Encoding': 'chunked'
2026-02-19T10:46:37.8585371Z     'X-CORRELATION-ID': 'REDACTED'
2026-02-19T10:46:37.8589010Z 2026-02-19 10:46:37,858 - azure.identity._credentials.chained - INFO - DefaultAzureCredential acquired a token from ManagedIdentityCredential
2026-02-19T10:46:38.1811920Z /tmp/8de6f43366ae4c5/antenv/lib/python3.11/site-packages/yfinance/scrapers/quote.py:147: Pandas4Warning: Timestamp.utcnow is deprecated and will be removed in a future version. Use Timestamp.now('UTC') instead.
2026-02-19T10:46:38.1812231Z   dnow = pd.Timestamp.utcnow().tz_convert(self.timezone).date()
2026-02-19T10:46:38.5557449Z 2026-02-19 10:46:38,555 - app.providers.yahoo_provider - INFO - Fetched 145 contracts for AAPL (exp=2026-02-20)
2026-02-19T10:46:38.5787957Z 2026-02-19 10:46:38,578 - azure.core.pipeline.policies.http_logging_policy - INFO - Request URL: 'https://westus2-2.in.applicationinsights.azure.com//v2.1/track'
2026-02-19T10:46:38.5788272Z Request method: 'POST'
2026-02-19T10:46:38.5788299Z Request headers:
2026-02-19T10:46:38.5788321Z     'Content-Type': 'application/json'
2026-02-19T10:46:38.5788340Z     'Content-Length': '8979'
2026-02-19T10:46:38.5788357Z     'Accept': 'application/json'
2026-02-19T10:46:38.5788377Z     'x-ms-client-request-id': '44c2c094-0d80-11f1-8230-eeaa766865b8'
2026-02-19T10:46:38.5788404Z     'User-Agent': 'azsdk-python-azuremonitorclient/unknown Python/3.11.14 (Linux-6.6.119.3-1.azl3-x86_64-with-glibc2.31)'
2026-02-19T10:46:38.5788424Z A body is sent with the request
2026-02-19T10:46:38.7118851Z 2026-02-19 10:46:38,711 - azure.core.pipeline.policies.http_logging_policy - INFO - Response status: 200
2026-02-19T10:46:38.7119086Z Response headers:
2026-02-19T10:46:38.7119116Z     'Transfer-Encoding': 'chunked'
2026-02-19T10:46:38.7119141Z     'Content-Type': 'application/json; charset=utf-8'
2026-02-19T10:46:38.7119161Z     'Server': 'Microsoft-HTTPAPI/2.0'
2026-02-19T10:46:38.7119180Z     'Strict-Transport-Security': 'REDACTED'
2026-02-19T10:46:38.7119198Z     'X-Content-Type-Options': 'REDACTED'
2026-02-19T10:46:38.7119216Z     'Date': 'Thu, 19 Feb 2026 10:46:37 GMT'
2026-02-19T10:46:38.7126259Z 2026-02-19 10:46:38,712 - azure.monitor.opentelemetry.exporter.export._base - INFO - Transmission succeeded: Item received: 7. Items accepted: 7
2026-02-19T10:46:38.9455910Z /tmp/8de6f43366ae4c5/antenv/lib/python3.11/site-packages/yfinance/scrapers/quote.py:147: Pandas4Warning: Timestamp.utcnow is deprecated and will be removed in a future version. Use Timestamp.now('UTC') instead.
2026-02-19T10:46:38.9456241Z   dnow = pd.Timestamp.utcnow().tz_convert(self.timezone).date()
2026-02-19T10:46:39.1293034Z 2026-02-19 10:46:39,129 - azure.core.pipeline.policies.http_logging_policy - INFO - Request URL: 'https://westus2-2.in.applicationinsights.azure.com//v2.1/track'
2026-02-19T10:46:39.1293455Z Request method: 'POST'
2026-02-19T10:46:39.1293487Z Request headers:
2026-02-19T10:46:39.1293514Z     'Content-Type': 'application/json'
2026-02-19T10:46:39.1293540Z     'Content-Length': '14126'
2026-02-19T10:46:39.1293566Z     'Accept': 'application/json'
2026-02-19T10:46:39.1293595Z     'x-ms-client-request-id': '4516bdfc-0d80-11f1-99b0-eeaa766865b8'
2026-02-19T10:46:39.1293628Z     'User-Agent': 'azsdk-python-azuremonitorclient/unknown Python/3.11.14 (Linux-6.6.119.3-1.azl3-x86_64-with-glibc2.31)'
2026-02-19T10:46:39.1293656Z A body is sent with the request
2026-02-19T10:46:39.1954650Z 2026-02-19 10:46:39,195 - azure.core.pipeline.policies.http_logging_policy - INFO - Response status: 200
2026-02-19T10:46:39.1955313Z Response headers:
2026-02-19T10:46:39.1955411Z     'Transfer-Encoding': 'chunked'
2026-02-19T10:46:39.1955434Z     'Content-Type': 'application/json; charset=utf-8'
2026-02-19T10:46:39.1955452Z     'Server': 'Microsoft-HTTPAPI/2.0'
2026-02-19T10:46:39.1955471Z     'Strict-Transport-Security': 'REDACTED'
2026-02-19T10:46:39.1955489Z     'X-Content-Type-Options': 'REDACTED'
2026-02-19T10:46:39.1955506Z     'Date': 'Thu, 19 Feb 2026 10:46:38 GMT'
2026-02-19T10:46:39.1962049Z 2026-02-19 10:46:39,196 - azure.monitor.opentelemetry.exporter.export._base - INFO - Transmission succeeded: Item received: 12. Items accepted: 12
2026-02-19T10:46:39.6069036Z 2026-02-19 10:46:39,605 - app.providers.yahoo_provider - INFO - Fetched 373 contracts for META (exp=2026-02-20)
2026-02-19T10:46:39.9672758Z /tmp/8de6f43366ae4c5/antenv/lib/python3.11/site-packages/yfinance/scrapers/quote.py:147: Pandas4Warning: Timestamp.utcnow is deprecated and will be removed in a future version. Use Timestamp.now('UTC') instead.
2026-02-19T10:46:39.9674271Z   dnow = pd.Timestamp.utcnow().tz_convert(self.timezone).date()
2026-02-19T10:46:40.5356890Z 2026-02-19 10:46:40,535 - app.providers.yahoo_provider - INFO - Fetched 132 contracts for NVDA (exp=2026-02-20)
2026-02-19T10:46:40.9931425Z /tmp/8de6f43366ae4c5/antenv/lib/python3.11/site-packages/yfinance/scrapers/quote.py:147: Pandas4Warning: Timestamp.utcnow is deprecated and will be removed in a future version. Use Timestamp.now('UTC') instead.
2026-02-19T10:46:40.9931816Z   dnow = pd.Timestamp.utcnow().tz_convert(self.timezone).date()
2026-02-19T10:46:41.2281931Z 2026-02-19 10:46:41,227 - azure.core.pipeline.policies.http_logging_policy - INFO - Request URL: 'https://westus2-2.in.applicationinsights.azure.com//v2.1/track'
2026-02-19T10:46:41.2282482Z Request method: 'POST'
2026-02-19T10:46:41.2282514Z Request headers:
2026-02-19T10:46:41.2282540Z     'Content-Type': 'application/json'
2026-02-19T10:46:41.2282561Z     'Content-Length': '3719'
2026-02-19T10:46:41.2282581Z     'Accept': 'application/json'
2026-02-19T10:46:41.2282602Z     'x-ms-client-request-id': '465703ca-0d80-11f1-9207-eeaa766865b8'
2026-02-19T10:46:41.2282628Z     'User-Agent': 'azsdk-python-azuremonitorclient/unknown Python/3.11.14 (Linux-6.6.119.3-1.azl3-x86_64-with-glibc2.31)'
2026-02-19T10:46:41.2282648Z A body is sent with the request
2026-02-19T10:46:41.3669251Z 2026-02-19 10:46:41,366 - azure.core.pipeline.policies.http_logging_policy - INFO - Request URL: 'https://westus2-2.in.applicationinsights.azure.com//v2.1/track'
2026-02-19T10:46:41.3669666Z Request method: 'POST'
2026-02-19T10:46:41.3669697Z Request headers:
2026-02-19T10:46:41.3669716Z     'Content-Type': 'application/json'
2026-02-19T10:46:41.3669736Z     'Content-Length': '4370'
2026-02-19T10:46:41.3669755Z     'Accept': 'application/json'
2026-02-19T10:46:41.3669776Z     'x-ms-client-request-id': '466c2ef8-0d80-11f1-9bb0-eeaa766865b8'
2026-02-19T10:46:41.3669800Z     'User-Agent': 'azsdk-python-azuremonitorclient/unknown Python/3.11.14 (Linux-6.6.119.3-1.azl3-x86_64-with-glibc2.31)'
2026-02-19T10:46:41.3669820Z A body is sent with the request
2026-02-19T10:46:41.4151452Z 2026-02-19 10:46:41,414 - azure.core.pipeline.policies.http_logging_policy - INFO - Response status: 200
2026-02-19T10:46:41.4151827Z Response headers:
2026-02-19T10:46:41.4151859Z     'Transfer-Encoding': 'chunked'
2026-02-19T10:46:41.4151943Z     'Content-Type': 'application/json; charset=utf-8'
2026-02-19T10:46:41.4151961Z     'Server': 'Microsoft-HTTPAPI/2.0'
2026-02-19T10:46:41.4151981Z     'Strict-Transport-Security': 'REDACTED'
2026-02-19T10:46:41.4152000Z     'X-Content-Type-Options': 'REDACTED'
2026-02-19T10:46:41.4152018Z     'Date': 'Thu, 19 Feb 2026 10:46:40 GMT'
2026-02-19T10:46:41.4157421Z 2026-02-19 10:46:41,415 - azure.monitor.opentelemetry.exporter.export._base - INFO - Transmission succeeded: Item received: 3. Items accepted: 3
2026-02-19T10:46:41.5302376Z 2026-02-19 10:46:41,530 - azure.core.pipeline.policies.http_logging_policy - INFO - Response status: 200
2026-02-19T10:46:41.5302792Z Response headers:
2026-02-19T10:46:41.5302823Z     'Transfer-Encoding': 'chunked'
2026-02-19T10:46:41.5302848Z     'Content-Type': 'application/json; charset=utf-8'
2026-02-19T10:46:41.5302926Z     'Server': 'Microsoft-HTTPAPI/2.0'
2026-02-19T10:46:41.5302949Z     'Strict-Transport-Security': 'REDACTED'
2026-02-19T10:46:41.5302970Z     'X-Content-Type-Options': 'REDACTED'
2026-02-19T10:46:41.5302992Z     'Date': 'Thu, 19 Feb 2026 10:46:40 GMT'
2026-02-19T10:46:41.5315201Z 2026-02-19 10:46:41,530 - azure.monitor.opentelemetry.exporter.export._base - INFO - Transmission succeeded: Item received: 4. Items accepted: 4
2026-02-19T10:46:41.5338238Z 2026-02-19 10:46:41,533 - app.providers.yahoo_provider - INFO - Fetched 163 contracts for SPY (exp=2026-02-19)
2026-02-19T10:46:41.5402086Z 2026-02-19 10:46:41,540 - azure.identity._credentials.environment - INFO - Incomplete environment configuration for EnvironmentCredential. These variables are set: AZURE_CLIENT_ID
2026-02-19T10:46:41.5403288Z 2026-02-19 10:46:41,540 - azure.identity._credentials.managed_identity - INFO - ManagedIdentityCredential will use App Service managed identity
2026-02-19T10:46:41.5410818Z 2026-02-19 10:46:41,540 - azure.core.pipeline.policies.http_logging_policy - INFO - Request URL: 'http://169.254.129.2:8081/msi/token?api-version=REDACTED&resource=REDACTED&client_id=REDACTED'
2026-02-19T10:46:41.5410977Z Request method: 'GET'
2026-02-19T10:46:41.5411001Z Request headers:
2026-02-19T10:46:41.5411020Z     'X-IDENTITY-HEADER': 'REDACTED'
2026-02-19T10:46:41.5411043Z     'User-Agent': 'azsdk-python-identity/1.17.1 Python/3.11.14 (Linux-6.6.119.3-1.azl3-x86_64-with-glibc2.31)'
2026-02-19T10:46:41.5411066Z     'traceparent': '00-4d5493ec93d0fb7324c28e0ca7fc336a-81d4006696112c8d-01'
2026-02-19T10:46:41.5411088Z No body was attached to the request
2026-02-19T10:46:41.5492341Z 2026-02-19 10:46:41,549 - azure.core.pipeline.policies.http_logging_policy - INFO - Request URL: 'https://westus2-2.in.applicationinsights.azure.com//v2.1/track'
2026-02-19T10:46:41.5492576Z Request method: 'POST'
2026-02-19T10:46:41.5492610Z Request headers:
2026-02-19T10:46:41.5492662Z     'Content-Type': 'application/json'
2026-02-19T10:46:41.5492684Z     'Content-Length': '2184'
2026-02-19T10:46:41.5492706Z     'Accept': 'application/json'
2026-02-19T10:46:41.5492729Z     'x-ms-client-request-id': '46880196-0d80-11f1-abd1-eeaa766865b8'
2026-02-19T10:46:41.5492754Z     'User-Agent': 'azsdk-python-azuremonitorclient/unknown Python/3.11.14 (Linux-6.6.119.3-1.azl3-x86_64-with-glibc2.31)'
2026-02-19T10:46:41.5492775Z A body is sent with the request
2026-02-19T10:46:41.5649307Z 2026-02-19 10:46:41,563 - azure.core.pipeline.policies.http_logging_policy - INFO - Response status: 200
2026-02-19T10:46:41.5649872Z Response headers:
2026-02-19T10:46:41.5649906Z     'Content-Type': 'application/json; charset=utf-8'
2026-02-19T10:46:41.5649929Z     'Date': 'Thu, 19 Feb 2026 10:46:41 GMT'
2026-02-19T10:46:41.5649951Z     'Server': 'Kestrel'
2026-02-19T10:46:41.5650031Z     'Transfer-Encoding': 'chunked'
2026-02-19T10:46:41.5650055Z     'X-CORRELATION-ID': 'REDACTED'
2026-02-19T10:46:41.5650087Z 2026-02-19 10:46:41,563 - azure.identity._credentials.chained - INFO - DefaultAzureCredential acquired a token from ManagedIdentityCredential
2026-02-19T10:46:41.5767269Z 2026-02-19 10:46:41,576 - azure.core.pipeline.policies.http_logging_policy - INFO - Response status: 200
2026-02-19T10:46:41.5768593Z Response headers:
2026-02-19T10:46:41.5768662Z     'Transfer-Encoding': 'chunked'
2026-02-19T10:46:41.5768690Z     'Content-Type': 'application/json; charset=utf-8'
2026-02-19T10:46:41.5768712Z     'Server': 'Microsoft-HTTPAPI/2.0'
2026-02-19T10:46:41.5768733Z     'Strict-Transport-Security': 'REDACTED'
2026-02-19T10:46:41.5768756Z     'X-Content-Type-Options': 'REDACTED'
2026-02-19T10:46:41.5768815Z     'Date': 'Thu, 19 Feb 2026 10:46:41 GMT'
2026-02-19T10:46:41.5774585Z 2026-02-19 10:46:41,576 - azure.monitor.opentelemetry.exporter.export._base - INFO - Transmission succeeded: Item received: 2. Items accepted: 2
2026-02-19T10:46:43.7167846Z 2026-02-19 10:46:43,716 - azure.core.pipeline.policies.http_logging_policy - INFO - Request URL: 'https://westus2-2.in.applicationinsights.azure.com//v2.1/track'
2026-02-19T10:46:43.7168233Z Request method: 'POST'
2026-02-19T10:46:43.7168257Z Request headers:
2026-02-19T10:46:43.7168277Z     'Content-Type': 'application/json'
2026-02-19T10:46:43.7168302Z     'Content-Length': '19223'
2026-02-19T10:46:43.7168321Z     'Accept': 'application/json'
2026-02-19T10:46:43.7168342Z     'x-ms-client-request-id': '47d2b802-0d80-11f1-8230-eeaa766865b8'
2026-02-19T10:46:43.7168366Z     'User-Agent': 'azsdk-python-azuremonitorclient/unknown Python/3.11.14 (Linux-6.6.119.3-1.azl3-x86_64-with-glibc2.31)'
2026-02-19T10:46:43.7168440Z A body is sent with the request
2026-02-19T10:46:43.8530245Z 2026-02-19 10:46:43,852 - azure.core.pipeline.policies.http_logging_policy - INFO - Response status: 200
2026-02-19T10:46:43.8530699Z Response headers:
2026-02-19T10:46:43.8530735Z     'Transfer-Encoding': 'chunked'
2026-02-19T10:46:43.8530769Z     'Content-Type': 'application/json; charset=utf-8'
2026-02-19T10:46:43.8530798Z     'Server': 'Microsoft-HTTPAPI/2.0'
2026-02-19T10:46:43.8530826Z     'Strict-Transport-Security': 'REDACTED'
2026-02-19T10:46:43.8530855Z     'X-Content-Type-Options': 'REDACTED'
2026-02-19T10:46:43.8530882Z     'Date': 'Thu, 19 Feb 2026 10:46:43 GMT'
2026-02-19T10:46:43.8535459Z 2026-02-19 10:46:43,853 - azure.monitor.opentelemetry.exporter.export._base - INFO - Transmission succeeded: Item received: 15. Items accepted: 15
2026-02-19T10:46:44.2003192Z 2026-02-19 10:46:44,199 - azure.core.pipeline.policies.http_logging_policy - INFO - Request URL: 'https://westus2-2.in.applicationinsights.azure.com//v2.1/track'
2026-02-19T10:46:44.2003600Z Request method: 'POST'
2026-02-19T10:46:44.2003628Z Request headers:
2026-02-19T10:46:44.2003651Z     'Content-Type': 'application/json'
2026-02-19T10:46:44.2003671Z     'Content-Length': '19798'
2026-02-19T10:46:44.2003690Z     'Accept': 'application/json'
2026-02-19T10:46:44.2003714Z     'x-ms-client-request-id': '481c8194-0d80-11f1-99b0-eeaa766865b8'
2026-02-19T10:46:44.2003737Z     'User-Agent': 'azsdk-python-azuremonitorclient/unknown Python/3.11.14 (Linux-6.6.119.3-1.azl3-x86_64-with-glibc2.31)'
2026-02-19T10:46:44.2003754Z A body is sent with the request
2026-02-19T10:46:44.3397585Z 2026-02-19 10:46:44,339 - azure.core.pipeline.policies.http_logging_policy - INFO - Response status: 200
2026-02-19T10:46:44.3398237Z Response headers:
2026-02-19T10:46:44.3398266Z     'Transfer-Encoding': 'chunked'
2026-02-19T10:46:44.3398288Z     'Content-Type': 'application/json; charset=utf-8'
2026-02-19T10:46:44.3398309Z     'Server': 'Microsoft-HTTPAPI/2.0'
2026-02-19T10:46:44.3398331Z     'Strict-Transport-Security': 'REDACTED'
2026-02-19T10:46:44.3398352Z     'X-Content-Type-Options': 'REDACTED'
2026-02-19T10:46:44.3398374Z     'Date': 'Thu, 19 Feb 2026 10:46:43 GMT'
2026-02-19T10:46:44.3403371Z 2026-02-19 10:46:44,339 - azure.monitor.opentelemetry.exporter.export._base - INFO - Transmission succeeded: Item received: 17. Items accepted: 17
2026-02-19T10:46:45.1951562Z 2026-02-19 10:46:45,194 - app.main - INFO - Background scan completed: 813 results
2026-02-19T10:46:46.4193132Z 2026-02-19 10:46:46,418 - azure.core.pipeline.policies.http_logging_policy - INFO - Request URL: 'https://westus2-2.in.applicationinsights.azure.com//v2.1/track'
2026-02-19T10:46:46.4193506Z Request method: 'POST'
2026-02-19T10:46:46.4193532Z Request headers:
2026-02-19T10:46:46.4193552Z     'Content-Type': 'application/json'
2026-02-19T10:46:46.4193573Z     'Content-Length': '7440'
2026-02-19T10:46:46.4193591Z     'Accept': 'application/json'
2026-02-19T10:46:46.4193612Z     'x-ms-client-request-id': '496f1322-0d80-11f1-9207-eeaa766865b8'
2026-02-19T10:46:46.4193639Z     'User-Agent': 'azsdk-python-azuremonitorclient/unknown Python/3.11.14 (Linux-6.6.119.3-1.azl3-x86_64-with-glibc2.31)'
2026-02-19T10:46:46.4193660Z A body is sent with the request
2026-02-19T10:46:46.5765069Z 2026-02-19 10:46:46,576 - azure.core.pipeline.policies.http_logging_policy - INFO - Response status: 200
2026-02-19T10:46:46.5765463Z Response headers:
2026-02-19T10:46:46.5765557Z     'Transfer-Encoding': 'chunked'
2026-02-19T10:46:46.5765579Z     'Content-Type': 'application/json; charset=utf-8'
2026-02-19T10:46:46.5765599Z     'Server': 'Microsoft-HTTPAPI/2.0'
2026-02-19T10:46:46.5765617Z     'Strict-Transport-Security': 'REDACTED'
2026-02-19T10:46:46.5765635Z     'X-Content-Type-Options': 'REDACTED'
2026-02-19T10:46:46.5765652Z     'Date': 'Thu, 19 Feb 2026 10:46:46 GMT'
2026-02-19T10:46:46.5770666Z 2026-02-19 10:46:46,576 - azure.monitor.opentelemetry.exporter.export._base - INFO - Transmission succeeded: Item received: 6. Items accepted: 6
2026-02-19T10:46:49.3418775Z 2026-02-19 10:46:49,341 - azure.core.pipeline.policies.http_logging_policy - INFO - Request URL: 'https://westus2-2.in.applicationinsights.azure.com//v2.1/track'
2026-02-19T10:46:49.3419383Z Request method: 'POST'
2026-02-19T10:46:49.3419409Z Request headers:
2026-02-19T10:46:49.3419500Z     'Content-Type': 'application/json'
2026-02-19T10:46:49.3419516Z     'Content-Length': '4659'
2026-02-19T10:46:49.3419534Z     'Accept': 'application/json'
2026-02-19T10:46:49.3419554Z     'x-ms-client-request-id': '4b2d0ebc-0d80-11f1-99b0-eeaa766865b8'
2026-02-19T10:46:49.3419578Z     'User-Agent': 'azsdk-python-azuremonitorclient/unknown Python/3.11.14 (Linux-6.6.119.3-1.azl3-x86_64-with-glibc2.31)'
2026-02-19T10:46:49.3419598Z A body is sent with the request
2026-02-19T10:46:49.4389753Z 2026-02-19 10:46:49,438 - azure.core.pipeline.policies.http_logging_policy - INFO - Response status: 200
2026-02-19T10:46:49.4390346Z Response headers:
2026-02-19T10:46:49.4390384Z     'Transfer-Encoding': 'chunked'
2026-02-19T10:46:49.4390407Z     'Content-Type': 'application/json; charset=utf-8'
2026-02-19T10:46:49.4390484Z     'Server': 'Microsoft-HTTPAPI/2.0'
2026-02-19T10:46:49.4390511Z     'Strict-Transport-Security': 'REDACTED'
2026-02-19T10:46:49.4390530Z     'X-Content-Type-Options': 'REDACTED'
2026-02-19T10:46:49.4390551Z     'Date': 'Thu, 19 Feb 2026 10:46:49 GMT'
2026-02-19T10:46:49.4394529Z 2026-02-19 10:46:49,439 - azure.monitor.opentelemetry.exporter.export._base - INFO - Transmission succeeded: Item received: 4. Items accepted: 4
2026-02-19T10:46:51.5785111Z 2026-02-19 10:46:51,578 - azure.core.pipeline.policies.http_logging_policy - INFO - Request URL: 'https://westus2-2.in.applicationinsights.azure.com//v2.1/track'
2026-02-19T10:46:51.5785506Z Request method: 'POST'
2026-02-19T10:46:51.5785537Z Request headers:
2026-02-19T10:46:51.5785564Z     'Content-Type': 'application/json'
2026-02-19T10:46:51.5785584Z     'Content-Length': '3720'
2026-02-19T10:46:51.5785667Z     'Accept': 'application/json'
2026-02-19T10:46:51.5785694Z     'x-ms-client-request-id': '4c825844-0d80-11f1-9207-eeaa766865b8'
2026-02-19T10:46:51.5785721Z     'User-Agent': 'azsdk-python-azuremonitorclient/unknown Python/3.11.14 (Linux-6.6.119.3-1.azl3-x86_64-with-glibc2.31)'
2026-02-19T10:46:51.5785742Z A body is sent with the request
2026-02-19T10:46:51.7030508Z 2026-02-19 10:46:51,702 - azure.core.pipeline.policies.http_logging_policy - INFO - Response status: 200
2026-02-19T10:46:51.7030899Z Response headers:
2026-02-19T10:46:51.7030931Z     'Transfer-Encoding': 'chunked'
2026-02-19T10:46:51.7030952Z     'Content-Type': 'application/json; charset=utf-8'
2026-02-19T10:46:51.7030971Z     'Server': 'Microsoft-HTTPAPI/2.0'
2026-02-19T10:46:51.7030992Z     'Strict-Transport-Security': 'REDACTED'
2026-02-19T10:46:51.7031011Z     'X-Content-Type-Options': 'REDACTED'
2026-02-19T10:46:51.7031095Z     'Date': 'Thu, 19 Feb 2026 10:46:51 GMT'
2026-02-19T10:46:51.7036046Z 2026-02-19 10:46:51,703 - azure.monitor.opentelemetry.exporter.export._base - INFO - Transmission succeeded: Item received: 3. Items accepted: 3
2026-02-19T10:46:54.4409941Z 2026-02-19 10:46:54,440 - azure.core.pipeline.policies.http_logging_policy - INFO - Request URL: 'https://westus2-2.in.applicationinsights.azure.com//v2.1/track'
2026-02-19T10:46:54.4410331Z Request method: 'POST'
2026-02-19T10:46:54.4410362Z Request headers:
2026-02-19T10:46:54.4410389Z     'Content-Type': 'application/json'
2026-02-19T10:46:54.4410411Z     'Content-Length': '3720'
2026-02-19T10:46:54.4410430Z     'Accept': 'application/json'
2026-02-19T10:46:54.4410452Z     'x-ms-client-request-id': '4e372020-0d80-11f1-99b0-eeaa766865b8'
2026-02-19T10:46:54.4410536Z     'User-Agent': 'azsdk-python-azuremonitorclient/unknown Python/3.11.14 (Linux-6.6.119.3-1.azl3-x86_64-with-glibc2.31)'
2026-02-19T10:46:54.4410560Z A body is sent with the request
2026-02-19T10:46:54.5498144Z 2026-02-19 10:46:54,549 - azure.core.pipeline.policies.http_logging_policy - INFO - Response status: 200
2026-02-19T10:46:54.5498488Z Response headers:
2026-02-19T10:46:54.5498518Z     'Transfer-Encoding': 'chunked'
2026-02-19T10:46:54.5498538Z     'Content-Type': 'application/json; charset=utf-8'
2026-02-19T10:46:54.5498562Z     'Server': 'Microsoft-HTTPAPI/2.0'
2026-02-19T10:46:54.5498582Z     'Strict-Transport-Security': 'REDACTED'
2026-02-19T10:46:54.5498603Z     'X-Content-Type-Options': 'REDACTED'
2026-02-19T10:46:54.5498622Z     'Date': 'Thu, 19 Feb 2026 10:46:54 GMT'
2026-02-19T10:46:54.5499027Z 2026-02-19 10:46:54,549 - azure.monitor.opentelemetry.exporter.export._base - INFO - Transmission succeeded: Item received: 3. Items accepted: 3
2026-02-19T10:46:56.7059072Z 2026-02-19 10:46:56,705 - azure.core.pipeline.policies.http_logging_policy - INFO - Request URL: 'https://westus2-2.in.applicationinsights.azure.com//v2.1/track'
2026-02-19T10:46:56.7059462Z Request method: 'POST'
2026-02-19T10:46:56.7059489Z Request headers:
2026-02-19T10:46:56.7059510Z     'Content-Type': 'application/json'
2026-02-19T10:46:56.7059530Z     'Content-Length': '3720'
2026-02-19T10:46:56.7059552Z     'Accept': 'application/json'
2026-02-19T10:46:56.7059572Z     'x-ms-client-request-id': '4f90b99a-0d80-11f1-9207-eeaa766865b8'
2026-02-19T10:46:56.7059597Z     'User-Agent': 'azsdk-python-azuremonitorclient/unknown Python/3.11.14 (Linux-6.6.119.3-1.azl3-x86_64-with-glibc2.31)'
2026-02-19T10:46:56.7059617Z A body is sent with the request
2026-02-19T10:46:56.8237415Z 2026-02-19 10:46:56,823 - azure.core.pipeline.policies.http_logging_policy - INFO - Response status: 200
2026-02-19T10:46:56.8237813Z Response headers:
2026-02-19T10:46:56.8237837Z     'Transfer-Encoding': 'chunked'
2026-02-19T10:46:56.8237856Z     'Content-Type': 'application/json; charset=utf-8'
2026-02-19T10:46:56.8237874Z     'Server': 'Microsoft-HTTPAPI/2.0'
2026-02-19T10:46:56.8237890Z     'Strict-Transport-Security': 'REDACTED'
2026-02-19T10:46:56.8237909Z     'X-Content-Type-Options': 'REDACTED'
2026-02-19T10:46:56.8237929Z     'Date': 'Thu, 19 Feb 2026 10:46:56 GMT'
2026-02-19T10:46:56.8244033Z 2026-02-19 10:46:56,823 - azure.monitor.opentelemetry.exporter.export._base - INFO - Transmission succeeded: Item received: 3. Items accepted: 3
2026-02-19T10:46:59.5517181Z 2026-02-19 10:46:59,551 - azure.core.pipeline.policies.http_logging_policy - INFO - Request URL: 'https://westus2-2.in.applicationinsights.azure.com//v2.1/track'
2026-02-19T10:46:59.5517614Z Request method: 'POST'
2026-02-19T10:46:59.5517642Z Request headers:
2026-02-19T10:46:59.5517663Z     'Content-Type': 'application/json'
2026-02-19T10:46:59.5517683Z     'Content-Length': '3720'
2026-02-19T10:46:59.5517702Z     'Accept': 'application/json'
2026-02-19T10:46:59.5517725Z     'x-ms-client-request-id': '5142f410-0d80-11f1-99b0-eeaa766865b8'
2026-02-19T10:46:59.5517751Z     'User-Agent': 'azsdk-python-azuremonitorclient/unknown Python/3.11.14 (Linux-6.6.119.3-1.azl3-x86_64-with-glibc2.31)'
2026-02-19T10:46:59.5517772Z A body is sent with the request
2026-02-19T10:46:59.6557097Z 2026-02-19 10:46:59,655 - azure.core.pipeline.policies.http_logging_policy - INFO - Response status: 200
2026-02-19T10:46:59.6557432Z Response headers:
2026-02-19T10:46:59.6557464Z     'Transfer-Encoding': 'chunked'
2026-02-19T10:46:59.6557528Z     'Content-Type': 'application/json; charset=utf-8'
2026-02-19T10:46:59.6557549Z     'Server': 'Microsoft-HTTPAPI/2.0'
2026-02-19T10:46:59.6557568Z     'Strict-Transport-Security': 'REDACTED'
2026-02-19T10:46:59.6557586Z     'X-Content-Type-Options': 'REDACTED'
2026-02-19T10:46:59.6557605Z     'Date': 'Thu, 19 Feb 2026 10:46:59 GMT'
2026-02-19T10:46:59.6562829Z 2026-02-19 10:46:59,655 - azure.monitor.opentelemetry.exporter.export._base - INFO - Transmission succeeded: Item received: 3. Items accepted: 3
2026-02-19T10:47:01.8257601Z 2026-02-19 10:47:01,825 - azure.core.pipeline.policies.http_logging_policy - INFO - Request URL: 'https://westus2-2.in.applicationinsights.azure.com//v2.1/track'
2026-02-19T10:47:01.8258195Z Request method: 'POST'
2026-02-19T10:47:01.8258222Z Request headers:
2026-02-19T10:47:01.8258239Z     'Content-Type': 'application/json'
2026-02-19T10:47:01.8258315Z     'Content-Length': '3720'
2026-02-19T10:47:01.8258335Z     'Accept': 'application/json'
2026-02-19T10:47:01.8258354Z     'x-ms-client-request-id': '529dee8c-0d80-11f1-9207-eeaa766865b8'
2026-02-19T10:47:01.8258377Z     'User-Agent': 'azsdk-python-azuremonitorclient/unknown Python/3.11.14 (Linux-6.6.119.3-1.azl3-x86_64-with-glibc2.31)'
2026-02-19T10:47:01.8258398Z A body is sent with the request
2026-02-19T10:47:01.9536147Z 2026-02-19 10:47:01,953 - azure.core.pipeline.policies.http_logging_policy - INFO - Response status: 200
2026-02-19T10:47:01.9536553Z Response headers:
2026-02-19T10:47:01.9536586Z     'Transfer-Encoding': 'chunked'
2026-02-19T10:47:01.9536606Z     'Content-Type': 'application/json; charset=utf-8'
2026-02-19T10:47:01.9536628Z     'Server': 'Microsoft-HTTPAPI/2.0'
2026-02-19T10:47:01.9536707Z     'Strict-Transport-Security': 'REDACTED'
2026-02-19T10:47:01.9536728Z     'X-Content-Type-Options': 'REDACTED'
2026-02-19T10:47:01.9536747Z     'Date': 'Thu, 19 Feb 2026 10:47:01 GMT'
2026-02-19T10:47:01.9544510Z 2026-02-19 10:47:01,953 - azure.monitor.opentelemetry.exporter.export._base - INFO - Transmission succeeded: Item received: 3. Items accepted: 3
2026-02-19T10:47:04.6578519Z 2026-02-19 10:47:04,657 - azure.core.pipeline.policies.http_logging_policy - INFO - Request URL: 'https://westus2-2.in.applicationinsights.azure.com//v2.1/track'
2026-02-19T10:47:04.6578840Z Request method: 'POST'
2026-02-19T10:47:04.6578866Z Request headers:
2026-02-19T10:47:04.6578891Z     'Content-Type': 'application/json'
2026-02-19T10:47:04.6578909Z     'Content-Length': '3720'
2026-02-19T10:47:04.6578932Z     'Accept': 'application/json'
2026-02-19T10:47:04.6579007Z     'x-ms-client-request-id': '544e1950-0d80-11f1-99b0-eeaa766865b8'
2026-02-19T10:47:04.6579034Z     'User-Agent': 'azsdk-python-azuremonitorclient/unknown Python/3.11.14 (Linux-6.6.119.3-1.azl3-x86_64-with-glibc2.31)'
2026-02-19T10:47:04.6579051Z A body is sent with the request
2026-02-19T10:47:04.8571682Z 2026-02-19 10:47:04,856 - azure.core.pipeline.policies.http_logging_policy - INFO - Response status: 200
2026-02-19T10:47:04.8572059Z Response headers:
2026-02-19T10:47:04.8572089Z     'Transfer-Encoding': 'chunked'
2026-02-19T10:47:04.8572118Z     'Content-Type': 'application/json; charset=utf-8'
2026-02-19T10:47:04.8572136Z     'Server': 'Microsoft-HTTPAPI/2.0'
2026-02-19T10:47:04.8572154Z     'Strict-Transport-Security': 'REDACTED'
2026-02-19T10:47:04.8572172Z     'X-Content-Type-Options': 'REDACTED'
2026-02-19T10:47:04.8572190Z     'Date': 'Thu, 19 Feb 2026 10:47:04 GMT'
2026-02-19T10:47:04.8578787Z 2026-02-19 10:47:04,857 - azure.monitor.opentelemetry.exporter.export._base - INFO - Transmission succeeded: Item received: 3. Items accepted: 3
2026-02-19T10:47:06.9560788Z 2026-02-19 10:47:06,955 - azure.core.pipeline.policies.http_logging_policy - INFO - Request URL: 'https://westus2-2.in.applicationinsights.azure.com//v2.1/track'
2026-02-19T10:47:06.9561185Z Request method: 'POST'
2026-02-19T10:47:06.9561212Z Request headers:
2026-02-19T10:47:06.9561232Z     'Content-Type': 'application/json'
2026-02-19T10:47:06.9561252Z     'Content-Length': '3720'
2026-02-19T10:47:06.9561269Z     'Accept': 'application/json'
2026-02-19T10:47:06.9561288Z     'x-ms-client-request-id': '55acc5ee-0d80-11f1-9207-eeaa766865b8'
2026-02-19T10:47:06.9561310Z     'User-Agent': 'azsdk-python-azuremonitorclient/unknown Python/3.11.14 (Linux-6.6.119.3-1.azl3-x86_64-with-glibc2.31)'
2026-02-19T10:47:06.9561389Z A body is sent with the request
2026-02-19T10:47:07.0768515Z 2026-02-19 10:47:07,076 - azure.core.pipeline.policies.http_logging_policy - INFO - Response status: 200
2026-02-19T10:47:07.0768954Z Response headers:
2026-02-19T10:47:07.0768988Z     'Transfer-Encoding': 'chunked'
2026-02-19T10:47:07.0769016Z     'Content-Type': 'application/json; charset=utf-8'
2026-02-19T10:47:07.0769039Z     'Server': 'Microsoft-HTTPAPI/2.0'
2026-02-19T10:47:07.0769066Z     'Strict-Transport-Security': 'REDACTED'
2026-02-19T10:47:07.0769094Z     'X-Content-Type-Options': 'REDACTED'
2026-02-19T10:47:07.0769120Z     'Date': 'Thu, 19 Feb 2026 10:47:06 GMT'
2026-02-19T10:47:07.0777912Z 2026-02-19 10:47:07,077 - azure.monitor.opentelemetry.exporter.export._base - INFO - Transmission succeeded: Item received: 3. Items accepted: 3
2026-02-19T10:47:09.8599548Z 2026-02-19 10:47:09,859 - azure.core.pipeline.policies.http_logging_policy - INFO - Request URL: 'https://westus2-2.in.applicationinsights.azure.com//v2.1/track'
2026-02-19T10:47:09.8599955Z Request method: 'POST'
2026-02-19T10:47:09.8599984Z Request headers:
2026-02-19T10:47:09.8616446Z     'Content-Type': 'application/json'
2026-02-19T10:47:09.8616485Z     'Content-Length': '3719'
2026-02-19T10:47:09.8616509Z     'Accept': 'application/json'
2026-02-19T10:47:09.8616538Z     'x-ms-client-request-id': '5767cae6-0d80-11f1-99b0-eeaa766865b8'
2026-02-19T10:47:09.8633465Z     'User-Agent': 'azsdk-python-azuremonitorclient/unknown Python/3.11.14 (Linux-6.6.119.3-1.azl3-x86_64-with-glibc2.31)'
2026-02-19T10:47:09.8634241Z A body is sent with the request
2026-02-19T10:47:09.9714790Z 2026-02-19 10:47:09,970 - azure.core.pipeline.policies.http_logging_policy - INFO - Response status: 200
2026-02-19T10:47:09.9715557Z Response headers:
2026-02-19T10:47:09.9715589Z     'Transfer-Encoding': 'chunked'
2026-02-19T10:47:09.9715608Z     'Content-Type': 'application/json; charset=utf-8'
2026-02-19T10:47:09.9715626Z     'Server': 'Microsoft-HTTPAPI/2.0'
2026-02-19T10:47:09.9715644Z     'Strict-Transport-Security': 'REDACTED'
2026-02-19T10:47:09.9715662Z     'X-Content-Type-Options': 'REDACTED'
2026-02-19T10:47:09.9715680Z     'Date': 'Thu, 19 Feb 2026 10:47:09 GMT'
2026-02-19T10:47:09.9715704Z 2026-02-19 10:47:09,971 - azure.monitor.opentelemetry.exporter.export._base - INFO - Transmission succeeded: Item received: 3. Items accepted: 3
2026-02-19T10:47:12.1002295Z 2026-02-19 10:47:12,096 - azure.core.pipeline.policies.http_logging_policy - INFO - Request URL: 'https://westus2-2.in.applicationinsights.azure.com//v2.1/track'
2026-02-19T10:47:12.1002822Z Request method: 'POST'
2026-02-19T10:47:12.1002849Z Request headers:
2026-02-19T10:47:12.1003164Z     'Content-Type': 'application/json'
2026-02-19T10:47:12.1003184Z     'Content-Length': '3720'
2026-02-19T10:47:12.1003200Z     'Accept': 'application/json'
2026-02-19T10:47:12.1003218Z     'x-ms-client-request-id': '58bd2d1e-0d80-11f1-9207-eeaa766865b8'
2026-02-19T10:47:12.1003239Z     'User-Agent': 'azsdk-python-azuremonitorclient/unknown Python/3.11.14 (Linux-6.6.119.3-1.azl3-x86_64-with-glibc2.31)'
2026-02-19T10:47:12.1003256Z A body is sent with the request
2026-02-19T10:47:12.1915523Z 2026-02-19 10:47:12,191 - azure.core.pipeline.policies.http_logging_policy - INFO - Response status: 200
2026-02-19T10:47:12.1916012Z Response headers:
2026-02-19T10:47:12.1916044Z     'Transfer-Encoding': 'chunked'
2026-02-19T10:47:12.1916066Z     'Content-Type': 'application/json; charset=utf-8'
2026-02-19T10:47:12.1916150Z     'Server': 'Microsoft-HTTPAPI/2.0'
2026-02-19T10:47:12.1916171Z     'Strict-Transport-Security': 'REDACTED'
2026-02-19T10:47:12.1916188Z     'X-Content-Type-Options': 'REDACTED'
2026-02-19T10:47:12.1916205Z     'Date': 'Thu, 19 Feb 2026 10:47:11 GMT'
2026-02-19T10:47:12.1968236Z 2026-02-19 10:47:12,191 - azure.monitor.opentelemetry.exporter.export._base - INFO - Transmission succeeded: Item received: 3. Items accepted: 3
2026-02-19T10:47:14.9968083Z 2026-02-19 10:47:14,989 - azure.core.pipeline.policies.http_logging_policy - INFO - Request URL: 'https://westus2-2.in.applicationinsights.azure.com//v2.1/track'
2026-02-19T10:47:14.9968435Z Request method: 'POST'
2026-02-19T10:47:14.9968464Z Request headers:
2026-02-19T10:47:14.9968487Z     'Content-Type': 'application/json'
2026-02-19T10:47:14.9968509Z     'Content-Length': '3720'
2026-02-19T10:47:14.9968592Z     'Accept': 'application/json'
2026-02-19T10:47:14.9968617Z     'x-ms-client-request-id': '5a7636fa-0d80-11f1-99b0-eeaa766865b8'
2026-02-19T10:47:14.9968642Z     'User-Agent': 'azsdk-python-azuremonitorclient/unknown Python/3.11.14 (Linux-6.6.119.3-1.azl3-x86_64-with-glibc2.31)'
2026-02-19T10:47:14.9968662Z A body is sent with the request
2026-02-19T10:47:15.1479655Z 2026-02-19 10:47:15,146 - azure.core.pipeline.policies.http_logging_policy - INFO - Response status: 200
2026-02-19T10:47:15.1530413Z Response headers:
2026-02-19T10:47:15.1530499Z     'Transfer-Encoding': 'chunked'
2026-02-19T10:47:15.1530522Z     'Content-Type': 'application/json; charset=utf-8'
2026-02-19T10:47:15.1530540Z     'Server': 'Microsoft-HTTPAPI/2.0'
2026-02-19T10:47:15.1530561Z     'Strict-Transport-Security': 'REDACTED'
2026-02-19T10:47:15.1530584Z     'X-Content-Type-Options': 'REDACTED'
2026-02-19T10:47:15.1530669Z     'Date': 'Thu, 19 Feb 2026 10:47:14 GMT'
2026-02-19T10:47:15.1530691Z 2026-02-19 10:47:15,147 - azure.monitor.opentelemetry.exporter.export._base - INFO - Transmission succeeded: Item received: 3. Items accepted: 3
2026-02-19T10:47:17.2039830Z 2026-02-19 10:47:17,203 - azure.core.pipeline.policies.http_logging_policy - INFO - Request URL: 'https://westus2-2.in.applicationinsights.azure.com//v2.1/track'
2026-02-19T10:47:17.2041886Z Request method: 'POST'
2026-02-19T10:47:17.2041917Z Request headers:
2026-02-19T10:47:17.2042203Z     'Content-Type': 'application/json'
2026-02-19T10:47:17.2042231Z     'Content-Length': '3720'
2026-02-19T10:47:17.2042254Z     'Accept': 'application/json'
2026-02-19T10:47:17.2042282Z     'x-ms-client-request-id': '5bc7f8fe-0d80-11f1-9207-eeaa766865b8'
2026-02-19T10:47:17.2042312Z     'User-Agent': 'azsdk-python-azuremonitorclient/unknown Python/3.11.14 (Linux-6.6.119.3-1.azl3-x86_64-with-glibc2.31)'
2026-02-19T10:47:17.2042391Z A body is sent with the request
2026-02-19T10:47:17.3777779Z 2026-02-19 10:47:17,370 - azure.core.pipeline.policies.http_logging_policy - INFO - Response status: 200
2026-02-19T10:47:17.3778194Z Response headers:
2026-02-19T10:47:17.3778222Z     'Transfer-Encoding': 'chunked'
2026-02-19T10:47:17.3778245Z     'Content-Type': 'application/json; charset=utf-8'
2026-02-19T10:47:17.3778265Z     'Server': 'Microsoft-HTTPAPI/2.0'
2026-02-19T10:47:17.3778281Z     'Strict-Transport-Security': 'REDACTED'
2026-02-19T10:47:17.3778298Z     'X-Content-Type-Options': 'REDACTED'
2026-02-19T10:47:17.3778315Z     'Date': 'Thu, 19 Feb 2026 10:47:16 GMT'
2026-02-19T10:47:17.3778337Z 2026-02-19 10:47:17,371 - azure.monitor.opentelemetry.exporter.export._base - INFO - Transmission succeeded: Item received: 3. Items accepted: 3
2026-02-19T10:47:20.1496853Z 2026-02-19 10:47:20,149 - azure.core.pipeline.policies.http_logging_policy - INFO - Request URL: 'https://westus2-2.in.applicationinsights.azure.com//v2.1/track'
2026-02-19T10:47:20.1497228Z Request method: 'POST'
2026-02-19T10:47:20.1497258Z Request headers:
2026-02-19T10:47:20.1497278Z     'Content-Type': 'application/json'
2026-02-19T10:47:20.1497299Z     'Content-Length': '3720'
2026-02-19T10:47:20.1497323Z     'Accept': 'application/json'
2026-02-19T10:47:20.1497345Z     'x-ms-client-request-id': '5d89f3e0-0d80-11f1-99b0-eeaa766865b8'
2026-02-19T10:47:20.1497369Z     'User-Agent': 'azsdk-python-azuremonitorclient/unknown Python/3.11.14 (Linux-6.6.119.3-1.azl3-x86_64-with-glibc2.31)'
2026-02-19T10:47:20.1497388Z A body is sent with the request
2026-02-19T10:47:20.2519423Z 2026-02-19 10:47:20,251 - azure.core.pipeline.policies.http_logging_policy - INFO - Response status: 200
2026-02-19T10:47:20.2519889Z Response headers:
2026-02-19T10:47:20.2519915Z     'Transfer-Encoding': 'chunked'
2026-02-19T10:47:20.2519935Z     'Content-Type': 'application/json; charset=utf-8'
2026-02-19T10:47:20.2519956Z     'Server': 'Microsoft-HTTPAPI/2.0'
2026-02-19T10:47:20.2519977Z     'Strict-Transport-Security': 'REDACTED'
2026-02-19T10:47:20.2519997Z     'X-Content-Type-Options': 'REDACTED'
2026-02-19T10:47:20.2520017Z     'Date': 'Thu, 19 Feb 2026 10:47:19 GMT'
2026-02-19T10:47:20.2525553Z 2026-02-19 10:47:20,252 - azure.monitor.opentelemetry.exporter.export._base - INFO - Transmission succeeded: Item received: 3. Items accepted: 3
2026-02-19T10:47:22.3751792Z 2026-02-19 10:47:22,374 - azure.core.pipeline.policies.http_logging_policy - INFO - Request URL: 'https://westus2-2.in.applicationinsights.azure.com//v2.1/track'
2026-02-19T10:47:22.3752178Z Request method: 'POST'
2026-02-19T10:47:22.3752201Z Request headers:
2026-02-19T10:47:22.3752223Z     'Content-Type': 'application/json'
2026-02-19T10:47:22.3752241Z     'Content-Length': '3719'
2026-02-19T10:47:22.3752262Z     'Accept': 'application/json'
2026-02-19T10:47:22.3752285Z     'x-ms-client-request-id': '5edd8ac2-0d80-11f1-9207-eeaa766865b8'
2026-02-19T10:47:22.3752309Z     'User-Agent': 'azsdk-python-azuremonitorclient/unknown Python/3.11.14 (Linux-6.6.119.3-1.azl3-x86_64-with-glibc2.31)'
2026-02-19T10:47:22.3752330Z A body is sent with the request
2026-02-19T10:47:22.4696804Z 2026-02-19 10:47:22,469 - azure.core.pipeline.policies.http_logging_policy - INFO - Response status: 200
2026-02-19T10:47:22.4697195Z Response headers:
2026-02-19T10:47:22.4697290Z     'Transfer-Encoding': 'chunked'
2026-02-19T10:47:22.4697311Z     'Content-Type': 'application/json; charset=utf-8'
2026-02-19T10:47:22.4697328Z     'Server': 'Microsoft-HTTPAPI/2.0'
2026-02-19T10:47:22.4697347Z     'Strict-Transport-Security': 'REDACTED'
2026-02-19T10:47:22.4697364Z     'X-Content-Type-Options': 'REDACTED'
2026-02-19T10:47:22.4697382Z     'Date': 'Thu, 19 Feb 2026 10:47:21 GMT'
2026-02-19T10:47:22.4702515Z 2026-02-19 10:47:22,469 - azure.monitor.opentelemetry.exporter.export._base - INFO - Transmission succeeded: Item received: 3. Items accepted: 3
2026-02-19T10:47:25.2549072Z 2026-02-19 10:47:25,254 - azure.core.pipeline.policies.http_logging_policy - INFO - Request URL: 'https://westus2-2.in.applicationinsights.azure.com//v2.1/track'
2026-02-19T10:47:25.2549462Z Request method: 'POST'
2026-02-19T10:47:25.2549489Z Request headers:
2026-02-19T10:47:25.2549577Z     'Content-Type': 'application/json'
2026-02-19T10:47:25.2549598Z     'Content-Length': '3720'
2026-02-19T10:47:25.2549617Z     'Accept': 'application/json'
2026-02-19T10:47:25.2549637Z     'x-ms-client-request-id': '6094e6d0-0d80-11f1-99b0-eeaa766865b8'
2026-02-19T10:47:25.2549661Z     'User-Agent': 'azsdk-python-azuremonitorclient/unknown Python/3.11.14 (Linux-6.6.119.3-1.azl3-x86_64-with-glibc2.31)'
2026-02-19T10:47:25.2549678Z A body is sent with the request
2026-02-19T10:47:25.3447907Z 2026-02-19 10:47:25,344 - azure.core.pipeline.policies.http_logging_policy - INFO - Response status: 200
2026-02-19T10:47:25.3448310Z Response headers:
2026-02-19T10:47:25.3448342Z     'Transfer-Encoding': 'chunked'
2026-02-19T10:47:25.3448363Z     'Content-Type': 'application/json; charset=utf-8'
2026-02-19T10:47:25.3448452Z     'Server': 'Microsoft-HTTPAPI/2.0'
2026-02-19T10:47:25.3448472Z     'Strict-Transport-Security': 'REDACTED'
2026-02-19T10:47:25.3448492Z     'X-Content-Type-Options': 'REDACTED'
2026-02-19T10:47:25.3448512Z     'Date': 'Thu, 19 Feb 2026 10:47:24 GMT'
2026-02-19T10:47:25.3458392Z 2026-02-19 10:47:25,344 - azure.monitor.opentelemetry.exporter.export._base - INFO - Transmission succeeded: Item received: 3. Items accepted: 3
2026-02-19T10:47:27.4799084Z 2026-02-19 10:47:27,477 - azure.core.pipeline.policies.http_logging_policy - INFO - Request URL: 'https://westus2-2.in.applicationinsights.azure.com//v2.1/track'
2026-02-19T10:47:27.4799468Z Request method: 'POST'
2026-02-19T10:47:27.4799493Z Request headers:
2026-02-19T10:47:27.4799512Z     'Content-Type': 'application/json'
2026-02-19T10:47:27.4799530Z     'Content-Length': '3720'
2026-02-19T10:47:27.4799604Z     'Accept': 'application/json'
2026-02-19T10:47:27.4799626Z     'x-ms-client-request-id': '61e82024-0d80-11f1-9207-eeaa766865b8'
2026-02-19T10:47:27.4799649Z     'User-Agent': 'azsdk-python-azuremonitorclient/unknown Python/3.11.14 (Linux-6.6.119.3-1.azl3-x86_64-with-glibc2.31)'
2026-02-19T10:47:27.4799668Z A body is sent with the request
2026-02-19T10:47:27.5568605Z 2026-02-19 10:47:27,556 - azure.core.pipeline.policies.http_logging_policy - INFO - Response status: 200
2026-02-19T10:47:27.5568855Z Response headers:
2026-02-19T10:47:27.5568884Z     'Transfer-Encoding': 'chunked'
2026-02-19T10:47:27.5568906Z     'Content-Type': 'application/json; charset=utf-8'
2026-02-19T10:47:27.5568928Z     'Server': 'Microsoft-HTTPAPI/2.0'
2026-02-19T10:47:27.5568951Z     'Strict-Transport-Security': 'REDACTED'
2026-02-19T10:47:27.5568975Z     'X-Content-Type-Options': 'REDACTED'
2026-02-19T10:47:27.5569054Z     'Date': 'Thu, 19 Feb 2026 10:47:26 GMT'
2026-02-19T10:47:27.5581986Z 2026-02-19 10:47:27,557 - azure.monitor.opentelemetry.exporter.export._base - INFO - Transmission succeeded: Item received: 3. Items accepted: 3
2026-02-19T10:47:30.3471575Z 2026-02-19 10:47:30,346 - azure.core.pipeline.policies.http_logging_policy - INFO - Request URL: 'https://westus2-2.in.applicationinsights.azure.com//v2.1/track'
2026-02-19T10:47:30.3472044Z Request method: 'POST'
2026-02-19T10:47:30.3472072Z Request headers:
2026-02-19T10:47:30.3472092Z     'Content-Type': 'application/json'
2026-02-19T10:47:30.3472112Z     'Content-Length': '3720'
2026-02-19T10:47:30.3472133Z     'Accept': 'application/json'
2026-02-19T10:47:30.3472158Z     'x-ms-client-request-id': '639df70e-0d80-11f1-99b0-eeaa766865b8'
2026-02-19T10:47:30.3472248Z     'User-Agent': 'azsdk-python-azuremonitorclient/unknown Python/3.11.14 (Linux-6.6.119.3-1.azl3-x86_64-with-glibc2.31)'
2026-02-19T10:47:30.3472271Z A body is sent with the request
2026-02-19T10:47:30.5104464Z 2026-02-19 10:47:30,510 - azure.core.pipeline.policies.http_logging_policy - INFO - Response status: 200
2026-02-19T10:47:30.5104861Z Response headers:
2026-02-19T10:47:30.5104887Z     'Transfer-Encoding': 'chunked'
2026-02-19T10:47:30.5104906Z     'Content-Type': 'application/json; charset=utf-8'
2026-02-19T10:47:30.5104925Z     'Server': 'Microsoft-HTTPAPI/2.0'
2026-02-19T10:47:30.5104951Z     'Strict-Transport-Security': 'REDACTED'
2026-02-19T10:47:30.5104970Z     'X-Content-Type-Options': 'REDACTED'
2026-02-19T10:47:30.5104988Z     'Date': 'Thu, 19 Feb 2026 10:47:29 GMT'
2026-02-19T10:47:30.5111072Z 2026-02-19 10:47:30,510 - azure.monitor.opentelemetry.exporter.export._base - INFO - Transmission succeeded: Item received: 3. Items accepted: 3
2026-02-19T10:47:32.5599691Z 2026-02-19 10:47:32,559 - azure.core.pipeline.policies.http_logging_policy - INFO - Request URL: 'https://westus2-2.in.applicationinsights.azure.com//v2.1/track'
2026-02-19T10:47:32.5600415Z Request method: 'POST'
2026-02-19T10:47:32.5600446Z Request headers:
2026-02-19T10:47:32.5600467Z     'Content-Type': 'application/json'
2026-02-19T10:47:32.5600485Z     'Content-Length': '3720'
2026-02-19T10:47:32.5600511Z     'Accept': 'application/json'
2026-02-19T10:47:32.5600535Z     'x-ms-client-request-id': '64ef9b1c-0d80-11f1-9207-eeaa766865b8'
2026-02-19T10:47:32.5600561Z     'User-Agent': 'azsdk-python-azuremonitorclient/unknown Python/3.11.14 (Linux-6.6.119.3-1.azl3-x86_64-with-glibc2.31)'
2026-02-19T10:47:32.5600579Z A body is sent with the request
2026-02-19T10:47:32.6529520Z 2026-02-19 10:47:32,652 - azure.core.pipeline.policies.http_logging_policy - INFO - Response status: 200
2026-02-19T10:47:32.6529959Z Response headers:
2026-02-19T10:47:32.6529986Z     'Transfer-Encoding': 'chunked'
2026-02-19T10:47:32.6530005Z     'Content-Type': 'application/json; charset=utf-8'
2026-02-19T10:47:32.6530022Z     'Server': 'Microsoft-HTTPAPI/2.0'
2026-02-19T10:47:32.6530041Z     'Strict-Transport-Security': 'REDACTED'
2026-02-19T10:47:32.6530059Z     'X-Content-Type-Options': 'REDACTED'
2026-02-19T10:47:32.6530078Z     'Date': 'Thu, 19 Feb 2026 10:47:31 GMT'
2026-02-19T10:47:32.6535677Z 2026-02-19 10:47:32,653 - azure.monitor.opentelemetry.exporter.export._base - INFO - Transmission succeeded: Item received: 3. Items accepted: 3
2026-02-19T10:47:35.5126290Z 2026-02-19 10:47:35,512 - azure.core.pipeline.policies.http_logging_policy - INFO - Request URL: 'https://westus2-2.in.applicationinsights.azure.com//v2.1/track'
2026-02-19T10:47:35.5126875Z Request method: 'POST'
2026-02-19T10:47:35.5126901Z Request headers:
2026-02-19T10:47:35.5126921Z     'Content-Type': 'application/json'
2026-02-19T10:47:35.5126940Z     'Content-Length': '3718'
2026-02-19T10:47:35.5126962Z     'Accept': 'application/json'
2026-02-19T10:47:35.5126983Z     'x-ms-client-request-id': '66b2294c-0d80-11f1-99b0-eeaa766865b8'
2026-02-19T10:47:35.5127005Z     'User-Agent': 'azsdk-python-azuremonitorclient/unknown Python/3.11.14 (Linux-6.6.119.3-1.azl3-x86_64-with-glibc2.31)'
2026-02-19T10:47:35.5127023Z A body is sent with the request
2026-02-19T10:47:35.6510791Z 2026-02-19 10:47:35,650 - azure.core.pipeline.policies.http_logging_policy - INFO - Response status: 200
2026-02-19T10:47:35.6511183Z Response headers:
2026-02-19T10:47:35.6511213Z     'Transfer-Encoding': 'chunked'
2026-02-19T10:47:35.6511295Z     'Content-Type': 'application/json; charset=utf-8'
2026-02-19T10:47:35.6511319Z     'Server': 'Microsoft-HTTPAPI/2.0'
2026-02-19T10:47:35.6511341Z     'Strict-Transport-Security': 'REDACTED'
2026-02-19T10:47:35.6511362Z     'X-Content-Type-Options': 'REDACTED'
2026-02-19T10:47:35.6511381Z     'Date': 'Thu, 19 Feb 2026 10:47:35 GMT'
2026-02-19T10:47:35.6517882Z 2026-02-19 10:47:35,651 - azure.monitor.opentelemetry.exporter.export._base - INFO - Transmission succeeded: Item received: 3. Items accepted: 3
2026-02-19T10:47:37.6548245Z 2026-02-19 10:47:37,654 - azure.core.pipeline.policies.http_logging_policy - INFO - Request URL: 'https://westus2-2.in.applicationinsights.azure.com//v2.1/track'
2026-02-19T10:47:37.6548621Z Request method: 'POST'
2026-02-19T10:47:37.6548650Z Request headers:
2026-02-19T10:47:37.6548672Z     'Content-Type': 'application/json'
2026-02-19T10:47:37.6548747Z     'Content-Length': '3720'
2026-02-19T10:47:37.6548769Z     'Accept': 'application/json'
2026-02-19T10:47:37.6548792Z     'x-ms-client-request-id': '67f90834-0d80-11f1-9207-eeaa766865b8'
2026-02-19T10:47:37.6548816Z     'User-Agent': 'azsdk-python-azuremonitorclient/unknown Python/3.11.14 (Linux-6.6.119.3-1.azl3-x86_64-with-glibc2.31)'
2026-02-19T10:47:37.6548837Z A body is sent with the request
2026-02-19T10:47:37.7034651Z 2026-02-19 10:47:37,703 - azure.core.pipeline.policies.http_logging_policy - INFO - Response status: 200
2026-02-19T10:47:37.7036033Z Response headers:
2026-02-19T10:47:37.7036069Z     'Transfer-Encoding': 'chunked'
2026-02-19T10:47:37.7036095Z     'Content-Type': 'application/json; charset=utf-8'
2026-02-19T10:47:37.7036120Z     'Server': 'Microsoft-HTTPAPI/2.0'
2026-02-19T10:47:37.7036202Z     'Strict-Transport-Security': 'REDACTED'
2026-02-19T10:47:37.7036224Z     'X-Content-Type-Options': 'REDACTED'
2026-02-19T10:47:37.7036244Z     'Date': 'Thu, 19 Feb 2026 10:47:36 GMT'
2026-02-19T10:47:37.7057628Z 2026-02-19 10:47:37,703 - azure.monitor.opentelemetry.exporter.export._base - INFO - Transmission succeeded: Item received: 3. Items accepted: 3
2026-02-19T10:47:40.6532519Z 2026-02-19 10:47:40,652 - azure.core.pipeline.policies.http_logging_policy - INFO - Request URL: 'https://westus2-2.in.applicationinsights.azure.com//v2.1/track'
2026-02-19T10:47:40.6532944Z Request method: 'POST'
2026-02-19T10:47:40.6532984Z Request headers:
2026-02-19T10:47:40.6533010Z     'Content-Type': 'application/json'
2026-02-19T10:47:40.6533039Z     'Content-Length': '3720'
2026-02-19T10:47:40.6533066Z     'Accept': 'application/json'
2026-02-19T10:47:40.6533094Z     'x-ms-client-request-id': '69c28bc2-0d80-11f1-99b0-eeaa766865b8'
2026-02-19T10:47:40.6533125Z     'User-Agent': 'azsdk-python-azuremonitorclient/unknown Python/3.11.14 (Linux-6.6.119.3-1.azl3-x86_64-with-glibc2.31)'
2026-02-19T10:47:40.6533149Z A body is sent with the request
2026-02-19T10:47:40.7553773Z 2026-02-19 10:47:40,755 - azure.core.pipeline.policies.http_logging_policy - INFO - Response status: 200
2026-02-19T10:47:40.7554146Z Response headers:
2026-02-19T10:47:40.7554174Z     'Transfer-Encoding': 'chunked'
2026-02-19T10:47:40.7554195Z     'Content-Type': 'application/json; charset=utf-8'
2026-02-19T10:47:40.7554213Z     'Server': 'Microsoft-HTTPAPI/2.0'
2026-02-19T10:47:40.7554232Z     'Strict-Transport-Security': 'REDACTED'
2026-02-19T10:47:40.7554250Z     'X-Content-Type-Options': 'REDACTED'
2026-02-19T10:47:40.7554270Z     'Date': 'Thu, 19 Feb 2026 10:47:40 GMT'
2026-02-19T10:47:40.7559370Z 2026-02-19 10:47:40,755 - azure.monitor.opentelemetry.exporter.export._base - INFO - Transmission succeeded: Item received: 3. Items accepted: 3
2026-02-19T10:47:41.5784340Z 2026-02-19 10:47:41,578 - azure.core.pipeline.policies.http_logging_policy - INFO - Request URL: 'https://westus2-2.in.applicationinsights.azure.com//v2.1/track'
2026-02-19T10:47:41.5784782Z Request method: 'POST'
2026-02-19T10:47:41.5784810Z Request headers:
2026-02-19T10:47:41.5784831Z     'Content-Type': 'application/json'
2026-02-19T10:47:41.5784851Z     'Content-Length': '1085'
2026-02-19T10:47:41.5784873Z     'Accept': 'application/json'
2026-02-19T10:47:41.5784896Z     'x-ms-client-request-id': '6a4fbb28-0d80-11f1-abd1-eeaa766865b8'
2026-02-19T10:47:41.5784919Z     'User-Agent': 'azsdk-python-azuremonitorclient/unknown Python/3.11.14 (Linux-6.6.119.3-1.azl3-x86_64-with-glibc2.31)'
2026-02-19T10:47:41.5784938Z A body is sent with the request
2026-02-19T10:47:41.5814499Z 2026-02-19 10:47:41,581 - azure.core.pipeline.policies.http_logging_policy - INFO - Response status: 200
2026-02-19T10:47:41.5816474Z Response headers:
2026-02-19T10:47:41.5816516Z     'Transfer-Encoding': 'chunked'
2026-02-19T10:47:41.5816571Z     'Content-Type': 'application/json; charset=utf-8'
2026-02-19T10:47:41.5816592Z     'Server': 'Microsoft-HTTPAPI/2.0'
2026-02-19T10:47:41.5816616Z     'Strict-Transport-Security': 'REDACTED'
2026-02-19T10:47:41.5816642Z     'X-Content-Type-Options': 'REDACTED'
2026-02-19T10:47:41.5816663Z     'Date': 'Thu, 19 Feb 2026 10:47:41 GMT'
2026-02-19T10:47:41.5820692Z 2026-02-19 10:47:41,581 - azure.monitor.opentelemetry.exporter.export._base - INFO - Transmission succeeded: Item received: 1. Items accepted: 1
2026-02-19T10:47:42.7056850Z 2026-02-19 10:47:42,705 - azure.core.pipeline.policies.http_logging_policy - INFO - Request URL: 'https://westus2-2.in.applicationinsights.azure.com//v2.1/track'
2026-02-19T10:47:42.7057272Z Request method: 'POST'
2026-02-19T10:47:42.7057306Z Request headers:
2026-02-19T10:47:42.7057397Z     'Content-Type': 'application/json'
2026-02-19T10:47:42.7057424Z     'Content-Length': '3720'
2026-02-19T10:47:42.7057450Z     'Accept': 'application/json'
2026-02-19T10:47:42.7057478Z     'x-ms-client-request-id': '6afbb914-0d80-11f1-9207-eeaa766865b8'
2026-02-19T10:47:42.7057507Z     'User-Agent': 'azsdk-python-azuremonitorclient/unknown Python/3.11.14 (Linux-6.6.119.3-1.azl3-x86_64-with-glibc2.31)'
2026-02-19T10:47:42.7057528Z A body is sent with the request
2026-02-19T10:47:42.8372002Z 2026-02-19 10:47:42,837 - azure.core.pipeline.policies.http_logging_policy - INFO - Response status: 200
2026-02-19T10:47:42.8372410Z Response headers:
2026-02-19T10:47:42.8372438Z     'Transfer-Encoding': 'chunked'
2026-02-19T10:47:42.8372458Z     'Content-Type': 'application/json; charset=utf-8'
2026-02-19T10:47:42.8372480Z     'Server': 'Microsoft-HTTPAPI/2.0'
2026-02-19T10:47:42.8372562Z     'Strict-Transport-Security': 'REDACTED'
2026-02-19T10:47:42.8372582Z     'X-Content-Type-Options': 'REDACTED'
2026-02-19T10:47:42.8372600Z     'Date': 'Thu, 19 Feb 2026 10:47:41 GMT'
2026-02-19T10:47:42.8377549Z 2026-02-19 10:47:42,837 - azure.monitor.opentelemetry.exporter.export._base - INFO - Transmission succeeded: Item received: 3. Items accepted: 3
2026-02-19T10:47:45.7578903Z 2026-02-19 10:47:45,757 - azure.core.pipeline.policies.http_logging_policy - INFO - Request URL: 'https://westus2-2.in.applicationinsights.azure.com//v2.1/track'
2026-02-19T10:47:45.7579385Z Request method: 'POST'
2026-02-19T10:47:45.7579410Z Request headers:
2026-02-19T10:47:45.7579429Z     'Content-Type': 'application/json'
2026-02-19T10:47:45.7579451Z     'Content-Length': '7440'
2026-02-19T10:47:45.7579475Z     'Accept': 'application/json'
2026-02-19T10:47:45.7579545Z     'x-ms-client-request-id': '6ccd7430-0d80-11f1-99b0-eeaa766865b8'
2026-02-19T10:47:45.7579569Z     'User-Agent': 'azsdk-python-azuremonitorclient/unknown Python/3.11.14 (Linux-6.6.119.3-1.azl3-x86_64-with-glibc2.31)'
2026-02-19T10:47:45.7579587Z A body is sent with the request
2026-02-19T10:47:45.8350106Z 2026-02-19 10:47:45,834 - azure.core.pipeline.policies.http_logging_policy - INFO - Response status: 200
2026-02-19T10:47:45.8350661Z Response headers:
2026-02-19T10:47:45.8350692Z     'Transfer-Encoding': 'chunked'
2026-02-19T10:47:45.8350719Z     'Content-Type': 'application/json; charset=utf-8'
2026-02-19T10:47:45.8350740Z     'Server': 'Microsoft-HTTPAPI/2.0'
2026-02-19T10:47:45.8350761Z     'Strict-Transport-Security': 'REDACTED'
2026-02-19T10:47:45.8350781Z     'X-Content-Type-Options': 'REDACTED'
2026-02-19T10:47:45.8350799Z     'Date': 'Thu, 19 Feb 2026 10:47:45 GMT'
2026-02-19T10:47:45.8355425Z 2026-02-19 10:47:45,835 - azure.monitor.opentelemetry.exporter.export._base - INFO - Transmission succeeded: Item received: 6. Items accepted: 6
2026-02-19T10:47:47.8392319Z 2026-02-19 10:47:47,839 - azure.core.pipeline.policies.http_logging_policy - INFO - Request URL: 'https://westus2-2.in.applicationinsights.azure.com//v2.1/track'
2026-02-19T10:47:47.8392670Z Request method: 'POST'
2026-02-19T10:47:47.8392694Z Request headers:
2026-02-19T10:47:47.8392711Z     'Content-Type': 'application/json'
2026-02-19T10:47:47.8392735Z     'Content-Length': '3720'
2026-02-19T10:47:47.8392755Z     'Accept': 'application/json'
2026-02-19T10:47:47.8392776Z     'x-ms-client-request-id': '6e0b0c54-0d80-11f1-9207-eeaa766865b8'
2026-02-19T10:47:47.8392803Z     'User-Agent': 'azsdk-python-azuremonitorclient/unknown Python/3.11.14 (Linux-6.6.119.3-1.azl3-x86_64-with-glibc2.31)'
2026-02-19T10:47:47.8392875Z A body is sent with the request
2026-02-19T10:47:47.8927754Z 2026-02-19 10:47:47,892 - azure.core.pipeline.policies.http_logging_policy - INFO - Response status: 200
2026-02-19T10:47:47.8928147Z Response headers:
2026-02-19T10:47:47.8928176Z     'Transfer-Encoding': 'chunked'
2026-02-19T10:47:47.8928195Z     'Content-Type': 'application/json; charset=utf-8'
2026-02-19T10:47:47.8928217Z     'Server': 'Microsoft-HTTPAPI/2.0'
2026-02-19T10:47:47.8928236Z     'Strict-Transport-Security': 'REDACTED'
2026-02-19T10:47:47.8928256Z     'X-Content-Type-Options': 'REDACTED'
2026-02-19T10:47:47.8928285Z     'Date': 'Thu, 19 Feb 2026 10:47:46 GMT'
2026-02-19T10:47:47.8932707Z 2026-02-19 10:47:47,892 - azure.monitor.opentelemetry.exporter.export._base - INFO - Transmission succeeded: Item received: 3. Items accepted: 3
2026-02-19T10:47:50.8376915Z 2026-02-19 10:47:50,837 - azure.core.pipeline.policies.http_logging_policy - INFO - Request URL: 'https://westus2-2.in.applicationinsights.azure.com//v2.1/track'
2026-02-19T10:47:50.8377411Z Request method: 'POST'
2026-02-19T10:47:50.8377435Z Request headers:
2026-02-19T10:47:50.8377452Z     'Content-Type': 'application/json'
2026-02-19T10:47:50.8377471Z     'Content-Length': '3720'
2026-02-19T10:47:50.8377492Z     'Accept': 'application/json'
2026-02-19T10:47:50.8377510Z     'x-ms-client-request-id': '6fd49140-0d80-11f1-99b0-eeaa766865b8'
2026-02-19T10:47:50.8377531Z     'User-Agent': 'azsdk-python-azuremonitorclient/unknown Python/3.11.14 (Linux-6.6.119.3-1.azl3-x86_64-with-glibc2.31)'
2026-02-19T10:47:50.8377550Z A body is sent with the request
2026-02-19T10:47:50.8939807Z 2026-02-19 10:47:50,893 - azure.core.pipeline.policies.http_logging_policy - INFO - Response status: 200
2026-02-19T10:47:50.8940179Z Response headers:
2026-02-19T10:47:50.8940204Z     'Transfer-Encoding': 'chunked'
2026-02-19T10:47:50.8940226Z     'Content-Type': 'application/json; charset=utf-8'
2026-02-19T10:47:50.8940243Z     'Server': 'Microsoft-HTTPAPI/2.0'
2026-02-19T10:47:50.8940262Z     'Strict-Transport-Security': 'REDACTED'
2026-02-19T10:47:50.8940281Z     'X-Content-Type-Options': 'REDACTED'
2026-02-19T10:47:50.8940298Z     'Date': 'Thu, 19 Feb 2026 10:47:50 GMT'
2026-02-19T10:47:50.8945710Z 2026-02-19 10:47:50,894 - azure.monitor.opentelemetry.exporter.export._base - INFO - Transmission succeeded: Item received: 3. Items accepted: 3
2026-02-19T10:47:52.8957532Z 2026-02-19 10:47:52,895 - azure.core.pipeline.policies.http_logging_policy - INFO - Request URL: 'https://westus2-2.in.applicationinsights.azure.com//v2.1/track'
2026-02-19T10:47:52.8957924Z Request method: 'POST'
2026-02-19T10:47:52.8958015Z Request headers:
2026-02-19T10:47:52.8958037Z     'Content-Type': 'application/json'
2026-02-19T10:47:52.8958059Z     'Content-Length': '3720'
2026-02-19T10:47:52.8958078Z     'Accept': 'application/json'
2026-02-19T10:47:52.8958102Z     'x-ms-client-request-id': '710e9d12-0d80-11f1-9207-eeaa766865b8'
2026-02-19T10:47:52.8958127Z     'User-Agent': 'azsdk-python-azuremonitorclient/unknown Python/3.11.14 (Linux-6.6.119.3-1.azl3-x86_64-with-glibc2.31)'
2026-02-19T10:47:52.8958149Z A body is sent with the request
2026-02-19T10:47:53.0139034Z 2026-02-19 10:47:53,013 - azure.core.pipeline.policies.http_logging_policy - INFO - Response status: 200
2026-02-19T10:47:53.0139459Z Response headers:
2026-02-19T10:47:53.0139486Z     'Transfer-Encoding': 'chunked'
2026-02-19T10:47:53.0139508Z     'Content-Type': 'application/json; charset=utf-8'
2026-02-19T10:47:53.0139593Z     'Server': 'Microsoft-HTTPAPI/2.0'
2026-02-19T10:47:53.0139612Z     'Strict-Transport-Security': 'REDACTED'
2026-02-19T10:47:53.0139629Z     'X-Content-Type-Options': 'REDACTED'
2026-02-19T10:47:53.0139645Z     'Date': 'Thu, 19 Feb 2026 10:47:52 GMT'
2026-02-19T10:47:53.0144752Z 2026-02-19 10:47:53,014 - azure.monitor.opentelemetry.exporter.export._base - INFO - Transmission succeeded: Item received: 3. Items accepted: 3
2026-02-19T10:47:55.8960119Z 2026-02-19 10:47:55,895 - azure.core.pipeline.policies.http_logging_policy - INFO - Request URL: 'https://westus2-2.in.applicationinsights.azure.com//v2.1/track'
2026-02-19T10:47:55.8960637Z Request method: 'POST'
2026-02-19T10:47:55.8960671Z Request headers:
2026-02-19T10:47:55.8960693Z     'Content-Type': 'application/json'
2026-02-19T10:47:55.8960715Z     'Content-Length': '3720'
2026-02-19T10:47:55.8960781Z     'Accept': 'application/json'
2026-02-19T10:47:55.8960808Z     'x-ms-client-request-id': '72d867e0-0d80-11f1-99b0-eeaa766865b8'
2026-02-19T10:47:55.8960840Z     'User-Agent': 'azsdk-python-azuremonitorclient/unknown Python/3.11.14 (Linux-6.6.119.3-1.azl3-x86_64-with-glibc2.31)'
2026-02-19T10:47:55.8960865Z A body is sent with the request
2026-02-19T10:47:55.9604079Z 2026-02-19 10:47:55,960 - azure.core.pipeline.policies.http_logging_policy - INFO - Response status: 200
2026-02-19T10:47:55.9604506Z Response headers:
2026-02-19T10:47:55.9604535Z     'Transfer-Encoding': 'chunked'
2026-02-19T10:47:55.9604558Z     'Content-Type': 'application/json; charset=utf-8'
2026-02-19T10:47:55.9604578Z     'Server': 'Microsoft-HTTPAPI/2.0'
2026-02-19T10:47:55.9604597Z     'Strict-Transport-Security': 'REDACTED'
2026-02-19T10:47:55.9604679Z     'X-Content-Type-Options': 'REDACTED'
2026-02-19T10:47:55.9604699Z     'Date': 'Thu, 19 Feb 2026 10:47:55 GMT'
2026-02-19T10:47:55.9609310Z 2026-02-19 10:47:55,960 - azure.monitor.opentelemetry.exporter.export._base - INFO - Transmission succeeded: Item received: 3. Items accepted: 3
2026-02-19T10:47:58.0159522Z 2026-02-19 10:47:58,015 - azure.core.pipeline.policies.http_logging_policy - INFO - Request URL: 'https://westus2-2.in.applicationinsights.azure.com//v2.1/track'
2026-02-19T10:47:58.0160042Z Request method: 'POST'
2026-02-19T10:47:58.0160072Z Request headers:
2026-02-19T10:47:58.0160089Z     'Content-Type': 'application/json'
2026-02-19T10:47:58.0160105Z     'Content-Length': '3720'
2026-02-19T10:47:58.0160123Z     'Accept': 'application/json'
2026-02-19T10:47:58.0160143Z     'x-ms-client-request-id': '741be2da-0d80-11f1-9207-eeaa766865b8'
2026-02-19T10:47:58.0160231Z     'User-Agent': 'azsdk-python-azuremonitorclient/unknown Python/3.11.14 (Linux-6.6.119.3-1.azl3-x86_64-with-glibc2.31)'
2026-02-19T10:47:58.0160250Z A body is sent with the request
2026-02-19T10:47:58.0648181Z 2026-02-19 10:47:58,064 - azure.core.pipeline.policies.http_logging_policy - INFO - Response status: 200
2026-02-19T10:47:58.0648539Z Response headers:
2026-02-19T10:47:58.0648566Z     'Transfer-Encoding': 'chunked'
2026-02-19T10:47:58.0648595Z     'Content-Type': 'application/json; charset=utf-8'
2026-02-19T10:47:58.0648614Z     'Server': 'Microsoft-HTTPAPI/2.0'
2026-02-19T10:47:58.0648633Z     'Strict-Transport-Security': 'REDACTED'
2026-02-19T10:47:58.0648649Z     'X-Content-Type-Options': 'REDACTED'
2026-02-19T10:47:58.0648667Z     'Date': 'Thu, 19 Feb 2026 10:47:58 GMT'
2026-02-19T10:47:58.0655720Z 2026-02-19 10:47:58,065 - azure.monitor.opentelemetry.exporter.export._base - INFO - Transmission succeeded: Item received: 3. Items accepted: 3
2026-02-19T10:48:00.9627329Z 2026-02-19 10:48:00,962 - azure.core.pipeline.policies.http_logging_policy - INFO - Request URL: 'https://westus2-2.in.applicationinsights.azure.com//v2.1/track'
2026-02-19T10:48:00.9627747Z Request method: 'POST'
2026-02-19T10:48:00.9627777Z Request headers:
2026-02-19T10:48:00.9627804Z     'Content-Type': 'application/json'
2026-02-19T10:48:00.9627832Z     'Content-Length': '3719'
2026-02-19T10:48:00.9627856Z     'Accept': 'application/json'
2026-02-19T10:48:00.9627883Z     'x-ms-client-request-id': '75dd86fa-0d80-11f1-99b0-eeaa766865b8'
2026-02-19T10:48:00.9627912Z     'User-Agent': 'azsdk-python-azuremonitorclient/unknown Python/3.11.14 (Linux-6.6.119.3-1.azl3-x86_64-with-glibc2.31)'
2026-02-19T10:48:00.9627937Z A body is sent with the request
2026-02-19T10:48:01.0399087Z 2026-02-19 10:48:01,039 - azure.core.pipeline.policies.http_logging_policy - INFO - Response status: 200
2026-02-19T10:48:01.0399474Z Response headers:
2026-02-19T10:48:01.0399503Z     'Transfer-Encoding': 'chunked'
2026-02-19T10:48:01.0399523Z     'Content-Type': 'application/json; charset=utf-8'
2026-02-19T10:48:01.0399539Z     'Server': 'Microsoft-HTTPAPI/2.0'
2026-02-19T10:48:01.0399558Z     'Strict-Transport-Security': 'REDACTED'
2026-02-19T10:48:01.0399581Z     'X-Content-Type-Options': 'REDACTED'
2026-02-19T10:48:01.0399602Z     'Date': 'Thu, 19 Feb 2026 10:48:00 GMT'
2026-02-19T10:48:01.0402632Z 2026-02-19 10:48:01,040 - azure.monitor.opentelemetry.exporter.export._base - INFO - Transmission succeeded: Item received: 3. Items accepted: 3
2026-02-19T10:48:03.0673998Z 2026-02-19 10:48:03,067 - azure.core.pipeline.policies.http_logging_policy - INFO - Request URL: 'https://westus2-2.in.applicationinsights.azure.com//v2.1/track'
2026-02-19T10:48:03.0674862Z Request method: 'POST'
2026-02-19T10:48:03.0674889Z Request headers:
2026-02-19T10:48:03.0674908Z     'Content-Type': 'application/json'
2026-02-19T10:48:03.0674928Z     'Content-Length': '3720'
2026-02-19T10:48:03.0674946Z     'Accept': 'application/json'
2026-02-19T10:48:03.0674967Z     'x-ms-client-request-id': '771ea6c0-0d80-11f1-9207-eeaa766865b8'
2026-02-19T10:48:03.0674990Z     'User-Agent': 'azsdk-python-azuremonitorclient/unknown Python/3.11.14 (Linux-6.6.119.3-1.azl3-x86_64-with-glibc2.31)'
2026-02-19T10:48:03.0675010Z A body is sent with the request
2026-02-19T10:48:03.1518694Z 2026-02-19 10:48:03,151 - azure.core.pipeline.policies.http_logging_policy - INFO - Response status: 200
2026-02-19T10:48:03.1519103Z Response headers:
2026-02-19T10:48:03.1519134Z     'Transfer-Encoding': 'chunked'
2026-02-19T10:48:03.1519215Z     'Content-Type': 'application/json; charset=utf-8'
2026-02-19T10:48:03.1519232Z     'Server': 'Microsoft-HTTPAPI/2.0'
2026-02-19T10:48:03.1519250Z     'Strict-Transport-Security': 'REDACTED'
2026-02-19T10:48:03.1519271Z     'X-Content-Type-Options': 'REDACTED'
2026-02-19T10:48:03.1519291Z     'Date': 'Thu, 19 Feb 2026 10:48:03 GMT'
2026-02-19T10:48:03.1522835Z 2026-02-19 10:48:03,152 - azure.monitor.opentelemetry.exporter.export._base - INFO - Transmission succeeded: Item received: 3. Items accepted: 3
2026-02-19T10:48:06.0418658Z 2026-02-19 10:48:06,041 - azure.core.pipeline.policies.http_logging_policy - INFO - Request URL: 'https://westus2-2.in.applicationinsights.azure.com//v2.1/track'
2026-02-19T10:48:06.0419008Z Request method: 'POST'
2026-02-19T10:48:06.0419035Z Request headers:
2026-02-19T10:48:06.0419128Z     'Content-Type': 'application/json'
2026-02-19T10:48:06.0419150Z     'Content-Length': '3719'
2026-02-19T10:48:06.0419169Z     'Accept': 'application/json'
2026-02-19T10:48:06.0419191Z     'x-ms-client-request-id': '78e48d6c-0d80-11f1-99b0-eeaa766865b8'
2026-02-19T10:48:06.0419217Z     'User-Agent': 'azsdk-python-azuremonitorclient/unknown Python/3.11.14 (Linux-6.6.119.3-1.azl3-x86_64-with-glibc2.31)'
2026-02-19T10:48:06.0419239Z A body is sent with the request
2026-02-19T10:48:06.1674481Z 2026-02-19 10:48:06,167 - azure.core.pipeline.policies.http_logging_policy - INFO - Response status: 200
2026-02-19T10:48:06.1674874Z Response headers:
2026-02-19T10:48:06.1674905Z     'Transfer-Encoding': 'chunked'
2026-02-19T10:48:06.1674932Z     'Content-Type': 'application/json; charset=utf-8'
2026-02-19T10:48:06.1674957Z     'Server': 'Microsoft-HTTPAPI/2.0'
2026-02-19T10:48:06.1675036Z     'Strict-Transport-Security': 'REDACTED'
2026-02-19T10:48:06.1675061Z     'X-Content-Type-Options': 'REDACTED'
2026-02-19T10:48:06.1675085Z     'Date': 'Thu, 19 Feb 2026 10:48:05 GMT'
2026-02-19T10:48:06.1682964Z 2026-02-19 10:48:06,167 - azure.monitor.opentelemetry.exporter.export._base - INFO - Transmission succeeded: Item received: 3. Items accepted: 3
2026-02-19T10:48:08.1541160Z 2026-02-19 10:48:08,153 - azure.core.pipeline.policies.http_logging_policy - INFO - Request URL: 'https://westus2-2.in.applicationinsights.azure.com//v2.1/track'
2026-02-19T10:48:08.1541539Z Request method: 'POST'
2026-02-19T10:48:08.1541563Z Request headers:
2026-02-19T10:48:08.1541583Z     'Content-Type': 'application/json'
2026-02-19T10:48:08.1541609Z     'Content-Length': '3720'
2026-02-19T10:48:08.1541630Z     'Accept': 'application/json'
2026-02-19T10:48:08.1541711Z     'x-ms-client-request-id': '7a26db6c-0d80-11f1-9207-eeaa766865b8'
2026-02-19T10:48:08.1541741Z     'User-Agent': 'azsdk-python-azuremonitorclient/unknown Python/3.11.14 (Linux-6.6.119.3-1.azl3-x86_64-with-glibc2.31)'
2026-02-19T10:48:08.1541759Z A body is sent with the request
2026-02-19T10:48:08.1979927Z 2026-02-19 10:48:08,197 - azure.core.pipeline.policies.http_logging_policy - INFO - Response status: 200
2026-02-19T10:48:08.1980351Z Response headers:
2026-02-19T10:48:08.1980389Z     'Transfer-Encoding': 'chunked'
2026-02-19T10:48:08.1980415Z     'Content-Type': 'application/json; charset=utf-8'
2026-02-19T10:48:08.1980440Z     'Server': 'Microsoft-HTTPAPI/2.0'
2026-02-19T10:48:08.1980469Z     'Strict-Transport-Security': 'REDACTED'
2026-02-19T10:48:08.1980491Z     'X-Content-Type-Options': 'REDACTED'
2026-02-19T10:48:08.1980516Z     'Date': 'Thu, 19 Feb 2026 10:48:07 GMT'
2026-02-19T10:48:08.1983419Z 2026-02-19 10:48:08,198 - azure.monitor.opentelemetry.exporter.export._base - INFO - Transmission succeeded: Item received: 3. Items accepted: 3
2026-02-19T10:48:11.1697409Z 2026-02-19 10:48:11,169 - azure.core.pipeline.policies.http_logging_policy - INFO - Request URL: 'https://westus2-2.in.applicationinsights.azure.com//v2.1/track'
2026-02-19T10:48:11.1697803Z Request method: 'POST'
2026-02-19T10:48:11.1697833Z Request headers:
2026-02-19T10:48:11.1697857Z     'Content-Type': 'application/json'
2026-02-19T10:48:11.1697877Z     'Content-Length': '3720'
2026-02-19T10:48:11.1697897Z     'Accept': 'application/json'
2026-02-19T10:48:11.1697922Z     'x-ms-client-request-id': '7bf3013c-0d80-11f1-99b0-eeaa766865b8'
2026-02-19T10:48:11.1697944Z     'User-Agent': 'azsdk-python-azuremonitorclient/unknown Python/3.11.14 (Linux-6.6.119.3-1.azl3-x86_64-with-glibc2.31)'
2026-02-19T10:48:11.1698024Z A body is sent with the request
2026-02-19T10:48:11.3978972Z 2026-02-19 10:48:11,397 - azure.core.pipeline.policies.http_logging_policy - INFO - Response status: 200
2026-02-19T10:48:11.3979396Z Response headers:
2026-02-19T10:48:11.3979426Z     'Transfer-Encoding': 'chunked'
2026-02-19T10:48:11.3979446Z     'Content-Type': 'application/json; charset=utf-8'
2026-02-19T10:48:11.3979468Z     'Server': 'Microsoft-HTTPAPI/2.0'
2026-02-19T10:48:11.3979489Z     'Strict-Transport-Security': 'REDACTED'
2026-02-19T10:48:11.3979506Z     'X-Content-Type-Options': 'REDACTED'
2026-02-19T10:48:11.3979523Z     'Date': 'Thu, 19 Feb 2026 10:48:10 GMT'
2026-02-19T10:48:11.3985333Z 2026-02-19 10:48:11,398 - azure.monitor.opentelemetry.exporter.export._base - INFO - Transmission succeeded: Item received: 3. Items accepted: 3
2026-02-19T10:48:13.2000185Z 2026-02-19 10:48:13,199 - azure.core.pipeline.policies.http_logging_policy - INFO - Request URL: 'https://westus2-2.in.applicationinsights.azure.com//v2.1/track'
2026-02-19T10:48:13.2000589Z Request method: 'POST'
2026-02-19T10:48:13.2000617Z Request headers:
2026-02-19T10:48:13.2000638Z     'Content-Type': 'application/json'
2026-02-19T10:48:13.2000659Z     'Content-Length': '3719'
2026-02-19T10:48:13.2000682Z     'Accept': 'application/json'
2026-02-19T10:48:13.2000707Z     'x-ms-client-request-id': '7d28c97e-0d80-11f1-9207-eeaa766865b8'
2026-02-19T10:48:13.2000735Z     'User-Agent': 'azsdk-python-azuremonitorclient/unknown Python/3.11.14 (Linux-6.6.119.3-1.azl3-x86_64-with-glibc2.31)'
2026-02-19T10:48:13.2000758Z A body is sent with the request
2026-02-19T10:48:13.2785804Z 2026-02-19 10:48:13,278 - azure.core.pipeline.policies.http_logging_policy - INFO - Response status: 200
2026-02-19T10:48:13.2786278Z Response headers:
2026-02-19T10:48:13.2786303Z     'Transfer-Encoding': 'chunked'
2026-02-19T10:48:13.2786323Z     'Content-Type': 'application/json; charset=utf-8'
2026-02-19T10:48:13.2786341Z     'Server': 'Microsoft-HTTPAPI/2.0'
2026-02-19T10:48:13.2786357Z     'Strict-Transport-Security': 'REDACTED'
2026-02-19T10:48:13.2786374Z     'X-Content-Type-Options': 'REDACTED'
2026-02-19T10:48:13.2786390Z     'Date': 'Thu, 19 Feb 2026 10:48:12 GMT'
2026-02-19T10:48:13.2790833Z 2026-02-19 10:48:13,278 - azure.monitor.opentelemetry.exporter.export._base - INFO - Transmission succeeded: Item received: 3. Items accepted: 3
2026-02-19T10:48:16.4000788Z 2026-02-19 10:48:16,399 - azure.core.pipeline.policies.http_logging_policy - INFO - Request URL: 'https://westus2-2.in.applicationinsights.azure.com//v2.1/track'
2026-02-19T10:48:16.4001163Z Request method: 'POST'
2026-02-19T10:48:16.4001239Z Request headers:
2026-02-19T10:48:16.4001262Z     'Content-Type': 'application/json'
2026-02-19T10:48:16.4001279Z     'Content-Length': '3720'
2026-02-19T10:48:16.4001302Z     'Accept': 'application/json'
2026-02-19T10:48:16.4001322Z     'x-ms-client-request-id': '7f111764-0d80-11f1-99b0-eeaa766865b8'
2026-02-19T10:48:16.4001351Z     'User-Agent': 'azsdk-python-azuremonitorclient/unknown Python/3.11.14 (Linux-6.6.119.3-1.azl3-x86_64-with-glibc2.31)'
2026-02-19T10:48:16.4001371Z A body is sent with the request
2026-02-19T10:48:16.8352605Z 2026-02-19 10:48:16,835 - azure.core.pipeline.policies.http_logging_policy - INFO - Response status: 200
2026-02-19T10:48:16.8352989Z Response headers:
2026-02-19T10:48:16.8353022Z     'Transfer-Encoding': 'chunked'
2026-02-19T10:48:16.8353048Z     'Content-Type': 'application/json; charset=utf-8'
2026-02-19T10:48:16.8353138Z     'Server': 'Microsoft-HTTPAPI/2.0'
2026-02-19T10:48:16.8353162Z     'Strict-Transport-Security': 'REDACTED'
2026-02-19T10:48:16.8353184Z     'X-Content-Type-Options': 'REDACTED'
2026-02-19T10:48:16.8353208Z     'Date': 'Thu, 19 Feb 2026 10:48:16 GMT'
2026-02-19T10:48:16.8362362Z 2026-02-19 10:48:16,835 - azure.monitor.opentelemetry.exporter.export._base - INFO - Transmission succeeded: Item received: 3. Items accepted: 3
2026-02-19T10:48:18.2806506Z 2026-02-19 10:48:18,280 - azure.core.pipeline.policies.http_logging_policy - INFO - Request URL: 'https://westus2-2.in.applicationinsights.azure.com//v2.1/track'
2026-02-19T10:48:18.2806943Z Request method: 'POST'
2026-02-19T10:48:18.2806973Z Request headers:
2026-02-19T10:48:18.2807004Z     'Content-Type': 'application/json'
2026-02-19T10:48:18.2807023Z     'Content-Length': '3719'
2026-02-19T10:48:18.2807113Z     'Accept': 'application/json'
2026-02-19T10:48:18.2807136Z     'x-ms-client-request-id': '80300a38-0d80-11f1-9207-eeaa766865b8'
2026-02-19T10:48:18.2807160Z     'User-Agent': 'azsdk-python-azuremonitorclient/unknown Python/3.11.14 (Linux-6.6.119.3-1.azl3-x86_64-with-glibc2.31)'
2026-02-19T10:48:18.2807181Z A body is sent with the request
2026-02-19T10:48:18.3780301Z 2026-02-19 10:48:18,377 - azure.core.pipeline.policies.http_logging_policy - INFO - Response status: 200
2026-02-19T10:48:18.3780708Z Response headers:
2026-02-19T10:48:18.3780743Z     'Transfer-Encoding': 'chunked'
2026-02-19T10:48:18.3780768Z     'Content-Type': 'application/json; charset=utf-8'
2026-02-19T10:48:18.3780796Z     'Server': 'Microsoft-HTTPAPI/2.0'
2026-02-19T10:48:18.3780822Z     'Strict-Transport-Security': 'REDACTED'
2026-02-19T10:48:18.3780913Z     'X-Content-Type-Options': 'REDACTED'
2026-02-19T10:48:18.3780942Z     'Date': 'Thu, 19 Feb 2026 10:48:18 GMT'
2026-02-19T10:48:18.3788347Z 2026-02-19 10:48:18,378 - azure.monitor.opentelemetry.exporter.export._base - INFO - Transmission succeeded: Item received: 3. Items accepted: 3
2026-02-19T10:48:21.8379100Z 2026-02-19 10:48:21,837 - azure.core.pipeline.policies.http_logging_policy - INFO - Request URL: 'https://westus2-2.in.applicationinsights.azure.com//v2.1/track'
2026-02-19T10:48:21.8379615Z Request method: 'POST'
2026-02-19T10:48:21.8379651Z Request headers:
2026-02-19T10:48:21.8379677Z     'Content-Type': 'application/json'
2026-02-19T10:48:21.8379703Z     'Content-Length': '3720'
2026-02-19T10:48:21.8379726Z     'Accept': 'application/json'
2026-02-19T10:48:21.8379752Z     'x-ms-client-request-id': '824ed2ae-0d80-11f1-99b0-eeaa766865b8'
2026-02-19T10:48:21.8379850Z     'User-Agent': 'azsdk-python-azuremonitorclient/unknown Python/3.11.14 (Linux-6.6.119.3-1.azl3-x86_64-with-glibc2.31)'
2026-02-19T10:48:21.8379875Z A body is sent with the request
2026-02-19T10:48:21.9610915Z 2026-02-19 10:48:21,960 - azure.core.pipeline.policies.http_logging_policy - INFO - Response status: 200
2026-02-19T10:48:21.9612743Z Response headers:
2026-02-19T10:48:21.9612794Z     'Transfer-Encoding': 'chunked'
2026-02-19T10:48:21.9612820Z     'Content-Type': 'application/json; charset=utf-8'
2026-02-19T10:48:21.9612844Z     'Server': 'Microsoft-HTTPAPI/2.0'
2026-02-19T10:48:21.9612875Z     'Strict-Transport-Security': 'REDACTED'
2026-02-19T10:48:21.9612900Z     'X-Content-Type-Options': 'REDACTED'
2026-02-19T10:48:21.9613413Z     'Date': 'Thu, 19 Feb 2026 10:48:21 GMT'
2026-02-19T10:48:21.9619308Z 2026-02-19 10:48:21,961 - azure.monitor.opentelemetry.exporter.export._base - INFO - Transmission succeeded: Item received: 3. Items accepted: 3
2026-02-19T10:48:23.3801953Z 2026-02-19 10:48:23,379 - azure.core.pipeline.policies.http_logging_policy - INFO - Request URL: 'https://westus2-2.in.applicationinsights.azure.com//v2.1/track'
2026-02-19T10:48:23.3802346Z Request method: 'POST'
2026-02-19T10:48:23.3802378Z Request headers:
2026-02-19T10:48:23.3802399Z     'Content-Type': 'application/json'
2026-02-19T10:48:23.3802418Z     'Content-Length': '3719'
2026-02-19T10:48:23.3802439Z     'Accept': 'application/json'
2026-02-19T10:48:23.3802461Z     'x-ms-client-request-id': '833a2bd2-0d80-11f1-9207-eeaa766865b8'
2026-02-19T10:48:23.3802489Z     'User-Agent': 'azsdk-python-azuremonitorclient/unknown Python/3.11.14 (Linux-6.6.119.3-1.azl3-x86_64-with-glibc2.31)'
2026-02-19T10:48:23.3802510Z A body is sent with the request
2026-02-19T10:48:23.4122061Z 2026-02-19 10:48:23,412 - azure.core.pipeline.policies.http_logging_policy - INFO - Response status: 200
2026-02-19T10:48:23.4122400Z Response headers:
2026-02-19T10:48:23.4122424Z     'Transfer-Encoding': 'chunked'
2026-02-19T10:48:23.4122452Z     'Content-Type': 'application/json; charset=utf-8'
2026-02-19T10:48:23.4122470Z     'Server': 'Microsoft-HTTPAPI/2.0'
2026-02-19T10:48:23.4122487Z     'Strict-Transport-Security': 'REDACTED'
2026-02-19T10:48:23.4122505Z     'X-Content-Type-Options': 'REDACTED'
2026-02-19T10:48:23.4122522Z     'Date': 'Thu, 19 Feb 2026 10:48:22 GMT'
2026-02-19T10:48:23.4127156Z 2026-02-19 10:48:23,412 - azure.monitor.opentelemetry.exporter.export._base - INFO - Transmission succeeded: Item received: 3. Items accepted: 3
2026-02-19T10:48:26.9642965Z 2026-02-19 10:48:26,964 - azure.core.pipeline.policies.http_logging_policy - INFO - Request URL: 'https://westus2-2.in.applicationinsights.azure.com//v2.1/track'
2026-02-19T10:48:26.9643381Z Request method: 'POST'
2026-02-19T10:48:26.9643406Z Request headers:
2026-02-19T10:48:26.9643426Z     'Content-Type': 'application/json'
2026-02-19T10:48:26.9643443Z     'Content-Length': '3719'
2026-02-19T10:48:26.9643462Z     'Accept': 'application/json'
2026-02-19T10:48:26.9643484Z     'x-ms-client-request-id': '855d114a-0d80-11f1-99b0-eeaa766865b8'
2026-02-19T10:48:26.9643508Z     'User-Agent': 'azsdk-python-azuremonitorclient/unknown Python/3.11.14 (Linux-6.6.119.3-1.azl3-x86_64-with-glibc2.31)'
2026-02-19T10:48:26.9643525Z A body is sent with the request
2026-02-19T10:48:27.0202660Z 2026-02-19 10:48:27,020 - azure.core.pipeline.policies.http_logging_policy - INFO - Response status: 200
2026-02-19T10:48:27.0203006Z Response headers:
2026-02-19T10:48:27.0203038Z     'Transfer-Encoding': 'chunked'
2026-02-19T10:48:27.0203112Z     'Content-Type': 'application/json; charset=utf-8'
2026-02-19T10:48:27.0203131Z     'Server': 'Microsoft-HTTPAPI/2.0'
2026-02-19T10:48:27.0203151Z     'Strict-Transport-Security': 'REDACTED'
2026-02-19T10:48:27.0203172Z     'X-Content-Type-Options': 'REDACTED'
2026-02-19T10:48:27.0203191Z     'Date': 'Thu, 19 Feb 2026 10:48:26 GMT'
2026-02-19T10:48:27.0209734Z 2026-02-19 10:48:27,020 - azure.monitor.opentelemetry.exporter.export._base - INFO - Transmission succeeded: Item received: 3. Items accepted: 3
2026-02-19T10:48:28.4141347Z 2026-02-19 10:48:28,413 - azure.core.pipeline.policies.http_logging_policy - INFO - Request URL: 'https://westus2-2.in.applicationinsights.azure.com//v2.1/track'
2026-02-19T10:48:28.4141715Z Request method: 'POST'
2026-02-19T10:48:28.4141745Z Request headers:
2026-02-19T10:48:28.4141830Z     'Content-Type': 'application/json'
2026-02-19T10:48:28.4141852Z     'Content-Length': '3720'
2026-02-19T10:48:28.4141872Z     'Accept': 'application/json'
2026-02-19T10:48:28.4141893Z     'x-ms-client-request-id': '863a49fc-0d80-11f1-9207-eeaa766865b8'
2026-02-19T10:48:28.4141917Z     'User-Agent': 'azsdk-python-azuremonitorclient/unknown Python/3.11.14 (Linux-6.6.119.3-1.azl3-x86_64-with-glibc2.31)'
2026-02-19T10:48:28.4141935Z A body is sent with the request
2026-02-19T10:48:28.4604891Z 2026-02-19 10:48:28,460 - azure.core.pipeline.policies.http_logging_policy - INFO - Response status: 200
2026-02-19T10:48:28.4605645Z Response headers:
2026-02-19T10:48:28.4605675Z     'Transfer-Encoding': 'chunked'
2026-02-19T10:48:28.4605695Z     'Content-Type': 'application/json; charset=utf-8'
2026-02-19T10:48:28.4605719Z     'Server': 'Microsoft-HTTPAPI/2.0'
2026-02-19T10:48:28.4605798Z     'Strict-Transport-Security': 'REDACTED'
2026-02-19T10:48:28.4605821Z     'X-Content-Type-Options': 'REDACTED'
2026-02-19T10:48:28.4605841Z     'Date': 'Thu, 19 Feb 2026 10:48:27 GMT'
2026-02-19T10:48:28.4613380Z 2026-02-19 10:48:28,460 - azure.monitor.opentelemetry.exporter.export._base - INFO - Transmission succeeded: Item received: 3. Items accepted: 3
2026-02-19T10:48:32.0223118Z 2026-02-19 10:48:32,022 - azure.core.pipeline.policies.http_logging_policy - INFO - Request URL: 'https://westus2-2.in.applicationinsights.azure.com//v2.1/track'
2026-02-19T10:48:32.0223502Z Request method: 'POST'
2026-02-19T10:48:32.0223532Z Request headers:
2026-02-19T10:48:32.0223552Z     'Content-Type': 'application/json'
2026-02-19T10:48:32.0223579Z     'Content-Length': '3719'
2026-02-19T10:48:32.0223600Z     'Accept': 'application/json'
2026-02-19T10:48:32.0223671Z     'x-ms-client-request-id': '8860da3e-0d80-11f1-99b0-eeaa766865b8'
2026-02-19T10:48:32.0223695Z     'User-Agent': 'azsdk-python-azuremonitorclient/unknown Python/3.11.14 (Linux-6.6.119.3-1.azl3-x86_64-with-glibc2.31)'
2026-02-19T10:48:32.0223714Z A body is sent with the request
2026-02-19T10:48:32.1174425Z 2026-02-19 10:48:32,117 - azure.core.pipeline.policies.http_logging_policy - INFO - Response status: 200
2026-02-19T10:48:32.1174830Z Response headers:
2026-02-19T10:48:32.1174862Z     'Transfer-Encoding': 'chunked'
2026-02-19T10:48:32.1174883Z     'Content-Type': 'application/json; charset=utf-8'
2026-02-19T10:48:32.1174901Z     'Server': 'Microsoft-HTTPAPI/2.0'
2026-02-19T10:48:32.1174921Z     'Strict-Transport-Security': 'REDACTED'
2026-02-19T10:48:32.1174941Z     'X-Content-Type-Options': 'REDACTED'
2026-02-19T10:48:32.1174964Z     'Date': 'Thu, 19 Feb 2026 10:48:31 GMT'
2026-02-19T10:48:32.1180076Z 2026-02-19 10:48:32,117 - azure.monitor.opentelemetry.exporter.export._base - INFO - Transmission succeeded: Item received: 3. Items accepted: 3
2026-02-19T10:48:33.4628923Z 2026-02-19 10:48:33,462 - azure.core.pipeline.policies.http_logging_policy - INFO - Request URL: 'https://westus2-2.in.applicationinsights.azure.com//v2.1/track'
2026-02-19T10:48:33.4629476Z Request method: 'POST'
2026-02-19T10:48:33.4629508Z Request headers:
2026-02-19T10:48:33.4629529Z     'Content-Type': 'application/json'
2026-02-19T10:48:33.4629547Z     'Content-Length': '3720'
2026-02-19T10:48:33.4629562Z     'Accept': 'application/json'
2026-02-19T10:48:33.4629580Z     'x-ms-client-request-id': '893cab5e-0d80-11f1-9207-eeaa766865b8'
2026-02-19T10:48:33.4629599Z     'User-Agent': 'azsdk-python-azuremonitorclient/unknown Python/3.11.14 (Linux-6.6.119.3-1.azl3-x86_64-with-glibc2.31)'
2026-02-19T10:48:33.4629673Z A body is sent with the request
2026-02-19T10:48:33.6115768Z 2026-02-19 10:48:33,611 - azure.core.pipeline.policies.http_logging_policy - INFO - Response status: 200
2026-02-19T10:48:33.6116158Z Response headers:
2026-02-19T10:48:33.6116186Z     'Transfer-Encoding': 'chunked'
2026-02-19T10:48:33.6116210Z     'Content-Type': 'application/json; charset=utf-8'
2026-02-19T10:48:33.6116231Z     'Server': 'Microsoft-HTTPAPI/2.0'
2026-02-19T10:48:33.6116248Z     'Strict-Transport-Security': 'REDACTED'
2026-02-19T10:48:33.6116268Z     'X-Content-Type-Options': 'REDACTED'
2026-02-19T10:48:33.6116284Z     'Date': 'Thu, 19 Feb 2026 10:48:33 GMT'
2026-02-19T10:48:33.6120806Z 2026-02-19 10:48:33,611 - azure.monitor.opentelemetry.exporter.export._base - INFO - Transmission succeeded: Item received: 3. Items accepted: 3
2026-02-19T10:48:37.1194954Z 2026-02-19 10:48:37,119 - azure.core.pipeline.policies.http_logging_policy - INFO - Request URL: 'https://westus2-2.in.applicationinsights.azure.com//v2.1/track'
2026-02-19T10:48:37.1195305Z Request method: 'POST'
2026-02-19T10:48:37.1195332Z Request headers:
2026-02-19T10:48:37.1195354Z     'Content-Type': 'application/json'
2026-02-19T10:48:37.1195380Z     'Content-Length': '3720'
2026-02-19T10:48:37.1195399Z     'Accept': 'application/json'
2026-02-19T10:48:37.1195419Z     'x-ms-client-request-id': '8b6a9f94-0d80-11f1-99b0-eeaa766865b8'
2026-02-19T10:48:37.1195442Z     'User-Agent': 'azsdk-python-azuremonitorclient/unknown Python/3.11.14 (Linux-6.6.119.3-1.azl3-x86_64-with-glibc2.31)'
2026-02-19T10:48:37.1195462Z A body is sent with the request
2026-02-19T10:48:37.1900251Z 2026-02-19 10:48:37,189 - azure.core.pipeline.policies.http_logging_policy - INFO - Response status: 200
2026-02-19T10:48:37.1900990Z Response headers:
2026-02-19T10:48:37.1901026Z     'Transfer-Encoding': 'chunked'
2026-02-19T10:48:37.1901051Z     'Content-Type': 'application/json; charset=utf-8'
2026-02-19T10:48:37.1901073Z     'Server': 'Microsoft-HTTPAPI/2.0'
2026-02-19T10:48:37.1901099Z     'Strict-Transport-Security': 'REDACTED'
2026-02-19T10:48:37.1901124Z     'X-Content-Type-Options': 'REDACTED'
2026-02-19T10:48:37.1901150Z     'Date': 'Thu, 19 Feb 2026 10:48:36 GMT'
2026-02-19T10:48:37.1906984Z 2026-02-19 10:48:37,190 - azure.monitor.opentelemetry.exporter.export._base - INFO - Transmission succeeded: Item received: 3. Items accepted: 3
2026-02-19T10:48:38.6138768Z 2026-02-19 10:48:38,613 - azure.core.pipeline.policies.http_logging_policy - INFO - Request URL: 'https://westus2-2.in.applicationinsights.azure.com//v2.1/track'
2026-02-19T10:48:38.6139135Z Request method: 'POST'
2026-02-19T10:48:38.6139219Z Request headers:
2026-02-19T10:48:38.6139241Z     'Content-Type': 'application/json'
2026-02-19T10:48:38.6139261Z     'Content-Length': '3720'
2026-02-19T10:48:38.6139281Z     'Accept': 'application/json'
2026-02-19T10:48:38.6139302Z     'x-ms-client-request-id': '8c4ea55e-0d80-11f1-9207-eeaa766865b8'
2026-02-19T10:48:38.6139324Z     'User-Agent': 'azsdk-python-azuremonitorclient/unknown Python/3.11.14 (Linux-6.6.119.3-1.azl3-x86_64-with-glibc2.31)'
2026-02-19T10:48:38.6139344Z A body is sent with the request
2026-02-19T10:48:38.7365353Z 2026-02-19 10:48:38,736 - azure.core.pipeline.policies.http_logging_policy - INFO - Response status: 200
2026-02-19T10:48:38.7365733Z Response headers:
2026-02-19T10:48:38.7365766Z     'Transfer-Encoding': 'chunked'
2026-02-19T10:48:38.7365787Z     'Content-Type': 'application/json; charset=utf-8'
2026-02-19T10:48:38.7365869Z     'Server': 'Microsoft-HTTPAPI/2.0'
2026-02-19T10:48:38.7365891Z     'Strict-Transport-Security': 'REDACTED'
2026-02-19T10:48:38.7365909Z     'X-Content-Type-Options': 'REDACTED'
2026-02-19T10:48:38.7365928Z     'Date': 'Thu, 19 Feb 2026 10:48:38 GMT'
2026-02-19T10:48:38.7370996Z 2026-02-19 10:48:38,736 - azure.monitor.opentelemetry.exporter.export._base - INFO - Transmission succeeded: Item received: 3. Items accepted: 3
2026-02-19T10:48:42.1922803Z 2026-02-19 10:48:42,192 - azure.core.pipeline.policies.http_logging_policy - INFO - Request URL: 'https://westus2-2.in.applicationinsights.azure.com//v2.1/track'
2026-02-19T10:48:42.1923277Z Request method: 'POST'
2026-02-19T10:48:42.1923309Z Request headers:
2026-02-19T10:48:42.1923332Z     'Content-Type': 'application/json'
2026-02-19T10:48:42.1923350Z     'Content-Length': '3720'
2026-02-19T10:48:42.1923429Z     'Accept': 'application/json'
2026-02-19T10:48:42.1923450Z     'x-ms-client-request-id': '8e70aa12-0d80-11f1-99b0-eeaa766865b8'
2026-02-19T10:48:42.1923471Z     'User-Agent': 'azsdk-python-azuremonitorclient/unknown Python/3.11.14 (Linux-6.6.119.3-1.azl3-x86_64-with-glibc2.31)'
2026-02-19T10:48:42.1923488Z A body is sent with the request
2026-02-19T10:48:42.4892704Z 2026-02-19 10:48:42,488 - azure.core.pipeline.policies.http_logging_policy - INFO - Response status: 200
2026-02-19T10:48:42.4893084Z Response headers:
2026-02-19T10:48:42.4893123Z     'Transfer-Encoding': 'chunked'
2026-02-19T10:48:42.4893150Z     'Content-Type': 'application/json; charset=utf-8'
2026-02-19T10:48:42.4893171Z     'Server': 'Microsoft-HTTPAPI/2.0'
2026-02-19T10:48:42.4893194Z     'Strict-Transport-Security': 'REDACTED'
2026-02-19T10:48:42.4893278Z     'X-Content-Type-Options': 'REDACTED'
2026-02-19T10:48:42.4893302Z     'Date': 'Thu, 19 Feb 2026 10:48:41 GMT'
2026-02-19T10:48:42.4902161Z 2026-02-19 10:48:42,489 - azure.monitor.opentelemetry.exporter.export._base - INFO - Transmission succeeded: Item received: 3. Items accepted: 3
2026-02-19T10:48:43.7383582Z 2026-02-19 10:48:43,738 - azure.core.pipeline.policies.http_logging_policy - INFO - Request URL: 'https://westus2-2.in.applicationinsights.azure.com//v2.1/track'
2026-02-19T10:48:43.7383956Z Request method: 'POST'
2026-02-19T10:48:43.7383984Z Request headers:
2026-02-19T10:48:43.7384004Z     'Content-Type': 'application/json'
2026-02-19T10:48:43.7384024Z     'Content-Length': '3720'
2026-02-19T10:48:43.7384042Z     'Accept': 'application/json'
2026-02-19T10:48:43.7384064Z     'x-ms-client-request-id': '8f5c949a-0d80-11f1-9207-eeaa766865b8'
2026-02-19T10:48:43.7384150Z     'User-Agent': 'azsdk-python-azuremonitorclient/unknown Python/3.11.14 (Linux-6.6.119.3-1.azl3-x86_64-with-glibc2.31)'
2026-02-19T10:48:43.7384170Z A body is sent with the request
2026-02-19T10:48:43.8323104Z 2026-02-19 10:48:43,832 - azure.core.pipeline.policies.http_logging_policy - INFO - Response status: 200
2026-02-19T10:48:43.8323489Z Response headers:
2026-02-19T10:48:43.8323523Z     'Transfer-Encoding': 'chunked'
2026-02-19T10:48:43.8323545Z     'Content-Type': 'application/json; charset=utf-8'
2026-02-19T10:48:43.8323566Z     'Server': 'Microsoft-HTTPAPI/2.0'
2026-02-19T10:48:43.8323589Z     'Strict-Transport-Security': 'REDACTED'
2026-02-19T10:48:43.8323607Z     'X-Content-Type-Options': 'REDACTED'
2026-02-19T10:48:43.8323627Z     'Date': 'Thu, 19 Feb 2026 10:48:43 GMT'
2026-02-19T10:48:43.8330384Z 2026-02-19 10:48:43,832 - azure.monitor.opentelemetry.exporter.export._base - INFO - Transmission succeeded: Item received: 3. Items accepted: 3
2026-02-19T10:48:47.4915807Z 2026-02-19 10:48:47,491 - azure.core.pipeline.policies.http_logging_policy - INFO - Request URL: 'https://westus2-2.in.applicationinsights.azure.com//v2.1/track'
2026-02-19T10:48:47.4916217Z Request method: 'POST'
2026-02-19T10:48:47.4916249Z Request headers:
2026-02-19T10:48:47.4916270Z     'Content-Type': 'application/json'
2026-02-19T10:48:47.4916289Z     'Content-Length': '3720'
2026-02-19T10:48:47.4916308Z     'Accept': 'application/json'
2026-02-19T10:48:47.4916328Z     'x-ms-client-request-id': '91994686-0d80-11f1-99b0-eeaa766865b8'
2026-02-19T10:48:47.4916354Z     'User-Agent': 'azsdk-python-azuremonitorclient/unknown Python/3.11.14 (Linux-6.6.119.3-1.azl3-x86_64-with-glibc2.31)'
2026-02-19T10:48:47.4916379Z A body is sent with the request
2026-02-19T10:48:47.5656164Z 2026-02-19 10:48:47,565 - azure.core.pipeline.policies.http_logging_policy - INFO - Response status: 200
2026-02-19T10:48:47.5656542Z Response headers:
2026-02-19T10:48:47.5656569Z     'Transfer-Encoding': 'chunked'
2026-02-19T10:48:47.5656588Z     'Content-Type': 'application/json; charset=utf-8'
2026-02-19T10:48:47.5656611Z     'Server': 'Microsoft-HTTPAPI/2.0'
2026-02-19T10:48:47.5656633Z     'Strict-Transport-Security': 'REDACTED'
2026-02-19T10:48:47.5656652Z     'X-Content-Type-Options': 'REDACTED'
2026-02-19T10:48:47.5656672Z     'Date': 'Thu, 19 Feb 2026 10:48:46 GMT'
2026-02-19T10:48:47.5661502Z 2026-02-19 10:48:47,565 - azure.monitor.opentelemetry.exporter.export._base - INFO - Transmission succeeded: Item received: 3. Items accepted: 3
2026-02-19T10:48:48.8341975Z 2026-02-19 10:48:48,833 - azure.core.pipeline.policies.http_logging_policy - INFO - Request URL: 'https://westus2-2.in.applicationinsights.azure.com//v2.1/track'
2026-02-19T10:48:48.8342458Z Request method: 'POST'
2026-02-19T10:48:48.8342484Z Request headers:
2026-02-19T10:48:48.8342505Z     'Content-Type': 'application/json'
2026-02-19T10:48:48.8342523Z     'Content-Length': '3720'
2026-02-19T10:48:48.8342542Z     'Accept': 'application/json'
2026-02-19T10:48:48.8342563Z     'x-ms-client-request-id': '92662462-0d80-11f1-9207-eeaa766865b8'
2026-02-19T10:48:48.8342586Z     'User-Agent': 'azsdk-python-azuremonitorclient/unknown Python/3.11.14 (Linux-6.6.119.3-1.azl3-x86_64-with-glibc2.31)'
2026-02-19T10:48:48.8342603Z A body is sent with the request
2026-02-19T10:48:48.9325824Z 2026-02-19 10:48:48,932 - azure.core.pipeline.policies.http_logging_policy - INFO - Response status: 200
2026-02-19T10:48:48.9326203Z Response headers:
2026-02-19T10:48:48.9326232Z     'Transfer-Encoding': 'chunked'
2026-02-19T10:48:48.9326295Z     'Content-Type': 'application/json; charset=utf-8'
2026-02-19T10:48:48.9326315Z     'Server': 'Microsoft-HTTPAPI/2.0'
2026-02-19T10:48:48.9326333Z     'Strict-Transport-Security': 'REDACTED'
2026-02-19T10:48:48.9326351Z     'X-Content-Type-Options': 'REDACTED'
2026-02-19T10:48:48.9326369Z     'Date': 'Thu, 19 Feb 2026 10:48:48 GMT'
2026-02-19T10:48:48.9334458Z 2026-02-19 10:48:48,932 - azure.monitor.opentelemetry.exporter.export._base - INFO - Transmission succeeded: Item received: 3. Items accepted: 3
