2026-02-19T23:15:08.0276537Z     'Content-Type': 'application/json; charset=utf-8'
2026-02-19T23:15:08.0276610Z     'Server': 'Microsoft-HTTPAPI/2.0'
2026-02-19T23:15:08.0276630Z     'Strict-Transport-Security': 'REDACTED'
2026-02-19T23:15:08.0276647Z     'X-Content-Type-Options': 'REDACTED'
2026-02-19T23:15:08.0276665Z     'Date': 'Thu, 19 Feb 2026 23:15:07 GMT'
2026-02-19T23:15:08.0281152Z 2026-02-19 23:15:08,027 - azure.monitor.opentelemetry.exporter.export._base - INFO - Transmission succeeded: Item received: 3. Items accepted: 3
2026-02-19T23:15:11.7213371Z 2026-02-19 23:15:11,721 - azure.core.pipeline.policies.http_logging_policy - INFO - Request URL: 'https://westus2-2.in.applicationinsights.azure.com//v2.1/track'
2026-02-19T23:15:11.7215180Z Request method: 'POST'
2026-02-19T23:15:11.7215246Z Request headers:
2026-02-19T23:15:11.7215270Z     'Content-Type': 'application/json'
2026-02-19T23:15:11.7215290Z     'Content-Length': '3720'
2026-02-19T23:15:11.7215352Z     'Accept': 'application/json'
2026-02-19T23:15:11.7215376Z     'x-ms-client-request-id': 'd7146bf6-0de8-11f1-b7ca-7619be1f5af9'
2026-02-19T23:15:11.7215399Z     'User-Agent': 'azsdk-python-azuremonitorclient/unknown Python/3.11.14 (Linux-6.6.119.3-1.azl3-x86_64-with-glibc2.31)'
2026-02-19T23:15:11.7215418Z A body is sent with the request
2026-02-19T23:15:11.7701976Z 2026-02-19 23:15:11,769 - azure.core.pipeline.policies.http_logging_policy - INFO - Response status: 200
2026-02-19T23:15:11.7703105Z Response headers:
2026-02-19T23:15:11.7703141Z     'Transfer-Encoding': 'chunked'
2026-02-19T23:15:11.7703162Z     'Content-Type': 'application/json; charset=utf-8'
2026-02-19T23:15:11.7703180Z     'Server': 'Microsoft-HTTPAPI/2.0'
2026-02-19T23:15:11.7703199Z     'Strict-Transport-Security': 'REDACTED'
2026-02-19T23:15:11.7703263Z     'X-Content-Type-Options': 'REDACTED'
2026-02-19T23:15:11.7703284Z     'Date': 'Thu, 19 Feb 2026 23:15:10 GMT'
2026-02-19T23:15:11.7706000Z 2026-02-19 23:15:11,770 - azure.monitor.opentelemetry.exporter.export._base - INFO - Transmission succeeded: Item received: 3. Items accepted: 3
2026-02-19T23:15:13.0295865Z 2026-02-19 23:15:13,029 - azure.core.pipeline.policies.http_logging_policy - INFO - Request URL: 'https://westus2-2.in.applicationinsights.azure.com//v2.1/track'
2026-02-19T23:15:13.0296421Z Request method: 'POST'
2026-02-19T23:15:13.0296451Z Request headers:
2026-02-19T23:15:13.0296473Z     'Content-Type': 'application/json'
2026-02-19T23:15:13.0296490Z     'Content-Length': '3719'
2026-02-19T23:15:13.0296507Z     'Accept': 'application/json'
2026-02-19T23:15:13.0296530Z     'x-ms-client-request-id': 'd7dc0cba-0de8-11f1-a607-7619be1f5af9'
2026-02-19T23:15:13.0296606Z     'User-Agent': 'azsdk-python-azuremonitorclient/unknown Python/3.11.14 (Linux-6.6.119.3-1.azl3-x86_64-with-glibc2.31)'
2026-02-19T23:15:13.0296626Z A body is sent with the request
2026-02-19T23:15:13.1149883Z 2026-02-19 23:15:13,114 - azure.core.pipeline.policies.http_logging_policy - INFO - Response status: 200
2026-02-19T23:15:13.1150439Z Response headers:
2026-02-19T23:15:13.1150467Z     'Transfer-Encoding': 'chunked'
2026-02-19T23:15:13.1150487Z     'Content-Type': 'application/json; charset=utf-8'
2026-02-19T23:15:13.1150506Z     'Server': 'Microsoft-HTTPAPI/2.0'
2026-02-19T23:15:13.1150529Z     'Strict-Transport-Security': 'REDACTED'
2026-02-19T23:15:13.1150548Z     'X-Content-Type-Options': 'REDACTED'
2026-02-19T23:15:13.1150566Z     'Date': 'Thu, 19 Feb 2026 23:15:13 GMT'
2026-02-19T23:15:13.1150588Z     'Connection': 'close'
2026-02-19T23:15:13.1167380Z 2026-02-19 23:15:13,116 - azure.monitor.opentelemetry.exporter.export._base - INFO - Transmission succeeded: Item received: 3. Items accepted: 3
2026-02-19T23:15:16.7726557Z 2026-02-19 23:15:16,772 - azure.core.pipeline.policies.http_logging_policy - INFO - Request URL: 'https://westus2-2.in.applicationinsights.azure.com//v2.1/track'
2026-02-19T23:15:16.7727315Z Request method: 'POST'
2026-02-19T23:15:16.7727345Z Request headers:
2026-02-19T23:15:16.7727366Z     'Content-Type': 'application/json'
2026-02-19T23:15:16.7727384Z     'Content-Length': '3718'
2026-02-19T23:15:16.7727401Z     'Accept': 'application/json'
2026-02-19T23:15:16.7727420Z     'x-ms-client-request-id': 'da1731ee-0de8-11f1-b7ca-7619be1f5af9'
2026-02-19T23:15:16.7727445Z     'User-Agent': 'azsdk-python-azuremonitorclient/unknown Python/3.11.14 (Linux-6.6.119.3-1.azl3-x86_64-with-glibc2.31)'
2026-02-19T23:15:16.7727464Z A body is sent with the request
2026-02-19T23:15:16.8697998Z 2026-02-19 23:15:16,869 - azure.core.pipeline.policies.http_logging_policy - INFO - Response status: 200
2026-02-19T23:15:16.8698396Z Response headers:
2026-02-19T23:15:16.8698429Z     'Transfer-Encoding': 'chunked'
2026-02-19T23:15:16.8698453Z     'Content-Type': 'application/json; charset=utf-8'
2026-02-19T23:15:16.8698472Z     'Server': 'Microsoft-HTTPAPI/2.0'
2026-02-19T23:15:16.8698491Z     'Strict-Transport-Security': 'REDACTED'
2026-02-19T23:15:16.8698509Z     'X-Content-Type-Options': 'REDACTED'
2026-02-19T23:15:16.8698526Z     'Date': 'Thu, 19 Feb 2026 23:15:16 GMT'
2026-02-19T23:15:16.8705119Z 2026-02-19 23:15:16,870 - azure.monitor.opentelemetry.exporter.export._base - INFO - Transmission succeeded: Item received: 3. Items accepted: 3
2026-02-19T23:15:18.1188370Z 2026-02-19 23:15:18,118 - azure.core.pipeline.policies.http_logging_policy - INFO - Request URL: 'https://westus2-2.in.applicationinsights.azure.com//v2.1/track'
2026-02-19T23:15:18.1188750Z Request method: 'POST'
2026-02-19T23:15:18.1188775Z Request headers:
2026-02-19T23:15:18.1188793Z     'Content-Type': 'application/json'
2026-02-19T23:15:18.1188813Z     'Content-Length': '3747'
2026-02-19T23:15:18.1188835Z     'Accept': 'application/json'
2026-02-19T23:15:18.1188854Z     'x-ms-client-request-id': 'dae49850-0de8-11f1-a607-7619be1f5af9'
2026-02-19T23:15:18.1188879Z     'User-Agent': 'azsdk-python-azuremonitorclient/unknown Python/3.11.14 (Linux-6.6.119.3-1.azl3-x86_64-with-glibc2.31)'
2026-02-19T23:15:18.1188897Z A body is sent with the request
2026-02-19T23:15:18.3036023Z 2026-02-19 23:15:18,303 - azure.core.pipeline.policies.http_logging_policy - INFO - Response status: 200
2026-02-19T23:15:18.3036385Z Response headers:
2026-02-19T23:15:18.3036464Z     'Transfer-Encoding': 'chunked'
2026-02-19T23:15:18.3036484Z     'Content-Type': 'application/json; charset=utf-8'
2026-02-19T23:15:18.3036504Z     'Server': 'Microsoft-HTTPAPI/2.0'
2026-02-19T23:15:18.3036524Z     'Strict-Transport-Security': 'REDACTED'
2026-02-19T23:15:18.3036542Z     'X-Content-Type-Options': 'REDACTED'
2026-02-19T23:15:18.3036560Z     'Date': 'Thu, 19 Feb 2026 23:15:17 GMT'
2026-02-19T23:15:18.3040177Z 2026-02-19 23:15:18,303 - azure.monitor.opentelemetry.exporter.export._base - INFO - Transmission succeeded: Item received: 3. Items accepted: 3
2026-02-19T23:15:21.8718725Z 2026-02-19 23:15:21,871 - azure.core.pipeline.policies.http_logging_policy - INFO - Request URL: 'https://westus2-2.in.applicationinsights.azure.com//v2.1/track'
2026-02-19T23:15:21.8719150Z Request method: 'POST'
2026-02-19T23:15:21.8719181Z Request headers:
2026-02-19T23:15:21.8719264Z     'Content-Type': 'application/json'
2026-02-19T23:15:21.8719287Z     'Content-Length': '3720'
2026-02-19T23:15:21.8719306Z     'Accept': 'application/json'
2026-02-19T23:15:21.8719325Z     'x-ms-client-request-id': 'dd2144e2-0de8-11f1-b7ca-7619be1f5af9'
2026-02-19T23:15:21.8719350Z     'User-Agent': 'azsdk-python-azuremonitorclient/unknown Python/3.11.14 (Linux-6.6.119.3-1.azl3-x86_64-with-glibc2.31)'
2026-02-19T23:15:21.8719369Z A body is sent with the request
2026-02-19T23:15:21.9720358Z 2026-02-19 23:15:21,971 - azure.core.pipeline.policies.http_logging_policy - INFO - Response status: 200
2026-02-19T23:15:21.9720698Z Response headers:
2026-02-19T23:15:21.9720726Z     'Transfer-Encoding': 'chunked'
2026-02-19T23:15:21.9720749Z     'Content-Type': 'application/json; charset=utf-8'
2026-02-19T23:15:21.9720827Z     'Server': 'Microsoft-HTTPAPI/2.0'
2026-02-19T23:15:21.9720848Z     'Strict-Transport-Security': 'REDACTED'
2026-02-19T23:15:21.9720867Z     'X-Content-Type-Options': 'REDACTED'
2026-02-19T23:15:21.9720883Z     'Date': 'Thu, 19 Feb 2026 23:15:21 GMT'
2026-02-19T23:15:21.9725590Z 2026-02-19 23:15:21,972 - azure.monitor.opentelemetry.exporter.export._base - INFO - Transmission succeeded: Item received: 3. Items accepted: 3
2026-02-19T23:15:23.3057387Z 2026-02-19 23:15:23,305 - azure.core.pipeline.policies.http_logging_policy - INFO - Request URL: 'https://westus2-2.in.applicationinsights.azure.com//v2.1/track'
2026-02-19T23:15:23.3057802Z Request method: 'POST'
2026-02-19T23:15:23.3057831Z Request headers:
2026-02-19T23:15:23.3057856Z     'Content-Type': 'application/json'
2026-02-19T23:15:23.3057875Z     'Content-Length': '3720'
2026-02-19T23:15:23.3057972Z     'Accept': 'application/json'
2026-02-19T23:15:23.3057997Z     'x-ms-client-request-id': 'ddfc0f6e-0de8-11f1-a607-7619be1f5af9'
2026-02-19T23:15:23.3058021Z     'User-Agent': 'azsdk-python-azuremonitorclient/unknown Python/3.11.14 (Linux-6.6.119.3-1.azl3-x86_64-with-glibc2.31)'
2026-02-19T23:15:23.3058042Z A body is sent with the request
2026-02-19T23:15:23.4151687Z 2026-02-19 23:15:23,414 - azure.core.pipeline.policies.http_logging_policy - INFO - Response status: 200
2026-02-19T23:15:23.4152056Z Response headers:
2026-02-19T23:15:23.4152086Z     'Transfer-Encoding': 'chunked'
2026-02-19T23:15:23.4152108Z     'Content-Type': 'application/json; charset=utf-8'
2026-02-19T23:15:23.4152128Z     'Server': 'Microsoft-HTTPAPI/2.0'
2026-02-19T23:15:23.4152152Z     'Strict-Transport-Security': 'REDACTED'
2026-02-19T23:15:23.4152173Z     'X-Content-Type-Options': 'REDACTED'
2026-02-19T23:15:23.4152249Z     'Date': 'Thu, 19 Feb 2026 23:15:22 GMT'
2026-02-19T23:15:23.4156219Z 2026-02-19 23:15:23,415 - azure.monitor.opentelemetry.exporter.export._base - INFO - Transmission succeeded: Item received: 3. Items accepted: 3
2026-02-19T23:15:26.9741466Z 2026-02-19 23:15:26,973 - azure.core.pipeline.policies.http_logging_policy - INFO - Request URL: 'https://westus2-2.in.applicationinsights.azure.com//v2.1/track'
2026-02-19T23:15:26.9741852Z Request method: 'POST'
2026-02-19T23:15:26.9741880Z Request headers:
2026-02-19T23:15:26.9741902Z     'Content-Type': 'application/json'
2026-02-19T23:15:26.9741922Z     'Content-Length': '3718'
2026-02-19T23:15:26.9741946Z     'Accept': 'application/json'
2026-02-19T23:15:26.9741970Z     'x-ms-client-request-id': 'e02bd256-0de8-11f1-b7ca-7619be1f5af9'
2026-02-19T23:15:26.9742056Z     'User-Agent': 'azsdk-python-azuremonitorclient/unknown Python/3.11.14 (Linux-6.6.119.3-1.azl3-x86_64-with-glibc2.31)'
2026-02-19T23:15:26.9742077Z A body is sent with the request
2026-02-19T23:15:27.0791384Z 2026-02-19 23:15:27,078 - azure.core.pipeline.policies.http_logging_policy - INFO - Response status: 200
2026-02-19T23:15:27.0792144Z Response headers:
2026-02-19T23:15:27.0792176Z     'Transfer-Encoding': 'chunked'
2026-02-19T23:15:27.0792198Z     'Content-Type': 'application/json; charset=utf-8'
2026-02-19T23:15:27.0792217Z     'Server': 'Microsoft-HTTPAPI/2.0'
2026-02-19T23:15:27.0792235Z     'Strict-Transport-Security': 'REDACTED'
2026-02-19T23:15:27.0792254Z     'X-Content-Type-Options': 'REDACTED'
2026-02-19T23:15:27.0792272Z     'Date': 'Thu, 19 Feb 2026 23:15:26 GMT'
2026-02-19T23:15:27.0797943Z 2026-02-19 23:15:27,079 - azure.monitor.opentelemetry.exporter.export._base - INFO - Transmission succeeded: Item received: 3. Items accepted: 3
2026-02-19T23:15:28.4175764Z 2026-02-19 23:15:28,417 - azure.core.pipeline.policies.http_logging_policy - INFO - Request URL: 'https://westus2-2.in.applicationinsights.azure.com//v2.1/track'
2026-02-19T23:15:28.4176148Z Request method: 'POST'
2026-02-19T23:15:28.4176174Z Request headers:
2026-02-19T23:15:28.4176198Z     'Content-Type': 'application/json'
2026-02-19T23:15:28.4176225Z     'Content-Length': '3719'
2026-02-19T23:15:28.4176245Z     'Accept': 'application/json'
2026-02-19T23:15:28.4176266Z     'x-ms-client-request-id': 'e10812d4-0de8-11f1-a607-7619be1f5af9'
2026-02-19T23:15:28.4176290Z     'User-Agent': 'azsdk-python-azuremonitorclient/unknown Python/3.11.14 (Linux-6.6.119.3-1.azl3-x86_64-with-glibc2.31)'
2026-02-19T23:15:28.4176311Z A body is sent with the request
2026-02-19T23:15:28.5539656Z 2026-02-19 23:15:28,553 - azure.core.pipeline.policies.http_logging_policy - INFO - Response status: 200
2026-02-19T23:15:28.5540018Z Response headers:
2026-02-19T23:15:28.5540042Z     'Transfer-Encoding': 'chunked'
2026-02-19T23:15:28.5540059Z     'Content-Type': 'application/json; charset=utf-8'
2026-02-19T23:15:28.5540077Z     'Server': 'Microsoft-HTTPAPI/2.0'
2026-02-19T23:15:28.5540095Z     'Strict-Transport-Security': 'REDACTED'
2026-02-19T23:15:28.5540114Z     'X-Content-Type-Options': 'REDACTED'
2026-02-19T23:15:28.5540131Z     'Date': 'Thu, 19 Feb 2026 23:15:27 GMT'
2026-02-19T23:15:28.5547311Z 2026-02-19 23:15:28,554 - azure.monitor.opentelemetry.exporter.export._base - INFO - Transmission succeeded: Item received: 3. Items accepted: 3
2026-02-19T23:15:32.0812431Z 2026-02-19 23:15:32,081 - azure.core.pipeline.policies.http_logging_policy - INFO - Request URL: 'https://westus2-2.in.applicationinsights.azure.com//v2.1/track'
2026-02-19T23:15:32.0812959Z Request method: 'POST'
2026-02-19T23:15:32.0812988Z Request headers:
2026-02-19T23:15:32.0813011Z     'Content-Type': 'application/json'
2026-02-19T23:15:32.0813030Z     'Content-Length': '3720'
2026-02-19T23:15:32.0813047Z     'Accept': 'application/json'
2026-02-19T23:15:32.0813067Z     'x-ms-client-request-id': 'e3371adc-0de8-11f1-b7ca-7619be1f5af9'
2026-02-19T23:15:32.0813092Z     'User-Agent': 'azsdk-python-azuremonitorclient/unknown Python/3.11.14 (Linux-6.6.119.3-1.azl3-x86_64-with-glibc2.31)'
2026-02-19T23:15:32.0813112Z A body is sent with the request
2026-02-19T23:15:32.2224084Z 2026-02-19 23:15:32,222 - azure.core.pipeline.policies.http_logging_policy - INFO - Response status: 200
2026-02-19T23:15:32.2224491Z Response headers:
2026-02-19T23:15:32.2224523Z     'Transfer-Encoding': 'chunked'
2026-02-19T23:15:32.2224611Z     'Content-Type': 'application/json; charset=utf-8'
2026-02-19T23:15:32.2224632Z     'Server': 'Microsoft-HTTPAPI/2.0'
2026-02-19T23:15:32.2224650Z     'Strict-Transport-Security': 'REDACTED'
2026-02-19T23:15:32.2224669Z     'X-Content-Type-Options': 'REDACTED'
2026-02-19T23:15:32.2224687Z     'Date': 'Thu, 19 Feb 2026 23:15:31 GMT'
2026-02-19T23:15:32.2230540Z 2026-02-19 23:15:32,222 - azure.monitor.opentelemetry.exporter.export._base - INFO - Transmission succeeded: Item received: 3. Items accepted: 3
2026-02-19T23:15:33.5570881Z 2026-02-19 23:15:33,556 - azure.core.pipeline.policies.http_logging_policy - INFO - Request URL: 'https://westus2-2.in.applicationinsights.azure.com//v2.1/track'
2026-02-19T23:15:33.5571118Z Request method: 'POST'
2026-02-19T23:15:33.5571146Z Request headers:
2026-02-19T23:15:33.5571168Z     'Content-Type': 'application/json'
2026-02-19T23:15:33.5571220Z     'Content-Length': '3720'
2026-02-19T23:15:33.5571240Z     'Accept': 'application/json'
2026-02-19T23:15:33.5571261Z     'x-ms-client-request-id': 'e4184714-0de8-11f1-a607-7619be1f5af9'
2026-02-19T23:15:33.5571285Z     'User-Agent': 'azsdk-python-azuremonitorclient/unknown Python/3.11.14 (Linux-6.6.119.3-1.azl3-x86_64-with-glibc2.31)'
2026-02-19T23:15:33.5571305Z A body is sent with the request
2026-02-19T23:15:33.6601210Z 2026-02-19 23:15:33,659 - azure.core.pipeline.policies.http_logging_policy - INFO - Response status: 200
2026-02-19T23:15:33.6601929Z Response headers:
2026-02-19T23:15:33.6601961Z     'Transfer-Encoding': 'chunked'
2026-02-19T23:15:33.6601981Z     'Content-Type': 'application/json; charset=utf-8'
2026-02-19T23:15:33.6602000Z     'Server': 'Microsoft-HTTPAPI/2.0'
2026-02-19T23:15:33.6602078Z     'Strict-Transport-Security': 'REDACTED'
2026-02-19T23:15:33.6602100Z     'X-Content-Type-Options': 'REDACTED'
2026-02-19T23:15:33.6602120Z     'Date': 'Thu, 19 Feb 2026 23:15:32 GMT'
2026-02-19T23:15:33.6609597Z 2026-02-19 23:15:33,660 - azure.monitor.opentelemetry.exporter.export._base - INFO - Transmission succeeded: Item received: 3. Items accepted: 3
2026-02-19T23:15:37.2245769Z 2026-02-19 23:15:37,224 - azure.core.pipeline.policies.http_logging_policy - INFO - Request URL: 'https://westus2-2.in.applicationinsights.azure.com//v2.1/track'
2026-02-19T23:15:37.2246282Z Request method: 'POST'
2026-02-19T23:15:37.2246311Z Request headers:
2026-02-19T23:15:37.2246333Z     'Content-Type': 'application/json'
2026-02-19T23:15:37.2246353Z     'Content-Length': '3720'
2026-02-19T23:15:37.2246379Z     'Accept': 'application/json'
2026-02-19T23:15:37.2246448Z     'x-ms-client-request-id': 'e647ea1c-0de8-11f1-b7ca-7619be1f5af9'
2026-02-19T23:15:37.2246477Z     'User-Agent': 'azsdk-python-azuremonitorclient/unknown Python/3.11.14 (Linux-6.6.119.3-1.azl3-x86_64-with-glibc2.31)'
2026-02-19T23:15:37.2246497Z A body is sent with the request
2026-02-19T23:15:37.2769668Z 2026-02-19 23:15:37,276 - azure.core.pipeline.policies.http_logging_policy - INFO - Response status: 200
2026-02-19T23:15:37.2769995Z Response headers:
2026-02-19T23:15:37.2770023Z     'Transfer-Encoding': 'chunked'
2026-02-19T23:15:37.2770042Z     'Content-Type': 'application/json; charset=utf-8'
2026-02-19T23:15:37.2770061Z     'Server': 'Microsoft-HTTPAPI/2.0'
2026-02-19T23:15:37.2770081Z     'Strict-Transport-Security': 'REDACTED'
2026-02-19T23:15:37.2770108Z     'X-Content-Type-Options': 'REDACTED'
2026-02-19T23:15:37.2770126Z     'Date': 'Thu, 19 Feb 2026 23:15:36 GMT'
2026-02-19T23:15:37.2774673Z 2026-02-19 23:15:37,277 - azure.monitor.opentelemetry.exporter.export._base - INFO - Transmission succeeded: Item received: 3. Items accepted: 3
2026-02-19T23:15:38.6622752Z 2026-02-19 23:15:38,661 - azure.core.pipeline.policies.http_logging_policy - INFO - Request URL: 'https://westus2-2.in.applicationinsights.azure.com//v2.1/track'
2026-02-19T23:15:38.6623224Z Request method: 'POST'
2026-02-19T23:15:38.6623251Z Request headers:
2026-02-19T23:15:38.6623271Z     'Content-Type': 'application/json'
2026-02-19T23:15:38.6623291Z     'Content-Length': '3719'
2026-02-19T23:15:38.6623311Z     'Accept': 'application/json'
2026-02-19T23:15:38.6623334Z     'x-ms-client-request-id': 'e72347b0-0de8-11f1-a607-7619be1f5af9'
2026-02-19T23:15:38.6623356Z     'User-Agent': 'azsdk-python-azuremonitorclient/unknown Python/3.11.14 (Linux-6.6.119.3-1.azl3-x86_64-with-glibc2.31)'
2026-02-19T23:15:38.6623433Z A body is sent with the request
2026-02-19T23:15:38.7191602Z 2026-02-19 23:15:38,718 - azure.core.pipeline.policies.http_logging_policy - INFO - Response status: 200
2026-02-19T23:15:38.7191974Z Response headers:
2026-02-19T23:15:38.7192001Z     'Transfer-Encoding': 'chunked'
2026-02-19T23:15:38.7192026Z     'Content-Type': 'application/json; charset=utf-8'
2026-02-19T23:15:38.7192055Z     'Server': 'Microsoft-HTTPAPI/2.0'
2026-02-19T23:15:38.7192074Z     'Strict-Transport-Security': 'REDACTED'
2026-02-19T23:15:38.7192093Z     'X-Content-Type-Options': 'REDACTED'
2026-02-19T23:15:38.7192111Z     'Date': 'Thu, 19 Feb 2026 23:15:37 GMT'
2026-02-19T23:15:38.7199873Z 2026-02-19 23:15:38,719 - azure.monitor.opentelemetry.exporter.export._base - INFO - Transmission succeeded: Item received: 3. Items accepted: 3
2026-02-19T23:15:42.2789525Z 2026-02-19 23:15:42,278 - azure.core.pipeline.policies.http_logging_policy - INFO - Request URL: 'https://westus2-2.in.applicationinsights.azure.com//v2.1/track'
2026-02-19T23:15:42.2789916Z Request method: 'POST'
2026-02-19T23:15:42.2789943Z Request headers:
2026-02-19T23:15:42.2789964Z     'Content-Type': 'application/json'
2026-02-19T23:15:42.2789988Z     'Content-Length': '3720'
2026-02-19T23:15:42.2790009Z     'Accept': 'application/json'
2026-02-19T23:15:42.2790029Z     'x-ms-client-request-id': 'e94b2756-0de8-11f1-b7ca-7619be1f5af9'
2026-02-19T23:15:42.2790054Z     'User-Agent': 'azsdk-python-azuremonitorclient/unknown Python/3.11.14 (Linux-6.6.119.3-1.azl3-x86_64-with-glibc2.31)'
2026-02-19T23:15:42.2790074Z A body is sent with the request
2026-02-19T23:15:42.3604287Z 2026-02-19 23:15:42,360 - azure.core.pipeline.policies.http_logging_policy - INFO - Response status: 200
2026-02-19T23:15:42.3604683Z Response headers:
2026-02-19T23:15:42.3604708Z     'Transfer-Encoding': 'chunked'
2026-02-19T23:15:42.3604728Z     'Content-Type': 'application/json; charset=utf-8'
2026-02-19T23:15:42.3604745Z     'Server': 'Microsoft-HTTPAPI/2.0'
2026-02-19T23:15:42.3604765Z     'Strict-Transport-Security': 'REDACTED'
2026-02-19T23:15:42.3604783Z     'X-Content-Type-Options': 'REDACTED'
2026-02-19T23:15:42.3604801Z     'Date': 'Thu, 19 Feb 2026 23:15:41 GMT'
2026-02-19T23:15:42.3609703Z 2026-02-19 23:15:42,360 - azure.monitor.opentelemetry.exporter.export._base - INFO - Transmission succeeded: Item received: 3. Items accepted: 3
2026-02-19T23:15:43.7211423Z 2026-02-19 23:15:43,720 - azure.core.pipeline.policies.http_logging_policy - INFO - Request URL: 'https://westus2-2.in.applicationinsights.azure.com//v2.1/track'
2026-02-19T23:15:43.7211904Z Request method: 'POST'
2026-02-19T23:15:43.7211995Z Request headers:
2026-02-19T23:15:43.7212019Z     'Content-Type': 'application/json'
2026-02-19T23:15:43.7212038Z     'Content-Length': '3720'
2026-02-19T23:15:43.7212057Z     'Accept': 'application/json'
2026-02-19T23:15:43.7212077Z     'x-ms-client-request-id': 'ea273638-0de8-11f1-a607-7619be1f5af9'
2026-02-19T23:15:43.7212101Z     'User-Agent': 'azsdk-python-azuremonitorclient/unknown Python/3.11.14 (Linux-6.6.119.3-1.azl3-x86_64-with-glibc2.31)'
2026-02-19T23:15:43.7212121Z A body is sent with the request
2026-02-19T23:15:43.7731969Z 2026-02-19 23:15:43,773 - azure.core.pipeline.policies.http_logging_policy - INFO - Response status: 200
2026-02-19T23:15:43.7732327Z Response headers:
2026-02-19T23:15:43.7732353Z     'Transfer-Encoding': 'chunked'
2026-02-19T23:15:43.7732373Z     'Content-Type': 'application/json; charset=utf-8'
2026-02-19T23:15:43.7732463Z     'Server': 'Microsoft-HTTPAPI/2.0'
2026-02-19T23:15:43.7732481Z     'Strict-Transport-Security': 'REDACTED'
2026-02-19T23:15:43.7732499Z     'X-Content-Type-Options': 'REDACTED'
2026-02-19T23:15:43.7732516Z     'Date': 'Thu, 19 Feb 2026 23:15:42 GMT'
2026-02-19T23:15:43.7737686Z 2026-02-19 23:15:43,773 - azure.monitor.opentelemetry.exporter.export._base - INFO - Transmission succeeded: Item received: 3. Items accepted: 3
2026-02-19T23:15:47.3624229Z 2026-02-19 23:15:47,362 - azure.core.pipeline.policies.http_logging_policy - INFO - Request URL: 'https://westus2-2.in.applicationinsights.azure.com//v2.1/track'
2026-02-19T23:15:47.3624633Z Request method: 'POST'
2026-02-19T23:15:47.3624660Z Request headers:
2026-02-19T23:15:47.3624681Z     'Content-Type': 'application/json'
2026-02-19T23:15:47.3624699Z     'Content-Length': '3720'
2026-02-19T23:15:47.3624789Z     'Accept': 'application/json'
2026-02-19T23:15:47.3624810Z     'x-ms-client-request-id': 'ec52d1d8-0de8-11f1-b7ca-7619be1f5af9'
2026-02-19T23:15:47.3624833Z     'User-Agent': 'azsdk-python-azuremonitorclient/unknown Python/3.11.14 (Linux-6.6.119.3-1.azl3-x86_64-with-glibc2.31)'
2026-02-19T23:15:47.3624852Z A body is sent with the request
2026-02-19T23:15:47.4034033Z 2026-02-19 23:15:47,403 - azure.core.pipeline.policies.http_logging_policy - INFO - Response status: 200
2026-02-19T23:15:47.4034402Z Response headers:
2026-02-19T23:15:47.4034430Z     'Transfer-Encoding': 'chunked'
2026-02-19T23:15:47.4034451Z     'Content-Type': 'application/json; charset=utf-8'
2026-02-19T23:15:47.4034471Z     'Server': 'Microsoft-HTTPAPI/2.0'
2026-02-19T23:15:47.4034544Z     'Strict-Transport-Security': 'REDACTED'
2026-02-19T23:15:47.4034617Z     'X-Content-Type-Options': 'REDACTED'
2026-02-19T23:15:47.4034636Z     'Date': 'Thu, 19 Feb 2026 23:15:46 GMT'
2026-02-19T23:15:47.4039807Z 2026-02-19 23:15:47,403 - azure.monitor.opentelemetry.exporter.export._base - INFO - Transmission succeeded: Item received: 3. Items accepted: 3
2026-02-19T23:15:48.7752538Z 2026-02-19 23:15:48,775 - azure.core.pipeline.policies.http_logging_policy - INFO - Request URL: 'https://westus2-2.in.applicationinsights.azure.com//v2.1/track'
2026-02-19T23:15:48.7752905Z Request method: 'POST'
2026-02-19T23:15:48.7752932Z Request headers:
2026-02-19T23:15:48.7752950Z     'Content-Type': 'application/json'
2026-02-19T23:15:48.7752968Z     'Content-Length': '3720'
2026-02-19T23:15:48.7752996Z     'Accept': 'application/json'
2026-02-19T23:15:48.7753024Z     'x-ms-client-request-id': 'ed2a68f0-0de8-11f1-a607-7619be1f5af9'
2026-02-19T23:15:48.7753120Z     'User-Agent': 'azsdk-python-azuremonitorclient/unknown Python/3.11.14 (Linux-6.6.119.3-1.azl3-x86_64-with-glibc2.31)'
2026-02-19T23:15:48.7753143Z A body is sent with the request
2026-02-19T23:15:48.8675420Z 2026-02-19 23:15:48,867 - azure.core.pipeline.policies.http_logging_policy - INFO - Response status: 200
2026-02-19T23:15:48.8675727Z Response headers:
2026-02-19T23:15:48.8675755Z     'Transfer-Encoding': 'chunked'
2026-02-19T23:15:48.8676059Z     'Content-Type': 'application/json; charset=utf-8'
2026-02-19T23:15:48.8676088Z     'Server': 'Microsoft-HTTPAPI/2.0'
2026-02-19T23:15:48.8676109Z     'Strict-Transport-Security': 'REDACTED'
2026-02-19T23:15:48.8676135Z     'X-Content-Type-Options': 'REDACTED'
2026-02-19T23:15:48.8676153Z     'Date': 'Thu, 19 Feb 2026 23:15:47 GMT'
2026-02-19T23:15:48.8680113Z 2026-02-19 23:15:48,867 - azure.monitor.opentelemetry.exporter.export._base - INFO - Transmission succeeded: Item received: 3. Items accepted: 3
2026-02-19T23:15:52.4053234Z 2026-02-19 23:15:52,405 - azure.core.pipeline.policies.http_logging_policy - INFO - Request URL: 'https://westus2-2.in.applicationinsights.azure.com//v2.1/track'
2026-02-19T23:15:52.4053633Z Request method: 'POST'
2026-02-19T23:15:52.4053660Z Request headers:
2026-02-19T23:15:52.4053685Z     'Content-Type': 'application/json'
2026-02-19T23:15:52.4053704Z     'Content-Length': '3720'
2026-02-19T23:15:52.4053722Z     'Accept': 'application/json'
2026-02-19T23:15:52.4053742Z     'x-ms-client-request-id': 'ef544fc4-0de8-11f1-b7ca-7619be1f5af9'
2026-02-19T23:15:52.4053765Z     'User-Agent': 'azsdk-python-azuremonitorclient/unknown Python/3.11.14 (Linux-6.6.119.3-1.azl3-x86_64-with-glibc2.31)'
2026-02-19T23:15:52.4053790Z A body is sent with the request
2026-02-19T23:15:52.4934454Z 2026-02-19 23:15:52,493 - azure.core.pipeline.policies.http_logging_policy - INFO - Response status: 200
2026-02-19T23:15:52.4934794Z Response headers:
2026-02-19T23:15:52.4934823Z     'Transfer-Encoding': 'chunked'
2026-02-19T23:15:52.4934841Z     'Content-Type': 'application/json; charset=utf-8'
2026-02-19T23:15:52.4934859Z     'Server': 'Microsoft-HTTPAPI/2.0'
2026-02-19T23:15:52.4934879Z     'Strict-Transport-Security': 'REDACTED'
2026-02-19T23:15:52.4934902Z     'X-Content-Type-Options': 'REDACTED'
2026-02-19T23:15:52.4934920Z     'Date': 'Thu, 19 Feb 2026 23:15:51 GMT'
2026-02-19T23:15:52.4940280Z 2026-02-19 23:15:52,493 - azure.monitor.opentelemetry.exporter.export._base - INFO - Transmission succeeded: Item received: 3. Items accepted: 3
2026-02-19T23:15:53.8695985Z 2026-02-19 23:15:53,869 - azure.core.pipeline.policies.http_logging_policy - INFO - Request URL: 'https://westus2-2.in.applicationinsights.azure.com//v2.1/track'
2026-02-19T23:15:53.8696294Z Request method: 'POST'
2026-02-19T23:15:53.8696318Z Request headers:
2026-02-19T23:15:53.8696338Z     'Content-Type': 'application/json'
2026-02-19T23:15:53.8696357Z     'Content-Length': '3719'
2026-02-19T23:15:53.8696377Z     'Accept': 'application/json'
2026-02-19T23:15:53.8696398Z     'x-ms-client-request-id': 'f033bf4c-0de8-11f1-a607-7619be1f5af9'
2026-02-19T23:15:53.8696422Z     'User-Agent': 'azsdk-python-azuremonitorclient/unknown Python/3.11.14 (Linux-6.6.119.3-1.azl3-x86_64-with-glibc2.31)'
2026-02-19T23:15:53.8696442Z A body is sent with the request
2026-02-19T23:15:53.9938866Z 2026-02-19 23:15:53,983 - azure.core.pipeline.policies.http_logging_policy - INFO - Response status: 200
2026-02-19T23:15:53.9939468Z Response headers:
2026-02-19T23:15:53.9939502Z     'Transfer-Encoding': 'chunked'
2026-02-19T23:15:53.9939566Z     'Content-Type': 'application/json; charset=utf-8'
2026-02-19T23:15:53.9939586Z     'Server': 'Microsoft-HTTPAPI/2.0'
2026-02-19T23:15:53.9939606Z     'Strict-Transport-Security': 'REDACTED'
2026-02-19T23:15:53.9939627Z     'X-Content-Type-Options': 'REDACTED'
2026-02-19T23:15:53.9939647Z     'Date': 'Thu, 19 Feb 2026 23:15:53 GMT'
2026-02-19T23:15:53.9944900Z 2026-02-19 23:15:53,983 - azure.monitor.opentelemetry.exporter.export._base - INFO - Transmission succeeded: Item received: 3. Items accepted: 3
2026-02-19T23:15:57.4955375Z 2026-02-19 23:15:57,495 - azure.core.pipeline.policies.http_logging_policy - INFO - Request URL: 'https://westus2-2.in.applicationinsights.azure.com//v2.1/track'
2026-02-19T23:15:57.4955773Z Request method: 'POST'
2026-02-19T23:15:57.4955799Z Request headers:
2026-02-19T23:15:57.4955883Z     'Content-Type': 'application/json'
2026-02-19T23:15:57.4955907Z     'Content-Length': '3720'
2026-02-19T23:15:57.4955928Z     'Accept': 'application/json'
2026-02-19T23:15:57.4955950Z     'x-ms-client-request-id': 'f25d0472-0de8-11f1-b7ca-7619be1f5af9'
2026-02-19T23:15:57.4955975Z     'User-Agent': 'azsdk-python-azuremonitorclient/unknown Python/3.11.14 (Linux-6.6.119.3-1.azl3-x86_64-with-glibc2.31)'
2026-02-19T23:15:57.4955995Z A body is sent with the request
2026-02-19T23:15:57.5803929Z 2026-02-19 23:15:57,580 - azure.core.pipeline.policies.http_logging_policy - INFO - Response status: 200
2026-02-19T23:15:57.5804317Z Response headers:
2026-02-19T23:15:57.5804347Z     'Transfer-Encoding': 'chunked'
2026-02-19T23:15:57.5804369Z     'Content-Type': 'application/json; charset=utf-8'
2026-02-19T23:15:57.5804387Z     'Server': 'Microsoft-HTTPAPI/2.0'
2026-02-19T23:15:57.5804469Z     'Strict-Transport-Security': 'REDACTED'
2026-02-19T23:15:57.5804493Z     'X-Content-Type-Options': 'REDACTED'
2026-02-19T23:15:57.5804510Z     'Date': 'Thu, 19 Feb 2026 23:15:56 GMT'
2026-02-19T23:15:57.5808949Z 2026-02-19 23:15:57,580 - azure.monitor.opentelemetry.exporter.export._base - INFO - Transmission succeeded: Item received: 3. Items accepted: 3
2026-02-19T23:15:58.9854079Z 2026-02-19 23:15:58,985 - azure.core.pipeline.policies.http_logging_policy - INFO - Request URL: 'https://westus2-2.in.applicationinsights.azure.com//v2.1/track'
2026-02-19T23:15:58.9854507Z Request method: 'POST'
2026-02-19T23:15:58.9854538Z Request headers:
2026-02-19T23:15:58.9854559Z     'Content-Type': 'application/json'
2026-02-19T23:15:58.9854580Z     'Content-Length': '3718'
2026-02-19T23:15:58.9854603Z     'Accept': 'application/json'
2026-02-19T23:15:58.9854701Z     'x-ms-client-request-id': 'f34058ee-0de8-11f1-a607-7619be1f5af9'
2026-02-19T23:15:58.9854727Z     'User-Agent': 'azsdk-python-azuremonitorclient/unknown Python/3.11.14 (Linux-6.6.119.3-1.azl3-x86_64-with-glibc2.31)'
2026-02-19T23:15:58.9854745Z A body is sent with the request
2026-02-19T23:15:59.1148211Z 2026-02-19 23:15:59,106 - azure.core.pipeline.policies.http_logging_policy - INFO - Response status: 200
2026-02-19T23:15:59.1148764Z Response headers:
2026-02-19T23:15:59.1148793Z     'Transfer-Encoding': 'chunked'
2026-02-19T23:15:59.1148813Z     'Content-Type': 'application/json; charset=utf-8'
2026-02-19T23:15:59.1148832Z     'Server': 'Microsoft-HTTPAPI/2.0'
2026-02-19T23:15:59.1148847Z     'Strict-Transport-Security': 'REDACTED'
2026-02-19T23:15:59.1148869Z     'X-Content-Type-Options': 'REDACTED'
2026-02-19T23:15:59.1148890Z     'Date': 'Thu, 19 Feb 2026 23:15:58 GMT'
2026-02-19T23:15:59.1149256Z 2026-02-19 23:15:59,107 - azure.monitor.opentelemetry.exporter.export._base - INFO - Transmission succeeded: Item received: 3. Items accepted: 3
2026-02-19T23:16:02.5830204Z 2026-02-19 23:16:02,582 - azure.core.pipeline.policies.http_logging_policy - INFO - Request URL: 'https://westus2-2.in.applicationinsights.azure.com//v2.1/track'
2026-02-19T23:16:02.5830732Z Request method: 'POST'
2026-02-19T23:16:02.5830771Z Request headers:
2026-02-19T23:16:02.5830790Z     'Content-Type': 'application/json'
2026-02-19T23:16:02.5830807Z     'Content-Length': '3719'
2026-02-19T23:16:02.5830825Z     'Accept': 'application/json'
2026-02-19T23:16:02.5830849Z     'x-ms-client-request-id': 'f5654efe-0de8-11f1-b7ca-7619be1f5af9'
2026-02-19T23:16:02.5830878Z     'User-Agent': 'azsdk-python-azuremonitorclient/unknown Python/3.11.14 (Linux-6.6.119.3-1.azl3-x86_64-with-glibc2.31)'
2026-02-19T23:16:02.5830953Z A body is sent with the request
2026-02-19T23:16:02.6963066Z 2026-02-19 23:16:02,696 - azure.core.pipeline.policies.http_logging_policy - INFO - Response status: 200
2026-02-19T23:16:02.6963509Z Response headers:
2026-02-19T23:16:02.6963541Z     'Transfer-Encoding': 'chunked'
2026-02-19T23:16:02.6963567Z     'Content-Type': 'application/json; charset=utf-8'
2026-02-19T23:16:02.6963585Z     'Server': 'Microsoft-HTTPAPI/2.0'
2026-02-19T23:16:02.6963604Z     'Strict-Transport-Security': 'REDACTED'
2026-02-19T23:16:02.6963623Z     'X-Content-Type-Options': 'REDACTED'
2026-02-19T23:16:02.6963641Z     'Date': 'Thu, 19 Feb 2026 23:16:01 GMT'
2026-02-19T23:16:02.6968714Z 2026-02-19 23:16:02,696 - azure.monitor.opentelemetry.exporter.export._base - INFO - Transmission succeeded: Item received: 3. Items accepted: 3
2026-02-19T23:16:04.1108681Z 2026-02-19 23:16:04,110 - azure.core.pipeline.policies.http_logging_policy - INFO - Request URL: 'https://westus2-2.in.applicationinsights.azure.com//v2.1/track'
2026-02-19T23:16:04.1109225Z Request method: 'POST'
2026-02-19T23:16:04.1109983Z Request headers:
2026-02-19T23:16:04.1110021Z     'Content-Type': 'application/json'
2026-02-19T23:16:04.1110039Z     'Content-Length': '3719'
2026-02-19T23:16:04.1110057Z     'Accept': 'application/json'
2026-02-19T23:16:04.1110076Z     'x-ms-client-request-id': 'f64e60e4-0de8-11f1-a607-7619be1f5af9'
2026-02-19T23:16:04.1110096Z     'User-Agent': 'azsdk-python-azuremonitorclient/unknown Python/3.11.14 (Linux-6.6.119.3-1.azl3-x86_64-with-glibc2.31)'
2026-02-19T23:16:04.1110116Z A body is sent with the request
2026-02-19T23:16:04.2048715Z 2026-02-19 23:16:04,204 - azure.core.pipeline.policies.http_logging_policy - INFO - Response status: 200
2026-02-19T23:16:04.2049052Z Response headers:
2026-02-19T23:16:04.2049078Z     'Transfer-Encoding': 'chunked'
2026-02-19T23:16:04.2049097Z     'Content-Type': 'application/json; charset=utf-8'
2026-02-19T23:16:04.2049116Z     'Server': 'Microsoft-HTTPAPI/2.0'
2026-02-19T23:16:04.2049134Z     'Strict-Transport-Security': 'REDACTED'
2026-02-19T23:16:04.2049153Z     'X-Content-Type-Options': 'REDACTED'
2026-02-19T23:16:04.2049171Z     'Date': 'Thu, 19 Feb 2026 23:16:03 GMT'
2026-02-19T23:16:04.2054532Z 2026-02-19 23:16:04,205 - azure.monitor.opentelemetry.exporter.export._base - INFO - Transmission succeeded: Item received: 3. Items accepted: 3
2026-02-19T23:16:07.6986506Z 2026-02-19 23:16:07,698 - azure.core.pipeline.policies.http_logging_policy - INFO - Request URL: 'https://westus2-2.in.applicationinsights.azure.com//v2.1/track'
2026-02-19T23:16:07.6987711Z Request method: 'POST'
2026-02-19T23:16:07.6987811Z Request headers:
2026-02-19T23:16:07.6987831Z     'Content-Type': 'application/json'
2026-02-19T23:16:07.6987850Z     'Content-Length': '3720'
2026-02-19T23:16:07.6987870Z     'Accept': 'application/json'
2026-02-19T23:16:07.6987891Z     'x-ms-client-request-id': 'f871dcfc-0de8-11f1-b7ca-7619be1f5af9'
2026-02-19T23:16:07.6987915Z     'User-Agent': 'azsdk-python-azuremonitorclient/unknown Python/3.11.14 (Linux-6.6.119.3-1.azl3-x86_64-with-glibc2.31)'
2026-02-19T23:16:07.6987933Z A body is sent with the request
2026-02-19T23:16:07.8069203Z 2026-02-19 23:16:07,806 - azure.core.pipeline.policies.http_logging_policy - INFO - Response status: 200
2026-02-19T23:16:07.8069571Z Response headers:
2026-02-19T23:16:07.8069600Z     'Transfer-Encoding': 'chunked'
2026-02-19T23:16:07.8069621Z     'Content-Type': 'application/json; charset=utf-8'
2026-02-19T23:16:07.8069697Z     'Server': 'Microsoft-HTTPAPI/2.0'
2026-02-19T23:16:07.8069717Z     'Strict-Transport-Security': 'REDACTED'
2026-02-19T23:16:07.8069737Z     'X-Content-Type-Options': 'REDACTED'
2026-02-19T23:16:07.8069754Z     'Date': 'Thu, 19 Feb 2026 23:16:07 GMT'
2026-02-19T23:16:07.8075571Z 2026-02-19 23:16:07,807 - azure.monitor.opentelemetry.exporter.export._base - INFO - Transmission succeeded: Item received: 3. Items accepted: 3
2026-02-19T23:16:09.2068888Z 2026-02-19 23:16:09,206 - azure.core.pipeline.policies.http_logging_policy - INFO - Request URL: 'https://westus2-2.in.applicationinsights.azure.com//v2.1/track'
2026-02-19T23:16:09.2069233Z Request method: 'POST'
2026-02-19T23:16:09.2069262Z Request headers:
2026-02-19T23:16:09.2069283Z     'Content-Type': 'application/json'
2026-02-19T23:16:09.2069301Z     'Content-Length': '3720'
2026-02-19T23:16:09.2069370Z     'Accept': 'application/json'
2026-02-19T23:16:09.2069392Z     'x-ms-client-request-id': 'f9580826-0de8-11f1-a607-7619be1f5af9'
2026-02-19T23:16:09.2069418Z     'User-Agent': 'azsdk-python-azuremonitorclient/unknown Python/3.11.14 (Linux-6.6.119.3-1.azl3-x86_64-with-glibc2.31)'
2026-02-19T23:16:09.2069438Z A body is sent with the request
2026-02-19T23:16:09.2976143Z 2026-02-19 23:16:09,297 - azure.core.pipeline.policies.http_logging_policy - INFO - Response status: 200
2026-02-19T23:16:09.2976505Z Response headers:
2026-02-19T23:16:09.2976533Z     'Transfer-Encoding': 'chunked'
2026-02-19T23:16:09.2976553Z     'Content-Type': 'application/json; charset=utf-8'
2026-02-19T23:16:09.2976572Z     'Server': 'Microsoft-HTTPAPI/2.0'
2026-02-19T23:16:09.2976592Z     'Strict-Transport-Security': 'REDACTED'
2026-02-19T23:16:09.2976669Z     'X-Content-Type-Options': 'REDACTED'
2026-02-19T23:16:09.2976692Z     'Date': 'Thu, 19 Feb 2026 23:16:09 GMT'
2026-02-19T23:16:09.2981313Z 2026-02-19 23:16:09,297 - azure.monitor.opentelemetry.exporter.export._base - INFO - Transmission succeeded: Item received: 3. Items accepted: 3
2026-02-19T23:16:12.8098336Z 2026-02-19 23:16:12,809 - azure.core.pipeline.policies.http_logging_policy - INFO - Request URL: 'https://westus2-2.in.applicationinsights.azure.com//v2.1/track'
2026-02-19T23:16:12.8098899Z Request method: 'POST'
2026-02-19T23:16:12.8098929Z Request headers:
2026-02-19T23:16:12.8098953Z     'Content-Type': 'application/json'
2026-02-19T23:16:12.8098973Z     'Content-Length': '3719'
2026-02-19T23:16:12.8098990Z     'Accept': 'application/json'
2026-02-19T23:16:12.8099016Z     'x-ms-client-request-id': 'fb7dc14a-0de8-11f1-b7ca-7619be1f5af9'
2026-02-19T23:16:12.8099113Z     'User-Agent': 'azsdk-python-azuremonitorclient/unknown Python/3.11.14 (Linux-6.6.119.3-1.azl3-x86_64-with-glibc2.31)'
2026-02-19T23:16:12.8099135Z A body is sent with the request
2026-02-19T23:16:12.9995399Z 2026-02-19 23:16:12,999 - azure.core.pipeline.policies.http_logging_policy - INFO - Response status: 200
2026-02-19T23:16:12.9995768Z Response headers:
2026-02-19T23:16:12.9995798Z     'Transfer-Encoding': 'chunked'
2026-02-19T23:16:12.9995823Z     'Content-Type': 'application/json; charset=utf-8'
2026-02-19T23:16:12.9995841Z     'Server': 'Microsoft-HTTPAPI/2.0'
2026-02-19T23:16:12.9995859Z     'Strict-Transport-Security': 'REDACTED'
2026-02-19T23:16:12.9995879Z     'X-Content-Type-Options': 'REDACTED'
2026-02-19T23:16:12.9995897Z     'Date': 'Thu, 19 Feb 2026 23:16:12 GMT'
2026-02-19T23:16:13.0001237Z 2026-02-19 23:16:12,999 - azure.monitor.opentelemetry.exporter.export._base - INFO - Transmission succeeded: Item received: 3. Items accepted: 3
2026-02-19T23:16:14.2999982Z 2026-02-19 23:16:14,299 - azure.core.pipeline.policies.http_logging_policy - INFO - Request URL: 'https://westus2-2.in.applicationinsights.azure.com//v2.1/track'
2026-02-19T23:16:14.3000418Z Request method: 'POST'
2026-02-19T23:16:14.3000446Z Request headers:
2026-02-19T23:16:14.3000473Z     'Content-Type': 'application/json'
2026-02-19T23:16:14.3000493Z     'Content-Length': '3720'
2026-02-19T23:16:14.3000514Z     'Accept': 'application/json'
2026-02-19T23:16:14.3000537Z     'x-ms-client-request-id': 'fc6128ae-0de8-11f1-a607-7619be1f5af9'
2026-02-19T23:16:14.3000565Z     'User-Agent': 'azsdk-python-azuremonitorclient/unknown Python/3.11.14 (Linux-6.6.119.3-1.azl3-x86_64-with-glibc2.31)'
2026-02-19T23:16:14.3000588Z A body is sent with the request
2026-02-19T23:16:14.4348085Z 2026-02-19 23:16:14,434 - azure.core.pipeline.policies.http_logging_policy - INFO - Response status: 200
2026-02-19T23:16:14.4348464Z Response headers:
2026-02-19T23:16:14.4348498Z     'Transfer-Encoding': 'chunked'
2026-02-19T23:16:14.4348519Z     'Content-Type': 'application/json; charset=utf-8'
2026-02-19T23:16:14.4348540Z     'Server': 'Microsoft-HTTPAPI/2.0'
2026-02-19T23:16:14.4348561Z     'Strict-Transport-Security': 'REDACTED'
2026-02-19T23:16:14.4348579Z     'X-Content-Type-Options': 'REDACTED'
2026-02-19T23:16:14.4348598Z     'Date': 'Thu, 19 Feb 2026 23:16:14 GMT'
2026-02-19T23:16:14.4358010Z 2026-02-19 23:16:14,434 - azure.monitor.opentelemetry.exporter.export._base - INFO - Transmission succeeded: Item received: 3. Items accepted: 3
2026-02-19T23:16:18.0014212Z 2026-02-19 23:16:18,001 - azure.core.pipeline.policies.http_logging_policy - INFO - Request URL: 'https://westus2-2.in.applicationinsights.azure.com//v2.1/track'
2026-02-19T23:16:18.0014666Z Request method: 'POST'
2026-02-19T23:16:18.0014688Z Request headers:
2026-02-19T23:16:18.0014710Z     'Content-Type': 'application/json'
2026-02-19T23:16:18.0014732Z     'Content-Length': '3720'
2026-02-19T23:16:18.0014752Z     'Accept': 'application/json'
2026-02-19T23:16:18.0014775Z     'x-ms-client-request-id': 'fe95f7d0-0de8-11f1-b7ca-7619be1f5af9'
2026-02-19T23:16:18.0014799Z     'User-Agent': 'azsdk-python-azuremonitorclient/unknown Python/3.11.14 (Linux-6.6.119.3-1.azl3-x86_64-with-glibc2.31)'
2026-02-19T23:16:18.0014819Z A body is sent with the request
2026-02-19T23:16:18.1068360Z 2026-02-19 23:16:18,106 - azure.core.pipeline.policies.http_logging_policy - INFO - Response status: 200
2026-02-19T23:16:18.1068767Z Response headers:
2026-02-19T23:16:18.1068797Z     'Transfer-Encoding': 'chunked'
2026-02-19T23:16:18.1068882Z     'Content-Type': 'application/json; charset=utf-8'
2026-02-19T23:16:18.1068899Z     'Server': 'Microsoft-HTTPAPI/2.0'
2026-02-19T23:16:18.1068918Z     'Strict-Transport-Security': 'REDACTED'
2026-02-19T23:16:18.1068939Z     'X-Content-Type-Options': 'REDACTED'
2026-02-19T23:16:18.1068959Z     'Date': 'Thu, 19 Feb 2026 23:16:17 GMT'
2026-02-19T23:16:18.1075564Z 2026-02-19 23:16:18,107 - azure.monitor.opentelemetry.exporter.export._base - INFO - Transmission succeeded: Item received: 3. Items accepted: 3
2026-02-19T23:16:19.4369023Z 2026-02-19 23:16:19,436 - azure.core.pipeline.policies.http_logging_policy - INFO - Request URL: 'https://westus2-2.in.applicationinsights.azure.com//v2.1/track'
2026-02-19T23:16:19.4369597Z Request method: 'POST'
2026-02-19T23:16:19.4369631Z Request headers:
2026-02-19T23:16:19.4369717Z     'Content-Type': 'application/json'
2026-02-19T23:16:19.4369740Z     'Content-Length': '3719'
2026-02-19T23:16:19.4369756Z     'Accept': 'application/json'
2026-02-19T23:16:19.4369776Z     'x-ms-client-request-id': 'ff710028-0de8-11f1-a607-7619be1f5af9'
2026-02-19T23:16:19.4369798Z     'User-Agent': 'azsdk-python-azuremonitorclient/unknown Python/3.11.14 (Linux-6.6.119.3-1.azl3-x86_64-with-glibc2.31)'
2026-02-19T23:16:19.4369817Z A body is sent with the request
2026-02-19T23:16:19.5784340Z 2026-02-19 23:16:19,578 - azure.core.pipeline.policies.http_logging_policy - INFO - Response status: 200
2026-02-19T23:16:19.5784905Z Response headers:
2026-02-19T23:16:19.5784938Z     'Transfer-Encoding': 'chunked'
2026-02-19T23:16:19.5784962Z     'Content-Type': 'application/json; charset=utf-8'
2026-02-19T23:16:19.5784980Z     'Server': 'Microsoft-HTTPAPI/2.0'
2026-02-19T23:16:19.5785035Z     'Strict-Transport-Security': 'REDACTED'
2026-02-19T23:16:19.5785054Z     'X-Content-Type-Options': 'REDACTED'
2026-02-19T23:16:19.5785073Z     'Date': 'Thu, 19 Feb 2026 23:16:19 GMT'
2026-02-19T23:16:19.5789285Z 2026-02-19 23:16:19,578 - azure.monitor.opentelemetry.exporter.export._base - INFO - Transmission succeeded: Item received: 3. Items accepted: 3
2026-02-19T23:16:23.1093792Z 2026-02-19 23:16:23,109 - azure.core.pipeline.policies.http_logging_policy - INFO - Request URL: 'https://westus2-2.in.applicationinsights.azure.com//v2.1/track'
2026-02-19T23:16:23.1094191Z Request method: 'POST'
2026-02-19T23:16:23.1094215Z Request headers:
2026-02-19T23:16:23.1094240Z     'Content-Type': 'application/json'
2026-02-19T23:16:23.1094259Z     'Content-Length': '3720'
2026-02-19T23:16:23.1094276Z     'Accept': 'application/json'
2026-02-19T23:16:23.1094338Z     'x-ms-client-request-id': '01a15faa-0de9-11f1-b7ca-7619be1f5af9'
2026-02-19T23:16:23.1094367Z     'User-Agent': 'azsdk-python-azuremonitorclient/unknown Python/3.11.14 (Linux-6.6.119.3-1.azl3-x86_64-with-glibc2.31)'
2026-02-19T23:16:23.1094384Z A body is sent with the request
2026-02-19T23:16:23.1880622Z 2026-02-19 23:16:23,187 - azure.core.pipeline.policies.http_logging_policy - INFO - Response status: 200
2026-02-19T23:16:23.1880997Z Response headers:
2026-02-19T23:16:23.1881025Z     'Transfer-Encoding': 'chunked'
2026-02-19T23:16:23.1881048Z     'Content-Type': 'application/json; charset=utf-8'
2026-02-19T23:16:23.1881068Z     'Server': 'Microsoft-HTTPAPI/2.0'
2026-02-19T23:16:23.1881087Z     'Strict-Transport-Security': 'REDACTED'
2026-02-19T23:16:23.1881108Z     'X-Content-Type-Options': 'REDACTED'
2026-02-19T23:16:23.1881125Z     'Date': 'Thu, 19 Feb 2026 23:16:22 GMT'
2026-02-19T23:16:23.1887463Z 2026-02-19 23:16:23,188 - azure.monitor.opentelemetry.exporter.export._base - INFO - Transmission succeeded: Item received: 3. Items accepted: 3
2026-02-19T23:16:24.5816673Z 2026-02-19 23:16:24,581 - azure.core.pipeline.policies.http_logging_policy - INFO - Request URL: 'https://westus2-2.in.applicationinsights.azure.com//v2.1/track'
2026-02-19T23:16:24.5817065Z Request method: 'POST'
2026-02-19T23:16:24.5817089Z Request headers:
2026-02-19T23:16:24.5817108Z     'Content-Type': 'application/json'
2026-02-19T23:16:24.5817132Z     'Content-Length': '3720'
2026-02-19T23:16:24.5817151Z     'Accept': 'application/json'
2026-02-19T23:16:24.5817171Z     'x-ms-client-request-id': '0281ff74-0de9-11f1-a607-7619be1f5af9'
2026-02-19T23:16:24.5817197Z     'User-Agent': 'azsdk-python-azuremonitorclient/unknown Python/3.11.14 (Linux-6.6.119.3-1.azl3-x86_64-with-glibc2.31)'
2026-02-19T23:16:24.5817289Z A body is sent with the request
2026-02-19T23:16:24.6563498Z 2026-02-19 23:16:24,656 - azure.core.pipeline.policies.http_logging_policy - INFO - Response status: 200
2026-02-19T23:16:24.6563853Z Response headers:
2026-02-19T23:16:24.6563881Z     'Transfer-Encoding': 'chunked'
2026-02-19T23:16:24.6563904Z     'Content-Type': 'application/json; charset=utf-8'
2026-02-19T23:16:24.6563925Z     'Server': 'Microsoft-HTTPAPI/2.0'
2026-02-19T23:16:24.6563943Z     'Strict-Transport-Security': 'REDACTED'
2026-02-19T23:16:24.6563968Z     'X-Content-Type-Options': 'REDACTED'
2026-02-19T23:16:24.6563987Z     'Date': 'Thu, 19 Feb 2026 23:16:24 GMT'
2026-02-19T23:16:24.6568352Z 2026-02-19 23:16:24,656 - azure.monitor.opentelemetry.exporter.export._base - INFO - Transmission succeeded: Item received: 3. Items accepted: 3
2026-02-19T23:16:28.1901387Z 2026-02-19 23:16:28,189 - azure.core.pipeline.policies.http_logging_policy - INFO - Request URL: 'https://westus2-2.in.applicationinsights.azure.com//v2.1/track'
2026-02-19T23:16:28.1902050Z Request method: 'POST'
2026-02-19T23:16:28.1902076Z Request headers:
2026-02-19T23:16:28.1902096Z     'Content-Type': 'application/json'
2026-02-19T23:16:28.1902116Z     'Content-Length': '3720'
2026-02-19T23:16:28.1902135Z     'Accept': 'application/json'
2026-02-19T23:16:28.1902553Z     'x-ms-client-request-id': '04a8a2b2-0de9-11f1-b7ca-7619be1f5af9'
2026-02-19T23:16:28.1902592Z     'User-Agent': 'azsdk-python-azuremonitorclient/unknown Python/3.11.14 (Linux-6.6.119.3-1.azl3-x86_64-with-glibc2.31)'
2026-02-19T23:16:28.1902610Z A body is sent with the request
2026-02-19T23:16:28.2503805Z 2026-02-19 23:16:28,250 - azure.core.pipeline.policies.http_logging_policy - INFO - Response status: 200
2026-02-19T23:16:28.2504152Z Response headers:
2026-02-19T23:16:28.2504181Z     'Transfer-Encoding': 'chunked'
2026-02-19T23:16:28.2504250Z     'Content-Type': 'application/json; charset=utf-8'
2026-02-19T23:16:28.2504269Z     'Server': 'Microsoft-HTTPAPI/2.0'
2026-02-19T23:16:28.2504287Z     'Strict-Transport-Security': 'REDACTED'
2026-02-19T23:16:28.2504304Z     'X-Content-Type-Options': 'REDACTED'
2026-02-19T23:16:28.2504323Z     'Date': 'Thu, 19 Feb 2026 23:16:27 GMT'
2026-02-19T23:16:28.2507284Z 2026-02-19 23:16:28,250 - azure.monitor.opentelemetry.exporter.export._base - INFO - Transmission succeeded: Item received: 3. Items accepted: 3
2026-02-19T23:16:29.6591819Z 2026-02-19 23:16:29,658 - azure.core.pipeline.policies.http_logging_policy - INFO - Request URL: 'https://westus2-2.in.applicationinsights.azure.com//v2.1/track'
2026-02-19T23:16:29.6592221Z Request method: 'POST'
2026-02-19T23:16:29.6592249Z Request headers:
2026-02-19T23:16:29.6592271Z     'Content-Type': 'application/json'
2026-02-19T23:16:29.6592354Z     'Content-Length': '3719'
2026-02-19T23:16:29.6592376Z     'Accept': 'application/json'
2026-02-19T23:16:29.6592401Z     'x-ms-client-request-id': '0588cac2-0de9-11f1-a607-7619be1f5af9'
2026-02-19T23:16:29.6592425Z     'User-Agent': 'azsdk-python-azuremonitorclient/unknown Python/3.11.14 (Linux-6.6.119.3-1.azl3-x86_64-with-glibc2.31)'
2026-02-19T23:16:29.6592447Z A body is sent with the request
2026-02-19T23:16:29.7842559Z 2026-02-19 23:16:29,784 - azure.core.pipeline.policies.http_logging_policy - INFO - Response status: 200
2026-02-19T23:16:29.7842958Z Response headers:
2026-02-19T23:16:29.7842989Z     'Transfer-Encoding': 'chunked'
2026-02-19T23:16:29.7843011Z     'Content-Type': 'application/json; charset=utf-8'
2026-02-19T23:16:29.7843033Z     'Server': 'Microsoft-HTTPAPI/2.0'
2026-02-19T23:16:29.7843051Z     'Strict-Transport-Security': 'REDACTED'
2026-02-19T23:16:29.7843126Z     'X-Content-Type-Options': 'REDACTED'
2026-02-19T23:16:29.7843144Z     'Date': 'Thu, 19 Feb 2026 23:16:29 GMT'
2026-02-19T23:16:29.7851698Z 2026-02-19 23:16:29,784 - azure.monitor.opentelemetry.exporter.export._base - INFO - Transmission succeeded: Item received: 3. Items accepted: 3
2026-02-19T23:16:33.2523499Z 2026-02-19 23:16:33,252 - azure.core.pipeline.policies.http_logging_policy - INFO - Request URL: 'https://westus2-2.in.applicationinsights.azure.com//v2.1/track'
2026-02-19T23:16:33.2524067Z Request method: 'POST'
2026-02-19T23:16:33.2524097Z Request headers:
2026-02-19T23:16:33.2524116Z     'Content-Type': 'application/json'
2026-02-19T23:16:33.2524138Z     'Content-Length': '3718'
2026-02-19T23:16:33.2524159Z     'Accept': 'application/json'
2026-02-19T23:16:33.2524180Z     'x-ms-client-request-id': '07ad1150-0de9-11f1-b7ca-7619be1f5af9'
2026-02-19T23:16:33.2524260Z     'User-Agent': 'azsdk-python-azuremonitorclient/unknown Python/3.11.14 (Linux-6.6.119.3-1.azl3-x86_64-with-glibc2.31)'
2026-02-19T23:16:33.2524279Z A body is sent with the request
2026-02-19T23:16:33.3358730Z 2026-02-19 23:16:33,335 - azure.core.pipeline.policies.http_logging_policy - INFO - Response status: 200
2026-02-19T23:16:33.3359130Z Response headers:
2026-02-19T23:16:33.3359160Z     'Transfer-Encoding': 'chunked'
2026-02-19T23:16:33.3359183Z     'Content-Type': 'application/json; charset=utf-8'
2026-02-19T23:16:33.3359204Z     'Server': 'Microsoft-HTTPAPI/2.0'
2026-02-19T23:16:33.3359225Z     'Strict-Transport-Security': 'REDACTED'
2026-02-19T23:16:33.3359247Z     'X-Content-Type-Options': 'REDACTED'
2026-02-19T23:16:33.3359269Z     'Date': 'Thu, 19 Feb 2026 23:16:32 GMT'
2026-02-19T23:16:33.3359363Z 2026-02-19 23:16:33,335 - azure.monitor.opentelemetry.exporter.export._base - INFO - Transmission succeeded: Item received: 3. Items accepted: 3
2026-02-19T23:16:34.7878793Z 2026-02-19 23:16:34,787 - azure.core.pipeline.policies.http_logging_policy - INFO - Request URL: 'https://westus2-2.in.applicationinsights.azure.com//v2.1/track'
2026-02-19T23:16:34.7879194Z Request method: 'POST'
2026-02-19T23:16:34.7879223Z Request headers:
2026-02-19T23:16:34.7879241Z     'Content-Type': 'application/json'
2026-02-19T23:16:34.7879259Z     'Content-Length': '3720'
2026-02-19T23:16:34.7879280Z     'Accept': 'application/json'
2026-02-19T23:16:34.7879300Z     'x-ms-client-request-id': '089760b6-0de9-11f1-a607-7619be1f5af9'
2026-02-19T23:16:34.7879325Z     'User-Agent': 'azsdk-python-azuremonitorclient/unknown Python/3.11.14 (Linux-6.6.119.3-1.azl3-x86_64-with-glibc2.31)'
2026-02-19T23:16:34.7879346Z A body is sent with the request
2026-02-19T23:16:34.8844352Z 2026-02-19 23:16:34,884 - azure.core.pipeline.policies.http_logging_policy - INFO - Response status: 200
2026-02-19T23:16:34.8844987Z Response headers:
2026-02-19T23:16:34.8845012Z     'Transfer-Encoding': 'chunked'
2026-02-19T23:16:34.8845039Z     'Content-Type': 'application/json; charset=utf-8'
2026-02-19T23:16:34.8845057Z     'Server': 'Microsoft-HTTPAPI/2.0'
2026-02-19T23:16:34.8845078Z     'Strict-Transport-Security': 'REDACTED'
2026-02-19T23:16:34.8845097Z     'X-Content-Type-Options': 'REDACTED'
2026-02-19T23:16:34.8845113Z     'Date': 'Thu, 19 Feb 2026 23:16:34 GMT'
2026-02-19T23:16:34.8849942Z 2026-02-19 23:16:34,884 - azure.monitor.opentelemetry.exporter.export._base - INFO - Transmission succeeded: Item received: 3. Items accepted: 3
2026-02-19T23:16:38.3406991Z 2026-02-19 23:16:38,340 - azure.core.pipeline.policies.http_logging_policy - INFO - Request URL: 'https://westus2-2.in.applicationinsights.azure.com//v2.1/track'
2026-02-19T23:16:38.3407638Z Request method: 'POST'
2026-02-19T23:16:38.3407669Z Request headers:
2026-02-19T23:16:38.3407688Z     'Content-Type': 'application/json'
2026-02-19T23:16:38.3407707Z     'Content-Length': '3720'
2026-02-19T23:16:38.3407724Z     'Accept': 'application/json'
2026-02-19T23:16:38.3407746Z     'x-ms-client-request-id': '0ab5714e-0de9-11f1-b7ca-7619be1f5af9'
2026-02-19T23:16:38.3407768Z     'User-Agent': 'azsdk-python-azuremonitorclient/unknown Python/3.11.14 (Linux-6.6.119.3-1.azl3-x86_64-with-glibc2.31)'
2026-02-19T23:16:38.3407788Z A body is sent with the request
2026-02-19T23:16:38.4735775Z 2026-02-19 23:16:38,473 - azure.core.pipeline.policies.http_logging_policy - INFO - Response status: 200
2026-02-19T23:16:38.4736132Z Response headers:
2026-02-19T23:16:38.4736218Z     'Transfer-Encoding': 'chunked'
2026-02-19T23:16:38.4736244Z     'Content-Type': 'application/json; charset=utf-8'
2026-02-19T23:16:38.4736265Z     'Server': 'Microsoft-HTTPAPI/2.0'
2026-02-19T23:16:38.4736286Z     'Strict-Transport-Security': 'REDACTED'
2026-02-19T23:16:38.4736306Z     'X-Content-Type-Options': 'REDACTED'
2026-02-19T23:16:38.4736325Z     'Date': 'Thu, 19 Feb 2026 23:16:37 GMT'
2026-02-19T23:16:38.4741397Z 2026-02-19 23:16:38,473 - azure.monitor.opentelemetry.exporter.export._base - INFO - Transmission succeeded: Item received: 3. Items accepted: 3
2026-02-19T23:16:39.8889894Z 2026-02-19 23:16:39,888 - azure.core.pipeline.policies.http_logging_policy - INFO - Request URL: 'https://westus2-2.in.applicationinsights.azure.com//v2.1/track'
2026-02-19T23:16:39.8890154Z Request method: 'POST'
2026-02-19T23:16:39.8890185Z Request headers:
2026-02-19T23:16:39.8890236Z     'Content-Type': 'application/json'
2026-02-19T23:16:39.8890259Z     'Content-Length': '3720'
2026-02-19T23:16:39.8890281Z     'Accept': 'application/json'
2026-02-19T23:16:39.8890303Z     'x-ms-client-request-id': '0ba1aec4-0de9-11f1-a607-7619be1f5af9'
2026-02-19T23:16:39.8890329Z     'User-Agent': 'azsdk-python-azuremonitorclient/unknown Python/3.11.14 (Linux-6.6.119.3-1.azl3-x86_64-with-glibc2.31)'
2026-02-19T23:16:39.8890350Z A body is sent with the request
2026-02-19T23:16:39.9557704Z 2026-02-19 23:16:39,955 - azure.core.pipeline.policies.http_logging_policy - INFO - Response status: 200
2026-02-19T23:16:39.9558189Z Response headers:
2026-02-19T23:16:39.9558222Z     'Transfer-Encoding': 'chunked'
2026-02-19T23:16:39.9558242Z     'Content-Type': 'application/json; charset=utf-8'
2026-02-19T23:16:39.9558262Z     'Server': 'Microsoft-HTTPAPI/2.0'
2026-02-19T23:16:39.9558347Z     'Strict-Transport-Security': 'REDACTED'
2026-02-19T23:16:39.9558364Z     'X-Content-Type-Options': 'REDACTED'
2026-02-19T23:16:39.9558379Z     'Date': 'Thu, 19 Feb 2026 23:16:39 GMT'
2026-02-19T23:16:39.9564797Z 2026-02-19 23:16:39,956 - azure.monitor.opentelemetry.exporter.export._base - INFO - Transmission succeeded: Item received: 3. Items accepted: 3
2026-02-19T23:16:43.4755277Z 2026-02-19 23:16:43,475 - azure.core.pipeline.policies.http_logging_policy - INFO - Request URL: 'https://westus2-2.in.applicationinsights.azure.com//v2.1/track'
2026-02-19T23:16:43.4755854Z Request method: 'POST'
2026-02-19T23:16:43.4755885Z Request headers:
2026-02-19T23:16:43.4755907Z     'Content-Type': 'application/json'
2026-02-19T23:16:43.4755925Z     'Content-Length': '3720'
2026-02-19T23:16:43.4755942Z     'Accept': 'application/json'
2026-02-19T23:16:43.4756022Z     'x-ms-client-request-id': '0dc5025a-0de9-11f1-b7ca-7619be1f5af9'
2026-02-19T23:16:43.4756047Z     'User-Agent': 'azsdk-python-azuremonitorclient/unknown Python/3.11.14 (Linux-6.6.119.3-1.azl3-x86_64-with-glibc2.31)'
2026-02-19T23:16:43.4756063Z A body is sent with the request
2026-02-19T23:16:43.5812401Z 2026-02-19 23:16:43,581 - azure.core.pipeline.policies.http_logging_policy - INFO - Response status: 200
2026-02-19T23:16:43.5812766Z Response headers:
2026-02-19T23:16:43.5812797Z     'Transfer-Encoding': 'chunked'
2026-02-19T23:16:43.5812820Z     'Content-Type': 'application/json; charset=utf-8'
2026-02-19T23:16:43.5812847Z     'Server': 'Microsoft-HTTPAPI/2.0'
2026-02-19T23:16:43.5812867Z     'Strict-Transport-Security': 'REDACTED'
2026-02-19T23:16:43.5812886Z     'X-Content-Type-Options': 'REDACTED'
2026-02-19T23:16:43.5812939Z     'Date': 'Thu, 19 Feb 2026 23:16:42 GMT'
2026-02-19T23:16:43.5817142Z 2026-02-19 23:16:43,581 - azure.monitor.opentelemetry.exporter.export._base - INFO - Transmission succeeded: Item received: 3. Items accepted: 3
2026-02-19T23:16:44.9581938Z 2026-02-19 23:16:44,957 - azure.core.pipeline.policies.http_logging_policy - INFO - Request URL: 'https://westus2-2.in.applicationinsights.azure.com//v2.1/track'
2026-02-19T23:16:44.9582773Z Request method: 'POST'
2026-02-19T23:16:44.9582801Z Request headers:
2026-02-19T23:16:44.9582821Z     'Content-Type': 'application/json'
2026-02-19T23:16:44.9582839Z     'Content-Length': '3720'
2026-02-19T23:16:44.9582862Z     'Accept': 'application/json'
2026-02-19T23:16:44.9582886Z     'x-ms-client-request-id': '0ea73ea4-0de9-11f1-a607-7619be1f5af9'
2026-02-19T23:16:44.9582911Z     'User-Agent': 'azsdk-python-azuremonitorclient/unknown Python/3.11.14 (Linux-6.6.119.3-1.azl3-x86_64-with-glibc2.31)'
2026-02-19T23:16:44.9582987Z A body is sent with the request
2026-02-19T23:16:45.0385773Z 2026-02-19 23:16:45,038 - azure.core.pipeline.policies.http_logging_policy - INFO - Response status: 200
2026-02-19T23:16:45.0386391Z Response headers:
2026-02-19T23:16:45.0386425Z     'Transfer-Encoding': 'chunked'
2026-02-19T23:16:45.0386445Z     'Content-Type': 'application/json; charset=utf-8'
2026-02-19T23:16:45.0386466Z     'Server': 'Microsoft-HTTPAPI/2.0'
2026-02-19T23:16:45.0386484Z     'Strict-Transport-Security': 'REDACTED'
2026-02-19T23:16:45.0386501Z     'X-Content-Type-Options': 'REDACTED'
2026-02-19T23:16:45.0386526Z     'Date': 'Thu, 19 Feb 2026 23:16:44 GMT'
2026-02-19T23:16:45.0393178Z 2026-02-19 23:16:45,039 - azure.monitor.opentelemetry.exporter.export._base - INFO - Transmission succeeded: Item received: 3. Items accepted: 3
2026-02-19T23:16:48.5833470Z 2026-02-19 23:16:48,583 - azure.core.pipeline.policies.http_logging_policy - INFO - Request URL: 'https://westus2-2.in.applicationinsights.azure.com//v2.1/track'
2026-02-19T23:16:48.5833797Z Request method: 'POST'
2026-02-19T23:16:48.5833822Z Request headers:
2026-02-19T23:16:48.5833844Z     'Content-Type': 'application/json'
2026-02-19T23:16:48.5833863Z     'Content-Length': '3719'
2026-02-19T23:16:48.5833881Z     'Accept': 'application/json'
2026-02-19T23:16:48.5833902Z     'x-ms-client-request-id': '10d066ba-0de9-11f1-b7ca-7619be1f5af9'
2026-02-19T23:16:48.5833924Z     'User-Agent': 'azsdk-python-azuremonitorclient/unknown Python/3.11.14 (Linux-6.6.119.3-1.azl3-x86_64-with-glibc2.31)'
2026-02-19T23:16:48.5833942Z A body is sent with the request
2026-02-19T23:16:48.6808369Z 2026-02-19 23:16:48,680 - azure.core.pipeline.policies.http_logging_policy - INFO - Response status: 200
2026-02-19T23:16:48.6808733Z Response headers:
2026-02-19T23:16:48.6808827Z     'Transfer-Encoding': 'chunked'
2026-02-19T23:16:48.6808849Z     'Content-Type': 'application/json; charset=utf-8'
2026-02-19T23:16:48.6808873Z     'Server': 'Microsoft-HTTPAPI/2.0'
2026-02-19T23:16:48.6808894Z     'Strict-Transport-Security': 'REDACTED'
2026-02-19T23:16:48.6808914Z     'X-Content-Type-Options': 'REDACTED'
2026-02-19T23:16:48.6808930Z     'Date': 'Thu, 19 Feb 2026 23:16:47 GMT'
2026-02-19T23:16:48.6817210Z 2026-02-19 23:16:48,681 - azure.monitor.opentelemetry.exporter.export._base - INFO - Transmission succeeded: Item received: 3. Items accepted: 3
2026-02-19T23:16:50.0408835Z 2026-02-19 23:16:50,040 - azure.core.pipeline.policies.http_logging_policy - INFO - Request URL: 'https://westus2-2.in.applicationinsights.azure.com//v2.1/track'
2026-02-19T23:16:50.0409225Z Request method: 'POST'
2026-02-19T23:16:50.0409247Z Request headers:
2026-02-19T23:16:50.0409328Z     'Content-Type': 'application/json'
2026-02-19T23:16:50.0409350Z     'Content-Length': '3720'
2026-02-19T23:16:50.0409372Z     'Accept': 'application/json'
2026-02-19T23:16:50.0409393Z     'x-ms-client-request-id': '11aeccfc-0de9-11f1-a607-7619be1f5af9'
2026-02-19T23:16:50.0409416Z     'User-Agent': 'azsdk-python-azuremonitorclient/unknown Python/3.11.14 (Linux-6.6.119.3-1.azl3-x86_64-with-glibc2.31)'
2026-02-19T23:16:50.0409433Z A body is sent with the request
2026-02-19T23:16:50.0878141Z 2026-02-19 23:16:50,087 - azure.core.pipeline.policies.http_logging_policy - INFO - Response status: 200
2026-02-19T23:16:50.0878538Z Response headers:
2026-02-19T23:16:50.0878573Z     'Transfer-Encoding': 'chunked'
2026-02-19T23:16:50.0878595Z     'Content-Type': 'application/json; charset=utf-8'
2026-02-19T23:16:50.0878684Z     'Server': 'Microsoft-HTTPAPI/2.0'
2026-02-19T23:16:50.0878707Z     'Strict-Transport-Security': 'REDACTED'
2026-02-19T23:16:50.0878727Z     'X-Content-Type-Options': 'REDACTED'
2026-02-19T23:16:50.0878745Z     'Date': 'Thu, 19 Feb 2026 23:16:49 GMT'
2026-02-19T23:16:50.0885723Z 2026-02-19 23:16:50,088 - azure.monitor.opentelemetry.exporter.export._base - INFO - Transmission succeeded: Item received: 3. Items accepted: 3
2026-02-19T23:16:53.6844106Z 2026-02-19 23:16:53,683 - azure.core.pipeline.policies.http_logging_policy - INFO - Request URL: 'https://westus2-2.in.applicationinsights.azure.com//v2.1/track'
2026-02-19T23:16:53.6844467Z Request method: 'POST'
2026-02-19T23:16:53.6844495Z Request headers:
2026-02-19T23:16:53.6844521Z     'Content-Type': 'application/json'
2026-02-19T23:16:53.6844540Z     'Content-Length': '3720'
2026-02-19T23:16:53.6844616Z     'Accept': 'application/json'
2026-02-19T23:16:53.6844641Z     'x-ms-client-request-id': '13dab1f8-0de9-11f1-b7ca-7619be1f5af9'
2026-02-19T23:16:53.6844668Z     'User-Agent': 'azsdk-python-azuremonitorclient/unknown Python/3.11.14 (Linux-6.6.119.3-1.azl3-x86_64-with-glibc2.31)'
2026-02-19T23:16:53.6844689Z A body is sent with the request
2026-02-19T23:16:53.7657414Z 2026-02-19 23:16:53,765 - azure.core.pipeline.policies.http_logging_policy - INFO - Response status: 200
2026-02-19T23:16:53.7658013Z Response headers:
2026-02-19T23:16:53.7658045Z     'Transfer-Encoding': 'chunked'
2026-02-19T23:16:53.7658067Z     'Content-Type': 'application/json; charset=utf-8'
2026-02-19T23:16:53.7658085Z     'Server': 'Microsoft-HTTPAPI/2.0'
2026-02-19T23:16:53.7658106Z     'Strict-Transport-Security': 'REDACTED'
2026-02-19T23:16:53.7658129Z     'X-Content-Type-Options': 'REDACTED'
2026-02-19T23:16:53.7658212Z     'Date': 'Thu, 19 Feb 2026 23:16:52 GMT'
2026-02-19T23:16:53.7663242Z 2026-02-19 23:16:53,765 - azure.monitor.opentelemetry.exporter.export._base - INFO - Transmission succeeded: Item received: 3. Items accepted: 3
2026-02-19T23:16:55.0900806Z 2026-02-19 23:16:55,089 - azure.core.pipeline.policies.http_logging_policy - INFO - Request URL: 'https://westus2-2.in.applicationinsights.azure.com//v2.1/track'
2026-02-19T23:16:55.0901279Z Request method: 'POST'
2026-02-19T23:16:55.0901305Z Request headers:
2026-02-19T23:16:55.0901333Z     'Content-Type': 'application/json'
2026-02-19T23:16:55.0901351Z     'Content-Length': '3719'
2026-02-19T23:16:55.0901371Z     'Accept': 'application/json'
2026-02-19T23:16:55.0901389Z     'x-ms-client-request-id': '14b13d72-0de9-11f1-a607-7619be1f5af9'
2026-02-19T23:16:55.0901470Z     'User-Agent': 'azsdk-python-azuremonitorclient/unknown Python/3.11.14 (Linux-6.6.119.3-1.azl3-x86_64-with-glibc2.31)'
2026-02-19T23:16:55.0901489Z A body is sent with the request
2026-02-19T23:16:55.2367553Z 2026-02-19 23:16:55,236 - azure.core.pipeline.policies.http_logging_policy - INFO - Response status: 200
2026-02-19T23:16:55.2367956Z Response headers:
2026-02-19T23:16:55.2367986Z     'Transfer-Encoding': 'chunked'
2026-02-19T23:16:55.2368006Z     'Content-Type': 'application/json; charset=utf-8'
2026-02-19T23:16:55.2368026Z     'Server': 'Microsoft-HTTPAPI/2.0'
2026-02-19T23:16:55.2368047Z     'Strict-Transport-Security': 'REDACTED'
2026-02-19T23:16:55.2368065Z     'X-Content-Type-Options': 'REDACTED'
2026-02-19T23:16:55.2368086Z     'Date': 'Thu, 19 Feb 2026 23:16:54 GMT'
2026-02-19T23:16:55.2372011Z 2026-02-19 23:16:55,236 - azure.monitor.opentelemetry.exporter.export._base - INFO - Transmission succeeded: Item received: 3. Items accepted: 3
2026-02-19T23:16:58.7678004Z 2026-02-19 23:16:58,767 - azure.core.pipeline.policies.http_logging_policy - INFO - Request URL: 'https://westus2-2.in.applicationinsights.azure.com//v2.1/track'
2026-02-19T23:16:58.7679809Z Request method: 'POST'
2026-02-19T23:16:58.7679848Z Request headers:
2026-02-19T23:16:58.7679874Z     'Content-Type': 'application/json'
2026-02-19T23:16:58.7679894Z     'Content-Length': '3720'
2026-02-19T23:16:58.7679912Z     'Accept': 'application/json'
2026-02-19T23:16:58.7679932Z     'x-ms-client-request-id': '16e26b2a-0de9-11f1-b7ca-7619be1f5af9'
2026-02-19T23:16:58.7679955Z     'User-Agent': 'azsdk-python-azuremonitorclient/unknown Python/3.11.14 (Linux-6.6.119.3-1.azl3-x86_64-with-glibc2.31)'
2026-02-19T23:16:58.7679979Z A body is sent with the request
2026-02-19T23:16:58.8896901Z 2026-02-19 23:16:58,889 - azure.core.pipeline.policies.http_logging_policy - INFO - Response status: 200
2026-02-19T23:16:58.8897238Z Response headers:
2026-02-19T23:16:58.8897263Z     'Transfer-Encoding': 'chunked'
2026-02-19T23:16:58.8897283Z     'Content-Type': 'application/json; charset=utf-8'
2026-02-19T23:16:58.8897302Z     'Server': 'Microsoft-HTTPAPI/2.0'
2026-02-19T23:16:58.8897322Z     'Strict-Transport-Security': 'REDACTED'
2026-02-19T23:16:58.8897342Z     'X-Content-Type-Options': 'REDACTED'
2026-02-19T23:16:58.8897360Z     'Date': 'Thu, 19 Feb 2026 23:16:58 GMT'
2026-02-19T23:16:58.8902720Z 2026-02-19 23:16:58,889 - azure.monitor.opentelemetry.exporter.export._base - INFO - Transmission succeeded: Item received: 3. Items accepted: 3
2026-02-19T23:17:00.2388932Z 2026-02-19 23:17:00,238 - azure.core.pipeline.policies.http_logging_policy - INFO - Request URL: 'https://westus2-2.in.applicationinsights.azure.com//v2.1/track'
2026-02-19T23:17:00.2389386Z Request method: 'POST'
2026-02-19T23:17:00.2389412Z Request headers:
2026-02-19T23:17:00.2389431Z     'Content-Type': 'application/json'
2026-02-19T23:17:00.2389450Z     'Content-Length': '3720'
2026-02-19T23:17:00.2389469Z     'Accept': 'application/json'
2026-02-19T23:17:00.2389489Z     'x-ms-client-request-id': '17c2e420-0de9-11f1-a607-7619be1f5af9'
2026-02-19T23:17:00.2389513Z     'User-Agent': 'azsdk-python-azuremonitorclient/unknown Python/3.11.14 (Linux-6.6.119.3-1.azl3-x86_64-with-glibc2.31)'
2026-02-19T23:17:00.2389530Z A body is sent with the request
2026-02-19T23:17:00.2827061Z 2026-02-19 23:17:00,282 - azure.core.pipeline.policies.http_logging_policy - INFO - Response status: 200
2026-02-19T23:17:00.2827399Z Response headers:
2026-02-19T23:17:00.2827427Z     'Transfer-Encoding': 'chunked'
2026-02-19T23:17:00.2827505Z     'Content-Type': 'application/json; charset=utf-8'
2026-02-19T23:17:00.2827525Z     'Server': 'Microsoft-HTTPAPI/2.0'
2026-02-19T23:17:00.2827545Z     'Strict-Transport-Security': 'REDACTED'
2026-02-19T23:17:00.2827562Z     'X-Content-Type-Options': 'REDACTED'
2026-02-19T23:17:00.2827580Z     'Date': 'Thu, 19 Feb 2026 23:16:59 GMT'
2026-02-19T23:17:00.2832839Z 2026-02-19 23:17:00,283 - azure.monitor.opentelemetry.exporter.export._base - INFO - Transmission succeeded: Item received: 3. Items accepted: 3
2026-02-19T23:17:03.8917295Z 2026-02-19 23:17:03,891 - azure.core.pipeline.policies.http_logging_policy - INFO - Request URL: 'https://westus2-2.in.applicationinsights.azure.com//v2.1/track'
2026-02-19T23:17:03.8917765Z Request method: 'POST'
2026-02-19T23:17:03.8917794Z Request headers:
2026-02-19T23:17:03.8917817Z     'Content-Type': 'application/json'
2026-02-19T23:17:03.8917908Z     'Content-Length': '3720'
2026-02-19T23:17:03.8917930Z     'Accept': 'application/json'
2026-02-19T23:17:03.8917950Z     'x-ms-client-request-id': '19f0459e-0de9-11f1-b7ca-7619be1f5af9'
2026-02-19T23:17:03.8917971Z     'User-Agent': 'azsdk-python-azuremonitorclient/unknown Python/3.11.14 (Linux-6.6.119.3-1.azl3-x86_64-with-glibc2.31)'
2026-02-19T23:17:03.8917989Z A body is sent with the request
2026-02-19T23:17:03.9553417Z 2026-02-19 23:17:03,955 - azure.core.pipeline.policies.http_logging_policy - INFO - Response status: 200
2026-02-19T23:17:03.9553812Z Response headers:
2026-02-19T23:17:03.9553841Z     'Transfer-Encoding': 'chunked'
2026-02-19T23:17:03.9553861Z     'Content-Type': 'application/json; charset=utf-8'
2026-02-19T23:17:03.9553878Z     'Server': 'Microsoft-HTTPAPI/2.0'
2026-02-19T23:17:03.9553958Z     'Strict-Transport-Security': 'REDACTED'
2026-02-19T23:17:03.9553979Z     'X-Content-Type-Options': 'REDACTED'
2026-02-19T23:17:03.9553996Z     'Date': 'Thu, 19 Feb 2026 23:17:03 GMT'
2026-02-19T23:17:03.9566538Z 2026-02-19 23:17:03,955 - azure.monitor.opentelemetry.exporter.export._base - INFO - Transmission succeeded: Item received: 3. Items accepted: 3
2026-02-19T23:17:05.2851708Z 2026-02-19 23:17:05,284 - azure.core.pipeline.policies.http_logging_policy - INFO - Request URL: 'https://westus2-2.in.applicationinsights.azure.com//v2.1/track'
2026-02-19T23:17:05.2852098Z Request method: 'POST'
2026-02-19T23:17:05.2852122Z Request headers:
2026-02-19T23:17:05.2852141Z     'Content-Type': 'application/json'
2026-02-19T23:17:05.2852162Z     'Content-Length': '3720'
2026-02-19T23:17:05.2852187Z     'Accept': 'application/json'
2026-02-19T23:17:05.2852266Z     'x-ms-client-request-id': '1ac4e52e-0de9-11f1-a607-7619be1f5af9'
2026-02-19T23:17:05.2852292Z     'User-Agent': 'azsdk-python-azuremonitorclient/unknown Python/3.11.14 (Linux-6.6.119.3-1.azl3-x86_64-with-glibc2.31)'
2026-02-19T23:17:05.2852311Z A body is sent with the request
2026-02-19T23:17:05.3833585Z 2026-02-19 23:17:05,382 - azure.core.pipeline.policies.http_logging_policy - INFO - Response status: 200
2026-02-19T23:17:05.3833992Z Response headers:
2026-02-19T23:17:05.3834017Z     'Transfer-Encoding': 'chunked'
2026-02-19T23:17:05.3834038Z     'Content-Type': 'application/json; charset=utf-8'
2026-02-19T23:17:05.3834056Z     'Server': 'Microsoft-HTTPAPI/2.0'
2026-02-19T23:17:05.3834076Z     'Strict-Transport-Security': 'REDACTED'
2026-02-19T23:17:05.3834093Z     'X-Content-Type-Options': 'REDACTED'
2026-02-19T23:17:05.3834115Z     'Date': 'Thu, 19 Feb 2026 23:17:05 GMT'
2026-02-19T23:17:05.3845013Z 2026-02-19 23:17:05,384 - azure.monitor.opentelemetry.exporter.export._base - INFO - Transmission succeeded: Item received: 3. Items accepted: 3
2026-02-19T23:17:08.9618030Z 2026-02-19 23:17:08,961 - azure.core.pipeline.policies.http_logging_policy - INFO - Request URL: 'https://westus2-2.in.applicationinsights.azure.com//v2.1/track'
2026-02-19T23:17:08.9620180Z Request method: 'POST'
2026-02-19T23:17:08.9620219Z Request headers:
2026-02-19T23:17:08.9620238Z     'Content-Type': 'application/json'
2026-02-19T23:17:08.9620258Z     'Content-Length': '3720'
2026-02-19T23:17:08.9620278Z     'Accept': 'application/json'
2026-02-19T23:17:08.9620301Z     'x-ms-client-request-id': '1cf5b30a-0de9-11f1-b7ca-7619be1f5af9'
2026-02-19T23:17:08.9620332Z     'User-Agent': 'azsdk-python-azuremonitorclient/unknown Python/3.11.14 (Linux-6.6.119.3-1.azl3-x86_64-with-glibc2.31)'
2026-02-19T23:17:08.9620410Z A body is sent with the request
2026-02-19T23:17:09.0698997Z 2026-02-19 23:17:09,069 - azure.core.pipeline.policies.http_logging_policy - INFO - Response status: 200
2026-02-19T23:17:09.0699395Z Response headers:
2026-02-19T23:17:09.0699424Z     'Transfer-Encoding': 'chunked'
2026-02-19T23:17:09.0699449Z     'Content-Type': 'application/json; charset=utf-8'
2026-02-19T23:17:09.0699471Z     'Server': 'Microsoft-HTTPAPI/2.0'
2026-02-19T23:17:09.0699490Z     'Strict-Transport-Security': 'REDACTED'
2026-02-19T23:17:09.0699508Z     'X-Content-Type-Options': 'REDACTED'
2026-02-19T23:17:09.0699527Z     'Date': 'Thu, 19 Feb 2026 23:17:08 GMT'
2026-02-19T23:17:09.0699554Z 2026-02-19 23:17:09,069 - azure.monitor.opentelemetry.exporter.export._base - INFO - Transmission succeeded: Item received: 3. Items accepted: 3
2026-02-19T23:17:10.3977624Z 2026-02-19 23:17:10,388 - azure.core.pipeline.policies.http_logging_policy - INFO - Request URL: 'https://westus2-2.in.applicationinsights.azure.com//v2.1/track'
2026-02-19T23:17:10.3978191Z Request method: 'POST'
2026-02-19T23:17:10.3978214Z Request headers:
2026-02-19T23:17:10.3978233Z     'Content-Type': 'application/json'
2026-02-19T23:17:10.3978251Z     'Content-Length': '3720'
2026-02-19T23:17:10.3978269Z     'Accept': 'application/json'
2026-02-19T23:17:10.3978289Z     'x-ms-client-request-id': '1dcf8b3e-0de9-11f1-a607-7619be1f5af9'
2026-02-19T23:17:10.3978310Z     'User-Agent': 'azsdk-python-azuremonitorclient/unknown Python/3.11.14 (Linux-6.6.119.3-1.azl3-x86_64-with-glibc2.31)'
2026-02-19T23:17:10.3978328Z A body is sent with the request
2026-02-19T23:17:11.0709315Z 2026-02-19 23:17:11,066 - azure.core.pipeline.policies.http_logging_policy - INFO - Response status: 200
2026-02-19T23:17:11.0709979Z Response headers:
2026-02-19T23:17:11.0710062Z     'Transfer-Encoding': 'chunked'
2026-02-19T23:17:11.0710085Z     'Content-Type': 'application/json; charset=utf-8'
2026-02-19T23:17:11.0710107Z     'Server': 'Microsoft-HTTPAPI/2.0'
2026-02-19T23:17:11.0710130Z     'Strict-Transport-Security': 'REDACTED'
2026-02-19T23:17:11.0710151Z     'X-Content-Type-Options': 'REDACTED'
2026-02-19T23:17:11.0710171Z     'Date': 'Thu, 19 Feb 2026 23:17:10 GMT'
2026-02-19T23:17:11.0710199Z 2026-02-19 23:17:11,066 - azure.monitor.opentelemetry.exporter.export._base - INFO - Transmission succeeded: Item received: 3. Items accepted: 3
2026-02-19T23:17:14.0755433Z 2026-02-19 23:17:14,075 - azure.core.pipeline.policies.http_logging_policy - INFO - Request URL: 'https://westus2-2.in.applicationinsights.azure.com//v2.1/track'
2026-02-19T23:17:14.0755860Z Request method: 'POST'
2026-02-19T23:17:14.0755893Z Request headers:
2026-02-19T23:17:14.0755984Z     'Content-Type': 'application/json'
2026-02-19T23:17:14.0756006Z     'Content-Length': '3720'
2026-02-19T23:17:14.0756027Z     'Accept': 'application/json'
2026-02-19T23:17:14.0756049Z     'x-ms-client-request-id': '200230e6-0de9-11f1-b7ca-7619be1f5af9'
2026-02-19T23:17:14.0756073Z     'User-Agent': 'azsdk-python-azuremonitorclient/unknown Python/3.11.14 (Linux-6.6.119.3-1.azl3-x86_64-with-glibc2.31)'
2026-02-19T23:17:14.0756094Z A body is sent with the request
2026-02-19T23:17:14.2249580Z 2026-02-19 23:17:14,209 - azure.core.pipeline.policies.http_logging_policy - INFO - Response status: 200
2026-02-19T23:17:14.2250376Z Response headers:
2026-02-19T23:17:14.2250408Z     'Transfer-Encoding': 'chunked'
2026-02-19T23:17:14.2250425Z     'Content-Type': 'application/json; charset=utf-8'
2026-02-19T23:17:14.2250441Z     'Server': 'Microsoft-HTTPAPI/2.0'
2026-02-19T23:17:14.2250486Z     'Strict-Transport-Security': 'REDACTED'
2026-02-19T23:17:14.2250507Z     'X-Content-Type-Options': 'REDACTED'
2026-02-19T23:17:14.2250525Z     'Date': 'Thu, 19 Feb 2026 23:17:13 GMT'
2026-02-19T23:17:14.2250548Z 2026-02-19 23:17:14,224 - azure.monitor.opentelemetry.exporter.export._base - INFO - Transmission succeeded: Item received: 3. Items accepted: 3
2026-02-19T23:17:16.0771997Z 2026-02-19 23:17:16,077 - azure.core.pipeline.policies.http_logging_policy - INFO - Request URL: 'https://westus2-2.in.applicationinsights.azure.com//v2.1/track'
2026-02-19T23:17:16.0772389Z Request method: 'POST'
2026-02-19T23:17:16.0772416Z Request headers:
2026-02-19T23:17:16.0772435Z     'Content-Type': 'application/json'
2026-02-19T23:17:16.0772453Z     'Content-Length': '3719'
2026-02-19T23:17:16.0772472Z     'Accept': 'application/json'
2026-02-19T23:17:16.0772565Z     'x-ms-client-request-id': '2133a076-0de9-11f1-a607-7619be1f5af9'
2026-02-19T23:17:16.0772590Z     'User-Agent': 'azsdk-python-azuremonitorclient/unknown Python/3.11.14 (Linux-6.6.119.3-1.azl3-x86_64-with-glibc2.31)'
2026-02-19T23:17:16.0772609Z A body is sent with the request
2026-02-19T23:17:16.2471059Z 2026-02-19 23:17:16,246 - azure.core.pipeline.policies.http_logging_policy - INFO - Response status: 200
2026-02-19T23:17:16.2471699Z Response headers:
2026-02-19T23:17:16.2471729Z     'Transfer-Encoding': 'chunked'
2026-02-19T23:17:16.2471751Z     'Content-Type': 'application/json; charset=utf-8'
2026-02-19T23:17:16.2471775Z     'Server': 'Microsoft-HTTPAPI/2.0'
2026-02-19T23:17:16.2471796Z     'Strict-Transport-Security': 'REDACTED'
2026-02-19T23:17:16.2471821Z     'X-Content-Type-Options': 'REDACTED'
2026-02-19T23:17:16.2492738Z     'Date': 'Thu, 19 Feb 2026 23:17:15 GMT'
2026-02-19T23:17:16.2501950Z 2026-02-19 23:17:16,249 - azure.monitor.opentelemetry.exporter.export._base - INFO - Transmission succeeded: Item received: 3. Items accepted: 3
2026-02-19T23:17:19.2260113Z 2026-02-19 23:17:19,225 - azure.core.pipeline.policies.http_logging_policy - INFO - Request URL: 'https://westus2-2.in.applicationinsights.azure.com//v2.1/track'
2026-02-19T23:17:19.2260535Z Request method: 'POST'
2026-02-19T23:17:19.2260563Z Request headers:
2026-02-19T23:17:19.2260586Z     'Content-Type': 'application/json'
2026-02-19T23:17:19.2260607Z     'Content-Length': '3720'
2026-02-19T23:17:19.2260626Z     'Accept': 'application/json'
2026-02-19T23:17:19.2260652Z     'x-ms-client-request-id': '2314190c-0de9-11f1-b7ca-7619be1f5af9'
2026-02-19T23:17:19.2260678Z     'User-Agent': 'azsdk-python-azuremonitorclient/unknown Python/3.11.14 (Linux-6.6.119.3-1.azl3-x86_64-with-glibc2.31)'
2026-02-19T23:17:19.2260767Z A body is sent with the request
2026-02-19T23:17:19.3112992Z 2026-02-19 23:17:19,310 - azure.core.pipeline.policies.http_logging_policy - INFO - Response status: 200
2026-02-19T23:17:19.3113402Z Response headers:
2026-02-19T23:17:19.3113432Z     'Transfer-Encoding': 'chunked'
2026-02-19T23:17:19.3113455Z     'Content-Type': 'application/json; charset=utf-8'
2026-02-19T23:17:19.3113475Z     'Server': 'Microsoft-HTTPAPI/2.0'
2026-02-19T23:17:19.3113500Z     'Strict-Transport-Security': 'REDACTED'
2026-02-19T23:17:19.3113525Z     'X-Content-Type-Options': 'REDACTED'
2026-02-19T23:17:19.3113546Z     'Date': 'Thu, 19 Feb 2026 23:17:18 GMT'
2026-02-19T23:17:19.3113575Z 2026-02-19 23:17:19,311 - azure.monitor.opentelemetry.exporter.export._base - INFO - Transmission succeeded: Item received: 3. Items accepted: 3
2026-02-19T23:17:21.2516391Z 2026-02-19 23:17:21,251 - azure.core.pipeline.policies.http_logging_policy - INFO - Request URL: 'https://westus2-2.in.applicationinsights.azure.com//v2.1/track'
2026-02-19T23:17:21.2516774Z Request method: 'POST'
2026-02-19T23:17:21.2516800Z Request headers:
2026-02-19T23:17:21.2516819Z     'Content-Type': 'application/json'
2026-02-19T23:17:21.2516837Z     'Content-Length': '3720'
2026-02-19T23:17:21.2516856Z     'Accept': 'application/json'
2026-02-19T23:17:21.2516876Z     'x-ms-client-request-id': '24492d44-0de9-11f1-a607-7619be1f5af9'
2026-02-19T23:17:21.2516899Z     'User-Agent': 'azsdk-python-azuremonitorclient/unknown Python/3.11.14 (Linux-6.6.119.3-1.azl3-x86_64-with-glibc2.31)'
2026-02-19T23:17:21.2516917Z A body is sent with the request
2026-02-19T23:17:21.3208968Z 2026-02-19 23:17:21,320 - azure.core.pipeline.policies.http_logging_policy - INFO - Response status: 200
2026-02-19T23:17:21.3209481Z Response headers:
2026-02-19T23:17:21.3209566Z     'Transfer-Encoding': 'chunked'
2026-02-19T23:17:21.3209587Z     'Content-Type': 'application/json; charset=utf-8'
2026-02-19T23:17:21.3209607Z     'Server': 'Microsoft-HTTPAPI/2.0'
2026-02-19T23:17:21.3209626Z     'Strict-Transport-Security': 'REDACTED'
2026-02-19T23:17:21.3209642Z     'X-Content-Type-Options': 'REDACTED'
2026-02-19T23:17:21.3209661Z     'Date': 'Thu, 19 Feb 2026 23:17:20 GMT'
2026-02-19T23:17:21.3216810Z 2026-02-19 23:17:21,321 - azure.monitor.opentelemetry.exporter.export._base - INFO - Transmission succeeded: Item received: 3. Items accepted: 3
2026-02-19T23:17:24.3220195Z 2026-02-19 23:17:24,321 - azure.core.pipeline.policies.http_logging_policy - INFO - Request URL: 'https://westus2-2.in.applicationinsights.azure.com//v2.1/track'
2026-02-19T23:17:24.3220718Z Request method: 'POST'
2026-02-19T23:17:24.3220749Z Request headers:
2026-02-19T23:17:24.3220840Z     'Content-Type': 'application/json'
2026-02-19T23:17:24.3220861Z     'Content-Length': '3720'
2026-02-19T23:17:24.3220882Z     'Accept': 'application/json'
2026-02-19T23:17:24.3220904Z     'x-ms-client-request-id': '261da550-0de9-11f1-b7ca-7619be1f5af9'
2026-02-19T23:17:24.3220926Z     'User-Agent': 'azsdk-python-azuremonitorclient/unknown Python/3.11.14 (Linux-6.6.119.3-1.azl3-x86_64-with-glibc2.31)'
2026-02-19T23:17:24.3220943Z A body is sent with the request
2026-02-19T23:17:24.4579618Z 2026-02-19 23:17:24,455 - azure.core.pipeline.policies.http_logging_policy - INFO - Response status: 200
2026-02-19T23:17:24.4580028Z Response headers:
2026-02-19T23:17:24.4580057Z     'Transfer-Encoding': 'chunked'
2026-02-19T23:17:24.4580077Z     'Content-Type': 'application/json; charset=utf-8'
2026-02-19T23:17:24.4580163Z     'Server': 'Microsoft-HTTPAPI/2.0'
2026-02-19T23:17:24.4580185Z     'Strict-Transport-Security': 'REDACTED'
2026-02-19T23:17:24.4580204Z     'X-Content-Type-Options': 'REDACTED'
2026-02-19T23:17:24.4580222Z     'Date': 'Thu, 19 Feb 2026 23:17:23 GMT'
2026-02-19T23:17:24.4651775Z 2026-02-19 23:17:24,460 - azure.monitor.opentelemetry.exporter.export._base - INFO - Transmission succeeded: Item received: 3. Items accepted: 3
2026-02-19T23:17:26.3266980Z 2026-02-19 23:17:26,325 - azure.core.pipeline.policies.http_logging_policy - INFO - Request URL: 'https://westus2-2.in.applicationinsights.azure.com//v2.1/track'
2026-02-19T23:17:26.3267330Z Request method: 'POST'
2026-02-19T23:17:26.3267358Z Request headers:
2026-02-19T23:17:26.3267377Z     'Content-Type': 'application/json'
2026-02-19T23:17:26.3267395Z     'Content-Length': '3720'
2026-02-19T23:17:26.3267471Z     'Accept': 'application/json'
2026-02-19T23:17:26.3267496Z     'x-ms-client-request-id': '274f769c-0de9-11f1-a607-7619be1f5af9'
2026-02-19T23:17:26.3267519Z     'User-Agent': 'azsdk-python-azuremonitorclient/unknown Python/3.11.14 (Linux-6.6.119.3-1.azl3-x86_64-with-glibc2.31)'
2026-02-19T23:17:26.3267540Z A body is sent with the request
2026-02-19T23:17:26.3892442Z 2026-02-19 23:17:26,388 - azure.core.pipeline.policies.http_logging_policy - INFO - Response status: 200
2026-02-19T23:17:26.3893172Z Response headers:
2026-02-19T23:17:26.3893205Z     'Transfer-Encoding': 'chunked'
2026-02-19T23:17:26.3893225Z     'Content-Type': 'application/json; charset=utf-8'
2026-02-19T23:17:26.3893244Z     'Server': 'Microsoft-HTTPAPI/2.0'
2026-02-19T23:17:26.3893266Z     'Strict-Transport-Security': 'REDACTED'
2026-02-19T23:17:26.3893288Z     'X-Content-Type-Options': 'REDACTED'
2026-02-19T23:17:26.3893386Z     'Date': 'Thu, 19 Feb 2026 23:17:25 GMT'
2026-02-19T23:17:26.4060015Z 2026-02-19 23:17:26,391 - azure.monitor.opentelemetry.exporter.export._base - INFO - Transmission succeeded: Item received: 3. Items accepted: 3
2026-02-19T23:17:29.4637246Z 2026-02-19 23:17:29,463 - azure.core.pipeline.policies.http_logging_policy - INFO - Request URL: 'https://westus2-2.in.applicationinsights.azure.com//v2.1/track'
2026-02-19T23:17:29.4637687Z Request method: 'POST'
2026-02-19T23:17:29.4637714Z Request headers:
2026-02-19T23:17:29.4637740Z     'Content-Type': 'application/json'
2026-02-19T23:17:29.4637759Z     'Content-Length': '3720'
2026-02-19T23:17:29.4637777Z     'Accept': 'application/json'
2026-02-19T23:17:29.4637797Z     'x-ms-client-request-id': '292e3980-0de9-11f1-b7ca-7619be1f5af9'
2026-02-19T23:17:29.4637884Z     'User-Agent': 'azsdk-python-azuremonitorclient/unknown Python/3.11.14 (Linux-6.6.119.3-1.azl3-x86_64-with-glibc2.31)'
2026-02-19T23:17:29.4637904Z A body is sent with the request
2026-02-19T23:17:29.9704701Z 2026-02-19 23:17:29,970 - azure.core.pipeline.policies.http_logging_policy - INFO - Response status: 200
2026-02-19T23:17:29.9705131Z Response headers:
2026-02-19T23:17:29.9705161Z     'Transfer-Encoding': 'chunked'
2026-02-19T23:17:29.9705185Z     'Content-Type': 'application/json; charset=utf-8'
2026-02-19T23:17:29.9705204Z     'Server': 'Microsoft-HTTPAPI/2.0'
2026-02-19T23:17:29.9705223Z     'Strict-Transport-Security': 'REDACTED'
2026-02-19T23:17:29.9705244Z     'X-Content-Type-Options': 'REDACTED'
2026-02-19T23:17:29.9705261Z     'Date': 'Thu, 19 Feb 2026 23:17:29 GMT'
2026-02-19T23:17:29.9724438Z 2026-02-19 23:17:29,970 - azure.monitor.opentelemetry.exporter.export._base - INFO - Transmission succeeded: Item received: 3. Items accepted: 3
2026-02-19T23:17:31.4010063Z 2026-02-19 23:17:31,399 - azure.core.pipeline.policies.http_logging_policy - INFO - Request URL: 'https://westus2-2.in.applicationinsights.azure.com//v2.1/track'
2026-02-19T23:17:31.4010712Z Request method: 'POST'
2026-02-19T23:17:31.4010741Z Request headers:
2026-02-19T23:17:31.4010760Z     'Content-Type': 'application/json'
2026-02-19T23:17:31.4010778Z     'Content-Length': '3719'
2026-02-19T23:17:31.4010796Z     'Accept': 'application/json'
2026-02-19T23:17:31.4010822Z     'x-ms-client-request-id': '2a559d9e-0de9-11f1-a607-7619be1f5af9'
2026-02-19T23:17:31.4010846Z     'User-Agent': 'azsdk-python-azuremonitorclient/unknown Python/3.11.14 (Linux-6.6.119.3-1.azl3-x86_64-with-glibc2.31)'
2026-02-19T23:17:31.4010864Z A body is sent with the request
2026-02-19T23:17:31.4950706Z 2026-02-19 23:17:31,494 - azure.core.pipeline.policies.http_logging_policy - INFO - Response status: 200
2026-02-19T23:17:31.4951123Z Response headers:
2026-02-19T23:17:31.4951150Z     'Transfer-Encoding': 'chunked'
2026-02-19T23:17:31.4951170Z     'Content-Type': 'application/json; charset=utf-8'
2026-02-19T23:17:31.4951189Z     'Server': 'Microsoft-HTTPAPI/2.0'
2026-02-19T23:17:31.4951208Z     'Strict-Transport-Security': 'REDACTED'
2026-02-19T23:17:31.4951225Z     'X-Content-Type-Options': 'REDACTED'
2026-02-19T23:17:31.4951242Z     'Date': 'Thu, 19 Feb 2026 23:17:30 GMT'
2026-02-19T23:17:31.4956125Z 2026-02-19 23:17:31,495 - azure.monitor.opentelemetry.exporter.export._base - INFO - Transmission succeeded: Item received: 3. Items accepted: 3
2026-02-19T23:17:34.9734404Z 2026-02-19 23:17:34,973 - azure.core.pipeline.policies.http_logging_policy - INFO - Request URL: 'https://westus2-2.in.applicationinsights.azure.com//v2.1/track'
2026-02-19T23:17:34.9734942Z Request method: 'POST'
2026-02-19T23:17:34.9734975Z Request headers:
2026-02-19T23:17:34.9734995Z     'Content-Type': 'application/json'
2026-02-19T23:17:34.9735012Z     'Content-Length': '3720'
2026-02-19T23:17:34.9735028Z     'Accept': 'application/json'
2026-02-19T23:17:34.9735045Z     'x-ms-client-request-id': '2c76f74e-0de9-11f1-b7ca-7619be1f5af9'
2026-02-19T23:17:34.9735066Z     'User-Agent': 'azsdk-python-azuremonitorclient/unknown Python/3.11.14 (Linux-6.6.119.3-1.azl3-x86_64-with-glibc2.31)'
2026-02-19T23:17:34.9735081Z A body is sent with the request
2026-02-19T23:17:35.0138670Z 2026-02-19 23:17:35,013 - azure.core.pipeline.policies.http_logging_policy - INFO - Response status: 200
2026-02-19T23:17:35.0139295Z Response headers:
2026-02-19T23:17:35.0139328Z     'Transfer-Encoding': 'chunked'
2026-02-19T23:17:35.0139414Z     'Content-Type': 'application/json; charset=utf-8'
2026-02-19T23:17:35.0139433Z     'Server': 'Microsoft-HTTPAPI/2.0'
2026-02-19T23:17:35.0139451Z     'Strict-Transport-Security': 'REDACTED'
2026-02-19T23:17:35.0139469Z     'X-Content-Type-Options': 'REDACTED'
2026-02-19T23:17:35.0139488Z     'Date': 'Thu, 19 Feb 2026 23:17:34 GMT'
2026-02-19T23:17:35.0146534Z 2026-02-19 23:17:35,014 - azure.monitor.opentelemetry.exporter.export._base - INFO - Transmission succeeded: Item received: 3. Items accepted: 3
2026-02-19T23:17:36.4979498Z 2026-02-19 23:17:36,497 - azure.core.pipeline.policies.http_logging_policy - INFO - Request URL: 'https://westus2-2.in.applicationinsights.azure.com//v2.1/track'
2026-02-19T23:17:36.4980055Z Request method: 'POST'
2026-02-19T23:17:36.4980081Z Request headers:
2026-02-19T23:17:36.4980100Z     'Content-Type': 'application/json'
2026-02-19T23:17:36.4981022Z     'Content-Length': '3720'
2026-02-19T23:17:36.4981052Z     'Accept': 'application/json'
2026-02-19T23:17:36.4981073Z     'x-ms-client-request-id': '2d5f7bf4-0de9-11f1-a607-7619be1f5af9'
2026-02-19T23:17:36.4981093Z     'User-Agent': 'azsdk-python-azuremonitorclient/unknown Python/3.11.14 (Linux-6.6.119.3-1.azl3-x86_64-with-glibc2.31)'
2026-02-19T23:17:36.4981110Z A body is sent with the request
2026-02-19T23:17:36.7048156Z 2026-02-19 23:17:36,704 - azure.core.pipeline.policies.http_logging_policy - INFO - Response status: 200
2026-02-19T23:17:36.7048748Z Response headers:
2026-02-19T23:17:36.7048782Z     'Transfer-Encoding': 'chunked'
2026-02-19T23:17:36.7048800Z     'Content-Type': 'application/json; charset=utf-8'
2026-02-19T23:17:36.7048819Z     'Server': 'Microsoft-HTTPAPI/2.0'
2026-02-19T23:17:36.7049541Z     'Strict-Transport-Security': 'REDACTED'
2026-02-19T23:17:36.7049702Z     'X-Content-Type-Options': 'REDACTED'
2026-02-19T23:17:36.7049724Z     'Date': 'Thu, 19 Feb 2026 23:17:35 GMT'
2026-02-19T23:17:36.7055812Z 2026-02-19 23:17:36,705 - azure.monitor.opentelemetry.exporter.export._base - INFO - Transmission succeeded: Item received: 3. Items accepted: 3
2026-02-19T23:17:40.0165880Z 2026-02-19 23:17:40,016 - azure.core.pipeline.policies.http_logging_policy - INFO - Request URL: 'https://westus2-2.in.applicationinsights.azure.com//v2.1/track'
2026-02-19T23:17:40.0166620Z Request method: 'POST'
2026-02-19T23:17:40.0166654Z Request headers:
2026-02-19T23:17:40.0166678Z     'Content-Type': 'application/json'
2026-02-19T23:17:40.0166695Z     'Content-Length': '3720'
2026-02-19T23:17:40.0166710Z     'Accept': 'application/json'
2026-02-19T23:17:40.0166800Z     'x-ms-client-request-id': '2f787454-0de9-11f1-b7ca-7619be1f5af9'
2026-02-19T23:17:40.0166822Z     'User-Agent': 'azsdk-python-azuremonitorclient/unknown Python/3.11.14 (Linux-6.6.119.3-1.azl3-x86_64-with-glibc2.31)'
2026-02-19T23:17:40.0166839Z A body is sent with the request
2026-02-19T23:17:40.0899756Z 2026-02-19 23:17:40,089 - azure.core.pipeline.policies.http_logging_policy - INFO - Response status: 200
2026-02-19T23:17:40.0900164Z Response headers:
2026-02-19T23:17:40.0900193Z     'Transfer-Encoding': 'chunked'
2026-02-19T23:17:40.0900212Z     'Content-Type': 'application/json; charset=utf-8'
2026-02-19T23:17:40.0900233Z     'Server': 'Microsoft-HTTPAPI/2.0'
2026-02-19T23:17:40.0900256Z     'Strict-Transport-Security': 'REDACTED'
2026-02-19T23:17:40.0900275Z     'X-Content-Type-Options': 'REDACTED'
2026-02-19T23:17:40.0900292Z     'Date': 'Thu, 19 Feb 2026 23:17:39 GMT'
2026-02-19T23:17:40.0909568Z 2026-02-19 23:17:40,090 - azure.monitor.opentelemetry.exporter.export._base - INFO - Transmission succeeded: Item received: 3. Items accepted: 3
2026-02-19T23:17:41.7083988Z 2026-02-19 23:17:41,707 - azure.core.pipeline.policies.http_logging_policy - INFO - Request URL: 'https://westus2-2.in.applicationinsights.azure.com//v2.1/track'
2026-02-19T23:17:41.7084374Z Request method: 'POST'
2026-02-19T23:17:41.7084405Z Request headers:
2026-02-19T23:17:41.7084425Z     'Content-Type': 'application/json'
2026-02-19T23:17:41.7084444Z     'Content-Length': '3720'
2026-02-19T23:17:41.7084465Z     'Accept': 'application/json'
2026-02-19T23:17:41.7084485Z     'x-ms-client-request-id': '307a93c8-0de9-11f1-a607-7619be1f5af9'
2026-02-19T23:17:41.7084508Z     'User-Agent': 'azsdk-python-azuremonitorclient/unknown Python/3.11.14 (Linux-6.6.119.3-1.azl3-x86_64-with-glibc2.31)'
2026-02-19T23:17:41.7084594Z A body is sent with the request
2026-02-19T23:17:41.8084328Z 2026-02-19 23:17:41,807 - azure.core.pipeline.policies.http_logging_policy - INFO - Response status: 200
2026-02-19T23:17:41.8084716Z Response headers:
2026-02-19T23:17:41.8084743Z     'Transfer-Encoding': 'chunked'
2026-02-19T23:17:41.8084762Z     'Content-Type': 'application/json; charset=utf-8'
2026-02-19T23:17:41.8084780Z     'Server': 'Microsoft-HTTPAPI/2.0'
2026-02-19T23:17:41.8084798Z     'Strict-Transport-Security': 'REDACTED'
2026-02-19T23:17:41.8084820Z     'X-Content-Type-Options': 'REDACTED'
2026-02-19T23:17:41.8084836Z     'Date': 'Thu, 19 Feb 2026 23:17:41 GMT'
2026-02-19T23:17:41.8100583Z 2026-02-19 23:17:41,809 - azure.monitor.opentelemetry.exporter.export._base - INFO - Transmission succeeded: Item received: 3. Items accepted: 3
2026-02-19T23:17:45.0923572Z 2026-02-19 23:17:45,092 - azure.core.pipeline.policies.http_logging_policy - INFO - Request URL: 'https://westus2-2.in.applicationinsights.azure.com//v2.1/track'
2026-02-19T23:17:45.0924288Z Request method: 'POST'
2026-02-19T23:17:45.0924319Z Request headers:
2026-02-19T23:17:45.0924338Z     'Content-Type': 'application/json'
2026-02-19T23:17:45.0924357Z     'Content-Length': '3718'
2026-02-19T23:17:45.0924374Z     'Accept': 'application/json'
2026-02-19T23:17:45.0924396Z     'x-ms-client-request-id': '327efbf0-0de9-11f1-b7ca-7619be1f5af9'
2026-02-19T23:17:45.0924421Z     'User-Agent': 'azsdk-python-azuremonitorclient/unknown Python/3.11.14 (Linux-6.6.119.3-1.azl3-x86_64-with-glibc2.31)'
2026-02-19T23:17:45.0924442Z A body is sent with the request
2026-02-19T23:17:45.2135317Z 2026-02-19 23:17:45,213 - azure.core.pipeline.policies.http_logging_policy - INFO - Response status: 200
2026-02-19T23:17:45.2135766Z Response headers:
2026-02-19T23:17:45.2135794Z     'Transfer-Encoding': 'chunked'
2026-02-19T23:17:45.2135813Z     'Content-Type': 'application/json; charset=utf-8'
2026-02-19T23:17:45.2135831Z     'Server': 'Microsoft-HTTPAPI/2.0'
2026-02-19T23:17:45.2135854Z     'Strict-Transport-Security': 'REDACTED'
2026-02-19T23:17:45.2135873Z     'X-Content-Type-Options': 'REDACTED'
2026-02-19T23:17:45.2135891Z     'Date': 'Thu, 19 Feb 2026 23:17:44 GMT'
2026-02-19T23:17:45.2145878Z 2026-02-19 23:17:45,213 - azure.monitor.opentelemetry.exporter.export._base - INFO - Transmission succeeded: Item received: 3. Items accepted: 3
2026-02-19T23:17:46.8186665Z 2026-02-19 23:17:46,815 - azure.core.pipeline.policies.http_logging_policy - INFO - Request URL: 'https://westus2-2.in.applicationinsights.azure.com//v2.1/track'
2026-02-19T23:17:46.8186881Z Request method: 'POST'
2026-02-19T23:17:46.8186938Z Request headers:
2026-02-19T23:17:46.8186961Z     'Content-Type': 'application/json'
2026-02-19T23:17:46.8186979Z     'Content-Length': '3720'
2026-02-19T23:17:46.8187000Z     'Accept': 'application/json'
2026-02-19T23:17:46.8187020Z     'x-ms-client-request-id': '33860476-0de9-11f1-a607-7619be1f5af9'
2026-02-19T23:17:46.8187044Z     'User-Agent': 'azsdk-python-azuremonitorclient/unknown Python/3.11.14 (Linux-6.6.119.3-1.azl3-x86_64-with-glibc2.31)'
2026-02-19T23:17:46.8187062Z A body is sent with the request
2026-02-19T23:17:46.8825576Z 2026-02-19 23:17:46,882 - azure.core.pipeline.policies.http_logging_policy - INFO - Response status: 200
2026-02-19T23:17:46.8825845Z Response headers:
2026-02-19T23:17:46.8825872Z     'Transfer-Encoding': 'chunked'
2026-02-19T23:17:46.8825894Z     'Content-Type': 'application/json; charset=utf-8'
2026-02-19T23:17:46.8825970Z     'Server': 'Microsoft-HTTPAPI/2.0'
2026-02-19T23:17:46.8825988Z     'Strict-Transport-Security': 'REDACTED'
2026-02-19T23:17:46.8826008Z     'X-Content-Type-Options': 'REDACTED'
2026-02-19T23:17:46.8826029Z     'Date': 'Thu, 19 Feb 2026 23:17:46 GMT'
2026-02-19T23:17:46.8828971Z 2026-02-19 23:17:46,882 - azure.monitor.opentelemetry.exporter.export._base - INFO - Transmission succeeded: Item received: 3. Items accepted: 3
2026-02-19T23:17:50.2179996Z 2026-02-19 23:17:50,216 - azure.core.pipeline.policies.http_logging_policy - INFO - Request URL: 'https://westus2-2.in.applicationinsights.azure.com//v2.1/track'
2026-02-19T23:17:50.2184017Z Request method: 'POST'
2026-02-19T23:17:50.2184068Z Request headers:
2026-02-19T23:17:50.2184090Z     'Content-Type': 'application/json'
2026-02-19T23:17:50.2184944Z     'Content-Length': '3719'
2026-02-19T23:17:50.2184974Z     'Accept': 'application/json'
2026-02-19T23:17:50.2184997Z     'x-ms-client-request-id': '358ce14a-0de9-11f1-b7ca-7619be1f5af9'
2026-02-19T23:17:50.2185024Z     'User-Agent': 'azsdk-python-azuremonitorclient/unknown Python/3.11.14 (Linux-6.6.119.3-1.azl3-x86_64-with-glibc2.31)'
2026-02-19T23:17:50.2185043Z A body is sent with the request
2026-02-19T23:17:50.2876963Z 2026-02-19 23:17:50,287 - azure.core.pipeline.policies.http_logging_policy - INFO - Response status: 200
2026-02-19T23:17:50.2877354Z Response headers:
2026-02-19T23:17:50.2877435Z     'Transfer-Encoding': 'chunked'
2026-02-19T23:17:50.2877455Z     'Content-Type': 'application/json; charset=utf-8'
2026-02-19T23:17:50.2877472Z     'Server': 'Microsoft-HTTPAPI/2.0'
2026-02-19T23:17:50.2877492Z     'Strict-Transport-Security': 'REDACTED'
2026-02-19T23:17:50.2877511Z     'X-Content-Type-Options': 'REDACTED'
2026-02-19T23:17:50.2877528Z     'Date': 'Thu, 19 Feb 2026 23:17:49 GMT'
2026-02-19T23:17:50.2883465Z 2026-02-19 23:17:50,287 - azure.monitor.opentelemetry.exporter.export._base - INFO - Transmission succeeded: Item received: 3. Items accepted: 3
2026-02-19T23:17:51.8849145Z 2026-02-19 23:17:51,884 - azure.core.pipeline.policies.http_logging_policy - INFO - Request URL: 'https://westus2-2.in.applicationinsights.azure.com//v2.1/track'
2026-02-19T23:17:51.8849593Z Request method: 'POST'
2026-02-19T23:17:51.8849621Z Request headers:
2026-02-19T23:17:51.8849691Z     'Content-Type': 'application/json'
2026-02-19T23:17:51.8849712Z     'Content-Length': '3720'
2026-02-19T23:17:51.8849733Z     'Accept': 'application/json'
2026-02-19T23:17:51.8849757Z     'x-ms-client-request-id': '368b71e2-0de9-11f1-a607-7619be1f5af9'
2026-02-19T23:17:51.8849783Z     'User-Agent': 'azsdk-python-azuremonitorclient/unknown Python/3.11.14 (Linux-6.6.119.3-1.azl3-x86_64-with-glibc2.31)'
2026-02-19T23:17:51.8849803Z A body is sent with the request
2026-02-19T23:17:52.0004380Z 2026-02-19 23:17:52,000 - azure.core.pipeline.policies.http_logging_policy - INFO - Response status: 200
2026-02-19T23:17:52.0004800Z Response headers:
2026-02-19T23:17:52.0004827Z     'Transfer-Encoding': 'chunked'
2026-02-19T23:17:52.0004849Z     'Content-Type': 'application/json; charset=utf-8'
2026-02-19T23:17:52.0004930Z     'Server': 'Microsoft-HTTPAPI/2.0'
2026-02-19T23:17:52.0004949Z     'Strict-Transport-Security': 'REDACTED'
2026-02-19T23:17:52.0004966Z     'X-Content-Type-Options': 'REDACTED'
2026-02-19T23:17:52.0004984Z     'Date': 'Thu, 19 Feb 2026 23:17:51 GMT'
2026-02-19T23:17:52.0008423Z 2026-02-19 23:17:52,000 - azure.monitor.opentelemetry.exporter.export._base - INFO - Transmission succeeded: Item received: 3. Items accepted: 3
2026-02-19T23:17:55.2897244Z 2026-02-19 23:17:55,289 - azure.core.pipeline.policies.http_logging_policy - INFO - Request URL: 'https://westus2-2.in.applicationinsights.azure.com//v2.1/track'
2026-02-19T23:17:55.2897984Z Request method: 'POST'
2026-02-19T23:17:55.2898014Z Request headers:
2026-02-19T23:17:55.2898034Z     'Content-Type': 'application/json'
2026-02-19T23:17:55.2898054Z     'Content-Length': '3720'
2026-02-19T23:17:55.2898125Z     'Accept': 'application/json'
2026-02-19T23:17:55.2898149Z     'x-ms-client-request-id': '3892fa5a-0de9-11f1-b7ca-7619be1f5af9'
2026-02-19T23:17:55.2898176Z     'User-Agent': 'azsdk-python-azuremonitorclient/unknown Python/3.11.14 (Linux-6.6.119.3-1.azl3-x86_64-with-glibc2.31)'
2026-02-19T23:17:55.2898193Z A body is sent with the request
2026-02-19T23:17:55.3657420Z 2026-02-19 23:17:55,365 - azure.core.pipeline.policies.http_logging_policy - INFO - Response status: 200
2026-02-19T23:17:55.3658487Z Response headers:
2026-02-19T23:17:55.3658529Z     'Transfer-Encoding': 'chunked'
2026-02-19T23:17:55.3658549Z     'Content-Type': 'application/json; charset=utf-8'
2026-02-19T23:17:55.3658567Z     'Server': 'Microsoft-HTTPAPI/2.0'
2026-02-19T23:17:55.3658593Z     'Strict-Transport-Security': 'REDACTED'
2026-02-19T23:17:55.3658612Z     'X-Content-Type-Options': 'REDACTED'
2026-02-19T23:17:55.3658685Z     'Date': 'Thu, 19 Feb 2026 23:17:54 GMT'
2026-02-19T23:17:55.3658704Z     'Connection': 'close'
2026-02-19T23:17:55.3676900Z 2026-02-19 23:17:55,366 - azure.monitor.opentelemetry.exporter.export._base - INFO - Transmission succeeded: Item received: 3. Items accepted: 3
2026-02-19T23:17:57.0024771Z 2026-02-19 23:17:57,002 - azure.core.pipeline.policies.http_logging_policy - INFO - Request URL: 'https://westus2-2.in.applicationinsights.azure.com//v2.1/track'
2026-02-19T23:17:57.0025283Z Request method: 'POST'
2026-02-19T23:17:57.0025311Z Request headers:
2026-02-19T23:17:57.0025333Z     'Content-Type': 'application/json'
2026-02-19T23:17:57.0025353Z     'Content-Length': '3720'
2026-02-19T23:17:57.0025379Z     'Accept': 'application/json'
2026-02-19T23:17:57.0025399Z     'x-ms-client-request-id': '399851ac-0de9-11f1-a607-7619be1f5af9'
2026-02-19T23:17:57.0025483Z     'User-Agent': 'azsdk-python-azuremonitorclient/unknown Python/3.11.14 (Linux-6.6.119.3-1.azl3-x86_64-with-glibc2.31)'
2026-02-19T23:17:57.0025503Z A body is sent with the request
2026-02-19T23:17:57.0871744Z 2026-02-19 23:17:57,086 - azure.core.pipeline.policies.http_logging_policy - INFO - Response status: 200
2026-02-19T23:17:57.0872277Z Response headers:
2026-02-19T23:17:57.0872309Z     'Transfer-Encoding': 'chunked'
2026-02-19T23:17:57.0872329Z     'Content-Type': 'application/json; charset=utf-8'
2026-02-19T23:17:57.0872347Z     'Server': 'Microsoft-HTTPAPI/2.0'
2026-02-19T23:17:57.0872364Z     'Strict-Transport-Security': 'REDACTED'
2026-02-19T23:17:57.0872387Z     'X-Content-Type-Options': 'REDACTED'
2026-02-19T23:17:57.0872406Z     'Date': 'Thu, 19 Feb 2026 23:17:56 GMT'
2026-02-19T23:17:57.0877899Z 2026-02-19 23:17:57,087 - azure.monitor.opentelemetry.exporter.export._base - INFO - Transmission succeeded: Item received: 3. Items accepted: 3
2026-02-19T23:18:00.3706178Z 2026-02-19 23:18:00,370 - azure.core.pipeline.policies.http_logging_policy - INFO - Request URL: 'https://westus2-2.in.applicationinsights.azure.com//v2.1/track'
2026-02-19T23:18:00.3706543Z Request method: 'POST'
2026-02-19T23:18:00.3706571Z Request headers:
2026-02-19T23:18:00.3706589Z     'Content-Type': 'application/json'
2026-02-19T23:18:00.3706607Z     'Content-Length': '3747'
2026-02-19T23:18:00.3706624Z     'Accept': 'application/json'
2026-02-19T23:18:00.3706647Z     'x-ms-client-request-id': '3b9a3ae2-0de9-11f1-b7ca-7619be1f5af9'
2026-02-19T23:18:00.3706677Z     'User-Agent': 'azsdk-python-azuremonitorclient/unknown Python/3.11.14 (Linux-6.6.119.3-1.azl3-x86_64-with-glibc2.31)'
2026-02-19T23:18:00.3706697Z A body is sent with the request
2026-02-19T23:18:00.4976897Z 2026-02-19 23:18:00,497 - azure.core.pipeline.policies.http_logging_policy - INFO - Response status: 200
2026-02-19T23:18:00.4977620Z Response headers:
2026-02-19T23:18:00.4977651Z     'Transfer-Encoding': 'chunked'
2026-02-19T23:18:00.4977672Z     'Content-Type': 'application/json; charset=utf-8'
2026-02-19T23:18:00.4977690Z     'Server': 'Microsoft-HTTPAPI/2.0'
2026-02-19T23:18:00.4977711Z     'Strict-Transport-Security': 'REDACTED'
2026-02-19T23:18:00.4977733Z     'X-Content-Type-Options': 'REDACTED'
2026-02-19T23:18:00.4977749Z     'Date': 'Thu, 19 Feb 2026 23:18:00 GMT'
2026-02-19T23:18:00.4984373Z 2026-02-19 23:18:00,497 - azure.monitor.opentelemetry.exporter.export._base - INFO - Transmission succeeded: Item received: 3. Items accepted: 3
2026-02-19T23:18:02.0904218Z 2026-02-19 23:18:02,090 - azure.core.pipeline.policies.http_logging_policy - INFO - Request URL: 'https://westus2-2.in.applicationinsights.azure.com//v2.1/track'
2026-02-19T23:18:02.0904861Z Request method: 'POST'
2026-02-19T23:18:02.0910532Z Request headers:
2026-02-19T23:18:02.0910857Z     'Content-Type': 'application/json'
2026-02-19T23:18:02.0910890Z     'Content-Length': '3720'
2026-02-19T23:18:02.0910912Z     'Accept': 'application/json'
2026-02-19T23:18:02.0910933Z     'x-ms-client-request-id': '3ca0aa02-0de9-11f1-a607-7619be1f5af9'
2026-02-19T23:18:02.0910959Z     'User-Agent': 'azsdk-python-azuremonitorclient/unknown Python/3.11.14 (Linux-6.6.119.3-1.azl3-x86_64-with-glibc2.31)'
2026-02-19T23:18:02.0910999Z A body is sent with the request
2026-02-19T23:18:02.1953207Z 2026-02-19 23:18:02,195 - azure.core.pipeline.policies.http_logging_policy - INFO - Response status: 200
2026-02-19T23:18:02.1953540Z Response headers:
2026-02-19T23:18:02.1953569Z     'Transfer-Encoding': 'chunked'
2026-02-19T23:18:02.1953592Z     'Content-Type': 'application/json; charset=utf-8'
2026-02-19T23:18:02.1953612Z     'Server': 'Microsoft-HTTPAPI/2.0'
2026-02-19T23:18:02.1953633Z     'Strict-Transport-Security': 'REDACTED'
2026-02-19T23:18:02.1953654Z     'X-Content-Type-Options': 'REDACTED'
2026-02-19T23:18:02.1953670Z     'Date': 'Thu, 19 Feb 2026 23:18:01 GMT'
2026-02-19T23:18:02.1956754Z 2026-02-19 23:18:02,195 - azure.monitor.opentelemetry.exporter.export._base - INFO - Transmission succeeded: Item received: 3. Items accepted: 3
2026-02-19T23:18:05.4999733Z 2026-02-19 23:18:05,499 - azure.core.pipeline.policies.http_logging_policy - INFO - Request URL: 'https://westus2-2.in.applicationinsights.azure.com//v2.1/track'
2026-02-19T23:18:05.5000288Z Request method: 'POST'
2026-02-19T23:18:05.5000319Z Request headers:
2026-02-19T23:18:05.5000339Z     'Content-Type': 'application/json'
2026-02-19T23:18:05.5000357Z     'Content-Length': '3720'
2026-02-19T23:18:05.5000373Z     'Accept': 'application/json'
2026-02-19T23:18:05.5000392Z     'x-ms-client-request-id': '3ea8f052-0de9-11f1-b7ca-7619be1f5af9'
2026-02-19T23:18:05.5000413Z     'User-Agent': 'azsdk-python-azuremonitorclient/unknown Python/3.11.14 (Linux-6.6.119.3-1.azl3-x86_64-with-glibc2.31)'
2026-02-19T23:18:05.5000434Z A body is sent with the request
2026-02-19T23:18:05.5915408Z 2026-02-19 23:18:05,591 - azure.core.pipeline.policies.http_logging_policy - INFO - Response status: 200
2026-02-19T23:18:05.5916573Z Response headers:
2026-02-19T23:18:05.5916619Z     'Transfer-Encoding': 'chunked'
2026-02-19T23:18:05.5916640Z     'Content-Type': 'application/json; charset=utf-8'
2026-02-19T23:18:05.5916660Z     'Server': 'Microsoft-HTTPAPI/2.0'
2026-02-19T23:18:05.5916678Z     'Strict-Transport-Security': 'REDACTED'
2026-02-19T23:18:05.5916696Z     'X-Content-Type-Options': 'REDACTED'
2026-02-19T23:18:05.5916717Z     'Date': 'Thu, 19 Feb 2026 23:18:05 GMT'
2026-02-19T23:18:05.5925950Z 2026-02-19 23:18:05,592 - azure.monitor.opentelemetry.exporter.export._base - INFO - Transmission succeeded: Item received: 3. Items accepted: 3
2026-02-19T23:18:07.1973793Z 2026-02-19 23:18:07,197 - azure.core.pipeline.policies.http_logging_policy - INFO - Request URL: 'https://westus2-2.in.applicationinsights.azure.com//v2.1/track'
2026-02-19T23:18:07.1974319Z Request method: 'POST'
2026-02-19T23:18:07.1974409Z Request headers:
2026-02-19T23:18:07.1974428Z     'Content-Type': 'application/json'
2026-02-19T23:18:07.1974448Z     'Content-Length': '3720'
2026-02-19T23:18:07.1974464Z     'Accept': 'application/json'
2026-02-19T23:18:07.1974481Z     'x-ms-client-request-id': '3fabeff4-0de9-11f1-a607-7619be1f5af9'
2026-02-19T23:18:07.1974504Z     'User-Agent': 'azsdk-python-azuremonitorclient/unknown Python/3.11.14 (Linux-6.6.119.3-1.azl3-x86_64-with-glibc2.31)'
2026-02-19T23:18:07.1974525Z A body is sent with the request
2026-02-19T23:18:07.3017947Z 2026-02-19 23:18:07,301 - azure.core.pipeline.policies.http_logging_policy - INFO - Response status: 200
2026-02-19T23:18:07.3018338Z Response headers:
2026-02-19T23:18:07.3018364Z     'Transfer-Encoding': 'chunked'
2026-02-19T23:18:07.3018444Z     'Content-Type': 'application/json; charset=utf-8'
2026-02-19T23:18:07.3018464Z     'Server': 'Microsoft-HTTPAPI/2.0'
2026-02-19T23:18:07.3018482Z     'Strict-Transport-Security': 'REDACTED'
2026-02-19T23:18:07.3018500Z     'X-Content-Type-Options': 'REDACTED'
2026-02-19T23:18:07.3018519Z     'Date': 'Thu, 19 Feb 2026 23:18:06 GMT'
2026-02-19T23:18:07.3025754Z 2026-02-19 23:18:07,302 - azure.monitor.opentelemetry.exporter.export._base - INFO - Transmission succeeded: Item received: 3. Items accepted: 3
2026-02-19T23:18:10.5947721Z 2026-02-19 23:18:10,594 - azure.core.pipeline.policies.http_logging_policy - INFO - Request URL: 'https://westus2-2.in.applicationinsights.azure.com//v2.1/track'
2026-02-19T23:18:10.5948103Z Request method: 'POST'
2026-02-19T23:18:10.5948132Z Request headers:
2026-02-19T23:18:10.5948158Z     'Content-Type': 'application/json'
2026-02-19T23:18:10.5948229Z     'Content-Length': '3719'
2026-02-19T23:18:10.5948250Z     'Accept': 'application/json'
2026-02-19T23:18:10.5948272Z     'x-ms-client-request-id': '41b24ce4-0de9-11f1-b7ca-7619be1f5af9'
2026-02-19T23:18:10.5948296Z     'User-Agent': 'azsdk-python-azuremonitorclient/unknown Python/3.11.14 (Linux-6.6.119.3-1.azl3-x86_64-with-glibc2.31)'
2026-02-19T23:18:10.5948315Z A body is sent with the request
2026-02-19T23:18:10.6788219Z 2026-02-19 23:18:10,678 - azure.core.pipeline.policies.http_logging_policy - INFO - Response status: 200
2026-02-19T23:18:10.6788586Z Response headers:
2026-02-19T23:18:10.6788615Z     'Transfer-Encoding': 'chunked'
2026-02-19T23:18:10.6788645Z     'Content-Type': 'application/json; charset=utf-8'
2026-02-19T23:18:10.6788664Z     'Server': 'Microsoft-HTTPAPI/2.0'
2026-02-19T23:18:10.6788683Z     'Strict-Transport-Security': 'REDACTED'
2026-02-19T23:18:10.6788752Z     'X-Content-Type-Options': 'REDACTED'
2026-02-19T23:18:10.6788771Z     'Date': 'Thu, 19 Feb 2026 23:18:10 GMT'
2026-02-19T23:18:10.6793536Z 2026-02-19 23:18:10,679 - azure.monitor.opentelemetry.exporter.export._base - INFO - Transmission succeeded: Item received: 3. Items accepted: 3
2026-02-19T23:18:11.4757881Z 2026-02-19 23:18:11,475 - azure.core.pipeline.policies.http_logging_policy - INFO - Request URL: 'https://westus2-2.in.applicationinsights.azure.com//v2.1/track'
2026-02-19T23:18:11.4758422Z Request method: 'POST'
2026-02-19T23:18:11.4758448Z Request headers:
2026-02-19T23:18:11.4758471Z     'Content-Type': 'application/json'
2026-02-19T23:18:11.4758489Z     'Content-Length': '3271'
2026-02-19T23:18:11.4758507Z     'Accept': 'application/json'
2026-02-19T23:18:11.4758527Z     'x-ms-client-request-id': '4238c832-0de9-11f1-9259-7619be1f5af9'
2026-02-19T23:18:11.4758614Z     'User-Agent': 'azsdk-python-azuremonitorclient/unknown Python/3.11.14 (Linux-6.6.119.3-1.azl3-x86_64-with-glibc2.31)'
2026-02-19T23:18:11.4758633Z A body is sent with the request
2026-02-19T23:18:11.5775390Z 2026-02-19 23:18:11,577 - azure.core.pipeline.policies.http_logging_policy - INFO - Request URL: 'https://westus2-2.in.applicationinsights.azure.com//v2.1/track'
2026-02-19T23:18:11.5776635Z Request method: 'POST'
2026-02-19T23:18:11.5776718Z Request headers:
2026-02-19T23:18:11.5776742Z     'Content-Type': 'application/json'
2026-02-19T23:18:11.5776763Z     'Content-Length': '3267'
2026-02-19T23:18:11.5776783Z     'Accept': 'application/json'
2026-02-19T23:18:11.5776804Z     'x-ms-client-request-id': '42484ec4-0de9-11f1-917c-7619be1f5af9'
2026-02-19T23:18:11.5776828Z     'User-Agent': 'azsdk-python-azuremonitorclient/unknown Python/3.11.14 (Linux-6.6.119.3-1.azl3-x86_64-with-glibc2.31)'
2026-02-19T23:18:11.5776912Z A body is sent with the request
2026-02-19T23:18:11.5968962Z 2026-02-19 23:18:11,596 - azure.core.pipeline.policies.http_logging_policy - INFO - Response status: 200
2026-02-19T23:18:11.5969584Z Response headers:
2026-02-19T23:18:11.5969620Z     'Transfer-Encoding': 'chunked'
2026-02-19T23:18:11.5969640Z     'Content-Type': 'application/json; charset=utf-8'
2026-02-19T23:18:11.5969660Z     'Server': 'Microsoft-HTTPAPI/2.0'
2026-02-19T23:18:11.5969681Z     'Strict-Transport-Security': 'REDACTED'
2026-02-19T23:18:11.5969704Z     'X-Content-Type-Options': 'REDACTED'
2026-02-19T23:18:11.5969720Z     'Date': 'Thu, 19 Feb 2026 23:18:11 GMT'
2026-02-19T23:18:11.5977114Z 2026-02-19 23:18:11,597 - azure.monitor.opentelemetry.exporter.export._base - INFO - Transmission succeeded: Item received: 4. Items accepted: 4
2026-02-19T23:18:11.7177000Z 2026-02-19 23:18:11,717 - azure.core.pipeline.policies.http_logging_policy - INFO - Response status: 200
2026-02-19T23:18:11.7177348Z Response headers:
2026-02-19T23:18:11.7177375Z     'Transfer-Encoding': 'chunked'
2026-02-19T23:18:11.7177395Z     'Content-Type': 'application/json; charset=utf-8'
2026-02-19T23:18:11.7177413Z     'Server': 'Microsoft-HTTPAPI/2.0'
2026-02-19T23:18:11.7177432Z     'Strict-Transport-Security': 'REDACTED'
2026-02-19T23:18:11.7177456Z     'X-Content-Type-Options': 'REDACTED'
2026-02-19T23:18:11.7177476Z     'Date': 'Thu, 19 Feb 2026 23:18:11 GMT'
2026-02-19T23:18:11.7180370Z 2026-02-19 23:18:11,717 - azure.monitor.opentelemetry.exporter.export._base - INFO - Transmission succeeded: Item received: 4. Items accepted: 4
2026-02-19T23:18:11.9494788Z 2026-02-19 23:18:11,949 - azure.core.pipeline.policies.http_logging_policy - INFO - Request URL: 'https://westus-0.in.applicationinsights.azure.com//v2.1/track'
2026-02-19T23:18:11.9495354Z Request method: 'POST'
2026-02-19T23:18:11.9495381Z Request headers:
2026-02-19T23:18:11.9495400Z     'Content-Type': 'application/json'
2026-02-19T23:18:11.9495418Z     'Content-Length': '1431'
2026-02-19T23:18:11.9495434Z     'Accept': 'application/json'
2026-02-19T23:18:11.9495452Z     'x-ms-client-request-id': '42810e44-0de9-11f1-83e8-7619be1f5af9'
2026-02-19T23:18:11.9495472Z     'User-Agent': 'azsdk-python-azuremonitorclient/unknown Python/3.11.14 (Linux-6.6.119.3-1.azl3-x86_64-with-glibc2.31)'
2026-02-19T23:18:11.9495491Z A body is sent with the request
2026-02-19T23:18:11.9927866Z 2026-02-19 23:18:11,992 - azure.core.pipeline.policies.http_logging_policy - INFO - Request URL: 'https://westus-0.in.applicationinsights.azure.com//v2.1/track'
2026-02-19T23:18:11.9928277Z Request method: 'POST'
2026-02-19T23:18:11.9928304Z Request headers:
2026-02-19T23:18:11.9928324Z     'Content-Type': 'application/json'
2026-02-19T23:18:11.9928348Z     'Content-Length': '1431'
2026-02-19T23:18:11.9928369Z     'Accept': 'application/json'
2026-02-19T23:18:11.9928392Z     'x-ms-client-request-id': '4287acae-0de9-11f1-9e08-7619be1f5af9'
2026-02-19T23:18:11.9928423Z     'User-Agent': 'azsdk-python-azuremonitorclient/unknown Python/3.11.14 (Linux-6.6.119.3-1.azl3-x86_64-with-glibc2.31)'
2026-02-19T23:18:11.9928444Z A body is sent with the request
2026-02-19T23:18:12.1802064Z 2026-02-19 23:18:12,179 - azure.core.pipeline.policies.http_logging_policy - INFO - Response status: 200
2026-02-19T23:18:12.1802489Z Response headers:
2026-02-19T23:18:12.1802518Z     'Transfer-Encoding': 'chunked'
2026-02-19T23:18:12.1802585Z     'Content-Type': 'application/json; charset=utf-8'
2026-02-19T23:18:12.1802608Z     'Server': 'Microsoft-HTTPAPI/2.0'
2026-02-19T23:18:12.1802629Z     'Strict-Transport-Security': 'REDACTED'
2026-02-19T23:18:12.1802650Z     'X-Content-Type-Options': 'REDACTED'
2026-02-19T23:18:12.1802668Z     'Date': 'Thu, 19 Feb 2026 23:18:12 GMT'
2026-02-19T23:18:12.1988979Z 2026-02-19 23:18:12,198 - azure.core.pipeline.policies.http_logging_policy - INFO - Response status: 200
2026-02-19T23:18:12.1989246Z Response headers:
2026-02-19T23:18:12.1989270Z     'Transfer-Encoding': 'chunked'
2026-02-19T23:18:12.1989293Z     'Content-Type': 'application/json; charset=utf-8'
2026-02-19T23:18:12.1989315Z     'Server': 'Microsoft-HTTPAPI/2.0'
2026-02-19T23:18:12.1989338Z     'Strict-Transport-Security': 'REDACTED'
2026-02-19T23:18:12.1989392Z     'X-Content-Type-Options': 'REDACTED'
2026-02-19T23:18:12.1989410Z     'Date': 'Thu, 19 Feb 2026 23:18:11 GMT'
2026-02-19T23:18:12.3048386Z 2026-02-19 23:18:12,304 - azure.core.pipeline.policies.http_logging_policy - INFO - Request URL: 'https://westus2-2.in.applicationinsights.azure.com//v2.1/track'
2026-02-19T23:18:12.3048816Z Request method: 'POST'
2026-02-19T23:18:12.3048843Z Request headers:
2026-02-19T23:18:12.3048861Z     'Content-Type': 'application/json'
2026-02-19T23:18:12.3048882Z     'Content-Length': '10124'
2026-02-19T23:18:12.3048903Z     'Accept': 'application/json'
2026-02-19T23:18:12.3048927Z     'x-ms-client-request-id': '42b74874-0de9-11f1-a607-7619be1f5af9'
2026-02-19T23:18:12.3048954Z     'User-Agent': 'azsdk-python-azuremonitorclient/unknown Python/3.11.14 (Linux-6.6.119.3-1.azl3-x86_64-with-glibc2.31)'
2026-02-19T23:18:12.3049724Z A body is sent with the request
2026-02-19T23:18:12.3549623Z 2026-02-19 23:18:12,354 - azure.core.pipeline.policies.http_logging_policy - INFO - Response status: 200
2026-02-19T23:18:12.3550032Z Response headers:
2026-02-19T23:18:12.3550065Z     'Transfer-Encoding': 'chunked'
2026-02-19T23:18:12.3550089Z     'Content-Type': 'application/json; charset=utf-8'
2026-02-19T23:18:12.3550107Z     'Server': 'Microsoft-HTTPAPI/2.0'
2026-02-19T23:18:12.3550126Z     'Strict-Transport-Security': 'REDACTED'
2026-02-19T23:18:12.3550143Z     'X-Content-Type-Options': 'REDACTED'
2026-02-19T23:18:12.3550160Z     'Date': 'Thu, 19 Feb 2026 23:18:11 GMT'
2026-02-19T23:18:12.3554064Z 2026-02-19 23:18:12,355 - azure.monitor.opentelemetry.exporter.export._base - INFO - Transmission succeeded: Item received: 8. Items accepted: 8
2026-02-19T23:18:15.6825262Z 2026-02-19 23:18:15,682 - azure.core.pipeline.policies.http_logging_policy - INFO - Request URL: 'https://westus2-2.in.applicationinsights.azure.com//v2.1/track'
2026-02-19T23:18:15.6825686Z Request method: 'POST'
2026-02-19T23:18:15.6825715Z Request headers:
2026-02-19T23:18:15.6825739Z     'Content-Type': 'application/json'
2026-02-19T23:18:15.6825761Z     'Content-Length': '10123'
2026-02-19T23:18:15.6825780Z     'Accept': 'application/json'
2026-02-19T23:18:15.6825801Z     'x-ms-client-request-id': '44baa88c-0de9-11f1-b7ca-7619be1f5af9'
2026-02-19T23:18:15.6825824Z     'User-Agent': 'azsdk-python-azuremonitorclient/unknown Python/3.11.14 (Linux-6.6.119.3-1.azl3-x86_64-with-glibc2.31)'
2026-02-19T23:18:15.6825852Z A body is sent with the request
2026-02-19T23:18:15.7990605Z 2026-02-19 23:18:15,798 - azure.core.pipeline.policies.http_logging_policy - INFO - Response status: 200
2026-02-19T23:18:15.7991104Z Response headers:
2026-02-19T23:18:15.7991131Z     'Transfer-Encoding': 'chunked'
2026-02-19T23:18:15.7991151Z     'Content-Type': 'application/json; charset=utf-8'
2026-02-19T23:18:15.7991170Z     'Server': 'Microsoft-HTTPAPI/2.0'
2026-02-19T23:18:15.7991188Z     'Strict-Transport-Security': 'REDACTED'
2026-02-19T23:18:15.7991205Z     'X-Content-Type-Options': 'REDACTED'
2026-02-19T23:18:15.7991226Z     'Date': 'Thu, 19 Feb 2026 23:18:15 GMT'
2026-02-19T23:18:15.7996641Z 2026-02-19 23:18:15,799 - azure.monitor.opentelemetry.exporter.export._base - INFO - Transmission succeeded: Item received: 8. Items accepted: 8
2026-02-19T23:18:17.3577729Z 2026-02-19 23:18:17,357 - azure.core.pipeline.policies.http_logging_policy - INFO - Request URL: 'https://westus2-2.in.applicationinsights.azure.com//v2.1/track'
2026-02-19T23:18:17.3578237Z Request method: 'POST'
2026-02-19T23:18:17.3578325Z Request headers:
2026-02-19T23:18:17.3578345Z     'Content-Type': 'application/json'
2026-02-19T23:18:17.3578362Z     'Content-Length': '3721'
2026-02-19T23:18:17.3578381Z     'Accept': 'application/json'
2026-02-19T23:18:17.3578401Z     'x-ms-client-request-id': '45ba4c74-0de9-11f1-a607-7619be1f5af9'
2026-02-19T23:18:17.3578426Z     'User-Agent': 'azsdk-python-azuremonitorclient/unknown Python/3.11.14 (Linux-6.6.119.3-1.azl3-x86_64-with-glibc2.31)'
2026-02-19T23:18:17.3578444Z A body is sent with the request
2026-02-19T23:18:17.4575569Z 2026-02-19 23:18:17,457 - azure.core.pipeline.policies.http_logging_policy - INFO - Response status: 200
2026-02-19T23:18:17.4575970Z Response headers:
2026-02-19T23:18:17.4575997Z     'Transfer-Encoding': 'chunked'
2026-02-19T23:18:17.4576020Z     'Content-Type': 'application/json; charset=utf-8'
2026-02-19T23:18:17.4576092Z     'Server': 'Microsoft-HTTPAPI/2.0'
2026-02-19T23:18:17.4576111Z     'Strict-Transport-Security': 'REDACTED'
2026-02-19T23:18:17.4576129Z     'X-Content-Type-Options': 'REDACTED'
2026-02-19T23:18:17.4576146Z     'Date': 'Thu, 19 Feb 2026 23:18:17 GMT'
2026-02-19T23:18:17.4576165Z     'Connection': 'close'
2026-02-19T23:18:17.4595885Z 2026-02-19 23:18:17,458 - azure.monitor.opentelemetry.exporter.export._base - INFO - Transmission succeeded: Item received: 3. Items accepted: 3
2026-02-19T23:18:20.8012297Z 2026-02-19 23:18:20,801 - azure.core.pipeline.policies.http_logging_policy - INFO - Request URL: 'https://westus2-2.in.applicationinsights.azure.com//v2.1/track'
2026-02-19T23:18:20.8012672Z Request method: 'POST'
2026-02-19T23:18:20.8012696Z Request headers:
2026-02-19T23:18:20.8012721Z     'Content-Type': 'application/json'
2026-02-19T23:18:20.8012786Z     'Content-Length': '3721'
2026-02-19T23:18:20.8012804Z     'Accept': 'application/json'
2026-02-19T23:18:20.8012824Z     'x-ms-client-request-id': '47c7bc04-0de9-11f1-b7ca-7619be1f5af9'
2026-02-19T23:18:20.8012846Z     'User-Agent': 'azsdk-python-azuremonitorclient/unknown Python/3.11.14 (Linux-6.6.119.3-1.azl3-x86_64-with-glibc2.31)'
2026-02-19T23:18:20.8012863Z A body is sent with the request
2026-02-19T23:18:20.8824668Z 2026-02-19 23:18:20,882 - azure.core.pipeline.policies.http_logging_policy - INFO - Response status: 200
2026-02-19T23:18:20.8825052Z Response headers:
2026-02-19T23:18:20.8825083Z     'Transfer-Encoding': 'chunked'
2026-02-19T23:18:20.8825104Z     'Content-Type': 'application/json; charset=utf-8'
2026-02-19T23:18:20.8825121Z     'Server': 'Microsoft-HTTPAPI/2.0'
2026-02-19T23:18:20.8825189Z     'Strict-Transport-Security': 'REDACTED'
2026-02-19T23:18:20.8825210Z     'X-Content-Type-Options': 'REDACTED'
2026-02-19T23:18:20.8825228Z     'Date': 'Thu, 19 Feb 2026 23:18:20 GMT'
2026-02-19T23:18:20.8830179Z 2026-02-19 23:18:20,882 - azure.monitor.opentelemetry.exporter.export._base - INFO - Transmission succeeded: Item received: 3. Items accepted: 3
2026-02-19T23:18:22.4616960Z 2026-02-19 23:18:22,461 - azure.core.pipeline.policies.http_logging_policy - INFO - Request URL: 'https://westus2-2.in.applicationinsights.azure.com//v2.1/track'
2026-02-19T23:18:22.4617350Z Request method: 'POST'
2026-02-19T23:18:22.4617372Z Request headers:
2026-02-19T23:18:22.4617394Z     'Content-Type': 'application/json'
2026-02-19T23:18:22.4617415Z     'Content-Length': '3747'
2026-02-19T23:18:22.4617434Z     'Accept': 'application/json'
2026-02-19T23:18:22.4617509Z     'x-ms-client-request-id': '48c5191c-0de9-11f1-a607-7619be1f5af9'
2026-02-19T23:18:22.4617535Z     'User-Agent': 'azsdk-python-azuremonitorclient/unknown Python/3.11.14 (Linux-6.6.119.3-1.azl3-x86_64-with-glibc2.31)'
2026-02-19T23:18:22.4617554Z A body is sent with the request
2026-02-19T23:18:22.6644932Z 2026-02-19 23:18:22,664 - azure.core.pipeline.policies.http_logging_policy - INFO - Response status: 200
2026-02-19T23:18:22.6645311Z Response headers:
2026-02-19T23:18:22.6645339Z     'Transfer-Encoding': 'chunked'
2026-02-19T23:18:22.6645359Z     'Content-Type': 'application/json; charset=utf-8'
2026-02-19T23:18:22.6645378Z     'Server': 'Microsoft-HTTPAPI/2.0'
2026-02-19T23:18:22.6645398Z     'Strict-Transport-Security': 'REDACTED'
2026-02-19T23:18:22.6645421Z     'X-Content-Type-Options': 'REDACTED'
2026-02-19T23:18:22.6645438Z     'Date': 'Thu, 19 Feb 2026 23:18:21 GMT'
2026-02-19T23:18:22.6650199Z 2026-02-19 23:18:22,664 - azure.monitor.opentelemetry.exporter.export._base - INFO - Transmission succeeded: Item received: 3. Items accepted: 3
2026-02-19T23:18:25.8844784Z 2026-02-19 23:18:25,884 - azure.core.pipeline.policies.http_logging_policy - INFO - Request URL: 'https://westus2-2.in.applicationinsights.azure.com//v2.1/track'
2026-02-19T23:18:25.8847030Z Request method: 'POST'
2026-02-19T23:18:25.8847088Z Request headers:
2026-02-19T23:18:25.8847114Z     'Content-Type': 'application/json'
2026-02-19T23:18:25.8847133Z     'Content-Length': '3719'
2026-02-19T23:18:25.8847153Z     'Accept': 'application/json'
2026-02-19T23:18:25.8847176Z     'x-ms-client-request-id': '4acf5f06-0de9-11f1-b7ca-7619be1f5af9'
2026-02-19T23:18:25.8847208Z     'User-Agent': 'azsdk-python-azuremonitorclient/unknown Python/3.11.14 (Linux-6.6.119.3-1.azl3-x86_64-with-glibc2.31)'
2026-02-19T23:18:25.8847227Z A body is sent with the request
2026-02-19T23:18:25.9290199Z 2026-02-19 23:18:25,928 - azure.core.pipeline.policies.http_logging_policy - INFO - Response status: 200
2026-02-19T23:18:25.9290580Z Response headers:
2026-02-19T23:18:25.9290613Z     'Transfer-Encoding': 'chunked'
2026-02-19T23:18:25.9290638Z     'Content-Type': 'application/json; charset=utf-8'
2026-02-19T23:18:25.9290658Z     'Server': 'Microsoft-HTTPAPI/2.0'
2026-02-19T23:18:25.9290677Z     'Strict-Transport-Security': 'REDACTED'
2026-02-19T23:18:25.9290695Z     'X-Content-Type-Options': 'REDACTED'
2026-02-19T23:18:25.9290714Z     'Date': 'Thu, 19 Feb 2026 23:18:25 GMT'
2026-02-19T23:18:25.9296753Z 2026-02-19 23:18:25,929 - azure.monitor.opentelemetry.exporter.export._base - INFO - Transmission succeeded: Item received: 3. Items accepted: 3
2026-02-19T23:18:27.6668043Z 2026-02-19 23:18:27,666 - azure.core.pipeline.policies.http_logging_policy - INFO - Request URL: 'https://westus2-2.in.applicationinsights.azure.com//v2.1/track'
2026-02-19T23:18:27.6668575Z Request method: 'POST'
2026-02-19T23:18:27.6668607Z Request headers:
2026-02-19T23:18:27.6668633Z     'Content-Type': 'application/json'
2026-02-19T23:18:27.6668651Z     'Content-Length': '3720'
2026-02-19T23:18:27.6668669Z     'Accept': 'application/json'
2026-02-19T23:18:27.6668686Z     'x-ms-client-request-id': '4bdf511c-0de9-11f1-a607-7619be1f5af9'
2026-02-19T23:18:27.6668706Z     'User-Agent': 'azsdk-python-azuremonitorclient/unknown Python/3.11.14 (Linux-6.6.119.3-1.azl3-x86_64-with-glibc2.31)'
2026-02-19T23:18:27.6668731Z A body is sent with the request
2026-02-19T23:18:27.7890361Z 2026-02-19 23:18:27,788 - azure.core.pipeline.policies.http_logging_policy - INFO - Response status: 200
2026-02-19T23:18:27.7890764Z Response headers:
2026-02-19T23:18:27.7890791Z     'Transfer-Encoding': 'chunked'
2026-02-19T23:18:27.7890811Z     'Content-Type': 'application/json; charset=utf-8'
2026-02-19T23:18:27.7890830Z     'Server': 'Microsoft-HTTPAPI/2.0'
2026-02-19T23:18:27.7890847Z     'Strict-Transport-Security': 'REDACTED'
2026-02-19T23:18:27.7890865Z     'X-Content-Type-Options': 'REDACTED'
2026-02-19T23:18:27.7890884Z     'Date': 'Thu, 19 Feb 2026 23:18:26 GMT'
2026-02-19T23:18:27.7896553Z 2026-02-19 23:18:27,789 - azure.monitor.opentelemetry.exporter.export._base - INFO - Transmission succeeded: Item received: 3. Items accepted: 3
2026-02-19T23:18:30.9310583Z 2026-02-19 23:18:30,930 - azure.core.pipeline.policies.http_logging_policy - INFO - Request URL: 'https://westus2-2.in.applicationinsights.azure.com//v2.1/track'
2026-02-19T23:18:30.9310935Z Request method: 'POST'
2026-02-19T23:18:30.9311017Z Request headers:
2026-02-19T23:18:30.9311040Z     'Content-Type': 'application/json'
2026-02-19T23:18:30.9311058Z     'Content-Length': '3720'
2026-02-19T23:18:30.9311076Z     'Accept': 'application/json'
2026-02-19T23:18:30.9311097Z     'x-ms-client-request-id': '4dd16c12-0de9-11f1-b7ca-7619be1f5af9'
2026-02-19T23:18:30.9311118Z     'User-Agent': 'azsdk-python-azuremonitorclient/unknown Python/3.11.14 (Linux-6.6.119.3-1.azl3-x86_64-with-glibc2.31)'
2026-02-19T23:18:30.9311136Z A body is sent with the request
2026-02-19T23:18:31.6264375Z 2026-02-19 23:18:31,626 - azure.core.pipeline.policies.http_logging_policy - INFO - Response status: 200
2026-02-19T23:18:31.6266015Z Response headers:
2026-02-19T23:18:31.6266052Z     'Transfer-Encoding': 'chunked'
2026-02-19T23:18:31.6266071Z     'Content-Type': 'application/json; charset=utf-8'
2026-02-19T23:18:31.6266163Z     'Server': 'Microsoft-HTTPAPI/2.0'
2026-02-19T23:18:31.6266183Z     'Strict-Transport-Security': 'REDACTED'
2026-02-19T23:18:31.6266201Z     'X-Content-Type-Options': 'REDACTED'
2026-02-19T23:18:31.6266221Z     'Date': 'Thu, 19 Feb 2026 23:18:30 GMT'
2026-02-19T23:18:31.6276229Z 2026-02-19 23:18:31,626 - azure.monitor.opentelemetry.exporter.export._base - INFO - Transmission succeeded: Item received: 3. Items accepted: 3
2026-02-19T23:18:32.7913194Z 2026-02-19 23:18:32,791 - azure.core.pipeline.policies.http_logging_policy - INFO - Request URL: 'https://westus2-2.in.applicationinsights.azure.com//v2.1/track'
2026-02-19T23:18:32.7913708Z Request method: 'POST'
2026-02-19T23:18:32.7913733Z Request headers:
2026-02-19T23:18:32.7913757Z     'Content-Type': 'application/json'
2026-02-19T23:18:32.7913781Z     'Content-Length': '3719'
2026-02-19T23:18:32.7913850Z     'Accept': 'application/json'
2026-02-19T23:18:32.7913869Z     'x-ms-client-request-id': '4eed4666-0de9-11f1-a607-7619be1f5af9'
2026-02-19T23:18:32.7913888Z     'User-Agent': 'azsdk-python-azuremonitorclient/unknown Python/3.11.14 (Linux-6.6.119.3-1.azl3-x86_64-with-glibc2.31)'
2026-02-19T23:18:32.7913904Z A body is sent with the request
2026-02-19T23:18:32.8575247Z 2026-02-19 23:18:32,857 - azure.core.pipeline.policies.http_logging_policy - INFO - Response status: 200
2026-02-19T23:18:32.8575996Z Response headers:
2026-02-19T23:18:32.8576028Z     'Transfer-Encoding': 'chunked'
2026-02-19T23:18:32.8576048Z     'Content-Type': 'application/json; charset=utf-8'
2026-02-19T23:18:32.8576077Z     'Server': 'Microsoft-HTTPAPI/2.0'
2026-02-19T23:18:32.8576094Z     'Strict-Transport-Security': 'REDACTED'
2026-02-19T23:18:32.8576160Z     'X-Content-Type-Options': 'REDACTED'
2026-02-19T23:18:32.8576179Z     'Date': 'Thu, 19 Feb 2026 23:18:31 GMT'
2026-02-19T23:18:32.8580455Z 2026-02-19 23:18:32,857 - azure.monitor.opentelemetry.exporter.export._base - INFO - Transmission succeeded: Item received: 3. Items accepted: 3
2026-02-19T23:18:36.6292933Z 2026-02-19 23:18:36,629 - azure.core.pipeline.policies.http_logging_policy - INFO - Request URL: 'https://westus2-2.in.applicationinsights.azure.com//v2.1/track'
2026-02-19T23:18:36.6293355Z Request method: 'POST'
2026-02-19T23:18:36.6293385Z Request headers:
2026-02-19T23:18:36.6293405Z     'Content-Type': 'application/json'
2026-02-19T23:18:36.6293430Z     'Content-Length': '3720'
2026-02-19T23:18:36.6293448Z     'Accept': 'application/json'
2026-02-19T23:18:36.6293470Z     'x-ms-client-request-id': '5136e67a-0de9-11f1-b7ca-7619be1f5af9'
2026-02-19T23:18:36.6293564Z     'User-Agent': 'azsdk-python-azuremonitorclient/unknown Python/3.11.14 (Linux-6.6.119.3-1.azl3-x86_64-with-glibc2.31)'
2026-02-19T23:18:36.6293588Z A body is sent with the request
2026-02-19T23:18:36.7229399Z 2026-02-19 23:18:36,722 - azure.core.pipeline.policies.http_logging_policy - INFO - Response status: 200
2026-02-19T23:18:36.7229758Z Response headers:
2026-02-19T23:18:36.7229788Z     'Transfer-Encoding': 'chunked'
2026-02-19T23:18:36.7229808Z     'Content-Type': 'application/json; charset=utf-8'
2026-02-19T23:18:36.7229826Z     'Server': 'Microsoft-HTTPAPI/2.0'
2026-02-19T23:18:36.7229844Z     'Strict-Transport-Security': 'REDACTED'
2026-02-19T23:18:36.7229864Z     'X-Content-Type-Options': 'REDACTED'
2026-02-19T23:18:36.7229884Z     'Date': 'Thu, 19 Feb 2026 23:18:36 GMT'
2026-02-19T23:18:36.7235812Z 2026-02-19 23:18:36,723 - azure.monitor.opentelemetry.exporter.export._base - INFO - Transmission succeeded: Item received: 3. Items accepted: 3
2026-02-19T23:18:37.8596024Z 2026-02-19 23:18:37,859 - azure.core.pipeline.policies.http_logging_policy - INFO - Request URL: 'https://westus2-2.in.applicationinsights.azure.com//v2.1/track'
2026-02-19T23:18:37.8596403Z Request method: 'POST'
2026-02-19T23:18:37.8596430Z Request headers:
2026-02-19T23:18:37.8596453Z     'Content-Type': 'application/json'
2026-02-19T23:18:37.8596471Z     'Content-Length': '3720'
2026-02-19T23:18:37.8596490Z     'Accept': 'application/json'
2026-02-19T23:18:37.8596510Z     'x-ms-client-request-id': '51f2a158-0de9-11f1-a607-7619be1f5af9'
2026-02-19T23:18:37.8596532Z     'User-Agent': 'azsdk-python-azuremonitorclient/unknown Python/3.11.14 (Linux-6.6.119.3-1.azl3-x86_64-with-glibc2.31)'
2026-02-19T23:18:37.8596555Z A body is sent with the request
2026-02-19T23:18:37.9907702Z 2026-02-19 23:18:37,990 - azure.core.pipeline.policies.http_logging_policy - INFO - Response status: 200
2026-02-19T23:18:37.9908094Z Response headers:
2026-02-19T23:18:37.9908121Z     'Transfer-Encoding': 'chunked'
2026-02-19T23:18:37.9908144Z     'Content-Type': 'application/json; charset=utf-8'
2026-02-19T23:18:37.9908167Z     'Server': 'Microsoft-HTTPAPI/2.0'
2026-02-19T23:18:37.9908184Z     'Strict-Transport-Security': 'REDACTED'
2026-02-19T23:18:37.9908202Z     'X-Content-Type-Options': 'REDACTED'
2026-02-19T23:18:37.9908220Z     'Date': 'Thu, 19 Feb 2026 23:18:37 GMT'
2026-02-19T23:18:37.9912609Z 2026-02-19 23:18:37,990 - azure.monitor.opentelemetry.exporter.export._base - INFO - Transmission succeeded: Item received: 3. Items accepted: 3
2026-02-19T23:18:41.7257110Z 2026-02-19 23:18:41,725 - azure.core.pipeline.policies.http_logging_policy - INFO - Request URL: 'https://westus2-2.in.applicationinsights.azure.com//v2.1/track'
2026-02-19T23:18:41.7257705Z Request method: 'POST'
2026-02-19T23:18:41.7257735Z Request headers:
2026-02-19T23:18:41.7257753Z     'Content-Type': 'application/json'
2026-02-19T23:18:41.7257770Z     'Content-Length': '3719'
2026-02-19T23:18:41.7257787Z     'Accept': 'application/json'
2026-02-19T23:18:41.7257808Z     'x-ms-client-request-id': '54408dbc-0de9-11f1-b7ca-7619be1f5af9'
2026-02-19T23:18:41.7257833Z     'User-Agent': 'azsdk-python-azuremonitorclient/unknown Python/3.11.14 (Linux-6.6.119.3-1.azl3-x86_64-with-glibc2.31)'
2026-02-19T23:18:41.7257851Z A body is sent with the request
2026-02-19T23:18:41.8896369Z 2026-02-19 23:18:41,889 - azure.core.pipeline.policies.http_logging_policy - INFO - Response status: 200
2026-02-19T23:18:41.8896751Z Response headers:
2026-02-19T23:18:41.8896779Z     'Transfer-Encoding': 'chunked'
2026-02-19T23:18:41.8896858Z     'Content-Type': 'application/json; charset=utf-8'
2026-02-19T23:18:41.8896875Z     'Server': 'Microsoft-HTTPAPI/2.0'
2026-02-19T23:18:41.8896893Z     'Strict-Transport-Security': 'REDACTED'
2026-02-19T23:18:41.8896911Z     'X-Content-Type-Options': 'REDACTED'
2026-02-19T23:18:41.8896928Z     'Date': 'Thu, 19 Feb 2026 23:18:41 GMT'
2026-02-19T23:18:41.8904776Z 2026-02-19 23:18:41,889 - azure.monitor.opentelemetry.exporter.export._base - INFO - Transmission succeeded: Item received: 3. Items accepted: 3
2026-02-19T23:18:42.9927907Z 2026-02-19 23:18:42,992 - azure.core.pipeline.policies.http_logging_policy - INFO - Request URL: 'https://westus2-2.in.applicationinsights.azure.com//v2.1/track'
2026-02-19T23:18:42.9928322Z Request method: 'POST'
2026-02-19T23:18:42.9928352Z Request headers:
2026-02-19T23:18:42.9928433Z     'Content-Type': 'application/json'
2026-02-19T23:18:42.9928461Z     'Content-Length': '3720'
2026-02-19T23:18:42.9928484Z     'Accept': 'application/json'
2026-02-19T23:18:42.9928506Z     'x-ms-client-request-id': '5501e408-0de9-11f1-a607-7619be1f5af9'
2026-02-19T23:18:42.9928533Z     'User-Agent': 'azsdk-python-azuremonitorclient/unknown Python/3.11.14 (Linux-6.6.119.3-1.azl3-x86_64-with-glibc2.31)'
2026-02-19T23:18:42.9928557Z A body is sent with the request
2026-02-19T23:18:43.2169611Z 2026-02-19 23:18:43,216 - azure.core.pipeline.policies.http_logging_policy - INFO - Response status: 200
2026-02-19T23:18:43.2170251Z Response headers:
2026-02-19T23:18:43.2170282Z     'Transfer-Encoding': 'chunked'
2026-02-19T23:18:43.2170309Z     'Content-Type': 'application/json; charset=utf-8'
2026-02-19T23:18:43.2170330Z     'Server': 'Microsoft-HTTPAPI/2.0'
2026-02-19T23:18:43.2170405Z     'Strict-Transport-Security': 'REDACTED'
2026-02-19T23:18:43.2170427Z     'X-Content-Type-Options': 'REDACTED'
2026-02-19T23:18:43.2170445Z     'Date': 'Thu, 19 Feb 2026 23:18:43 GMT'
2026-02-19T23:18:43.2172943Z 2026-02-19 23:18:43,217 - azure.monitor.opentelemetry.exporter.export._base - INFO - Transmission succeeded: Item received: 3. Items accepted: 3
2026-02-19T23:18:46.8919307Z 2026-02-19 23:18:46,891 - azure.core.pipeline.policies.http_logging_policy - INFO - Request URL: 'https://westus2-2.in.applicationinsights.azure.com//v2.1/track'
2026-02-19T23:18:46.8919901Z Request method: 'POST'
2026-02-19T23:18:46.8919933Z Request headers:
2026-02-19T23:18:46.8919955Z     'Content-Type': 'application/json'
2026-02-19T23:18:46.8919981Z     'Content-Length': '3720'
2026-02-19T23:18:46.8919999Z     'Accept': 'application/json'
2026-02-19T23:18:46.8920081Z     'x-ms-client-request-id': '5754d9c2-0de9-11f1-b7ca-7619be1f5af9'
2026-02-19T23:18:46.8920109Z     'User-Agent': 'azsdk-python-azuremonitorclient/unknown Python/3.11.14 (Linux-6.6.119.3-1.azl3-x86_64-with-glibc2.31)'
2026-02-19T23:18:46.8920128Z A body is sent with the request
2026-02-19T23:18:46.9564758Z 2026-02-19 23:18:46,956 - azure.core.pipeline.policies.http_logging_policy - INFO - Response status: 200
2026-02-19T23:18:46.9565178Z Response headers:
2026-02-19T23:18:46.9565206Z     'Transfer-Encoding': 'chunked'
2026-02-19T23:18:46.9565234Z     'Content-Type': 'application/json; charset=utf-8'
2026-02-19T23:18:46.9565254Z     'Server': 'Microsoft-HTTPAPI/2.0'
2026-02-19T23:18:46.9565271Z     'Strict-Transport-Security': 'REDACTED'
2026-02-19T23:18:46.9565294Z     'X-Content-Type-Options': 'REDACTED'
2026-02-19T23:18:46.9565315Z     'Date': 'Thu, 19 Feb 2026 23:18:46 GMT'
2026-02-19T23:18:46.9574854Z 2026-02-19 23:18:46,956 - azure.monitor.opentelemetry.exporter.export._base - INFO - Transmission succeeded: Item received: 3. Items accepted: 3
2026-02-19T23:18:47.9903440Z 2026-02-19 23:18:47,990 - azure.identity._credentials.environment - INFO - Incomplete environment configuration for EnvironmentCredential. These variables are set: AZURE_CLIENT_ID
2026-02-19T23:18:47.9905891Z 2026-02-19 23:18:47,990 - azure.identity._credentials.managed_identity - INFO - ManagedIdentityCredential will use App Service managed identity
2026-02-19T23:18:47.9953772Z 2026-02-19 23:18:47,994 - azure.core.pipeline.policies.http_logging_policy - INFO - Request URL: 'http://169.254.129.5:8081/msi/token?api-version=REDACTED&resource=REDACTED&client_id=REDACTED'
2026-02-19T23:18:47.9954019Z Request method: 'GET'
2026-02-19T23:18:47.9954047Z Request headers:
2026-02-19T23:18:47.9954073Z     'X-IDENTITY-HEADER': 'REDACTED'
2026-02-19T23:18:47.9954099Z     'User-Agent': 'azsdk-python-identity/1.17.1 Python/3.11.14 (Linux-6.6.119.3-1.azl3-x86_64-with-glibc2.31)'
2026-02-19T23:18:47.9954164Z     'traceparent': '00-fd4502d5240986820a02d56d845a2992-ffdedd6a96bb11ef-01'
2026-02-19T23:18:47.9954184Z No body was attached to the request
2026-02-19T23:18:47.9969392Z 2026-02-19 23:18:47,996 - azure.identity._credentials.environment - INFO - Incomplete environment configuration for EnvironmentCredential. These variables are set: AZURE_CLIENT_ID
2026-02-19T23:18:47.9977691Z 2026-02-19 23:18:47,997 - azure.identity._credentials.managed_identity - INFO - ManagedIdentityCredential will use App Service managed identity
2026-02-19T23:18:47.9990517Z 2026-02-19 23:18:47,998 - azure.core.pipeline.policies.http_logging_policy - INFO - Request URL: 'http://169.254.129.5:8081/msi/token?api-version=REDACTED&resource=REDACTED&client_id=REDACTED'
2026-02-19T23:18:47.9990627Z Request method: 'GET'
2026-02-19T23:18:47.9990647Z Request headers:
2026-02-19T23:18:47.9990670Z     'X-IDENTITY-HEADER': 'REDACTED'
2026-02-19T23:18:47.9990691Z     'User-Agent': 'azsdk-python-identity/1.17.1 Python/3.11.14 (Linux-6.6.119.3-1.azl3-x86_64-with-glibc2.31)'
2026-02-19T23:18:47.9990740Z     'traceparent': '00-e63751f032a34d2c155ba1a8e9a3f156-275a55ce7fdf4fba-01'
2026-02-19T23:18:47.9990762Z No body was attached to the request
2026-02-19T23:18:48.0889112Z 2026-02-19 23:18:48,088 - azure.core.pipeline.policies.http_logging_policy - INFO - Response status: 200
2026-02-19T23:18:48.0889579Z Response headers:
2026-02-19T23:18:48.0889607Z     'Content-Type': 'application/json; charset=utf-8'
2026-02-19T23:18:48.0889628Z     'Date': 'Thu, 19 Feb 2026 23:18:47 GMT'
2026-02-19T23:18:48.0889647Z     'Server': 'Kestrel'
2026-02-19T23:18:48.0889667Z     'Transfer-Encoding': 'chunked'
2026-02-19T23:18:48.0889687Z     'X-CORRELATION-ID': 'REDACTED'
2026-02-19T23:18:48.0889714Z 2026-02-19 23:18:48,088 - azure.core.pipeline.policies.http_logging_policy - INFO - Response status: 200
2026-02-19T23:18:48.0889794Z Response headers:
2026-02-19T23:18:48.0889817Z     'Content-Type': 'application/json; charset=utf-8'
2026-02-19T23:18:48.0889837Z     'Date': 'Thu, 19 Feb 2026 23:18:47 GMT'
2026-02-19T23:18:48.0889858Z     'Server': 'Kestrel'
2026-02-19T23:18:48.0889878Z     'Transfer-Encoding': 'chunked'
2026-02-19T23:18:48.0889898Z     'X-CORRELATION-ID': 'REDACTED'
2026-02-19T23:18:48.0889924Z 2026-02-19 23:18:48,088 - azure.identity._credentials.chained - INFO - DefaultAzureCredential acquired a token from ManagedIdentityCredential
2026-02-19T23:18:48.0889950Z 2026-02-19 23:18:48,088 - azure.identity._credentials.chained - INFO - DefaultAzureCredential acquired a token from ManagedIdentityCredential
2026-02-19T23:18:48.1724790Z 2026-02-19 23:18:48,172 - app.providers.circuit_breaker - INFO - Circuit 'market_data' transitioning OPEN → HALF_OPEN after 900s
2026-02-19T23:18:48.1852584Z 2026-02-19 23:18:48,185 - app.providers.circuit_breaker - INFO - Circuit 'market_data' transitioning OPEN → HALF_OPEN after 900s
2026-02-19T23:18:48.2211440Z 2026-02-19 23:18:48,220 - azure.core.pipeline.policies.http_logging_policy - INFO - Request URL: 'https://westus2-2.in.applicationinsights.azure.com//v2.1/track'
2026-02-19T23:18:48.2212102Z Request method: 'POST'
2026-02-19T23:18:48.2212141Z Request headers:
2026-02-19T23:18:48.2212174Z     'Content-Type': 'application/json'
2026-02-19T23:18:48.2212205Z     'Content-Length': '10417'
2026-02-19T23:18:48.2212235Z     'Accept': 'application/json'
2026-02-19T23:18:48.2212272Z     'x-ms-client-request-id': '581fadb4-0de9-11f1-a607-7619be1f5af9'
2026-02-19T23:18:48.2212317Z     'User-Agent': 'azsdk-python-azuremonitorclient/unknown Python/3.11.14 (Linux-6.6.119.3-1.azl3-x86_64-with-glibc2.31)'
2026-02-19T23:18:48.2212349Z A body is sent with the request
2026-02-19T23:18:48.2549871Z 2026-02-19 23:18:48,254 - azure.core.pipeline.policies.http_logging_policy - INFO - Request URL: 'https://westus2-2.in.applicationinsights.azure.com//v2.1/track'
2026-02-19T23:18:48.2550444Z Request method: 'POST'
2026-02-19T23:18:48.2550472Z Request headers:
2026-02-19T23:18:48.2550492Z     'Content-Type': 'application/json'
2026-02-19T23:18:48.2550513Z     'Content-Length': '3850'
2026-02-19T23:18:48.2550533Z     'Accept': 'application/json'
2026-02-19T23:18:48.2550553Z     'x-ms-client-request-id': '5824d500-0de9-11f1-846e-7619be1f5af9'
2026-02-19T23:18:48.2550577Z     'User-Agent': 'azsdk-python-azuremonitorclient/unknown Python/3.11.14 (Linux-6.6.119.3-1.azl3-x86_64-with-glibc2.31)'
2026-02-19T23:18:48.2550599Z A body is sent with the request
2026-02-19T23:18:48.3591410Z 2026-02-19 23:18:48,358 - azure.core.pipeline.policies.http_logging_policy - INFO - Response status: 200
2026-02-19T23:18:48.3592092Z Response headers:
2026-02-19T23:18:48.3592185Z     'Transfer-Encoding': 'chunked'
2026-02-19T23:18:48.3592206Z     'Content-Type': 'application/json; charset=utf-8'
2026-02-19T23:18:48.3592225Z     'Server': 'Microsoft-HTTPAPI/2.0'
2026-02-19T23:18:48.3592245Z     'Strict-Transport-Security': 'REDACTED'
2026-02-19T23:18:48.3592263Z     'X-Content-Type-Options': 'REDACTED'
2026-02-19T23:18:48.3592283Z     'Date': 'Thu, 19 Feb 2026 23:18:47 GMT'
2026-02-19T23:18:48.3598397Z 2026-02-19 23:18:48,359 - azure.monitor.opentelemetry.exporter.export._base - INFO - Transmission succeeded: Item received: 3. Items accepted: 3
2026-02-19T23:18:48.4119111Z 2026-02-19 23:18:48,411 - azure.core.pipeline.policies.http_logging_policy - INFO - Response status: 200
2026-02-19T23:18:48.4119478Z Response headers:
2026-02-19T23:18:48.4119509Z     'Transfer-Encoding': 'chunked'
2026-02-19T23:18:48.4119591Z     'Content-Type': 'application/json; charset=utf-8'
2026-02-19T23:18:48.4119610Z     'Server': 'Microsoft-HTTPAPI/2.0'
2026-02-19T23:18:48.4119630Z     'Strict-Transport-Security': 'REDACTED'
2026-02-19T23:18:48.4119650Z     'X-Content-Type-Options': 'REDACTED'
2026-02-19T23:18:48.4119667Z     'Date': 'Thu, 19 Feb 2026 23:18:48 GMT'
2026-02-19T23:18:48.4124958Z 2026-02-19 23:18:48,412 - azure.monitor.opentelemetry.exporter.export._base - INFO - Transmission succeeded: Item received: 9. Items accepted: 9
2026-02-19T23:18:48.9116506Z 2026-02-19 23:18:48,909 - app.providers.yahoo_provider - ERROR - Failed to fetch quote for AAPL
2026-02-19T23:18:48.9117184Z Traceback (most recent call last):
2026-02-19T23:18:48.9117217Z   File "/tmp/8de6fe2b6096749/app/providers/yahoo_provider.py", line 79, in get_quote
2026-02-19T23:18:48.9117236Z     price=self._safe_float(getattr(info, "last_price", 0)),
2026-02-19T23:18:48.9117309Z                            ^^^^^^^^^^^^^^^^^^^^^^^^^^^^^^
2026-02-19T23:18:48.9117330Z   File "/tmp/8de6fe2b6096749/antenv/lib/python3.11/site-packages/yfinance/scrapers/quote.py", line 249, in last_price
2026-02-19T23:18:48.9117346Z     prices = self._get_1y_prices()
2026-02-19T23:18:48.9117362Z              ^^^^^^^^^^^^^^^^^^^^^
2026-02-19T23:18:48.9117382Z   File "/tmp/8de6fe2b6096749/antenv/lib/python3.11/site-packages/yfinance/scrapers/quote.py", line 131, in _get_1y_prices
2026-02-19T23:18:48.9117405Z     self._prices_1y = self._tkr.history(period="1y", auto_adjust=False, keepna=True, proxy=self.proxy)
2026-02-19T23:18:48.9117423Z                       ^^^^^^^^^^^^^^^^^^^^^^^^^^^^^^^^^^^^^^^^^^^^^^^^^^^^^^^^^^^^^^^^^^^^^^^^^^^^^^^^
2026-02-19T23:18:48.9117442Z   File "/tmp/8de6fe2b6096749/antenv/lib/python3.11/site-packages/yfinance/utils.py", line 104, in wrapper
2026-02-19T23:18:48.9117457Z     result = func(*args, **kwargs)
2026-02-19T23:18:48.9117474Z              ^^^^^^^^^^^^^^^^^^^^^
2026-02-19T23:18:48.9117508Z   File "/tmp/8de6fe2b6096749/antenv/lib/python3.11/site-packages/yfinance/base.py", line 80, in history
2026-02-19T23:18:48.9117530Z     return self._lazy_load_price_history().history(*args, **kwargs)
2026-02-19T23:18:48.9117549Z            ^^^^^^^^^^^^^^^^^^^^^^^^^^^^^^^
2026-02-19T23:18:48.9117573Z   File "/tmp/8de6fe2b6096749/antenv/lib/python3.11/site-packages/yfinance/base.py", line 86, in _lazy_load_price_history
2026-02-19T23:18:48.9117596Z     self._price_history = PriceHistory(self._data, self.ticker, self._get_ticker_tz(self.proxy, timeout=10))
2026-02-19T23:18:48.9117614Z                                                                 ^^^^^^^^^^^^^^^^^^^^^^^^^^^^^^^^^^^^^^^^^^^
2026-02-19T23:18:48.9117633Z   File "/tmp/8de6fe2b6096749/antenv/lib/python3.11/site-packages/yfinance/base.py", line 102, in _get_ticker_tz
2026-02-19T23:18:48.9117653Z     tz = self._fetch_ticker_tz(proxy, timeout)
2026-02-19T23:18:48.9117670Z          ^^^^^^^^^^^^^^^^^^^^^^^^^^^^^^^^^^^^^
2026-02-19T23:18:48.9117690Z   File "/tmp/8de6fe2b6096749/antenv/lib/python3.11/site-packages/yfinance/utils.py", line 104, in wrapper
2026-02-19T23:18:48.9117719Z     result = func(*args, **kwargs)
2026-02-19T23:18:48.9117738Z              ^^^^^^^^^^^^^^^^^^^^^
2026-02-19T23:18:48.9117764Z   File "/tmp/8de6fe2b6096749/antenv/lib/python3.11/site-packages/yfinance/base.py", line 125, in _fetch_ticker_tz
2026-02-19T23:18:48.9117784Z     data = self._data.cache_get(url=url, params=params, proxy=proxy, timeout=timeout)
2026-02-19T23:18:48.9117801Z            ^^^^^^^^^^^^^^^^^^^^^^^^^^^^^^^^^^^^^^^^^^^^^^^^^^^^^^^^^^^^^^^^^^^^^^^^^^
2026-02-19T23:18:48.9117822Z   File "/tmp/8de6fe2b6096749/antenv/lib/python3.11/site-packages/yfinance/data.py", line 32, in wrapped
2026-02-19T23:18:48.9117839Z     return func(*args, **kwargs)
2026-02-19T23:18:48.9117855Z            ^^^^^^^^^^^^^^^^^^^^^
2026-02-19T23:18:48.9117873Z   File "/tmp/8de6fe2b6096749/antenv/lib/python3.11/site-packages/yfinance/data.py", line 416, in cache_get
2026-02-19T23:18:48.9117891Z     return self.get(url, user_agent_headers, params, proxy, timeout)
2026-02-19T23:18:48.9117918Z            ^^^^^^^^^^^^^^^^^^^^^^^^^^^^^^^^^^^^^^^^^^^^^^^^^^^^^^^^^
2026-02-19T23:18:48.9117940Z   File "/tmp/8de6fe2b6096749/antenv/lib/python3.11/site-packages/yfinance/utils.py", line 104, in wrapper
2026-02-19T23:18:48.9117956Z     result = func(*args, **kwargs)
2026-02-19T23:18:48.9117972Z              ^^^^^^^^^^^^^^^^^^^^^
2026-02-19T23:18:48.9117991Z   File "/tmp/8de6fe2b6096749/antenv/lib/python3.11/site-packages/yfinance/data.py", line 347, in get
2026-02-19T23:18:48.9118012Z     return self._make_request(url, request_method = self._session.get, user_agent_headers=user_agent_headers, params=params, proxy=proxy, timeout=timeout)
2026-02-19T23:18:48.9118035Z            ^^^^^^^^^^^^^^^^^^^^^^^^^^^^^^^^^^^^^^^^^^^^^^^^^^^^^^^^^^^^^^^^^^^^^^^^^^^^^^^^^^^^^^^^^^^^^^^^^^^^^^^^^^^^^^^^^^^^^^^^^^^^^^^^^^^^^^^^^^^^^^^
2026-02-19T23:18:48.9118057Z   File "/tmp/8de6fe2b6096749/antenv/lib/python3.11/site-packages/yfinance/utils.py", line 104, in wrapper
2026-02-19T23:18:48.9118076Z     result = func(*args, **kwargs)
2026-02-19T23:18:48.9118092Z              ^^^^^^^^^^^^^^^^^^^^^
2026-02-19T23:18:48.9118111Z   File "/tmp/8de6fe2b6096749/antenv/lib/python3.11/site-packages/yfinance/data.py", line 409, in _make_request
2026-02-19T23:18:48.9118139Z     raise YFRateLimitError()
2026-02-19T23:18:48.9118160Z yfinance.exceptions.YFRateLimitError: Too Many Requests. Rate limited. Try after a while.
2026-02-19T23:18:48.9139383Z 2026-02-19 23:18:48,912 - app.services.scan_service - ERROR - Provider failed for AAPL
2026-02-19T23:18:48.9139537Z Traceback (most recent call last):
2026-02-19T23:18:48.9139565Z   File "/tmp/8de6fe2b6096749/app/services/scan_service.py", line 286, in run_scan
2026-02-19T23:18:48.9139587Z     quote = self._provider.get_quote(sym)
2026-02-19T23:18:48.9139613Z             ^^^^^^^^^^^^^^^^^^^^^^^^^^^^^
2026-02-19T23:18:48.9139638Z   File "/tmp/8de6fe2b6096749/app/providers/yahoo_provider.py", line 79, in get_quote
2026-02-19T23:18:48.9139660Z     price=self._safe_float(getattr(info, "last_price", 0)),
2026-02-19T23:18:48.9139684Z                            ^^^^^^^^^^^^^^^^^^^^^^^^^^^^^^
2026-02-19T23:18:48.9139730Z   File "/tmp/8de6fe2b6096749/antenv/lib/python3.11/site-packages/yfinance/scrapers/quote.py", line 249, in last_price
2026-02-19T23:18:48.9140240Z     prices = self._get_1y_prices()
2026-02-19T23:18:48.9140273Z              ^^^^^^^^^^^^^^^^^^^^^
2026-02-19T23:18:48.9140297Z   File "/tmp/8de6fe2b6096749/antenv/lib/python3.11/site-packages/yfinance/scrapers/quote.py", line 131, in _get_1y_prices
2026-02-19T23:18:48.9140320Z     self._prices_1y = self._tkr.history(period="1y", auto_adjust=False, keepna=True, proxy=self.proxy)
2026-02-19T23:18:48.9140344Z                       ^^^^^^^^^^^^^^^^^^^^^^^^^^^^^^^^^^^^^^^^^^^^^^^^^^^^^^^^^^^^^^^^^^^^^^^^^^^^^^^^
2026-02-19T23:18:48.9140368Z   File "/tmp/8de6fe2b6096749/antenv/lib/python3.11/site-packages/yfinance/utils.py", line 104, in wrapper
2026-02-19T23:18:48.9140389Z     result = func(*args, **kwargs)
2026-02-19T23:18:48.9140411Z              ^^^^^^^^^^^^^^^^^^^^^
2026-02-19T23:18:48.9140437Z   File "/tmp/8de6fe2b6096749/antenv/lib/python3.11/site-packages/yfinance/base.py", line 80, in history
2026-02-19T23:18:48.9140474Z     return self._lazy_load_price_history().history(*args, **kwargs)
2026-02-19T23:18:48.9140497Z            ^^^^^^^^^^^^^^^^^^^^^^^^^^^^^^^
2026-02-19T23:18:48.9140524Z   File "/tmp/8de6fe2b6096749/antenv/lib/python3.11/site-packages/yfinance/base.py", line 86, in _lazy_load_price_history
2026-02-19T23:18:48.9140551Z     self._price_history = PriceHistory(self._data, self.ticker, self._get_ticker_tz(self.proxy, timeout=10))
2026-02-19T23:18:48.9140576Z                                                                 ^^^^^^^^^^^^^^^^^^^^^^^^^^^^^^^^^^^^^^^^^^^
2026-02-19T23:18:48.9140600Z   File "/tmp/8de6fe2b6096749/antenv/lib/python3.11/site-packages/yfinance/base.py", line 102, in _get_ticker_tz
2026-02-19T23:18:48.9140622Z     tz = self._fetch_ticker_tz(proxy, timeout)
2026-02-19T23:18:48.9140645Z          ^^^^^^^^^^^^^^^^^^^^^^^^^^^^^^^^^^^^^
2026-02-19T23:18:48.9140671Z   File "/tmp/8de6fe2b6096749/antenv/lib/python3.11/site-packages/yfinance/utils.py", line 104, in wrapper
2026-02-19T23:18:48.9140692Z     result = func(*args, **kwargs)
2026-02-19T23:18:48.9140726Z              ^^^^^^^^^^^^^^^^^^^^^
2026-02-19T23:18:48.9140756Z   File "/tmp/8de6fe2b6096749/antenv/lib/python3.11/site-packages/yfinance/base.py", line 125, in _fetch_ticker_tz
2026-02-19T23:18:48.9140780Z     data = self._data.cache_get(url=url, params=params, proxy=proxy, timeout=timeout)
2026-02-19T23:18:48.9140803Z            ^^^^^^^^^^^^^^^^^^^^^^^^^^^^^^^^^^^^^^^^^^^^^^^^^^^^^^^^^^^^^^^^^^^^^^^^^^
2026-02-19T23:18:48.9140832Z   File "/tmp/8de6fe2b6096749/antenv/lib/python3.11/site-packages/yfinance/data.py", line 32, in wrapped
2026-02-19T23:18:48.9140855Z     return func(*args, **kwargs)
2026-02-19T23:18:48.9140877Z            ^^^^^^^^^^^^^^^^^^^^^
2026-02-19T23:18:48.9140904Z   File "/tmp/8de6fe2b6096749/antenv/lib/python3.11/site-packages/yfinance/data.py", line 416, in cache_get
2026-02-19T23:18:48.9140927Z     return self.get(url, user_agent_headers, params, proxy, timeout)
2026-02-19T23:18:48.9140949Z            ^^^^^^^^^^^^^^^^^^^^^^^^^^^^^^^^^^^^^^^^^^^^^^^^^^^^^^^^^
2026-02-19T23:18:48.9140974Z   File "/tmp/8de6fe2b6096749/antenv/lib/python3.11/site-packages/yfinance/utils.py", line 104, in wrapper
2026-02-19T23:18:48.9141008Z     result = func(*args, **kwargs)
2026-02-19T23:18:48.9141030Z              ^^^^^^^^^^^^^^^^^^^^^
2026-02-19T23:18:48.9141055Z   File "/tmp/8de6fe2b6096749/antenv/lib/python3.11/site-packages/yfinance/data.py", line 347, in get
2026-02-19T23:18:48.9141083Z     return self._make_request(url, request_method = self._session.get, user_agent_headers=user_agent_headers, params=params, proxy=proxy, timeout=timeout)
2026-02-19T23:18:48.9141109Z            ^^^^^^^^^^^^^^^^^^^^^^^^^^^^^^^^^^^^^^^^^^^^^^^^^^^^^^^^^^^^^^^^^^^^^^^^^^^^^^^^^^^^^^^^^^^^^^^^^^^^^^^^^^^^^^^^^^^^^^^^^^^^^^^^^^^^^^^^^^^^^^^
2026-02-19T23:18:48.9141135Z   File "/tmp/8de6fe2b6096749/antenv/lib/python3.11/site-packages/yfinance/utils.py", line 104, in wrapper
2026-02-19T23:18:48.9141160Z     result = func(*args, **kwargs)
2026-02-19T23:18:48.9141180Z              ^^^^^^^^^^^^^^^^^^^^^
2026-02-19T23:18:48.9141206Z   File "/tmp/8de6fe2b6096749/antenv/lib/python3.11/site-packages/yfinance/data.py", line 409, in _make_request
2026-02-19T23:18:48.9141228Z     raise YFRateLimitError()
2026-02-19T23:18:48.9141264Z yfinance.exceptions.YFRateLimitError: Too Many Requests. Rate limited. Try after a while.
2026-02-19T23:18:48.9153684Z 2026-02-19 23:18:48,915 - app.providers.circuit_breaker - WARNING - Circuit 'market_data' OPEN after 25 consecutive failures
2026-02-19T23:18:48.9157167Z 2026-02-19 23:18:48,915 - azure.identity._credentials.environment - INFO - Incomplete environment configuration for EnvironmentCredential. These variables are set: AZURE_CLIENT_ID
2026-02-19T23:18:48.9184301Z 2026-02-19 23:18:48,915 - azure.identity._credentials.managed_identity - INFO - ManagedIdentityCredential will use App Service managed identity
2026-02-19T23:18:48.9184421Z 2026-02-19 23:18:48,916 - azure.core.pipeline.policies.http_logging_policy - INFO - Request URL: 'http://169.254.129.5:8081/msi/token?api-version=REDACTED&resource=REDACTED&client_id=REDACTED'
2026-02-19T23:18:48.9184445Z Request method: 'GET'
2026-02-19T23:18:48.9184695Z Request headers:
2026-02-19T23:18:48.9184713Z     'X-IDENTITY-HEADER': 'REDACTED'
2026-02-19T23:18:48.9184762Z     'User-Agent': 'azsdk-python-identity/1.17.1 Python/3.11.14 (Linux-6.6.119.3-1.azl3-x86_64-with-glibc2.31)'
2026-02-19T23:18:48.9184786Z     'traceparent': '00-ae8dad890784a162dde7856929da6a24-caafc48ea31b6d5e-01'
2026-02-19T23:18:48.9184803Z No body was attached to the request
2026-02-19T23:18:48.9347550Z 2026-02-19 23:18:48,934 - azure.core.pipeline.policies.http_logging_policy - INFO - Response status: 200
2026-02-19T23:18:48.9347742Z Response headers:
2026-02-19T23:18:48.9347772Z     'Content-Type': 'application/json; charset=utf-8'
2026-02-19T23:18:48.9347794Z     'Date': 'Thu, 19 Feb 2026 23:18:48 GMT'
2026-02-19T23:18:48.9347814Z     'Server': 'Kestrel'
2026-02-19T23:18:48.9347833Z     'Transfer-Encoding': 'chunked'
2026-02-19T23:18:48.9347856Z     'X-CORRELATION-ID': 'REDACTED'
2026-02-19T23:18:48.9359512Z 2026-02-19 23:18:48,935 - azure.identity._credentials.chained - INFO - DefaultAzureCredential acquired a token from ManagedIdentityCredential
2026-02-19T23:18:48.9865014Z 2026-02-19 23:18:48,985 - app.main - INFO - Background scan completed: 0 results
2026-02-19T23:18:49.5928356Z 2026-02-19 23:18:49,591 - app.providers.yahoo_provider - ERROR - Failed to fetch quote for AAPL
2026-02-19T23:18:49.5928779Z Traceback (most recent call last):
2026-02-19T23:18:49.5928810Z   File "/tmp/8de6fe2b6096749/app/providers/yahoo_provider.py", line 79, in get_quote
2026-02-19T23:18:49.5928831Z     price=self._safe_float(getattr(info, "last_price", 0)),
2026-02-19T23:18:49.5928853Z                            ^^^^^^^^^^^^^^^^^^^^^^^^^^^^^^
2026-02-19T23:18:49.5928879Z   File "/tmp/8de6fe2b6096749/antenv/lib/python3.11/site-packages/yfinance/scrapers/quote.py", line 249, in last_price
2026-02-19T23:18:49.5928902Z     prices = self._get_1y_prices()
2026-02-19T23:18:49.5928930Z              ^^^^^^^^^^^^^^^^^^^^^
2026-02-19T23:18:49.5929025Z   File "/tmp/8de6fe2b6096749/antenv/lib/python3.11/site-packages/yfinance/scrapers/quote.py", line 131, in _get_1y_prices
2026-02-19T23:18:49.5929053Z     self._prices_1y = self._tkr.history(period="1y", auto_adjust=False, keepna=True, proxy=self.proxy)
2026-02-19T23:18:49.5929077Z                       ^^^^^^^^^^^^^^^^^^^^^^^^^^^^^^^^^^^^^^^^^^^^^^^^^^^^^^^^^^^^^^^^^^^^^^^^^^^^^^^^
2026-02-19T23:18:49.5929103Z   File "/tmp/8de6fe2b6096749/antenv/lib/python3.11/site-packages/yfinance/utils.py", line 104, in wrapper
2026-02-19T23:18:49.5929124Z     result = func(*args, **kwargs)
2026-02-19T23:18:49.5929146Z              ^^^^^^^^^^^^^^^^^^^^^
2026-02-19T23:18:49.5929171Z   File "/tmp/8de6fe2b6096749/antenv/lib/python3.11/site-packages/yfinance/base.py", line 80, in history
2026-02-19T23:18:49.5929195Z     return self._lazy_load_price_history().history(*args, **kwargs)
2026-02-19T23:18:49.5929217Z            ^^^^^^^^^^^^^^^^^^^^^^^^^^^^^^^
2026-02-19T23:18:49.5929243Z   File "/tmp/8de6fe2b6096749/antenv/lib/python3.11/site-packages/yfinance/base.py", line 86, in _lazy_load_price_history
2026-02-19T23:18:49.5929279Z     self._price_history = PriceHistory(self._data, self.ticker, self._get_ticker_tz(self.proxy, timeout=10))
2026-02-19T23:18:49.5929306Z                                                                 ^^^^^^^^^^^^^^^^^^^^^^^^^^^^^^^^^^^^^^^^^^^
2026-02-19T23:18:49.5929332Z   File "/tmp/8de6fe2b6096749/antenv/lib/python3.11/site-packages/yfinance/base.py", line 102, in _get_ticker_tz
2026-02-19T23:18:49.5929355Z     tz = self._fetch_ticker_tz(proxy, timeout)
2026-02-19T23:18:49.5929376Z          ^^^^^^^^^^^^^^^^^^^^^^^^^^^^^^^^^^^^^
2026-02-19T23:18:49.5929402Z   File "/tmp/8de6fe2b6096749/antenv/lib/python3.11/site-packages/yfinance/utils.py", line 104, in wrapper
2026-02-19T23:18:49.5929423Z     result = func(*args, **kwargs)
2026-02-19T23:18:49.5929445Z              ^^^^^^^^^^^^^^^^^^^^^
2026-02-19T23:18:49.5929470Z   File "/tmp/8de6fe2b6096749/antenv/lib/python3.11/site-packages/yfinance/base.py", line 125, in _fetch_ticker_tz
2026-02-19T23:18:49.5929495Z     data = self._data.cache_get(url=url, params=params, proxy=proxy, timeout=timeout)
2026-02-19T23:18:49.5929519Z            ^^^^^^^^^^^^^^^^^^^^^^^^^^^^^^^^^^^^^^^^^^^^^^^^^^^^^^^^^^^^^^^^^^^^^^^^^^
2026-02-19T23:18:49.5929559Z   File "/tmp/8de6fe2b6096749/antenv/lib/python3.11/site-packages/yfinance/data.py", line 32, in wrapped
2026-02-19T23:18:49.5929581Z     return func(*args, **kwargs)
2026-02-19T23:18:49.5929603Z            ^^^^^^^^^^^^^^^^^^^^^
2026-02-19T23:18:49.5929629Z   File "/tmp/8de6fe2b6096749/antenv/lib/python3.11/site-packages/yfinance/data.py", line 416, in cache_get
2026-02-19T23:18:49.5929653Z     return self.get(url, user_agent_headers, params, proxy, timeout)
2026-02-19T23:18:49.5929675Z            ^^^^^^^^^^^^^^^^^^^^^^^^^^^^^^^^^^^^^^^^^^^^^^^^^^^^^^^^^
2026-02-19T23:18:49.5929700Z   File "/tmp/8de6fe2b6096749/antenv/lib/python3.11/site-packages/yfinance/utils.py", line 104, in wrapper
2026-02-19T23:18:49.5929722Z     result = func(*args, **kwargs)
2026-02-19T23:18:49.5929743Z              ^^^^^^^^^^^^^^^^^^^^^
2026-02-19T23:18:49.5929767Z   File "/tmp/8de6fe2b6096749/antenv/lib/python3.11/site-packages/yfinance/data.py", line 347, in get
2026-02-19T23:18:49.5929803Z     return self._make_request(url, request_method = self._session.get, user_agent_headers=user_agent_headers, params=params, proxy=proxy, timeout=timeout)
2026-02-19T23:18:49.5929829Z            ^^^^^^^^^^^^^^^^^^^^^^^^^^^^^^^^^^^^^^^^^^^^^^^^^^^^^^^^^^^^^^^^^^^^^^^^^^^^^^^^^^^^^^^^^^^^^^^^^^^^^^^^^^^^^^^^^^^^^^^^^^^^^^^^^^^^^^^^^^^^^^^
2026-02-19T23:18:49.5929855Z   File "/tmp/8de6fe2b6096749/antenv/lib/python3.11/site-packages/yfinance/utils.py", line 104, in wrapper
2026-02-19T23:18:49.5929876Z     result = func(*args, **kwargs)
2026-02-19T23:18:49.5929898Z              ^^^^^^^^^^^^^^^^^^^^^
2026-02-19T23:18:49.5929924Z   File "/tmp/8de6fe2b6096749/antenv/lib/python3.11/site-packages/yfinance/data.py", line 409, in _make_request
2026-02-19T23:18:49.5929946Z     raise YFRateLimitError()
2026-02-19T23:18:49.5929970Z yfinance.exceptions.YFRateLimitError: Too Many Requests. Rate limited. Try after a while.
2026-02-19T23:18:49.5961915Z 2026-02-19 23:18:49,593 - app.services.scan_service - ERROR - Provider failed for AAPL
2026-02-19T23:18:49.5962083Z Traceback (most recent call last):
2026-02-19T23:18:49.5962138Z   File "/tmp/8de6fe2b6096749/app/services/scan_service.py", line 286, in run_scan
2026-02-19T23:18:49.5962162Z     quote = self._provider.get_quote(sym)
2026-02-19T23:18:49.5962184Z             ^^^^^^^^^^^^^^^^^^^^^^^^^^^^^
2026-02-19T23:18:49.5962209Z   File "/tmp/8de6fe2b6096749/app/providers/yahoo_provider.py", line 79, in get_quote
2026-02-19T23:18:49.5962235Z     price=self._safe_float(getattr(info, "last_price", 0)),
2026-02-19T23:18:49.5962258Z                            ^^^^^^^^^^^^^^^^^^^^^^^^^^^^^^
2026-02-19T23:18:49.5962284Z   File "/tmp/8de6fe2b6096749/antenv/lib/python3.11/site-packages/yfinance/scrapers/quote.py", line 249, in last_price
2026-02-19T23:18:49.5962306Z     prices = self._get_1y_prices()
2026-02-19T23:18:49.5962555Z              ^^^^^^^^^^^^^^^^^^^^^
2026-02-19T23:18:49.5962585Z   File "/tmp/8de6fe2b6096749/antenv/lib/python3.11/site-packages/yfinance/scrapers/quote.py", line 131, in _get_1y_prices
2026-02-19T23:18:49.5962624Z     self._prices_1y = self._tkr.history(period="1y", auto_adjust=False, keepna=True, proxy=self.proxy)
2026-02-19T23:18:49.5962651Z                       ^^^^^^^^^^^^^^^^^^^^^^^^^^^^^^^^^^^^^^^^^^^^^^^^^^^^^^^^^^^^^^^^^^^^^^^^^^^^^^^^
2026-02-19T23:18:49.5962676Z   File "/tmp/8de6fe2b6096749/antenv/lib/python3.11/site-packages/yfinance/utils.py", line 104, in wrapper
2026-02-19T23:18:49.5962697Z     result = func(*args, **kwargs)
2026-02-19T23:18:49.5962717Z              ^^^^^^^^^^^^^^^^^^^^^
2026-02-19T23:18:49.5962742Z   File "/tmp/8de6fe2b6096749/antenv/lib/python3.11/site-packages/yfinance/base.py", line 80, in history
2026-02-19T23:18:49.5962766Z     return self._lazy_load_price_history().history(*args, **kwargs)
2026-02-19T23:18:49.5962788Z            ^^^^^^^^^^^^^^^^^^^^^^^^^^^^^^^
2026-02-19T23:18:49.5962813Z   File "/tmp/8de6fe2b6096749/antenv/lib/python3.11/site-packages/yfinance/base.py", line 86, in _lazy_load_price_history
2026-02-19T23:18:49.5962838Z     self._price_history = PriceHistory(self._data, self.ticker, self._get_ticker_tz(self.proxy, timeout=10))
2026-02-19T23:18:49.5962863Z                                                                 ^^^^^^^^^^^^^^^^^^^^^^^^^^^^^^^^^^^^^^^^^^^
2026-02-19T23:18:49.5962898Z   File "/tmp/8de6fe2b6096749/antenv/lib/python3.11/site-packages/yfinance/base.py", line 102, in _get_ticker_tz
2026-02-19T23:18:49.5962920Z     tz = self._fetch_ticker_tz(proxy, timeout)
2026-02-19T23:18:49.5962942Z          ^^^^^^^^^^^^^^^^^^^^^^^^^^^^^^^^^^^^^
2026-02-19T23:18:49.5962967Z   File "/tmp/8de6fe2b6096749/antenv/lib/python3.11/site-packages/yfinance/utils.py", line 104, in wrapper
2026-02-19T23:18:49.5962989Z     result = func(*args, **kwargs)
2026-02-19T23:18:49.5963010Z              ^^^^^^^^^^^^^^^^^^^^^
2026-02-19T23:18:49.5963037Z   File "/tmp/8de6fe2b6096749/antenv/lib/python3.11/site-packages/yfinance/base.py", line 125, in _fetch_ticker_tz
2026-02-19T23:18:49.5963062Z     data = self._data.cache_get(url=url, params=params, proxy=proxy, timeout=timeout)
2026-02-19T23:18:49.5963086Z            ^^^^^^^^^^^^^^^^^^^^^^^^^^^^^^^^^^^^^^^^^^^^^^^^^^^^^^^^^^^^^^^^^^^^^^^^^^
2026-02-19T23:18:49.5963110Z   File "/tmp/8de6fe2b6096749/antenv/lib/python3.11/site-packages/yfinance/data.py", line 32, in wrapped
2026-02-19T23:18:49.5963145Z     return func(*args, **kwargs)
2026-02-19T23:18:49.5963167Z            ^^^^^^^^^^^^^^^^^^^^^
2026-02-19T23:18:49.5963191Z   File "/tmp/8de6fe2b6096749/antenv/lib/python3.11/site-packages/yfinance/data.py", line 416, in cache_get
2026-02-19T23:18:49.5963215Z     return self.get(url, user_agent_headers, params, proxy, timeout)
2026-02-19T23:18:49.5963237Z            ^^^^^^^^^^^^^^^^^^^^^^^^^^^^^^^^^^^^^^^^^^^^^^^^^^^^^^^^^
2026-02-19T23:18:49.5963263Z   File "/tmp/8de6fe2b6096749/antenv/lib/python3.11/site-packages/yfinance/utils.py", line 104, in wrapper
2026-02-19T23:18:49.5963283Z     result = func(*args, **kwargs)
2026-02-19T23:18:49.5963304Z              ^^^^^^^^^^^^^^^^^^^^^
2026-02-19T23:18:49.5963328Z   File "/tmp/8de6fe2b6096749/antenv/lib/python3.11/site-packages/yfinance/data.py", line 347, in get
2026-02-19T23:18:49.5963355Z     return self._make_request(url, request_method = self._session.get, user_agent_headers=user_agent_headers, params=params, proxy=proxy, timeout=timeout)
2026-02-19T23:18:49.5963391Z            ^^^^^^^^^^^^^^^^^^^^^^^^^^^^^^^^^^^^^^^^^^^^^^^^^^^^^^^^^^^^^^^^^^^^^^^^^^^^^^^^^^^^^^^^^^^^^^^^^^^^^^^^^^^^^^^^^^^^^^^^^^^^^^^^^^^^^^^^^^^^^^^
2026-02-19T23:18:49.5963417Z   File "/tmp/8de6fe2b6096749/antenv/lib/python3.11/site-packages/yfinance/utils.py", line 104, in wrapper
2026-02-19T23:18:49.5963439Z     result = func(*args, **kwargs)
2026-02-19T23:18:49.5963460Z              ^^^^^^^^^^^^^^^^^^^^^
2026-02-19T23:18:49.5963486Z   File "/tmp/8de6fe2b6096749/antenv/lib/python3.11/site-packages/yfinance/data.py", line 409, in _make_request
2026-02-19T23:18:49.5963507Z     raise YFRateLimitError()
2026-02-19T23:18:49.5963531Z yfinance.exceptions.YFRateLimitError: Too Many Requests. Rate limited. Try after a while.
2026-02-19T23:18:49.5988661Z 2026-02-19 23:18:49,597 - app.providers.circuit_breaker - WARNING - Circuit 'market_data' OPEN after 25 consecutive failures
2026-02-19T23:18:49.5988780Z 2026-02-19 23:18:49,597 - azure.identity._credentials.environment - INFO - Incomplete environment configuration for EnvironmentCredential. These variables are set: AZURE_CLIENT_ID
2026-02-19T23:18:49.5988808Z 2026-02-19 23:18:49,597 - azure.identity._credentials.managed_identity - INFO - ManagedIdentityCredential will use App Service managed identity
2026-02-19T23:18:49.5993356Z 2026-02-19 23:18:49,599 - azure.core.pipeline.policies.http_logging_policy - INFO - Request URL: 'http://169.254.129.5:8081/msi/token?api-version=REDACTED&resource=REDACTED&client_id=REDACTED'
2026-02-19T23:18:49.5993455Z Request method: 'GET'
2026-02-19T23:18:49.5993479Z Request headers:
2026-02-19T23:18:49.5993501Z     'X-IDENTITY-HEADER': 'REDACTED'
2026-02-19T23:18:49.5993528Z     'User-Agent': 'azsdk-python-identity/1.17.1 Python/3.11.14 (Linux-6.6.119.3-1.azl3-x86_64-with-glibc2.31)'
2026-02-19T23:18:49.5993552Z     'traceparent': '00-52ed6ca6fbce8930c824d5db3bf2cd7a-d55b6056d12cb349-01'
2026-02-19T23:18:49.5993575Z No body was attached to the request
2026-02-19T23:18:49.6212195Z 2026-02-19 23:18:49,620 - azure.core.pipeline.policies.http_logging_policy - INFO - Response status: 200
2026-02-19T23:18:49.6212530Z Response headers:
2026-02-19T23:18:49.6212619Z     'Content-Type': 'application/json; charset=utf-8'
2026-02-19T23:18:49.6212639Z     'Date': 'Thu, 19 Feb 2026 23:18:49 GMT'
2026-02-19T23:18:49.6212658Z     'Server': 'Kestrel'
2026-02-19T23:18:49.6212675Z     'Transfer-Encoding': 'chunked'
2026-02-19T23:18:49.6212692Z     'X-CORRELATION-ID': 'REDACTED'
2026-02-19T23:18:49.6218386Z 2026-02-19 23:18:49,621 - azure.identity._credentials.chained - INFO - DefaultAzureCredential acquired a token from ManagedIdentityCredential
2026-02-19T23:18:49.6683469Z 2026-02-19 23:18:49,668 - app.main - INFO - Background scan completed: 0 results
2026-02-19T23:18:50.2291395Z 2026-02-19 23:18:50,228 - azure.core.pipeline.policies.http_logging_policy - INFO - Request URL: 'https://westus2-2.in.applicationinsights.azure.com//v2.1/track'
2026-02-19T23:18:50.2291764Z Request method: 'POST'
2026-02-19T23:18:50.2291791Z Request headers:
2026-02-19T23:18:50.2291877Z     'Content-Type': 'application/json'
2026-02-19T23:18:50.2291899Z     'Content-Length': '11014'
2026-02-19T23:18:50.2291919Z     'Accept': 'application/json'
2026-02-19T23:18:50.2291940Z     'x-ms-client-request-id': '595212c6-0de9-11f1-8ea3-7619be1f5af9'
2026-02-19T23:18:50.2291961Z     'User-Agent': 'azsdk-python-azuremonitorclient/unknown Python/3.11.14 (Linux-6.6.119.3-1.azl3-x86_64-with-glibc2.31)'
2026-02-19T23:18:50.2291980Z A body is sent with the request
2026-02-19T23:18:50.3330699Z 2026-02-19 23:18:50,332 - azure.core.pipeline.policies.http_logging_policy - INFO - Response status: 200
2026-02-19T23:18:50.3331099Z Response headers:
2026-02-19T23:18:50.3331134Z     'Transfer-Encoding': 'chunked'
2026-02-19T23:18:50.3331155Z     'Content-Type': 'application/json; charset=utf-8'
2026-02-19T23:18:50.3331232Z     'Server': 'Microsoft-HTTPAPI/2.0'
2026-02-19T23:18:50.3331254Z     'Strict-Transport-Security': 'REDACTED'
2026-02-19T23:18:50.3331273Z     'X-Content-Type-Options': 'REDACTED'
2026-02-19T23:18:50.3331292Z     'Date': 'Thu, 19 Feb 2026 23:18:49 GMT'
2026-02-19T23:18:50.3337908Z 2026-02-19 23:18:50,333 - azure.monitor.opentelemetry.exporter.export._base - INFO - Transmission succeeded: Item received: 9. Items accepted: 9
2026-02-19T23:18:51.9698025Z 2026-02-19 23:18:51,961 - azure.core.pipeline.policies.http_logging_policy - INFO - Request URL: 'https://westus2-2.in.applicationinsights.azure.com//v2.1/track'
2026-02-19T23:18:51.9698501Z Request method: 'POST'
2026-02-19T23:18:51.9698532Z Request headers:
2026-02-19T23:18:51.9698552Z     'Content-Type': 'application/json'
2026-02-19T23:18:51.9698574Z     'Content-Length': '31281'
2026-02-19T23:18:51.9698590Z     'Accept': 'application/json'
2026-02-19T23:18:51.9698609Z     'x-ms-client-request-id': '5a5a818a-0de9-11f1-b7ca-7619be1f5af9'
2026-02-19T23:18:51.9698632Z     'User-Agent': 'azsdk-python-azuremonitorclient/unknown Python/3.11.14 (Linux-6.6.119.3-1.azl3-x86_64-with-glibc2.31)'
2026-02-19T23:18:51.9698651Z A body is sent with the request
2026-02-19T23:18:52.0627112Z 2026-02-19 23:18:52,062 - azure.core.pipeline.policies.http_logging_policy - INFO - Response status: 200
2026-02-19T23:18:52.0627494Z Response headers:
2026-02-19T23:18:52.0627527Z     'Transfer-Encoding': 'chunked'
2026-02-19T23:18:52.0627545Z     'Content-Type': 'application/json; charset=utf-8'
2026-02-19T23:18:52.0627568Z     'Server': 'Microsoft-HTTPAPI/2.0'
2026-02-19T23:18:52.0627586Z     'Strict-Transport-Security': 'REDACTED'
2026-02-19T23:18:52.0627606Z     'X-Content-Type-Options': 'REDACTED'
2026-02-19T23:18:52.0627632Z     'Date': 'Thu, 19 Feb 2026 23:18:51 GMT'
2026-02-19T23:18:52.0632665Z 2026-02-19 23:18:52,062 - azure.monitor.opentelemetry.exporter.export._base - INFO - Transmission succeeded: Item received: 21. Items accepted: 21
2026-02-19T23:18:53.3641549Z 2026-02-19 23:18:53,363 - azure.core.pipeline.policies.http_logging_policy - INFO - Request URL: 'https://westus2-2.in.applicationinsights.azure.com//v2.1/track'
2026-02-19T23:18:53.3642168Z Request method: 'POST'
2026-02-19T23:18:53.3642194Z Request headers:
2026-02-19T23:18:53.3642214Z     'Content-Type': 'application/json'
2026-02-19T23:18:53.3642234Z     'Content-Length': '8705'
2026-02-19T23:18:53.3642254Z     'Accept': 'application/json'
2026-02-19T23:18:53.3642275Z     'x-ms-client-request-id': '5b306d04-0de9-11f1-846e-7619be1f5af9'
2026-02-19T23:18:53.3642297Z     'User-Agent': 'azsdk-python-azuremonitorclient/unknown Python/3.11.14 (Linux-6.6.119.3-1.azl3-x86_64-with-glibc2.31)'
2026-02-19T23:18:53.3642315Z A body is sent with the request
2026-02-19T23:18:53.4167699Z 2026-02-19 23:18:53,416 - azure.core.pipeline.policies.http_logging_policy - INFO - Request URL: 'https://westus2-2.in.applicationinsights.azure.com//v2.1/track'
2026-02-19T23:18:53.4168140Z Request method: 'POST'
2026-02-19T23:18:53.4168164Z Request headers:
2026-02-19T23:18:53.4168185Z     'Content-Type': 'application/json'
2026-02-19T23:18:53.4168205Z     'Content-Length': '26001'
2026-02-19T23:18:53.4168226Z     'Accept': 'application/json'
2026-02-19T23:18:53.4168248Z     'x-ms-client-request-id': '5b3876b6-0de9-11f1-a607-7619be1f5af9'
2026-02-19T23:18:53.4168274Z     'User-Agent': 'azsdk-python-azuremonitorclient/unknown Python/3.11.14 (Linux-6.6.119.3-1.azl3-x86_64-with-glibc2.31)'
2026-02-19T23:18:53.4168293Z A body is sent with the request
2026-02-19T23:18:53.4676873Z 2026-02-19 23:18:53,467 - azure.core.pipeline.policies.http_logging_policy - INFO - Response status: 200
2026-02-19T23:18:53.4677226Z Response headers:
2026-02-19T23:18:53.4677253Z     'Transfer-Encoding': 'chunked'
2026-02-19T23:18:53.4677339Z     'Content-Type': 'application/json; charset=utf-8'
2026-02-19T23:18:53.4677363Z     'Server': 'Microsoft-HTTPAPI/2.0'
2026-02-19T23:18:53.4677382Z     'Strict-Transport-Security': 'REDACTED'
2026-02-19T23:18:53.4677399Z     'X-Content-Type-Options': 'REDACTED'
2026-02-19T23:18:53.4677416Z     'Date': 'Thu, 19 Feb 2026 23:18:53 GMT'
2026-02-19T23:18:53.4683801Z 2026-02-19 23:18:53,467 - azure.monitor.opentelemetry.exporter.export._base - INFO - Transmission succeeded: Item received: 16. Items accepted: 16
2026-02-19T23:18:53.4759265Z 2026-02-19 23:18:53,475 - azure.core.pipeline.policies.http_logging_policy - INFO - Response status: 200
2026-02-19T23:18:53.4759488Z Response headers:
2026-02-19T23:18:53.4759514Z     'Transfer-Encoding': 'chunked'
2026-02-19T23:18:53.4759535Z     'Content-Type': 'application/json; charset=utf-8'
2026-02-19T23:18:53.4759589Z     'Server': 'Microsoft-HTTPAPI/2.0'
2026-02-19T23:18:53.4759610Z     'Strict-Transport-Security': 'REDACTED'
2026-02-19T23:18:53.4759628Z     'X-Content-Type-Options': 'REDACTED'
2026-02-19T23:18:53.4759645Z     'Date': 'Thu, 19 Feb 2026 23:18:52 GMT'
2026-02-19T23:18:53.4764224Z 2026-02-19 23:18:53,476 - azure.monitor.opentelemetry.exporter.export._base - INFO - Transmission succeeded: Item received: 7. Items accepted: 7
2026-02-19T23:18:57.0651542Z 2026-02-19 23:18:57,064 - azure.core.pipeline.policies.http_logging_policy - INFO - Request URL: 'https://westus2-2.in.applicationinsights.azure.com//v2.1/track'
2026-02-19T23:18:57.0651886Z Request method: 'POST'
2026-02-19T23:18:57.0651911Z Request headers:
2026-02-19T23:18:57.0651929Z     'Content-Type': 'application/json'
2026-02-19T23:18:57.0651948Z     'Content-Length': '3723'
2026-02-19T23:18:57.0652023Z     'Accept': 'application/json'
2026-02-19T23:18:57.0652043Z     'x-ms-client-request-id': '5d65284e-0de9-11f1-b7ca-7619be1f5af9'
2026-02-19T23:18:57.0652066Z     'User-Agent': 'azsdk-python-azuremonitorclient/unknown Python/3.11.14 (Linux-6.6.119.3-1.azl3-x86_64-with-glibc2.31)'
2026-02-19T23:18:57.0652085Z A body is sent with the request
2026-02-19T23:18:57.1914814Z 2026-02-19 23:18:57,191 - azure.core.pipeline.policies.http_logging_policy - INFO - Response status: 200
2026-02-19T23:18:57.1915191Z Response headers:
2026-02-19T23:18:57.1916737Z     'Transfer-Encoding': 'chunked'
2026-02-19T23:18:57.1916786Z     'Content-Type': 'application/json; charset=utf-8'
2026-02-19T23:18:57.1916806Z     'Server': 'Microsoft-HTTPAPI/2.0'
2026-02-19T23:18:57.1916824Z     'Strict-Transport-Security': 'REDACTED'
2026-02-19T23:18:57.1916842Z     'X-Content-Type-Options': 'REDACTED'
2026-02-19T23:18:57.1916921Z     'Date': 'Thu, 19 Feb 2026 23:18:56 GMT'
2026-02-19T23:18:57.1922657Z 2026-02-19 23:18:57,192 - azure.monitor.opentelemetry.exporter.export._base - INFO - Transmission succeeded: Item received: 3. Items accepted: 3
2026-02-19T23:18:58.4706415Z 2026-02-19 23:18:58,470 - azure.core.pipeline.policies.http_logging_policy - INFO - Request URL: 'https://westus2-2.in.applicationinsights.azure.com//v2.1/track'
2026-02-19T23:18:58.4706776Z Request method: 'POST'
2026-02-19T23:18:58.4706803Z Request headers:
2026-02-19T23:18:58.4706827Z     'Content-Type': 'application/json'
2026-02-19T23:18:58.4706845Z     'Content-Length': '6027'
2026-02-19T23:18:58.4706864Z     'Accept': 'application/json'
2026-02-19T23:18:58.4706886Z     'x-ms-client-request-id': '5e3b9fa0-0de9-11f1-a607-7619be1f5af9'
2026-02-19T23:18:58.4706969Z     'User-Agent': 'azsdk-python-azuremonitorclient/unknown Python/3.11.14 (Linux-6.6.119.3-1.azl3-x86_64-with-glibc2.31)'
2026-02-19T23:18:58.4706993Z A body is sent with the request
2026-02-19T23:18:58.5510661Z 2026-02-19 23:18:58,550 - azure.core.pipeline.policies.http_logging_policy - INFO - Response status: 200
2026-02-19T23:18:58.5511113Z Response headers:
2026-02-19T23:18:58.5511142Z     'Transfer-Encoding': 'chunked'
2026-02-19T23:18:58.5511165Z     'Content-Type': 'application/json; charset=utf-8'
2026-02-19T23:18:58.5511185Z     'Server': 'Microsoft-HTTPAPI/2.0'
2026-02-19T23:18:58.5511203Z     'Strict-Transport-Security': 'REDACTED'
2026-02-19T23:18:58.5511221Z     'X-Content-Type-Options': 'REDACTED'
2026-02-19T23:18:58.5511238Z     'Date': 'Thu, 19 Feb 2026 23:18:58 GMT'
2026-02-19T23:18:58.5516028Z 2026-02-19 23:18:58,551 - azure.monitor.opentelemetry.exporter.export._base - INFO - Transmission succeeded: Item received: 5. Items accepted: 5
2026-02-19T23:19:02.1943729Z 2026-02-19 23:19:02,194 - azure.core.pipeline.policies.http_logging_policy - INFO - Request URL: 'https://westus2-2.in.applicationinsights.azure.com//v2.1/track'
2026-02-19T23:19:02.1944198Z Request method: 'POST'
2026-02-19T23:19:02.1944227Z Request headers:
2026-02-19T23:19:02.1944251Z     'Content-Type': 'application/json'
2026-02-19T23:19:02.1944276Z     'Content-Length': '3720'
2026-02-19T23:19:02.1944294Z     'Accept': 'application/json'
2026-02-19T23:19:02.1944312Z     'x-ms-client-request-id': '6073d24c-0de9-11f1-b7ca-7619be1f5af9'
2026-02-19T23:19:02.1944333Z     'User-Agent': 'azsdk-python-azuremonitorclient/unknown Python/3.11.14 (Linux-6.6.119.3-1.azl3-x86_64-with-glibc2.31)'
2026-02-19T23:19:02.1944349Z A body is sent with the request
2026-02-19T23:19:02.3143053Z 2026-02-19 23:19:02,314 - azure.core.pipeline.policies.http_logging_policy - INFO - Response status: 200
2026-02-19T23:19:02.3143451Z Response headers:
2026-02-19T23:19:02.3143475Z     'Transfer-Encoding': 'chunked'
2026-02-19T23:19:02.3143494Z     'Content-Type': 'application/json; charset=utf-8'
2026-02-19T23:19:02.3143515Z     'Server': 'Microsoft-HTTPAPI/2.0'
2026-02-19T23:19:02.3143535Z     'Strict-Transport-Security': 'REDACTED'
2026-02-19T23:19:02.3143555Z     'X-Content-Type-Options': 'REDACTED'
2026-02-19T23:19:02.3143575Z     'Date': 'Thu, 19 Feb 2026 23:19:02 GMT'
2026-02-19T23:19:02.3148707Z 2026-02-19 23:19:02,314 - azure.monitor.opentelemetry.exporter.export._base - INFO - Transmission succeeded: Item received: 3. Items accepted: 3
2026-02-19T23:19:03.5530686Z 2026-02-19 23:19:03,552 - azure.core.pipeline.policies.http_logging_policy - INFO - Request URL: 'https://westus2-2.in.applicationinsights.azure.com//v2.1/track'
2026-02-19T23:19:03.5531178Z Request method: 'POST'
2026-02-19T23:19:03.5531206Z Request headers:
2026-02-19T23:19:03.5531227Z     'Content-Type': 'application/json'
2026-02-19T23:19:03.5531247Z     'Content-Length': '3720'
2026-02-19T23:19:03.5531266Z     'Accept': 'application/json'
2026-02-19T23:19:03.5531284Z     'x-ms-client-request-id': '61432448-0de9-11f1-a607-7619be1f5af9'
2026-02-19T23:19:03.5531307Z     'User-Agent': 'azsdk-python-azuremonitorclient/unknown Python/3.11.14 (Linux-6.6.119.3-1.azl3-x86_64-with-glibc2.31)'
2026-02-19T23:19:03.5531326Z A body is sent with the request
2026-02-19T23:19:03.6130778Z 2026-02-19 23:19:03,612 - azure.core.pipeline.policies.http_logging_policy - INFO - Response status: 200
2026-02-19T23:19:03.6131173Z Response headers:
2026-02-19T23:19:03.6131202Z     'Transfer-Encoding': 'chunked'
2026-02-19T23:19:03.6131289Z     'Content-Type': 'application/json; charset=utf-8'
2026-02-19T23:19:03.6131307Z     'Server': 'Microsoft-HTTPAPI/2.0'
2026-02-19T23:19:03.6131326Z     'Strict-Transport-Security': 'REDACTED'
2026-02-19T23:19:03.6131345Z     'X-Content-Type-Options': 'REDACTED'
2026-02-19T23:19:03.6131364Z     'Date': 'Thu, 19 Feb 2026 23:19:03 GMT'
2026-02-19T23:19:03.6136386Z 2026-02-19 23:19:03,613 - azure.monitor.opentelemetry.exporter.export._base - INFO - Transmission succeeded: Item received: 3. Items accepted: 3
2026-02-19T23:19:07.3163993Z 2026-02-19 23:19:07,316 - azure.core.pipeline.policies.http_logging_policy - INFO - Request URL: 'https://westus2-2.in.applicationinsights.azure.com//v2.1/track'
2026-02-19T23:19:07.3164555Z Request method: 'POST'
2026-02-19T23:19:07.3164582Z Request headers:
2026-02-19T23:19:07.3164600Z     'Content-Type': 'application/json'
2026-02-19T23:19:07.3164618Z     'Content-Length': '3720'
2026-02-19T23:19:07.3164635Z     'Accept': 'application/json'
2026-02-19T23:19:07.3164652Z     'x-ms-client-request-id': '63816012-0de9-11f1-b7ca-7619be1f5af9'
2026-02-19T23:19:07.3164676Z     'User-Agent': 'azsdk-python-azuremonitorclient/unknown Python/3.11.14 (Linux-6.6.119.3-1.azl3-x86_64-with-glibc2.31)'
2026-02-19T23:19:07.3164839Z A body is sent with the request
2026-02-19T23:19:07.4379101Z 2026-02-19 23:19:07,437 - azure.core.pipeline.policies.http_logging_policy - INFO - Response status: 200
2026-02-19T23:19:07.4379512Z Response headers:
2026-02-19T23:19:07.4379597Z     'Transfer-Encoding': 'chunked'
2026-02-19T23:19:07.4379617Z     'Content-Type': 'application/json; charset=utf-8'
2026-02-19T23:19:07.4379636Z     'Server': 'Microsoft-HTTPAPI/2.0'
2026-02-19T23:19:07.4379654Z     'Strict-Transport-Security': 'REDACTED'
2026-02-19T23:19:07.4379671Z     'X-Content-Type-Options': 'REDACTED'
2026-02-19T23:19:07.4379689Z     'Date': 'Thu, 19 Feb 2026 23:19:07 GMT'
2026-02-19T23:19:07.4384587Z 2026-02-19 23:19:07,438 - azure.monitor.opentelemetry.exporter.export._base - INFO - Transmission succeeded: Item received: 3. Items accepted: 3
2026-02-19T23:19:08.6151465Z 2026-02-19 23:19:08,614 - azure.core.pipeline.policies.http_logging_policy - INFO - Request URL: 'https://westus2-2.in.applicationinsights.azure.com//v2.1/track'
2026-02-19T23:19:08.6152025Z Request method: 'POST'
2026-02-19T23:19:08.6152054Z Request headers:
2026-02-19T23:19:08.6152130Z     'Content-Type': 'application/json'
2026-02-19T23:19:08.6152150Z     'Content-Length': '3719'
2026-02-19T23:19:08.6152170Z     'Accept': 'application/json'
2026-02-19T23:19:08.6152188Z     'x-ms-client-request-id': '64478efe-0de9-11f1-a607-7619be1f5af9'
2026-02-19T23:19:08.6152208Z     'User-Agent': 'azsdk-python-azuremonitorclient/unknown Python/3.11.14 (Linux-6.6.119.3-1.azl3-x86_64-with-glibc2.31)'
2026-02-19T23:19:08.6152225Z A body is sent with the request
2026-02-19T23:19:08.6534939Z 2026-02-19 23:19:08,653 - azure.core.pipeline.policies.http_logging_policy - INFO - Request URL: 'https://westus2-2.in.applicationinsights.azure.com//v2.1/track'
2026-02-19T23:19:08.6535427Z Request method: 'POST'
2026-02-19T23:19:08.6535455Z Request headers:
2026-02-19T23:19:08.6535472Z     'Content-Type': 'application/json'
2026-02-19T23:19:08.6535535Z     'Content-Length': '4369'
2026-02-19T23:19:08.6535557Z     'Accept': 'application/json'
2026-02-19T23:19:08.6535576Z     'x-ms-client-request-id': '644d654a-0de9-11f1-86c4-7619be1f5af9'
2026-02-19T23:19:08.6535596Z     'User-Agent': 'azsdk-python-azuremonitorclient/unknown Python/3.11.14 (Linux-6.6.119.3-1.azl3-x86_64-with-glibc2.31)'
2026-02-19T23:19:08.6535614Z A body is sent with the request
2026-02-19T23:19:08.6659068Z 2026-02-19 23:19:08,665 - azure.core.pipeline.policies.http_logging_policy - INFO - Response status: 200
2026-02-19T23:19:08.6659366Z Response headers:
2026-02-19T23:19:08.6659401Z     'Transfer-Encoding': 'chunked'
2026-02-19T23:19:08.6659422Z     'Content-Type': 'application/json; charset=utf-8'
2026-02-19T23:19:08.6659442Z     'Server': 'Microsoft-HTTPAPI/2.0'
2026-02-19T23:19:08.6659464Z     'Strict-Transport-Security': 'REDACTED'
2026-02-19T23:19:08.6659530Z     'X-Content-Type-Options': 'REDACTED'
2026-02-19T23:19:08.6659552Z     'Date': 'Thu, 19 Feb 2026 23:19:08 GMT'
2026-02-19T23:19:08.6667847Z 2026-02-19 23:19:08,666 - azure.monitor.opentelemetry.exporter.export._base - INFO - Transmission succeeded: Item received: 3. Items accepted: 3
2026-02-19T23:19:08.6868608Z 2026-02-19 23:19:08,686 - azure.core.pipeline.policies.http_logging_policy - INFO - Response status: 200
2026-02-19T23:19:08.6869140Z Response headers:
2026-02-19T23:19:08.6869179Z     'Transfer-Encoding': 'chunked'
2026-02-19T23:19:08.6869205Z     'Content-Type': 'application/json; charset=utf-8'
2026-02-19T23:19:08.6869226Z     'Server': 'Microsoft-HTTPAPI/2.0'
2026-02-19T23:19:08.6869247Z     'Strict-Transport-Security': 'REDACTED'
2026-02-19T23:19:08.6869267Z     'X-Content-Type-Options': 'REDACTED'
2026-02-19T23:19:08.6869328Z     'Date': 'Thu, 19 Feb 2026 23:19:08 GMT'
2026-02-19T23:19:08.6873581Z 2026-02-19 23:19:08,687 - azure.monitor.opentelemetry.exporter.export._base - INFO - Transmission succeeded: Item received: 4. Items accepted: 4
2026-02-19T23:19:09.1216741Z 2026-02-19 23:19:09,121 - azure.core.pipeline.policies.http_logging_policy - INFO - Request URL: 'https://westus2-2.in.applicationinsights.azure.com//v2.1/track'
2026-02-19T23:19:09.1217136Z Request method: 'POST'
2026-02-19T23:19:09.1217164Z Request headers:
2026-02-19T23:19:09.1217187Z     'Content-Type': 'application/json'
2026-02-19T23:19:09.1217204Z     'Content-Length': '4370'
2026-02-19T23:19:09.1217222Z     'Accept': 'application/json'
2026-02-19T23:19:09.1217243Z     'x-ms-client-request-id': '6494d718-0de9-11f1-8187-7619be1f5af9'
2026-02-19T23:19:09.1217330Z     'User-Agent': 'azsdk-python-azuremonitorclient/unknown Python/3.11.14 (Linux-6.6.119.3-1.azl3-x86_64-with-glibc2.31)'
2026-02-19T23:19:09.1217349Z A body is sent with the request
2026-02-19T23:19:09.1412603Z 2026-02-19 23:19:09,140 - azure.core.pipeline.policies.http_logging_policy - INFO - Response status: 200
2026-02-19T23:19:09.1413383Z Response headers:
2026-02-19T23:19:09.1413422Z     'Transfer-Encoding': 'chunked'
2026-02-19T23:19:09.1413448Z     'Content-Type': 'application/json; charset=utf-8'
2026-02-19T23:19:09.1413467Z     'Server': 'Microsoft-HTTPAPI/2.0'
2026-02-19T23:19:09.1413487Z     'Strict-Transport-Security': 'REDACTED'
2026-02-19T23:19:09.1413507Z     'X-Content-Type-Options': 'REDACTED'
2026-02-19T23:19:09.1413526Z     'Date': 'Thu, 19 Feb 2026 23:19:08 GMT'
2026-02-19T23:19:09.1416505Z 2026-02-19 23:19:09,141 - azure.monitor.opentelemetry.exporter.export._base - INFO - Transmission succeeded: Item received: 4. Items accepted: 4
2026-02-19T23:19:12.4415496Z 2026-02-19 23:19:12,441 - azure.core.pipeline.policies.http_logging_policy - INFO - Request URL: 'https://westus2-2.in.applicationinsights.azure.com//v2.1/track'
2026-02-19T23:19:12.4415915Z Request method: 'POST'
2026-02-19T23:19:12.4415941Z Request headers:
2026-02-19T23:19:12.4415966Z     'Content-Type': 'application/json'
2026-02-19T23:19:12.4415984Z     'Content-Length': '7440'
2026-02-19T23:19:12.4416001Z     'Accept': 'application/json'
2026-02-19T23:19:12.4416021Z     'x-ms-client-request-id': '668f5d54-0de9-11f1-b7ca-7619be1f5af9'
2026-02-19T23:19:12.4416041Z     'User-Agent': 'azsdk-python-azuremonitorclient/unknown Python/3.11.14 (Linux-6.6.119.3-1.azl3-x86_64-with-glibc2.31)'
2026-02-19T23:19:12.4416061Z A body is sent with the request
2026-02-19T23:19:12.5194860Z 2026-02-19 23:19:12,519 - azure.core.pipeline.policies.http_logging_policy - INFO - Response status: 200
2026-02-19T23:19:12.5195241Z Response headers:
2026-02-19T23:19:12.5195268Z     'Transfer-Encoding': 'chunked'
2026-02-19T23:19:12.5195290Z     'Content-Type': 'application/json; charset=utf-8'
2026-02-19T23:19:12.5195317Z     'Server': 'Microsoft-HTTPAPI/2.0'
2026-02-19T23:19:12.5195342Z     'Strict-Transport-Security': 'REDACTED'
2026-02-19T23:19:12.5195361Z     'X-Content-Type-Options': 'REDACTED'
2026-02-19T23:19:12.5195380Z     'Date': 'Thu, 19 Feb 2026 23:19:12 GMT'
2026-02-19T23:19:12.5197294Z 2026-02-19 23:19:12,519 - azure.monitor.opentelemetry.exporter.export._base - INFO - Transmission succeeded: Item received: 6. Items accepted: 6
2026-02-19T23:19:13.6691518Z 2026-02-19 23:19:13,668 - azure.core.pipeline.policies.http_logging_policy - INFO - Request URL: 'https://westus2-2.in.applicationinsights.azure.com//v2.1/track'
2026-02-19T23:19:13.6691981Z Request method: 'POST'
2026-02-19T23:19:13.6692005Z Request headers:
2026-02-19T23:19:13.6692027Z     'Content-Type': 'application/json'
2026-02-19T23:19:13.6692045Z     'Content-Length': '7438'
2026-02-19T23:19:13.6692063Z     'Accept': 'application/json'
2026-02-19T23:19:13.6692086Z     'x-ms-client-request-id': '674abc5c-0de9-11f1-a607-7619be1f5af9'
2026-02-19T23:19:13.6692110Z     'User-Agent': 'azsdk-python-azuremonitorclient/unknown Python/3.11.14 (Linux-6.6.119.3-1.azl3-x86_64-with-glibc2.31)'
2026-02-19T23:19:13.6692129Z A body is sent with the request
2026-02-19T23:19:13.7599906Z 2026-02-19 23:19:13,759 - azure.core.pipeline.policies.http_logging_policy - INFO - Response status: 200
2026-02-19T23:19:13.7600257Z Response headers:
2026-02-19T23:19:13.7600285Z     'Transfer-Encoding': 'chunked'
2026-02-19T23:19:13.7600360Z     'Content-Type': 'application/json; charset=utf-8'
2026-02-19T23:19:13.7600379Z     'Server': 'Microsoft-HTTPAPI/2.0'
2026-02-19T23:19:13.7600397Z     'Strict-Transport-Security': 'REDACTED'
2026-02-19T23:19:13.7600418Z     'X-Content-Type-Options': 'REDACTED'
2026-02-19T23:19:13.7600437Z     'Date': 'Thu, 19 Feb 2026 23:19:13 GMT'
2026-02-19T23:19:13.7604248Z 2026-02-19 23:19:13,760 - azure.monitor.opentelemetry.exporter.export._base - INFO - Transmission succeeded: Item received: 6. Items accepted: 6
2026-02-19T23:19:17.5247788Z 2026-02-19 23:19:17,524 - azure.core.pipeline.policies.http_logging_policy - INFO - Request URL: 'https://westus2-2.in.applicationinsights.azure.com//v2.1/track'
2026-02-19T23:19:17.5248192Z Request method: 'POST'
2026-02-19T23:19:17.5248220Z Request headers:
2026-02-19T23:19:17.5248304Z     'Content-Type': 'application/json'
2026-02-19T23:19:17.5248328Z     'Content-Length': '3719'
2026-02-19T23:19:17.5248351Z     'Accept': 'application/json'
2026-02-19T23:19:17.5248376Z     'x-ms-client-request-id': '6996fcc8-0de9-11f1-b7ca-7619be1f5af9'
2026-02-19T23:19:17.5248403Z     'User-Agent': 'azsdk-python-azuremonitorclient/unknown Python/3.11.14 (Linux-6.6.119.3-1.azl3-x86_64-with-glibc2.31)'
2026-02-19T23:19:17.5248426Z A body is sent with the request
2026-02-19T23:19:17.5724334Z 2026-02-19 23:19:17,572 - azure.core.pipeline.policies.http_logging_policy - INFO - Response status: 200
2026-02-19T23:19:17.5724747Z Response headers:
2026-02-19T23:19:17.5724777Z     'Transfer-Encoding': 'chunked'
2026-02-19T23:19:17.5724800Z     'Content-Type': 'application/json; charset=utf-8'
2026-02-19T23:19:17.5724819Z     'Server': 'Microsoft-HTTPAPI/2.0'
2026-02-19T23:19:17.5724893Z     'Strict-Transport-Security': 'REDACTED'
2026-02-19T23:19:17.5724913Z     'X-Content-Type-Options': 'REDACTED'
2026-02-19T23:19:17.5724931Z     'Date': 'Thu, 19 Feb 2026 23:19:17 GMT'
2026-02-19T23:19:17.5729791Z 2026-02-19 23:19:17,572 - azure.monitor.opentelemetry.exporter.export._base - INFO - Transmission succeeded: Item received: 3. Items accepted: 3
2026-02-19T23:19:18.7620426Z 2026-02-19 23:19:18,761 - azure.core.pipeline.policies.http_logging_policy - INFO - Request URL: 'https://westus2-2.in.applicationinsights.azure.com//v2.1/track'
2026-02-19T23:19:18.7620976Z Request method: 'POST'
2026-02-19T23:19:18.7621009Z Request headers:
2026-02-19T23:19:18.7621036Z     'Content-Type': 'application/json'
2026-02-19T23:19:18.7621053Z     'Content-Length': '3719'
2026-02-19T23:19:18.7621070Z     'Accept': 'application/json'
2026-02-19T23:19:18.7621145Z     'x-ms-client-request-id': '6a53d5b4-0de9-11f1-a607-7619be1f5af9'
2026-02-19T23:19:18.7621168Z     'User-Agent': 'azsdk-python-azuremonitorclient/unknown Python/3.11.14 (Linux-6.6.119.3-1.azl3-x86_64-with-glibc2.31)'
2026-02-19T23:19:18.7621185Z A body is sent with the request
2026-02-19T23:19:18.8425614Z 2026-02-19 23:19:18,842 - azure.core.pipeline.policies.http_logging_policy - INFO - Response status: 200
2026-02-19T23:19:18.8426008Z Response headers:
2026-02-19T23:19:18.8426035Z     'Transfer-Encoding': 'chunked'
2026-02-19T23:19:18.8426054Z     'Content-Type': 'application/json; charset=utf-8'
2026-02-19T23:19:18.8426073Z     'Server': 'Microsoft-HTTPAPI/2.0'
2026-02-19T23:19:18.8426279Z     'Strict-Transport-Security': 'REDACTED'
2026-02-19T23:19:18.8426304Z     'X-Content-Type-Options': 'REDACTED'
2026-02-19T23:19:18.8426322Z     'Date': 'Thu, 19 Feb 2026 23:19:18 GMT'
2026-02-19T23:19:18.8431283Z 2026-02-19 23:19:18,842 - azure.monitor.opentelemetry.exporter.export._base - INFO - Transmission succeeded: Item received: 3. Items accepted: 3
2026-02-19T23:19:22.5757464Z 2026-02-19 23:19:22,575 - azure.core.pipeline.policies.http_logging_policy - INFO - Request URL: 'https://westus2-2.in.applicationinsights.azure.com//v2.1/track'
2026-02-19T23:19:22.5760967Z Request method: 'POST'
2026-02-19T23:19:22.5761021Z Request headers:
2026-02-19T23:19:22.5761041Z     'Content-Type': 'application/json'
2026-02-19T23:19:22.5761060Z     'Content-Length': '3720'
2026-02-19T23:19:22.5761083Z     'Accept': 'application/json'
2026-02-19T23:19:22.5761106Z     'x-ms-client-request-id': '6c999656-0de9-11f1-b7ca-7619be1f5af9'
2026-02-19T23:19:22.5761130Z     'User-Agent': 'azsdk-python-azuremonitorclient/unknown Python/3.11.14 (Linux-6.6.119.3-1.azl3-x86_64-with-glibc2.31)'
2026-02-19T23:19:22.5761213Z A body is sent with the request
2026-02-19T23:19:22.7106034Z 2026-02-19 23:19:22,710 - azure.core.pipeline.policies.http_logging_policy - INFO - Response status: 200
2026-02-19T23:19:22.7106625Z Response headers:
2026-02-19T23:19:22.7106651Z     'Transfer-Encoding': 'chunked'
2026-02-19T23:19:22.7106670Z     'Content-Type': 'application/json; charset=utf-8'
2026-02-19T23:19:22.7106689Z     'Server': 'Microsoft-HTTPAPI/2.0'
2026-02-19T23:19:22.7106715Z     'Strict-Transport-Security': 'REDACTED'
2026-02-19T23:19:22.7106733Z     'X-Content-Type-Options': 'REDACTED'
2026-02-19T23:19:22.7106753Z     'Date': 'Thu, 19 Feb 2026 23:19:22 GMT'
2026-02-19T23:19:22.7111527Z 2026-02-19 23:19:22,711 - azure.monitor.opentelemetry.exporter.export._base - INFO - Transmission succeeded: Item received: 3. Items accepted: 3
2026-02-19T23:19:23.8445427Z 2026-02-19 23:19:23,844 - azure.core.pipeline.policies.http_logging_policy - INFO - Request URL: 'https://westus2-2.in.applicationinsights.azure.com//v2.1/track'
2026-02-19T23:19:23.8445842Z Request method: 'POST'
2026-02-19T23:19:23.8445869Z Request headers:
2026-02-19T23:19:23.8445891Z     'Content-Type': 'application/json'
2026-02-19T23:19:23.8445910Z     'Content-Length': '3720'
2026-02-19T23:19:23.8445936Z     'Accept': 'application/json'
2026-02-19T23:19:23.8445959Z     'x-ms-client-request-id': '6d5b6010-0de9-11f1-a607-7619be1f5af9'
2026-02-19T23:19:23.8445981Z     'User-Agent': 'azsdk-python-azuremonitorclient/unknown Python/3.11.14 (Linux-6.6.119.3-1.azl3-x86_64-with-glibc2.31)'
2026-02-19T23:19:23.8445999Z A body is sent with the request
2026-02-19T23:19:23.9114362Z 2026-02-19 23:19:23,911 - azure.core.pipeline.policies.http_logging_policy - INFO - Response status: 200
2026-02-19T23:19:23.9114793Z Response headers:
2026-02-19T23:19:23.9114821Z     'Transfer-Encoding': 'chunked'
2026-02-19T23:19:23.9114841Z     'Content-Type': 'application/json; charset=utf-8'
2026-02-19T23:19:23.9114860Z     'Server': 'Microsoft-HTTPAPI/2.0'
2026-02-19T23:19:23.9114880Z     'Strict-Transport-Security': 'REDACTED'
2026-02-19T23:19:23.9114899Z     'X-Content-Type-Options': 'REDACTED'
2026-02-19T23:19:23.9114917Z     'Date': 'Thu, 19 Feb 2026 23:19:23 GMT'
2026-02-19T23:19:23.9120068Z 2026-02-19 23:19:23,911 - azure.monitor.opentelemetry.exporter.export._base - INFO - Transmission succeeded: Item received: 3. Items accepted: 3
2026-02-19T23:19:27.7130693Z 2026-02-19 23:19:27,712 - azure.core.pipeline.policies.http_logging_policy - INFO - Request URL: 'https://westus2-2.in.applicationinsights.azure.com//v2.1/track'
2026-02-19T23:19:27.7131076Z Request method: 'POST'
2026-02-19T23:19:27.7131164Z Request headers:
2026-02-19T23:19:27.7131185Z     'Content-Type': 'application/json'
2026-02-19T23:19:27.7131203Z     'Content-Length': '3717'
2026-02-19T23:19:27.7131221Z     'Accept': 'application/json'
2026-02-19T23:19:27.7131242Z     'x-ms-client-request-id': '6fa9a48a-0de9-11f1-b7ca-7619be1f5af9'
2026-02-19T23:19:27.7131265Z     'User-Agent': 'azsdk-python-azuremonitorclient/unknown Python/3.11.14 (Linux-6.6.119.3-1.azl3-x86_64-with-glibc2.31)'
2026-02-19T23:19:27.7131285Z A body is sent with the request
2026-02-19T23:19:27.8520888Z 2026-02-19 23:19:27,851 - azure.core.pipeline.policies.http_logging_policy - INFO - Response status: 200
2026-02-19T23:19:27.8521264Z Response headers:
2026-02-19T23:19:27.8521293Z     'Transfer-Encoding': 'chunked'
2026-02-19T23:19:27.8521322Z     'Content-Type': 'application/json; charset=utf-8'
2026-02-19T23:19:27.8521398Z     'Server': 'Microsoft-HTTPAPI/2.0'
2026-02-19T23:19:27.8521418Z     'Strict-Transport-Security': 'REDACTED'
2026-02-19T23:19:27.8521439Z     'X-Content-Type-Options': 'REDACTED'
2026-02-19T23:19:27.8521455Z     'Date': 'Thu, 19 Feb 2026 23:19:27 GMT'
2026-02-19T23:19:27.8530383Z 2026-02-19 23:19:27,852 - azure.monitor.opentelemetry.exporter.export._base - INFO - Transmission succeeded: Item received: 3. Items accepted: 3
2026-02-19T23:19:28.9135699Z 2026-02-19 23:19:28,913 - azure.core.pipeline.policies.http_logging_policy - INFO - Request URL: 'https://westus2-2.in.applicationinsights.azure.com//v2.1/track'
2026-02-19T23:19:28.9136030Z Request method: 'POST'
2026-02-19T23:19:28.9136057Z Request headers:
2026-02-19T23:19:28.9136078Z     'Content-Type': 'application/json'
2026-02-19T23:19:28.9136105Z     'Content-Length': '3720'
2026-02-19T23:19:28.9136177Z     'Accept': 'application/json'
2026-02-19T23:19:28.9136198Z     'x-ms-client-request-id': '7060d98e-0de9-11f1-a607-7619be1f5af9'
2026-02-19T23:19:28.9136222Z     'User-Agent': 'azsdk-python-azuremonitorclient/unknown Python/3.11.14 (Linux-6.6.119.3-1.azl3-x86_64-with-glibc2.31)'
2026-02-19T23:19:28.9136240Z A body is sent with the request
2026-02-19T23:19:29.0300024Z 2026-02-19 23:19:29,029 - azure.core.pipeline.policies.http_logging_policy - INFO - Response status: 200
2026-02-19T23:19:29.0300646Z Response headers:
2026-02-19T23:19:29.0300674Z     'Transfer-Encoding': 'chunked'
2026-02-19T23:19:29.0300695Z     'Content-Type': 'application/json; charset=utf-8'
2026-02-19T23:19:29.0300714Z     'Server': 'Microsoft-HTTPAPI/2.0'
2026-02-19T23:19:29.0300740Z     'Strict-Transport-Security': 'REDACTED'
2026-02-19T23:19:29.0300810Z     'X-Content-Type-Options': 'REDACTED'
2026-02-19T23:19:29.0300829Z     'Date': 'Thu, 19 Feb 2026 23:19:28 GMT'
2026-02-19T23:19:29.0308942Z 2026-02-19 23:19:29,030 - azure.monitor.opentelemetry.exporter.export._base - INFO - Transmission succeeded: Item received: 3. Items accepted: 3
2026-02-19T23:19:32.8547921Z 2026-02-19 23:19:32,854 - azure.core.pipeline.policies.http_logging_policy - INFO - Request URL: 'https://westus2-2.in.applicationinsights.azure.com//v2.1/track'
2026-02-19T23:19:32.8548423Z Request method: 'POST'
2026-02-19T23:19:32.8548451Z Request headers:
2026-02-19T23:19:32.8548472Z     'Content-Type': 'application/json'
2026-02-19T23:19:32.8548493Z     'Content-Length': '3718'
2026-02-19T23:19:32.8548517Z     'Accept': 'application/json'
2026-02-19T23:19:32.8548541Z     'x-ms-client-request-id': '72ba3bb2-0de9-11f1-b7ca-7619be1f5af9'
2026-02-19T23:19:32.8548623Z     'User-Agent': 'azsdk-python-azuremonitorclient/unknown Python/3.11.14 (Linux-6.6.119.3-1.azl3-x86_64-with-glibc2.31)'
2026-02-19T23:19:32.8548646Z A body is sent with the request
2026-02-19T23:19:32.9907535Z 2026-02-19 23:19:32,990 - azure.core.pipeline.policies.http_logging_policy - INFO - Response status: 200
2026-02-19T23:19:32.9908146Z Response headers:
2026-02-19T23:19:32.9908172Z     'Transfer-Encoding': 'chunked'
2026-02-19T23:19:32.9908191Z     'Content-Type': 'application/json; charset=utf-8'
2026-02-19T23:19:32.9908213Z     'Server': 'Microsoft-HTTPAPI/2.0'
2026-02-19T23:19:32.9908384Z     'Strict-Transport-Security': 'REDACTED'
2026-02-19T23:19:32.9908407Z     'X-Content-Type-Options': 'REDACTED'
2026-02-19T23:19:32.9908428Z     'Date': 'Thu, 19 Feb 2026 23:19:32 GMT'
2026-02-19T23:19:32.9911134Z 2026-02-19 23:19:32,990 - azure.monitor.opentelemetry.exporter.export._base - INFO - Transmission succeeded: Item received: 3. Items accepted: 3
2026-02-19T23:19:34.0321272Z 2026-02-19 23:19:34,031 - azure.core.pipeline.policies.http_logging_policy - INFO - Request URL: 'https://westus2-2.in.applicationinsights.azure.com//v2.1/track'
2026-02-19T23:19:34.0322020Z Request method: 'POST'
2026-02-19T23:19:34.0322048Z Request headers:
2026-02-19T23:19:34.0322069Z     'Content-Type': 'application/json'
2026-02-19T23:19:34.0322086Z     'Content-Length': '3719'
2026-02-19T23:19:34.0322102Z     'Accept': 'application/json'
2026-02-19T23:19:34.0322120Z     'x-ms-client-request-id': '736de05e-0de9-11f1-a607-7619be1f5af9'
2026-02-19T23:19:34.0322147Z     'User-Agent': 'azsdk-python-azuremonitorclient/unknown Python/3.11.14 (Linux-6.6.119.3-1.azl3-x86_64-with-glibc2.31)'
2026-02-19T23:19:34.0322166Z A body is sent with the request
2026-02-19T23:19:34.1911450Z 2026-02-19 23:19:34,190 - azure.core.pipeline.policies.http_logging_policy - INFO - Response status: 200
2026-02-19T23:19:34.1911732Z Response headers:
2026-02-19T23:19:34.1911766Z     'Transfer-Encoding': 'chunked'
2026-02-19T23:19:34.1911787Z     'Content-Type': 'application/json; charset=utf-8'
2026-02-19T23:19:34.1911804Z     'Server': 'Microsoft-HTTPAPI/2.0'
2026-02-19T23:19:34.1911826Z     'Strict-Transport-Security': 'REDACTED'
2026-02-19T23:19:34.1911853Z     'X-Content-Type-Options': 'REDACTED'
2026-02-19T23:19:34.1911874Z     'Date': 'Thu, 19 Feb 2026 23:19:33 GMT'
2026-02-19T23:19:34.1918874Z 2026-02-19 23:19:34,191 - azure.monitor.opentelemetry.exporter.export._base - INFO - Transmission succeeded: Item received: 3. Items accepted: 3
2026-02-19T23:19:37.9929100Z 2026-02-19 23:19:37,992 - azure.core.pipeline.policies.http_logging_policy - INFO - Request URL: 'https://westus2-2.in.applicationinsights.azure.com//v2.1/track'
2026-02-19T23:19:37.9929529Z Request method: 'POST'
2026-02-19T23:19:37.9929554Z Request headers:
2026-02-19T23:19:37.9929575Z     'Content-Type': 'application/json'
2026-02-19T23:19:37.9929596Z     'Content-Length': '3719'
2026-02-19T23:19:37.9929618Z     'Accept': 'application/json'
2026-02-19T23:19:37.9929640Z     'x-ms-client-request-id': '75ca3e6a-0de9-11f1-b7ca-7619be1f5af9'
2026-02-19T23:19:37.9929666Z     'User-Agent': 'azsdk-python-azuremonitorclient/unknown Python/3.11.14 (Linux-6.6.119.3-1.azl3-x86_64-with-glibc2.31)'
2026-02-19T23:19:37.9929688Z A body is sent with the request
2026-02-19T23:19:38.0797273Z 2026-02-19 23:19:38,079 - azure.core.pipeline.policies.http_logging_policy - INFO - Response status: 200
2026-02-19T23:19:38.0797681Z Response headers:
2026-02-19T23:19:38.0797712Z     'Transfer-Encoding': 'chunked'
2026-02-19T23:19:38.0797804Z     'Content-Type': 'application/json; charset=utf-8'
2026-02-19T23:19:38.0797823Z     'Server': 'Microsoft-HTTPAPI/2.0'
2026-02-19T23:19:38.0797840Z     'Strict-Transport-Security': 'REDACTED'
2026-02-19T23:19:38.0797859Z     'X-Content-Type-Options': 'REDACTED'
2026-02-19T23:19:38.0797877Z     'Date': 'Thu, 19 Feb 2026 23:19:37 GMT'
2026-02-19T23:19:38.0805303Z 2026-02-19 23:19:38,079 - azure.monitor.opentelemetry.exporter.export._base - INFO - Transmission succeeded: Item received: 3. Items accepted: 3
2026-02-19T23:19:39.1938457Z 2026-02-19 23:19:39,193 - azure.core.pipeline.policies.http_logging_policy - INFO - Request URL: 'https://westus2-2.in.applicationinsights.azure.com//v2.1/track'
2026-02-19T23:19:39.1938855Z Request method: 'POST'
2026-02-19T23:19:39.1938882Z Request headers:
2026-02-19T23:19:39.1938948Z     'Content-Type': 'application/json'
2026-02-19T23:19:39.1938972Z     'Content-Length': '3719'
2026-02-19T23:19:39.1938994Z     'Accept': 'application/json'
2026-02-19T23:19:39.1939015Z     'x-ms-client-request-id': '76817ee0-0de9-11f1-a607-7619be1f5af9'
2026-02-19T23:19:39.1939041Z     'User-Agent': 'azsdk-python-azuremonitorclient/unknown Python/3.11.14 (Linux-6.6.119.3-1.azl3-x86_64-with-glibc2.31)'
2026-02-19T23:19:39.1939060Z A body is sent with the request
2026-02-19T23:19:39.2771730Z 2026-02-19 23:19:39,276 - azure.core.pipeline.policies.http_logging_policy - INFO - Response status: 200
2026-02-19T23:19:39.2772126Z Response headers:
2026-02-19T23:19:39.2772161Z     'Transfer-Encoding': 'chunked'
2026-02-19T23:19:39.2772185Z     'Content-Type': 'application/json; charset=utf-8'
2026-02-19T23:19:39.2772203Z     'Server': 'Microsoft-HTTPAPI/2.0'
2026-02-19T23:19:39.2772281Z     'Strict-Transport-Security': 'REDACTED'
2026-02-19T23:19:39.2772302Z     'X-Content-Type-Options': 'REDACTED'
2026-02-19T23:19:39.2772321Z     'Date': 'Thu, 19 Feb 2026 23:19:39 GMT'
2026-02-19T23:19:39.2777560Z 2026-02-19 23:19:39,277 - azure.monitor.opentelemetry.exporter.export._base - INFO - Transmission succeeded: Item received: 3. Items accepted: 3
2026-02-19T23:19:43.0830278Z 2026-02-19 23:19:43,082 - azure.core.pipeline.policies.http_logging_policy - INFO - Request URL: 'https://westus2-2.in.applicationinsights.azure.com//v2.1/track'
2026-02-19T23:19:43.0830654Z Request method: 'POST'
2026-02-19T23:19:43.0830677Z Request headers:
2026-02-19T23:19:43.0830696Z     'Content-Type': 'application/json'
2026-02-19T23:19:43.0830715Z     'Content-Length': '3720'
2026-02-19T23:19:43.0830734Z     'Accept': 'application/json'
2026-02-19T23:19:43.0830832Z     'x-ms-client-request-id': '78d2d770-0de9-11f1-b7ca-7619be1f5af9'
2026-02-19T23:19:43.0830855Z     'User-Agent': 'azsdk-python-azuremonitorclient/unknown Python/3.11.14 (Linux-6.6.119.3-1.azl3-x86_64-with-glibc2.31)'
2026-02-19T23:19:43.0830876Z A body is sent with the request
2026-02-19T23:19:43.1787561Z 2026-02-19 23:19:43,178 - azure.core.pipeline.policies.http_logging_policy - INFO - Response status: 200
2026-02-19T23:19:43.1787949Z Response headers:
2026-02-19T23:19:43.1787980Z     'Transfer-Encoding': 'chunked'
2026-02-19T23:19:43.1787999Z     'Content-Type': 'application/json; charset=utf-8'
2026-02-19T23:19:43.1788022Z     'Server': 'Microsoft-HTTPAPI/2.0'
2026-02-19T23:19:43.1788042Z     'Strict-Transport-Security': 'REDACTED'
2026-02-19T23:19:43.1788059Z     'X-Content-Type-Options': 'REDACTED'
2026-02-19T23:19:43.1788078Z     'Date': 'Thu, 19 Feb 2026 23:19:42 GMT'
2026-02-19T23:19:43.1794228Z 2026-02-19 23:19:43,178 - azure.monitor.opentelemetry.exporter.export._base - INFO - Transmission succeeded: Item received: 3. Items accepted: 3
2026-02-19T23:19:44.2796066Z 2026-02-19 23:19:44,279 - azure.core.pipeline.policies.http_logging_policy - INFO - Request URL: 'https://westus2-2.in.applicationinsights.azure.com//v2.1/track'
2026-02-19T23:19:44.2796477Z Request method: 'POST'
2026-02-19T23:19:44.2796508Z Request headers:
2026-02-19T23:19:44.2796527Z     'Content-Type': 'application/json'
2026-02-19T23:19:44.2796544Z     'Content-Length': '3719'
2026-02-19T23:19:44.2796567Z     'Accept': 'application/json'
2026-02-19T23:19:44.2796590Z     'x-ms-client-request-id': '798984b6-0de9-11f1-a607-7619be1f5af9'
2026-02-19T23:19:44.2796615Z     'User-Agent': 'azsdk-python-azuremonitorclient/unknown Python/3.11.14 (Linux-6.6.119.3-1.azl3-x86_64-with-glibc2.31)'
2026-02-19T23:19:44.2796693Z A body is sent with the request
2026-02-19T23:19:44.5577653Z 2026-02-19 23:19:44,557 - azure.core.pipeline.policies.http_logging_policy - INFO - Response status: 200
2026-02-19T23:19:44.5578040Z Response headers:
2026-02-19T23:19:44.5578069Z     'Transfer-Encoding': 'chunked'
2026-02-19T23:19:44.5578088Z     'Content-Type': 'application/json; charset=utf-8'
2026-02-19T23:19:44.5578106Z     'Server': 'Microsoft-HTTPAPI/2.0'
2026-02-19T23:19:44.5578124Z     'Strict-Transport-Security': 'REDACTED'
2026-02-19T23:19:44.5578143Z     'X-Content-Type-Options': 'REDACTED'
2026-02-19T23:19:44.5578165Z     'Date': 'Thu, 19 Feb 2026 23:19:44 GMT'
2026-02-19T23:19:44.5584359Z 2026-02-19 23:19:44,557 - azure.monitor.opentelemetry.exporter.export._base - INFO - Transmission succeeded: Item received: 3. Items accepted: 3
2026-02-19T23:19:48.1814679Z 2026-02-19 23:19:48,181 - azure.core.pipeline.policies.http_logging_policy - INFO - Request URL: 'https://westus2-2.in.applicationinsights.azure.com//v2.1/track'
2026-02-19T23:19:48.1815286Z Request method: 'POST'
2026-02-19T23:19:48.1815311Z Request headers:
2026-02-19T23:19:48.1815328Z     'Content-Type': 'application/json'
2026-02-19T23:19:48.1815346Z     'Content-Length': '3720'
2026-02-19T23:19:48.1815366Z     'Accept': 'application/json'
2026-02-19T23:19:48.1815384Z     'x-ms-client-request-id': '7bdce4c4-0de9-11f1-b7ca-7619be1f5af9'
2026-02-19T23:19:48.1815406Z     'User-Agent': 'azsdk-python-azuremonitorclient/unknown Python/3.11.14 (Linux-6.6.119.3-1.azl3-x86_64-with-glibc2.31)'
2026-02-19T23:19:48.1815423Z A body is sent with the request
2026-02-19T23:19:48.3521228Z 2026-02-19 23:19:48,351 - azure.core.pipeline.policies.http_logging_policy - INFO - Response status: 200
2026-02-19T23:19:48.3521609Z Response headers:
2026-02-19T23:19:48.3521691Z     'Transfer-Encoding': 'chunked'
2026-02-19T23:19:48.3521711Z     'Content-Type': 'application/json; charset=utf-8'
2026-02-19T23:19:48.3521732Z     'Server': 'Microsoft-HTTPAPI/2.0'
2026-02-19T23:19:48.3521751Z     'Strict-Transport-Security': 'REDACTED'
2026-02-19T23:19:48.3521767Z     'X-Content-Type-Options': 'REDACTED'
2026-02-19T23:19:48.3521785Z     'Date': 'Thu, 19 Feb 2026 23:19:47 GMT'
2026-02-19T23:19:48.3528043Z 2026-02-19 23:19:48,352 - azure.monitor.opentelemetry.exporter.export._base - INFO - Transmission succeeded: Item received: 3. Items accepted: 3
2026-02-19T23:19:49.5600063Z 2026-02-19 23:19:49,559 - azure.core.pipeline.policies.http_logging_policy - INFO - Request URL: 'https://westus2-2.in.applicationinsights.azure.com//v2.1/track'
2026-02-19T23:19:49.5600446Z Request method: 'POST'
2026-02-19T23:19:49.5600474Z Request headers:
2026-02-19T23:19:49.5600549Z     'Content-Type': 'application/json'
2026-02-19T23:19:49.5600567Z     'Content-Length': '3720'
2026-02-19T23:19:49.5600584Z     'Accept': 'application/json'
2026-02-19T23:19:49.5600604Z     'x-ms-client-request-id': '7caf3ea6-0de9-11f1-a607-7619be1f5af9'
2026-02-19T23:19:49.5600631Z     'User-Agent': 'azsdk-python-azuremonitorclient/unknown Python/3.11.14 (Linux-6.6.119.3-1.azl3-x86_64-with-glibc2.31)'
2026-02-19T23:19:49.5600650Z A body is sent with the request
2026-02-19T23:19:49.6666400Z 2026-02-19 23:19:49,666 - azure.core.pipeline.policies.http_logging_policy - INFO - Response status: 200
2026-02-19T23:19:49.6666945Z Response headers:
2026-02-19T23:19:49.6666978Z     'Transfer-Encoding': 'chunked'
2026-02-19T23:19:49.6667000Z     'Content-Type': 'application/json; charset=utf-8'
2026-02-19T23:19:49.6667071Z     'Server': 'Microsoft-HTTPAPI/2.0'
2026-02-19T23:19:49.6667092Z     'Strict-Transport-Security': 'REDACTED'
2026-02-19T23:19:49.6667109Z     'X-Content-Type-Options': 'REDACTED'
2026-02-19T23:19:49.6667126Z     'Date': 'Thu, 19 Feb 2026 23:19:49 GMT'
2026-02-19T23:19:49.6681740Z 2026-02-19 23:19:49,666 - azure.monitor.opentelemetry.exporter.export._base - INFO - Transmission succeeded: Item received: 3. Items accepted: 3
2026-02-19T23:19:53.3541355Z 2026-02-19 23:19:53,353 - azure.core.pipeline.policies.http_logging_policy - INFO - Request URL: 'https://westus2-2.in.applicationinsights.azure.com//v2.1/track'
2026-02-19T23:19:53.3541906Z Request method: 'POST'
2026-02-19T23:19:53.3541936Z Request headers:
2026-02-19T23:19:53.3541956Z     'Content-Type': 'application/json'
2026-02-19T23:19:53.3541982Z     'Content-Length': '3720'
2026-02-19T23:19:53.3542057Z     'Accept': 'application/json'
2026-02-19T23:19:53.3542081Z     'x-ms-client-request-id': '7ef22e08-0de9-11f1-b7ca-7619be1f5af9'
2026-02-19T23:19:53.3542105Z     'User-Agent': 'azsdk-python-azuremonitorclient/unknown Python/3.11.14 (Linux-6.6.119.3-1.azl3-x86_64-with-glibc2.31)'
2026-02-19T23:19:53.3542122Z A body is sent with the request
2026-02-19T23:19:53.4595343Z 2026-02-19 23:19:53,459 - azure.core.pipeline.policies.http_logging_policy - INFO - Response status: 200
2026-02-19T23:19:53.4595965Z Response headers:
2026-02-19T23:19:53.4595997Z     'Transfer-Encoding': 'chunked'
2026-02-19T23:19:53.4596020Z     'Content-Type': 'application/json; charset=utf-8'
2026-02-19T23:19:53.4596041Z     'Server': 'Microsoft-HTTPAPI/2.0'
2026-02-19T23:19:53.4596062Z     'Strict-Transport-Security': 'REDACTED'
2026-02-19T23:19:53.4596082Z     'X-Content-Type-Options': 'REDACTED'
2026-02-19T23:19:53.4596162Z     'Date': 'Thu, 19 Feb 2026 23:19:52 GMT'
2026-02-19T23:19:53.4620416Z 2026-02-19 23:19:53,459 - azure.monitor.opentelemetry.exporter.export._base - INFO - Transmission succeeded: Item received: 3. Items accepted: 3
2026-02-19T23:19:54.6689254Z 2026-02-19 23:19:54,668 - azure.core.pipeline.policies.http_logging_policy - INFO - Request URL: 'https://westus2-2.in.applicationinsights.azure.com//v2.1/track'
2026-02-19T23:19:54.6689654Z Request method: 'POST'
2026-02-19T23:19:54.6689679Z Request headers:
2026-02-19T23:19:54.6689706Z     'Content-Type': 'application/json'
2026-02-19T23:19:54.6689726Z     'Content-Length': '3720'
2026-02-19T23:19:54.6689745Z     'Accept': 'application/json'
2026-02-19T23:19:54.6689765Z     'x-ms-client-request-id': '7fbace30-0de9-11f1-a607-7619be1f5af9'
2026-02-19T23:19:54.6689850Z     'User-Agent': 'azsdk-python-azuremonitorclient/unknown Python/3.11.14 (Linux-6.6.119.3-1.azl3-x86_64-with-glibc2.31)'
2026-02-19T23:19:54.6689872Z A body is sent with the request
2026-02-19T23:19:54.7896546Z 2026-02-19 23:19:54,789 - azure.core.pipeline.policies.http_logging_policy - INFO - Response status: 200
2026-02-19T23:19:54.7896929Z Response headers:
2026-02-19T23:19:54.7896957Z     'Transfer-Encoding': 'chunked'
2026-02-19T23:19:54.7896984Z     'Content-Type': 'application/json; charset=utf-8'
2026-02-19T23:19:54.7897004Z     'Server': 'Microsoft-HTTPAPI/2.0'
2026-02-19T23:19:54.7897024Z     'Strict-Transport-Security': 'REDACTED'
2026-02-19T23:19:54.7897041Z     'X-Content-Type-Options': 'REDACTED'
2026-02-19T23:19:54.7897058Z     'Date': 'Thu, 19 Feb 2026 23:19:54 GMT'
2026-02-19T23:19:54.7900988Z 2026-02-19 23:19:54,789 - azure.monitor.opentelemetry.exporter.export._base - INFO - Transmission succeeded: Item received: 3. Items accepted: 3
2026-02-19T23:19:58.4635994Z 2026-02-19 23:19:58,463 - azure.core.pipeline.policies.http_logging_policy - INFO - Request URL: 'https://westus2-2.in.applicationinsights.azure.com//v2.1/track'
2026-02-19T23:19:58.4636408Z Request method: 'POST'
2026-02-19T23:19:58.4636436Z Request headers:
2026-02-19T23:19:58.4636457Z     'Content-Type': 'application/json'
2026-02-19T23:19:58.4636479Z     'Content-Length': '3720'
2026-02-19T23:19:58.4636500Z     'Accept': 'application/json'
2026-02-19T23:19:58.4636522Z     'x-ms-client-request-id': '81fdd386-0de9-11f1-b7ca-7619be1f5af9'
2026-02-19T23:19:58.4636548Z     'User-Agent': 'azsdk-python-azuremonitorclient/unknown Python/3.11.14 (Linux-6.6.119.3-1.azl3-x86_64-with-glibc2.31)'
2026-02-19T23:19:58.4636567Z A body is sent with the request
2026-02-19T23:19:58.5616595Z 2026-02-19 23:19:58,561 - azure.core.pipeline.policies.http_logging_policy - INFO - Response status: 200
2026-02-19T23:19:58.5616803Z Response headers:
2026-02-19T23:19:58.5616826Z     'Transfer-Encoding': 'chunked'
2026-02-19T23:19:58.5616851Z     'Content-Type': 'application/json; charset=utf-8'
2026-02-19T23:19:58.5616870Z     'Server': 'Microsoft-HTTPAPI/2.0'
2026-02-19T23:19:58.5616889Z     'Strict-Transport-Security': 'REDACTED'
2026-02-19T23:19:58.5616906Z     'X-Content-Type-Options': 'REDACTED'
2026-02-19T23:19:58.5616922Z     'Date': 'Thu, 19 Feb 2026 23:19:57 GMT'
2026-02-19T23:19:58.5624221Z 2026-02-19 23:19:58,562 - azure.monitor.opentelemetry.exporter.export._base - INFO - Transmission succeeded: Item received: 3. Items accepted: 3
2026-02-19T23:19:59.7915737Z 2026-02-19 23:19:59,791 - azure.core.pipeline.policies.http_logging_policy - INFO - Request URL: 'https://westus2-2.in.applicationinsights.azure.com//v2.1/track'
2026-02-19T23:19:59.7916180Z Request method: 'POST'
2026-02-19T23:19:59.7916208Z Request headers:
2026-02-19T23:19:59.7916230Z     'Content-Type': 'application/json'
2026-02-19T23:19:59.7916251Z     'Content-Length': '3720'
2026-02-19T23:19:59.7916271Z     'Accept': 'application/json'
2026-02-19T23:19:59.7916292Z     'x-ms-client-request-id': '82c87622-0de9-11f1-a607-7619be1f5af9'
2026-02-19T23:19:59.7916317Z     'User-Agent': 'azsdk-python-azuremonitorclient/unknown Python/3.11.14 (Linux-6.6.119.3-1.azl3-x86_64-with-glibc2.31)'
2026-02-19T23:19:59.7916335Z A body is sent with the request
2026-02-19T23:19:59.8593694Z 2026-02-19 23:19:59,859 - azure.core.pipeline.policies.http_logging_policy - INFO - Response status: 200
2026-02-19T23:19:59.8594003Z Response headers:
2026-02-19T23:19:59.8594029Z     'Transfer-Encoding': 'chunked'
2026-02-19T23:19:59.8594090Z     'Content-Type': 'application/json; charset=utf-8'
2026-02-19T23:19:59.8594110Z     'Server': 'Microsoft-HTTPAPI/2.0'
2026-02-19T23:19:59.8594132Z     'Strict-Transport-Security': 'REDACTED'
2026-02-19T23:19:59.8594151Z     'X-Content-Type-Options': 'REDACTED'
2026-02-19T23:19:59.8594170Z     'Date': 'Thu, 19 Feb 2026 23:19:59 GMT'
2026-02-19T23:19:59.8599236Z 2026-02-19 23:19:59,859 - azure.monitor.opentelemetry.exporter.export._base - INFO - Transmission succeeded: Item received: 3. Items accepted: 3
2026-02-19T23:20:03.5642026Z 2026-02-19 23:20:03,564 - azure.core.pipeline.policies.http_logging_policy - INFO - Request URL: 'https://westus2-2.in.applicationinsights.azure.com//v2.1/track'
2026-02-19T23:20:03.5642326Z Request method: 'POST'
2026-02-19T23:20:03.5642353Z Request headers:
2026-02-19T23:20:03.5642379Z     'Content-Type': 'application/json'
2026-02-19T23:20:03.5642427Z     'Content-Length': '3720'
2026-02-19T23:20:03.5642446Z     'Accept': 'application/json'
2026-02-19T23:20:03.5642465Z     'x-ms-client-request-id': '85081f5a-0de9-11f1-b7ca-7619be1f5af9'
2026-02-19T23:20:03.5642488Z     'User-Agent': 'azsdk-python-azuremonitorclient/unknown Python/3.11.14 (Linux-6.6.119.3-1.azl3-x86_64-with-glibc2.31)'
2026-02-19T23:20:03.5642507Z A body is sent with the request
2026-02-19T23:20:03.6458314Z 2026-02-19 23:20:03,645 - azure.core.pipeline.policies.http_logging_policy - INFO - Response status: 200
2026-02-19T23:20:03.6458867Z Response headers:
2026-02-19T23:20:03.6458897Z     'Transfer-Encoding': 'chunked'
2026-02-19T23:20:03.6458917Z     'Content-Type': 'application/json; charset=utf-8'
2026-02-19T23:20:03.6458939Z     'Server': 'Microsoft-HTTPAPI/2.0'
2026-02-19T23:20:03.6459018Z     'Strict-Transport-Security': 'REDACTED'
2026-02-19T23:20:03.6459035Z     'X-Content-Type-Options': 'REDACTED'
2026-02-19T23:20:03.6459054Z     'Date': 'Thu, 19 Feb 2026 23:20:02 GMT'
2026-02-19T23:20:03.6465439Z 2026-02-19 23:20:03,646 - azure.monitor.opentelemetry.exporter.export._base - INFO - Transmission succeeded: Item received: 3. Items accepted: 3
2026-02-19T23:20:04.8615282Z 2026-02-19 23:20:04,861 - azure.core.pipeline.policies.http_logging_policy - INFO - Request URL: 'https://westus2-2.in.applicationinsights.azure.com//v2.1/track'
2026-02-19T23:20:04.8615657Z Request method: 'POST'
2026-02-19T23:20:04.8615683Z Request headers:
2026-02-19T23:20:04.8615705Z     'Content-Type': 'application/json'
2026-02-19T23:20:04.8615726Z     'Content-Length': '3720'
2026-02-19T23:20:04.8615750Z     'Accept': 'application/json'
2026-02-19T23:20:04.8615836Z     'x-ms-client-request-id': '85ce1282-0de9-11f1-a607-7619be1f5af9'
2026-02-19T23:20:04.8615859Z     'User-Agent': 'azsdk-python-azuremonitorclient/unknown Python/3.11.14 (Linux-6.6.119.3-1.azl3-x86_64-with-glibc2.31)'
2026-02-19T23:20:04.8615877Z A body is sent with the request
2026-02-19T23:20:04.9725540Z 2026-02-19 23:20:04,972 - azure.core.pipeline.policies.http_logging_policy - INFO - Response status: 200
2026-02-19T23:20:04.9725873Z Response headers:
2026-02-19T23:20:04.9725899Z     'Transfer-Encoding': 'chunked'
2026-02-19T23:20:04.9725919Z     'Content-Type': 'application/json; charset=utf-8'
2026-02-19T23:20:04.9725937Z     'Server': 'Microsoft-HTTPAPI/2.0'
2026-02-19T23:20:04.9725960Z     'Strict-Transport-Security': 'REDACTED'
2026-02-19T23:20:04.9725992Z     'X-Content-Type-Options': 'REDACTED'
2026-02-19T23:20:04.9726011Z     'Date': 'Thu, 19 Feb 2026 23:20:04 GMT'
2026-02-19T23:20:04.9731838Z 2026-02-19 23:20:04,972 - azure.monitor.opentelemetry.exporter.export._base - INFO - Transmission succeeded: Item received: 3. Items accepted: 3
2026-02-19T23:20:08.6480016Z 2026-02-19 23:20:08,647 - azure.core.pipeline.policies.http_logging_policy - INFO - Request URL: 'https://westus2-2.in.applicationinsights.azure.com//v2.1/track'
2026-02-19T23:20:08.6480386Z Request method: 'POST'
2026-02-19T23:20:08.6480415Z Request headers:
2026-02-19T23:20:08.6480435Z     'Content-Type': 'application/json'
2026-02-19T23:20:08.6480460Z     'Content-Length': '3720'
2026-02-19T23:20:08.6480479Z     'Accept': 'application/json'
2026-02-19T23:20:08.6480501Z     'x-ms-client-request-id': '880fd710-0de9-11f1-b7ca-7619be1f5af9'
2026-02-19T23:20:08.6480527Z     'User-Agent': 'azsdk-python-azuremonitorclient/unknown Python/3.11.14 (Linux-6.6.119.3-1.azl3-x86_64-with-glibc2.31)'
2026-02-19T23:20:08.6480602Z A body is sent with the request
2026-02-19T23:20:08.7739837Z 2026-02-19 23:20:08,773 - azure.core.pipeline.policies.http_logging_policy - INFO - Response status: 200
2026-02-19T23:20:08.7740440Z Response headers:
2026-02-19T23:20:08.7740468Z     'Transfer-Encoding': 'chunked'
2026-02-19T23:20:08.7740490Z     'Content-Type': 'application/json; charset=utf-8'
2026-02-19T23:20:08.7740516Z     'Server': 'Microsoft-HTTPAPI/2.0'
2026-02-19T23:20:08.7740535Z     'Strict-Transport-Security': 'REDACTED'
2026-02-19T23:20:08.7740553Z     'X-Content-Type-Options': 'REDACTED'
2026-02-19T23:20:08.7740571Z     'Date': 'Thu, 19 Feb 2026 23:20:08 GMT'
2026-02-19T23:20:08.7744085Z 2026-02-19 23:20:08,774 - azure.monitor.opentelemetry.exporter.export._base - INFO - Transmission succeeded: Item received: 3. Items accepted: 3
2026-02-19T23:20:09.9751329Z 2026-02-19 23:20:09,974 - azure.core.pipeline.policies.http_logging_policy - INFO - Request URL: 'https://westus2-2.in.applicationinsights.azure.com//v2.1/track'
2026-02-19T23:20:09.9751696Z Request method: 'POST'
2026-02-19T23:20:09.9751723Z Request headers:
2026-02-19T23:20:09.9751747Z     'Content-Type': 'application/json'
2026-02-19T23:20:09.9751770Z     'Content-Length': '3720'
2026-02-19T23:20:09.9751789Z     'Accept': 'application/json'
2026-02-19T23:20:09.9751809Z     'x-ms-client-request-id': '88da592c-0de9-11f1-a607-7619be1f5af9'
2026-02-19T23:20:09.9751832Z     'User-Agent': 'azsdk-python-azuremonitorclient/unknown Python/3.11.14 (Linux-6.6.119.3-1.azl3-x86_64-with-glibc2.31)'
2026-02-19T23:20:09.9751850Z A body is sent with the request
2026-02-19T23:20:10.0835755Z 2026-02-19 23:20:10,083 - azure.core.pipeline.policies.http_logging_policy - INFO - Response status: 200
2026-02-19T23:20:10.0836459Z Response headers:
2026-02-19T23:20:10.0836497Z     'Transfer-Encoding': 'chunked'
2026-02-19T23:20:10.0836516Z     'Content-Type': 'application/json; charset=utf-8'
2026-02-19T23:20:10.0836533Z     'Server': 'Microsoft-HTTPAPI/2.0'
2026-02-19T23:20:10.0836551Z     'Strict-Transport-Security': 'REDACTED'
2026-02-19T23:20:10.0836573Z     'X-Content-Type-Options': 'REDACTED'
2026-02-19T23:20:10.0836591Z     'Date': 'Thu, 19 Feb 2026 23:20:09 GMT'
2026-02-19T23:20:10.0839780Z 2026-02-19 23:20:10,083 - azure.monitor.opentelemetry.exporter.export._base - INFO - Transmission succeeded: Item received: 3. Items accepted: 3
2026-02-19T23:20:13.7763758Z 2026-02-19 23:20:13,776 - azure.core.pipeline.policies.http_logging_policy - INFO - Request URL: 'https://westus2-2.in.applicationinsights.azure.com//v2.1/track'
2026-02-19T23:20:13.7764380Z Request method: 'POST'
2026-02-19T23:20:13.7764467Z Request headers:
2026-02-19T23:20:13.7764489Z     'Content-Type': 'application/json'
2026-02-19T23:20:13.7764508Z     'Content-Length': '3720'
2026-02-19T23:20:13.7764528Z     'Accept': 'application/json'
2026-02-19T23:20:13.7764547Z     'x-ms-client-request-id': '8b1e5e2c-0de9-11f1-b7ca-7619be1f5af9'
2026-02-19T23:20:13.7764568Z     'User-Agent': 'azsdk-python-azuremonitorclient/unknown Python/3.11.14 (Linux-6.6.119.3-1.azl3-x86_64-with-glibc2.31)'
2026-02-19T23:20:13.7764587Z A body is sent with the request
2026-02-19T23:20:13.9229461Z 2026-02-19 23:20:13,922 - azure.core.pipeline.policies.http_logging_policy - INFO - Response status: 200
2026-02-19T23:20:13.9229841Z Response headers:
2026-02-19T23:20:13.9229866Z     'Transfer-Encoding': 'chunked'
2026-02-19T23:20:13.9229886Z     'Content-Type': 'application/json; charset=utf-8'
2026-02-19T23:20:13.9229970Z     'Server': 'Microsoft-HTTPAPI/2.0'
2026-02-19T23:20:13.9229989Z     'Strict-Transport-Security': 'REDACTED'
2026-02-19T23:20:13.9230007Z     'X-Content-Type-Options': 'REDACTED'
2026-02-19T23:20:13.9230025Z     'Date': 'Thu, 19 Feb 2026 23:20:13 GMT'
2026-02-19T23:20:13.9236185Z 2026-02-19 23:20:13,923 - azure.monitor.opentelemetry.exporter.export._base - INFO - Transmission succeeded: Item received: 3. Items accepted: 3
2026-02-19T23:20:15.0857590Z 2026-02-19 23:20:15,085 - azure.core.pipeline.policies.http_logging_policy - INFO - Request URL: 'https://westus2-2.in.applicationinsights.azure.com//v2.1/track'
2026-02-19T23:20:15.0858139Z Request method: 'POST'
2026-02-19T23:20:15.0858167Z Request headers:
2026-02-19T23:20:15.0858191Z     'Content-Type': 'application/json'
2026-02-19T23:20:15.0858208Z     'Content-Length': '3720'
2026-02-19T23:20:15.0858285Z     'Accept': 'application/json'
2026-02-19T23:20:15.0858308Z     'x-ms-client-request-id': '8be62a6a-0de9-11f1-a607-7619be1f5af9'
2026-02-19T23:20:15.0858332Z     'User-Agent': 'azsdk-python-azuremonitorclient/unknown Python/3.11.14 (Linux-6.6.119.3-1.azl3-x86_64-with-glibc2.31)'
2026-02-19T23:20:15.0858348Z A body is sent with the request
2026-02-19T23:20:15.1797515Z 2026-02-19 23:20:15,179 - azure.core.pipeline.policies.http_logging_policy - INFO - Response status: 200
2026-02-19T23:20:15.1797917Z Response headers:
2026-02-19T23:20:15.1797946Z     'Transfer-Encoding': 'chunked'
2026-02-19T23:20:15.1797965Z     'Content-Type': 'application/json; charset=utf-8'
2026-02-19T23:20:15.1797982Z     'Server': 'Microsoft-HTTPAPI/2.0'
2026-02-19T23:20:15.1798005Z     'Strict-Transport-Security': 'REDACTED'
2026-02-19T23:20:15.1798091Z     'X-Content-Type-Options': 'REDACTED'
2026-02-19T23:20:15.1798111Z     'Date': 'Thu, 19 Feb 2026 23:20:14 GMT'
2026-02-19T23:20:15.1803640Z 2026-02-19 23:20:15,179 - azure.monitor.opentelemetry.exporter.export._base - INFO - Transmission succeeded: Item received: 3. Items accepted: 3
2026-02-19T23:20:18.9253463Z 2026-02-19 23:20:18,925 - azure.core.pipeline.policies.http_logging_policy - INFO - Request URL: 'https://westus2-2.in.applicationinsights.azure.com//v2.1/track'
2026-02-19T23:20:18.9253880Z Request method: 'POST'
2026-02-19T23:20:18.9253908Z Request headers:
2026-02-19T23:20:18.9253929Z     'Content-Type': 'application/json'
2026-02-19T23:20:18.9253951Z     'Content-Length': '3720'
2026-02-19T23:20:18.9253973Z     'Accept': 'application/json'
2026-02-19T23:20:18.9254000Z     'x-ms-client-request-id': '8e300912-0de9-11f1-b7ca-7619be1f5af9'
2026-02-19T23:20:18.9254081Z     'User-Agent': 'azsdk-python-azuremonitorclient/unknown Python/3.11.14 (Linux-6.6.119.3-1.azl3-x86_64-with-glibc2.31)'
2026-02-19T23:20:18.9254103Z A body is sent with the request
2026-02-19T23:20:19.0521127Z 2026-02-19 23:20:19,051 - azure.core.pipeline.policies.http_logging_policy - INFO - Response status: 200
2026-02-19T23:20:19.0521491Z Response headers:
2026-02-19T23:20:19.0521518Z     'Transfer-Encoding': 'chunked'
2026-02-19T23:20:19.0521540Z     'Content-Type': 'application/json; charset=utf-8'
2026-02-19T23:20:19.0521558Z     'Server': 'Microsoft-HTTPAPI/2.0'
2026-02-19T23:20:19.0521580Z     'Strict-Transport-Security': 'REDACTED'
2026-02-19T23:20:19.0521600Z     'X-Content-Type-Options': 'REDACTED'
2026-02-19T23:20:19.0521617Z     'Date': 'Thu, 19 Feb 2026 23:20:18 GMT'
2026-02-19T23:20:19.0527785Z 2026-02-19 23:20:19,052 - azure.monitor.opentelemetry.exporter.export._base - INFO - Transmission succeeded: Item received: 3. Items accepted: 3
2026-02-19T23:20:20.1817900Z 2026-02-19 23:20:20,181 - azure.core.pipeline.policies.http_logging_policy - INFO - Request URL: 'https://westus2-2.in.applicationinsights.azure.com//v2.1/track'
2026-02-19T23:20:20.1818303Z Request method: 'POST'
2026-02-19T23:20:20.1818330Z Request headers:
2026-02-19T23:20:20.1818352Z     'Content-Type': 'application/json'
2026-02-19T23:20:20.1818373Z     'Content-Length': '3719'
2026-02-19T23:20:20.1818397Z     'Accept': 'application/json'
2026-02-19T23:20:20.1818419Z     'x-ms-client-request-id': '8eefc07c-0de9-11f1-a607-7619be1f5af9'
2026-02-19T23:20:20.1818440Z     'User-Agent': 'azsdk-python-azuremonitorclient/unknown Python/3.11.14 (Linux-6.6.119.3-1.azl3-x86_64-with-glibc2.31)'
2026-02-19T23:20:20.1818458Z A body is sent with the request
2026-02-19T23:20:20.2816187Z 2026-02-19 23:20:20,281 - azure.core.pipeline.policies.http_logging_policy - INFO - Response status: 200
2026-02-19T23:20:20.2816591Z Response headers:
2026-02-19T23:20:20.2816615Z     'Transfer-Encoding': 'chunked'
2026-02-19T23:20:20.2816634Z     'Content-Type': 'application/json; charset=utf-8'
2026-02-19T23:20:20.2816650Z     'Server': 'Microsoft-HTTPAPI/2.0'
2026-02-19T23:20:20.2816673Z     'Strict-Transport-Security': 'REDACTED'
2026-02-19T23:20:20.2816694Z     'X-Content-Type-Options': 'REDACTED'
2026-02-19T23:20:20.2816714Z     'Date': 'Thu, 19 Feb 2026 23:20:19 GMT'
2026-02-19T23:20:20.2828497Z 2026-02-19 23:20:20,282 - azure.monitor.opentelemetry.exporter.export._base - INFO - Transmission succeeded: Item received: 3. Items accepted: 3
2026-02-19T23:20:24.0557677Z 2026-02-19 23:20:24,055 - azure.core.pipeline.policies.http_logging_policy - INFO - Request URL: 'https://westus2-2.in.applicationinsights.azure.com//v2.1/track'
2026-02-19T23:20:24.0558043Z Request method: 'POST'
2026-02-19T23:20:24.0558069Z Request headers:
2026-02-19T23:20:24.0558090Z     'Content-Type': 'application/json'
2026-02-19T23:20:24.0558110Z     'Content-Length': '3718'
2026-02-19T23:20:24.0558133Z     'Accept': 'application/json'
2026-02-19T23:20:24.0558155Z     'x-ms-client-request-id': '913ece4a-0de9-11f1-b7ca-7619be1f5af9'
2026-02-19T23:20:24.0558177Z     'User-Agent': 'azsdk-python-azuremonitorclient/unknown Python/3.11.14 (Linux-6.6.119.3-1.azl3-x86_64-with-glibc2.31)'
2026-02-19T23:20:24.0558198Z A body is sent with the request
2026-02-19T23:20:24.1189864Z 2026-02-19 23:20:24,118 - azure.core.pipeline.policies.http_logging_policy - INFO - Response status: 200
2026-02-19T23:20:24.1190273Z Response headers:
2026-02-19T23:20:24.1190299Z     'Transfer-Encoding': 'chunked'
2026-02-19T23:20:24.1190380Z     'Content-Type': 'application/json; charset=utf-8'
2026-02-19T23:20:24.1190401Z     'Server': 'Microsoft-HTTPAPI/2.0'
2026-02-19T23:20:24.1190419Z     'Strict-Transport-Security': 'REDACTED'
2026-02-19T23:20:24.1190437Z     'X-Content-Type-Options': 'REDACTED'
2026-02-19T23:20:24.1190457Z     'Date': 'Thu, 19 Feb 2026 23:20:23 GMT'
2026-02-19T23:20:24.1195642Z 2026-02-19 23:20:24,119 - azure.monitor.opentelemetry.exporter.export._base - INFO - Transmission succeeded: Item received: 3. Items accepted: 3
2026-02-19T23:20:25.2845530Z 2026-02-19 23:20:25,284 - azure.core.pipeline.policies.http_logging_policy - INFO - Request URL: 'https://westus2-2.in.applicationinsights.azure.com//v2.1/track'
2026-02-19T23:20:25.2846276Z Request method: 'POST'
2026-02-19T23:20:25.2846309Z Request headers:
2026-02-19T23:20:25.2846390Z     'Content-Type': 'application/json'
2026-02-19T23:20:25.2846411Z     'Content-Length': '3719'
2026-02-19T23:20:25.2846430Z     'Accept': 'application/json'
2026-02-19T23:20:25.2846453Z     'x-ms-client-request-id': '91fa5f20-0de9-11f1-a607-7619be1f5af9'
2026-02-19T23:20:25.2846475Z     'User-Agent': 'azsdk-python-azuremonitorclient/unknown Python/3.11.14 (Linux-6.6.119.3-1.azl3-x86_64-with-glibc2.31)'
2026-02-19T23:20:25.2846491Z A body is sent with the request
2026-02-19T23:20:25.3388375Z 2026-02-19 23:20:25,338 - azure.core.pipeline.policies.http_logging_policy - INFO - Response status: 200
2026-02-19T23:20:25.3388774Z Response headers:
2026-02-19T23:20:25.3388803Z     'Transfer-Encoding': 'chunked'
2026-02-19T23:20:25.3388825Z     'Content-Type': 'application/json; charset=utf-8'
2026-02-19T23:20:25.3388843Z     'Server': 'Microsoft-HTTPAPI/2.0'
2026-02-19T23:20:25.3388927Z     'Strict-Transport-Security': 'REDACTED'
2026-02-19T23:20:25.3388947Z     'X-Content-Type-Options': 'REDACTED'
2026-02-19T23:20:25.3388967Z     'Date': 'Thu, 19 Feb 2026 23:20:24 GMT'
2026-02-19T23:20:25.3393795Z 2026-02-19 23:20:25,339 - azure.monitor.opentelemetry.exporter.export._base - INFO - Transmission succeeded: Item received: 3. Items accepted: 3
2026-02-19T23:20:29.1211013Z 2026-02-19 23:20:29,120 - azure.core.pipeline.policies.http_logging_policy - INFO - Request URL: 'https://westus2-2.in.applicationinsights.azure.com//v2.1/track'
2026-02-19T23:20:29.1211396Z Request method: 'POST'
2026-02-19T23:20:29.1211423Z Request headers:
2026-02-19T23:20:29.1211442Z     'Content-Type': 'application/json'
2026-02-19T23:20:29.1211463Z     'Content-Length': '3720'
2026-02-19T23:20:29.1211484Z     'Accept': 'application/json'
2026-02-19T23:20:29.1211560Z     'x-ms-client-request-id': '9443c88e-0de9-11f1-b7ca-7619be1f5af9'
2026-02-19T23:20:29.1211585Z     'User-Agent': 'azsdk-python-azuremonitorclient/unknown Python/3.11.14 (Linux-6.6.119.3-1.azl3-x86_64-with-glibc2.31)'
2026-02-19T23:20:29.1211601Z A body is sent with the request
2026-02-19T23:20:29.1732434Z 2026-02-19 23:20:29,173 - azure.core.pipeline.policies.http_logging_policy - INFO - Response status: 200
2026-02-19T23:20:29.1732803Z Response headers:
2026-02-19T23:20:29.1732830Z     'Transfer-Encoding': 'chunked'
2026-02-19T23:20:29.1732852Z     'Content-Type': 'application/json; charset=utf-8'
2026-02-19T23:20:29.1732871Z     'Server': 'Microsoft-HTTPAPI/2.0'
2026-02-19T23:20:29.1732891Z     'Strict-Transport-Security': 'REDACTED'
2026-02-19T23:20:29.1732910Z     'X-Content-Type-Options': 'REDACTED'
2026-02-19T23:20:29.1732928Z     'Date': 'Thu, 19 Feb 2026 23:20:28 GMT'
2026-02-19T23:20:29.1737796Z 2026-02-19 23:20:29,173 - azure.monitor.opentelemetry.exporter.export._base - INFO - Transmission succeeded: Item received: 3. Items accepted: 3
2026-02-19T23:20:30.3408052Z 2026-02-19 23:20:30,340 - azure.core.pipeline.policies.http_logging_policy - INFO - Request URL: 'https://westus2-2.in.applicationinsights.azure.com//v2.1/track'
2026-02-19T23:20:30.3408463Z Request method: 'POST'
2026-02-19T23:20:30.3408490Z Request headers:
2026-02-19T23:20:30.3408518Z     'Content-Type': 'application/json'
2026-02-19T23:20:30.3408538Z     'Content-Length': '3719'
2026-02-19T23:20:30.3408554Z     'Accept': 'application/json'
2026-02-19T23:20:30.3408575Z     'x-ms-client-request-id': '94fde5f2-0de9-11f1-a607-7619be1f5af9'
2026-02-19T23:20:30.3408599Z     'User-Agent': 'azsdk-python-azuremonitorclient/unknown Python/3.11.14 (Linux-6.6.119.3-1.azl3-x86_64-with-glibc2.31)'
2026-02-19T23:20:30.3408686Z A body is sent with the request
2026-02-19T23:20:30.4383564Z 2026-02-19 23:20:30,438 - azure.core.pipeline.policies.http_logging_policy - INFO - Response status: 200
2026-02-19T23:20:30.4383871Z Response headers:
2026-02-19T23:20:30.4383900Z     'Transfer-Encoding': 'chunked'
2026-02-19T23:20:30.4383922Z     'Content-Type': 'application/json; charset=utf-8'
2026-02-19T23:20:30.4383942Z     'Server': 'Microsoft-HTTPAPI/2.0'
2026-02-19T23:20:30.4383965Z     'Strict-Transport-Security': 'REDACTED'
2026-02-19T23:20:30.4383986Z     'X-Content-Type-Options': 'REDACTED'
2026-02-19T23:20:30.4384006Z     'Date': 'Thu, 19 Feb 2026 23:20:29 GMT'
2026-02-19T23:20:30.4388417Z 2026-02-19 23:20:30,438 - azure.monitor.opentelemetry.exporter.export._base - INFO - Transmission succeeded: Item received: 3. Items accepted: 3
2026-02-19T23:20:34.1757307Z 2026-02-19 23:20:34,175 - azure.core.pipeline.policies.http_logging_policy - INFO - Request URL: 'https://westus2-2.in.applicationinsights.azure.com//v2.1/track'
2026-02-19T23:20:34.1757652Z Request method: 'POST'
2026-02-19T23:20:34.1757675Z Request headers:
2026-02-19T23:20:34.1757697Z     'Content-Type': 'application/json'
2026-02-19T23:20:34.1757720Z     'Content-Length': '3720'
2026-02-19T23:20:34.1757745Z     'Accept': 'application/json'
2026-02-19T23:20:34.1757772Z     'x-ms-client-request-id': '97471072-0de9-11f1-b7ca-7619be1f5af9'
2026-02-19T23:20:34.1757794Z     'User-Agent': 'azsdk-python-azuremonitorclient/unknown Python/3.11.14 (Linux-6.6.119.3-1.azl3-x86_64-with-glibc2.31)'
2026-02-19T23:20:34.1757814Z A body is sent with the request
2026-02-19T23:20:34.2977222Z 2026-02-19 23:20:34,297 - azure.core.pipeline.policies.http_logging_policy - INFO - Response status: 200
2026-02-19T23:20:34.2977719Z Response headers:
2026-02-19T23:20:34.2977755Z     'Transfer-Encoding': 'chunked'
2026-02-19T23:20:34.2977774Z     'Content-Type': 'application/json; charset=utf-8'
2026-02-19T23:20:34.2977792Z     'Server': 'Microsoft-HTTPAPI/2.0'
2026-02-19T23:20:34.2977810Z     'Strict-Transport-Security': 'REDACTED'
2026-02-19T23:20:34.2977826Z     'X-Content-Type-Options': 'REDACTED'
2026-02-19T23:20:34.2977844Z     'Date': 'Thu, 19 Feb 2026 23:20:34 GMT'
2026-02-19T23:20:34.2982938Z 2026-02-19 23:20:34,297 - azure.monitor.opentelemetry.exporter.export._base - INFO - Transmission succeeded: Item received: 3. Items accepted: 3
2026-02-19T23:20:35.4409296Z 2026-02-19 23:20:35,440 - azure.core.pipeline.policies.http_logging_policy - INFO - Request URL: 'https://westus2-2.in.applicationinsights.azure.com//v2.1/track'
2026-02-19T23:20:35.4409708Z Request method: 'POST'
2026-02-19T23:20:35.4409796Z Request headers:
2026-02-19T23:20:35.4409823Z     'Content-Type': 'application/json'
2026-02-19T23:20:35.4409842Z     'Content-Length': '3720'
2026-02-19T23:20:35.4409859Z     'Accept': 'application/json'
2026-02-19T23:20:35.4409878Z     'x-ms-client-request-id': '98081d62-0de9-11f1-a607-7619be1f5af9'
2026-02-19T23:20:35.4409900Z     'User-Agent': 'azsdk-python-azuremonitorclient/unknown Python/3.11.14 (Linux-6.6.119.3-1.azl3-x86_64-with-glibc2.31)'
2026-02-19T23:20:35.4409916Z A body is sent with the request
2026-02-19T23:20:35.8877460Z 2026-02-19 23:20:35,887 - azure.core.pipeline.policies.http_logging_policy - INFO - Response status: 200
2026-02-19T23:20:35.8877869Z Response headers:
2026-02-19T23:20:35.8877901Z     'Transfer-Encoding': 'chunked'
2026-02-19T23:20:35.8877921Z     'Content-Type': 'application/json; charset=utf-8'
2026-02-19T23:20:35.8877996Z     'Server': 'Microsoft-HTTPAPI/2.0'
2026-02-19T23:20:35.8878015Z     'Strict-Transport-Security': 'REDACTED'
2026-02-19T23:20:35.8878033Z     'X-Content-Type-Options': 'REDACTED'
2026-02-19T23:20:35.8878050Z     'Date': 'Thu, 19 Feb 2026 23:20:35 GMT'
2026-02-19T23:20:35.8883367Z 2026-02-19 23:20:35,888 - azure.monitor.opentelemetry.exporter.export._base - INFO - Transmission succeeded: Item received: 3. Items accepted: 3
2026-02-19T23:20:39.2999939Z 2026-02-19 23:20:39,299 - azure.core.pipeline.policies.http_logging_policy - INFO - Request URL: 'https://westus2-2.in.applicationinsights.azure.com//v2.1/track'
2026-02-19T23:20:39.3000324Z Request method: 'POST'
2026-02-19T23:20:39.3000351Z Request headers:
2026-02-19T23:20:39.3000376Z     'Content-Type': 'application/json'
2026-02-19T23:20:39.3000395Z     'Content-Length': '3719'
2026-02-19T23:20:39.3000477Z     'Accept': 'application/json'
2026-02-19T23:20:39.3000496Z     'x-ms-client-request-id': '9a54f784-0de9-11f1-b7ca-7619be1f5af9'
2026-02-19T23:20:39.3000517Z     'User-Agent': 'azsdk-python-azuremonitorclient/unknown Python/3.11.14 (Linux-6.6.119.3-1.azl3-x86_64-with-glibc2.31)'
2026-02-19T23:20:39.3000535Z A body is sent with the request
2026-02-19T23:20:39.3777058Z 2026-02-19 23:20:39,377 - azure.core.pipeline.policies.http_logging_policy - INFO - Response status: 200
2026-02-19T23:20:39.3777408Z Response headers:
2026-02-19T23:20:39.3777439Z     'Transfer-Encoding': 'chunked'
2026-02-19T23:20:39.3777461Z     'Content-Type': 'application/json; charset=utf-8'
2026-02-19T23:20:39.3777481Z     'Server': 'Microsoft-HTTPAPI/2.0'
2026-02-19T23:20:39.3777506Z     'Strict-Transport-Security': 'REDACTED'
2026-02-19T23:20:39.3777576Z     'X-Content-Type-Options': 'REDACTED'
2026-02-19T23:20:39.3777595Z     'Date': 'Thu, 19 Feb 2026 23:20:39 GMT'
2026-02-19T23:20:39.3784631Z 2026-02-19 23:20:39,377 - azure.monitor.opentelemetry.exporter.export._base - INFO - Transmission succeeded: Item received: 3. Items accepted: 3
2026-02-19T23:20:40.8898888Z 2026-02-19 23:20:40,889 - azure.core.pipeline.policies.http_logging_policy - INFO - Request URL: 'https://westus2-2.in.applicationinsights.azure.com//v2.1/track'
2026-02-19T23:20:40.8899490Z Request method: 'POST'
2026-02-19T23:20:40.8899518Z Request headers:
2026-02-19T23:20:40.8899542Z     'Content-Type': 'application/json'
2026-02-19T23:20:40.8899563Z     'Content-Length': '3720'
2026-02-19T23:20:40.8899590Z     'Accept': 'application/json'
2026-02-19T23:20:40.8899617Z     'x-ms-client-request-id': '9b478f76-0de9-11f1-a607-7619be1f5af9'
2026-02-19T23:20:40.8899704Z     'User-Agent': 'azsdk-python-azuremonitorclient/unknown Python/3.11.14 (Linux-6.6.119.3-1.azl3-x86_64-with-glibc2.31)'
2026-02-19T23:20:40.8899726Z A body is sent with the request
2026-02-19T23:20:40.9547785Z 2026-02-19 23:20:40,954 - azure.core.pipeline.policies.http_logging_policy - INFO - Response status: 200
2026-02-19T23:20:40.9548038Z Response headers:
2026-02-19T23:20:40.9548062Z     'Transfer-Encoding': 'chunked'
2026-02-19T23:20:40.9548085Z     'Content-Type': 'application/json; charset=utf-8'
2026-02-19T23:20:40.9548106Z     'Server': 'Microsoft-HTTPAPI/2.0'
2026-02-19T23:20:40.9548125Z     'Strict-Transport-Security': 'REDACTED'
2026-02-19T23:20:40.9548145Z     'X-Content-Type-Options': 'REDACTED'
2026-02-19T23:20:40.9548163Z     'Date': 'Thu, 19 Feb 2026 23:20:40 GMT'
2026-02-19T23:20:40.9551929Z 2026-02-19 23:20:40,954 - azure.monitor.opentelemetry.exporter.export._base - INFO - Transmission succeeded: Item received: 3. Items accepted: 3
2026-02-19T23:20:44.3798840Z 2026-02-19 23:20:44,379 - azure.core.pipeline.policies.http_logging_policy - INFO - Request URL: 'https://westus2-2.in.applicationinsights.azure.com//v2.1/track'
2026-02-19T23:20:44.3799207Z Request method: 'POST'
2026-02-19T23:20:44.3799235Z Request headers:
2026-02-19T23:20:44.3799258Z     'Content-Type': 'application/json'
2026-02-19T23:20:44.3799279Z     'Content-Length': '3720'
2026-02-19T23:20:44.3799302Z     'Accept': 'application/json'
2026-02-19T23:20:44.3799321Z     'x-ms-client-request-id': '9d5c18c2-0de9-11f1-b7ca-7619be1f5af9'
2026-02-19T23:20:44.3799341Z     'User-Agent': 'azsdk-python-azuremonitorclient/unknown Python/3.11.14 (Linux-6.6.119.3-1.azl3-x86_64-with-glibc2.31)'
2026-02-19T23:20:44.3799360Z A body is sent with the request
2026-02-19T23:20:44.4696578Z 2026-02-19 23:20:44,469 - azure.core.pipeline.policies.http_logging_policy - INFO - Response status: 200
2026-02-19T23:20:44.4697254Z Response headers:
2026-02-19T23:20:44.4697284Z     'Transfer-Encoding': 'chunked'
2026-02-19T23:20:44.4697306Z     'Content-Type': 'application/json; charset=utf-8'
2026-02-19T23:20:44.4697324Z     'Server': 'Microsoft-HTTPAPI/2.0'
2026-02-19T23:20:44.4697347Z     'Strict-Transport-Security': 'REDACTED'
2026-02-19T23:20:44.4697365Z     'X-Content-Type-Options': 'REDACTED'
2026-02-19T23:20:44.4697383Z     'Date': 'Thu, 19 Feb 2026 23:20:44 GMT'
2026-02-19T23:20:44.4703969Z 2026-02-19 23:20:44,469 - azure.monitor.opentelemetry.exporter.export._base - INFO - Transmission succeeded: Item received: 3. Items accepted: 3
2026-02-19T23:20:45.9648198Z 2026-02-19 23:20:45,956 - azure.core.pipeline.policies.http_logging_policy - INFO - Request URL: 'https://westus2-2.in.applicationinsights.azure.com//v2.1/track'
2026-02-19T23:20:45.9648761Z Request method: 'POST'
2026-02-19T23:20:45.9648783Z Request headers:
2026-02-19T23:20:45.9648800Z     'Content-Type': 'application/json'
2026-02-19T23:20:45.9648818Z     'Content-Length': '3719'
2026-02-19T23:20:45.9648835Z     'Accept': 'application/json'
2026-02-19T23:20:45.9648855Z     'x-ms-client-request-id': '9e4cafb2-0de9-11f1-a607-7619be1f5af9'
2026-02-19T23:20:45.9648879Z     'User-Agent': 'azsdk-python-azuremonitorclient/unknown Python/3.11.14 (Linux-6.6.119.3-1.azl3-x86_64-with-glibc2.31)'
2026-02-19T23:20:45.9648895Z A body is sent with the request
2026-02-19T23:20:46.0892840Z 2026-02-19 23:20:46,089 - azure.core.pipeline.policies.http_logging_policy - INFO - Response status: 200
2026-02-19T23:20:46.0893198Z Response headers:
2026-02-19T23:20:46.0893223Z     'Transfer-Encoding': 'chunked'
2026-02-19T23:20:46.0893308Z     'Content-Type': 'application/json; charset=utf-8'
2026-02-19T23:20:46.0893327Z     'Server': 'Microsoft-HTTPAPI/2.0'
2026-02-19T23:20:46.0893347Z     'Strict-Transport-Security': 'REDACTED'
2026-02-19T23:20:46.0893365Z     'X-Content-Type-Options': 'REDACTED'
2026-02-19T23:20:46.0893382Z     'Date': 'Thu, 19 Feb 2026 23:20:45 GMT'
2026-02-19T23:20:46.0898650Z 2026-02-19 23:20:46,089 - azure.monitor.opentelemetry.exporter.export._base - INFO - Transmission succeeded: Item received: 3. Items accepted: 3
2026-02-19T23:20:49.4727194Z 2026-02-19 23:20:49,472 - azure.core.pipeline.policies.http_logging_policy - INFO - Request URL: 'https://westus2-2.in.applicationinsights.azure.com//v2.1/track'
2026-02-19T23:20:49.4728180Z Request method: 'POST'
2026-02-19T23:20:49.4728212Z Request headers:
2026-02-19T23:20:49.4728231Z     'Content-Type': 'application/json'
2026-02-19T23:20:49.4728250Z     'Content-Length': '3719'
2026-02-19T23:20:49.4728268Z     'Accept': 'application/json'
2026-02-19T23:20:49.4728290Z     'x-ms-client-request-id': 'a06529b4-0de9-11f1-b7ca-7619be1f5af9'
2026-02-19T23:20:49.4728316Z     'User-Agent': 'azsdk-python-azuremonitorclient/unknown Python/3.11.14 (Linux-6.6.119.3-1.azl3-x86_64-with-glibc2.31)'
2026-02-19T23:20:49.4728333Z A body is sent with the request
2026-02-19T23:20:49.5639958Z 2026-02-19 23:20:49,563 - azure.core.pipeline.policies.http_logging_policy - INFO - Response status: 200
2026-02-19T23:20:49.5640401Z Response headers:
2026-02-19T23:20:49.5640477Z     'Transfer-Encoding': 'chunked'
2026-02-19T23:20:49.5640498Z     'Content-Type': 'application/json; charset=utf-8'
2026-02-19T23:20:49.5640518Z     'Server': 'Microsoft-HTTPAPI/2.0'
2026-02-19T23:20:49.5640537Z     'Strict-Transport-Security': 'REDACTED'
2026-02-19T23:20:49.5640555Z     'X-Content-Type-Options': 'REDACTED'
2026-02-19T23:20:49.5640572Z     'Date': 'Thu, 19 Feb 2026 23:20:49 GMT'
2026-02-19T23:20:49.5643461Z 2026-02-19 23:20:49,564 - azure.monitor.opentelemetry.exporter.export._base - INFO - Transmission succeeded: Item received: 3. Items accepted: 3
2026-02-19T23:20:51.0913403Z 2026-02-19 23:20:51,091 - azure.core.pipeline.policies.http_logging_policy - INFO - Request URL: 'https://westus2-2.in.applicationinsights.azure.com//v2.1/track'
2026-02-19T23:20:51.0913777Z Request method: 'POST'
2026-02-19T23:20:51.0913802Z Request headers:
2026-02-19T23:20:51.0913886Z     'Content-Type': 'application/json'
2026-02-19T23:20:51.0913904Z     'Content-Length': '3720'
2026-02-19T23:20:51.0913921Z     'Accept': 'application/json'
2026-02-19T23:20:51.0913940Z     'x-ms-client-request-id': 'a15c2d86-0de9-11f1-a607-7619be1f5af9'
2026-02-19T23:20:51.0913961Z     'User-Agent': 'azsdk-python-azuremonitorclient/unknown Python/3.11.14 (Linux-6.6.119.3-1.azl3-x86_64-with-glibc2.31)'
2026-02-19T23:20:51.0913977Z A body is sent with the request
2026-02-19T23:20:51.1678054Z 2026-02-19 23:20:51,167 - azure.core.pipeline.policies.http_logging_policy - INFO - Response status: 200
2026-02-19T23:20:51.1678434Z Response headers:
2026-02-19T23:20:51.1678465Z     'Transfer-Encoding': 'chunked'
2026-02-19T23:20:51.1678484Z     'Content-Type': 'application/json; charset=utf-8'
2026-02-19T23:20:51.1678558Z     'Server': 'Microsoft-HTTPAPI/2.0'
2026-02-19T23:20:51.1678579Z     'Strict-Transport-Security': 'REDACTED'
2026-02-19T23:20:51.1678597Z     'X-Content-Type-Options': 'REDACTED'
2026-02-19T23:20:51.1678615Z     'Date': 'Thu, 19 Feb 2026 23:20:50 GMT'
2026-02-19T23:20:51.1684394Z 2026-02-19 23:20:51,167 - azure.monitor.opentelemetry.exporter.export._base - INFO - Transmission succeeded: Item received: 3. Items accepted: 3
2026-02-19T23:20:54.5665727Z 2026-02-19 23:20:54,566 - azure.core.pipeline.policies.http_logging_policy - INFO - Request URL: 'https://westus2-2.in.applicationinsights.azure.com//v2.1/track'
2026-02-19T23:20:54.5666122Z Request method: 'POST'
2026-02-19T23:20:54.5666153Z Request headers:
2026-02-19T23:20:54.5666174Z     'Content-Type': 'application/json'
2026-02-19T23:20:54.5666194Z     'Content-Length': '3720'
2026-02-19T23:20:54.5666270Z     'Accept': 'application/json'
2026-02-19T23:20:54.5666290Z     'x-ms-client-request-id': 'a36e7110-0de9-11f1-b7ca-7619be1f5af9'
2026-02-19T23:20:54.5666313Z     'User-Agent': 'azsdk-python-azuremonitorclient/unknown Python/3.11.14 (Linux-6.6.119.3-1.azl3-x86_64-with-glibc2.31)'
2026-02-19T23:20:54.5666331Z A body is sent with the request
2026-02-19T23:20:54.6605549Z 2026-02-19 23:20:54,660 - azure.core.pipeline.policies.http_logging_policy - INFO - Response status: 200
2026-02-19T23:20:54.6606083Z Response headers:
2026-02-19T23:20:54.6606112Z     'Transfer-Encoding': 'chunked'
2026-02-19T23:20:54.6606133Z     'Content-Type': 'application/json; charset=utf-8'
2026-02-19T23:20:54.6606154Z     'Server': 'Microsoft-HTTPAPI/2.0'
2026-02-19T23:20:54.6606173Z     'Strict-Transport-Security': 'REDACTED'
2026-02-19T23:20:54.6606196Z     'X-Content-Type-Options': 'REDACTED'
2026-02-19T23:20:54.6606275Z     'Date': 'Thu, 19 Feb 2026 23:20:54 GMT'
2026-02-19T23:20:54.6609803Z 2026-02-19 23:20:54,660 - azure.monitor.opentelemetry.exporter.export._base - INFO - Transmission succeeded: Item received: 3. Items accepted: 3
2026-02-19T23:20:56.1697769Z 2026-02-19 23:20:56,169 - azure.core.pipeline.policies.http_logging_policy - INFO - Request URL: 'https://westus2-2.in.applicationinsights.azure.com//v2.1/track'
2026-02-19T23:20:56.1698181Z Request method: 'POST'
2026-02-19T23:20:56.1698206Z Request headers:
2026-02-19T23:20:56.1698226Z     'Content-Type': 'application/json'
2026-02-19T23:20:56.1698244Z     'Content-Length': '3717'
2026-02-19T23:20:56.1698262Z     'Accept': 'application/json'
2026-02-19T23:20:56.1698283Z     'x-ms-client-request-id': 'a463179c-0de9-11f1-a607-7619be1f5af9'
2026-02-19T23:20:56.1698373Z     'User-Agent': 'azsdk-python-azuremonitorclient/unknown Python/3.11.14 (Linux-6.6.119.3-1.azl3-x86_64-with-glibc2.31)'
2026-02-19T23:20:56.1698394Z A body is sent with the request
2026-02-19T23:20:56.2672959Z 2026-02-19 23:20:56,267 - azure.core.pipeline.policies.http_logging_policy - INFO - Response status: 200
2026-02-19T23:20:56.2673349Z Response headers:
2026-02-19T23:20:56.2673377Z     'Transfer-Encoding': 'chunked'
2026-02-19T23:20:56.2673395Z     'Content-Type': 'application/json; charset=utf-8'
2026-02-19T23:20:56.2673413Z     'Server': 'Microsoft-HTTPAPI/2.0'
2026-02-19T23:20:56.2673436Z     'Strict-Transport-Security': 'REDACTED'
2026-02-19T23:20:56.2673457Z     'X-Content-Type-Options': 'REDACTED'
2026-02-19T23:20:56.2673473Z     'Date': 'Thu, 19 Feb 2026 23:20:55 GMT'
2026-02-19T23:20:56.2673490Z     'Connection': 'close'
2026-02-19T23:20:56.2689208Z 2026-02-19 23:20:56,268 - azure.monitor.opentelemetry.exporter.export._base - INFO - Transmission succeeded: Item received: 3. Items accepted: 3
2026-02-19T23:20:59.6631298Z 2026-02-19 23:20:59,662 - azure.core.pipeline.policies.http_logging_policy - INFO - Request URL: 'https://westus2-2.in.applicationinsights.azure.com//v2.1/track'
2026-02-19T23:20:59.6631700Z Request method: 'POST'
2026-02-19T23:20:59.6631731Z Request headers:
2026-02-19T23:20:59.6631756Z     'Content-Type': 'application/json'
2026-02-19T23:20:59.6631779Z     'Content-Length': '3720'
2026-02-19T23:20:59.6631802Z     'Accept': 'application/json'
2026-02-19T23:20:59.6631823Z     'x-ms-client-request-id': 'a678223e-0de9-11f1-b7ca-7619be1f5af9'
2026-02-19T23:20:59.6631844Z     'User-Agent': 'azsdk-python-azuremonitorclient/unknown Python/3.11.14 (Linux-6.6.119.3-1.azl3-x86_64-with-glibc2.31)'
2026-02-19T23:20:59.6631865Z A body is sent with the request
2026-02-19T23:20:59.8394526Z 2026-02-19 23:20:59,839 - azure.core.pipeline.policies.http_logging_policy - INFO - Response status: 200
2026-02-19T23:20:59.8394917Z Response headers:
2026-02-19T23:20:59.8394947Z     'Transfer-Encoding': 'chunked'
2026-02-19T23:20:59.8394973Z     'Content-Type': 'application/json; charset=utf-8'
2026-02-19T23:20:59.8394992Z     'Server': 'Microsoft-HTTPAPI/2.0'
2026-02-19T23:20:59.8395009Z     'Strict-Transport-Security': 'REDACTED'
2026-02-19T23:20:59.8395027Z     'X-Content-Type-Options': 'REDACTED'
2026-02-19T23:20:59.8395045Z     'Date': 'Thu, 19 Feb 2026 23:20:59 GMT'
2026-02-19T23:20:59.8401452Z 2026-02-19 23:20:59,839 - azure.monitor.opentelemetry.exporter.export._base - INFO - Transmission succeeded: Item received: 3. Items accepted: 3
2026-02-19T23:21:01.2705616Z 2026-02-19 23:21:01,270 - azure.core.pipeline.policies.http_logging_policy - INFO - Request URL: 'https://westus2-2.in.applicationinsights.azure.com//v2.1/track'
2026-02-19T23:21:01.2706033Z Request method: 'POST'
2026-02-19T23:21:01.2706061Z Request headers:
2026-02-19T23:21:01.2706082Z     'Content-Type': 'application/json'
2026-02-19T23:21:01.2706102Z     'Content-Length': '3747'
2026-02-19T23:21:01.2706120Z     'Accept': 'application/json'
2026-02-19T23:21:01.2706140Z     'x-ms-client-request-id': 'a76d6492-0de9-11f1-a607-7619be1f5af9'
2026-02-19T23:21:01.2706162Z     'User-Agent': 'azsdk-python-azuremonitorclient/unknown Python/3.11.14 (Linux-6.6.119.3-1.azl3-x86_64-with-glibc2.31)'
2026-02-19T23:21:01.2706181Z A body is sent with the request
2026-02-19T23:21:01.4399970Z 2026-02-19 23:21:01,439 - azure.core.pipeline.policies.http_logging_policy - INFO - Response status: 200
2026-02-19T23:21:01.4400378Z Response headers:
2026-02-19T23:21:01.4400457Z     'Transfer-Encoding': 'chunked'
2026-02-19T23:21:01.4400477Z     'Content-Type': 'application/json; charset=utf-8'
2026-02-19T23:21:01.4400494Z     'Server': 'Microsoft-HTTPAPI/2.0'
2026-02-19T23:21:01.4400516Z     'Strict-Transport-Security': 'REDACTED'
2026-02-19T23:21:01.4400534Z     'X-Content-Type-Options': 'REDACTED'
2026-02-19T23:21:01.4400551Z     'Date': 'Thu, 19 Feb 2026 23:21:00 GMT'
2026-02-19T23:21:01.4407861Z 2026-02-19 23:21:01,440 - azure.monitor.opentelemetry.exporter.export._base - INFO - Transmission succeeded: Item received: 3. Items accepted: 3
2026-02-19T23:21:04.8415890Z 2026-02-19 23:21:04,841 - azure.core.pipeline.policies.http_logging_policy - INFO - Request URL: 'https://westus2-2.in.applicationinsights.azure.com//v2.1/track'
2026-02-19T23:21:04.8416236Z Request method: 'POST'
2026-02-19T23:21:04.8416262Z Request headers:
2026-02-19T23:21:04.8416340Z     'Content-Type': 'application/json'
2026-02-19T23:21:04.8416359Z     'Content-Length': '3720'
2026-02-19T23:21:04.8416377Z     'Accept': 'application/json'
2026-02-19T23:21:04.8416399Z     'x-ms-client-request-id': 'a98e4e3a-0de9-11f1-b7ca-7619be1f5af9'
2026-02-19T23:21:04.8416425Z     'User-Agent': 'azsdk-python-azuremonitorclient/unknown Python/3.11.14 (Linux-6.6.119.3-1.azl3-x86_64-with-glibc2.31)'
2026-02-19T23:21:04.8416446Z A body is sent with the request
2026-02-19T23:21:04.9310153Z 2026-02-19 23:21:04,930 - azure.core.pipeline.policies.http_logging_policy - INFO - Response status: 200
2026-02-19T23:21:04.9310835Z Response headers:
2026-02-19T23:21:04.9311947Z     'Transfer-Encoding': 'chunked'
2026-02-19T23:21:04.9311991Z     'Content-Type': 'application/json; charset=utf-8'
2026-02-19T23:21:04.9312071Z     'Server': 'Microsoft-HTTPAPI/2.0'
2026-02-19T23:21:04.9312090Z     'Strict-Transport-Security': 'REDACTED'
2026-02-19T23:21:04.9312108Z     'X-Content-Type-Options': 'REDACTED'
2026-02-19T23:21:04.9312128Z     'Date': 'Thu, 19 Feb 2026 23:21:04 GMT'
2026-02-19T23:21:04.9316197Z 2026-02-19 23:21:04,931 - azure.monitor.opentelemetry.exporter.export._base - INFO - Transmission succeeded: Item received: 3. Items accepted: 3
2026-02-19T23:21:06.4420782Z 2026-02-19 23:21:06,441 - azure.core.pipeline.policies.http_logging_policy - INFO - Request URL: 'https://westus2-2.in.applicationinsights.azure.com//v2.1/track'
2026-02-19T23:21:06.4421172Z Request method: 'POST'
2026-02-19T23:21:06.4421201Z Request headers:
2026-02-19T23:21:06.4421225Z     'Content-Type': 'application/json'
2026-02-19T23:21:06.4421243Z     'Content-Length': '3720'
2026-02-19T23:21:06.4421321Z     'Accept': 'application/json'
2026-02-19T23:21:06.4421343Z     'x-ms-client-request-id': 'aa8283c4-0de9-11f1-a607-7619be1f5af9'
2026-02-19T23:21:06.4421367Z     'User-Agent': 'azsdk-python-azuremonitorclient/unknown Python/3.11.14 (Linux-6.6.119.3-1.azl3-x86_64-with-glibc2.31)'
2026-02-19T23:21:06.4421385Z A body is sent with the request
2026-02-19T23:21:06.5768495Z 2026-02-19 23:21:06,576 - azure.core.pipeline.policies.http_logging_policy - INFO - Response status: 200
2026-02-19T23:21:06.5768874Z Response headers:
2026-02-19T23:21:06.5768904Z     'Transfer-Encoding': 'chunked'
2026-02-19T23:21:06.5768928Z     'Content-Type': 'application/json; charset=utf-8'
2026-02-19T23:21:06.5768953Z     'Server': 'Microsoft-HTTPAPI/2.0'
2026-02-19T23:21:06.5768972Z     'Strict-Transport-Security': 'REDACTED'
2026-02-19T23:21:06.5768991Z     'X-Content-Type-Options': 'REDACTED'
2026-02-19T23:21:06.5769067Z     'Date': 'Thu, 19 Feb 2026 23:21:05 GMT'
2026-02-19T23:21:06.5774238Z 2026-02-19 23:21:06,577 - azure.monitor.opentelemetry.exporter.export._base - INFO - Transmission succeeded: Item received: 3. Items accepted: 3
2026-02-19T23:21:09.9332751Z 2026-02-19 23:21:09,933 - azure.core.pipeline.policies.http_logging_policy - INFO - Request URL: 'https://westus2-2.in.applicationinsights.azure.com//v2.1/track'
2026-02-19T23:21:09.9333130Z Request method: 'POST'
2026-02-19T23:21:09.9333153Z Request headers:
2026-02-19T23:21:09.9333172Z     'Content-Type': 'application/json'
2026-02-19T23:21:09.9333194Z     'Content-Length': '3720'
2026-02-19T23:21:09.9333216Z     'Accept': 'application/json'
2026-02-19T23:21:09.9333238Z     'x-ms-client-request-id': 'ac973b96-0de9-11f1-b7ca-7619be1f5af9'
2026-02-19T23:21:09.9333318Z     'User-Agent': 'azsdk-python-azuremonitorclient/unknown Python/3.11.14 (Linux-6.6.119.3-1.azl3-x86_64-with-glibc2.31)'
2026-02-19T23:21:09.9333340Z A body is sent with the request
2026-02-19T23:21:10.0008030Z 2026-02-19 23:21:10,000 - azure.core.pipeline.policies.http_logging_policy - INFO - Response status: 200
2026-02-19T23:21:10.0008383Z Response headers:
2026-02-19T23:21:10.0008409Z     'Transfer-Encoding': 'chunked'
2026-02-19T23:21:10.0008437Z     'Content-Type': 'application/json; charset=utf-8'
2026-02-19T23:21:10.0008457Z     'Server': 'Microsoft-HTTPAPI/2.0'
2026-02-19T23:21:10.0008476Z     'Strict-Transport-Security': 'REDACTED'
2026-02-19T23:21:10.0008495Z     'X-Content-Type-Options': 'REDACTED'
2026-02-19T23:21:10.0008514Z     'Date': 'Thu, 19 Feb 2026 23:21:09 GMT'
2026-02-19T23:21:10.0012733Z 2026-02-19 23:21:10,001 - azure.monitor.opentelemetry.exporter.export._base - INFO - Transmission succeeded: Item received: 3. Items accepted: 3
2026-02-19T23:21:11.5788980Z 2026-02-19 23:21:11,578 - azure.core.pipeline.policies.http_logging_policy - INFO - Request URL: 'https://westus2-2.in.applicationinsights.azure.com//v2.1/track'
2026-02-19T23:21:11.5789670Z Request method: 'POST'
2026-02-19T23:21:11.5789706Z Request headers:
2026-02-19T23:21:11.5789728Z     'Content-Type': 'application/json'
2026-02-19T23:21:11.5789748Z     'Content-Length': '3720'
2026-02-19T23:21:11.5789765Z     'Accept': 'application/json'
2026-02-19T23:21:11.5789786Z     'x-ms-client-request-id': 'ad92553a-0de9-11f1-a607-7619be1f5af9'
2026-02-19T23:21:11.5789809Z     'User-Agent': 'azsdk-python-azuremonitorclient/unknown Python/3.11.14 (Linux-6.6.119.3-1.azl3-x86_64-with-glibc2.31)'
2026-02-19T23:21:11.5789829Z A body is sent with the request
2026-02-19T23:21:11.6558285Z 2026-02-19 23:21:11,655 - azure.core.pipeline.policies.http_logging_policy - INFO - Response status: 200
2026-02-19T23:21:11.6558642Z Response headers:
2026-02-19T23:21:11.6558666Z     'Transfer-Encoding': 'chunked'
2026-02-19T23:21:11.6558684Z     'Content-Type': 'application/json; charset=utf-8'
2026-02-19T23:21:11.6558703Z     'Server': 'Microsoft-HTTPAPI/2.0'
2026-02-19T23:21:11.6558722Z     'Strict-Transport-Security': 'REDACTED'
2026-02-19T23:21:11.6558739Z     'X-Content-Type-Options': 'REDACTED'
2026-02-19T23:21:11.6558756Z     'Date': 'Thu, 19 Feb 2026 23:21:10 GMT'
2026-02-19T23:21:11.6567275Z 2026-02-19 23:21:11,656 - azure.monitor.opentelemetry.exporter.export._base - INFO - Transmission succeeded: Item received: 3. Items accepted: 3
2026-02-19T23:21:15.0028527Z 2026-02-19 23:21:15,002 - azure.core.pipeline.policies.http_logging_policy - INFO - Request URL: 'https://westus2-2.in.applicationinsights.azure.com//v2.1/track'
2026-02-19T23:21:15.0029342Z Request method: 'POST'
2026-02-19T23:21:15.0029373Z Request headers:
2026-02-19T23:21:15.0029398Z     'Content-Type': 'application/json'
2026-02-19T23:21:15.0029418Z     'Content-Length': '3720'
2026-02-19T23:21:15.0029436Z     'Accept': 'application/json'
2026-02-19T23:21:15.0029458Z     'x-ms-client-request-id': 'af9cc842-0de9-11f1-b7ca-7619be1f5af9'
2026-02-19T23:21:15.0029482Z     'User-Agent': 'azsdk-python-azuremonitorclient/unknown Python/3.11.14 (Linux-6.6.119.3-1.azl3-x86_64-with-glibc2.31)'
2026-02-19T23:21:15.0029503Z A body is sent with the request
2026-02-19T23:21:15.0789477Z 2026-02-19 23:21:15,078 - azure.core.pipeline.policies.http_logging_policy - INFO - Response status: 200
2026-02-19T23:21:15.0789870Z Response headers:
2026-02-19T23:21:15.0789897Z     'Transfer-Encoding': 'chunked'
2026-02-19T23:21:15.0789983Z     'Content-Type': 'application/json; charset=utf-8'
2026-02-19T23:21:15.0790002Z     'Server': 'Microsoft-HTTPAPI/2.0'
2026-02-19T23:21:15.0790021Z     'Strict-Transport-Security': 'REDACTED'
2026-02-19T23:21:15.0790038Z     'X-Content-Type-Options': 'REDACTED'
2026-02-19T23:21:15.0790059Z     'Date': 'Thu, 19 Feb 2026 23:21:14 GMT'
2026-02-19T23:21:15.0795636Z 2026-02-19 23:21:15,079 - azure.monitor.opentelemetry.exporter.export._base - INFO - Transmission succeeded: Item received: 3. Items accepted: 3
2026-02-19T23:21:16.6581801Z 2026-02-19 23:21:16,657 - azure.core.pipeline.policies.http_logging_policy - INFO - Request URL: 'https://westus2-2.in.applicationinsights.azure.com//v2.1/track'
2026-02-19T23:21:16.6582905Z Request method: 'POST'
2026-02-19T23:21:16.6582938Z Request headers:
2026-02-19T23:21:16.6582959Z     'Content-Type': 'application/json'
2026-02-19T23:21:16.6583050Z     'Content-Length': '3719'
2026-02-19T23:21:16.6583069Z     'Accept': 'application/json'
2026-02-19T23:21:16.6583089Z     'x-ms-client-request-id': 'b0995ed6-0de9-11f1-a607-7619be1f5af9'
2026-02-19T23:21:16.6583111Z     'User-Agent': 'azsdk-python-azuremonitorclient/unknown Python/3.11.14 (Linux-6.6.119.3-1.azl3-x86_64-with-glibc2.31)'
2026-02-19T23:21:16.6583127Z A body is sent with the request
2026-02-19T23:21:16.7851770Z 2026-02-19 23:21:16,784 - azure.core.pipeline.policies.http_logging_policy - INFO - Response status: 200
2026-02-19T23:21:16.7852146Z Response headers:
2026-02-19T23:21:16.7852177Z     'Transfer-Encoding': 'chunked'
2026-02-19T23:21:16.7852205Z     'Content-Type': 'application/json; charset=utf-8'
2026-02-19T23:21:16.7852230Z     'Server': 'Microsoft-HTTPAPI/2.0'
2026-02-19T23:21:16.7852291Z     'Strict-Transport-Security': 'REDACTED'
2026-02-19T23:21:16.7852309Z     'X-Content-Type-Options': 'REDACTED'
2026-02-19T23:21:16.7852326Z     'Date': 'Thu, 19 Feb 2026 23:21:15 GMT'
2026-02-19T23:21:16.7857540Z 2026-02-19 23:21:16,785 - azure.monitor.opentelemetry.exporter.export._base - INFO - Transmission succeeded: Item received: 3. Items accepted: 3
2026-02-19T23:21:20.0810194Z 2026-02-19 23:21:20,080 - azure.core.pipeline.policies.http_logging_policy - INFO - Request URL: 'https://westus2-2.in.applicationinsights.azure.com//v2.1/track'
2026-02-19T23:21:20.0810677Z Request method: 'POST'
2026-02-19T23:21:20.0810704Z Request headers:
2026-02-19T23:21:20.0810726Z     'Content-Type': 'application/json'
2026-02-19T23:21:20.0810750Z     'Content-Length': '3720'
2026-02-19T23:21:20.0810768Z     'Accept': 'application/json'
2026-02-19T23:21:20.0810851Z     'x-ms-client-request-id': 'b2a3a5ce-0de9-11f1-b7ca-7619be1f5af9'
2026-02-19T23:21:20.0810876Z     'User-Agent': 'azsdk-python-azuremonitorclient/unknown Python/3.11.14 (Linux-6.6.119.3-1.azl3-x86_64-with-glibc2.31)'
2026-02-19T23:21:20.0810893Z A body is sent with the request
2026-02-19T23:21:20.2212840Z 2026-02-19 23:21:20,220 - azure.core.pipeline.policies.http_logging_policy - INFO - Response status: 200
2026-02-19T23:21:20.2213260Z Response headers:
2026-02-19T23:21:20.2213290Z     'Transfer-Encoding': 'chunked'
2026-02-19T23:21:20.2213310Z     'Content-Type': 'application/json; charset=utf-8'
2026-02-19T23:21:20.2213329Z     'Server': 'Microsoft-HTTPAPI/2.0'
2026-02-19T23:21:20.2213347Z     'Strict-Transport-Security': 'REDACTED'
2026-02-19T23:21:20.2213364Z     'X-Content-Type-Options': 'REDACTED'
2026-02-19T23:21:20.2213388Z     'Date': 'Thu, 19 Feb 2026 23:21:19 GMT'
2026-02-19T23:21:20.2218866Z 2026-02-19 23:21:20,221 - azure.monitor.opentelemetry.exporter.export._base - INFO - Transmission succeeded: Item received: 3. Items accepted: 3
2026-02-19T23:21:21.7875024Z 2026-02-19 23:21:21,787 - azure.core.pipeline.policies.http_logging_policy - INFO - Request URL: 'https://westus2-2.in.applicationinsights.azure.com//v2.1/track'
2026-02-19T23:21:21.7876018Z Request method: 'POST'
2026-02-19T23:21:21.7876063Z Request headers:
2026-02-19T23:21:21.7876083Z     'Content-Type': 'application/json'
2026-02-19T23:21:21.7876102Z     'Content-Length': '3720'
2026-02-19T23:21:21.7876119Z     'Accept': 'application/json'
2026-02-19T23:21:21.7876140Z     'x-ms-client-request-id': 'b3a80726-0de9-11f1-a607-7619be1f5af9'
2026-02-19T23:21:21.7876167Z     'User-Agent': 'azsdk-python-azuremonitorclient/unknown Python/3.11.14 (Linux-6.6.119.3-1.azl3-x86_64-with-glibc2.31)'
2026-02-19T23:21:21.7876188Z A body is sent with the request
2026-02-19T23:21:21.9010476Z 2026-02-19 23:21:21,900 - azure.core.pipeline.policies.http_logging_policy - INFO - Response status: 200
2026-02-19T23:21:21.9010878Z Response headers:
2026-02-19T23:21:21.9010904Z     'Transfer-Encoding': 'chunked'
2026-02-19T23:21:21.9010926Z     'Content-Type': 'application/json; charset=utf-8'
2026-02-19T23:21:21.9010944Z     'Server': 'Microsoft-HTTPAPI/2.0'
2026-02-19T23:21:21.9010965Z     'Strict-Transport-Security': 'REDACTED'
2026-02-19T23:21:21.9010983Z     'X-Content-Type-Options': 'REDACTED'
2026-02-19T23:21:21.9010999Z     'Date': 'Thu, 19 Feb 2026 23:21:20 GMT'
2026-02-19T23:21:21.9016903Z 2026-02-19 23:21:21,901 - azure.monitor.opentelemetry.exporter.export._base - INFO - Transmission succeeded: Item received: 3. Items accepted: 3
2026-02-19T23:21:25.2232944Z 2026-02-19 23:21:25,223 - azure.core.pipeline.policies.http_logging_policy - INFO - Request URL: 'https://westus2-2.in.applicationinsights.azure.com//v2.1/track'
2026-02-19T23:21:25.2233297Z Request method: 'POST'
2026-02-19T23:21:25.2233324Z Request headers:
2026-02-19T23:21:25.2233356Z     'Content-Type': 'application/json'
2026-02-19T23:21:25.2233377Z     'Content-Length': '3719'
2026-02-19T23:21:25.2233395Z     'Accept': 'application/json'
2026-02-19T23:21:25.2233415Z     'x-ms-client-request-id': 'b5b44e8a-0de9-11f1-b7ca-7619be1f5af9'
2026-02-19T23:21:25.2233439Z     'User-Agent': 'azsdk-python-azuremonitorclient/unknown Python/3.11.14 (Linux-6.6.119.3-1.azl3-x86_64-with-glibc2.31)'
2026-02-19T23:21:25.2233462Z A body is sent with the request
2026-02-19T23:21:25.3443190Z 2026-02-19 23:21:25,344 - azure.core.pipeline.policies.http_logging_policy - INFO - Response status: 200
2026-02-19T23:21:25.3443645Z Response headers:
2026-02-19T23:21:25.3443681Z     'Transfer-Encoding': 'chunked'
2026-02-19T23:21:25.3443703Z     'Content-Type': 'application/json; charset=utf-8'
2026-02-19T23:21:25.3443721Z     'Server': 'Microsoft-HTTPAPI/2.0'
2026-02-19T23:21:25.3443738Z     'Strict-Transport-Security': 'REDACTED'
2026-02-19T23:21:25.3443755Z     'X-Content-Type-Options': 'REDACTED'
2026-02-19T23:21:25.3443772Z     'Date': 'Thu, 19 Feb 2026 23:21:24 GMT'
2026-02-19T23:21:25.3448071Z 2026-02-19 23:21:25,344 - azure.monitor.opentelemetry.exporter.export._base - INFO - Transmission succeeded: Item received: 3. Items accepted: 3
2026-02-19T23:21:26.9031699Z 2026-02-19 23:21:26,902 - azure.core.pipeline.policies.http_logging_policy - INFO - Request URL: 'https://westus2-2.in.applicationinsights.azure.com//v2.1/track'
2026-02-19T23:21:26.9032065Z Request method: 'POST'
2026-02-19T23:21:26.9032089Z Request headers:
2026-02-19T23:21:26.9032110Z     'Content-Type': 'application/json'
2026-02-19T23:21:26.9032133Z     'Content-Length': '3718'
2026-02-19T23:21:26.9032157Z     'Accept': 'application/json'
2026-02-19T23:21:26.9032185Z     'x-ms-client-request-id': 'b6b4a2f8-0de9-11f1-a607-7619be1f5af9'
2026-02-19T23:21:26.9032209Z     'User-Agent': 'azsdk-python-azuremonitorclient/unknown Python/3.11.14 (Linux-6.6.119.3-1.azl3-x86_64-with-glibc2.31)'
2026-02-19T23:21:26.9032293Z A body is sent with the request
2026-02-19T23:21:26.9843445Z 2026-02-19 23:21:26,984 - azure.core.pipeline.policies.http_logging_policy - INFO - Response status: 200
2026-02-19T23:21:26.9843840Z Response headers:
2026-02-19T23:21:26.9843868Z     'Transfer-Encoding': 'chunked'
2026-02-19T23:21:26.9843886Z     'Content-Type': 'application/json; charset=utf-8'
2026-02-19T23:21:26.9843905Z     'Server': 'Microsoft-HTTPAPI/2.0'
2026-02-19T23:21:26.9843923Z     'Strict-Transport-Security': 'REDACTED'
2026-02-19T23:21:26.9843944Z     'X-Content-Type-Options': 'REDACTED'
2026-02-19T23:21:26.9843965Z     'Date': 'Thu, 19 Feb 2026 23:21:25 GMT'
2026-02-19T23:21:26.9852091Z 2026-02-19 23:21:26,984 - azure.monitor.opentelemetry.exporter.export._base - INFO - Transmission succeeded: Item received: 3. Items accepted: 3
2026-02-19T23:21:30.3474474Z 2026-02-19 23:21:30,347 - azure.core.pipeline.policies.http_logging_policy - INFO - Request URL: 'https://westus2-2.in.applicationinsights.azure.com//v2.1/track'
2026-02-19T23:21:30.3474836Z Request method: 'POST'
2026-02-19T23:21:30.3480321Z Request headers:
2026-02-19T23:21:30.3480380Z     'Content-Type': 'application/json'
2026-02-19T23:21:30.3480407Z     'Content-Length': '3720'
2026-02-19T23:21:30.3480429Z     'Accept': 'application/json'
2026-02-19T23:21:30.3480453Z     'x-ms-client-request-id': 'b8c22d68-0de9-11f1-b7ca-7619be1f5af9'
2026-02-19T23:21:30.3480486Z     'User-Agent': 'azsdk-python-azuremonitorclient/unknown Python/3.11.14 (Linux-6.6.119.3-1.azl3-x86_64-with-glibc2.31)'
2026-02-19T23:21:30.3480509Z A body is sent with the request
2026-02-19T23:21:30.4078980Z 2026-02-19 23:21:30,407 - azure.core.pipeline.policies.http_logging_policy - INFO - Response status: 200
2026-02-19T23:21:30.4079421Z Response headers:
2026-02-19T23:21:30.4079444Z     'Transfer-Encoding': 'chunked'
2026-02-19T23:21:30.4079462Z     'Content-Type': 'application/json; charset=utf-8'
2026-02-19T23:21:30.4079479Z     'Server': 'Microsoft-HTTPAPI/2.0'
2026-02-19T23:21:30.4079496Z     'Strict-Transport-Security': 'REDACTED'
2026-02-19T23:21:30.4079514Z     'X-Content-Type-Options': 'REDACTED'
2026-02-19T23:21:30.4079534Z     'Date': 'Thu, 19 Feb 2026 23:21:29 GMT'
2026-02-19T23:21:30.4083795Z 2026-02-19 23:21:30,408 - azure.monitor.opentelemetry.exporter.export._base - INFO - Transmission succeeded: Item received: 3. Items accepted: 3
2026-02-19T23:21:31.9869030Z 2026-02-19 23:21:31,986 - azure.core.pipeline.policies.http_logging_policy - INFO - Request URL: 'https://westus2-2.in.applicationinsights.azure.com//v2.1/track'
2026-02-19T23:21:31.9869656Z Request method: 'POST'
2026-02-19T23:21:31.9869746Z Request headers:
2026-02-19T23:21:31.9869764Z     'Content-Type': 'application/json'
2026-02-19T23:21:31.9869780Z     'Content-Length': '3720'
2026-02-19T23:21:31.9869796Z     'Accept': 'application/json'
2026-02-19T23:21:31.9869814Z     'x-ms-client-request-id': 'b9bc58ba-0de9-11f1-a607-7619be1f5af9'
2026-02-19T23:21:31.9869834Z     'User-Agent': 'azsdk-python-azuremonitorclient/unknown Python/3.11.14 (Linux-6.6.119.3-1.azl3-x86_64-with-glibc2.31)'
2026-02-19T23:21:31.9869850Z A body is sent with the request
2026-02-19T23:21:32.1322720Z 2026-02-19 23:21:32,131 - azure.core.pipeline.policies.http_logging_policy - INFO - Response status: 200
2026-02-19T23:21:32.1323368Z Response headers:
2026-02-19T23:21:32.1323404Z     'Transfer-Encoding': 'chunked'
2026-02-19T23:21:32.1323500Z     'Content-Type': 'application/json; charset=utf-8'
2026-02-19T23:21:32.1323521Z     'Server': 'Microsoft-HTTPAPI/2.0'
2026-02-19T23:21:32.1323538Z     'Strict-Transport-Security': 'REDACTED'
2026-02-19T23:21:32.1323555Z     'X-Content-Type-Options': 'REDACTED'
2026-02-19T23:21:32.1323571Z     'Date': 'Thu, 19 Feb 2026 23:21:31 GMT'
2026-02-19T23:21:32.1323594Z 2026-02-19 23:21:32,131 - azure.monitor.opentelemetry.exporter.export._base - INFO - Transmission succeeded: Item received: 3. Items accepted: 3
